{
  "ticker": "NTPC.NS",
  "trained_until": "2026-02-09",
  "features": [
    "Close",
    "RSI",
    "MA50"
  ],
  "window": 30,
  "mode": "FULL",
  "X_mean": [
    184.09569577472965,
    57.748254609033935,
    175.42456476165026
  ],
  "X_std": [
    85.08942338984389,
    15.803872566711245,
    78.9021672136206
  ],
  "y_mean": [
    0.013948621607937367,
    0.058763973090194134,
    0.17097111827534814,
    0.683250385368574
  ],
  "y_std": [
    0.04298247311435628,
    0.08716800749815773,
    0.13992756720117483,
    0.4941867749010685
  ],
  "horizons": [
    7,
    30,
    90,
    365
  ]
}