{
  "ticker": "NTPC.NS",
  "mode": "FULL",
  "features": [
    "Close",
    "RSI",
    "MA50"
  ],
  "window": 30,
  "X_mean": [
    117.85369535630538,
    53.73888159825056,
    114.82353595391005
  ],
  "X_std": [
    41.87266797787491,
    17.12283337480934,
    37.96158799591827
  ],
  "y_mean": [
    0.007235171325754162,
    0.03192152119227603,
    0.1027185267602851,
    0.614112973363339
  ],
  "y_std": [
    0.0495918346168917,
    0.10233988339084603,
    0.17246872434844093,
    0.4845748815964625
  ],
  "horizons": [
    7,
    30,
    90,
    365
  ],
  "trained_until": "2023-12-05"
}