{
  "ticker": "EICHERMOT.NS",
  "trained_until": "2026-02-09",
  "features": [
    "Close",
    "RSI",
    "MA50"
  ],
  "window": 30,
  "mode": "FULL",
  "X_mean": [
    3196.4808805140055,
    53.27171763261365,
    3127.211085627858
  ],
  "X_std": [
    678.9320710462533,
    17.015570432816617,
    618.5031681029066
  ],
  "y_mean": [
    0.00739477374990879,
    0.02902109737759294,
    0.0819215788874137,
    0.4142533944309527
  ],
  "y_std": [
    0.04592030647331532,
    0.08804370084954824,
    0.13850169451740396,
    0.16696616670644857
  ],
  "horizons": [
    7,
    30,
    90,
    365
  ]
}