{
  "ticker": "EICHERMOT.NS",
  "mode": "FULL",
  "features": [
    "Close",
    "RSI",
    "MA50"
  ],
  "window": 30,
  "X_mean": [
    2494.381574358259,
    51.70785292978419,
    2459.9501136308577
  ],
  "X_std": [
    618.5207784977906,
    17.249220472262767,
    586.2325218390002
  ],
  "y_mean": [
    0.005401992797714973,
    0.02412679807032704,
    0.07436957721889384,
    0.3634035599327473
  ],
  "y_std": [
    0.05609899867941957,
    0.11758053840638176,
    0.19686155212096582,
    0.22248462459115215
  ],
  "horizons": [
    7,
    30,
    90,
    365
  ],
  "trained_until": "2023-12-05"
}