{
  "ticker": "AXISBANK.NS",
  "mode": "FULL",
  "features": [
    "Close",
    "RSI",
    "MA50"
  ],
  "window": 30,
  "X_mean": [
    730.4216091655278,
    52.6154329979085,
    723.7245380855197
  ],
  "X_std": [
    158.32406771448123,
    16.963357619622656,
    146.38080617239206
  ],
  "y_mean": [
    0.004510395225823083,
    0.018148128379179288,
    0.05145246889576213,
    0.2502807428836839
  ],
  "y_std": [
    0.06214408056156758,
    0.11970401546839687,
    0.21395967319094272,
    0.30360307559602684
  ],
  "horizons": [
    7,
    30,
    90,
    365
  ],
  "trained_until": "2023-12-05"
}