{
  "ticker": "AXISBANK.NS",
  "trained_until": "2026-02-09",
  "features": [
    "Close",
    "RSI",
    "MA50"
  ],
  "window": 30,
  "mode": "FULL",
  "X_mean": [
    884.3033203869331,
    53.52819887391108,
    869.1444526530942
  ],
  "X_std": [
    165.77402091955565,
    17.486835688047126,
    154.38525370492624
  ],
  "y_mean": [
    0.005233928877139803,
    0.02212551547546613,
    0.05755809537001483,
    0.23678910739747455
  ],
  "y_std": [
    0.043066938515181924,
    0.07965917859558555,
    0.1169175478760548,
    0.17541191433221248
  ],
  "horizons": [
    7,
    30,
    90,
    365
  ]
}