{
  "ticker": "HCLTECH.NS",
  "trained_until": "2026-02-09",
  "features": [
    "Close",
    "RSI",
    "MA50"
  ],
  "window": 30,
  "mode": "FULL",
  "X_mean": [
    1058.971148235042,
    54.836913891426505,
    1037.9545011447813
  ],
  "X_std": [
    213.7714740125563,
    18.077574942231212,
    196.48848388020332
  ],
  "y_mean": [
    0.007378120114574049,
    0.032838690068159364,
    0.09630188507802513,
    0.3219089337524374
  ],
  "y_std": [
    0.03979604546142948,
    0.09073924170510822,
    0.15741392939114754,
    0.2921039416838493
  ],
  "horizons": [
    7,
    30,
    90,
    365
  ]
}