{
  "ticker": "HCLTECH.NS",
  "mode": "FULL",
  "features": [
    "Close",
    "RSI",
    "MA50"
  ],
  "window": 30,
  "X_mean": [
    772.8149844806759,
    54.527889704925066,
    756.5006947116508
  ],
  "X_std": [
    247.35608714675288,
    16.91322540233466,
    242.09861367236854
  ],
  "y_mean": [
    0.007748273165878706,
    0.034335371058196354,
    0.11197184977599009,
    0.524266505351473
  ],
  "y_std": [
    0.044259861122849777,
    0.09887143945978495,
    0.1827558784551485,
    0.41513196166390975
  ],
  "horizons": [
    7,
    30,
    90,
    365
  ],
  "trained_until": "2023-12-05"
}