{
  "ticker": "INDIGO.NS",
  "trained_until": "2026-02-09",
  "features": [
    "Close",
    "RSI",
    "MA50"
  ],
  "window": 30,
  "mode": "FULL",
  "X_mean": [
    2368.673214796113,
    55.21973697845745,
    2288.5352468470132
  ],
  "X_std": [
    764.7433359715959,
    17.57911185967353,
    681.4334829727452
  ],
  "y_mean": [
    0.010556620667481904,
    0.0440357846464104,
    0.12273112593276418,
    0.6167909187712719
  ],
  "y_std": [
    0.055231708601708944,
    0.10397363735973415,
    0.16205286752217296,
    0.4397491340570987
  ],
  "horizons": [
    7,
    30,
    90,
    365
  ]
}