{
  "ticker": "INDIGO.NS",
  "mode": "FULL",
  "features": [
    "Close",
    "RSI",
    "MA50"
  ],
  "window": 30,
  "X_mean": [
    1746.5102846587795,
    53.05330414401738,
    1716.757734481511
  ],
  "X_std": [
    414.2049167503595,
    17.729817400665986,
    388.79820982298344
  ],
  "y_mean": [
    0.006902215111181885,
    0.027033231420886403,
    0.0781353142035346,
    0.4996186228237232
  ],
  "y_std": [
    0.06646199277701584,
    0.1255585523670326,
    0.20888590492886736,
    0.4695146290615687
  ],
  "horizons": [
    7,
    30,
    90,
    365
  ],
  "trained_until": "2023-12-05"
}