{
  "ticker": "ULTRACEMCO.NS",
  "trained_until": "2026-02-09",
  "features": [
    "Close",
    "RSI",
    "MA50"
  ],
  "window": 30,
  "mode": "FULL",
  "X_mean": [
    7737.61122927782,
    54.06505001771795,
    7588.844352229421
  ],
  "X_std": [
    1499.5513268446662,
    16.872415266584323,
    1332.91063240741
  ],
  "y_mean": [
    0.005885210700601263,
    0.02516349384719605,
    0.06455511034835985,
    0.30310456973388017
  ],
  "y_std": [
    0.039496156786712186,
    0.08038444657205952,
    0.11961409091491151,
    0.22604427803759777
  ],
  "horizons": [
    7,
    30,
    90,
    365
  ]
}