{
  "ticker": "ULTRACEMCO.NS",
  "mode": "FULL",
  "features": [
    "Close",
    "RSI",
    "MA50"
  ],
  "window": 30,
  "X_mean": [
    5863.259606484576,
    53.97700900926088,
    5759.675946233927
  ],
  "X_std": [
    1580.91739138832,
    16.642028496977183,
    1540.3250675834038
  ],
  "y_mean": [
    0.006500867995322424,
    0.027970423766713125,
    0.0778824009735226,
    0.4039676401733422
  ],
  "y_std": [
    0.04585461697450283,
    0.09481855033330384,
    0.1624006770213633,
    0.3346683542399945
  ],
  "horizons": [
    7,
    30,
    90,
    365
  ],
  "trained_until": "2023-12-05"
}