{
  "ticker": "BHARTIARTL.NS",
  "mode": "FULL",
  "features": [
    "Close",
    "RSI",
    "MA50"
  ],
  "window": 30,
  "X_mean": [
    600.8005268759356,
    54.014278757339014,
    586.7566382128322
  ],
  "X_std": [
    176.03415708106127,
    14.61823891577287,
    172.55638418681343
  ],
  "y_mean": [
    0.008277443587754663,
    0.035832571150545514,
    0.11116751150578087,
    0.5061989740903552
  ],
  "y_std": [
    0.04500920083439976,
    0.09362929092549144,
    0.15517071172699914,
    0.2864150022384748
  ],
  "horizons": [
    7,
    30,
    90,
    365
  ],
  "trained_until": "2023-12-05"
}