{
  "ticker": "BHARTIARTL.NS",
  "trained_until": "2026-02-09",
  "features": [
    "Close",
    "RSI",
    "MA50"
  ],
  "window": 30,
  "mode": "FULL",
  "X_mean": [
    838.5748711190572,
    56.055337548176254,
    810.7396985250332
  ],
  "X_std": [
    241.63745668420262,
    14.608260187823403,
    220.95818481266534
  ],
  "y_mean": [
    0.00966354680368038,
    0.044453823710685764,
    0.1351562783364911,
    0.6001265380154569
  ],
  "y_std": [
    0.03443615341002678,
    0.06919477811445889,
    0.12796801532338048,
    0.2949243220980444
  ],
  "horizons": [
    7,
    30,
    90,
    365
  ]
}