{
  "ticker": "BEL.NS",
  "trained_until": "2026-02-09",
  "features": [
    "Close",
    "RSI",
    "MA50"
  ],
  "window": 30,
  "mode": "FULL",
  "X_mean": [
    119.09587808469446,
    57.89717018335266,
    111.19809673448887
  ],
  "X_std": [
    69.26124036599788,
    16.458955846061926,
    61.498917785441655
  ],
  "y_mean": [
    0.01851581306914591,
    0.074745280116406,
    0.2254316561943312,
    1.1093115056560245
  ],
  "y_std": [
    0.056902063715963715,
    0.10506450411228141,
    0.20456150888702326,
    0.511226159819735
  ],
  "horizons": [
    7,
    30,
    90,
    365
  ]
}