{
  "ticker": "BEL.NS",
  "mode": "FULL",
  "features": [
    "Close",
    "RSI",
    "MA50"
  ],
  "window": 30,
  "X_mean": [
    62.402989066901426,
    54.591847749705316,
    60.0198133793644
  ],
  "X_std": [
    35.04280350425207,
    17.295872665803902,
    33.45827718750552
  ],
  "y_mean": [
    0.012443732514436999,
    0.057081898569695304,
    0.1787338194878988,
    1.0953125514726731
  ],
  "y_std": [
    0.06196452801368776,
    0.1344038873892529,
    0.22815325887436516,
    0.5973804995689308
  ],
  "horizons": [
    7,
    30,
    90,
    365
  ],
  "trained_until": "2023-12-05"
}