Date,Open,High,Low,Close,Volume
2021-02-23 00:00:00+05:30,531.5499877929688,535.0,505.5,515.0999755859375,1011812
2021-02-24 00:00:00+05:30,517.9500122070312,534.9500122070312,517.9500122070312,532.0999755859375,557096
2021-02-25 00:00:00+05:30,537.0,550.0,530.0,548.2249755859375,1571312
2021-02-26 00:00:00+05:30,540.0,557.5,535.4000244140625,543.5250244140625,1658512
2021-03-01 00:00:00+05:30,551.8250122070312,551.9749755859375,540.0,542.625,638750
2021-03-02 00:00:00+05:30,545.0,559.9000244140625,545.0,553.3499755859375,909198
2021-03-03 00:00:00+05:30,557.4749755859375,561.9249877929688,552.6749877929688,556.2999877929688,647408
2021-03-04 00:00:00+05:30,550.0,559.0,543.0499877929688,548.6500244140625,777700
2021-03-05 00:00:00+05:30,547.5,554.1500244140625,523.9249877929688,527.0250244140625,763776
2021-03-08 00:00:00+05:30,535.0250244140625,541.0499877929688,528.625,532.625,366926
2021-03-09 00:00:00+05:30,532.9500122070312,544.4749755859375,527.0,532.7249755859375,554256
2021-03-10 00:00:00+05:30,532.5,539.9749755859375,530.0,533.6749877929688,411122
2021-03-12 00:00:00+05:30,535.375,541.5,528.6749877929688,530.625,682402
2021-03-15 00:00:00+05:30,530.5999755859375,532.5,505.67498779296875,508.0,852324
2021-03-16 00:00:00+05:30,510.25,540.0,510.25,535.7000122070312,1073246
2021-03-17 00:00:00+05:30,527.5,534.9500122070312,518.0,523.0250244140625,775522
2021-03-18 00:00:00+05:30,525.0,527.7000122070312,512.5,515.4249877929688,466588
2021-03-19 00:00:00+05:30,510.0,526.8499755859375,491.25,516.0250244140625,3967772
2021-03-22 00:00:00+05:30,516.0250244140625,527.9749755859375,507.5,518.625,426740
2021-03-23 00:00:00+05:30,517.0,527.375,506.04998779296875,510.45001220703125,665362
2021-03-24 00:00:00+05:30,509.8500061035156,513.9249877929688,499.5,501.32501220703125,346930
2021-03-25 00:00:00+05:30,500.9750061035156,504.4750061035156,486.5,491.375,497106
2021-03-26 00:00:00+05:30,498.25,502.5,490.125,493.4750061035156,308640
2021-03-30 00:00:00+05:30,498.29998779296875,502.5,496.1000061035156,500.1000061035156,273476
2021-03-31 00:00:00+05:30,500.0,502.5,492.625,497.4750061035156,289982
2021-04-01 00:00:00+05:30,508.5,526.0,505.625,517.8250122070312,1961258
2021-04-05 00:00:00+05:30,520.0,520.5,496.1000061035156,499.95001220703125,579288
2021-04-06 00:00:00+05:30,507.45001220703125,509.0,498.1000061035156,500.125,322770
2021-04-07 00:00:00+05:30,502.5,510.07501220703125,501.1499938964844,502.95001220703125,416420
2021-04-08 00:00:00+05:30,508.0,510.0,503.1000061035156,505.17498779296875,287444
2021-04-09 00:00:00+05:30,504.5,510.0,498.5,500.2250061035156,317132
2021-04-12 00:00:00+05:30,496.5,496.5,474.0249938964844,478.70001220703125,435726
2021-04-13 00:00:00+05:30,476.5,487.3500061035156,475.70001220703125,485.42498779296875,224272
2021-04-15 00:00:00+05:30,485.0,488.07501220703125,473.1499938964844,484.5,255634
2021-04-16 00:00:00+05:30,484.5,491.0,477.0,482.25,201178
2021-04-19 00:00:00+05:30,474.0,474.0,464.5,470.1000061035156,411194
2021-04-20 00:00:00+05:30,473.04998779296875,478.95001220703125,471.3999938964844,475.67498779296875,250198
2021-04-22 00:00:00+05:30,467.5,476.3500061035156,467.5,474.3999938964844,149016
2021-04-23 00:00:00+05:30,472.5,482.07501220703125,470.8999938964844,478.42498779296875,208250
2021-04-26 00:00:00+05:30,478.42498779296875,482.5,475.5,477.1499938964844,137044
2021-04-27 00:00:00+05:30,476.04998779296875,479.1499938964844,474.5,475.0,322674
2021-04-28 00:00:00+05:30,477.3500061035156,487.45001220703125,475.75,483.875,443340
2021-04-29 00:00:00+05:30,481.625,487.45001220703125,472.0,473.17498779296875,327116
2021-04-30 00:00:00+05:30,472.5,479.95001220703125,470.57501220703125,478.625,205378
2021-05-03 00:00:00+05:30,477.8500061035156,478.4750061035156,471.0,476.3999938964844,274984
2021-05-04 00:00:00+05:30,478.8999938964844,488.9750061035156,474.0,476.8999938964844,447218
2021-05-05 00:00:00+05:30,489.8999938964844,489.8999938964844,482.04998779296875,484.2250061035156,431836
2021-05-06 00:00:00+05:30,486.0,487.0249938964844,478.04998779296875,478.92498779296875,219222
2021-05-07 00:00:00+05:30,481.32501220703125,482.5,476.0,480.2250061035156,200884
2021-05-10 00:00:00+05:30,478.75,488.25,478.75,484.2749938964844,293348
2021-05-11 00:00:00+05:30,482.4750061035156,503.95001220703125,480.79998779296875,500.1499938964844,1071592
2021-05-12 00:00:00+05:30,502.5,517.125,498.1499938964844,503.82501220703125,983626
2021-05-14 00:00:00+05:30,503.54998779296875,507.875,489.54998779296875,491.625,351682
2021-05-17 00:00:00+05:30,493.17498779296875,502.0,493.17498779296875,500.92498779296875,183924
2021-05-18 00:00:00+05:30,507.5,510.5,497.5,504.0,386026
2021-05-19 00:00:00+05:30,501.0,510.9750061035156,501.0,507.375,436916
2021-05-20 00:00:00+05:30,509.8999938964844,516.7000122070312,495.6000061035156,505.25,537066
2021-05-21 00:00:00+05:30,505.2749938964844,515.2750244140625,505.2749938964844,512.7000122070312,401596
2021-05-24 00:00:00+05:30,513.0,516.0,506.0,507.375,507370
2021-05-25 00:00:00+05:30,507.5,517.4749755859375,507.5,513.4249877929688,382932
2021-05-26 00:00:00+05:30,513.5,523.0,508.7250061035156,517.9000244140625,306608
2021-05-27 00:00:00+05:30,517.9000244140625,519.8499755859375,512.125,516.875,155340
2021-05-28 00:00:00+05:30,516.0,520.0,512.7000122070312,514.8499755859375,193086
2021-05-31 00:00:00+05:30,515.0,515.4749755859375,505.04998779296875,510.2749938964844,239702
2021-06-01 00:00:00+05:30,524.5,534.9249877929688,512.5999755859375,515.8499755859375,1068104
2021-06-02 00:00:00+05:30,517.4000244140625,523.5,514.8250122070312,518.5250244140625,297788
2021-06-03 00:00:00+05:30,525.0,526.5,520.0,524.5499877929688,358806
2021-06-04 00:00:00+05:30,528.0499877929688,543.9500122070312,516.2750244140625,531.2249755859375,1092906
2021-06-07 00:00:00+05:30,534.4500122070312,537.3499755859375,527.0,532.6749877929688,439184
2021-06-08 00:00:00+05:30,534.9749755859375,539.5,523.5250244140625,535.0499877929688,372976
2021-06-09 00:00:00+05:30,534.9749755859375,544.5,520.6749877929688,523.7249755859375,617068
2021-06-10 00:00:00+05:30,530.0,530.6500244140625,518.5,520.4000244140625,257872
2021-06-11 00:00:00+05:30,525.5,530.9749755859375,521.5,523.2999877929688,341256
2021-06-14 00:00:00+05:30,526.5,529.0,514.0499877929688,525.9500122070312,309452
2021-06-15 00:00:00+05:30,525.9500122070312,529.3250122070312,520.3499755859375,521.0,221610
2021-06-16 00:00:00+05:30,521.5,524.7249755859375,513.75,514.9249877929688,177230
2021-06-17 00:00:00+05:30,514.25,527.3499755859375,512.5250244140625,513.6749877929688,351492
2021-06-18 00:00:00+05:30,514.5,518.8499755859375,497.70001220703125,508.2250061035156,255810
2021-06-21 00:00:00+05:30,503.6000061035156,512.4000244140625,499.07501220703125,503.7749938964844,326544
2021-06-22 00:00:00+05:30,507.0249938964844,510.92498779296875,499.5,500.5249938964844,356600
2021-06-23 00:00:00+05:30,502.5,523.5,495.6000061035156,510.57501220703125,1113756
2021-06-24 00:00:00+05:30,514.5,519.5,506.57501220703125,509.6000061035156,246742
2021-06-25 00:00:00+05:30,511.0,519.5,509.29998779296875,518.5,300288
2021-06-28 00:00:00+05:30,520.5,524.9500122070312,513.5,521.3499755859375,509822
2021-06-29 00:00:00+05:30,529.0,533.5,514.0,518.1500244140625,697060
2021-06-30 00:00:00+05:30,519.4749755859375,521.9749755859375,508.75,510.8999938964844,291170
2021-07-01 00:00:00+05:30,512.75,514.4249877929688,505.0,506.875,477700
2021-07-02 00:00:00+05:30,507.0249938964844,536.7750244140625,507.0249938964844,533.7750244140625,1634066
2021-07-05 00:00:00+05:30,538.0499877929688,546.8499755859375,527.5750122070312,531.0750122070312,800318
2021-07-06 00:00:00+05:30,532.5,571.5,531.5,550.3250122070312,4975560
2021-07-07 00:00:00+05:30,555.0,564.0,545.0,549.7750244140625,1967718
2021-07-08 00:00:00+05:30,552.25,578.5,551.0,573.5250244140625,2454964
2021-07-09 00:00:00+05:30,575.5,577.5,555.2999877929688,559.2750244140625,1019836
2021-07-12 00:00:00+05:30,562.4500122070312,564.9000244140625,552.1749877929688,555.75,705288
2021-07-13 00:00:00+05:30,557.25,561.9500122070312,545.0,548.2249755859375,569030
2021-07-14 00:00:00+05:30,551.8499755859375,567.25,548.75,553.3499755859375,900610
2021-07-15 00:00:00+05:30,556.9000244140625,559.2249755859375,545.0,547.6749877929688,373744
2021-07-16 00:00:00+05:30,552.5,559.0,536.0,537.375,680236
2021-07-19 00:00:00+05:30,537.4000244140625,545.5,534.0,541.0499877929688,390422
2021-07-20 00:00:00+05:30,541.0499877929688,544.4749755859375,526.9749755859375,533.375,288832
2021-07-22 00:00:00+05:30,537.5,576.5,536.4249877929688,553.6500244140625,3077192
2021-07-23 00:00:00+05:30,560.0,575.0,549.0,551.5250244140625,1237734
2021-07-26 00:00:00+05:30,552.75,563.6500244140625,548.8499755859375,552.4249877929688,994962
2021-07-27 00:00:00+05:30,555.5,560.0,543.0,550.0499877929688,474812
2021-07-28 00:00:00+05:30,554.5,554.625,541.5250244140625,547.7000122070312,394264
2021-07-29 00:00:00+05:30,553.4749755859375,559.7999877929688,547.5,549.9500122070312,512508
2021-07-30 00:00:00+05:30,550.4500122070312,562.5,550.4500122070312,558.1749877929688,409294
2021-08-02 00:00:00+05:30,560.0250244140625,561.875,547.5,549.0,374252
2021-08-03 00:00:00+05:30,551.0,554.9249877929688,548.75,550.3250122070312,266478
2021-08-04 00:00:00+05:30,554.0,558.9249877929688,538.5250244140625,539.7249755859375,369028
2021-08-05 00:00:00+05:30,541.0,546.9249877929688,535.0750122070312,539.5250244140625,347968
2021-08-06 00:00:00+05:30,544.7249755859375,544.7249755859375,535.5499877929688,539.875,222682
2021-08-09 00:00:00+05:30,545.1500244140625,554.5,540.5,542.9500122070312,630462
2021-08-10 00:00:00+05:30,551.0,574.5,545.0,552.3250122070312,2274418
2021-08-11 00:00:00+05:30,557.5,561.9749755859375,535.5,547.3250122070312,561760
2021-08-12 00:00:00+05:30,541.0499877929688,556.9749755859375,537.5,552.25,582148
2021-08-13 00:00:00+05:30,556.0,574.3499755859375,542.5750122070312,544.4749755859375,1570668
2021-08-16 00:00:00+05:30,535.5,542.0,529.5499877929688,534.4500122070312,530890
2021-08-17 00:00:00+05:30,537.125,544.2000122070312,529.6749877929688,533.4500122070312,455472
2021-08-18 00:00:00+05:30,549.5,565.0,541.6500244140625,560.0750122070312,1710306
2021-08-20 00:00:00+05:30,555.9500122070312,587.5,554.0,563.25,3341314
2021-08-23 00:00:00+05:30,570.0,578.9500122070312,550.7999877929688,556.125,1190970
2021-08-24 00:00:00+05:30,561.9749755859375,584.5,560.0,580.0,1404384
2021-08-25 00:00:00+05:30,585.2249755859375,630.0,585.0,624.125,6043016
2021-08-26 00:00:00+05:30,628.4749755859375,655.5,625.5,644.7999877929688,5374274
2021-08-27 00:00:00+05:30,646.7249755859375,699.5,632.5999755859375,690.7000122070312,8430452
2021-08-30 00:00:00+05:30,695.5,728.5,675.0,699.9749755859375,6787604
2021-08-31 00:00:00+05:30,694.9749755859375,708.625,683.0,687.9000244140625,2507708
2021-09-01 00:00:00+05:30,682.0,691.0750122070312,669.7750244140625,674.9500122070312,1328524
2021-09-02 00:00:00+05:30,675.5,714.9500122070312,675.5,689.9249877929688,3944170
2021-09-03 00:00:00+05:30,715.0,715.0,692.75,697.2750244140625,4806414
2021-09-06 00:00:00+05:30,705.0,711.9500122070312,676.7750244140625,680.5750122070312,1917914
2021-09-07 00:00:00+05:30,680.0,696.8499755859375,670.0999755859375,691.0,2031434
2021-09-08 00:00:00+05:30,691.0,696.2249755859375,675.7249755859375,683.9749755859375,1335442
2021-09-09 00:00:00+05:30,683.9749755859375,693.4249877929688,658.0,687.1500244140625,1826452
2021-09-13 00:00:00+05:30,687.0250244140625,706.3499755859375,680.5250244140625,702.625,1949648
2021-09-14 00:00:00+05:30,706.1500244140625,720.875,684.9749755859375,704.9749755859375,4616986
2021-09-15 00:00:00+05:30,707.0,712.5,697.5250244140625,701.5250244140625,1476220
2021-09-16 00:00:00+05:30,701.0,743.4749755859375,700.0,715.9749755859375,5121110
2021-09-17 00:00:00+05:30,722.0,740.7999877929688,707.5,715.2999877929688,4214790
2021-09-20 00:00:00+05:30,711.9749755859375,724.5,683.0999755859375,688.5999755859375,2391458
2021-09-21 00:00:00+05:30,694.4249877929688,712.5999755859375,670.0,679.625,3610208
2021-09-22 00:00:00+05:30,677.5499877929688,687.4000244140625,670.0250244140625,678.4249877929688,1233098
2021-09-23 00:00:00+05:30,685.1500244140625,694.7249755859375,677.6749877929688,679.875,1318724
2021-09-24 00:00:00+05:30,683.4000244140625,688.2000122070312,663.3250122070312,670.7000122070312,1244282
2021-09-27 00:00:00+05:30,675.4000244140625,679.0,666.2999877929688,668.2750244140625,959318
2021-09-28 00:00:00+05:30,670.0,683.2000122070312,667.9000244140625,673.2999877929688,949512
2021-09-29 00:00:00+05:30,674.5,686.9000244140625,663.5250244140625,669.5999755859375,2481174
2021-09-30 00:00:00+05:30,687.4500122070312,689.4749755859375,671.0250244140625,677.2249755859375,1750880
2021-10-01 00:00:00+05:30,676.6500244140625,683.7249755859375,663.3250122070312,669.0,1330144
2021-10-04 00:00:00+05:30,670.0250244140625,681.1500244140625,668.0,672.7999877929688,859422
2021-10-05 00:00:00+05:30,672.7999877929688,705.5,670.0,687.5,2481466
2021-10-06 00:00:00+05:30,685.5,693.9000244140625,670.0,673.4500122070312,1187436
2021-10-07 00:00:00+05:30,680.1500244140625,694.9249877929688,676.5,678.5750122070312,1441760
2021-10-08 00:00:00+05:30,683.0,686.5,672.75,675.8250122070312,906940
2021-10-11 00:00:00+05:30,681.5,697.2750244140625,675.5999755859375,682.4000244140625,1121032
2021-10-12 00:00:00+05:30,682.4000244140625,701.4749755859375,678.5,698.375,1573200
2021-10-13 00:00:00+05:30,700.0,714.3499755859375,693.5,697.3250122070312,1867518
2021-10-14 00:00:00+05:30,700.0,733.25,697.3250122070312,721.875,4466704
2021-10-18 00:00:00+05:30,737.5,783.0,730.0,740.2000122070312,7684378
2021-10-19 00:00:00+05:30,751.5,761.5,702.5999755859375,715.0250244140625,3102698
2021-10-20 00:00:00+05:30,712.0,729.0250244140625,690.1500244140625,704.9500122070312,2088236
2021-10-21 00:00:00+05:30,710.0,714.4500122070312,680.0,685.6500244140625,1424668
2021-10-22 00:00:00+05:30,692.0,698.4000244140625,647.5250244140625,663.5750122070312,2039040
2021-10-25 00:00:00+05:30,662.5,669.7000122070312,642.0999755859375,661.5250244140625,1261996
2021-10-26 00:00:00+05:30,659.0,667.5,656.7000122070312,662.4500122070312,1327718
2021-10-27 00:00:00+05:30,663.0,676.2750244140625,655.0,658.5499877929688,1012222
2021-10-28 00:00:00+05:30,658.5499877929688,658.9500122070312,630.0,633.3499755859375,1696902
2021-10-29 00:00:00+05:30,625.0,662.3499755859375,616.9500122070312,653.2999877929688,2039752
2021-11-01 00:00:00+05:30,659.8250122070312,671.9749755859375,652.0999755859375,664.4500122070312,1588772
2021-11-02 00:00:00+05:30,664.5,679.9749755859375,661.7000122070312,666.2000122070312,1884282
2021-11-03 00:00:00+05:30,671.7000122070312,680.5,658.1749877929688,661.875,1889084
2021-11-04 00:00:00+05:30,665.4500122070312,672.5,662.5,670.0499877929688,147072
2021-11-08 00:00:00+05:30,675.4749755859375,686.5999755859375,670.625,675.5499877929688,2097112
2021-11-09 00:00:00+05:30,677.4000244140625,695.5,676.0250244140625,684.5,1575872
2021-11-10 00:00:00+05:30,683.5,694.75,683.0,687.4500122070312,1127294
2021-11-11 00:00:00+05:30,687.9500122070312,707.2750244140625,680.0499877929688,697.5250244140625,3241430
2021-11-12 00:00:00+05:30,707.5,711.25,689.0,708.5750122070312,2760032
2021-11-15 00:00:00+05:30,712.5,720.0,704.0,711.25,1337682
2021-11-16 00:00:00+05:30,709.5,728.0,706.7999877929688,714.7000122070312,1975778
2021-11-17 00:00:00+05:30,712.4749755859375,714.9000244140625,697.9000244140625,703.0499877929688,1754686
2021-11-18 00:00:00+05:30,705.0,709.1500244140625,683.1749877929688,691.7999877929688,788220
2021-11-22 00:00:00+05:30,698.5,706.2999877929688,671.75,681.1749877929688,1234350
2021-11-23 00:00:00+05:30,675.0,708.0,669.5,702.7999877929688,1983442
2021-11-24 00:00:00+05:30,709.8499755859375,709.8499755859375,682.5999755859375,687.9749755859375,932532
2021-11-25 00:00:00+05:30,682.5,688.6500244140625,675.0,676.2750244140625,1427478
2021-11-26 00:00:00+05:30,668.125,674.0,637.5,642.9500122070312,1030994
2021-11-29 00:00:00+05:30,642.5,658.2249755859375,617.5750122070312,649.25,1637856
2021-11-30 00:00:00+05:30,645.0,655.5,635.0499877929688,638.4500122070312,839842
2021-12-01 00:00:00+05:30,638.7000122070312,657.4749755859375,635.8499755859375,654.4749755859375,856464
2021-12-02 00:00:00+05:30,655.0,655.75,646.5999755859375,650.4249877929688,386902
2021-12-03 00:00:00+05:30,653.5,664.0,645.5750122070312,648.25,1091386
2021-12-06 00:00:00+05:30,649.3250122070312,658.3499755859375,635.7000122070312,639.2249755859375,1073828
2021-12-07 00:00:00+05:30,644.9500122070312,655.9000244140625,640.0,643.1749877929688,1044366
2021-12-08 00:00:00+05:30,648.0,657.0,644.375,645.9749755859375,896780
2021-12-09 00:00:00+05:30,649.2249755859375,653.9249877929688,643.4249877929688,646.2000122070312,1161010
2021-12-10 00:00:00+05:30,646.2000122070312,660.7999877929688,646.2000122070312,652.5499877929688,1415600
2021-12-13 00:00:00+05:30,657.9500122070312,662.9749755859375,650.0,655.75,1064868
2021-12-14 00:00:00+05:30,654.0,654.0,640.5,643.7999877929688,770360
2021-12-15 00:00:00+05:30,643.5,654.4500122070312,641.8250122070312,643.2750244140625,562268
2021-12-16 00:00:00+05:30,649.6500244140625,651.5,637.5,640.4500122070312,1126552
2021-12-17 00:00:00+05:30,641.0,642.8499755859375,619.625,623.8499755859375,2237874
2021-12-20 00:00:00+05:30,617.5999755859375,617.9000244140625,590.5999755859375,608.0250244140625,2019236
2021-12-21 00:00:00+05:30,610.0,616.2000122070312,602.625,607.3499755859375,427942
2021-12-22 00:00:00+05:30,610.4000244140625,630.0,607.6500244140625,622.75,554362
2021-12-23 00:00:00+05:30,626.4000244140625,627.375,617.5499877929688,621.25,343290
2021-12-24 00:00:00+05:30,620.5,622.1749877929688,610.5,615.125,237280
2021-12-27 00:00:00+05:30,615.125,618.3499755859375,606.5499877929688,610.25,568392
2021-12-28 00:00:00+05:30,612.5,622.2249755859375,612.4749755859375,618.6749877929688,433522
2021-12-29 00:00:00+05:30,617.5,622.3499755859375,613.0,614.1749877929688,371732
2021-12-30 00:00:00+05:30,612.5,613.0250244140625,603.3499755859375,605.5999755859375,358446
2021-12-31 00:00:00+05:30,605.625,616.0,604.25,605.3250122070312,1138866
2022-01-03 00:00:00+05:30,607.0,622.8250122070312,606.0250244140625,616.8499755859375,1104054
2022-01-04 00:00:00+05:30,618.3499755859375,633.4500122070312,616.625,624.2999877929688,2104244
2022-01-05 00:00:00+05:30,627.4500122070312,639.4249877929688,620.0499877929688,634.8499755859375,1514570
2022-01-06 00:00:00+05:30,635.5,638.0,622.4500122070312,624.1749877929688,1531864
2022-01-07 00:00:00+05:30,624.2750244140625,636.5,624.2750244140625,628.2999877929688,942470
2022-01-10 00:00:00+05:30,628.3250122070312,650.0,628.3250122070312,648.125,2852966
2022-01-11 00:00:00+05:30,647.7999877929688,652.875,635.5,640.0999755859375,2913574
2022-01-12 00:00:00+05:30,643.5,659.6500244140625,642.5750122070312,656.2999877929688,1692542
2022-01-13 00:00:00+05:30,657.4749755859375,664.0,650.4000244140625,659.875,780012
2022-01-14 00:00:00+05:30,659.9249877929688,686.0,655.9749755859375,682.8250122070312,1760492
2022-01-17 00:00:00+05:30,686.9749755859375,708.7249755859375,679.3499755859375,698.4249877929688,2202348
2022-01-18 00:00:00+05:30,699.9749755859375,715.0,690.7999877929688,694.7750244140625,1986732
2022-01-19 00:00:00+05:30,695.0,721.0,685.625,716.0999755859375,1832218
2022-01-20 00:00:00+05:30,719.2000122070312,723.25,706.5250244140625,715.5499877929688,1218872
2022-01-21 00:00:00+05:30,712.625,728.4249877929688,695.5,709.0750122070312,1701794
2022-01-24 00:00:00+05:30,714.9500122070312,721.9749755859375,672.5,680.4500122070312,2210358
2022-01-25 00:00:00+05:30,670.5250244140625,719.0,665.9249877929688,710.6500244140625,1908080
2022-01-27 00:00:00+05:30,709.75,714.625,699.2249755859375,711.4749755859375,1551976
2022-01-28 00:00:00+05:30,715.9500122070312,735.5,702.7000122070312,708.5499877929688,1923192
2022-01-31 00:00:00+05:30,724.0,735.25,713.8250122070312,721.8499755859375,1698662
2022-02-01 00:00:00+05:30,728.8250122070312,737.4000244140625,708.75,720.875,1534430
2022-02-02 00:00:00+05:30,724.5,728.875,705.5,710.2750244140625,1246952
2022-02-03 00:00:00+05:30,712.9500122070312,727.0,703.5,708.3250122070312,1482606
2022-02-04 00:00:00+05:30,708.2999877929688,716.7750244140625,697.2999877929688,700.0999755859375,586412
2022-02-07 00:00:00+05:30,700.0999755859375,709.4249877929688,691.0,693.4000244140625,628232
2022-02-08 00:00:00+05:30,695.0,702.0,682.5999755859375,689.0250244140625,999434
2022-02-09 00:00:00+05:30,692.5,711.5,691.5499877929688,707.25,1167058
2022-02-10 00:00:00+05:30,709.5,719.0,691.5,698.9249877929688,1993640
2022-02-11 00:00:00+05:30,685.0,699.5,685.0,689.9749755859375,557218
2022-02-14 00:00:00+05:30,677.5,682.4500122070312,663.0499877929688,666.4249877929688,694502
2022-02-15 00:00:00+05:30,675.0,686.4749755859375,658.0,683.7000122070312,649632
2022-02-16 00:00:00+05:30,687.4749755859375,696.0,677.4500122070312,681.4249877929688,1010008
2022-02-17 00:00:00+05:30,671.0,687.8499755859375,670.0,682.2750244140625,1118614
2022-02-18 00:00:00+05:30,687.5,687.5,670.25,672.9749755859375,1230176
2022-02-21 00:00:00+05:30,665.0,669.0,647.2750244140625,650.5250244140625,1205286
2022-02-22 00:00:00+05:30,632.5,644.9749755859375,628.5,640.8250122070312,1214574
2022-02-23 00:00:00+05:30,640.5,662.0,640.5,655.0750122070312,1168062
2022-02-24 00:00:00+05:30,645.0,649.6500244140625,620.0,638.125,1384050
2022-02-25 00:00:00+05:30,642.9000244140625,666.0999755859375,642.9000244140625,657.2999877929688,1087016
2022-02-28 00:00:00+05:30,657.0,696.5750122070312,642.5750122070312,693.875,1488674
2022-03-02 00:00:00+05:30,693.4500122070312,714.9749755859375,680.9249877929688,695.2000122070312,1845270
2022-03-03 00:00:00+05:30,699.5,712.25,685.4749755859375,688.9000244140625,1188174
2022-03-04 00:00:00+05:30,688.0,709.2750244140625,680.5250244140625,686.0499877929688,1445024
2022-03-07 00:00:00+05:30,677.4000244140625,682.0750122070312,652.2750244140625,662.5250244140625,1176136
2022-03-08 00:00:00+05:30,670.9000244140625,675.0,653.5250244140625,662.8499755859375,1160930
2022-03-09 00:00:00+05:30,669.5,678.9749755859375,665.0,667.7750244140625,954242
2022-03-10 00:00:00+05:30,668.7750244140625,694.5,668.7750244140625,684.0999755859375,1225572
2022-03-11 00:00:00+05:30,685.0,703.0,683.5250244140625,692.5499877929688,1180240
2022-03-14 00:00:00+05:30,700.0,702.4500122070312,688.5499877929688,690.625,948082
2022-03-15 00:00:00+05:30,696.4500122070312,701.0,679.375,688.4000244140625,793210
2022-03-16 00:00:00+05:30,697.5,740.5250244140625,690.5499877929688,731.0750122070312,4808698
2022-03-17 00:00:00+05:30,743.0,747.0,717.5,722.9000244140625,2445066
2022-03-21 00:00:00+05:30,729.0,735.0,719.4249877929688,723.0999755859375,1174988
2022-03-22 00:00:00+05:30,723.5,723.5,699.0250244140625,707.375,1139158
2022-03-23 00:00:00+05:30,719.9500122070312,727.0250244140625,701.6500244140625,703.5499877929688,1056982
2022-03-24 00:00:00+05:30,703.0,720.4749755859375,691.0,702.9500122070312,2351078
2022-03-25 00:00:00+05:30,703.9249877929688,709.875,693.5,697.4000244140625,936172
2022-03-28 00:00:00+05:30,699.0,704.4000244140625,690.5,699.9249877929688,963454
2022-03-29 00:00:00+05:30,702.5,709.2249755859375,698.0,700.25,1002168
2022-03-30 00:00:00+05:30,704.7000122070312,707.5250244140625,693.9749755859375,702.2999877929688,977962
2022-03-31 00:00:00+05:30,717.4500122070312,748.1500244140625,705.0,742.4500122070312,3826742
2022-04-01 00:00:00+05:30,746.0,769.9249877929688,740.2249755859375,762.1500244140625,4339668
2022-04-04 00:00:00+05:30,766.5,796.4500122070312,763.5250244140625,780.4749755859375,2551602
2022-04-05 00:00:00+05:30,784.375,793.5,772.5,776.375,1756158
2022-04-06 00:00:00+05:30,772.5,787.25,763.9000244140625,773.9000244140625,1716074
2022-04-07 00:00:00+05:30,777.4000244140625,812.4000244140625,777.4000244140625,789.0999755859375,4487878
2022-04-08 00:00:00+05:30,795.0,816.0,792.7750244140625,810.0999755859375,4010552
2022-04-11 00:00:00+05:30,819.3250122070312,846.5,815.0,839.7000122070312,5061988
2022-04-12 00:00:00+05:30,841.9749755859375,841.9749755859375,819.5499877929688,835.4749755859375,2949782
2022-04-13 00:00:00+05:30,839.2000122070312,860.7000122070312,834.4500122070312,838.8250122070312,2013610
2022-04-18 00:00:00+05:30,834.9500122070312,877.0750122070312,830.0,868.9749755859375,4052334
2022-04-19 00:00:00+05:30,874.0,879.0,834.4000244140625,845.3250122070312,2087080
2022-04-20 00:00:00+05:30,849.9749755859375,860.0,828.625,836.2000122070312,1140070
2022-04-21 00:00:00+05:30,840.0,854.4000244140625,834.5750122070312,838.4500122070312,1076504
2022-04-22 00:00:00+05:30,834.0,867.9249877929688,831.0750122070312,839.2750244140625,1945030
2022-04-25 00:00:00+05:30,832.5,837.4500122070312,798.7999877929688,813.5750122070312,1686524
2022-04-26 00:00:00+05:30,818.4249877929688,839.4000244140625,814.1500244140625,822.9500122070312,1315140
2022-04-27 00:00:00+05:30,820.9500122070312,830.5999755859375,816.0250244140625,820.9249877929688,1044702
2022-04-28 00:00:00+05:30,824.625,829.4249877929688,809.5750122070312,816.1749877929688,1526388
2022-04-29 00:00:00+05:30,820.4000244140625,824.5,793.0,797.5499877929688,1275486
2022-05-02 00:00:00+05:30,789.0,803.5499877929688,784.3250122070312,787.5999755859375,1161508
2022-05-04 00:00:00+05:30,793.0,807.0,784.6500244140625,790.9500122070312,1682782
2022-05-05 00:00:00+05:30,797.5499877929688,811.9249877929688,791.375,797.8250122070312,1001110
2022-05-06 00:00:00+05:30,789.5,796.7999877929688,780.0499877929688,791.4249877929688,1230358
2022-05-09 00:00:00+05:30,777.5,792.5,770.0,783.3250122070312,1000198
2022-05-10 00:00:00+05:30,785.75,794.9749755859375,771.5250244140625,775.3250122070312,913308
2022-05-11 00:00:00+05:30,776.0,785.8250122070312,759.0750122070312,778.5,1278840
2022-05-12 00:00:00+05:30,774.9749755859375,792.2750244140625,750.0,758.4749755859375,1394432
2022-05-13 00:00:00+05:30,761.5,784.9500122070312,734.0,754.9500122070312,2715380
2022-05-16 00:00:00+05:30,765.5,805.0,760.9249877929688,800.2000122070312,2134260
2022-05-17 00:00:00+05:30,808.0,839.4249877929688,806.0250244140625,835.8250122070312,2057806
2022-05-18 00:00:00+05:30,843.9249877929688,849.5,833.0499877929688,840.5,1698510
2022-05-19 00:00:00+05:30,821.5,848.5,812.5,842.875,1285596
2022-05-20 00:00:00+05:30,862.5,893.5,859.75,878.5999755859375,3816272
2022-05-23 00:00:00+05:30,886.5,925.0,880.0,907.9000244140625,4954548
2022-05-24 00:00:00+05:30,909.875,916.5,882.4249877929688,892.3250122070312,1593430
2022-05-25 00:00:00+05:30,892.3250122070312,912.0,869.5250244140625,872.7000122070312,1799772
2022-05-26 00:00:00+05:30,880.0,887.5,852.9000244140625,881.5,1533562
2022-05-27 00:00:00+05:30,895.0,916.4749755859375,885.5,897.0750122070312,1846810
2022-05-30 00:00:00+05:30,909.0,923.125,901.0999755859375,910.9500122070312,1385854
2022-05-31 00:00:00+05:30,911.0,936.0,905.2750244140625,919.1500244140625,1873818
2022-06-01 00:00:00+05:30,924.0,964.3499755859375,920.0,946.6749877929688,4099956
2022-06-02 00:00:00+05:30,950.0,962.3250122070312,942.5,948.7999877929688,1964814
2022-06-03 00:00:00+05:30,954.0,959.9500122070312,934.5499877929688,948.8499755859375,1255358
2022-06-06 00:00:00+05:30,950.0,957.375,936.9749755859375,943.9249877929688,1439400
2022-06-07 00:00:00+05:30,955.9000244140625,970.7750244140625,945.25,949.2999877929688,3436266
2022-06-08 00:00:00+05:30,952.5,955.0,911.0,921.2249755859375,1894752
2022-06-09 00:00:00+05:30,921.5,940.0,910.2249755859375,937.0499877929688,1409134
2022-06-10 00:00:00+05:30,924.5,949.3250122070312,921.2999877929688,946.4749755859375,1254786
2022-06-13 00:00:00+05:30,929.9749755859375,938.625,920.0999755859375,927.4500122070312,1449750
2022-06-14 00:00:00+05:30,924.9749755859375,945.8499755859375,923.0,941.9249877929688,1373658
2022-06-15 00:00:00+05:30,949.75,949.75,926.5250244140625,929.5499877929688,825786
2022-06-16 00:00:00+05:30,943.9749755859375,944.9749755859375,890.5,898.5499877929688,1563972
2022-06-17 00:00:00+05:30,887.5,986.2750244140625,882.2750244140625,949.3499755859375,8249262
2022-06-20 00:00:00+05:30,950.0,970.5,850.0,862.4000244140625,5165108
2022-06-21 00:00:00+05:30,879.5,905.9749755859375,866.0,902.5499877929688,2085472
2022-06-22 00:00:00+05:30,891.9500122070312,908.9749755859375,879.4000244140625,890.0750122070312,1488688
2022-06-23 00:00:00+05:30,901.4749755859375,913.6500244140625,875.1500244140625,885.25,3107600
2022-06-24 00:00:00+05:30,895.0,905.0,888.5,898.1500244140625,742786
2022-06-27 00:00:00+05:30,910.4749755859375,912.375,898.5,904.25,727950
2022-06-28 00:00:00+05:30,903.75,908.5999755859375,896.5499877929688,900.0750122070312,761634
2022-06-29 00:00:00+05:30,889.5499877929688,900.9000244140625,888.0,891.8499755859375,1100850
2022-06-30 00:00:00+05:30,894.4500122070312,899.5,878.0,884.9000244140625,662900
2022-07-01 00:00:00+05:30,881.5,889.8499755859375,863.7000122070312,868.0999755859375,860300
2022-07-04 00:00:00+05:30,872.0,902.5,870.0,888.1749877929688,1613616
2022-07-05 00:00:00+05:30,892.5,902.5,875.0,879.5250244140625,898662
2022-07-06 00:00:00+05:30,882.5,889.5499877929688,866.9500122070312,873.5499877929688,1541340
2022-07-07 00:00:00+05:30,877.5,897.4500122070312,862.2750244140625,867.8499755859375,1550608
2022-07-08 00:00:00+05:30,877.25,886.0499877929688,864.5250244140625,870.2750244140625,1620218
2022-07-11 00:00:00+05:30,872.0,884.2750244140625,869.7999877929688,873.0499877929688,1436876
2022-07-12 00:00:00+05:30,872.5,881.5250244140625,865.0,870.8250122070312,1094328
2022-07-13 00:00:00+05:30,873.25,877.6500244140625,860.0499877929688,862.0499877929688,1539698
2022-07-14 00:00:00+05:30,862.375,878.5,862.0499877929688,865.0,1251144
2022-07-15 00:00:00+05:30,869.3499755859375,873.7000122070312,860.5,863.0499877929688,1116446
2022-07-18 00:00:00+05:30,874.2000122070312,891.0,867.7750244140625,886.7999877929688,1935542
2022-07-19 00:00:00+05:30,889.0,914.7249755859375,887.5,912.0499877929688,2952758
2022-07-20 00:00:00+05:30,920.2750244140625,928.4000244140625,908.0999755859375,915.5499877929688,1960542
2022-07-21 00:00:00+05:30,918.4500122070312,929.9000244140625,911.0,923.9000244140625,1500514
2022-07-22 00:00:00+05:30,928.0,949.9749755859375,928.0,934.4749755859375,2977562
2022-07-25 00:00:00+05:30,934.9500122070312,954.375,934.0250244140625,951.7249755859375,2356300
2022-07-26 00:00:00+05:30,951.7249755859375,961.25,936.4500122070312,941.8250122070312,1967752
2022-07-27 00:00:00+05:30,942.5,970.9000244140625,942.5,969.5750122070312,1957612
2022-07-28 00:00:00+05:30,978.9500122070312,1017.5,971.25,1012.3250122070312,3884756
2022-07-29 00:00:00+05:30,1020.0,1033.300048828125,1006.0499877929688,1012.5,1988732
2022-08-01 00:00:00+05:30,1015.0,1029.699951171875,1008.7249755859375,1014.5999755859375,1776780
2022-08-02 00:00:00+05:30,1014.5,1037.4749755859375,1012.5,1024.175048828125,1778528
2022-08-03 00:00:00+05:30,1026.175048828125,1033.1500244140625,1001.5,1012.4500122070312,1164778
2022-08-04 00:00:00+05:30,1017.5250244140625,1019.3499755859375,990.7750244140625,1002.3250122070312,1684594
2022-08-05 00:00:00+05:30,1005.0,1007.0,987.875,998.6500244140625,1403264
2022-08-08 00:00:00+05:30,1003.5,1087.0,1001.0,1079.625,7183926
2022-08-10 00:00:00+05:30,1080.0,1102.125,1067.75,1084.1500244140625,3451804
2022-08-11 00:00:00+05:30,1090.550048828125,1149.0,1087.1500244140625,1132.2249755859375,5522052
2022-08-12 00:00:00+05:30,1132.4000244140625,1146.824951171875,1109.0,1135.0999755859375,3423576
2022-08-16 00:00:00+05:30,1143.3499755859375,1154.9000244140625,1115.8499755859375,1148.6500244140625,2581672
2022-08-17 00:00:00+05:30,1154.0250244140625,1164.800048828125,1140.75,1145.2750244140625,1766172
2022-08-18 00:00:00+05:30,1147.5,1174.9749755859375,1143.050048828125,1157.675048828125,2665298
2022-08-19 00:00:00+05:30,1159.824951171875,1163.300048828125,1113.0250244140625,1121.125,2288654
2022-08-22 00:00:00+05:30,1119.949951171875,1134.3499755859375,1101.0,1114.875,2141126
2022-08-23 00:00:00+05:30,1109.25,1127.0,1103.2249755859375,1119.25,1318978
2022-08-24 00:00:00+05:30,1120.0,1127.949951171875,1100.925048828125,1108.6500244140625,1625678
2022-08-25 00:00:00+05:30,1114.4000244140625,1124.9749755859375,1107.800048828125,1110.324951171875,1381672
2022-08-26 00:00:00+05:30,1115.0,1144.4749755859375,1111.074951171875,1136.625,3448186
2022-08-29 00:00:00+05:30,1115.0,1157.2249755859375,1107.5,1144.5999755859375,2438668
2022-08-30 00:00:00+05:30,1154.675048828125,1157.0,1138.0250244140625,1147.5999755859375,1221170
2022-09-01 00:00:00+05:30,1135.5,1164.199951171875,1135.5,1151.550048828125,2410434
2022-09-02 00:00:00+05:30,1162.5,1212.5,1160.050048828125,1184.75,5455060
2022-09-05 00:00:00+05:30,1190.824951171875,1206.074951171875,1176.5250244140625,1188.75,2140418
2022-09-06 00:00:00+05:30,1194.699951171875,1214.75,1192.5,1197.199951171875,2138480
2022-09-07 00:00:00+05:30,1200.0,1225.0,1199.5,1206.699951171875,2718368
2022-09-08 00:00:00+05:30,1213.0,1218.949951171875,1204.0,1210.9000244140625,1234534
2022-09-09 00:00:00+05:30,1217.0,1234.0,1212.5,1216.925048828125,2369116
2022-09-12 00:00:00+05:30,1225.0,1319.175048828125,1223.699951171875,1307.0,7416854
2022-09-13 00:00:00+05:30,1316.6500244140625,1319.0,1291.75,1298.75,2767998
2022-09-14 00:00:00+05:30,1285.0,1313.4749755859375,1268.6500244140625,1284.5,2740260
2022-09-15 00:00:00+05:30,1290.925048828125,1292.0999755859375,1257.0999755859375,1272.074951171875,1979796
2022-09-16 00:00:00+05:30,1270.0,1276.949951171875,1209.3499755859375,1241.699951171875,2923862
2022-09-19 00:00:00+05:30,1245.0,1264.9749755859375,1218.074951171875,1240.550048828125,2277992
2022-09-20 00:00:00+05:30,1246.7750244140625,1262.175048828125,1227.5,1230.5250244140625,1662434
2022-09-21 00:00:00+05:30,1233.2750244140625,1240.5,1204.5,1227.324951171875,2533448
2022-09-22 00:00:00+05:30,1230.0,1265.0,1220.625,1243.7750244140625,2726474
2022-09-23 00:00:00+05:30,1247.5,1251.5999755859375,1203.5250244140625,1219.4000244140625,1511820
2022-09-26 00:00:00+05:30,1196.2249755859375,1203.9749755859375,1135.75,1169.824951171875,2907240
2022-09-27 00:00:00+05:30,1175.0,1182.199951171875,1136.5,1141.175048828125,1899410
2022-09-28 00:00:00+05:30,1130.0,1158.5,1120.5250244140625,1145.0999755859375,1342928
2022-09-29 00:00:00+05:30,1155.0,1164.324951171875,1130.699951171875,1157.4000244140625,3562366
2022-09-30 00:00:00+05:30,1157.0,1178.75,1145.0,1172.425048828125,1537268
2022-10-03 00:00:00+05:30,1177.425048828125,1189.300048828125,1138.0,1145.800048828125,1951292
2022-10-04 00:00:00+05:30,1161.050048828125,1187.0999755859375,1160.0,1184.0,1648706
2022-10-06 00:00:00+05:30,1187.5250244140625,1246.8499755859375,1185.25,1238.0,3203376
2022-10-07 00:00:00+05:30,1234.449951171875,1249.5,1220.8499755859375,1229.8499755859375,1778044
2022-10-10 00:00:00+05:30,1220.0,1226.1500244140625,1205.0,1209.875,1345132
2022-10-11 00:00:00+05:30,1214.5,1225.5,1180.0,1184.4000244140625,1211382
2022-10-12 00:00:00+05:30,1190.0,1196.574951171875,1172.5,1180.0999755859375,1495980
2022-10-13 00:00:00+05:30,1181.5,1199.5,1174.375,1180.199951171875,1493578
2022-10-14 00:00:00+05:30,1195.0,1202.875,1165.5,1168.5,908480
2022-10-17 00:00:00+05:30,1168.5,1193.4749755859375,1166.5250244140625,1181.9749755859375,1697222
2022-10-18 00:00:00+05:30,1188.0999755859375,1243.9749755859375,1180.0,1238.9749755859375,3098996
2022-10-19 00:00:00+05:30,1245.175048828125,1278.5,1224.550048828125,1234.9749755859375,3684862
2022-10-20 00:00:00+05:30,1232.449951171875,1253.0,1211.2750244140625,1224.0,2160936
2022-10-21 00:00:00+05:30,1232.5,1245.0,1190.0,1201.2750244140625,1552594
2022-10-24 00:00:00+05:30,1212.2750244140625,1212.4000244140625,1200.5,1207.4749755859375,404974
2022-10-25 00:00:00+05:30,1208.875,1258.0,1203.5,1251.925048828125,2591880
2022-10-27 00:00:00+05:30,1257.4000244140625,1264.9000244140625,1243.675048828125,1260.2249755859375,1429232
2022-10-28 00:00:00+05:30,1260.0,1264.5,1240.800048828125,1262.324951171875,1115040
2022-10-31 00:00:00+05:30,1263.0,1275.9749755859375,1256.199951171875,1265.0250244140625,1038820
2022-11-01 00:00:00+05:30,1269.0,1274.75,1253.425048828125,1265.675048828125,841596
2022-11-02 00:00:00+05:30,1265.0,1274.5,1237.5,1246.925048828125,1265316
2022-11-03 00:00:00+05:30,1230.0,1283.5,1230.0,1272.574951171875,1930752
2022-11-04 00:00:00+05:30,1279.3499755859375,1287.0,1262.800048828125,1280.4749755859375,1865810
2022-11-07 00:00:00+05:30,1286.9000244140625,1303.9749755859375,1276.5,1296.300048828125,2117362
2022-11-09 00:00:00+05:30,1302.0,1302.0,1245.0,1251.2750244140625,1930226
2022-11-10 00:00:00+05:30,1248.0,1250.0,1205.5999755859375,1215.550048828125,1648594
2022-11-11 00:00:00+05:30,1232.0,1267.0,1218.5999755859375,1239.550048828125,3045810
2022-11-14 00:00:00+05:30,1245.4749755859375,1256.375,1211.125,1245.125,1631814
2022-11-15 00:00:00+05:30,1246.0,1266.550048828125,1230.25,1261.4000244140625,1712410
2022-11-16 00:00:00+05:30,1263.75,1354.699951171875,1261.675048828125,1340.574951171875,9942896
2022-11-17 00:00:00+05:30,1348.199951171875,1361.324951171875,1325.550048828125,1341.175048828125,4194458
2022-11-18 00:00:00+05:30,1333.7249755859375,1337.4749755859375,1300.675048828125,1311.2750244140625,2384470
2022-11-21 00:00:00+05:30,1309.4000244140625,1334.324951171875,1292.550048828125,1327.199951171875,2329032
2022-11-22 00:00:00+05:30,1330.0,1368.5,1327.5,1364.574951171875,5499386
2022-11-23 00:00:00+05:30,1369.9749755859375,1372.7249755859375,1353.050048828125,1359.324951171875,2154714
2022-11-24 00:00:00+05:30,1363.0,1381.175048828125,1354.5,1363.949951171875,2017230
2022-11-25 00:00:00+05:30,1366.0,1387.4749755859375,1361.5,1365.7750244140625,1506132
2022-11-28 00:00:00+05:30,1370.3499755859375,1386.0999755859375,1366.5999755859375,1381.2750244140625,1508604
2022-11-29 00:00:00+05:30,1383.0,1386.699951171875,1369.5250244140625,1376.074951171875,986228
2022-11-30 00:00:00+05:30,1376.074951171875,1384.4749755859375,1360.7750244140625,1377.0250244140625,962258
2022-12-01 00:00:00+05:30,1380.0,1383.7249755859375,1366.1500244140625,1377.699951171875,859294
2022-12-02 00:00:00+05:30,1376.199951171875,1403.5,1372.5,1387.125,1871954
2022-12-05 00:00:00+05:30,1396.125,1399.5,1383.074951171875,1391.6500244140625,1360562
2022-12-06 00:00:00+05:30,1380.0250244140625,1405.9000244140625,1376.574951171875,1379.25,1451394
2022-12-07 00:00:00+05:30,1380.875,1387.2249755859375,1359.199951171875,1363.324951171875,1009110
2022-12-08 00:00:00+05:30,1365.0,1380.4749755859375,1356.0,1376.5,1021472
2022-12-09 00:00:00+05:30,1383.3499755859375,1387.074951171875,1339.7249755859375,1360.175048828125,1329912
2022-12-12 00:00:00+05:30,1362.5,1372.4749755859375,1353.5,1356.699951171875,953218
2022-12-13 00:00:00+05:30,1360.5,1366.324951171875,1350.300048828125,1354.0,813070
2022-12-14 00:00:00+05:30,1356.5,1362.0,1340.0,1341.824951171875,863386
2022-12-15 00:00:00+05:30,1340.0,1344.8499755859375,1296.0250244140625,1301.9000244140625,1667784
2022-12-16 00:00:00+05:30,1300.0,1307.5,1272.0999755859375,1293.2249755859375,1548086
2022-12-19 00:00:00+05:30,1290.050048828125,1325.0,1277.675048828125,1322.199951171875,1327990
2022-12-20 00:00:00+05:30,1323.0,1334.0,1303.0,1328.2249755859375,1273414
2022-12-21 00:00:00+05:30,1331.9749755859375,1337.699951171875,1280.0250244140625,1291.0250244140625,1910302
2022-12-22 00:00:00+05:30,1294.0,1300.5,1246.5,1262.25,1737178
2022-12-23 00:00:00+05:30,1252.5,1262.25,1212.875,1219.824951171875,1735564
2022-12-26 00:00:00+05:30,1212.5,1272.0,1207.5,1263.574951171875,1637110
2022-12-27 00:00:00+05:30,1274.3499755859375,1275.5,1245.550048828125,1261.050048828125,2309794
2022-12-28 00:00:00+05:30,1261.0,1280.9749755859375,1249.199951171875,1262.5250244140625,1371280
2022-12-29 00:00:00+05:30,1255.0,1263.375,1250.0,1253.2750244140625,1502838
2022-12-30 00:00:00+05:30,1259.5,1276.0999755859375,1258.1500244140625,1265.625,909436
2023-01-02 00:00:00+05:30,1270.0,1286.9749755859375,1263.175048828125,1270.25,998072
2023-01-03 00:00:00+05:30,1272.0,1281.625,1260.7750244140625,1269.5250244140625,1109886
2023-01-04 00:00:00+05:30,1275.8499755859375,1275.8499755859375,1236.550048828125,1240.9749755859375,1376606
2023-01-05 00:00:00+05:30,1240.75,1259.2249755859375,1225.0,1255.8499755859375,1290668
2023-01-06 00:00:00+05:30,1255.949951171875,1270.2750244140625,1241.0250244140625,1250.199951171875,1006604
2023-01-09 00:00:00+05:30,1258.5,1271.0,1242.5,1247.949951171875,1064990
2023-01-10 00:00:00+05:30,1253.0,1253.0,1227.75,1239.675048828125,911896
2023-01-11 00:00:00+05:30,1245.875,1255.9749755859375,1227.5,1232.324951171875,1345496
2023-01-12 00:00:00+05:30,1235.0,1239.675048828125,1220.0,1224.425048828125,805988
2023-01-13 00:00:00+05:30,1224.375,1236.125,1217.7750244140625,1231.375,1054624
2023-01-16 00:00:00+05:30,1225.0,1252.5,1223.125,1238.800048828125,1176602
2023-01-17 00:00:00+05:30,1241.9000244140625,1242.25,1216.8499755859375,1228.800048828125,1182260
2023-01-18 00:00:00+05:30,1232.5,1238.0,1212.324951171875,1217.3499755859375,1305786
2023-01-19 00:00:00+05:30,1217.0,1227.5,1203.0,1226.375,1079776
2023-01-20 00:00:00+05:30,1226.5,1261.0,1223.625,1254.75,1758206
2023-01-23 00:00:00+05:30,1264.0,1266.7750244140625,1249.8499755859375,1262.2249755859375,1168318
2023-01-24 00:00:00+05:30,1263.324951171875,1275.0,1257.5,1272.050048828125,835766
2023-01-25 00:00:00+05:30,1272.050048828125,1272.050048828125,1245.175048828125,1260.550048828125,1442252
2023-01-27 00:00:00+05:30,1262.925048828125,1270.9749755859375,1209.050048828125,1232.5,1602946
2023-01-30 00:00:00+05:30,1230.0,1250.949951171875,1211.625,1235.699951171875,1147896
2023-01-31 00:00:00+05:30,1241.8499755859375,1285.4000244140625,1235.0,1276.425048828125,2401150
2023-02-01 00:00:00+05:30,1287.5,1296.5,1150.0,1182.175048828125,4646160
2023-02-02 00:00:00+05:30,1150.0250244140625,1203.9749755859375,1150.0250244140625,1178.375,1834140
2023-02-03 00:00:00+05:30,1182.5,1194.875,1155.050048828125,1169.949951171875,1316218
2023-02-06 00:00:00+05:30,1175.800048828125,1208.074951171875,1175.0,1201.4000244140625,1718828
2023-02-07 00:00:00+05:30,1206.949951171875,1227.5,1203.0,1213.3499755859375,1456402
2023-02-08 00:00:00+05:30,1219.574951171875,1230.0,1208.0250244140625,1216.925048828125,800110
2023-02-09 00:00:00+05:30,1220.0,1238.0,1178.5,1204.0250244140625,2284432
2023-02-10 00:00:00+05:30,1189.5250244140625,1224.2249755859375,1187.5,1201.4749755859375,2477466
2023-02-13 00:00:00+05:30,1203.0,1234.824951171875,1201.300048828125,1223.449951171875,2257348
2023-02-14 00:00:00+05:30,1226.824951171875,1241.5,1221.550048828125,1233.6500244140625,1409882
2023-02-15 00:00:00+05:30,1240.0,1247.4749755859375,1227.9749755859375,1241.2750244140625,1296058
2023-02-16 00:00:00+05:30,1247.0,1355.0,1242.5,1332.699951171875,6259508
2023-02-17 00:00:00+05:30,1334.0,1374.0,1310.5,1319.5999755859375,8472188
2023-02-20 00:00:00+05:30,1322.0,1322.0,1281.875,1293.574951171875,2273804
2023-02-21 00:00:00+05:30,1298.5,1327.0,1290.0,1311.125,2991976
2023-02-22 00:00:00+05:30,1312.5,1318.4749755859375,1270.5,1279.7750244140625,2344648
2023-02-23 00:00:00+05:30,1283.574951171875,1286.7249755859375,1264.0,1270.4749755859375,1457900
2023-02-24 00:00:00+05:30,1275.675048828125,1283.0999755859375,1255.949951171875,1266.875,1296700
2023-02-27 00:00:00+05:30,1265.0,1289.5,1258.625,1286.675048828125,1473038
2023-02-28 00:00:00+05:30,1292.5,1303.5,1278.074951171875,1287.1500244140625,1522170
2023-03-01 00:00:00+05:30,1290.0,1345.0,1287.175048828125,1342.125,2802016
2023-03-02 00:00:00+05:30,1355.5,1364.3499755859375,1329.0,1355.2750244140625,3566784
2023-03-03 00:00:00+05:30,1357.4749755859375,1381.199951171875,1340.5,1346.0250244140625,2545132
2023-03-06 00:00:00+05:30,1357.4749755859375,1363.5,1348.050048828125,1355.375,1490630
2023-03-08 00:00:00+05:30,1352.5,1447.1500244140625,1352.5,1431.625,8720466
2023-03-09 00:00:00+05:30,1433.9749755859375,1446.9000244140625,1417.5,1431.3499755859375,2678066
2023-03-10 00:00:00+05:30,1427.4749755859375,1456.699951171875,1407.2249755859375,1424.6500244140625,3121364
2023-03-13 00:00:00+05:30,1431.800048828125,1457.0,1387.5250244140625,1396.675048828125,4027458
2023-03-14 00:00:00+05:30,1403.0,1407.25,1366.5250244140625,1391.3499755859375,2195194
2023-03-15 00:00:00+05:30,1401.925048828125,1435.5,1387.5,1391.675048828125,3016680
2023-03-16 00:00:00+05:30,1397.5,1398.75,1332.5999755859375,1361.375,2539078
2023-03-17 00:00:00+05:30,1415.0,1425.0,1387.7249755859375,1399.4749755859375,4055368
2023-03-20 00:00:00+05:30,1393.949951171875,1393.949951171875,1308.300048828125,1322.425048828125,4032142
2023-03-21 00:00:00+05:30,1328.5,1336.0,1296.0,1327.7750244140625,2647334
2023-03-22 00:00:00+05:30,1330.0,1337.9749755859375,1307.5,1312.4000244140625,1320540
2023-03-23 00:00:00+05:30,1246.5,1259.9000244140625,1237.550048828125,1248.175048828125,10594782
2023-03-24 00:00:00+05:30,1260.0,1307.4000244140625,1260.0,1283.75,9542446
2023-03-27 00:00:00+05:30,1262.5,1318.0,1262.5,1314.5250244140625,5794146
2023-03-28 00:00:00+05:30,1314.5,1325.0,1310.8499755859375,1314.2249755859375,3718146
2023-03-29 00:00:00+05:30,1314.449951171875,1358.25,1308.949951171875,1353.375,3182244
2023-03-31 00:00:00+05:30,1359.8499755859375,1423.0,1358.324951171875,1365.550048828125,6241754
2023-04-03 00:00:00+05:30,1380.0,1385.675048828125,1354.0999755859375,1356.199951171875,2026130
2023-04-05 00:00:00+05:30,1363.5,1370.0,1335.0,1360.875,2337742
2023-04-06 00:00:00+05:30,1364.0,1387.0,1356.449951171875,1383.925048828125,2885656
2023-04-10 00:00:00+05:30,1386.5,1414.0,1383.5,1408.0999755859375,1839512
2023-04-11 00:00:00+05:30,1414.4749755859375,1423.5,1405.9000244140625,1412.2750244140625,1341074
2023-04-12 00:00:00+05:30,1412.2750244140625,1419.300048828125,1396.3499755859375,1405.7750244140625,998346
2023-04-13 00:00:00+05:30,1407.550048828125,1413.0,1397.5,1402.4749755859375,850886
2023-04-17 00:00:00+05:30,1402.0,1420.0,1395.5,1415.7249755859375,1431092
2023-04-18 00:00:00+05:30,1421.75,1427.4749755859375,1405.0,1414.574951171875,1039432
2023-04-19 00:00:00+05:30,1415.0250244140625,1424.25,1405.699951171875,1410.550048828125,794646
2023-04-20 00:00:00+05:30,1414.5,1418.675048828125,1384.2750244140625,1388.074951171875,1293338
2023-04-21 00:00:00+05:30,1385.0,1398.5,1370.25,1390.9749755859375,1204638
2023-04-24 00:00:00+05:30,1397.1500244140625,1417.0,1385.0250244140625,1412.800048828125,1286140
2023-04-25 00:00:00+05:30,1413.5,1424.5,1407.550048828125,1412.2249755859375,921288
2023-04-26 00:00:00+05:30,1412.0,1433.925048828125,1409.175048828125,1420.5,1467544
2023-04-27 00:00:00+05:30,1422.0,1424.9000244140625,1410.75,1419.4749755859375,791556
2023-04-28 00:00:00+05:30,1422.5,1462.4749755859375,1422.0,1460.0999755859375,1994824
2023-05-02 00:00:00+05:30,1469.925048828125,1479.0250244140625,1460.550048828125,1469.1500244140625,1528660
2023-05-03 00:00:00+05:30,1467.0250244140625,1516.0,1461.449951171875,1502.8499755859375,3559852
2023-05-04 00:00:00+05:30,1511.824951171875,1525.0,1470.0,1479.925048828125,1973526
2023-05-05 00:00:00+05:30,1487.0,1491.4000244140625,1467.5,1472.175048828125,922178
2023-05-08 00:00:00+05:30,1475.0,1485.0,1462.0999755859375,1479.4000244140625,899728
2023-05-09 00:00:00+05:30,1482.5,1490.0,1442.949951171875,1457.1500244140625,1102232
2023-05-10 00:00:00+05:30,1463.0,1480.0,1457.5,1477.199951171875,969060
2023-05-11 00:00:00+05:30,1487.5,1512.0,1482.5,1509.175048828125,2020784
2023-05-12 00:00:00+05:30,1516.5,1516.5,1473.6500244140625,1486.9749755859375,2713000
2023-05-15 00:00:00+05:30,1493.4749755859375,1516.0,1485.324951171875,1512.175048828125,1882018
2023-05-16 00:00:00+05:30,1519.3499755859375,1561.550048828125,1516.5250244140625,1548.375,3066666
2023-05-17 00:00:00+05:30,1554.9000244140625,1584.4000244140625,1550.8499755859375,1566.949951171875,2582144
2023-05-18 00:00:00+05:30,1572.5,1574.800048828125,1533.5,1546.949951171875,1786942
2023-05-19 00:00:00+05:30,1555.0,1555.0,1522.5,1536.6500244140625,1215278
2023-05-22 00:00:00+05:30,1542.449951171875,1553.5,1524.300048828125,1549.6500244140625,1190554
2023-05-23 00:00:00+05:30,1552.0,1564.2750244140625,1521.0,1523.199951171875,1497886
2023-05-24 00:00:00+05:30,1523.199951171875,1534.949951171875,1498.5,1500.625,2081962
2023-05-25 00:00:00+05:30,1506.2249755859375,1515.449951171875,1489.8499755859375,1507.3499755859375,1935542
2023-05-26 00:00:00+05:30,1514.9000244140625,1534.949951171875,1497.7750244140625,1510.0999755859375,2405718
2023-05-29 00:00:00+05:30,1521.0,1526.9000244140625,1499.0250244140625,1506.8499755859375,2016656
2023-05-30 00:00:00+05:30,1514.2249755859375,1558.074951171875,1507.5,1551.074951171875,4393486
2023-05-31 00:00:00+05:30,1569.0,1592.5,1516.5,1558.5250244140625,23508736
2023-06-01 00:00:00+05:30,1540.0,1549.0,1530.25,1540.375,2170032
2023-06-02 00:00:00+05:30,1547.0,1587.449951171875,1542.050048828125,1583.9749755859375,2692120
2023-06-05 00:00:00+05:30,1591.875,1663.0,1587.6500244140625,1641.75,4784968
2023-06-06 00:00:00+05:30,1646.0,1720.0,1644.5,1706.550048828125,4634846
2023-06-07 00:00:00+05:30,1735.0,1762.5,1728.5999755859375,1744.0250244140625,5907826
2023-06-08 00:00:00+05:30,1759.0250244140625,1773.7750244140625,1738.5,1763.699951171875,3310766
2023-06-09 00:00:00+05:30,1804.5,1892.5,1765.125,1866.449951171875,11784674
2023-06-12 00:00:00+05:30,1877.5,1900.0,1823.550048828125,1843.0250244140625,7888898
2023-06-13 00:00:00+05:30,1849.5,1849.5,1814.0250244140625,1819.5999755859375,3235854
2023-06-14 00:00:00+05:30,1826.5,1869.5,1822.550048828125,1857.800048828125,3825868
2023-06-15 00:00:00+05:30,1865.0999755859375,1873.5999755859375,1844.074951171875,1853.800048828125,2121874
2023-06-16 00:00:00+05:30,1861.5,1943.0,1859.175048828125,1922.3499755859375,6239354
2023-06-19 00:00:00+05:30,1949.5,1975.0,1932.5,1946.699951171875,5109292
2023-06-20 00:00:00+05:30,1949.5,1949.5,1900.0,1924.3499755859375,3893862
2023-06-21 00:00:00+05:30,1939.6500244140625,1945.175048828125,1880.0,1910.175048828125,3310098
2023-06-22 00:00:00+05:30,1911.0,1914.4749755859375,1873.2249755859375,1880.2249755859375,3664396
2023-06-23 00:00:00+05:30,1889.9000244140625,1930.0,1810.5,1820.2750244140625,8572968
2023-06-26 00:00:00+05:30,1821.5,1860.0,1790.050048828125,1850.5250244140625,5507348
2023-06-27 00:00:00+05:30,1867.0999755859375,1885.0,1826.5999755859375,1830.550048828125,4390540
2023-06-28 00:00:00+05:30,1842.4000244140625,1872.5,1833.0,1860.949951171875,3532066
2023-06-30 00:00:00+05:30,1865.949951171875,1903.375,1850.5,1896.25,3494638
2023-07-03 00:00:00+05:30,1904.574951171875,1905.5250244140625,1880.800048828125,1885.0250244140625,1383142
2023-07-04 00:00:00+05:30,1885.0250244140625,1892.5,1857.5,1861.050048828125,1414468
2023-07-05 00:00:00+05:30,1860.9749755859375,1874.5,1845.0,1867.449951171875,1597660
2023-07-06 00:00:00+05:30,1870.0,1882.4000244140625,1853.5,1865.5250244140625,1736726
2023-07-07 00:00:00+05:30,1860.0,1892.4000244140625,1855.0,1879.75,3145996
2023-07-10 00:00:00+05:30,1891.800048828125,1900.0,1870.5250244140625,1888.2249755859375,1850612
2023-07-11 00:00:00+05:30,1897.925048828125,1972.5,1895.425048828125,1958.7249755859375,6498242
2023-07-12 00:00:00+05:30,1966.9749755859375,1966.9749755859375,1907.625,1921.925048828125,3088386
2023-07-13 00:00:00+05:30,1931.0,1949.324951171875,1910.0,1927.0,2637038
2023-07-14 00:00:00+05:30,1928.25,1933.5,1887.5999755859375,1918.3499755859375,2389776
2023-07-17 00:00:00+05:30,1928.0,1956.5,1901.8499755859375,1907.8499755859375,2722208
2023-07-18 00:00:00+05:30,1914.0,1937.5,1906.25,1925.125,1759552
2023-07-19 00:00:00+05:30,1926.949951171875,1942.0,1921.5250244140625,1930.449951171875,1581708
2023-07-20 00:00:00+05:30,1930.0,1933.4749755859375,1907.7750244140625,1918.4749755859375,1073984
2023-07-21 00:00:00+05:30,1925.1500244140625,1947.0,1921.5,1927.2249755859375,1781184
2023-07-24 00:00:00+05:30,1934.175048828125,1959.449951171875,1925.0,1942.625,1896302
2023-07-25 00:00:00+05:30,1949.5,1952.5,1914.0250244140625,1918.175048828125,1092930
2023-07-26 00:00:00+05:30,1923.9000244140625,1935.0,1914.324951171875,1929.300048828125,680048
2023-07-27 00:00:00+05:30,1930.0,1933.949951171875,1918.0,1926.4749755859375,807498
2023-07-28 00:00:00+05:30,1925.0,1974.5,1915.550048828125,1964.5,2743224
2023-07-31 00:00:00+05:30,1972.0,1999.449951171875,1969.5,1980.75,2155884
2023-08-01 00:00:00+05:30,1983.5,1987.175048828125,1927.5250244140625,1932.949951171875,1689700
2023-08-02 00:00:00+05:30,1933.0,1933.5,1856.625,1869.925048828125,1960584
2023-08-03 00:00:00+05:30,1869.449951171875,1896.5250244140625,1850.7750244140625,1883.2750244140625,1441748
2023-08-04 00:00:00+05:30,1892.5,1899.9749755859375,1870.1500244140625,1875.0,1013752
2023-08-07 00:00:00+05:30,1882.5,1889.925048828125,1872.5,1876.0250244140625,1035448
2023-08-08 00:00:00+05:30,1885.0,1897.3499755859375,1870.875,1887.875,790866
2023-08-09 00:00:00+05:30,1893.0,1919.574951171875,1881.050048828125,1912.125,1270686
2023-08-10 00:00:00+05:30,1911.5,1930.0,1891.175048828125,1895.824951171875,791856
2023-08-11 00:00:00+05:30,1906.050048828125,1934.425048828125,1881.5250244140625,1895.5,2200848
2023-08-14 00:00:00+05:30,1892.425048828125,1946.0,1857.699951171875,1939.425048828125,2643174
2023-08-16 00:00:00+05:30,1940.0250244140625,1957.5,1915.5,1950.074951171875,1322556
2023-08-17 00:00:00+05:30,1954.5,1964.125,1930.699951171875,1934.625,1116772
2023-08-18 00:00:00+05:30,1935.0,1941.5,1890.0,1894.0,1153394
2023-08-21 00:00:00+05:30,1893.925048828125,1916.875,1890.425048828125,1910.425048828125,888908
2023-08-22 00:00:00+05:30,1913.9000244140625,1954.0999755859375,1911.050048828125,1945.7249755859375,1811764
2023-08-23 00:00:00+05:30,1950.0,2024.949951171875,1947.699951171875,2015.550048828125,5100426
2023-08-24 00:00:00+05:30,2067.5,2067.5,1978.449951171875,1982.7249755859375,5055676
2023-08-25 00:00:00+05:30,1994.4000244140625,2009.5,1946.050048828125,1955.199951171875,2341784
2023-08-28 00:00:00+05:30,1965.0,1979.800048828125,1950.0,1957.625,1480930
2023-08-29 00:00:00+05:30,1961.7249755859375,1964.5,1937.574951171875,1948.675048828125,1921322
2023-08-30 00:00:00+05:30,1964.0,1979.0,1950.0250244140625,1952.6500244140625,1591546
2023-08-31 00:00:00+05:30,1959.5,1964.5,1938.300048828125,1950.1500244140625,1989702
2023-09-01 00:00:00+05:30,1959.9000244140625,1989.4000244140625,1954.5,1970.875,1778540
2023-09-04 00:00:00+05:30,1982.175048828125,2009.5,1975.5250244140625,1983.125,2012218
2023-09-05 00:00:00+05:30,1989.4000244140625,1992.5,1971.5999755859375,1976.425048828125,837472
2023-09-06 00:00:00+05:30,1980.800048828125,1999.3499755859375,1975.5250244140625,1994.7249755859375,1215652
2023-09-07 00:00:00+05:30,2000.0,2034.949951171875,1998.875,2020.125,2602116
2023-09-08 00:00:00+05:30,2029.949951171875,2069.449951171875,2025.5,2052.77490234375,2895476
2023-09-11 00:00:00+05:30,2085.0,2085.0,2033.0,2041.3499755859375,1653588
2023-09-12 00:00:00+05:30,2050.0,2050.925048828125,1965.0,1970.4000244140625,1895288
2023-09-13 00:00:00+05:30,1975.0,1995.0,1945.050048828125,1985.1500244140625,1477608
2023-09-14 00:00:00+05:30,1991.9749755859375,1994.75,1970.0,1979.0999755859375,722168
2023-09-15 00:00:00+05:30,1986.949951171875,1988.875,1970.050048828125,1973.824951171875,786220
2023-09-18 00:00:00+05:30,2050.0,2055.574951171875,1978.925048828125,1991.800048828125,2944968
2023-09-20 00:00:00+05:30,1992.1500244140625,2028.75,1982.5,1996.300048828125,2439714
2023-09-21 00:00:00+05:30,2003.3499755859375,2012.0,1950.800048828125,1957.7249755859375,1535970
2023-09-22 00:00:00+05:30,1963.4000244140625,1979.25,1927.5,1935.0,1490806
2023-09-25 00:00:00+05:30,1943.300048828125,1944.699951171875,1907.5,1927.5,1657588
2023-09-26 00:00:00+05:30,1931.9000244140625,1958.425048828125,1927.824951171875,1935.574951171875,1670334
2023-09-27 00:00:00+05:30,1937.0,1941.824951171875,1916.0,1918.8499755859375,1706940
2023-09-28 00:00:00+05:30,1934.800048828125,1941.5999755859375,1885.0,1889.1500244140625,1992076
2023-09-29 00:00:00+05:30,1898.0,1942.75,1897.0999755859375,1928.1500244140625,1147905
2023-10-03 00:00:00+05:30,1939.1500244140625,1963.800048828125,1926.0999755859375,1957.050048828125,2009422
2023-10-04 00:00:00+05:30,1957.050048828125,1958.949951171875,1888.0,1916.25,1825706
2023-10-05 00:00:00+05:30,1935.1500244140625,1972.0,1931.1500244140625,1943.8499755859375,1976433
2023-10-06 00:00:00+05:30,1945.1500244140625,1964.0,1943.0,1956.0999755859375,1029633
2023-10-09 00:00:00+05:30,1936.0,1947.0,1915.6500244140625,1920.8499755859375,824232
2023-10-10 00:00:00+05:30,1940.0,1967.6500244140625,1935.550048828125,1959.449951171875,1658275
2023-10-11 00:00:00+05:30,1964.800048828125,1980.0,1957.5,1961.5999755859375,895385
2023-10-12 00:00:00+05:30,1961.5999755859375,1974.5999755859375,1958.0,1968.449951171875,537987
2023-10-13 00:00:00+05:30,1960.0,1990.0,1955.050048828125,1975.0999755859375,770978
2023-10-16 00:00:00+05:30,1974.050048828125,1979.949951171875,1956.800048828125,1963.300048828125,786576
2023-10-17 00:00:00+05:30,1972.8499755859375,1972.9000244140625,1960.0999755859375,1963.699951171875,449525
2023-10-18 00:00:00+05:30,1965.0,1984.050048828125,1950.0,1962.6500244140625,753713
2023-10-19 00:00:00+05:30,1957.0,1965.5,1946.0999755859375,1953.9000244140625,437558
2023-10-20 00:00:00+05:30,1945.9000244140625,1954.550048828125,1905.050048828125,1912.699951171875,771497
2023-10-23 00:00:00+05:30,1912.699951171875,1917.800048828125,1841.0999755859375,1845.300048828125,1149806
2023-10-25 00:00:00+05:30,1845.0,1872.199951171875,1782.550048828125,1809.8499755859375,1625270
2023-10-26 00:00:00+05:30,1795.0,1831.8499755859375,1767.800048828125,1819.449951171875,1478145
2023-10-27 00:00:00+05:30,1829.949951171875,1861.6500244140625,1825.6500244140625,1854.4000244140625,1140613
2023-10-30 00:00:00+05:30,1870.0,1870.0,1830.050048828125,1834.5999755859375,796456
2023-10-31 00:00:00+05:30,1836.0,1848.0,1818.6500244140625,1823.050048828125,691198
2023-11-01 00:00:00+05:30,1828.8499755859375,1831.75,1819.0,1822.699951171875,575637
2023-11-02 00:00:00+05:30,1835.0,1858.300048828125,1823.0,1855.449951171875,728430
2023-11-03 00:00:00+05:30,1865.75,1904.9000244140625,1857.0,1901.75,1032482
2023-11-06 00:00:00+05:30,1910.0,1938.0,1908.0,1934.75,975588
2023-11-07 00:00:00+05:30,1939.949951171875,2023.0,1930.0,2017.1500244140625,2897381
2023-11-08 00:00:00+05:30,2026.949951171875,2048.0,2008.75,2044.550048828125,1748876
2023-11-09 00:00:00+05:30,2045.0,2049.75,2026.0,2030.800048828125,679939
2023-11-10 00:00:00+05:30,2041.6500244140625,2110.949951171875,1995.0,2058.89990234375,4755794
2023-11-13 00:00:00+05:30,2072.0,2075.0,2041.800048828125,2060.35009765625,1183911
2023-11-15 00:00:00+05:30,2066.050048828125,2105.0,2040.550048828125,2091.0,1634396
2023-11-16 00:00:00+05:30,2092.85009765625,2155.0,2085.0,2114.300048828125,2450457
2023-11-17 00:00:00+05:30,2120.10009765625,2148.89990234375,2115.75,2126.0,1087862
2023-11-20 00:00:00+05:30,2137.300048828125,2167.0,2116.0,2146.60009765625,1452454
2023-11-21 00:00:00+05:30,2154.0,2161.949951171875,2135.0,2144.300048828125,832725
2023-11-22 00:00:00+05:30,2144.949951171875,2152.10009765625,2088.949951171875,2112.10009765625,1014171
2023-11-23 00:00:00+05:30,2116.949951171875,2159.0,2107.64990234375,2146.25,1259937
2023-11-24 00:00:00+05:30,2154.89990234375,2251.0,2145.75,2240.300048828125,2909879
2023-11-28 00:00:00+05:30,2309.0,2334.35009765625,2266.0,2287.0,3488568
2023-11-29 00:00:00+05:30,2332.0,2356.050048828125,2300.64990234375,2343.39990234375,2349730
2023-11-30 00:00:00+05:30,2369.89990234375,2444.0,2307.0,2379.800048828125,7273415
2023-12-01 00:00:00+05:30,2495.0,2500.0,2437.14990234375,2462.25,4012398
2023-12-04 00:00:00+05:30,2534.0,2534.5,2473.0,2519.39990234375,2351668
2023-12-05 00:00:00+05:30,2519.39990234375,2573.0,2505.199951171875,2552.949951171875,1840576
2023-12-06 00:00:00+05:30,2559.0,2754.14990234375,2556.550048828125,2714.60009765625,6078296
2023-12-07 00:00:00+05:30,2730.0,2741.699951171875,2661.14990234375,2689.75,2607706
2023-12-08 00:00:00+05:30,2700.0,2783.199951171875,2690.050048828125,2733.64990234375,2833575
2023-12-11 00:00:00+05:30,2739.949951171875,2813.0,2722.35009765625,2791.75,2624284
2023-12-12 00:00:00+05:30,2805.14990234375,2820.25,2715.300048828125,2739.89990234375,2393861
2023-12-13 00:00:00+05:30,2749.0,2778.0,2736.550048828125,2770.0,1438726
2023-12-14 00:00:00+05:30,2785.0,2813.550048828125,2765.14990234375,2773.0,1193987
2023-12-15 00:00:00+05:30,2785.85009765625,2792.75,2716.10009765625,2761.800048828125,1430382
2023-12-18 00:00:00+05:30,2760.0,2849.75,2752.25,2813.10009765625,2920105
2023-12-19 00:00:00+05:30,2819.949951171875,2824.39990234375,2776.75,2787.449951171875,1272030
2023-12-20 00:00:00+05:30,2797.949951171875,2819.949951171875,2651.0,2665.89990234375,1947471
2023-12-21 00:00:00+05:30,2639.0,2737.949951171875,2585.0,2706.5,2206814
2023-12-22 00:00:00+05:30,2723.0,2727.0,2677.60009765625,2703.699951171875,1000294
2023-12-26 00:00:00+05:30,2710.0,2829.949951171875,2701.25,2820.64990234375,2160870
2023-12-27 00:00:00+05:30,2832.949951171875,2836.949951171875,2788.0,2808.199951171875,1156573
2023-12-28 00:00:00+05:30,2812.5,2827.0,2796.050048828125,2805.800048828125,1003223
2023-12-29 00:00:00+05:30,2807.89990234375,2830.0,2784.0,2804.0,765894
2024-01-01 00:00:00+05:30,2805.10009765625,2859.89990234375,2805.10009765625,2826.35009765625,1038164
2024-01-02 00:00:00+05:30,2829.89990234375,2838.75,2748.449951171875,2791.800048828125,1047639
2024-01-03 00:00:00+05:30,2763.0,2886.550048828125,2763.0,2870.0,2164728
2024-01-04 00:00:00+05:30,2876.0,2918.0,2865.35009765625,2904.25,1740167
2024-01-05 00:00:00+05:30,2980.0,3079.0,2965.10009765625,2998.85009765625,5560237
2024-01-08 00:00:00+05:30,3017.0,3034.949951171875,2985.0,2995.60009765625,1682520
2024-01-09 00:00:00+05:30,3020.0,3074.800048828125,3001.0,3010.25,1979028
2024-01-10 00:00:00+05:30,3017.10009765625,3025.5,2978.14990234375,3017.300048828125,1248563
2024-01-11 00:00:00+05:30,3029.89990234375,3042.85009765625,3013.0,3020.449951171875,723628
2024-01-12 00:00:00+05:30,3030.0,3030.0,2991.0,3001.949951171875,867631
2024-01-15 00:00:00+05:30,3016.0,3039.199951171875,2985.0,3030.550048828125,1135342
2024-01-16 00:00:00+05:30,3054.0,3064.449951171875,2941.75,2993.550048828125,2214293
2024-01-17 00:00:00+05:30,2980.0,3008.10009765625,2931.800048828125,2958.300048828125,1643170
2024-01-18 00:00:00+05:30,2957.5,2981.0,2845.699951171875,2967.60009765625,2066487
2024-01-19 00:00:00+05:30,2985.0,3032.0,2982.199951171875,3028.14990234375,1203346
2024-01-23 00:00:00+05:30,3007.0,3022.0,2847.25,2890.5,1628038
2024-01-24 00:00:00+05:30,2889.949951171875,2941.949951171875,2820.0,2931.449951171875,1330866
2024-01-25 00:00:00+05:30,2940.0,2958.300048828125,2875.0,2903.800048828125,1309130
2024-01-29 00:00:00+05:30,2910.0,2985.0,2903.89990234375,2976.949951171875,1213259
2024-01-30 00:00:00+05:30,2991.75,3065.0,2986.050048828125,3012.550048828125,1853804
2024-01-31 00:00:00+05:30,3015.0,3018.5,2981.85009765625,2999.39990234375,1074596
2024-02-01 00:00:00+05:30,3020.0,3074.0,2955.14990234375,2997.550048828125,1920618
2024-02-02 00:00:00+05:30,3012.0,3047.949951171875,2965.35009765625,2970.699951171875,1256014
2024-02-05 00:00:00+05:30,2980.0,3005.0,2912.699951171875,2932.5,936558
2024-02-06 00:00:00+05:30,2936.949951171875,2969.0,2907.050048828125,2958.449951171875,1421958
2024-02-07 00:00:00+05:30,2964.89990234375,2978.0,2922.0,2949.75,893201
2024-02-08 00:00:00+05:30,2963.0,3132.0,2956.050048828125,3097.199951171875,4475010
2024-02-09 00:00:00+05:30,3127.0,3127.0,2920.0,2965.35009765625,3176427
2024-02-12 00:00:00+05:30,2975.0,2987.050048828125,2828.0,2846.050048828125,2890465
2024-02-13 00:00:00+05:30,2861.800048828125,2933.0,2824.85009765625,2922.60009765625,1805862
2024-02-14 00:00:00+05:30,2887.0,2966.39990234375,2855.300048828125,2957.10009765625,1112043
2024-02-15 00:00:00+05:30,2990.0,3034.0,2983.14990234375,3023.199951171875,1788864
2024-02-16 00:00:00+05:30,3044.0,3105.0,3035.199951171875,3078.800048828125,2732655
2024-02-19 00:00:00+05:30,3099.949951171875,3113.89990234375,3016.85009765625,3021.75,1615343
2024-02-20 00:00:00+05:30,3018.800048828125,3018.800048828125,2971.0,2995.300048828125,979624
2024-02-21 00:00:00+05:30,2997.949951171875,3025.0,2935.10009765625,2948.050048828125,1281770
2024-02-22 00:00:00+05:30,2959.0,3010.0,2940.0,3005.64990234375,919890
2024-02-23 00:00:00+05:30,3006.0,3065.5,3006.0,3045.5,1388116
2024-02-26 00:00:00+05:30,3045.449951171875,3075.0,3013.699951171875,3049.75,849178
2024-02-27 00:00:00+05:30,3044.949951171875,3125.75,3033.25,3095.5,2050688
2024-02-28 00:00:00+05:30,3114.0,3170.0,3061.25,3085.199951171875,2725678
2024-02-29 00:00:00+05:30,3084.949951171875,3105.0,3014.10009765625,3084.050048828125,1382425
2024-03-01 00:00:00+05:30,3099.0,3164.0,3092.0,3154.300048828125,1516443
2024-03-04 00:00:00+05:30,3157.0,3226.85009765625,3133.0,3214.949951171875,1892157
2024-03-05 00:00:00+05:30,3229.0,3266.75,3201.0,3237.0,1502498
2024-03-06 00:00:00+05:30,3238.800048828125,3245.0,3154.300048828125,3228.199951171875,1292669
2024-03-07 00:00:00+05:30,3262.0,3334.0,3255.050048828125,3317.300048828125,2251410
2024-03-11 00:00:00+05:30,3365.0,3428.0,3336.0,3371.449951171875,2519751
2024-03-12 00:00:00+05:30,3375.0,3380.0,3241.10009765625,3267.550048828125,1421483
2024-03-13 00:00:00+05:30,3250.0,3270.35009765625,3015.75,3039.5,3448647
2024-03-14 00:00:00+05:30,3053.949951171875,3177.89990234375,3017.050048828125,3165.949951171875,2329439
2024-03-15 00:00:00+05:30,3164.949951171875,3182.550048828125,3006.0,3099.10009765625,2864705
2024-03-18 00:00:00+05:30,3138.0,3184.0,3105.39990234375,3121.949951171875,1967550
2024-03-19 00:00:00+05:30,3111.75,3144.39990234375,3034.35009765625,3058.89990234375,1666528
2024-03-20 00:00:00+05:30,3074.0,3080.0,2913.60009765625,2980.5,2975349
2024-03-21 00:00:00+05:30,3024.0,3128.449951171875,3020.0,3121.35009765625,1962690
2024-03-22 00:00:00+05:30,3114.050048828125,3209.89990234375,3085.0,3170.800048828125,2086220
2024-03-26 00:00:00+05:30,3193.0,3305.0,3180.0,3300.800048828125,2573125
2024-03-27 00:00:00+05:30,3317.0,3324.89990234375,3245.0,3281.050048828125,1503735
2024-03-28 00:00:00+05:30,3291.0,3345.0,3272.0,3327.0,1385868
2024-04-01 00:00:00+05:30,3392.0,3454.25,3362.10009765625,3403.35009765625,2513886
2024-04-02 00:00:00+05:30,3440.0,3584.0,3412.0,3543.0,3169551
2024-04-03 00:00:00+05:30,3540.0,3610.800048828125,3508.300048828125,3589.300048828125,2077663
2024-04-04 00:00:00+05:30,3609.949951171875,3614.949951171875,3512.199951171875,3540.949951171875,1591827
2024-04-05 00:00:00+05:30,3545.0,3595.0,3507.85009765625,3586.050048828125,1123258
2024-04-08 00:00:00+05:30,3600.0,3600.0,3543.050048828125,3567.14990234375,865339
2024-04-09 00:00:00+05:30,3568.0,3589.0,3527.0,3546.550048828125,649755
2024-04-10 00:00:00+05:30,3550.0,3623.60009765625,3548.64990234375,3565.39990234375,1160813
2024-04-12 00:00:00+05:30,3565.0,3677.550048828125,3550.0,3638.10009765625,3042596
2024-04-15 00:00:00+05:30,3640.0,3700.0,3564.050048828125,3629.25,3848159
2024-04-16 00:00:00+05:30,3626.0,3738.949951171875,3585.35009765625,3722.14990234375,2939862
2024-04-18 00:00:00+05:30,3744.0,3768.0,3652.699951171875,3677.14990234375,2294396
2024-04-19 00:00:00+05:30,3660.0,3761.14990234375,3621.0,3751.300048828125,2256325
2024-04-22 00:00:00+05:30,3800.0,3810.0,3732.60009765625,3785.5,1337755
2024-04-23 00:00:00+05:30,3800.0,3831.85009765625,3783.050048828125,3795.699951171875,1321429
2024-04-24 00:00:00+05:30,3826.10009765625,4000.0,3812.5,3946.699951171875,4429158
2024-04-25 00:00:00+05:30,3958.60009765625,4035.0,3939.0,4000.75,2632613
2024-04-26 00:00:00+05:30,4019.949951171875,4039.949951171875,3966.35009765625,3984.39990234375,1432727
2024-04-29 00:00:00+05:30,4006.35009765625,4044.75,3975.300048828125,4017.699951171875,1202126
2024-04-30 00:00:00+05:30,4035.35009765625,4035.85009765625,3930.0,3939.35009765625,2054258
2024-05-02 00:00:00+05:30,3942.0,3973.10009765625,3931.39990234375,3947.199951171875,1008325
2024-05-03 00:00:00+05:30,3952.25,3967.0,3880.0,3920.199951171875,1180369
2024-05-06 00:00:00+05:30,3936.0,3938.39990234375,3785.050048828125,3816.39990234375,1613143
2024-05-07 00:00:00+05:30,3815.449951171875,3839.0,3693.39990234375,3715.0,1975562
2024-05-08 00:00:00+05:30,3703.0,3883.199951171875,3671.0,3856.5,1993745
2024-05-09 00:00:00+05:30,3895.800048828125,3954.0,3820.449951171875,3846.64990234375,2335375
2024-05-10 00:00:00+05:30,3860.0,3907.699951171875,3820.64990234375,3872.89990234375,1462534
2024-05-13 00:00:00+05:30,3875.5,3937.0,3762.60009765625,3921.75,1619124
2024-05-14 00:00:00+05:30,3979.64990234375,4086.25,3976.0,4074.699951171875,2964966
2024-05-15 00:00:00+05:30,4105.7998046875,4193.60009765625,4051.0,4182.35009765625,2310941
2024-05-16 00:00:00+05:30,4215.0,4656.39990234375,4157.0,4603.7001953125,10028325
2024-05-17 00:00:00+05:30,4644.9501953125,4665.9501953125,4485.0498046875,4531.7001953125,5664667
2024-05-21 00:00:00+05:30,4750.0,4870.0,4725.14990234375,4782.25,5540182
2024-05-22 00:00:00+05:30,4810.0,4960.60009765625,4735.0,4921.2001953125,5032087
2024-05-23 00:00:00+05:30,4944.0,4993.0,4908.0,4949.89990234375,3335143
2024-05-24 00:00:00+05:30,4950.0,5378.0,4921.10009765625,5166.64990234375,9073866
2024-05-27 00:00:00+05:30,5192.5,5223.2001953125,5025.2998046875,5142.35009765625,4228002
2024-05-28 00:00:00+05:30,5139.0,5207.89990234375,4955.0,5019.75,4402348
2024-05-29 00:00:00+05:30,5000.0,5152.0,4950.0,5051.75,4225666
2024-05-30 00:00:00+05:30,5062.0498046875,5090.0,4953.0498046875,4976.25,2751972
2024-05-31 00:00:00+05:30,5020.0,5042.7998046875,4862.2001953125,4973.85009765625,3912234
2024-06-03 00:00:00+05:30,5444.0,5444.0,5162.2998046875,5273.64990234375,4619434
2024-06-04 00:00:00+05:30,5145.0,5145.0,3955.25,4333.35009765625,15486676
2024-06-05 00:00:00+05:30,4421.14990234375,4449.10009765625,3920.0,4364.89990234375,13759681
2024-06-06 00:00:00+05:30,4450.0,4800.0,4450.0,4666.60009765625,9128985
2024-06-07 00:00:00+05:30,4666.64990234375,4788.0,4550.0,4745.14990234375,4542809
2024-06-10 00:00:00+05:30,4800.0,4844.0,4751.5498046875,4812.7001953125,2877321
2024-06-11 00:00:00+05:30,4831.0498046875,4922.5498046875,4830.0,4856.60009765625,2718189
2024-06-12 00:00:00+05:30,4881.7998046875,4925.2998046875,4841.5498046875,4889.0,2031876
2024-06-13 00:00:00+05:30,4940.0,5117.5498046875,4856.0,5099.7001953125,4364888
2024-06-14 00:00:00+05:30,5140.0,5260.0,5103.75,5200.5498046875,6319680
2024-06-18 00:00:00+05:30,5460.10009765625,5567.0,5389.5,5533.4501953125,9934132
2024-06-19 00:00:00+05:30,5580.0,5582.7998046875,5261.10009765625,5311.9501953125,7351379
2024-06-20 00:00:00+05:30,5311.0,5381.2998046875,5156.60009765625,5288.60009765625,4867153
2024-06-21 00:00:00+05:30,5298.5,5341.5,5151.0,5170.5498046875,4063083
2024-06-24 00:00:00+05:30,5170.0,5344.39990234375,5114.60009765625,5325.0498046875,3699083
2024-06-25 00:00:00+05:30,5375.0,5455.0,5330.0,5371.64990234375,3493916
2024-06-26 00:00:00+05:30,5367.5498046875,5410.0,5274.60009765625,5285.4501953125,2351908
2024-06-27 00:00:00+05:30,5265.0,5309.4501953125,5213.0,5281.5,2864946
2024-06-28 00:00:00+05:30,5299.0,5344.0,5250.0498046875,5264.25,1565629
2024-07-01 00:00:00+05:30,5270.0,5409.0,5253.2998046875,5394.0498046875,2307080
2024-07-02 00:00:00+05:30,5400.0,5420.0,5300.0,5344.0498046875,1706329
2024-07-03 00:00:00+05:30,5366.9501953125,5480.0,5331.4501953125,5459.2998046875,2852572
2024-07-04 00:00:00+05:30,5475.0,5568.7001953125,5459.2998046875,5515.10009765625,3743401
2024-07-05 00:00:00+05:30,5535.0,5624.9501953125,5482.5,5552.0,3446662
2024-07-08 00:00:00+05:30,5580.0,5662.4501953125,5560.5,5621.9501953125,3536842
2024-07-09 00:00:00+05:30,5638.89990234375,5674.75,5517.0498046875,5539.60009765625,2392991
2024-07-10 00:00:00+05:30,5568.7998046875,5580.0,5319.0,5486.14990234375,2121407
2024-07-11 00:00:00+05:30,5500.0,5575.0,5465.0,5547.60009765625,1843378
2024-07-12 00:00:00+05:30,5570.0,5578.4501953125,5446.0,5489.2001953125,1387762
2024-07-15 00:00:00+05:30,5495.0,5535.0,5429.0,5504.60009765625,1316307
2024-07-16 00:00:00+05:30,5492.2001953125,5501.0,5311.7001953125,5329.39990234375,2661970
2024-07-18 00:00:00+05:30,5325.0,5325.0,4975.0,5015.75,7950717
2024-07-19 00:00:00+05:30,5010.0,5020.0,4783.10009765625,4800.25,6373234
2024-07-22 00:00:00+05:30,4799.75,5073.85009765625,4678.0,4997.25,6315834
2024-07-23 00:00:00+05:30,5045.0,5069.0,4510.0,4856.10009765625,7108160
2024-07-24 00:00:00+05:30,4855.0,4967.14990234375,4803.10009765625,4849.5,2601966
2024-07-25 00:00:00+05:30,4780.0,4893.75,4732.0498046875,4830.0498046875,2232884
2024-07-26 00:00:00+05:30,4850.0,4933.75,4842.0,4905.39990234375,1492223
2024-07-29 00:00:00+05:30,4946.7998046875,5042.0,4911.0,5030.0,2448415
2024-07-30 00:00:00+05:30,5049.9501953125,5082.0,4945.10009765625,4953.64990234375,2499857
2024-07-31 00:00:00+05:30,4953.64990234375,4987.89990234375,4912.0,4922.85009765625,1298852
2024-08-01 00:00:00+05:30,4922.0,4946.89990234375,4797.60009765625,4813.2998046875,2347381
2024-08-02 00:00:00+05:30,4740.0,4768.0,4631.35009765625,4695.75,3205399
2024-08-05 00:00:00+05:30,4501.0498046875,4663.7998046875,4480.10009765625,4591.10009765625,3622642
2024-08-06 00:00:00+05:30,4601.0,4737.10009765625,4500.0,4514.2998046875,2117464
2024-08-07 00:00:00+05:30,4600.9501953125,4749.0,4570.0,4740.4501953125,2000224
2024-08-08 00:00:00+05:30,4742.0,4759.9501953125,4660.0,4667.85009765625,1301394
2024-08-09 00:00:00+05:30,4746.7001953125,4773.5,4702.5498046875,4723.89990234375,1039025
2024-08-12 00:00:00+05:30,4690.0,4759.7001953125,4682.10009765625,4726.5498046875,1030708
2024-08-13 00:00:00+05:30,4748.0,4774.10009765625,4685.0,4701.35009765625,1465327
2024-08-14 00:00:00+05:30,4704.7998046875,4811.5,4593.75,4661.7001953125,3928422
2024-08-16 00:00:00+05:30,4769.5,4794.60009765625,4660.0,4769.7998046875,2878549
2024-08-19 00:00:00+05:30,4810.0,4858.0,4774.4501953125,4792.25,2362884
2024-08-20 00:00:00+05:30,4797.0,4809.9501953125,4683.60009765625,4736.0498046875,1472860
2024-08-21 00:00:00+05:30,4710.0,4772.60009765625,4702.2998046875,4731.14990234375,949203
2024-08-22 00:00:00+05:30,4740.0,4814.0,4722.0,4768.10009765625,1218312
2024-08-23 00:00:00+05:30,4807.0,4864.0,4777.60009765625,4822.75,1857673
2024-08-26 00:00:00+05:30,4850.0,4850.0,4770.0,4802.0,1390960
2024-08-27 00:00:00+05:30,4795.0,4798.60009765625,4715.0,4721.4501953125,1074033
2024-08-28 00:00:00+05:30,4724.0,4763.0,4670.0,4685.14990234375,798611
2024-08-29 00:00:00+05:30,4660.0,4683.4501953125,4540.4501953125,4601.9501953125,1715519
2024-08-30 00:00:00+05:30,4614.0,4702.4501953125,4602.7998046875,4679.9501953125,1630572
2024-09-02 00:00:00+05:30,4699.0,4715.0,4662.7998046875,4688.0,1121937
2024-09-03 00:00:00+05:30,4922.64990234375,4925.0,4801.64990234375,4832.35009765625,3960603
2024-09-04 00:00:00+05:30,4845.0,4950.0,4795.35009765625,4861.85009765625,3164300
2024-09-05 00:00:00+05:30,4871.0,4887.89990234375,4776.0498046875,4792.4501953125,1801363
2024-09-06 00:00:00+05:30,4785.0,4797.5,4695.0,4703.4501953125,1417853
2024-09-09 00:00:00+05:30,4688.10009765625,4692.9501953125,4581.2001953125,4656.85009765625,1571610
2024-09-10 00:00:00+05:30,4680.0,4736.89990234375,4676.0,4685.39990234375,1258288
2024-09-11 00:00:00+05:30,4670.0,4708.39990234375,4585.0,4598.75,1173915
2024-09-12 00:00:00+05:30,4607.9501953125,4653.7001953125,4596.14990234375,4641.7001953125,933061
2024-09-13 00:00:00+05:30,4658.0,4690.0,4632.0,4644.9501953125,867679
2024-09-16 00:00:00+05:30,4655.0,4662.89990234375,4590.0498046875,4597.35009765625,642977
2024-09-17 00:00:00+05:30,4599.0,4599.89990234375,4426.5498046875,4458.5,2413098
2024-09-18 00:00:00+05:30,4453.9501953125,4485.0,4421.0,4437.64990234375,1326709
2024-09-19 00:00:00+05:30,4435.0,4464.10009765625,4172.0,4231.7998046875,4675647
2024-09-20 00:00:00+05:30,4229.9501953125,4393.4501953125,4192.64990234375,4333.35009765625,3502389
2024-09-23 00:00:00+05:30,4370.0,4460.7998046875,4354.0,4437.9501953125,1698571
2024-09-24 00:00:00+05:30,4437.9501953125,4444.0,4362.0,4402.4501953125,1374111
2024-09-25 00:00:00+05:30,4399.9501953125,4440.0,4372.5498046875,4389.25,1032339
2024-09-26 00:00:00+05:30,4390.9501953125,4405.0,4318.0,4369.2998046875,995154
2024-09-27 00:00:00+05:30,4391.0498046875,4484.35009765625,4374.4501953125,4474.14990234375,2193012
2024-09-30 00:00:00+05:30,4460.0,4463.0,4385.0,4420.64990234375,1327395
2024-10-01 00:00:00+05:30,4428.0,4446.0,4398.0498046875,4426.10009765625,841972
2024-10-03 00:00:00+05:30,4344.9501953125,4428.89990234375,4254.0,4267.4501953125,1628669
2024-10-04 00:00:00+05:30,4260.0,4334.35009765625,4200.0,4256.64990234375,1374135
2024-10-07 00:00:00+05:30,4256.64990234375,4318.64990234375,4120.35009765625,4165.89990234375,1656254
2024-10-08 00:00:00+05:30,4160.0,4389.7998046875,4145.0,4368.2998046875,2008330
2024-10-09 00:00:00+05:30,4386.0,4447.85009765625,4368.0,4386.5498046875,1355805
2024-10-10 00:00:00+05:30,4398.0,4538.0,4365.0498046875,4482.25,2294983
2024-10-11 00:00:00+05:30,4486.0,4515.0,4431.35009765625,4446.14990234375,860513
2024-10-14 00:00:00+05:30,4518.2998046875,4544.7998046875,4488.4501953125,4507.5498046875,1482299
2024-10-15 00:00:00+05:30,4524.0,4597.89990234375,4498.4501953125,4575.39990234375,1760628
2024-10-16 00:00:00+05:30,4619.0,4676.60009765625,4600.0,4656.25,2398061
2024-10-17 00:00:00+05:30,4671.0,4671.0,4505.25,4518.60009765625,1346544
2024-10-18 00:00:00+05:30,4493.60009765625,4559.0,4423.25,4524.7001953125,1369365
2024-10-21 00:00:00+05:30,4534.7998046875,4586.7998046875,4490.0,4514.4501953125,1095298
2024-10-22 00:00:00+05:30,4499.9501953125,4507.75,4290.4501953125,4301.7001953125,1544137
2024-10-23 00:00:00+05:30,4282.0,4305.5498046875,4191.4501953125,4233.75,1624578
2024-10-24 00:00:00+05:30,4234.25,4284.4501953125,4185.0498046875,4197.14990234375,956246
2024-10-25 00:00:00+05:30,4200.0,4218.89990234375,4075.199951171875,4165.60009765625,1520490
2024-10-28 00:00:00+05:30,4200.0,4218.89990234375,4098.2001953125,4148.75,1207398
2024-10-29 00:00:00+05:30,4150.0,4285.0,4115.2001953125,4274.5,1523375
2024-10-30 00:00:00+05:30,4264.9501953125,4334.0,4225.0,4236.2998046875,1526646
2024-10-31 00:00:00+05:30,4236.0,4270.2001953125,4195.5498046875,4246.7001953125,1137221
2024-11-01 00:00:00+05:30,4269.7998046875,4295.5498046875,4257.0498046875,4288.0,170153
2024-11-04 00:00:00+05:30,4287.9501953125,4287.9501953125,4196.0,4208.25,1013884
2024-11-05 00:00:00+05:30,4200.0,4280.0,4130.0,4261.9501953125,1215686
2024-11-06 00:00:00+05:30,4276.0,4420.0,4270.0498046875,4390.14990234375,1228872
2024-11-07 00:00:00+05:30,4404.0,4454.0,4381.10009765625,4433.7998046875,1185134
2024-11-08 00:00:00+05:30,4435.5498046875,4476.85009765625,4380.0,4400.60009765625,1073330
2024-11-11 00:00:00+05:30,4383.9501953125,4489.89990234375,4347.2001953125,4443.7001953125,1152838
2024-11-12 00:00:00+05:30,4455.0,4469.0,4221.0,4243.5,1366992
2024-11-13 00:00:00+05:30,4220.0,4220.0,4045.550048828125,4066.89990234375,2076393
2024-11-14 00:00:00+05:30,4080.0,4185.0,3920.35009765625,4087.050048828125,3878379
2024-11-18 00:00:00+05:30,4189.9501953125,4248.0,4060.050048828125,4077.85009765625,1939714
2024-11-19 00:00:00+05:30,4100.0,4148.7001953125,4040.0,4057.14990234375,1425438
2024-11-21 00:00:00+05:30,4072.449951171875,4079.800048828125,3931.050048828125,3983.449951171875,2061517
2024-11-22 00:00:00+05:30,3992.0,4127.10009765625,3988.10009765625,4111.35009765625,1404647
2024-11-25 00:00:00+05:30,4280.0,4319.10009765625,4231.25,4289.9501953125,2249045
2024-11-26 00:00:00+05:30,4309.7998046875,4408.35009765625,4301.0498046875,4364.5498046875,1967056
2024-11-27 00:00:00+05:30,4376.0,4488.7001953125,4355.0,4474.64990234375,2144888
2024-11-28 00:00:00+05:30,4500.0,4529.5,4451.25,4466.85009765625,1454277
2024-11-29 00:00:00+05:30,4459.0,4499.0,4420.7001953125,4476.85009765625,967791
2024-12-02 00:00:00+05:30,4475.0,4526.4501953125,4444.0,4504.75,1068673
2024-12-03 00:00:00+05:30,4520.0,4545.0,4481.39990234375,4518.85009765625,1089664
2024-12-04 00:00:00+05:30,4605.85009765625,4627.0,4490.0,4521.35009765625,2420334
2024-12-05 00:00:00+05:30,4540.0,4577.0,4513.25,4568.85009765625,1129143
2024-12-06 00:00:00+05:30,4584.39990234375,4611.10009765625,4550.0,4559.64990234375,912032
2024-12-09 00:00:00+05:30,4561.0,4646.9501953125,4551.0,4618.9501953125,1524379
2024-12-10 00:00:00+05:30,4627.0,4649.89990234375,4601.0,4627.7001953125,1313990
2024-12-11 00:00:00+05:30,4624.5498046875,4660.0,4591.5498046875,4649.7001953125,767757
2024-12-12 00:00:00+05:30,4650.0,4723.4501953125,4645.0,4660.5498046875,1327850
2024-12-13 00:00:00+05:30,4754.5,4755.0,4660.5498046875,4669.64990234375,3312042
2024-12-16 00:00:00+05:30,4692.10009765625,4699.0,4651.14990234375,4676.35009765625,741557
2024-12-17 00:00:00+05:30,4676.0,4716.0,4605.39990234375,4622.60009765625,936875
2024-12-18 00:00:00+05:30,4624.39990234375,4628.0,4472.35009765625,4482.85009765625,1240240
2024-12-19 00:00:00+05:30,4399.4501953125,4442.9501953125,4375.0,4385.10009765625,1084324
2024-12-20 00:00:00+05:30,4385.0,4420.0,4175.0,4190.2001953125,1598164
2024-12-23 00:00:00+05:30,4239.0,4249.85009765625,4150.0,4226.0,947680
2024-12-24 00:00:00+05:30,4255.0,4281.5,4205.75,4216.2001953125,947702
2024-12-26 00:00:00+05:30,4233.0,4245.0,4195.0,4229.2001953125,637396
2024-12-27 00:00:00+05:30,4240.0,4293.0,4203.2001953125,4233.35009765625,873116
2024-12-30 00:00:00+05:30,4239.0,4250.0,4050.0,4081.050048828125,3291426
2024-12-31 00:00:00+05:30,4081.050048828125,4198.89990234375,4081.0,4178.35009765625,901281
2025-01-01 00:00:00+05:30,4178.35009765625,4187.25,4127.0,4170.2001953125,696846
2025-01-02 00:00:00+05:30,4180.0,4242.0,4177.9501953125,4235.7998046875,1347694
2025-01-03 00:00:00+05:30,4240.0,4270.0498046875,4197.0,4206.0,853004
2025-01-06 00:00:00+05:30,4218.0,4220.0,4070.0,4101.75,1131463
2025-01-07 00:00:00+05:30,4109.5,4199.0,4105.10009765625,4163.39990234375,706292
2025-01-08 00:00:00+05:30,4171.0,4181.7001953125,4100.0,4109.7998046875,958207
2025-01-09 00:00:00+05:30,4117.0,4133.35009765625,4057.199951171875,4097.35009765625,1134421
2025-01-10 00:00:00+05:30,4095.0,4095.0,3981.0,4000.5,1321248
2025-01-13 00:00:00+05:30,3900.0,3985.25,3772.35009765625,3788.25,1959105
2025-01-14 00:00:00+05:30,3805.0,3873.949951171875,3780.0,3828.35009765625,1803243
2025-01-15 00:00:00+05:30,3853.949951171875,3874.0,3801.550048828125,3822.800048828125,1061461
2025-01-16 00:00:00+05:30,3877.0,3944.60009765625,3860.0,3918.75,1076967
2025-01-17 00:00:00+05:30,3934.0,4142.0,3882.199951171875,4116.60009765625,2907534
2025-01-20 00:00:00+05:30,4133.5,4242.0,4105.0,4187.5,2062527
2025-01-21 00:00:00+05:30,4210.0,4233.35009765625,4037.050048828125,4050.800048828125,2319540
2025-01-22 00:00:00+05:30,4078.0,4078.0,3820.0,3903.449951171875,2506920
2025-01-23 00:00:00+05:30,3903.449951171875,3970.0,3875.050048828125,3922.550048828125,1649481
2025-01-24 00:00:00+05:30,3940.0,3974.050048828125,3836.25,3849.800048828125,1149113
2025-01-27 00:00:00+05:30,3817.050048828125,3817.050048828125,3656.0,3670.64990234375,2193288
2025-01-28 00:00:00+05:30,3675.85009765625,3696.550048828125,3485.0,3599.14990234375,3530307
2025-01-29 00:00:00+05:30,3619.0,3710.0,3577.550048828125,3700.5,1582724
2025-01-30 00:00:00+05:30,3725.0,3798.800048828125,3707.050048828125,3779.14990234375,1513385
2025-01-31 00:00:00+05:30,3804.10009765625,3969.0,3784.800048828125,3936.800048828125,1976237
2025-02-01 00:00:00+05:30,3972.0,4052.85009765625,3681.64990234375,3774.949951171875,4570653
2025-02-03 00:00:00+05:30,3720.0,3730.0,3513.0,3528.550048828125,3692250
2025-02-04 00:00:00+05:30,3600.0,3738.89990234375,3580.0,3729.75,2467011
2025-02-05 00:00:00+05:30,3765.0,3853.800048828125,3750.0,3817.300048828125,1621003
2025-02-06 00:00:00+05:30,3830.0,3846.0,3748.050048828125,3771.89990234375,1253037
2025-02-07 00:00:00+05:30,3795.0,3834.300048828125,3748.60009765625,3818.85009765625,1391172
2025-02-10 00:00:00+05:30,3818.0,3849.0,3753.60009765625,3786.64990234375,1336993
2025-02-11 00:00:00+05:30,3794.0,3794.85009765625,3617.14990234375,3649.449951171875,1551384
2025-02-12 00:00:00+05:30,3639.050048828125,3658.550048828125,3470.050048828125,3594.14990234375,3099846
2025-02-13 00:00:00+05:30,3615.0,3731.5,3611.050048828125,3660.300048828125,2224171
2025-02-14 00:00:00+05:30,3700.0,3717.89990234375,3480.89990234375,3513.699951171875,2355500
2025-02-17 00:00:00+05:30,3489.0,3549.949951171875,3395.0,3475.699951171875,1606401
2025-02-18 00:00:00+05:30,3475.699951171875,3499.89990234375,3303.0,3344.60009765625,2310841
2025-02-19 00:00:00+05:30,3303.0,3431.89990234375,3275.14990234375,3363.75,2689414
2025-02-20 00:00:00+05:30,3355.0,3424.0,3320.5,3408.550048828125,1492723
2025-02-21 00:00:00+05:30,3408.300048828125,3475.60009765625,3355.050048828125,3368.5,1456123
2025-02-24 00:00:00+05:30,3350.0,3357.949951171875,3294.050048828125,3350.39990234375,1026035
2025-02-25 00:00:00+05:30,3350.5,3377.050048828125,3270.0,3287.39990234375,1135200
2025-02-27 00:00:00+05:30,3300.0,3316.699951171875,3230.0,3242.64990234375,1573040
2025-02-28 00:00:00+05:30,3202.0,3224.800048828125,3080.0,3088.199951171875,2413864
2025-03-03 00:00:00+05:30,3096.0,3204.949951171875,3046.050048828125,3187.050048828125,2306313
2025-03-04 00:00:00+05:30,3162.0,3330.0,3108.949951171875,3311.14990234375,2598027
2025-03-05 00:00:00+05:30,3313.0,3435.949951171875,3295.949951171875,3424.5,1884731
2025-03-06 00:00:00+05:30,3472.0,3497.0,3405.25,3417.699951171875,1331348
2025-03-07 00:00:00+05:30,3418.64990234375,3502.0,3371.64990234375,3452.050048828125,1732838
2025-03-10 00:00:00+05:30,3452.050048828125,3538.949951171875,3410.0,3417.89990234375,2150456
2025-03-11 00:00:00+05:30,3390.64990234375,3471.0,3355.0,3459.85009765625,1502808
2025-03-12 00:00:00+05:30,3470.0,3494.25,3388.25,3415.39990234375,1076349
2025-03-13 00:00:00+05:30,3435.0,3485.60009765625,3390.85009765625,3396.14990234375,1229721
2025-03-17 00:00:00+05:30,3400.0,3484.0,3399.0,3439.89990234375,1130061
2025-03-18 00:00:00+05:30,3439.89990234375,3439.89990234375,3439.89990234375,3439.89990234375,0
2025-03-19 00:00:00+05:30,3600.0,3772.39990234375,3577.550048828125,3740.64990234375,2913829
2025-03-20 00:00:00+05:30,3789.0,3848.0,3704.14990234375,3818.949951171875,2956442
2025-03-21 00:00:00+05:30,3849.0,3947.449951171875,3812.5,3891.25,3311452
2025-03-24 00:00:00+05:30,3953.0,4158.0,3940.199951171875,4129.7998046875,4251655
2025-03-25 00:00:00+05:30,4200.39990234375,4215.0,4000.800048828125,4012.449951171875,3634045
2025-03-26 00:00:00+05:30,4035.0,4185.0,3971.050048828125,4128.2998046875,4882801
2025-03-27 00:00:00+05:30,4150.0,4209.0,4120.7001953125,4160.9501953125,2966370
2025-03-28 00:00:00+05:30,4198.10009765625,4294.0,4161.35009765625,4177.4501953125,3295702
2025-04-01 00:00:00+05:30,4400.0,4444.9501953125,4207.0498046875,4223.7001953125,6632420
2025-04-02 00:00:00+05:30,4239.0,4252.5,4151.0498046875,4234.39990234375,2520516
2025-04-03 00:00:00+05:30,4196.5498046875,4328.0,4185.25,4319.2001953125,2369383
2025-04-04 00:00:00+05:30,4309.5498046875,4351.85009765625,4204.0,4239.10009765625,2499556
2025-04-07 00:00:00+05:30,3821.0,4046.14990234375,3820.10009765625,4008.199951171875,3022372
2025-04-08 00:00:00+05:30,4106.60009765625,4136.39990234375,4000.0,4041.949951171875,2071394
2025-04-09 00:00:00+05:30,4037.0,4070.0,3965.85009765625,4030.699951171875,1585051
2025-04-11 00:00:00+05:30,4075.0,4142.7001953125,4066.64990234375,4107.2001953125,1518828
2025-04-15 00:00:00+05:30,4250.0,4250.0,4170.7998046875,4206.10009765625,1572706
2025-04-16 00:00:00+05:30,4215.0,4242.0,4171.2998046875,4209.2001953125,1487536
2025-04-17 00:00:00+05:30,4209.0,4253.0,4192.10009765625,4220.39990234375,1216496
2025-04-21 00:00:00+05:30,4248.0,4336.0,4225.0,4309.10009765625,1508314
2025-04-22 00:00:00+05:30,4328.0,4338.89990234375,4272.0,4286.0,1224641
2025-04-23 00:00:00+05:30,4304.89990234375,4360.0,4255.2998046875,4307.0,1803742
2025-04-24 00:00:00+05:30,4307.0,4364.7998046875,4291.2998046875,4300.0,1554043
2025-04-25 00:00:00+05:30,4305.0,4339.0,4147.5,4196.39990234375,2298293
2025-04-28 00:00:00+05:30,4209.89990234375,4439.89990234375,4200.5,4426.2998046875,4014638
2025-04-29 00:00:00+05:30,4473.0,4660.0,4448.5,4609.2998046875,5185900
2025-04-30 00:00:00+05:30,4610.0,4637.0,4466.2001953125,4487.89990234375,2513611
2025-05-02 00:00:00+05:30,4499.0,4597.0,4478.0,4484.2998046875,1735022
2025-05-05 00:00:00+05:30,4536.7998046875,4598.5,4511.89990234375,4590.7998046875,1497722
2025-05-06 00:00:00+05:30,4602.0,4675.0,4490.0,4507.5,2269493
2025-05-07 00:00:00+05:30,4417.39990234375,4591.7998046875,4411.7998046875,4470.2998046875,2829729
2025-05-08 00:00:00+05:30,4488.0,4538.0,4386.0,4422.89990234375,2292121
2025-05-09 00:00:00+05:30,4380.0,4579.2001953125,4360.2001953125,4501.2001953125,3536326
2025-05-12 00:00:00+05:30,4603.10009765625,4608.0,4420.0,4439.7001953125,4022655
2025-05-13 00:00:00+05:30,4466.7001953125,4648.7998046875,4460.7001953125,4609.7998046875,4339805
2025-05-14 00:00:00+05:30,4647.89990234375,4798.0,4580.10009765625,4768.0,8438062
2025-05-15 00:00:00+05:30,4825.0,4883.0,4747.2001953125,4864.7998046875,4873995
2025-05-16 00:00:00+05:30,4874.0,5165.0,4833.60009765625,5127.7001953125,6753397
2025-05-19 00:00:00+05:30,5140.0,5157.89990234375,4972.0,5016.2998046875,4803284
2025-05-20 00:00:00+05:30,4950.0,4998.7001953125,4838.10009765625,4851.2998046875,3939528
2025-05-21 00:00:00+05:30,4830.0,5009.89990234375,4779.2998046875,5001.10009765625,3488551
2025-05-22 00:00:00+05:30,5001.10009765625,5064.5,4962.0,5040.0,2323924
2025-05-23 00:00:00+05:30,5058.0,5061.89990234375,4950.5,4961.60009765625,2318665
2025-05-26 00:00:00+05:30,4990.0,5034.10009765625,4950.0,5003.2001953125,1593646
2025-05-27 00:00:00+05:30,5003.2001953125,5110.0,4979.0,5029.10009765625,2490282
2025-05-28 00:00:00+05:30,5069.0,5075.0,5001.0,5017.7998046875,1273825
2025-05-29 00:00:00+05:30,5040.0,5043.0,4964.0,5000.7001953125,1401179
2025-05-30 00:00:00+05:30,5004.0,5065.0,4958.39990234375,4974.10009765625,1852727
2025-06-02 00:00:00+05:30,4970.0,5035.0,4950.0,5017.10009765625,1084257
2025-06-03 00:00:00+05:30,5027.0,5055.89990234375,4970.0,4989.2001953125,1164102
2025-06-04 00:00:00+05:30,5000.0,5050.0,4891.0,4959.7998046875,2172800
2025-06-05 00:00:00+05:30,5000.0,5099.0,4990.0,5071.60009765625,2465458
2025-06-06 00:00:00+05:30,5092.89990234375,5099.0,4970.0,4989.2998046875,2141012
2025-06-09 00:00:00+05:30,5014.2001953125,5033.5,4987.0,5008.60009765625,1054807
2025-06-10 00:00:00+05:30,5040.0,5147.0,5022.10009765625,5112.10009765625,3023426
2025-06-11 00:00:00+05:30,5134.5,5145.0,5020.0,5039.7998046875,1759168
2025-06-12 00:00:00+05:30,5050.0,5075.0,4936.10009765625,4956.0,1248236
2025-06-13 00:00:00+05:30,4900.0,5083.5,4892.10009765625,5026.0,2521739
2025-06-16 00:00:00+05:30,5048.7998046875,5110.0,4990.0,5063.7001953125,1615417
2025-06-17 00:00:00+05:30,5079.0,5132.60009765625,5040.0,5047.2998046875,1692373
2025-06-18 00:00:00+05:30,5054.0,5068.0,4985.0,4994.0,1044099
2025-06-19 00:00:00+05:30,5020.0,5031.5,4844.0,4902.2998046875,1743152
2025-06-20 00:00:00+05:30,4910.0,4983.0,4853.0,4973.10009765625,1902384
2025-06-23 00:00:00+05:30,4973.10009765625,5060.0,4973.0,5028.2001953125,1864791
2025-06-24 00:00:00+05:30,5050.0,5051.7998046875,4875.0,4886.5,2435417
2025-06-25 00:00:00+05:30,4900.0,4900.0,4785.0,4792.7001953125,2084409
2025-06-26 00:00:00+05:30,4816.7998046875,4852.5,4795.10009765625,4817.10009765625,1293102
2025-06-27 00:00:00+05:30,4835.0,4905.2001953125,4828.5,4897.89990234375,1454498
2025-06-30 00:00:00+05:30,4910.0,4920.0,4845.0,4869.7998046875,985412
2025-07-01 00:00:00+05:30,4877.89990234375,4955.0,4877.0,4912.2001953125,1332940
2025-07-02 00:00:00+05:30,4912.2001953125,4939.7001953125,4845.0,4898.2998046875,819887
2025-07-03 00:00:00+05:30,4881.0,4971.7998046875,4881.0,4931.2001953125,1120740
2025-07-04 00:00:00+05:30,4955.0,5020.0,4943.7998046875,4993.2001953125,1700709
2025-07-07 00:00:00+05:30,4994.0,5048.60009765625,4955.0,5012.60009765625,967116
2025-07-08 00:00:00+05:30,5010.0,5049.7998046875,4966.5,5002.5,940950
2025-07-09 00:00:00+05:30,5012.0,5065.0,4993.7998046875,5007.39990234375,750110
2025-07-10 00:00:00+05:30,5007.39990234375,5034.0,4890.2001953125,4915.60009765625,1330883
2025-07-11 00:00:00+05:30,4881.0,4920.0,4819.7001953125,4866.10009765625,1091444
2025-07-14 00:00:00+05:30,4866.10009765625,4915.0,4840.0,4886.2001953125,831409
2025-07-15 00:00:00+05:30,4899.0,4932.0,4882.0,4896.7998046875,753058
2025-07-16 00:00:00+05:30,4898.0,4903.0,4852.0,4871.60009765625,571414
2025-07-17 00:00:00+05:30,4875.0,4889.0,4780.0,4789.2998046875,886157
2025-07-18 00:00:00+05:30,4804.7998046875,4808.89990234375,4643.2998046875,4651.7001953125,1677004
2025-07-21 00:00:00+05:30,4651.7001953125,4758.10009765625,4633.0,4751.0,1126412
2025-07-22 00:00:00+05:30,4775.0,4809.89990234375,4748.10009765625,4758.2001953125,908904
2025-07-23 00:00:00+05:30,4771.0,4779.5,4666.0,4715.7998046875,866289
2025-07-24 00:00:00+05:30,4715.7998046875,4746.2001953125,4670.0,4680.60009765625,861599
2025-07-25 00:00:00+05:30,4680.0,4680.10009765625,4543.10009765625,4552.7001953125,973552
2025-07-28 00:00:00+05:30,4549.89990234375,4595.0,4476.5,4506.60009765625,689011
2025-07-29 00:00:00+05:30,4470.10009765625,4519.0,4401.0,4498.0,1431472
2025-07-30 00:00:00+05:30,4525.0,4560.0,4500.89990234375,4545.0,727643
2025-07-31 00:00:00+05:30,4464.0,4577.39990234375,4464.0,4533.89990234375,770343
2025-08-01 00:00:00+05:30,4533.89990234375,4540.89990234375,4428.0,4438.7001953125,649120
2025-08-04 00:00:00+05:30,4438.7001953125,4544.89990234375,4424.2001953125,4537.89990234375,742464
2025-08-05 00:00:00+05:30,4537.0,4586.0,4500.0,4578.2001953125,776247
2025-08-06 00:00:00+05:30,4619.0,4619.0,4509.5,4538.60009765625,880916
2025-08-07 00:00:00+05:30,4502.89990234375,4560.0,4483.0,4550.60009765625,719816
2025-08-08 00:00:00+05:30,4542.0,4549.89990234375,4433.5,4440.60009765625,659530
2025-08-11 00:00:00+05:30,4460.0,4545.0,4439.0,4444.89990234375,1022011
2025-08-12 00:00:00+05:30,4467.0,4489.60009765625,4325.0,4409.39990234375,2942539
2025-08-13 00:00:00+05:30,4439.0,4568.60009765625,4425.0,4524.39990234375,2711914
2025-08-14 00:00:00+05:30,4537.0,4568.5,4472.39990234375,4555.10009765625,1265929
2025-08-18 00:00:00+05:30,4590.60009765625,4600.0,4502.39990234375,4514.2998046875,1132386
2025-08-19 00:00:00+05:30,4510.0,4510.0,4425.10009765625,4452.60009765625,1264131
2025-08-20 00:00:00+05:30,4600.0,4605.0,4460.0,4468.39990234375,3108635
2025-08-21 00:00:00+05:30,4490.0,4526.7998046875,4430.7001953125,4474.0,1833004
2025-08-22 00:00:00+05:30,4485.2001953125,4532.0,4463.0,4473.0,1422976
2025-08-25 00:00:00+05:30,4510.0,4513.0,4451.60009765625,4457.60009765625,1205292
2025-08-26 00:00:00+05:30,4456.0,4457.0,4370.0,4383.60009765625,1118397
2025-08-28 00:00:00+05:30,4384.0,4430.0,4338.5,4344.7001953125,1163967
2025-08-29 00:00:00+05:30,4344.7001953125,4415.0,4320.0,4332.60009765625,1036537
2025-09-01 00:00:00+05:30,4341.0,4448.60009765625,4323.0,4429.60009765625,803109
2025-09-02 00:00:00+05:30,4438.5,4495.0,4431.2998046875,4451.5,871222
2025-09-03 00:00:00+05:30,4451.5,4480.7001953125,4428.39990234375,4451.0,764001
2025-09-04 00:00:00+05:30,4479.0,4479.0,4425.10009765625,4436.89990234375,1018902
2025-09-05 00:00:00+05:30,4444.0,4475.0,4389.0,4404.7998046875,721098
2025-09-08 00:00:00+05:30,4424.0,4470.0,4420.10009765625,4443.60009765625,599045
2025-09-09 00:00:00+05:30,4450.0,4474.0,4427.7001953125,4454.0,888000
2025-09-10 00:00:00+05:30,4471.89990234375,4566.0,4430.2001953125,4557.5,1716953
2025-09-11 00:00:00+05:30,4565.0,4634.0,4544.2998046875,4581.2001953125,1528168
2025-09-12 00:00:00+05:30,4581.2001953125,4750.0,4581.2001953125,4745.60009765625,2816230
2025-09-15 00:00:00+05:30,4790.0,4845.0,4780.0,4795.2001953125,2021855
2025-09-16 00:00:00+05:30,4794.89990234375,4843.0,4760.39990234375,4840.0,1180944
2025-09-17 00:00:00+05:30,4842.10009765625,4931.0,4834.0,4890.2001953125,1549098
2025-09-18 00:00:00+05:30,4885.0,4902.10009765625,4846.0,4856.7998046875,926593
2025-09-19 00:00:00+05:30,4856.7998046875,4930.0,4852.0,4916.2001953125,1173208
2025-09-22 00:00:00+05:30,4916.2001953125,4941.2998046875,4798.0,4808.7001953125,976357
2025-09-23 00:00:00+05:30,4814.5,4834.7998046875,4758.10009765625,4799.89990234375,746869
2025-09-24 00:00:00+05:30,4797.0,4816.7998046875,4715.0,4723.89990234375,718629
2025-09-25 00:00:00+05:30,4725.0,4827.60009765625,4710.0,4775.2001953125,1926254
2025-09-26 00:00:00+05:30,4815.0,4822.2998046875,4726.2001953125,4736.10009765625,1794960
2025-09-29 00:00:00+05:30,4750.0,4833.0,4703.5,4740.0,1307604
2025-09-30 00:00:00+05:30,4746.0,4779.0,4722.7001953125,4746.5,697341
2025-10-01 00:00:00+05:30,4732.0,4827.0,4721.10009765625,4803.39990234375,790730
2025-10-03 00:00:00+05:30,4794.39990234375,4877.0,4790.10009765625,4870.39990234375,982333
2025-10-06 00:00:00+05:30,4870.39990234375,4903.0,4831.2001953125,4845.2001953125,555394
2025-10-07 00:00:00+05:30,4845.2001953125,4872.89990234375,4809.0,4837.60009765625,607428
2025-10-08 00:00:00+05:30,4842.0,4854.5,4762.89990234375,4789.10009765625,704075
2025-10-09 00:00:00+05:30,4792.0,4863.2001953125,4744.0,4846.2998046875,1003478
2025-10-10 00:00:00+05:30,4835.0,4899.7001953125,4827.0,4832.89990234375,678453
2025-10-13 00:00:00+05:30,4810.0,4819.89990234375,4723.0,4745.39990234375,1046492
2025-10-14 00:00:00+05:30,4755.0,4793.89990234375,4730.10009765625,4746.7998046875,790981
2025-10-15 00:00:00+05:30,4747.0,4880.0,4747.0,4845.2001953125,991768
2025-10-16 00:00:00+05:30,4860.0,4888.7001953125,4827.2001953125,4861.2998046875,721461
2025-10-17 00:00:00+05:30,4861.2998046875,4978.0,4850.7001953125,4878.5,1832920
2025-10-20 00:00:00+05:30,4921.89990234375,4923.0,4850.5,4860.0,616095
2025-10-21 00:00:00+05:30,4880.7998046875,4880.7998046875,4850.5,4858.2001953125,128987
2025-10-23 00:00:00+05:30,4880.7998046875,4885.0,4802.89990234375,4810.2001953125,678729
2025-10-24 00:00:00+05:30,4825.0,4867.39990234375,4797.5,4814.2001953125,627200
2025-10-27 00:00:00+05:30,4830.0,4830.0,4747.7998046875,4756.7998046875,738996
2025-10-28 00:00:00+05:30,4766.60009765625,4767.60009765625,4706.2998046875,4724.5,947982
2025-10-29 00:00:00+05:30,4737.89990234375,4745.0,4685.0,4695.10009765625,916228
2025-10-30 00:00:00+05:30,4693.0,4694.0,4625.0,4650.2001953125,1151821
2025-10-31 00:00:00+05:30,4639.89990234375,4708.60009765625,4636.89990234375,4679.7998046875,1176002
2025-11-03 00:00:00+05:30,4680.0,4709.0,4655.39990234375,4694.7001953125,470190
2025-11-04 00:00:00+05:30,4670.10009765625,4715.0,4670.10009765625,4685.7998046875,851904
2025-11-06 00:00:00+05:30,4650.0,4686.60009765625,4575.0,4593.60009765625,768664
2025-11-07 00:00:00+05:30,4580.0,4636.5,4526.0,4626.60009765625,536730
2025-11-10 00:00:00+05:30,4651.10009765625,4795.0,4645.0,4789.7998046875,1434763
2025-11-11 00:00:00+05:30,4795.10009765625,4878.0,4787.0,4862.60009765625,1333303
2025-11-12 00:00:00+05:30,4885.0,4921.0,4702.0,4748.5,2723105
2025-11-13 00:00:00+05:30,4736.0,4771.2001953125,4636.7001953125,4751.0,1280728
2025-11-14 00:00:00+05:30,4747.0,4775.0,4710.10009765625,4729.7998046875,681735
2025-11-17 00:00:00+05:30,4742.0,4820.0,4732.7998046875,4795.2001953125,1177546
2025-11-18 00:00:00+05:30,4814.0,4857.0,4788.0,4807.89990234375,958797
2025-11-19 00:00:00+05:30,4805.0,4822.2001953125,4735.0,4744.2001953125,847006
2025-11-20 00:00:00+05:30,4763.89990234375,4775.7998046875,4710.0,4716.60009765625,798346
2025-11-21 00:00:00+05:30,4707.0,4708.0,4585.0,4595.0,1158530
2025-11-24 00:00:00+05:30,4425.0,4502.5,4405.0,4445.10009765625,3443005
2025-11-25 00:00:00+05:30,4450.0,4477.0,4430.0,4441.60009765625,1197615
2025-11-26 00:00:00+05:30,4457.0,4522.0,4449.89990234375,4517.7998046875,717411
2025-11-27 00:00:00+05:30,4535.0,4535.0,4461.0,4483.2001953125,721812
2025-11-28 00:00:00+05:30,4489.89990234375,4549.0,4477.0,4542.39990234375,786275
2025-12-01 00:00:00+05:30,4562.0,4584.0,4501.10009765625,4530.7001953125,750897
2025-12-02 00:00:00+05:30,4525.0,4532.2998046875,4482.2001953125,4508.5,652604
2025-12-03 00:00:00+05:30,4517.0,4525.0,4420.89990234375,4436.2998046875,1027500
2025-12-04 00:00:00+05:30,4459.0,4525.0,4422.2998046875,4496.7998046875,1020941
2025-12-05 00:00:00+05:30,4519.0,4544.2998046875,4430.0,4443.0,1473356
2025-12-08 00:00:00+05:30,4443.0,4448.0,4270.5,4287.10009765625,1757606
2025-12-09 00:00:00+05:30,4272.5,4314.0,4187.0,4303.0,1674288
2025-12-10 00:00:00+05:30,4310.5,4332.39990234375,4271.0,4294.10009765625,949813
2025-12-11 00:00:00+05:30,4300.0,4334.39990234375,4286.0,4320.7998046875,460221
2025-12-12 00:00:00+05:30,4333.0,4359.89990234375,4257.2998046875,4302.5,791726
2025-12-15 00:00:00+05:30,4252.0,4342.0,4252.0,4321.60009765625,827861
2025-12-16 00:00:00+05:30,4324.0,4329.39990234375,4242.89990234375,4261.39990234375,1006671
2025-12-17 00:00:00+05:30,4260.5,4270.0,4218.2001953125,4228.39990234375,645807
2025-12-18 00:00:00+05:30,4228.39990234375,4268.39990234375,4192.60009765625,4259.5,557768
2025-12-19 00:00:00+05:30,4269.89990234375,4314.0,4251.39990234375,4305.2998046875,650177
2025-12-22 00:00:00+05:30,4311.7001953125,4392.0,4307.10009765625,4386.10009765625,657486
2025-12-23 00:00:00+05:30,4400.0,4451.2001953125,4368.5,4407.39990234375,587365
2025-12-24 00:00:00+05:30,4415.0,4460.0,4397.39990234375,4421.2998046875,486359
2025-12-26 00:00:00+05:30,4445.0,4476.0,4401.10009765625,4409.2001953125,690425
2025-12-29 00:00:00+05:30,4434.0,4458.2001953125,4359.39990234375,4374.2998046875,778626
2025-12-30 00:00:00+05:30,4380.0,4382.39990234375,4305.0,4325.5,1064901
2025-12-31 00:00:00+05:30,4326.0,4400.0,4326.0,4388.7001953125,512109
2026-01-01 00:00:00+05:30,4388.7001953125,4414.39990234375,4342.60009765625,4397.89990234375,384408
2026-01-02 00:00:00+05:30,4413.10009765625,4429.0,4380.0,4417.7998046875,597270
2026-01-05 00:00:00+05:30,4418.0,4544.89990234375,4417.7998046875,4526.10009765625,1256096
2026-01-06 00:00:00+05:30,4528.2998046875,4547.7001953125,4478.60009765625,4516.0,530874
2026-01-07 00:00:00+05:30,4516.0,4536.0,4480.0,4525.10009765625,439887
2026-01-08 00:00:00+05:30,4526.0,4579.0,4465.60009765625,4479.7998046875,966719
2026-01-09 00:00:00+05:30,4466.7998046875,4543.0,4440.0,4462.10009765625,1017357
2026-01-12 00:00:00+05:30,4480.0,4528.5,4417.89990234375,4518.39990234375,744251
2026-01-13 00:00:00+05:30,4525.0,4559.89990234375,4400.39990234375,4452.39990234375,753776
2026-01-14 00:00:00+05:30,4452.39990234375,4501.0,4422.0,4461.39990234375,597515
2026-01-15 00:00:00+05:30,4461.39990234375,4461.39990234375,4461.39990234375,4461.39990234375,0
2026-01-16 00:00:00+05:30,4485.0,4488.0,4367.60009765625,4428.7001953125,1576883
2026-01-19 00:00:00+05:30,4427.0,4517.0,4414.10009765625,4504.2998046875,792050
2026-01-20 00:00:00+05:30,4504.2998046875,4525.0,4327.0,4355.2001953125,1194605
2026-01-21 00:00:00+05:30,4315.0,4337.60009765625,4235.0,4259.39990234375,1113913
2026-01-22 00:00:00+05:30,4299.0,4367.0,4290.60009765625,4353.2001953125,725419
2026-01-23 00:00:00+05:30,4375.0,4375.0,4294.39990234375,4305.7001953125,704843
2026-01-27 00:00:00+05:30,4349.89990234375,4377.2998046875,4271.7001953125,4348.5,1042386
2026-01-28 00:00:00+05:30,4370.0,4638.60009765625,4361.5,4624.0,1837685
2026-01-29 00:00:00+05:30,4659.0,4670.0,4553.10009765625,4601.0,1301527
2026-01-30 00:00:00+05:30,4620.0,4634.7998046875,4541.0,4619.39990234375,1582165
2026-02-02 00:00:00+05:30,4415.0,4453.7998046875,4207.10009765625,4338.7001953125,2563637
2026-02-03 00:00:00+05:30,4500.0,4608.10009765625,4410.10009765625,4470.39990234375,1450873
2026-02-04 00:00:00+05:30,4410.0,4413.0,4097.60009765625,4217.10009765625,5290920
2026-02-05 00:00:00+05:30,4121.0,4125.0,3952.0,4035.5,6343724
2026-02-06 00:00:00+05:30,4030.0,4074.0,3985.0,4067.5,2094080
2026-02-09 00:00:00+05:30,4066.10009765625,4151.0,4014.10009765625,4131.0,1664057
2026-02-10 00:00:00+05:30,4151.0,4189.7998046875,4137.2001953125,4168.2998046875,1000376
2026-02-11 00:00:00+05:30,4195.89990234375,4195.89990234375,4107.0,4133.0,916944
2026-02-12 00:00:00+05:30,4136.7001953125,4189.7998046875,4083.199951171875,4158.89990234375,2759493
2026-02-13 00:00:00+05:30,4189.0,4263.5,4155.7998046875,4212.39990234375,3532180
2026-02-16 00:00:00+05:30,4228.7001953125,4235.5,4170.0,4226.10009765625,1126991
2026-02-17 00:00:00+05:30,4230.0,4296.0,4222.39990234375,4247.60009765625,1033811
2026-02-18 00:00:00+05:30,4235.0,4267.5,4182.10009765625,4251.10009765625,821047
2026-02-19 00:00:00+05:30,4244.10009765625,4271.0,4101.60009765625,4132.60009765625,1020581
2026-02-20 00:00:00+05:30,4129.7998046875,4213.5,4121.2001953125,4170.0,960630
2026-02-23 00:00:00+05:30,4150.0,4150.0,3976.0,4025.39990234375,3749091
