Date,Open,High,Low,Close,Volume
2021-02-23 00:00:00+05:30,1415.0,1436.949951171875,1400.1500244140625,1424.050048828125,1871135
2021-02-24 00:00:00+05:30,1424.050048828125,1474.0,1424.050048828125,1451.8499755859375,1143204
2021-02-25 00:00:00+05:30,1460.0,1462.949951171875,1430.5,1434.449951171875,1967386
2021-02-26 00:00:00+05:30,1420.0,1431.949951171875,1403.0999755859375,1406.9000244140625,2715597
2021-03-01 00:00:00+05:30,1421.5,1466.0,1416.5999755859375,1452.1500244140625,1962042
2021-03-02 00:00:00+05:30,1469.0,1474.0,1450.0,1471.1500244140625,1293306
2021-03-03 00:00:00+05:30,1472.0,1481.6500244140625,1466.1500244140625,1474.5999755859375,1227772
2021-03-04 00:00:00+05:30,1452.0,1487.6500244140625,1450.550048828125,1470.5,1822476
2021-03-05 00:00:00+05:30,1465.0,1493.0,1462.199951171875,1474.199951171875,1954113
2021-03-08 00:00:00+05:30,1475.0,1481.25,1451.0,1456.75,1060584
2021-03-09 00:00:00+05:30,1470.0,1478.9000244140625,1445.0,1456.9000244140625,941590
2021-03-10 00:00:00+05:30,1470.0,1481.0,1463.0,1471.25,1257628
2021-03-12 00:00:00+05:30,1480.0,1507.800048828125,1478.5,1482.5,2631081
2021-03-15 00:00:00+05:30,1496.9000244140625,1496.9000244140625,1471.0,1492.199951171875,1482287
2021-03-16 00:00:00+05:30,1505.0,1531.0,1496.9000244140625,1500.949951171875,3191850
2021-03-17 00:00:00+05:30,1494.25,1499.550048828125,1470.050048828125,1472.550048828125,1195023
2021-03-18 00:00:00+05:30,1485.5999755859375,1492.9000244140625,1463.0,1468.199951171875,1242978
2021-03-19 00:00:00+05:30,1450.0,1470.8499755859375,1432.050048828125,1465.449951171875,2360672
2021-03-22 00:00:00+05:30,1465.0,1468.6500244140625,1448.0,1460.300048828125,1331121
2021-03-23 00:00:00+05:30,1460.300048828125,1514.800048828125,1454.0,1495.3499755859375,2534795
2021-03-24 00:00:00+05:30,1486.0,1508.800048828125,1476.449951171875,1488.1500244140625,1871092
2021-03-25 00:00:00+05:30,1484.0999755859375,1498.5,1447.75,1450.8499755859375,1609996
2021-03-26 00:00:00+05:30,1459.9000244140625,1512.4000244140625,1457.0,1505.8499755859375,1922278
2021-03-30 00:00:00+05:30,1510.0,1563.0,1510.0,1552.199951171875,3466042
2021-03-31 00:00:00+05:30,1549.9000244140625,1567.4000244140625,1536.75,1558.050048828125,1431746
2021-04-01 00:00:00+05:30,1560.0,1593.300048828125,1551.550048828125,1559.3499755859375,1343989
2021-04-05 00:00:00+05:30,1541.0999755859375,1559.0,1500.0,1535.0,1376233
2021-04-06 00:00:00+05:30,1529.5,1548.0,1509.0,1525.5,1400544
2021-04-07 00:00:00+05:30,1522.0999755859375,1561.449951171875,1508.0,1514.0999755859375,2592185
2021-04-08 00:00:00+05:30,1529.25,1579.0,1525.5,1571.300048828125,2085919
2021-04-09 00:00:00+05:30,1569.9000244140625,1618.0,1561.300048828125,1592.0,3569146
2021-04-12 00:00:00+05:30,1571.0,1572.6500244140625,1502.25,1510.449951171875,1889829
2021-04-13 00:00:00+05:30,1528.5999755859375,1553.300048828125,1516.6500244140625,1530.5999755859375,1880575
2021-04-15 00:00:00+05:30,1545.0,1554.5,1515.550048828125,1538.550048828125,1313429
2021-04-16 00:00:00+05:30,1529.800048828125,1559.800048828125,1529.800048828125,1549.050048828125,1501276
2021-04-19 00:00:00+05:30,1525.0,1532.449951171875,1500.0999755859375,1518.699951171875,1439975
2021-04-20 00:00:00+05:30,1524.199951171875,1560.0,1510.0,1522.9000244140625,1789104
2021-04-22 00:00:00+05:30,1530.0,1530.0,1473.1500244140625,1480.8499755859375,2200432
2021-04-23 00:00:00+05:30,1478.0,1496.9000244140625,1451.5999755859375,1461.449951171875,1726070
2021-04-26 00:00:00+05:30,1470.0,1489.75,1465.1500244140625,1479.8499755859375,1020499
2021-04-27 00:00:00+05:30,1485.0,1503.550048828125,1482.0,1495.0999755859375,1145908
2021-04-28 00:00:00+05:30,1505.0,1514.9000244140625,1491.699951171875,1508.8499755859375,1037771
2021-04-29 00:00:00+05:30,1524.0,1527.5,1497.0,1506.800048828125,1927546
2021-04-30 00:00:00+05:30,1500.0,1516.550048828125,1471.0,1491.6500244140625,3691399
2021-05-03 00:00:00+05:30,1477.0,1477.0,1421.0,1423.949951171875,3945733
2021-05-04 00:00:00+05:30,1434.0,1434.0,1400.050048828125,1402.9000244140625,3194977
2021-05-05 00:00:00+05:30,1406.0,1431.9000244140625,1403.4000244140625,1428.4000244140625,1819256
2021-05-06 00:00:00+05:30,1435.800048828125,1448.449951171875,1431.0,1444.4000244140625,1464006
2021-05-07 00:00:00+05:30,1449.0,1459.25,1439.9000244140625,1446.5,1190019
2021-05-10 00:00:00+05:30,1454.4000244140625,1469.75,1445.0,1455.1500244140625,1322561
2021-05-11 00:00:00+05:30,1439.0999755859375,1457.949951171875,1432.0,1435.25,1582827
2021-05-12 00:00:00+05:30,1431.0,1460.0,1425.8499755859375,1454.949951171875,1358169
2021-05-14 00:00:00+05:30,1469.0,1477.800048828125,1433.0,1455.8499755859375,1876873
2021-05-17 00:00:00+05:30,1462.0,1470.800048828125,1438.0,1468.300048828125,2218758
2021-05-18 00:00:00+05:30,1480.0,1547.0999755859375,1476.25,1539.25,3075596
2021-05-19 00:00:00+05:30,1522.25,1553.9000244140625,1516.800048828125,1521.1500244140625,1504440
2021-05-20 00:00:00+05:30,1523.0,1566.25,1522.5,1531.3499755859375,3032029
2021-05-21 00:00:00+05:30,1552.199951171875,1552.8499755859375,1533.550048828125,1538.3499755859375,1158893
2021-05-24 00:00:00+05:30,1532.1500244140625,1535.0,1505.449951171875,1520.75,1126532
2021-05-25 00:00:00+05:30,1536.0,1574.9000244140625,1535.0,1569.1500244140625,2530758
2021-05-26 00:00:00+05:30,1580.0,1614.0,1576.6500244140625,1582.949951171875,3839248
2021-05-27 00:00:00+05:30,1590.699951171875,1606.949951171875,1567.3499755859375,1594.25,2810155
2021-05-28 00:00:00+05:30,1595.0,1612.25,1570.550048828125,1577.0,1028675
2021-05-31 00:00:00+05:30,1570.6500244140625,1608.25,1569.0,1596.25,1525715
2021-06-01 00:00:00+05:30,1608.0,1612.0,1589.300048828125,1591.4000244140625,1111933
2021-06-02 00:00:00+05:30,1581.0,1596.75,1564.199951171875,1585.699951171875,1859258
2021-06-03 00:00:00+05:30,1601.0,1702.300048828125,1588.550048828125,1691.199951171875,7221910
2021-06-04 00:00:00+05:30,1713.800048828125,1713.800048828125,1665.5,1679.5,2952017
2021-06-07 00:00:00+05:30,1685.8499755859375,1713.8499755859375,1676.0,1685.0999755859375,1471576
2021-06-08 00:00:00+05:30,1686.0,1726.0,1674.199951171875,1712.5,1743285
2021-06-09 00:00:00+05:30,1714.949951171875,1739.9000244140625,1696.1500244140625,1730.75,2551140
2021-06-10 00:00:00+05:30,1741.4000244140625,1745.8499755859375,1722.199951171875,1738.6500244140625,1850763
2021-06-11 00:00:00+05:30,1736.550048828125,1743.0,1724.550048828125,1728.449951171875,761647
2021-06-14 00:00:00+05:30,1728.449951171875,1740.0,1713.0,1734.800048828125,887780
2021-06-15 00:00:00+05:30,1748.0,1748.949951171875,1719.5999755859375,1723.4000244140625,868275
2021-06-16 00:00:00+05:30,1724.0,1729.0,1706.5,1714.949951171875,1116772
2021-06-17 00:00:00+05:30,1706.0,1722.0,1701.4000244140625,1711.4000244140625,546515
2021-06-18 00:00:00+05:30,1700.0999755859375,1725.0,1686.0,1711.300048828125,2018319
2021-06-21 00:00:00+05:30,1699.0,1747.550048828125,1690.75,1742.8499755859375,925811
2021-06-22 00:00:00+05:30,1750.0999755859375,1770.800048828125,1748.0,1757.0,2083172
2021-06-23 00:00:00+05:30,1757.0,1786.0,1755.050048828125,1782.550048828125,1608518
2021-06-24 00:00:00+05:30,1785.0,1792.949951171875,1767.5999755859375,1780.8499755859375,1271298
2021-06-25 00:00:00+05:30,1785.0,1792.0,1742.0,1753.8499755859375,1378327
2021-06-28 00:00:00+05:30,1768.5,1768.5,1719.75,1728.050048828125,1339433
2021-06-29 00:00:00+05:30,1735.800048828125,1746.0,1721.25,1731.5999755859375,1236704
2021-06-30 00:00:00+05:30,1738.0,1755.3499755859375,1728.1500244140625,1732.5,803926
2021-07-01 00:00:00+05:30,1729.0,1746.4000244140625,1725.75,1740.300048828125,567971
2021-07-02 00:00:00+05:30,1755.0,1767.8499755859375,1740.199951171875,1754.75,1259675
2021-07-05 00:00:00+05:30,1760.0,1762.9000244140625,1743.0,1749.9000244140625,632904
2021-07-06 00:00:00+05:30,1750.0,1774.0,1746.050048828125,1762.800048828125,960973
2021-07-07 00:00:00+05:30,1762.800048828125,1783.4000244140625,1718.0,1727.25,2188364
2021-07-08 00:00:00+05:30,1730.0,1746.0,1721.25,1726.3499755859375,1167637
2021-07-09 00:00:00+05:30,1724.0,1739.949951171875,1718.0,1720.5999755859375,831213
2021-07-12 00:00:00+05:30,1730.0,1739.199951171875,1711.9000244140625,1719.8499755859375,792602
2021-07-13 00:00:00+05:30,1730.0,1735.0,1717.449951171875,1724.25,797913
2021-07-14 00:00:00+05:30,1726.0,1728.5999755859375,1705.0,1710.3499755859375,891780
2021-07-15 00:00:00+05:30,1705.5,1716.75,1694.5,1701.550048828125,943422
2021-07-16 00:00:00+05:30,1706.9000244140625,1710.0,1688.6500244140625,1695.3499755859375,907734
2021-07-19 00:00:00+05:30,1694.3499755859375,1709.25,1674.9000244140625,1680.3499755859375,831260
2021-07-20 00:00:00+05:30,1680.3499755859375,1691.449951171875,1662.5,1671.4000244140625,819793
2021-07-22 00:00:00+05:30,1695.0,1714.6500244140625,1682.199951171875,1701.75,1146821
2021-07-23 00:00:00+05:30,1714.6500244140625,1725.949951171875,1697.0,1700.949951171875,1053239
2021-07-26 00:00:00+05:30,1700.9000244140625,1736.8499755859375,1700.0,1722.8499755859375,1435514
2021-07-27 00:00:00+05:30,1733.0,1742.4000244140625,1713.3499755859375,1729.050048828125,1075244
2021-07-28 00:00:00+05:30,1730.0,1749.199951171875,1715.5999755859375,1723.550048828125,1714957
2021-07-29 00:00:00+05:30,1739.0,1756.300048828125,1727.800048828125,1739.1500244140625,1346162
2021-07-30 00:00:00+05:30,1742.0,1747.9000244140625,1711.199951171875,1714.550048828125,1199644
2021-08-02 00:00:00+05:30,1728.0,1776.0,1725.0,1771.550048828125,1718511
2021-08-03 00:00:00+05:30,1780.0,1854.949951171875,1777.1500244140625,1840.199951171875,5956344
2021-08-04 00:00:00+05:30,1857.199951171875,1858.6500244140625,1795.0,1799.5999755859375,2040687
2021-08-05 00:00:00+05:30,1820.050048828125,1821.199951171875,1763.199951171875,1799.300048828125,2301814
2021-08-06 00:00:00+05:30,1796.0,1796.3499755859375,1778.0,1787.75,877876
2021-08-09 00:00:00+05:30,1787.75,1831.5999755859375,1777.75,1799.1500244140625,1770502
2021-08-10 00:00:00+05:30,1810.0,1822.0,1793.3499755859375,1799.199951171875,862746
2021-08-11 00:00:00+05:30,1805.0,1815.0,1773.550048828125,1789.4000244140625,748179
2021-08-12 00:00:00+05:30,1798.0,1829.5999755859375,1781.0,1823.5999755859375,889082
2021-08-13 00:00:00+05:30,1830.0,1841.0,1818.75,1837.9000244140625,1194666
2021-08-16 00:00:00+05:30,1828.0,1847.050048828125,1817.0,1837.199951171875,461655
2021-08-17 00:00:00+05:30,1840.0,1878.3499755859375,1828.6500244140625,1874.449951171875,1917077
2021-08-18 00:00:00+05:30,1887.800048828125,1890.6500244140625,1860.0,1880.300048828125,1029077
2021-08-20 00:00:00+05:30,1859.4000244140625,1892.300048828125,1857.949951171875,1876.800048828125,1070166
2021-08-23 00:00:00+05:30,1889.0,1895.0,1847.8499755859375,1870.3499755859375,1092285
2021-08-24 00:00:00+05:30,1883.0,1887.300048828125,1852.5999755859375,1869.5999755859375,1003905
2021-08-25 00:00:00+05:30,1860.0,1869.699951171875,1820.0,1822.6500244140625,1280400
2021-08-26 00:00:00+05:30,1822.6500244140625,1834.5999755859375,1805.25,1815.3499755859375,1059290
2021-08-27 00:00:00+05:30,1824.0,1830.0,1797.0,1822.550048828125,1020589
2021-08-30 00:00:00+05:30,1835.0,1886.949951171875,1831.800048828125,1878.449951171875,1670309
2021-08-31 00:00:00+05:30,1878.449951171875,1925.0,1875.550048828125,1921.5999755859375,1816071
2021-09-01 00:00:00+05:30,1925.199951171875,1953.949951171875,1915.0,1939.4000244140625,1247432
2021-09-02 00:00:00+05:30,1958.5,1979.5,1946.8499755859375,1967.0999755859375,1167157
2021-09-03 00:00:00+05:30,1970.0999755859375,2024.4000244140625,1970.0999755859375,2019.300048828125,1548784
2021-09-06 00:00:00+05:30,2025.0,2032.8499755859375,2006.1500244140625,2020.6500244140625,679133
2021-09-07 00:00:00+05:30,2014.0,2039.9000244140625,2012.699951171875,2033.9000244140625,773091
2021-09-08 00:00:00+05:30,2033.949951171875,2067.0,2015.050048828125,2055.949951171875,796813
2021-09-09 00:00:00+05:30,2052.0,2060.0,2021.050048828125,2034.300048828125,653397
2021-09-13 00:00:00+05:30,2037.0,2043.449951171875,2021.1500244140625,2030.6500244140625,786459
2021-09-14 00:00:00+05:30,2038.9000244140625,2061.5,2032.050048828125,2055.699951171875,888765
2021-09-15 00:00:00+05:30,2060.0,2133.0,2060.0,2119.85009765625,2795995
2021-09-16 00:00:00+05:30,2132.949951171875,2132.949951171875,2095.050048828125,2108.699951171875,725123
2021-09-17 00:00:00+05:30,2113.949951171875,2150.0,2080.0,2095.60009765625,1727410
2021-09-20 00:00:00+05:30,2088.0,2096.0,2070.550048828125,2077.35009765625,411738
2021-09-21 00:00:00+05:30,2075.0,2097.5,2062.10009765625,2085.85009765625,539788
2021-09-22 00:00:00+05:30,2096.800048828125,2110.949951171875,2073.39990234375,2081.050048828125,1057480
2021-09-23 00:00:00+05:30,2090.0,2113.75,2076.60009765625,2105.050048828125,711634
2021-09-24 00:00:00+05:30,2105.0,2115.0,2085.0,2092.89990234375,540771
2021-09-27 00:00:00+05:30,2099.0,2107.35009765625,2077.199951171875,2090.25,507550
2021-09-28 00:00:00+05:30,2083.199951171875,2138.0,2083.050048828125,2129.300048828125,923489
2021-09-29 00:00:00+05:30,2129.0,2167.89990234375,2110.050048828125,2147.5,912912
2021-09-30 00:00:00+05:30,2149.89990234375,2185.0,2136.300048828125,2161.85009765625,1374265
2021-10-01 00:00:00+05:30,2157.0,2175.0,2122.64990234375,2163.75,626710
2021-10-04 00:00:00+05:30,2160.0,2174.300048828125,2138.0,2155.300048828125,870878
2021-10-05 00:00:00+05:30,2155.300048828125,2206.64990234375,2130.0,2192.64990234375,1329784
2021-10-06 00:00:00+05:30,2194.0,2204.699951171875,2135.10009765625,2147.64990234375,895210
2021-10-07 00:00:00+05:30,2255.0,2384.25,2250.0,2375.35009765625,8361061
2021-10-08 00:00:00+05:30,2420.0,2420.0,2353.0,2358.199951171875,1845797
2021-10-11 00:00:00+05:30,2377.0,2406.10009765625,2357.550048828125,2362.39990234375,1056932
2021-10-12 00:00:00+05:30,2365.0,2507.800048828125,2342.64990234375,2492.60009765625,3517011
2021-10-13 00:00:00+05:30,2539.89990234375,2608.949951171875,2490.0,2537.199951171875,4023645
2021-10-14 00:00:00+05:30,2575.300048828125,2584.0,2532.35009765625,2564.050048828125,1546459
2021-10-18 00:00:00+05:30,2620.0,2677.89990234375,2575.5,2588.800048828125,2572741
2021-10-19 00:00:00+05:30,2638.0,2638.0,2468.75,2484.89990234375,3546129
2021-10-20 00:00:00+05:30,2487.10009765625,2505.550048828125,2403.0,2411.39990234375,2868983
2021-10-21 00:00:00+05:30,2433.89990234375,2435.949951171875,2380.050048828125,2395.699951171875,2303014
2021-10-22 00:00:00+05:30,2417.39990234375,2494.949951171875,2398.0,2412.0,3063724
2021-10-25 00:00:00+05:30,2405.0,2412.0,2340.0,2379.14990234375,1446182
2021-10-26 00:00:00+05:30,2390.0,2468.449951171875,2371.0,2454.75,2567357
2021-10-27 00:00:00+05:30,2468.0,2482.35009765625,2452.199951171875,2460.10009765625,2082690
2021-10-28 00:00:00+05:30,2470.0,2470.0,2360.0,2375.14990234375,3330380
2021-10-29 00:00:00+05:30,2400.0,2404.0,2346.550048828125,2383.550048828125,1450019
2021-11-01 00:00:00+05:30,2441.449951171875,2441.449951171875,2390.35009765625,2406.300048828125,1276469
2021-11-02 00:00:00+05:30,2422.800048828125,2464.800048828125,2421.050048828125,2453.949951171875,1546219
2021-11-03 00:00:00+05:30,2462.0,2471.64990234375,2406.050048828125,2417.949951171875,1554405
2021-11-04 00:00:00+05:30,2439.0,2444.800048828125,2422.0,2431.75,181506
2021-11-08 00:00:00+05:30,2477.89990234375,2548.699951171875,2448.300048828125,2536.75,3449086
2021-11-09 00:00:00+05:30,2528.949951171875,2543.800048828125,2491.14990234375,2512.10009765625,1097405
2021-11-10 00:00:00+05:30,2505.0,2526.85009765625,2472.199951171875,2484.60009765625,911235
2021-11-11 00:00:00+05:30,2484.0,2542.800048828125,2476.300048828125,2528.10009765625,1726010
2021-11-12 00:00:00+05:30,2547.85009765625,2561.75,2523.0,2539.5,1673817
2021-11-15 00:00:00+05:30,2551.0,2572.699951171875,2531.699951171875,2539.39990234375,846885
2021-11-16 00:00:00+05:30,2550.10009765625,2551.35009765625,2520.14990234375,2531.75,1133767
2021-11-17 00:00:00+05:30,2522.89990234375,2539.0,2491.10009765625,2499.35009765625,892518
2021-11-18 00:00:00+05:30,2492.0,2520.0,2456.5,2478.199951171875,739912
2021-11-22 00:00:00+05:30,2492.39990234375,2492.39990234375,2353.0,2391.300048828125,1361329
2021-11-23 00:00:00+05:30,2380.0,2410.949951171875,2365.050048828125,2387.699951171875,1247942
2021-11-24 00:00:00+05:30,2400.0,2405.25,2365.0,2375.85009765625,614145
2021-11-25 00:00:00+05:30,2360.0,2403.199951171875,2355.14990234375,2397.800048828125,662071
2021-11-26 00:00:00+05:30,2377.800048828125,2385.10009765625,2285.050048828125,2292.300048828125,1289322
2021-11-29 00:00:00+05:30,2290.0,2334.39990234375,2231.39990234375,2324.199951171875,1094276
2021-11-30 00:00:00+05:30,2336.39990234375,2390.0,2336.39990234375,2375.5,2675375
2021-12-01 00:00:00+05:30,2409.800048828125,2441.949951171875,2347.39990234375,2360.199951171875,2177426
2021-12-02 00:00:00+05:30,2369.0,2422.5,2360.050048828125,2386.5,1682636
2021-12-03 00:00:00+05:30,2405.0,2405.449951171875,2355.050048828125,2369.25,1062389
2021-12-06 00:00:00+05:30,2361.35009765625,2379.85009765625,2318.39990234375,2325.300048828125,547641
2021-12-07 00:00:00+05:30,2336.5,2385.85009765625,2325.35009765625,2380.550048828125,904175
2021-12-08 00:00:00+05:30,2385.0,2418.0,2377.10009765625,2405.550048828125,926476
2021-12-09 00:00:00+05:30,2424.0,2424.0,2355.85009765625,2373.14990234375,1250492
2021-12-10 00:00:00+05:30,2385.39990234375,2385.39990234375,2296.300048828125,2339.35009765625,2288164
2021-12-13 00:00:00+05:30,2352.60009765625,2386.0,2340.10009765625,2350.5,992852
2021-12-14 00:00:00+05:30,2342.699951171875,2371.25,2318.75,2354.85009765625,765269
2021-12-15 00:00:00+05:30,2355.10009765625,2368.25,2317.449951171875,2323.14990234375,567271
2021-12-16 00:00:00+05:30,2344.10009765625,2364.800048828125,2325.25,2357.25,998086
2021-12-17 00:00:00+05:30,2336.0,2339.300048828125,2257.10009765625,2280.39990234375,1591893
2021-12-20 00:00:00+05:30,2259.699951171875,2263.14990234375,2205.0,2239.35009765625,1063366
2021-12-21 00:00:00+05:30,2251.300048828125,2310.0,2251.300048828125,2287.64990234375,883858
2021-12-22 00:00:00+05:30,2306.300048828125,2308.10009765625,2282.35009765625,2299.75,643034
2021-12-23 00:00:00+05:30,2320.0,2337.550048828125,2310.0,2329.89990234375,613686
2021-12-24 00:00:00+05:30,2340.10009765625,2341.89990234375,2310.0,2319.449951171875,534065
2021-12-27 00:00:00+05:30,2306.14990234375,2344.0,2286.300048828125,2331.300048828125,537545
2021-12-28 00:00:00+05:30,2340.10009765625,2384.949951171875,2327.5,2379.85009765625,871453
2021-12-29 00:00:00+05:30,2379.0,2416.449951171875,2370.35009765625,2402.14990234375,764644
2021-12-30 00:00:00+05:30,2393.800048828125,2448.0,2390.699951171875,2437.300048828125,1152684
2021-12-31 00:00:00+05:30,2447.300048828125,2535.0,2444.60009765625,2522.39990234375,2225749
2022-01-03 00:00:00+05:30,2510.0,2546.0,2502.300048828125,2523.85009765625,921729
2022-01-04 00:00:00+05:30,2525.0,2594.949951171875,2524.39990234375,2583.0,1037293
2022-01-05 00:00:00+05:30,2576.0,2608.0,2560.10009765625,2576.14990234375,1244568
2022-01-06 00:00:00+05:30,2540.0,2601.35009765625,2538.449951171875,2595.89990234375,1130508
2022-01-07 00:00:00+05:30,2630.0,2687.25,2562.35009765625,2572.699951171875,4625230
2022-01-10 00:00:00+05:30,2585.0,2663.550048828125,2571.0,2657.5,1894316
2022-01-11 00:00:00+05:30,2650.0,2678.75,2634.300048828125,2653.35009765625,1123968
2022-01-12 00:00:00+05:30,2641.0,2672.0,2608.0,2612.949951171875,1293999
2022-01-13 00:00:00+05:30,2611.0,2628.89990234375,2588.0,2619.25,1023670
2022-01-14 00:00:00+05:30,2626.0,2639.0,2588.85009765625,2592.75,1166457
2022-01-17 00:00:00+05:30,2592.75,2604.300048828125,2550.39990234375,2597.550048828125,1172956
2022-01-18 00:00:00+05:30,2598.0,2635.0,2587.0,2600.60009765625,1221314
2022-01-19 00:00:00+05:30,2598.0,2617.800048828125,2571.10009765625,2588.89990234375,629040
2022-01-20 00:00:00+05:30,2597.0,2610.0,2550.0,2564.300048828125,1215237
2022-01-21 00:00:00+05:30,2548.0,2561.89990234375,2505.0,2528.14990234375,1457884
2022-01-24 00:00:00+05:30,2520.0,2522.550048828125,2376.0,2403.050048828125,1411443
2022-01-25 00:00:00+05:30,2386.0,2407.75,2330.39990234375,2376.5,2849686
2022-01-27 00:00:00+05:30,2327.0,2360.39990234375,2260.0,2310.050048828125,2460051
2022-01-28 00:00:00+05:30,2313.0,2377.800048828125,2308.0,2315.60009765625,1317407
2022-01-31 00:00:00+05:30,2353.0,2380.0,2336.35009765625,2360.300048828125,900510
2022-02-01 00:00:00+05:30,2378.800048828125,2442.10009765625,2358.949951171875,2431.800048828125,1246431
2022-02-02 00:00:00+05:30,2451.0,2477.89990234375,2441.75,2464.0,1144427
2022-02-03 00:00:00+05:30,2480.5,2506.550048828125,2417.0,2474.949951171875,3883564
2022-02-04 00:00:00+05:30,2510.0,2520.0,2430.0,2471.14990234375,2718069
2022-02-07 00:00:00+05:30,2480.0,2498.14990234375,2388.0,2409.199951171875,1119632
2022-02-08 00:00:00+05:30,2418.39990234375,2465.0,2400.89990234375,2443.64990234375,1524580
2022-02-09 00:00:00+05:30,2465.0,2495.0,2456.050048828125,2484.800048828125,826261
2022-02-10 00:00:00+05:30,2499.949951171875,2503.949951171875,2465.550048828125,2491.85009765625,788689
2022-02-11 00:00:00+05:30,2480.0,2480.0,2421.25,2442.25,1030760
2022-02-14 00:00:00+05:30,2380.0,2423.0,2351.25,2398.0,816491
2022-02-15 00:00:00+05:30,2421.949951171875,2499.800048828125,2399.0,2495.89990234375,1293933
2022-02-16 00:00:00+05:30,2510.0,2519.89990234375,2460.25,2488.050048828125,1008929
2022-02-17 00:00:00+05:30,2509.5,2537.5,2487.0,2493.199951171875,960885
2022-02-18 00:00:00+05:30,2479.300048828125,2499.5,2460.800048828125,2488.949951171875,654373
2022-02-21 00:00:00+05:30,2488.0,2488.0,2411.050048828125,2454.35009765625,788568
2022-02-22 00:00:00+05:30,2377.0,2457.0,2377.0,2450.10009765625,874150
2022-02-23 00:00:00+05:30,2452.0,2525.0,2452.0,2495.699951171875,2096198
2022-02-24 00:00:00+05:30,2402.0,2466.0,2395.0,2406.60009765625,1875086
2022-02-25 00:00:00+05:30,2423.5,2474.0,2423.5,2468.449951171875,1284338
2022-02-28 00:00:00+05:30,2430.0,2563.64990234375,2430.0,2546.550048828125,2355891
2022-03-02 00:00:00+05:30,2550.0,2604.800048828125,2524.35009765625,2592.64990234375,3536974
2022-03-03 00:00:00+05:30,2620.0,2639.800048828125,2560.0,2574.25,2153478
2022-03-04 00:00:00+05:30,2565.0,2565.0,2430.0,2441.0,2652474
2022-03-07 00:00:00+05:30,2414.800048828125,2419.949951171875,2330.0,2389.699951171875,1545686
2022-03-08 00:00:00+05:30,2400.0,2419.5,2325.60009765625,2371.25,1467595
2022-03-09 00:00:00+05:30,2393.0,2460.5,2375.0,2433.64990234375,1581979
2022-03-10 00:00:00+05:30,2498.0,2504.75,2444.85009765625,2467.800048828125,1051744
2022-03-11 00:00:00+05:30,2478.0,2498.199951171875,2448.85009765625,2493.60009765625,812330
2022-03-14 00:00:00+05:30,2490.0,2545.0,2475.0,2539.0,1004492
2022-03-15 00:00:00+05:30,2559.0,2579.0,2543.199951171875,2556.949951171875,1571483
2022-03-16 00:00:00+05:30,2577.800048828125,2593.5,2566.0,2587.300048828125,757197
2022-03-17 00:00:00+05:30,2600.10009765625,2721.64990234375,2600.10009765625,2703.0,3336088
2022-03-21 00:00:00+05:30,2740.0,2768.0,2700.0,2707.25,1889261
2022-03-22 00:00:00+05:30,2716.25,2718.800048828125,2646.449951171875,2712.75,1279904
2022-03-23 00:00:00+05:30,2730.0,2742.949951171875,2677.85009765625,2690.0,1281815
2022-03-24 00:00:00+05:30,2694.0,2694.0,2612.550048828125,2618.5,1835380
2022-03-25 00:00:00+05:30,2631.0,2634.0,2518.0,2523.89990234375,2863040
2022-03-28 00:00:00+05:30,2536.5,2545.550048828125,2483.0,2535.89990234375,1316800
2022-03-29 00:00:00+05:30,2550.0,2559.0,2525.300048828125,2538.800048828125,908172
2022-03-30 00:00:00+05:30,2556.300048828125,2565.75,2510.0,2523.14990234375,866666
2022-03-31 00:00:00+05:30,2525.25,2545.39990234375,2519.949951171875,2536.14990234375,910316
2022-04-01 00:00:00+05:30,2538.0,2550.0,2491.85009765625,2520.85009765625,1208002
2022-04-04 00:00:00+05:30,2540.35009765625,2562.0,2508.75,2517.0,1424995
2022-04-05 00:00:00+05:30,2532.0,2577.800048828125,2520.050048828125,2549.199951171875,1586304
2022-04-06 00:00:00+05:30,2547.0,2564.89990234375,2523.300048828125,2540.050048828125,1349078
2022-04-07 00:00:00+05:30,2502.300048828125,2544.449951171875,2452.0,2458.35009765625,2785215
2022-04-08 00:00:00+05:30,2468.35009765625,2532.64990234375,2465.0,2509.949951171875,1217812
2022-04-11 00:00:00+05:30,2503.0,2509.949951171875,2477.39990234375,2489.85009765625,660112
2022-04-12 00:00:00+05:30,2480.0,2508.5,2440.25,2488.199951171875,1182427
2022-04-13 00:00:00+05:30,2492.199951171875,2495.949951171875,2441.10009765625,2461.35009765625,1165453
2022-04-18 00:00:00+05:30,2435.0,2500.0,2410.0,2493.449951171875,1109814
2022-04-19 00:00:00+05:30,2509.39990234375,2520.60009765625,2441.0,2452.60009765625,929834
2022-04-20 00:00:00+05:30,2453.050048828125,2505.0,2442.699951171875,2482.699951171875,639190
2022-04-21 00:00:00+05:30,2482.699951171875,2524.949951171875,2466.0,2521.0,880723
2022-04-22 00:00:00+05:30,2515.0,2526.449951171875,2476.5,2512.699951171875,878780
2022-04-25 00:00:00+05:30,2471.0,2489.0,2447.050048828125,2453.89990234375,682383
2022-04-26 00:00:00+05:30,2460.0,2552.14990234375,2459.0,2548.199951171875,1232557
2022-04-27 00:00:00+05:30,2528.64990234375,2537.800048828125,2488.25,2492.35009765625,801135
2022-04-28 00:00:00+05:30,2529.89990234375,2531.0,2477.0,2513.199951171875,933881
2022-04-29 00:00:00+05:30,2521.0,2532.0,2450.0,2458.199951171875,1496781
2022-05-02 00:00:00+05:30,2435.0,2437.0,2372.35009765625,2386.550048828125,1287401
2022-05-04 00:00:00+05:30,2356.0,2407.0,2275.0,2289.949951171875,2357806
2022-05-05 00:00:00+05:30,2309.0,2309.0,2252.14990234375,2262.0,2118580
2022-05-06 00:00:00+05:30,2240.0,2240.0,2195.449951171875,2208.75,1465638
2022-05-09 00:00:00+05:30,2195.0,2213.35009765625,2171.0,2183.199951171875,968069
2022-05-10 00:00:00+05:30,2180.0,2186.0,2125.0,2137.35009765625,1092429
2022-05-11 00:00:00+05:30,2127.199951171875,2138.0,2095.75,2114.699951171875,1472911
2022-05-12 00:00:00+05:30,2102.0,2103.89990234375,2035.550048828125,2048.550048828125,1362031
2022-05-13 00:00:00+05:30,2056.14990234375,2154.0,2056.14990234375,2091.699951171875,2580348
2022-05-16 00:00:00+05:30,2118.0,2152.0,2096.699951171875,2109.60009765625,1370151
2022-05-17 00:00:00+05:30,2145.0,2185.0,2111.0,2176.35009765625,1256142
2022-05-18 00:00:00+05:30,2187.0,2194.300048828125,2161.0,2166.75,1188772
2022-05-19 00:00:00+05:30,2125.0,2156.10009765625,2055.10009765625,2111.949951171875,981115
2022-05-20 00:00:00+05:30,2139.89990234375,2155.550048828125,2129.199951171875,2137.050048828125,1017542
2022-05-23 00:00:00+05:30,2160.0,2200.0,2138.0,2151.300048828125,1346294
2022-05-24 00:00:00+05:30,2151.64990234375,2165.0,2121.35009765625,2140.25,1150314
2022-05-25 00:00:00+05:30,2160.0,2181.0,2106.0,2113.39990234375,1125068
2022-05-26 00:00:00+05:30,2132.0,2150.85009765625,2075.5,2141.949951171875,1382368
2022-05-27 00:00:00+05:30,2155.0,2159.949951171875,2123.39990234375,2149.199951171875,865917
2022-05-30 00:00:00+05:30,2164.0,2260.0,2164.0,2255.89990234375,1691435
2022-05-31 00:00:00+05:30,2254.89990234375,2300.0,2176.60009765625,2216.0,7005071
2022-06-01 00:00:00+05:30,2255.0,2304.89990234375,2180.0,2197.60009765625,2126105
2022-06-02 00:00:00+05:30,2176.60009765625,2225.35009765625,2176.60009765625,2220.949951171875,966727
2022-06-03 00:00:00+05:30,2231.64990234375,2244.949951171875,2197.75,2204.39990234375,1228695
2022-06-06 00:00:00+05:30,2204.39990234375,2208.949951171875,2165.949951171875,2198.550048828125,1285097
2022-06-07 00:00:00+05:30,2173.550048828125,2179.449951171875,2088.0,2100.800048828125,3255286
2022-06-08 00:00:00+05:30,2106.050048828125,2133.0,2096.550048828125,2128.85009765625,1775344
2022-06-09 00:00:00+05:30,2106.0,2154.0,2103.0,2139.699951171875,1035771
2022-06-10 00:00:00+05:30,2108.0,2166.0,2108.0,2142.25,927889
2022-06-13 00:00:00+05:30,2108.0,2124.449951171875,2076.199951171875,2102.39990234375,928411
2022-06-14 00:00:00+05:30,2100.0,2116.89990234375,2072.64990234375,2102.0,893733
2022-06-15 00:00:00+05:30,2104.0,2127.5,2090.0,2105.050048828125,783714
2022-06-16 00:00:00+05:30,2126.39990234375,2145.0,2042.050048828125,2060.949951171875,1265289
2022-06-17 00:00:00+05:30,2041.0,2051.64990234375,1910.550048828125,1936.449951171875,6066708
2022-06-20 00:00:00+05:30,1938.0,1973.449951171875,1905.449951171875,1961.699951171875,1967950
2022-06-21 00:00:00+05:30,1979.9000244140625,2093.75,1966.5,2078.10009765625,3289922
2022-06-22 00:00:00+05:30,2070.0,2070.949951171875,2007.0,2031.199951171875,1507811
2022-06-23 00:00:00+05:30,2040.0,2047.800048828125,1997.1500244140625,2041.4000244140625,1632845
2022-06-24 00:00:00+05:30,2053.550048828125,2076.39990234375,2033.949951171875,2045.5999755859375,854618
2022-06-27 00:00:00+05:30,2082.0,2083.64990234375,2025.0,2040.300048828125,1067849
2022-06-28 00:00:00+05:30,2020.0,2022.0,1960.0,1968.050048828125,3397585
2022-06-29 00:00:00+05:30,1950.0,1954.300048828125,1923.0,1936.1500244140625,2375427
2022-06-30 00:00:00+05:30,1950.0,1965.75,1926.0,1941.25,2489709
2022-07-01 00:00:00+05:30,1895.0,1954.3499755859375,1825.050048828125,1946.199951171875,4064801
2022-07-04 00:00:00+05:30,1954.0,1966.5999755859375,1928.0,1962.5,1023678
2022-07-05 00:00:00+05:30,1967.0,1989.0999755859375,1940.550048828125,1954.25,1555345
2022-07-06 00:00:00+05:30,1958.0,2025.5,1941.3499755859375,2013.550048828125,1952701
2022-07-07 00:00:00+05:30,2130.0,2171.60009765625,2102.550048828125,2127.5,5915740
2022-07-08 00:00:00+05:30,2140.0,2154.0,2110.5,2144.35009765625,2039331
2022-07-11 00:00:00+05:30,2153.0,2173.85009765625,2126.60009765625,2163.60009765625,1219508
2022-07-12 00:00:00+05:30,2132.0,2142.0,2114.449951171875,2130.0,1096542
2022-07-13 00:00:00+05:30,2130.0,2141.800048828125,2107.449951171875,2111.39990234375,1169721
2022-07-14 00:00:00+05:30,2132.0,2140.0,2113.0,2127.449951171875,767221
2022-07-15 00:00:00+05:30,2135.0,2193.14990234375,2132.199951171875,2189.699951171875,1742573
2022-07-18 00:00:00+05:30,2196.0,2247.300048828125,2194.050048828125,2237.449951171875,2016386
2022-07-19 00:00:00+05:30,2232.5,2253.0,2216.699951171875,2241.199951171875,867223
2022-07-20 00:00:00+05:30,2280.0,2298.0,2261.10009765625,2271.199951171875,1620332
2022-07-21 00:00:00+05:30,2285.0,2298.0,2264.0,2288.60009765625,1117118
2022-07-22 00:00:00+05:30,2299.0,2329.949951171875,2283.10009765625,2325.0,1185176
2022-07-25 00:00:00+05:30,2339.300048828125,2348.800048828125,2313.0,2328.85009765625,1248393
2022-07-26 00:00:00+05:30,2334.949951171875,2334.949951171875,2286.550048828125,2293.199951171875,1142159
2022-07-27 00:00:00+05:30,2285.10009765625,2311.0,2266.550048828125,2303.550048828125,1456382
2022-07-28 00:00:00+05:30,2321.0,2341.5,2305.050048828125,2334.64990234375,1126799
2022-07-29 00:00:00+05:30,2355.0,2392.5,2339.050048828125,2352.050048828125,1239445
2022-08-01 00:00:00+05:30,2364.800048828125,2381.050048828125,2339.0,2376.25,581266
2022-08-02 00:00:00+05:30,2370.0,2397.800048828125,2357.050048828125,2384.949951171875,777687
2022-08-03 00:00:00+05:30,2395.0,2425.89990234375,2355.0,2416.39990234375,1207016
2022-08-04 00:00:00+05:30,2429.949951171875,2430.449951171875,2370.949951171875,2423.64990234375,1015590
2022-08-05 00:00:00+05:30,2425.199951171875,2472.39990234375,2417.35009765625,2432.800048828125,2443597
2022-08-08 00:00:00+05:30,2460.0,2474.699951171875,2433.14990234375,2446.949951171875,1576547
2022-08-10 00:00:00+05:30,2469.89990234375,2469.89990234375,2417.10009765625,2433.60009765625,1065998
2022-08-11 00:00:00+05:30,2446.199951171875,2486.0,2446.199951171875,2472.35009765625,1127878
2022-08-12 00:00:00+05:30,2472.0,2493.0,2461.89990234375,2471.949951171875,761420
2022-08-16 00:00:00+05:30,2461.10009765625,2499.5,2435.0,2493.85009765625,1035928
2022-08-17 00:00:00+05:30,2495.0,2523.14990234375,2480.64990234375,2492.199951171875,863500
2022-08-18 00:00:00+05:30,2492.199951171875,2503.89990234375,2467.300048828125,2478.699951171875,827663
2022-08-19 00:00:00+05:30,2498.949951171875,2498.949951171875,2430.89990234375,2440.60009765625,751505
2022-08-22 00:00:00+05:30,2440.0,2458.0,2408.0,2417.60009765625,947292
2022-08-23 00:00:00+05:30,2407.0,2501.949951171875,2400.0,2480.199951171875,1417877
2022-08-24 00:00:00+05:30,2495.0,2495.0,2441.050048828125,2460.699951171875,672569
2022-08-25 00:00:00+05:30,2473.0,2501.60009765625,2456.699951171875,2466.449951171875,732577
2022-08-26 00:00:00+05:30,2483.050048828125,2556.0,2481.550048828125,2532.89990234375,2398253
2022-08-29 00:00:00+05:30,2457.25,2540.89990234375,2457.25,2531.699951171875,1149676
2022-08-30 00:00:00+05:30,2545.0,2623.10009765625,2543.0,2604.64990234375,1794736
2022-09-01 00:00:00+05:30,2592.949951171875,2647.14990234375,2565.64990234375,2622.0,1438313
2022-09-02 00:00:00+05:30,2631.0,2645.0,2607.050048828125,2612.60009765625,800453
2022-09-05 00:00:00+05:30,2625.0,2640.0,2610.85009765625,2627.35009765625,733481
2022-09-06 00:00:00+05:30,2631.699951171875,2646.89990234375,2611.0,2631.64990234375,680071
2022-09-07 00:00:00+05:30,2607.0,2641.39990234375,2600.39990234375,2637.75,438635
2022-09-08 00:00:00+05:30,2649.0,2659.89990234375,2616.0,2626.699951171875,754150
2022-09-09 00:00:00+05:30,2652.0,2652.14990234375,2593.0,2603.449951171875,777186
2022-09-12 00:00:00+05:30,2616.800048828125,2669.699951171875,2610.0,2661.14990234375,808360
2022-09-13 00:00:00+05:30,2680.0,2723.0,2672.0,2705.550048828125,1536444
2022-09-14 00:00:00+05:30,2645.0,2712.0,2645.0,2700.60009765625,915281
2022-09-15 00:00:00+05:30,2714.14990234375,2717.0,2648.0,2656.14990234375,753648
2022-09-16 00:00:00+05:30,2648.0,2677.64990234375,2604.25,2611.800048828125,1425731
2022-09-19 00:00:00+05:30,2611.75,2632.0,2552.550048828125,2619.800048828125,808421
2022-09-20 00:00:00+05:30,2642.199951171875,2693.550048828125,2635.10009765625,2684.0,844553
2022-09-21 00:00:00+05:30,2688.0,2700.0,2656.64990234375,2666.64990234375,1052572
2022-09-22 00:00:00+05:30,2660.0,2744.949951171875,2650.0,2737.60009765625,1352472
2022-09-23 00:00:00+05:30,2737.60009765625,2755.699951171875,2667.0,2672.449951171875,1226889
2022-09-26 00:00:00+05:30,2666.0,2677.949951171875,2563.550048828125,2655.5,1371409
2022-09-27 00:00:00+05:30,2669.949951171875,2679.550048828125,2585.550048828125,2600.35009765625,1246270
2022-09-28 00:00:00+05:30,2587.5,2634.5,2564.5,2576.949951171875,1419969
2022-09-29 00:00:00+05:30,2594.85009765625,2606.050048828125,2517.35009765625,2531.5,1177076
2022-09-30 00:00:00+05:30,2538.0,2637.39990234375,2522.60009765625,2606.949951171875,1453944
2022-10-03 00:00:00+05:30,2625.0,2625.0,2555.60009765625,2574.199951171875,1049142
2022-10-04 00:00:00+05:30,2629.0,2629.0,2571.64990234375,2585.10009765625,1291070
2022-10-06 00:00:00+05:30,2598.050048828125,2620.0,2581.60009765625,2592.85009765625,1409852
2022-10-07 00:00:00+05:30,2690.0,2745.0,2675.0,2730.5,5284814
2022-10-10 00:00:00+05:30,2710.0,2727.89990234375,2658.0,2680.10009765625,1290447
2022-10-11 00:00:00+05:30,2693.0,2694.0,2616.39990234375,2624.5,1067626
2022-10-12 00:00:00+05:30,2630.0,2644.89990234375,2606.0,2621.35009765625,1131702
2022-10-13 00:00:00+05:30,2610.0,2628.0,2591.0,2598.64990234375,1038687
2022-10-14 00:00:00+05:30,2640.0,2663.60009765625,2607.75,2617.800048828125,1326916
2022-10-17 00:00:00+05:30,2613.89990234375,2634.89990234375,2602.550048828125,2625.0,1111199
2022-10-18 00:00:00+05:30,2638.14990234375,2664.699951171875,2623.14990234375,2641.10009765625,771852
2022-10-19 00:00:00+05:30,2654.35009765625,2677.0,2640.0,2644.550048828125,1001916
2022-10-20 00:00:00+05:30,2640.0,2644.0,2581.35009765625,2631.5,1022636
2022-10-21 00:00:00+05:30,2650.0,2679.64990234375,2640.050048828125,2665.64990234375,986521
2022-10-24 00:00:00+05:30,2697.0,2699.89990234375,2679.14990234375,2683.89990234375,184595
2022-10-25 00:00:00+05:30,2697.35009765625,2697.35009765625,2662.0,2670.300048828125,505759
2022-10-27 00:00:00+05:30,2700.0,2765.0,2680.0,2703.800048828125,2117791
2022-10-28 00:00:00+05:30,2708.949951171875,2738.89990234375,2693.25,2736.39990234375,1003160
2022-10-31 00:00:00+05:30,2750.0,2791.0,2738.25,2761.5,1144647
2022-11-01 00:00:00+05:30,2770.14990234375,2784.0,2741.0,2754.949951171875,890107
2022-11-02 00:00:00+05:30,2745.0,2747.35009765625,2703.0,2728.449951171875,1704942
2022-11-03 00:00:00+05:30,2705.0,2779.0,2705.0,2763.64990234375,1227960
2022-11-04 00:00:00+05:30,2774.89990234375,2781.449951171875,2746.60009765625,2769.699951171875,1172058
2022-11-07 00:00:00+05:30,2772.0,2772.0,2706.300048828125,2741.550048828125,1825529
2022-11-09 00:00:00+05:30,2769.0,2769.0,2710.0,2718.10009765625,1184702
2022-11-10 00:00:00+05:30,2710.0,2711.10009765625,2628.0,2641.0,1198585
2022-11-11 00:00:00+05:30,2671.0,2694.39990234375,2641.550048828125,2651.800048828125,833729
2022-11-14 00:00:00+05:30,2658.0,2665.0,2623.199951171875,2629.800048828125,565428
2022-11-15 00:00:00+05:30,2642.949951171875,2669.14990234375,2621.050048828125,2656.64990234375,1033296
2022-11-16 00:00:00+05:30,2659.0,2678.199951171875,2630.0,2644.300048828125,835064
2022-11-17 00:00:00+05:30,2638.0,2645.0,2576.0,2582.0,1265647
2022-11-18 00:00:00+05:30,2580.0,2583.39990234375,2545.0,2565.800048828125,1038751
2022-11-21 00:00:00+05:30,2552.0,2578.949951171875,2539.64990234375,2573.35009765625,629040
2022-11-22 00:00:00+05:30,2580.0,2609.0,2561.0,2606.199951171875,912070
2022-11-23 00:00:00+05:30,2614.949951171875,2632.5,2590.800048828125,2601.75,992873
2022-11-24 00:00:00+05:30,2611.0,2618.300048828125,2592.5,2610.199951171875,752066
2022-11-25 00:00:00+05:30,2620.0,2620.0,2586.0,2595.39990234375,633047
2022-11-28 00:00:00+05:30,2584.39990234375,2608.5,2579.0,2592.25,665149
2022-11-29 00:00:00+05:30,2597.14990234375,2640.0,2595.050048828125,2613.75,866621
2022-11-30 00:00:00+05:30,2613.75,2665.0,2604.199951171875,2653.0,1569918
2022-12-01 00:00:00+05:30,2662.0,2665.0,2630.0,2638.699951171875,539844
2022-12-02 00:00:00+05:30,2648.0,2651.39990234375,2605.0,2617.89990234375,731396
2022-12-05 00:00:00+05:30,2629.0,2629.949951171875,2589.25,2615.64990234375,747114
2022-12-06 00:00:00+05:30,2619.800048828125,2624.0,2591.300048828125,2617.0,706596
2022-12-07 00:00:00+05:30,2616.300048828125,2623.75,2586.699951171875,2596.85009765625,712914
2022-12-08 00:00:00+05:30,2596.85009765625,2613.89990234375,2578.75,2583.5,648288
2022-12-09 00:00:00+05:30,2597.0,2629.89990234375,2567.949951171875,2615.449951171875,935047
2022-12-12 00:00:00+05:30,2613.5,2613.5,2571.0,2584.64990234375,726330
2022-12-13 00:00:00+05:30,2597.39990234375,2600.0,2565.0,2575.89990234375,832740
2022-12-14 00:00:00+05:30,2574.85009765625,2596.0,2571.14990234375,2591.10009765625,767737
2022-12-15 00:00:00+05:30,2585.0,2588.64990234375,2514.550048828125,2522.699951171875,1225728
2022-12-16 00:00:00+05:30,2500.0,2520.0,2480.0,2482.85009765625,1177053
2022-12-19 00:00:00+05:30,2483.199951171875,2525.25,2468.699951171875,2521.800048828125,572224
2022-12-20 00:00:00+05:30,2516.800048828125,2517.60009765625,2482.10009765625,2508.14990234375,597902
2022-12-21 00:00:00+05:30,2515.0,2528.0,2481.0,2489.60009765625,519326
2022-12-22 00:00:00+05:30,2491.800048828125,2509.199951171875,2465.0,2483.0,557608
2022-12-23 00:00:00+05:30,2467.64990234375,2505.0,2455.0,2483.050048828125,1310439
2022-12-26 00:00:00+05:30,2487.75,2512.39990234375,2470.25,2481.10009765625,1076808
2022-12-27 00:00:00+05:30,2498.0,2519.89990234375,2485.60009765625,2503.550048828125,791283
2022-12-28 00:00:00+05:30,2502.800048828125,2596.0,2497.5,2580.14990234375,2443430
2022-12-29 00:00:00+05:30,2555.0,2588.85009765625,2542.199951171875,2553.25,1583143
2022-12-30 00:00:00+05:30,2564.0,2610.0,2553.050048828125,2597.5,1057182
2023-01-02 00:00:00+05:30,2607.0,2616.0,2556.800048828125,2565.75,697408
2023-01-03 00:00:00+05:30,2568.0,2619.0,2555.050048828125,2613.60009765625,852511
2023-01-04 00:00:00+05:30,2618.800048828125,2626.25,2585.60009765625,2597.550048828125,832054
2023-01-05 00:00:00+05:30,2591.0,2620.0,2543.64990234375,2562.10009765625,1544601
2023-01-06 00:00:00+05:30,2560.0,2584.39990234375,2517.0,2538.10009765625,879019
2023-01-09 00:00:00+05:30,2529.949951171875,2529.949951171875,2467.800048828125,2484.64990234375,2324487
2023-01-10 00:00:00+05:30,2495.0,2498.699951171875,2456.0,2468.199951171875,948787
2023-01-11 00:00:00+05:30,2473.0,2488.60009765625,2431.0,2437.39990234375,1000412
2023-01-12 00:00:00+05:30,2450.0,2475.0,2432.0,2446.60009765625,874520
2023-01-13 00:00:00+05:30,2456.89990234375,2456.89990234375,2400.0,2417.199951171875,1416869
2023-01-16 00:00:00+05:30,2428.0,2434.800048828125,2392.0,2405.85009765625,737012
2023-01-17 00:00:00+05:30,2405.0,2417.89990234375,2386.0,2407.949951171875,926137
2023-01-18 00:00:00+05:30,2418.0,2429.85009765625,2412.800048828125,2424.10009765625,601233
2023-01-19 00:00:00+05:30,2392.5,2411.800048828125,2367.199951171875,2385.050048828125,1116874
2023-01-20 00:00:00+05:30,2389.949951171875,2396.949951171875,2353.0,2371.300048828125,1229902
2023-01-23 00:00:00+05:30,2383.949951171875,2384.300048828125,2355.60009765625,2364.699951171875,932554
2023-01-24 00:00:00+05:30,2372.5,2390.60009765625,2364.0,2370.75,714000
2023-01-25 00:00:00+05:30,2370.0,2370.0,2333.550048828125,2356.60009765625,650664
2023-01-27 00:00:00+05:30,2368.39990234375,2368.39990234375,2302.60009765625,2331.25,1238620
2023-01-30 00:00:00+05:30,2332.0,2342.85009765625,2287.050048828125,2335.550048828125,1401847
2023-01-31 00:00:00+05:30,2347.0,2386.449951171875,2335.64990234375,2377.14990234375,1252600
2023-02-01 00:00:00+05:30,2408.550048828125,2409.800048828125,2300.050048828125,2345.89990234375,1521514
2023-02-02 00:00:00+05:30,2341.050048828125,2385.0,2269.60009765625,2308.10009765625,1788381
2023-02-03 00:00:00+05:30,2320.10009765625,2470.0,2320.10009765625,2463.10009765625,3693638
2023-02-06 00:00:00+05:30,2474.85009765625,2479.949951171875,2447.60009765625,2458.0,1049075
2023-02-07 00:00:00+05:30,2456.300048828125,2459.75,2432.10009765625,2446.89990234375,563195
2023-02-08 00:00:00+05:30,2447.0,2480.0,2447.0,2466.75,539085
2023-02-09 00:00:00+05:30,2467.0,2475.64990234375,2451.60009765625,2462.550048828125,464715
2023-02-10 00:00:00+05:30,2452.0,2472.0,2442.050048828125,2468.5,597337
2023-02-13 00:00:00+05:30,2480.0,2523.949951171875,2476.14990234375,2519.050048828125,1856317
2023-02-14 00:00:00+05:30,2528.949951171875,2528.949951171875,2480.0,2506.89990234375,843477
2023-02-15 00:00:00+05:30,2503.449951171875,2528.25,2483.300048828125,2524.300048828125,707224
2023-02-16 00:00:00+05:30,2530.0,2545.64990234375,2518.10009765625,2522.39990234375,704946
2023-02-17 00:00:00+05:30,2515.0,2545.85009765625,2496.0,2500.300048828125,607239
2023-02-20 00:00:00+05:30,2500.0,2507.25,2466.300048828125,2474.14990234375,460090
2023-02-21 00:00:00+05:30,2485.949951171875,2485.949951171875,2450.5,2463.60009765625,750272
2023-02-22 00:00:00+05:30,2451.949951171875,2462.800048828125,2414.39990234375,2431.550048828125,1098118
2023-02-23 00:00:00+05:30,2432.5,2432.5,2380.0,2394.5,1602078
2023-02-24 00:00:00+05:30,2400.0,2413.75,2377.949951171875,2399.10009765625,1145691
2023-02-27 00:00:00+05:30,2399.10009765625,2412.0,2373.60009765625,2401.0,862629
2023-02-28 00:00:00+05:30,2401.10009765625,2425.0,2363.60009765625,2372.800048828125,1430349
2023-03-01 00:00:00+05:30,2370.0,2396.050048828125,2366.35009765625,2382.39990234375,479935
2023-03-02 00:00:00+05:30,2382.35009765625,2394.300048828125,2351.75,2358.949951171875,529609
2023-03-03 00:00:00+05:30,2370.0,2402.0,2358.300048828125,2396.10009765625,710845
2023-03-06 00:00:00+05:30,2412.550048828125,2426.39990234375,2392.60009765625,2403.449951171875,682556
2023-03-08 00:00:00+05:30,2396.39990234375,2401.199951171875,2372.25,2397.10009765625,858496
2023-03-09 00:00:00+05:30,2400.800048828125,2407.949951171875,2365.0,2368.25,601071
2023-03-10 00:00:00+05:30,2354.85009765625,2379.949951171875,2338.0,2375.5,543004
2023-03-13 00:00:00+05:30,2372.75,2376.949951171875,2321.0,2332.0,631722
2023-03-14 00:00:00+05:30,2336.949951171875,2391.85009765625,2328.85009765625,2355.60009765625,1470817
2023-03-15 00:00:00+05:30,2380.0,2413.85009765625,2379.949951171875,2399.10009765625,1656307
2023-03-16 00:00:00+05:30,2413.5,2482.0,2413.0,2450.35009765625,2317115
2023-03-17 00:00:00+05:30,2467.14990234375,2474.0,2447.39990234375,2455.64990234375,1625905
2023-03-20 00:00:00+05:30,2462.0,2474.949951171875,2441.550048828125,2459.949951171875,918922
2023-03-21 00:00:00+05:30,2475.0,2521.550048828125,2468.050048828125,2514.050048828125,1652107
2023-03-22 00:00:00+05:30,2517.949951171875,2524.0,2495.0,2508.14990234375,754732
2023-03-23 00:00:00+05:30,2510.0,2528.0,2494.050048828125,2519.050048828125,610778
2023-03-24 00:00:00+05:30,2516.800048828125,2519.699951171875,2474.949951171875,2493.35009765625,838919
2023-03-27 00:00:00+05:30,2480.0,2510.0,2466.800048828125,2494.39990234375,728727
2023-03-28 00:00:00+05:30,2502.89990234375,2507.14990234375,2493.89990234375,2500.300048828125,599191
2023-03-29 00:00:00+05:30,2500.300048828125,2525.0,2494.0,2515.050048828125,710603
2023-03-31 00:00:00+05:30,2526.949951171875,2536.75,2500.0,2514.89990234375,848456
2023-04-03 00:00:00+05:30,2525.89990234375,2544.64990234375,2513.300048828125,2537.39990234375,701713
2023-04-05 00:00:00+05:30,2560.0,2581.5,2550.10009765625,2572.699951171875,1438377
2023-04-06 00:00:00+05:30,2583.0,2584.0,2545.0,2548.449951171875,1192271
2023-04-10 00:00:00+05:30,2568.0,2602.0,2561.050048828125,2583.699951171875,1497452
2023-04-11 00:00:00+05:30,2583.699951171875,2603.5,2576.0,2580.050048828125,820568
2023-04-12 00:00:00+05:30,2580.050048828125,2593.449951171875,2564.14990234375,2587.89990234375,553807
2023-04-13 00:00:00+05:30,2588.0,2599.949951171875,2577.300048828125,2585.64990234375,481459
2023-04-17 00:00:00+05:30,2600.0,2612.25,2582.300048828125,2605.60009765625,1044487
2023-04-18 00:00:00+05:30,2603.050048828125,2607.64990234375,2560.10009765625,2577.699951171875,674756
2023-04-19 00:00:00+05:30,2580.050048828125,2595.949951171875,2562.0,2569.300048828125,687292
2023-04-20 00:00:00+05:30,2577.64990234375,2619.0,2570.5,2579.25,995472
2023-04-21 00:00:00+05:30,2593.60009765625,2594.550048828125,2559.25,2568.300048828125,409932
2023-04-24 00:00:00+05:30,2571.10009765625,2636.39990234375,2570.0,2629.550048828125,1026391
2023-04-25 00:00:00+05:30,2634.85009765625,2637.0,2614.949951171875,2633.199951171875,630987
2023-04-26 00:00:00+05:30,2633.0,2647.64990234375,2625.64990234375,2641.0,631279
2023-04-27 00:00:00+05:30,2641.0,2674.0,2631.5,2663.449951171875,620037
2023-04-28 00:00:00+05:30,2672.449951171875,2679.300048828125,2619.5,2641.85009765625,1567472
2023-05-02 00:00:00+05:30,2657.0,2674.0,2633.39990234375,2663.85009765625,726439
2023-05-03 00:00:00+05:30,2675.0,2679.5,2643.10009765625,2654.050048828125,808211
2023-05-04 00:00:00+05:30,2679.699951171875,2694.25,2656.550048828125,2670.39990234375,1936641
2023-05-05 00:00:00+05:30,2670.60009765625,2766.0,2666.300048828125,2732.89990234375,2190777
2023-05-08 00:00:00+05:30,2732.949951171875,2770.0,2732.89990234375,2751.25,848638
2023-05-09 00:00:00+05:30,2753.300048828125,2790.0,2738.449951171875,2748.39990234375,893686
2023-05-10 00:00:00+05:30,2760.0,2767.699951171875,2736.199951171875,2745.449951171875,522149
2023-05-11 00:00:00+05:30,2758.0,2765.0,2744.050048828125,2757.85009765625,621067
2023-05-12 00:00:00+05:30,2760.800048828125,2784.5,2756.85009765625,2773.199951171875,705516
2023-05-15 00:00:00+05:30,2774.0,2802.10009765625,2764.25,2779.550048828125,772914
2023-05-16 00:00:00+05:30,2785.0,2800.800048828125,2774.550048828125,2790.25,548885
2023-05-17 00:00:00+05:30,2785.0,2790.0,2750.050048828125,2762.39990234375,539547
2023-05-18 00:00:00+05:30,2782.0,2782.0,2716.10009765625,2721.85009765625,612441
2023-05-19 00:00:00+05:30,2719.949951171875,2719.949951171875,2683.050048828125,2701.64990234375,846419
2023-05-22 00:00:00+05:30,2701.60009765625,2734.0,2701.10009765625,2712.550048828125,559506
2023-05-23 00:00:00+05:30,2719.949951171875,2726.39990234375,2677.300048828125,2683.449951171875,713749
2023-05-24 00:00:00+05:30,2675.0,2722.0,2670.0,2707.25,814553
2023-05-25 00:00:00+05:30,2714.449951171875,2720.0,2682.0,2707.949951171875,651488
2023-05-26 00:00:00+05:30,2707.949951171875,2759.699951171875,2699.14990234375,2742.14990234375,811400
2023-05-29 00:00:00+05:30,2745.0,2821.800048828125,2745.0,2812.25,1107678
2023-05-30 00:00:00+05:30,2829.5,2841.89990234375,2797.699951171875,2802.5,1263691
2023-05-31 00:00:00+05:30,2802.5,2832.10009765625,2790.10009765625,2823.25,1394580
2023-06-01 00:00:00+05:30,2823.25,2837.64990234375,2814.699951171875,2827.25,538550
2023-06-02 00:00:00+05:30,2830.0,2871.0,2826.449951171875,2861.64990234375,1116501
2023-06-05 00:00:00+05:30,2875.0,2875.0,2840.0,2855.699951171875,724102
2023-06-06 00:00:00+05:30,2860.949951171875,2893.0,2858.300048828125,2881.449951171875,1148132
2023-06-07 00:00:00+05:30,2895.0,2910.0,2870.0,2906.949951171875,862821
2023-06-08 00:00:00+05:30,2906.89990234375,2921.85009765625,2871.050048828125,2877.0,560514
2023-06-09 00:00:00+05:30,2890.0,2919.949951171875,2863.25,2876.25,727880
2023-06-12 00:00:00+05:30,2884.949951171875,2885.449951171875,2833.25,2852.60009765625,1112274
2023-06-13 00:00:00+05:30,2859.89990234375,2918.0,2855.10009765625,2912.5,776313
2023-06-14 00:00:00+05:30,2920.0,2928.199951171875,2897.0,2907.050048828125,617700
2023-06-15 00:00:00+05:30,2911.050048828125,2924.64990234375,2900.0,2908.0,564711
2023-06-16 00:00:00+05:30,2911.800048828125,2960.0,2911.800048828125,2954.300048828125,1022389
2023-06-19 00:00:00+05:30,2967.0,3024.39990234375,2963.35009765625,2968.60009765625,1382633
2023-06-20 00:00:00+05:30,2972.699951171875,2986.35009765625,2948.300048828125,2974.0,672298
2023-06-21 00:00:00+05:30,2974.0,2985.0,2958.14990234375,2971.10009765625,509602
2023-06-22 00:00:00+05:30,2975.0,2984.75,2955.800048828125,2970.25,496441
2023-06-23 00:00:00+05:30,2972.5,2981.0,2932.0,2939.14990234375,869340
2023-06-26 00:00:00+05:30,2940.0,2981.0,2940.0,2972.60009765625,839713
2023-06-27 00:00:00+05:30,2973.0,2989.199951171875,2940.699951171875,2975.699951171875,913730
2023-06-28 00:00:00+05:30,2995.0,3044.39990234375,2985.050048828125,3028.10009765625,1525117
2023-06-30 00:00:00+05:30,3046.0,3067.949951171875,3029.14990234375,3047.64990234375,946112
2023-07-03 00:00:00+05:30,3050.10009765625,3054.0,3026.300048828125,3038.300048828125,429100
2023-07-04 00:00:00+05:30,3041.5,3090.0,3039.0,3074.64990234375,1291238
2023-07-05 00:00:00+05:30,3075.0,3113.89990234375,3063.0,3099.85009765625,643663
2023-07-06 00:00:00+05:30,3100.0,3111.85009765625,3081.39990234375,3106.39990234375,976956
2023-07-07 00:00:00+05:30,3140.0,3210.0,3126.39990234375,3144.0,3630808
2023-07-10 00:00:00+05:30,3155.0,3155.0,3030.25,3045.550048828125,1777220
2023-07-11 00:00:00+05:30,3062.85009765625,3098.0,3044.800048828125,3087.60009765625,1141925
2023-07-12 00:00:00+05:30,3114.0,3124.0,3087.64990234375,3096.5,1300168
2023-07-13 00:00:00+05:30,3113.949951171875,3114.60009765625,3079.300048828125,3084.75,932018
2023-07-14 00:00:00+05:30,3093.64990234375,3097.35009765625,3042.60009765625,3055.550048828125,721349
2023-07-17 00:00:00+05:30,3070.0,3072.949951171875,3020.0,3033.449951171875,866575
2023-07-18 00:00:00+05:30,3033.449951171875,3039.949951171875,2963.39990234375,2996.449951171875,1359863
2023-07-19 00:00:00+05:30,3010.10009765625,3017.39990234375,2985.050048828125,2995.64990234375,568891
2023-07-20 00:00:00+05:30,3002.25,3016.60009765625,2966.0,2989.300048828125,1021556
2023-07-21 00:00:00+05:30,2990.75,3005.0,2970.0,2976.300048828125,599594
2023-07-24 00:00:00+05:30,2978.0,2992.89990234375,2951.25,2979.199951171875,523141
2023-07-25 00:00:00+05:30,2980.0,3032.89990234375,2972.75,3029.0,874788
2023-07-26 00:00:00+05:30,3044.89990234375,3044.89990234375,2995.0,3008.35009765625,588487
2023-07-27 00:00:00+05:30,3013.949951171875,3024.10009765625,2983.64990234375,3002.10009765625,595544
2023-07-28 00:00:00+05:30,3008.14990234375,3010.0,2951.699951171875,2987.0,837051
2023-07-31 00:00:00+05:30,2950.0,3017.949951171875,2950.0,3004.050048828125,656048
2023-08-01 00:00:00+05:30,3024.85009765625,3027.5,2987.699951171875,3001.89990234375,602288
2023-08-02 00:00:00+05:30,3005.64990234375,3005.699951171875,2960.0,2977.14990234375,1152335
2023-08-03 00:00:00+05:30,2937.949951171875,2986.949951171875,2883.0,2902.10009765625,3319847
2023-08-04 00:00:00+05:30,2919.949951171875,2935.800048828125,2898.0,2904.39990234375,709334
2023-08-07 00:00:00+05:30,2919.949951171875,2919.949951171875,2882.449951171875,2904.60009765625,580359
2023-08-08 00:00:00+05:30,2918.0,2932.0,2904.60009765625,2921.25,474417
2023-08-09 00:00:00+05:30,2924.0,2962.0,2918.14990234375,2955.89990234375,600081
2023-08-10 00:00:00+05:30,2958.0,2995.5,2917.0,2988.550048828125,970990
2023-08-11 00:00:00+05:30,2988.5,3067.449951171875,2980.0,3017.25,1823274
2023-08-14 00:00:00+05:30,3020.35009765625,3020.35009765625,2988.35009765625,3010.64990234375,542561
2023-08-16 00:00:00+05:30,3005.0,3015.89990234375,2978.050048828125,3011.10009765625,544441
2023-08-17 00:00:00+05:30,3018.0,3079.449951171875,3012.0,3071.75,1699758
2023-08-18 00:00:00+05:30,3070.60009765625,3079.5,3035.0,3050.449951171875,860782
2023-08-21 00:00:00+05:30,3051.0,3082.5,3050.0,3078.300048828125,706621
2023-08-22 00:00:00+05:30,3084.949951171875,3091.0,3040.10009765625,3075.60009765625,714220
2023-08-23 00:00:00+05:30,3075.60009765625,3085.0,3056.300048828125,3070.0,602197
2023-08-24 00:00:00+05:30,3075.699951171875,3099.89990234375,3056.25,3061.199951171875,618626
2023-08-25 00:00:00+05:30,3055.0,3074.75,3037.550048828125,3067.199951171875,648003
2023-08-28 00:00:00+05:30,3074.0,3079.949951171875,3040.699951171875,3048.550048828125,471698
2023-08-29 00:00:00+05:30,3051.949951171875,3090.0,3044.0,3079.39990234375,482639
2023-08-30 00:00:00+05:30,3080.0,3111.0,3067.0,3082.199951171875,582766
2023-08-31 00:00:00+05:30,3090.85009765625,3118.949951171875,3082.199951171875,3104.449951171875,1420498
2023-09-01 00:00:00+05:30,3111.949951171875,3124.89990234375,3100.0,3116.800048828125,423739
2023-09-04 00:00:00+05:30,3116.949951171875,3124.949951171875,3086.300048828125,3100.300048828125,539813
2023-09-05 00:00:00+05:30,3120.0,3157.5,3115.0,3136.14990234375,721199
2023-09-06 00:00:00+05:30,3136.14990234375,3180.550048828125,3120.85009765625,3176.050048828125,1163154
2023-09-07 00:00:00+05:30,3173.0,3182.949951171875,3152.0,3172.800048828125,805295
2023-09-08 00:00:00+05:30,3182.0,3205.0,3172.800048828125,3199.10009765625,700158
2023-09-11 00:00:00+05:30,3209.949951171875,3221.550048828125,3186.60009765625,3213.300048828125,544452
2023-09-12 00:00:00+05:30,3216.050048828125,3221.14990234375,3177.60009765625,3185.800048828125,591509
2023-09-13 00:00:00+05:30,3178.050048828125,3270.0,3178.050048828125,3263.199951171875,1370306
2023-09-14 00:00:00+05:30,3277.550048828125,3302.449951171875,3240.0,3261.35009765625,1264935
2023-09-15 00:00:00+05:30,3261.60009765625,3264.0,3239.0,3248.60009765625,1397407
2023-09-18 00:00:00+05:30,3257.0,3352.0,3246.800048828125,3339.5,1423507
2023-09-20 00:00:00+05:30,3314.0,3349.0,3300.050048828125,3306.64990234375,1201025
2023-09-21 00:00:00+05:30,3300.0,3322.5,3285.800048828125,3304.5,1091384
2023-09-22 00:00:00+05:30,3298.800048828125,3298.800048828125,3261.699951171875,3274.5,1019051
2023-09-25 00:00:00+05:30,3274.5,3314.89990234375,3261.35009765625,3283.949951171875,623515
2023-09-26 00:00:00+05:30,3294.0,3308.0,3255.0,3262.60009765625,1054827
2023-09-27 00:00:00+05:30,3246.800048828125,3266.949951171875,3186.0,3214.550048828125,1464192
2023-09-28 00:00:00+05:30,3217.5,3224.89990234375,3141.75,3157.25,1214383
2023-09-29 00:00:00+05:30,3160.050048828125,3176.449951171875,3143.050048828125,3148.800048828125,697564
2023-10-03 00:00:00+05:30,3148.800048828125,3212.5,3114.39990234375,3196.25,1007308
2023-10-04 00:00:00+05:30,3186.0,3205.0,3151.0,3166.64990234375,486969
2023-10-05 00:00:00+05:30,3173.89990234375,3231.0,3165.0,3216.5,1109881
2023-10-06 00:00:00+05:30,3230.0,3319.800048828125,3221.10009765625,3309.75,1102120
2023-10-09 00:00:00+05:30,3294.699951171875,3296.0,3249.050048828125,3267.5,822467
2023-10-10 00:00:00+05:30,3295.0,3299.199951171875,3259.300048828125,3269.199951171875,633934
2023-10-11 00:00:00+05:30,3289.699951171875,3296.0,3264.0,3280.5,546575
2023-10-12 00:00:00+05:30,3292.0,3295.050048828125,3262.60009765625,3285.0,429096
2023-10-13 00:00:00+05:30,3285.0,3307.0,3266.550048828125,3283.75,920545
2023-10-16 00:00:00+05:30,3284.0,3329.0,3275.0,3301.39990234375,778014
2023-10-17 00:00:00+05:30,3317.949951171875,3328.449951171875,3304.10009765625,3308.449951171875,584625
2023-10-18 00:00:00+05:30,3309.199951171875,3324.14990234375,3277.5,3282.75,324535
2023-10-19 00:00:00+05:30,3270.0,3300.949951171875,3239.0,3284.64990234375,698767
2023-10-20 00:00:00+05:30,3272.64990234375,3291.5,3244.0,3266.199951171875,657550
2023-10-23 00:00:00+05:30,3246.199951171875,3274.949951171875,3209.699951171875,3219.75,566920
2023-10-25 00:00:00+05:30,3216.0,3236.300048828125,3179.0,3187.85009765625,762466
2023-10-26 00:00:00+05:30,3160.35009765625,3189.89990234375,3092.050048828125,3100.800048828125,1124281
2023-10-27 00:00:00+05:30,3095.10009765625,3138.75,3087.25,3120.699951171875,1050608
2023-10-30 00:00:00+05:30,3105.0,3121.949951171875,3075.0,3116.449951171875,802316
2023-10-31 00:00:00+05:30,3119.60009765625,3205.800048828125,3087.85009765625,3189.64990234375,1235478
2023-11-01 00:00:00+05:30,3193.85009765625,3212.89990234375,3168.35009765625,3173.39990234375,756820
2023-11-02 00:00:00+05:30,3200.0,3228.5,3180.0,3201.5,774180
2023-11-03 00:00:00+05:30,3205.14990234375,3288.0,3205.050048828125,3274.5,1355614
2023-11-06 00:00:00+05:30,3310.0,3310.0,3245.300048828125,3267.050048828125,1137606
2023-11-07 00:00:00+05:30,3274.0,3286.449951171875,3250.199951171875,3270.199951171875,433992
2023-11-08 00:00:00+05:30,3289.0,3323.800048828125,3272.199951171875,3311.85009765625,632305
2023-11-09 00:00:00+05:30,3320.949951171875,3320.949951171875,3274.64990234375,3283.75,1317398
2023-11-10 00:00:00+05:30,3263.050048828125,3274.949951171875,3223.0,3256.35009765625,1170763
2023-11-13 00:00:00+05:30,3275.0,3278.35009765625,3250.60009765625,3264.75,275538
2023-11-15 00:00:00+05:30,3275.25,3300.89990234375,3260.75,3295.949951171875,747863
2023-11-16 00:00:00+05:30,3295.39990234375,3358.0,3259.25,3335.949951171875,1055389
2023-11-17 00:00:00+05:30,3339.0,3366.0,3326.699951171875,3338.85009765625,633405
2023-11-20 00:00:00+05:30,3338.0,3353.949951171875,3312.25,3345.85009765625,497379
2023-11-21 00:00:00+05:30,3365.0,3401.75,3355.10009765625,3394.449951171875,1038863
2023-11-22 00:00:00+05:30,3400.0,3435.0,3396.050048828125,3429.85009765625,980779
2023-11-23 00:00:00+05:30,3433.89990234375,3441.949951171875,3396.300048828125,3408.39990234375,517362
2023-11-24 00:00:00+05:30,3406.0,3419.10009765625,3382.550048828125,3396.949951171875,589530
2023-11-28 00:00:00+05:30,3417.949951171875,3445.949951171875,3397.35009765625,3442.39990234375,733524
2023-11-29 00:00:00+05:30,3473.85009765625,3473.85009765625,3424.0,3429.300048828125,819200
2023-11-30 00:00:00+05:30,3431.10009765625,3500.0,3422.25,3490.60009765625,1480088
2023-12-01 00:00:00+05:30,3499.0,3500.0,3470.0,3489.5,655263
2023-12-04 00:00:00+05:30,3550.0,3550.0,3478.050048828125,3488.39990234375,808838
2023-12-05 00:00:00+05:30,3488.39990234375,3550.0,3479.0,3545.300048828125,713651
2023-12-06 00:00:00+05:30,3550.0,3573.949951171875,3522.10009765625,3546.89990234375,474140
2023-12-07 00:00:00+05:30,3546.89990234375,3595.0,3519.050048828125,3585.39990234375,820214
2023-12-08 00:00:00+05:30,3575.0,3646.949951171875,3575.0,3634.64990234375,1562141
2023-12-11 00:00:00+05:30,3634.550048828125,3644.60009765625,3598.300048828125,3630.5,620604
2023-12-12 00:00:00+05:30,3637.0,3644.5,3563.25,3571.39990234375,1075941
2023-12-13 00:00:00+05:30,3585.0,3609.75,3552.75,3602.35009765625,717618
2023-12-14 00:00:00+05:30,3647.0,3647.0,3584.35009765625,3591.39990234375,992762
2023-12-15 00:00:00+05:30,3615.0,3615.0,3584.800048828125,3600.550048828125,906271
2023-12-18 00:00:00+05:30,3600.699951171875,3667.199951171875,3593.89990234375,3619.60009765625,699850
2023-12-19 00:00:00+05:30,3610.64990234375,3627.949951171875,3600.10009765625,3610.449951171875,577926
2023-12-20 00:00:00+05:30,3610.449951171875,3651.5,3541.0,3554.10009765625,849001
2023-12-21 00:00:00+05:30,3524.10009765625,3598.949951171875,3518.800048828125,3580.0,816722
2023-12-22 00:00:00+05:30,3580.0,3638.449951171875,3560.550048828125,3627.35009765625,777099
2023-12-26 00:00:00+05:30,3635.0,3665.0,3623.449951171875,3656.699951171875,526101
2023-12-27 00:00:00+05:30,3668.0,3695.0,3645.0,3689.25,666625
2023-12-28 00:00:00+05:30,3699.89990234375,3737.0,3680.699951171875,3715.10009765625,1033648
2023-12-29 00:00:00+05:30,3715.10009765625,3715.10009765625,3660.25,3675.449951171875,709614
2024-01-01 00:00:00+05:30,3689.0,3698.0,3667.5,3677.14990234375,286683
2024-01-02 00:00:00+05:30,3689.0,3707.85009765625,3642.5,3698.25,453685
2024-01-03 00:00:00+05:30,3708.0,3709.949951171875,3665.0,3693.050048828125,356757
2024-01-04 00:00:00+05:30,3696.0,3727.0,3686.64990234375,3719.699951171875,545228
2024-01-05 00:00:00+05:30,3719.699951171875,3750.0,3687.25,3712.550048828125,963628
2024-01-08 00:00:00+05:30,3770.0,3776.85009765625,3695.800048828125,3706.050048828125,1202148
2024-01-09 00:00:00+05:30,3736.949951171875,3753.949951171875,3685.14990234375,3694.0,572612
2024-01-10 00:00:00+05:30,3708.0,3730.0,3690.0,3714.449951171875,556311
2024-01-11 00:00:00+05:30,3726.89990234375,3742.699951171875,3692.60009765625,3698.60009765625,392818
2024-01-12 00:00:00+05:30,3700.0,3734.300048828125,3647.949951171875,3726.0,990582
2024-01-15 00:00:00+05:30,3740.0,3775.0,3736.0,3758.85009765625,661292
2024-01-16 00:00:00+05:30,3758.85009765625,3858.0,3756.0,3820.300048828125,1170685
2024-01-17 00:00:00+05:30,3818.949951171875,3855.0,3800.0,3830.050048828125,723356
2024-01-18 00:00:00+05:30,3791.35009765625,3824.64990234375,3718.85009765625,3734.699951171875,1293580
2024-01-19 00:00:00+05:30,3742.199951171875,3861.5,3740.699951171875,3810.60009765625,2566367
2024-01-23 00:00:00+05:30,3786.0,3858.0,3705.75,3739.64990234375,1053510
2024-01-24 00:00:00+05:30,3764.0,3780.0,3711.75,3767.85009765625,636988
2024-01-25 00:00:00+05:30,3770.39990234375,3796.949951171875,3730.10009765625,3770.199951171875,646135
2024-01-29 00:00:00+05:30,3760.60009765625,3875.0,3760.550048828125,3866.64990234375,699215
2024-01-30 00:00:00+05:30,3882.0,3886.949951171875,3715.0,3735.75,852445
2024-01-31 00:00:00+05:30,3749.0,3775.0,3653.25,3697.550048828125,1386754
2024-02-01 00:00:00+05:30,3738.0,3738.0,3601.0,3627.449951171875,1408462
2024-02-02 00:00:00+05:30,3635.0,3713.449951171875,3602.449951171875,3612.39990234375,2320153
2024-02-05 00:00:00+05:30,3612.949951171875,3624.64990234375,3534.89990234375,3552.050048828125,1771614
2024-02-06 00:00:00+05:30,3552.050048828125,3577.949951171875,3531.60009765625,3559.14990234375,1069901
2024-02-07 00:00:00+05:30,3578.0,3620.0,3555.800048828125,3576.5,900220
2024-02-08 00:00:00+05:30,3604.800048828125,3610.0,3503.0,3549.10009765625,1011857
2024-02-09 00:00:00+05:30,3549.10009765625,3597.89990234375,3532.85009765625,3591.60009765625,838509
2024-02-12 00:00:00+05:30,3599.0,3618.60009765625,3570.050048828125,3585.25,487283
2024-02-13 00:00:00+05:30,3607.0,3608.75,3551.14990234375,3559.949951171875,796060
2024-02-14 00:00:00+05:30,3546.0,3593.85009765625,3503.300048828125,3585.550048828125,1046318
2024-02-15 00:00:00+05:30,3595.050048828125,3632.0,3571.0,3622.050048828125,759063
2024-02-16 00:00:00+05:30,3648.0,3690.0,3624.5,3655.39990234375,915502
2024-02-19 00:00:00+05:30,3671.949951171875,3709.5,3650.0,3695.050048828125,528874
2024-02-20 00:00:00+05:30,3700.0,3719.949951171875,3665.5,3686.699951171875,744107
2024-02-21 00:00:00+05:30,3652.050048828125,3707.5,3640.0,3656.35009765625,660426
2024-02-22 00:00:00+05:30,3676.0,3676.0,3555.35009765625,3652.050048828125,1017437
2024-02-23 00:00:00+05:30,3672.0,3737.0,3655.0,3691.949951171875,897831
2024-02-26 00:00:00+05:30,3690.0,3690.0,3610.85009765625,3622.5,546842
2024-02-27 00:00:00+05:30,3630.0,3675.0,3621.050048828125,3653.85009765625,673959
2024-02-28 00:00:00+05:30,3655.0,3669.0,3582.14990234375,3594.699951171875,538608
2024-02-29 00:00:00+05:30,3595.199951171875,3654.0,3585.300048828125,3624.39990234375,1692242
2024-03-01 00:00:00+05:30,3630.0,3774.0,3626.0,3765.89990234375,1533727
2024-03-04 00:00:00+05:30,3761.60009765625,3764.10009765625,3715.0,3732.39990234375,787542
2024-03-05 00:00:00+05:30,3748.0,3759.14990234375,3708.0,3750.75,733660
2024-03-06 00:00:00+05:30,3748.050048828125,3815.0,3702.699951171875,3810.75,765602
2024-03-07 00:00:00+05:30,3812.050048828125,3824.25,3768.10009765625,3786.89990234375,838514
2024-03-11 00:00:00+05:30,3802.89990234375,3808.0,3742.050048828125,3750.14990234375,597848
2024-03-12 00:00:00+05:30,3762.0,3766.0,3713.5,3748.800048828125,564569
2024-03-13 00:00:00+05:30,3759.0,3762.0,3590.0,3625.699951171875,1027729
2024-03-14 00:00:00+05:30,3629.949951171875,3648.0,3580.14990234375,3640.14990234375,1293906
2024-03-15 00:00:00+05:30,3634.699951171875,3655.949951171875,3610.0,3633.199951171875,1207241
2024-03-18 00:00:00+05:30,3619.0,3620.0,3565.10009765625,3579.699951171875,785257
2024-03-19 00:00:00+05:30,3579.0,3606.64990234375,3547.050048828125,3583.39990234375,554444
2024-03-20 00:00:00+05:30,3583.39990234375,3596.89990234375,3550.0,3590.5,526882
2024-03-21 00:00:00+05:30,3606.949951171875,3637.0,3590.050048828125,3627.550048828125,767905
2024-03-22 00:00:00+05:30,3627.550048828125,3726.89990234375,3621.25,3706.699951171875,1281102
2024-03-26 00:00:00+05:30,3665.0,3729.949951171875,3665.0,3698.199951171875,1158224
2024-03-27 00:00:00+05:30,3699.0,3784.89990234375,3692.800048828125,3759.39990234375,1315714
2024-03-28 00:00:00+05:30,3760.0,3838.300048828125,3732.550048828125,3801.800048828125,1590738
2024-04-01 00:00:00+05:30,3822.949951171875,3832.550048828125,3730.5,3738.39990234375,964052
2024-04-02 00:00:00+05:30,3754.0,3781.449951171875,3734.10009765625,3755.949951171875,677963
2024-04-03 00:00:00+05:30,3745.10009765625,3752.0,3705.0,3712.5,801601
2024-04-04 00:00:00+05:30,3740.0,3792.300048828125,3679.0,3782.75,1177617
2024-04-05 00:00:00+05:30,3778.39990234375,3801.89990234375,3741.0,3754.449951171875,623873
2024-04-08 00:00:00+05:30,3798.64990234375,3808.300048828125,3720.35009765625,3748.89990234375,849267
2024-04-09 00:00:00+05:30,3755.0,3761.0,3664.35009765625,3679.35009765625,745285
2024-04-10 00:00:00+05:30,3690.0,3720.35009765625,3681.449951171875,3711.199951171875,567546
2024-04-12 00:00:00+05:30,3689.550048828125,3694.800048828125,3609.449951171875,3619.300048828125,1910561
2024-04-15 00:00:00+05:30,3607.0,3639.199951171875,3590.0,3600.60009765625,854076
2024-04-16 00:00:00+05:30,3589.0,3653.199951171875,3583.0,3645.89990234375,1116890
2024-04-18 00:00:00+05:30,3645.89990234375,3660.0,3501.0,3525.10009765625,1677946
2024-04-19 00:00:00+05:30,3525.10009765625,3571.199951171875,3478.25,3563.050048828125,1507940
2024-04-22 00:00:00+05:30,3567.0,3615.0,3552.0,3596.75,668659
2024-04-23 00:00:00+05:30,3619.949951171875,3648.0,3605.14990234375,3633.0,769991
2024-04-24 00:00:00+05:30,3642.0,3644.85009765625,3580.050048828125,3609.75,652811
2024-04-25 00:00:00+05:30,3595.0,3602.5,3541.0,3571.10009765625,1889163
2024-04-26 00:00:00+05:30,3588.0,3593.25,3556.300048828125,3584.800048828125,798783
2024-04-29 00:00:00+05:30,3585.0,3613.449951171875,3573.14990234375,3604.85009765625,703524
2024-04-30 00:00:00+05:30,3602.64990234375,3619.5,3580.0,3589.25,963220
2024-05-02 00:00:00+05:30,3585.0,3598.0,3546.300048828125,3568.449951171875,1435891
2024-05-03 00:00:00+05:30,3595.0,3599.0,3492.0,3533.89990234375,1681592
2024-05-06 00:00:00+05:30,3476.0,3488.800048828125,3257.0,3280.14990234375,6891728
2024-05-07 00:00:00+05:30,3330.0,3332.0,3227.0,3270.89990234375,3111444
2024-05-08 00:00:00+05:30,3275.39990234375,3281.0,3238.449951171875,3259.85009765625,2054981
2024-05-09 00:00:00+05:30,3259.85009765625,3322.5,3233.0,3245.699951171875,1860654
2024-05-10 00:00:00+05:30,3258.10009765625,3306.199951171875,3242.75,3289.85009765625,1307103
2024-05-13 00:00:00+05:30,3307.5,3308.0,3230.5,3253.64990234375,1294603
2024-05-14 00:00:00+05:30,3250.0,3308.0,3250.0,3288.89990234375,620163
2024-05-15 00:00:00+05:30,3304.0,3306.449951171875,3260.0,3268.550048828125,657036
2024-05-16 00:00:00+05:30,3276.300048828125,3348.0,3251.300048828125,3333.89990234375,1404971
2024-05-17 00:00:00+05:30,3347.949951171875,3368.0,3308.0,3361.14990234375,1194228
2024-05-21 00:00:00+05:30,3355.0,3380.300048828125,3351.0,3377.0,827674
2024-05-22 00:00:00+05:30,3384.75,3403.10009765625,3360.0,3383.85009765625,626567
2024-05-23 00:00:00+05:30,3383.0,3460.39990234375,3377.75,3452.050048828125,977789
2024-05-24 00:00:00+05:30,3452.10009765625,3455.050048828125,3404.199951171875,3412.39990234375,878625
2024-05-27 00:00:00+05:30,3423.949951171875,3436.300048828125,3390.300048828125,3403.39990234375,804488
2024-05-28 00:00:00+05:30,3404.0,3423.0,3392.14990234375,3409.39990234375,548576
2024-05-29 00:00:00+05:30,3405.35009765625,3418.0,3371.10009765625,3380.39990234375,519533
2024-05-30 00:00:00+05:30,3365.0,3365.0,3254.0,3271.85009765625,2365535
2024-05-31 00:00:00+05:30,3298.0,3328.800048828125,3216.75,3241.89990234375,2524214
2024-06-03 00:00:00+05:30,3310.0,3332.949951171875,3250.0,3261.199951171875,1378542
2024-06-04 00:00:00+05:30,3261.199951171875,3295.199951171875,3055.64990234375,3238.949951171875,2934800
2024-06-05 00:00:00+05:30,3266.0,3334.0,3201.050048828125,3317.64990234375,1396386
2024-06-06 00:00:00+05:30,3329.0,3360.0,3290.75,3321.64990234375,1825503
2024-06-07 00:00:00+05:30,3294.39990234375,3456.60009765625,3294.39990234375,3444.050048828125,2084099
2024-06-10 00:00:00+05:30,3443.0,3452.0,3390.0,3422.199951171875,1655552
2024-06-11 00:00:00+05:30,3418.199951171875,3438.300048828125,3401.89990234375,3410.699951171875,1086157
2024-06-12 00:00:00+05:30,3411.35009765625,3418.89990234375,3370.85009765625,3382.300048828125,2054168
2024-06-13 00:00:00+05:30,3424.949951171875,3477.10009765625,3390.0,3472.199951171875,1753028
2024-06-14 00:00:00+05:30,3490.0,3535.0,3479.0,3530.050048828125,2346892
2024-06-18 00:00:00+05:30,3554.800048828125,3625.0,3538.0,3589.0,1585048
2024-06-19 00:00:00+05:30,3595.0,3595.0,3456.0,3462.35009765625,1862394
2024-06-20 00:00:00+05:30,3474.0,3490.0,3418.10009765625,3435.949951171875,2377432
2024-06-21 00:00:00+05:30,3430.699951171875,3473.64990234375,3383.39990234375,3399.75,2707405
2024-06-24 00:00:00+05:30,3380.35009765625,3429.0,3372.300048828125,3412.35009765625,645002
2024-06-25 00:00:00+05:30,3412.550048828125,3423.39990234375,3384.89990234375,3402.449951171875,1299560
2024-06-26 00:00:00+05:30,3401.5,3401.5,3370.0,3372.75,1485709
2024-06-27 00:00:00+05:30,3370.0,3392.5,3361.050048828125,3380.60009765625,1462935
2024-06-28 00:00:00+05:30,3380.60009765625,3419.89990234375,3366.35009765625,3404.199951171875,1005498
2024-07-01 00:00:00+05:30,3382.0,3435.0,3381.5,3431.449951171875,1001832
2024-07-02 00:00:00+05:30,3446.0,3450.0,3385.300048828125,3399.64990234375,878947
2024-07-03 00:00:00+05:30,3420.800048828125,3426.949951171875,3341.89990234375,3360.25,980605
2024-07-04 00:00:00+05:30,3365.0,3369.89990234375,3330.0,3336.0,741143
2024-07-05 00:00:00+05:30,3332.0,3332.0,3257.0,3269.35009765625,2001382
2024-07-08 00:00:00+05:30,3204.0,3204.0,3126.10009765625,3156.199951171875,5323920
2024-07-09 00:00:00+05:30,3170.0,3222.050048828125,3165.0,3215.14990234375,2044328
2024-07-10 00:00:00+05:30,3217.75,3252.699951171875,3190.5,3225.0,1437517
2024-07-11 00:00:00+05:30,3246.949951171875,3258.75,3230.0,3248.60009765625,1105185
2024-07-12 00:00:00+05:30,3266.0,3269.0,3220.050048828125,3229.85009765625,1496692
2024-07-15 00:00:00+05:30,3241.75,3252.39990234375,3205.39990234375,3224.199951171875,1243810
2024-07-16 00:00:00+05:30,3227.949951171875,3251.0,3224.10009765625,3234.050048828125,501336
2024-07-18 00:00:00+05:30,3232.949951171875,3269.10009765625,3206.0,3262.10009765625,1086374
2024-07-19 00:00:00+05:30,3262.050048828125,3279.0,3235.0,3259.0,1111191
2024-07-22 00:00:00+05:30,3250.0,3273.39990234375,3223.199951171875,3254.449951171875,696255
2024-07-23 00:00:00+05:30,3255.10009765625,3490.0,3232.14990234375,3466.85009765625,7159507
2024-07-24 00:00:00+05:30,3470.0,3552.5,3462.14990234375,3478.39990234375,3862140
2024-07-25 00:00:00+05:30,3415.0,3454.39990234375,3384.449951171875,3405.800048828125,1476422
2024-07-26 00:00:00+05:30,3405.800048828125,3501.699951171875,3393.0,3494.14990234375,1830745
2024-07-29 00:00:00+05:30,3495.0,3499.550048828125,3388.0,3411.699951171875,2213293
2024-07-30 00:00:00+05:30,3424.949951171875,3479.0,3410.60009765625,3468.25,1316880
2024-07-31 00:00:00+05:30,3479.050048828125,3499.89990234375,3446.550048828125,3458.949951171875,1361595
2024-08-01 00:00:00+05:30,3475.0,3492.0,3442.5,3468.35009765625,879399
2024-08-02 00:00:00+05:30,3415.0,3477.89990234375,3410.0,3462.35009765625,1168195
2024-08-05 00:00:00+05:30,3320.050048828125,3459.0,3316.5,3375.949951171875,1932064
2024-08-06 00:00:00+05:30,3380.949951171875,3416.35009765625,3321.10009765625,3335.10009765625,976535
2024-08-07 00:00:00+05:30,3360.0,3368.85009765625,3317.050048828125,3326.25,1277139
2024-08-08 00:00:00+05:30,3337.0,3359.949951171875,3283.89990234375,3296.5,1280733
2024-08-09 00:00:00+05:30,3350.0,3350.0,3285.10009765625,3331.699951171875,1019809
2024-08-12 00:00:00+05:30,3331.64990234375,3345.0,3295.35009765625,3320.85009765625,874598
2024-08-13 00:00:00+05:30,3330.0,3404.75,3305.39990234375,3383.550048828125,1314371
2024-08-14 00:00:00+05:30,3390.0,3416.199951171875,3356.85009765625,3402.14990234375,997803
2024-08-16 00:00:00+05:30,3410.0,3450.10009765625,3370.199951171875,3444.75,1161982
2024-08-19 00:00:00+05:30,3436.199951171875,3504.199951171875,3436.199951171875,3464.85009765625,1135205
2024-08-20 00:00:00+05:30,3480.0,3483.10009765625,3454.39990234375,3474.89990234375,526591
2024-08-21 00:00:00+05:30,3474.89990234375,3582.0,3454.550048828125,3560.39990234375,1990034
2024-08-22 00:00:00+05:30,3574.949951171875,3625.0,3553.699951171875,3604.39990234375,1531544
2024-08-23 00:00:00+05:30,3611.449951171875,3622.85009765625,3544.0,3570.0,1173387
2024-08-26 00:00:00+05:30,3592.0,3640.0,3574.050048828125,3630.199951171875,1156681
2024-08-27 00:00:00+05:30,3630.199951171875,3658.800048828125,3530.5,3551.25,1169007
2024-08-28 00:00:00+05:30,3559.64990234375,3579.949951171875,3519.89990234375,3527.5,727481
2024-08-29 00:00:00+05:30,3537.0,3553.75,3510.0,3533.199951171875,927472
2024-08-30 00:00:00+05:30,3550.0,3598.0,3542.5,3565.14990234375,2116894
2024-09-02 00:00:00+05:30,3565.14990234375,3601.949951171875,3552.0,3587.550048828125,718800
2024-09-03 00:00:00+05:30,3587.550048828125,3634.89990234375,3560.14990234375,3621.14990234375,1112614
2024-09-04 00:00:00+05:30,3586.10009765625,3617.5,3568.199951171875,3607.699951171875,529856
2024-09-05 00:00:00+05:30,3616.60009765625,3753.949951171875,3600.39990234375,3722.85009765625,3437885
2024-09-06 00:00:00+05:30,3714.949951171875,3742.0,3665.0,3695.5,1408795
2024-09-09 00:00:00+05:30,3690.10009765625,3724.449951171875,3653.75,3684.550048828125,923357
2024-09-10 00:00:00+05:30,3704.0,3750.0,3666.0,3727.39990234375,1109078
2024-09-11 00:00:00+05:30,3731.89990234375,3743.5,3700.10009765625,3711.10009765625,831810
2024-09-12 00:00:00+05:30,3736.0,3774.0,3711.10009765625,3764.25,1337327
2024-09-13 00:00:00+05:30,3777.0,3799.85009765625,3740.0,3767.0,1003355
2024-09-16 00:00:00+05:30,3768.0,3789.0,3735.39990234375,3740.64990234375,386602
2024-09-17 00:00:00+05:30,3759.89990234375,3777.0,3727.300048828125,3767.39990234375,392339
2024-09-18 00:00:00+05:30,3769.0,3786.0,3708.0,3725.35009765625,420638
2024-09-19 00:00:00+05:30,3750.0,3795.0,3741.10009765625,3780.949951171875,945257
2024-09-20 00:00:00+05:30,3793.0,3819.0,3740.0,3797.199951171875,1951755
2024-09-23 00:00:00+05:30,3797.199951171875,3829.0,3781.0,3820.10009765625,530107
2024-09-24 00:00:00+05:30,3818.0,3839.89990234375,3781.550048828125,3784.89990234375,1281513
2024-09-25 00:00:00+05:30,3800.0,3803.550048828125,3710.050048828125,3737.25,942343
2024-09-26 00:00:00+05:30,3738.0,3777.14990234375,3701.39990234375,3757.550048828125,1863893
2024-09-27 00:00:00+05:30,3774.0,3867.0,3751.199951171875,3816.699951171875,2164755
2024-09-30 00:00:00+05:30,3786.0,3863.550048828125,3786.0,3823.949951171875,1068609
2024-10-01 00:00:00+05:30,3823.949951171875,3837.949951171875,3757.0,3775.949951171875,774221
2024-10-03 00:00:00+05:30,3689.10009765625,3782.0,3650.050048828125,3674.949951171875,1597560
2024-10-04 00:00:00+05:30,3625.0,3753.800048828125,3625.0,3670.10009765625,1542987
2024-10-07 00:00:00+05:30,3739.949951171875,3748.0,3552.300048828125,3589.25,2523321
2024-10-08 00:00:00+05:30,3589.25,3595.0,3480.0,3493.35009765625,1360120
2024-10-09 00:00:00+05:30,3518.0,3558.800048828125,3486.60009765625,3493.449951171875,1063802
2024-10-10 00:00:00+05:30,3510.0,3531.550048828125,3415.10009765625,3447.25,1488328
2024-10-11 00:00:00+05:30,3464.0,3491.0,3444.300048828125,3474.39990234375,858463
2024-10-14 00:00:00+05:30,3474.39990234375,3525.0,3452.550048828125,3497.800048828125,593206
2024-10-15 00:00:00+05:30,3523.949951171875,3529.449951171875,3477.0,3508.5,578719
2024-10-16 00:00:00+05:30,3508.0,3510.0,3440.0,3471.0,591644
2024-10-17 00:00:00+05:30,3487.0,3487.0,3380.10009765625,3403.35009765625,560796
2024-10-18 00:00:00+05:30,3395.0,3422.35009765625,3296.10009765625,3381.449951171875,1249585
2024-10-21 00:00:00+05:30,3417.949951171875,3419.85009765625,3335.5,3363.25,714746
2024-10-22 00:00:00+05:30,3374.89990234375,3421.5,3319.25,3329.800048828125,882086
2024-10-23 00:00:00+05:30,3330.0,3335.0,3282.5,3288.60009765625,877837
2024-10-24 00:00:00+05:30,3301.050048828125,3342.89990234375,3279.199951171875,3330.89990234375,764369
2024-10-25 00:00:00+05:30,3332.0,3342.35009765625,3232.35009765625,3266.550048828125,805013
2024-10-28 00:00:00+05:30,3270.0,3315.0,3254.050048828125,3283.050048828125,736462
2024-10-29 00:00:00+05:30,3285.800048828125,3298.0,3227.0,3283.39990234375,702769
2024-10-30 00:00:00+05:30,3261.0,3321.800048828125,3235.10009765625,3308.449951171875,895278
2024-10-31 00:00:00+05:30,3291.0,3299.89990234375,3253.60009765625,3267.050048828125,1170306
2024-11-01 00:00:00+05:30,3304.0,3317.60009765625,3282.35009765625,3293.699951171875,176636
2024-11-04 00:00:00+05:30,3318.0,3318.0,3190.10009765625,3222.0,1122152
2024-11-05 00:00:00+05:30,3206.0,3258.89990234375,3185.0,3230.25,872402
2024-11-06 00:00:00+05:30,3145.0,3208.949951171875,3114.0,3177.050048828125,4522923
2024-11-07 00:00:00+05:30,3180.0,3186.050048828125,3108.10009765625,3120.85009765625,1608603
2024-11-08 00:00:00+05:30,3121.0,3192.89990234375,3106.0,3186.25,1719882
2024-11-11 00:00:00+05:30,3191.60009765625,3230.050048828125,3158.25,3206.60009765625,1054929
2024-11-12 00:00:00+05:30,3201.64990234375,3239.0,3185.0,3198.449951171875,992983
2024-11-13 00:00:00+05:30,3175.0,3221.60009765625,3162.199951171875,3187.85009765625,911537
2024-11-14 00:00:00+05:30,3145.050048828125,3195.14990234375,3136.0,3183.699951171875,1161637
2024-11-18 00:00:00+05:30,3183.699951171875,3207.199951171875,3157.5,3172.300048828125,943251
2024-11-19 00:00:00+05:30,3192.0,3283.0,3172.300048828125,3224.699951171875,1174506
2024-11-21 00:00:00+05:30,3225.0,3233.949951171875,3148.35009765625,3178.449951171875,1582159
2024-11-22 00:00:00+05:30,3174.85009765625,3317.0,3152.14990234375,3308.699951171875,2207527
2024-11-25 00:00:00+05:30,3360.0,3369.85009765625,3298.050048828125,3309.10009765625,1892510
2024-11-26 00:00:00+05:30,3310.0,3343.75,3295.699951171875,3327.5,721345
2024-11-27 00:00:00+05:30,3325.0,3329.89990234375,3280.14990234375,3291.64990234375,732835
2024-11-28 00:00:00+05:30,3292.0,3305.0,3200.35009765625,3212.35009765625,1701387
2024-11-29 00:00:00+05:30,3212.35009765625,3260.0,3212.35009765625,3249.0,1139585
2024-12-02 00:00:00+05:30,3249.0,3309.89990234375,3222.050048828125,3306.85009765625,915980
2024-12-03 00:00:00+05:30,3290.0,3338.699951171875,3276.60009765625,3332.75,1162310
2024-12-04 00:00:00+05:30,3342.0,3383.0,3338.0,3364.449951171875,1630076
2024-12-05 00:00:00+05:30,3374.949951171875,3465.39990234375,3353.60009765625,3441.050048828125,2383630
2024-12-06 00:00:00+05:30,3453.949951171875,3499.64990234375,3430.0,3470.10009765625,1278516
2024-12-09 00:00:00+05:30,3467.5,3488.25,3446.89990234375,3468.199951171875,926422
2024-12-10 00:00:00+05:30,3470.0,3516.949951171875,3436.050048828125,3475.75,1063355
2024-12-11 00:00:00+05:30,3484.75,3490.75,3460.300048828125,3473.10009765625,554702
2024-12-12 00:00:00+05:30,3470.5,3473.10009765625,3412.0,3445.75,926472
2024-12-13 00:00:00+05:30,3420.0,3518.0,3380.25,3508.85009765625,1242351
2024-12-16 00:00:00+05:30,3505.0,3511.0,3429.0,3438.199951171875,1295227
2024-12-17 00:00:00+05:30,3422.050048828125,3449.39990234375,3397.60009765625,3406.10009765625,1005604
2024-12-18 00:00:00+05:30,3401.199951171875,3424.0,3390.0,3401.89990234375,646145
2024-12-19 00:00:00+05:30,3349.60009765625,3399.949951171875,3332.0,3356.85009765625,732634
2024-12-20 00:00:00+05:30,3350.0,3419.0,3333.14990234375,3356.25,1235769
2024-12-23 00:00:00+05:30,3378.10009765625,3406.300048828125,3336.64990234375,3396.949951171875,691202
2024-12-24 00:00:00+05:30,3385.35009765625,3419.0,3338.199951171875,3353.39990234375,485245
2024-12-26 00:00:00+05:30,3365.0,3371.85009765625,3312.64990234375,3323.050048828125,637094
2024-12-27 00:00:00+05:30,3319.85009765625,3345.0,3301.10009765625,3309.199951171875,568989
2024-12-30 00:00:00+05:30,3309.949951171875,3317.949951171875,3247.449951171875,3257.35009765625,941859
2024-12-31 00:00:00+05:30,3250.0,3275.64990234375,3230.800048828125,3253.14990234375,616440
2025-01-01 00:00:00+05:30,3248.0,3269.89990234375,3244.050048828125,3253.85009765625,357376
2025-01-02 00:00:00+05:30,3264.0,3400.949951171875,3251.0,3388.949951171875,1152493
2025-01-03 00:00:00+05:30,3395.0,3481.949951171875,3377.949951171875,3451.64990234375,1630862
2025-01-06 00:00:00+05:30,3490.0,3528.5,3441.199951171875,3470.39990234375,2145936
2025-01-07 00:00:00+05:30,3490.0,3576.699951171875,3485.0,3505.10009765625,2389563
2025-01-08 00:00:00+05:30,3487.64990234375,3514.5,3391.300048828125,3484.050048828125,1317377
2025-01-09 00:00:00+05:30,3485.949951171875,3506.449951171875,3461.550048828125,3487.050048828125,826237
2025-01-10 00:00:00+05:30,3462.0,3488.0,3428.75,3440.25,570060
2025-01-13 00:00:00+05:30,3380.0,3467.0,3352.5,3382.75,1282557
2025-01-14 00:00:00+05:30,3400.0,3429.0,3310.0,3322.5,1133561
2025-01-15 00:00:00+05:30,3322.0,3340.5,3283.0,3323.5,1169593
2025-01-16 00:00:00+05:30,3327.0,3338.85009765625,3282.0,3316.89990234375,1170734
2025-01-17 00:00:00+05:30,3319.89990234375,3368.0,3285.050048828125,3357.39990234375,559153
2025-01-20 00:00:00+05:30,3374.10009765625,3407.699951171875,3347.5,3382.25,722342
2025-01-21 00:00:00+05:30,3400.949951171875,3412.699951171875,3335.14990234375,3353.35009765625,1016047
2025-01-22 00:00:00+05:30,3354.800048828125,3385.0,3334.64990234375,3356.449951171875,598329
2025-01-23 00:00:00+05:30,3356.449951171875,3433.0,3325.5,3398.550048828125,713603
2025-01-24 00:00:00+05:30,3407.0,3447.64990234375,3380.449951171875,3402.14990234375,564244
2025-01-27 00:00:00+05:30,3388.0,3401.949951171875,3307.25,3319.35009765625,618309
2025-01-28 00:00:00+05:30,3319.35009765625,3370.85009765625,3299.550048828125,3325.89990234375,579957
2025-01-29 00:00:00+05:30,3339.199951171875,3375.0,3309.050048828125,3370.75,570137
2025-01-30 00:00:00+05:30,3370.64990234375,3390.0,3345.199951171875,3368.39990234375,688608
2025-01-31 00:00:00+05:30,3400.0,3527.449951171875,3392.39990234375,3490.25,1212261
2025-02-01 00:00:00+05:30,3527.0,3635.14990234375,3408.0,3552.0,2186692
2025-02-03 00:00:00+05:30,3565.0,3642.550048828125,3551.75,3580.300048828125,1543897
2025-02-04 00:00:00+05:30,3590.0,3614.0,3520.0,3597.699951171875,1279779
2025-02-05 00:00:00+05:30,3596.0,3652.0,3472.199951171875,3490.89990234375,2165947
2025-02-06 00:00:00+05:30,3490.89990234375,3504.25,3397.85009765625,3410.75,1059617
2025-02-07 00:00:00+05:30,3414.89990234375,3453.89990234375,3388.199951171875,3424.800048828125,740155
2025-02-10 00:00:00+05:30,3415.0,3425.0,3311.0,3327.449951171875,904436
2025-02-11 00:00:00+05:30,3334.699951171875,3348.0,3271.60009765625,3281.800048828125,903965
2025-02-12 00:00:00+05:30,3282.75,3317.39990234375,3212.60009765625,3255.449951171875,774619
2025-02-13 00:00:00+05:30,3250.25,3277.949951171875,3215.199951171875,3231.5,727243
2025-02-14 00:00:00+05:30,3236.300048828125,3253.0,3186.449951171875,3213.25,587411
2025-02-17 00:00:00+05:30,3195.25,3238.5,3176.0,3233.199951171875,712614
2025-02-18 00:00:00+05:30,3234.800048828125,3244.0,3192.300048828125,3221.85009765625,592636
2025-02-19 00:00:00+05:30,3220.0,3253.64990234375,3191.800048828125,3210.300048828125,521953
2025-02-20 00:00:00+05:30,3210.0,3218.64990234375,3188.14990234375,3191.449951171875,653151
2025-02-21 00:00:00+05:30,3191.449951171875,3205.949951171875,3162.25,3179.89990234375,407794
2025-02-24 00:00:00+05:30,3131.0,3187.949951171875,3131.0,3173.0,431232
2025-02-25 00:00:00+05:30,3140.0,3211.5,3136.550048828125,3198.800048828125,642281
2025-02-27 00:00:00+05:30,3198.800048828125,3228.0,3176.949951171875,3223.10009765625,604023
2025-02-28 00:00:00+05:30,3202.0,3217.949951171875,3060.0,3077.25,1322618
2025-03-03 00:00:00+05:30,3090.0,3102.10009765625,3057.75,3082.0,516171
2025-03-04 00:00:00+05:30,3050.0,3070.0,3017.0,3048.5,1186136
2025-03-05 00:00:00+05:30,3048.5,3107.449951171875,3035.699951171875,3086.550048828125,579883
2025-03-06 00:00:00+05:30,3091.199951171875,3131.64990234375,3047.0,3121.10009765625,1399483
2025-03-07 00:00:00+05:30,3121.10009765625,3124.60009765625,3074.64990234375,3079.35009765625,1020056
2025-03-10 00:00:00+05:30,3080.0,3083.0,3021.10009765625,3026.800048828125,855408
2025-03-11 00:00:00+05:30,3015.0,3055.89990234375,3010.0,3046.39990234375,576260
2025-03-12 00:00:00+05:30,3037.39990234375,3053.800048828125,2996.050048828125,3018.949951171875,489535
2025-03-13 00:00:00+05:30,3019.39990234375,3049.5,3000.300048828125,3010.14990234375,785215
2025-03-17 00:00:00+05:30,2985.050048828125,3036.39990234375,2985.050048828125,3017.35009765625,632348
2025-03-18 00:00:00+05:30,3017.35009765625,3017.35009765625,3017.35009765625,3017.35009765625,0
2025-03-19 00:00:00+05:30,3088.050048828125,3095.0,3058.199951171875,3076.300048828125,730983
2025-03-20 00:00:00+05:30,3100.0,3205.0,3080.0,3193.10009765625,1542807
2025-03-21 00:00:00+05:30,3186.949951171875,3190.0,3154.949951171875,3162.699951171875,1181974
2025-03-24 00:00:00+05:30,3168.199951171875,3175.949951171875,3075.0,3079.10009765625,1481216
2025-03-25 00:00:00+05:30,3085.0,3099.949951171875,3046.0,3053.699951171875,1174346
2025-03-26 00:00:00+05:30,3068.949951171875,3077.75,3034.550048828125,3057.5,1010449
2025-03-27 00:00:00+05:30,3047.550048828125,3097.699951171875,3047.550048828125,3087.64990234375,1635143
2025-03-28 00:00:00+05:30,3094.0,3111.800048828125,3051.050048828125,3063.35009765625,778417
2025-04-01 00:00:00+05:30,3053.699951171875,3075.699951171875,2982.0,2986.949951171875,1068622
2025-04-02 00:00:00+05:30,3011.0,3105.0,2971.14990234375,3098.449951171875,1674921
2025-04-03 00:00:00+05:30,3071.0,3151.0,3068.0,3127.550048828125,1115568
2025-04-04 00:00:00+05:30,3099.0,3114.89990234375,3050.0,3076.199951171875,901801
2025-04-07 00:00:00+05:30,2925.0,3048.0,2925.0,3022.199951171875,1378989
2025-04-08 00:00:00+05:30,3149.699951171875,3227.25,3101.0,3122.300048828125,2830156
2025-04-09 00:00:00+05:30,3137.85009765625,3188.25,3090.699951171875,3174.14990234375,1215988
2025-04-11 00:00:00+05:30,3222.0,3242.550048828125,3201.25,3234.89990234375,814920
2025-04-15 00:00:00+05:30,3270.0,3285.0,3245.10009765625,3273.39990234375,1121769
2025-04-16 00:00:00+05:30,3250.0,3286.0,3245.10009765625,3272.10009765625,889943
2025-04-17 00:00:00+05:30,3250.0,3334.800048828125,3211.199951171875,3327.5,1083612
2025-04-21 00:00:00+05:30,3314.0,3353.5,3290.0,3336.10009765625,672129
2025-04-22 00:00:00+05:30,3336.10009765625,3358.800048828125,3320.10009765625,3337.39990234375,609213
2025-04-23 00:00:00+05:30,3357.0,3373.699951171875,3315.5,3357.300048828125,628656
2025-04-24 00:00:00+05:30,3356.800048828125,3395.0,3344.0,3382.60009765625,901747
2025-04-25 00:00:00+05:30,3382.60009765625,3419.5,3316.0,3365.199951171875,704325
2025-04-28 00:00:00+05:30,3356.0,3397.39990234375,3351.0,3369.10009765625,384147
2025-04-29 00:00:00+05:30,3375.89990234375,3398.0,3354.0,3378.60009765625,575435
2025-04-30 00:00:00+05:30,3374.0,3409.0,3354.300048828125,3379.699951171875,708818
2025-05-02 00:00:00+05:30,3362.10009765625,3381.5,3324.0,3342.0,514587
2025-05-05 00:00:00+05:30,3357.699951171875,3408.5,3307.0,3321.800048828125,565178
2025-05-06 00:00:00+05:30,3321.800048828125,3325.300048828125,3245.5,3299.300048828125,650789
2025-05-07 00:00:00+05:30,3280.0,3381.0,3260.199951171875,3338.89990234375,1047443
2025-05-08 00:00:00+05:30,3349.89990234375,3412.5,3325.0,3369.300048828125,1597339
2025-05-09 00:00:00+05:30,3367.0,3530.0,3354.199951171875,3510.300048828125,2863992
2025-05-12 00:00:00+05:30,3537.199951171875,3585.0,3530.300048828125,3562.89990234375,956930
2025-05-13 00:00:00+05:30,3562.89990234375,3588.39990234375,3540.10009765625,3563.199951171875,996541
2025-05-14 00:00:00+05:30,3555.0,3610.0,3550.0,3587.60009765625,588159
2025-05-15 00:00:00+05:30,3597.0,3665.0,3553.89990234375,3636.800048828125,1227751
2025-05-16 00:00:00+05:30,3654.0,3655.89990234375,3613.39990234375,3633.699951171875,525064
2025-05-19 00:00:00+05:30,3617.0,3649.5,3611.39990234375,3617.699951171875,376760
2025-05-20 00:00:00+05:30,3617.699951171875,3620.0,3575.10009765625,3580.60009765625,811416
2025-05-21 00:00:00+05:30,3570.0,3623.10009765625,3567.300048828125,3580.5,415016
2025-05-22 00:00:00+05:30,3565.0,3575.0,3516.10009765625,3541.0,709846
2025-05-23 00:00:00+05:30,3531.0,3606.300048828125,3523.0,3579.699951171875,416717
2025-05-26 00:00:00+05:30,3576.0,3640.0,3570.39990234375,3610.300048828125,525514
2025-05-27 00:00:00+05:30,3615.0,3639.0,3562.199951171875,3589.39990234375,1019733
2025-05-28 00:00:00+05:30,3595.0,3601.60009765625,3545.0,3574.699951171875,449324
2025-05-29 00:00:00+05:30,3580.0,3600.0,3560.10009765625,3588.300048828125,513095
2025-05-30 00:00:00+05:30,3580.0,3605.0,3542.10009765625,3555.0,962944
2025-06-02 00:00:00+05:30,3525.10009765625,3542.0,3475.89990234375,3525.5,726392
2025-06-03 00:00:00+05:30,3525.5,3580.0,3503.5,3519.800048828125,676943
2025-06-04 00:00:00+05:30,3506.10009765625,3519.800048828125,3486.0,3499.800048828125,410354
2025-06-05 00:00:00+05:30,3498.699951171875,3535.0,3474.199951171875,3504.0,608651
2025-06-06 00:00:00+05:30,3524.0,3570.89990234375,3486.199951171875,3559.89990234375,602422
2025-06-09 00:00:00+05:30,3564.800048828125,3580.0,3521.199951171875,3533.89990234375,540262
2025-06-10 00:00:00+05:30,3545.0,3545.0,3506.10009765625,3524.199951171875,561695
2025-06-11 00:00:00+05:30,3525.0,3549.0,3505.0,3541.60009765625,505077
2025-06-12 00:00:00+05:30,3548.0,3559.800048828125,3445.5,3452.699951171875,811822
2025-06-13 00:00:00+05:30,3409.699951171875,3440.800048828125,3383.0,3421.89990234375,821750
2025-06-16 00:00:00+05:30,3411.0,3453.699951171875,3396.199951171875,3438.10009765625,534665
2025-06-17 00:00:00+05:30,3428.0,3437.60009765625,3395.39990234375,3405.699951171875,1000345
2025-06-18 00:00:00+05:30,3406.0,3480.0,3390.0,3467.800048828125,972739
2025-06-19 00:00:00+05:30,3478.800048828125,3521.60009765625,3467.800048828125,3505.39990234375,1022566
2025-06-20 00:00:00+05:30,3500.0,3545.0,3489.0,3519.0,2941214
2025-06-23 00:00:00+05:30,3480.199951171875,3528.5,3473.0,3505.699951171875,643325
2025-06-24 00:00:00+05:30,3523.10009765625,3567.0,3506.10009765625,3526.0,968797
2025-06-25 00:00:00+05:30,3550.0,3665.0,3550.0,3652.199951171875,2697912
2025-06-26 00:00:00+05:30,3655.0,3700.5,3644.0,3694.699951171875,1620497
2025-06-27 00:00:00+05:30,3700.0,3709.10009765625,3659.5,3666.199951171875,601285
2025-06-30 00:00:00+05:30,3666.199951171875,3698.5,3652.0,3690.199951171875,921775
2025-07-01 00:00:00+05:30,3699.0,3726.5,3667.0,3700.5,947173
2025-07-02 00:00:00+05:30,3705.0,3721.89990234375,3689.0,3708.0,583514
2025-07-03 00:00:00+05:30,3702.0,3712.89990234375,3672.199951171875,3678.699951171875,528710
2025-07-04 00:00:00+05:30,3666.0,3690.10009765625,3645.10009765625,3686.89990234375,629926
2025-07-07 00:00:00+05:30,3675.5,3696.0,3647.89990234375,3666.10009765625,829472
2025-07-08 00:00:00+05:30,3581.800048828125,3581.800048828125,3435.0,3441.300048828125,3952270
2025-07-09 00:00:00+05:30,3441.300048828125,3461.5,3420.60009765625,3432.10009765625,1868271
2025-07-10 00:00:00+05:30,3432.10009765625,3445.0,3414.0,3419.800048828125,496586
2025-07-11 00:00:00+05:30,3408.0,3422.199951171875,3357.0,3361.60009765625,856956
2025-07-14 00:00:00+05:30,3372.0,3410.0,3344.0,3404.699951171875,755781
2025-07-15 00:00:00+05:30,3418.0,3422.0,3387.699951171875,3415.0,686088
2025-07-16 00:00:00+05:30,3417.0,3422.199951171875,3388.5,3417.300048828125,669532
2025-07-17 00:00:00+05:30,3418.39990234375,3448.0,3416.5,3433.300048828125,559482
2025-07-18 00:00:00+05:30,3444.0,3444.0,3392.0,3402.89990234375,293360
2025-07-21 00:00:00+05:30,3391.0,3439.10009765625,3365.199951171875,3433.0,561799
2025-07-22 00:00:00+05:30,3450.0,3490.0,3430.300048828125,3472.39990234375,1752275
2025-07-23 00:00:00+05:30,3472.39990234375,3481.89990234375,3444.0,3471.39990234375,584590
2025-07-24 00:00:00+05:30,3467.39990234375,3489.800048828125,3458.0,3484.39990234375,630718
2025-07-25 00:00:00+05:30,3476.39990234375,3480.0,3447.0,3462.800048828125,624410
2025-07-28 00:00:00+05:30,3453.0,3462.60009765625,3382.0,3393.0,603916
2025-07-29 00:00:00+05:30,3390.0,3397.0,3355.60009765625,3379.199951171875,511042
2025-07-30 00:00:00+05:30,3380.0,3393.5,3345.300048828125,3376.5,443735
2025-07-31 00:00:00+05:30,3340.0,3364.5,3315.5,3347.300048828125,553157
2025-08-01 00:00:00+05:30,3340.0,3347.300048828125,3307.0,3316.0,422977
2025-08-04 00:00:00+05:30,3315.0,3365.0,3308.10009765625,3356.300048828125,450434
2025-08-05 00:00:00+05:30,3356.300048828125,3443.0,3348.0,3418.199951171875,837335
2025-08-06 00:00:00+05:30,3437.0,3462.39990234375,3400.0,3417.699951171875,635456
2025-08-07 00:00:00+05:30,3380.0,3437.0,3377.699951171875,3415.699951171875,509599
2025-08-08 00:00:00+05:30,3450.10009765625,3489.800048828125,3403.10009765625,3460.199951171875,2184271
2025-08-11 00:00:00+05:30,3473.0,3487.300048828125,3402.800048828125,3467.89990234375,563586
2025-08-12 00:00:00+05:30,3467.89990234375,3534.0,3460.10009765625,3486.800048828125,929276
2025-08-13 00:00:00+05:30,3486.800048828125,3494.89990234375,3463.199951171875,3466.800048828125,360474
2025-08-14 00:00:00+05:30,3476.5,3505.800048828125,3464.10009765625,3489.39990234375,597987
2025-08-18 00:00:00+05:30,3496.0,3574.800048828125,3493.5,3554.800048828125,1253006
2025-08-19 00:00:00+05:30,3555.0,3577.300048828125,3545.0,3568.10009765625,537433
2025-08-20 00:00:00+05:30,3560.0,3602.89990234375,3552.0,3595.0,517031
2025-08-21 00:00:00+05:30,3595.0,3625.0,3588.199951171875,3616.300048828125,673486
2025-08-22 00:00:00+05:30,3616.300048828125,3641.39990234375,3607.699951171875,3621.0,691835
2025-08-25 00:00:00+05:30,3629.699951171875,3669.60009765625,3615.5,3651.39990234375,700503
2025-08-26 00:00:00+05:30,3662.800048828125,3672.800048828125,3589.10009765625,3594.0,960778
2025-08-28 00:00:00+05:30,3552.10009765625,3650.89990234375,3552.10009765625,3637.699951171875,989246
2025-08-29 00:00:00+05:30,3637.699951171875,3642.0,3603.60009765625,3628.800048828125,660956
2025-09-01 00:00:00+05:30,3631.0,3653.39990234375,3610.39990234375,3618.60009765625,297533
2025-09-02 00:00:00+05:30,3614.0,3655.800048828125,3606.10009765625,3620.60009765625,536300
2025-09-03 00:00:00+05:30,3605.0,3697.89990234375,3590.0,3690.60009765625,791874
2025-09-04 00:00:00+05:30,3740.0,3740.0,3676.800048828125,3691.10009765625,635811
2025-09-05 00:00:00+05:30,3695.0,3700.0,3660.0,3665.300048828125,454120
2025-09-08 00:00:00+05:30,3653.0,3683.60009765625,3640.0,3658.0,548987
2025-09-09 00:00:00+05:30,3667.800048828125,3667.800048828125,3619.199951171875,3630.10009765625,428367
2025-09-10 00:00:00+05:30,3632.0,3648.699951171875,3608.199951171875,3620.60009765625,408800
2025-09-11 00:00:00+05:30,3620.0,3644.0,3580.0,3584.199951171875,495417
2025-09-12 00:00:00+05:30,3589.89990234375,3598.199951171875,3563.89990234375,3571.89990234375,275049
2025-09-15 00:00:00+05:30,3556.0,3576.5,3515.0,3534.10009765625,362285
2025-09-16 00:00:00+05:30,3525.0,3570.300048828125,3502.0,3556.800048828125,724742
2025-09-17 00:00:00+05:30,3561.89990234375,3572.699951171875,3513.199951171875,3523.0,659866
2025-09-18 00:00:00+05:30,3530.0,3546.0,3503.39990234375,3511.300048828125,829442
2025-09-19 00:00:00+05:30,3504.0,3511.300048828125,3460.0,3467.199951171875,2337255
2025-09-22 00:00:00+05:30,3458.199951171875,3477.0,3440.0,3457.5,817833
2025-09-23 00:00:00+05:30,3465.199951171875,3465.300048828125,3405.0,3439.199951171875,1144975
2025-09-24 00:00:00+05:30,3430.0,3437.39990234375,3411.0,3418.300048828125,690454
2025-09-25 00:00:00+05:30,3408.0,3419.89990234375,3370.0,3378.5,1139904
2025-09-26 00:00:00+05:30,3387.699951171875,3402.0,3303.10009765625,3327.300048828125,7524068
2025-09-29 00:00:00+05:30,3327.0,3418.0,3327.0,3401.199951171875,1452636
2025-09-30 00:00:00+05:30,3452.0,3474.5,3355.0,3367.0,1733728
2025-10-01 00:00:00+05:30,3370.0,3414.89990234375,3351.0,3408.300048828125,798754
2025-10-03 00:00:00+05:30,3379.89990234375,3459.0,3378.0,3453.300048828125,1655328
2025-10-06 00:00:00+05:30,3453.300048828125,3459.300048828125,3401.0,3425.39990234375,1184781
2025-10-07 00:00:00+05:30,3425.0,3445.89990234375,3411.0,3418.199951171875,996165
2025-10-08 00:00:00+05:30,3474.0,3580.0,3460.0,3565.60009765625,4531362
2025-10-09 00:00:00+05:30,3559.800048828125,3561.699951171875,3526.39990234375,3550.60009765625,597739
2025-10-10 00:00:00+05:30,3548.89990234375,3571.699951171875,3523.300048828125,3531.89990234375,825274
2025-10-13 00:00:00+05:30,3518.0,3545.0,3509.5,3533.60009765625,606122
2025-10-14 00:00:00+05:30,3533.0,3549.39990234375,3506.5,3537.39990234375,925998
2025-10-15 00:00:00+05:30,3532.89990234375,3561.89990234375,3511.0,3549.0,1005045
2025-10-16 00:00:00+05:30,3549.0,3652.0,3540.0,3640.300048828125,1528118
2025-10-17 00:00:00+05:30,3635.0,3715.0,3633.0,3674.800048828125,1123500
2025-10-20 00:00:00+05:30,3680.0,3749.89990234375,3676.199951171875,3737.199951171875,707974
2025-10-21 00:00:00+05:30,3737.199951171875,3746.0,3719.0,3729.0,156306
2025-10-23 00:00:00+05:30,3765.0,3800.0,3738.300048828125,3772.300048828125,1622402
2025-10-24 00:00:00+05:30,3775.0,3781.0,3706.10009765625,3714.89990234375,563296
2025-10-27 00:00:00+05:30,3714.0,3753.89990234375,3710.0,3739.800048828125,856124
2025-10-28 00:00:00+05:30,3750.0,3770.0,3688.10009765625,3717.0,1482961
2025-10-29 00:00:00+05:30,3734.199951171875,3753.5,3714.199951171875,3748.300048828125,789557
2025-10-30 00:00:00+05:30,3745.0,3773.89990234375,3720.10009765625,3750.699951171875,544151
2025-10-31 00:00:00+05:30,3758.89990234375,3783.0,3739.5,3746.699951171875,900994
2025-11-03 00:00:00+05:30,3730.0,3762.0,3667.300048828125,3724.5,1119367
2025-11-04 00:00:00+05:30,3724.5,3827.0,3715.0,3813.5,2524600
2025-11-06 00:00:00+05:30,3780.0,3837.699951171875,3761.60009765625,3774.39990234375,927231
2025-11-07 00:00:00+05:30,3766.0,3792.0,3736.0,3769.300048828125,728998
2025-11-10 00:00:00+05:30,3788.0,3815.0,3769.300048828125,3803.0,599567
2025-11-11 00:00:00+05:30,3810.5,3820.0,3752.10009765625,3812.39990234375,668789
2025-11-12 00:00:00+05:30,3838.0,3877.0,3804.199951171875,3851.10009765625,805025
2025-11-13 00:00:00+05:30,3860.0,3867.89990234375,3817.0,3839.199951171875,668623
2025-11-14 00:00:00+05:30,3839.199951171875,3854.699951171875,3800.0,3829.199951171875,575050
2025-11-17 00:00:00+05:30,3848.0,3874.300048828125,3821.5,3868.60009765625,504928
2025-11-18 00:00:00+05:30,3865.0,3900.0,3841.60009765625,3879.199951171875,849966
2025-11-19 00:00:00+05:30,3882.89990234375,3940.5,3862.39990234375,3933.10009765625,1578123
2025-11-20 00:00:00+05:30,3950.0,3956.0,3895.0,3902.39990234375,762391
2025-11-21 00:00:00+05:30,3901.0,3925.0,3882.10009765625,3904.199951171875,383311
2025-11-24 00:00:00+05:30,3915.5,3937.199951171875,3865.0,3874.300048828125,1258036
2025-11-25 00:00:00+05:30,3874.39990234375,3908.39990234375,3845.0,3855.10009765625,680366
2025-11-26 00:00:00+05:30,3845.0,3914.5,3843.5,3897.699951171875,364592
2025-11-27 00:00:00+05:30,3900.60009765625,3927.0,3875.10009765625,3903.300048828125,542241
2025-11-28 00:00:00+05:30,3906.199951171875,3934.89990234375,3896.5,3907.699951171875,574817
2025-12-01 00:00:00+05:30,3907.699951171875,3910.699951171875,3861.300048828125,3894.89990234375,603073
2025-12-02 00:00:00+05:30,3875.0,3899.60009765625,3867.5,3885.800048828125,661018
2025-12-03 00:00:00+05:30,3870.0,3880.0,3785.89990234375,3817.800048828125,770638
2025-12-04 00:00:00+05:30,3805.0,3830.0,3778.0,3800.39990234375,776693
2025-12-05 00:00:00+05:30,3777.0,3828.0,3777.0,3813.300048828125,508448
2025-12-08 00:00:00+05:30,3796.300048828125,3825.0,3758.10009765625,3767.0,545864
2025-12-09 00:00:00+05:30,3775.0,3874.0,3751.0,3849.0,1121068
2025-12-10 00:00:00+05:30,3831.0,3858.199951171875,3825.60009765625,3845.699951171875,616248
2025-12-11 00:00:00+05:30,3830.39990234375,3855.800048828125,3777.0,3844.800048828125,669180
2025-12-12 00:00:00+05:30,3844.800048828125,3894.800048828125,3831.89990234375,3880.199951171875,547866
2025-12-15 00:00:00+05:30,3861.300048828125,3876.39990234375,3850.0,3866.199951171875,332337
2025-12-16 00:00:00+05:30,3850.0,3937.5,3828.0,3929.5,1560827
2025-12-17 00:00:00+05:30,3930.0,3935.699951171875,3890.0,3907.89990234375,601010
2025-12-18 00:00:00+05:30,3900.0,3924.0,3890.10009765625,3919.300048828125,516547
2025-12-19 00:00:00+05:30,3919.0,3961.89990234375,3913.0,3930.10009765625,730780
2025-12-22 00:00:00+05:30,3940.0,3950.800048828125,3917.10009765625,3933.800048828125,569521
2025-12-23 00:00:00+05:30,3933.800048828125,3956.300048828125,3916.39990234375,3925.800048828125,445656
2025-12-24 00:00:00+05:30,3925.800048828125,3935.0,3900.0,3909.300048828125,399227
2025-12-26 00:00:00+05:30,3908.89990234375,4006.89990234375,3900.0,3992.0,1113050
2025-12-29 00:00:00+05:30,4010.0,4031.699951171875,3978.0,3983.699951171875,1242846
2025-12-30 00:00:00+05:30,3982.0,3993.5,3954.10009765625,3974.10009765625,1169570
2025-12-31 00:00:00+05:30,3984.0,4061.89990234375,3975.10009765625,4051.5,1358731
2026-01-01 00:00:00+05:30,4063.699951171875,4068.0,4035.699951171875,4049.300048828125,444679
2026-01-02 00:00:00+05:30,4039.0,4060.0,3986.199951171875,4051.699951171875,659997
2026-01-05 00:00:00+05:30,4051.699951171875,4094.0,4046.0,4079.699951171875,629273
2026-01-06 00:00:00+05:30,4079.699951171875,4120.5,4068.5,4111.7998046875,820331
2026-01-07 00:00:00+05:30,4225.0,4312.10009765625,4202.0,4273.2001953125,3496340
2026-01-08 00:00:00+05:30,4273.2001953125,4303.2001953125,4239.0,4249.0,1055725
2026-01-09 00:00:00+05:30,4231.0,4279.0,4183.10009765625,4201.7998046875,883117
2026-01-12 00:00:00+05:30,4205.0,4242.0,4145.0,4231.60009765625,514767
2026-01-13 00:00:00+05:30,4231.60009765625,4267.60009765625,4210.0,4239.2001953125,770707
2026-01-14 00:00:00+05:30,4241.89990234375,4283.0,4211.0,4221.5,998692
2026-01-15 00:00:00+05:30,4221.5,4221.5,4221.5,4221.5,0
2026-01-16 00:00:00+05:30,4221.5,4236.39990234375,4181.10009765625,4196.89990234375,686949
2026-01-19 00:00:00+05:30,4165.7001953125,4207.39990234375,4129.10009765625,4144.10009765625,365905
2026-01-20 00:00:00+05:30,4155.0,4155.0,4064.300048828125,4075.5,586156
2026-01-21 00:00:00+05:30,4075.5,4109.89990234375,4053.5,4079.199951171875,552760
2026-01-22 00:00:00+05:30,4099.0,4128.0,3980.800048828125,4018.60009765625,818966
2026-01-23 00:00:00+05:30,4025.10009765625,4063.300048828125,3980.0,4021.800048828125,1015415
2026-01-27 00:00:00+05:30,4021.800048828125,4040.0,3955.0,3997.0,1760501
2026-01-28 00:00:00+05:30,4002.0,4025.800048828125,3964.89990234375,3975.199951171875,809022
2026-01-29 00:00:00+05:30,3960.800048828125,3968.60009765625,3843.10009765625,3939.699951171875,1145612
2026-01-30 00:00:00+05:30,3945.0,3995.0,3909.800048828125,3977.39990234375,1427639
2026-02-02 00:00:00+05:30,4000.0,4000.0,3893.300048828125,3953.199951171875,1273196
2026-02-03 00:00:00+05:30,4143.0,4143.0,4044.10009765625,4068.60009765625,1043274
2026-02-04 00:00:00+05:30,4087.0,4160.0,4066.199951171875,4144.0,917279
2026-02-05 00:00:00+05:30,4152.2998046875,4152.2998046875,4063.10009765625,4097.60009765625,693637
2026-02-06 00:00:00+05:30,4097.60009765625,4154.0,4065.300048828125,4141.0,888701
2026-02-09 00:00:00+05:30,4200.2001953125,4269.39990234375,4155.0,4257.7998046875,1092387
2026-02-10 00:00:00+05:30,4300.0,4329.60009765625,4239.60009765625,4269.10009765625,1713633
2026-02-11 00:00:00+05:30,4350.0,4378.39990234375,4208.0,4249.10009765625,3342226
2026-02-12 00:00:00+05:30,4232.39990234375,4286.39990234375,4182.2998046875,4275.7998046875,998509
2026-02-13 00:00:00+05:30,4267.2998046875,4271.7998046875,4164.7998046875,4179.2001953125,524758
2026-02-16 00:00:00+05:30,4155.0,4196.0,4128.7998046875,4181.10009765625,500349
2026-02-17 00:00:00+05:30,4167.10009765625,4244.89990234375,4155.0,4236.39990234375,464123
2026-02-18 00:00:00+05:30,4251.0,4257.89990234375,4214.2998046875,4248.60009765625,387328
2026-02-19 00:00:00+05:30,4225.0,4261.0,4191.0,4198.2001953125,406232
2026-02-20 00:00:00+05:30,4200.5,4252.10009765625,4200.2001953125,4236.39990234375,532169
2026-02-23 00:00:00+05:30,4270.0,4280.0,4240.10009765625,4272.7001953125,516370
