{
  "ticker": "MARUTI.NS",
  "trained_until": "2026-02-09",
  "features": [
    "Close",
    "RSI",
    "MA50"
  ],
  "window": 30,
  "mode": "FULL",
  "X_mean": [
    8882.010653463223,
    53.533704654042175,
    8713.239234744187
  ],
  "X_std": [
    1737.4296091390786,
    15.73503169864217,
    1643.398324318062
  ],
  "y_mean": [
    0.006444361336870728,
    0.025762895128796176,
    0.06587907012291534,
    0.2910196142944399
  ],
  "y_std": [
    0.038709912145659574,
    0.06954706225675517,
    0.09807884278526889,
    0.11477867904827939
  ],
  "horizons": [
    7,
    30,
    90,
    365
  ]
}