{
  "ticker": "MARUTI.NS",
  "mode": "FULL",
  "features": [
    "Close",
    "RSI",
    "MA50"
  ],
  "window": 30,
  "X_mean": [
    7344.3169371357735,
    52.029694406459285,
    7266.093867496591
  ],
  "X_std": [
    1324.5205217952284,
    16.634606714460624,
    1210.444254199449
  ],
  "y_mean": [
    0.004073970926586708,
    0.015576207945345576,
    0.053985805440756644,
    0.23961777498977596
  ],
  "y_std": [
    0.05029777004914789,
    0.09380548538421685,
    0.14900108013839233,
    0.15884761701497396
  ],
  "horizons": [
    7,
    30,
    90,
    365
  ],
  "trained_until": "2023-12-05"
}