{
  "ticker": "M&M.NS",
  "mode": "FULL",
  "features": [
    "Close",
    "RSI",
    "MA50"
  ],
  "window": 30,
  "X_mean": [
    859.250856084636,
    52.73574154102253,
    840.250793450766
  ],
  "X_std": [
    341.12605277529605,
    18.127043644009984,
    324.4648785884648
  ],
  "y_mean": [
    0.007522754660157162,
    0.033865106027800664,
    0.11065773057864281,
    0.6832698946700271
  ],
  "y_std": [
    0.060468785160534305,
    0.13233455811216652,
    0.2439460560123001,
    0.3803410995367161
  ],
  "horizons": [
    7,
    30,
    90,
    365
  ],
  "trained_until": "2023-12-05"
}