{
  "ticker": "M&M.NS",
  "trained_until": "2026-02-09",
  "features": [
    "Close",
    "RSI",
    "MA50"
  ],
  "window": 30,
  "mode": "FULL",
  "X_mean": [
    1316.4369219524103,
    55.47702339440151,
    1256.9465699358686
  ],
  "X_std": [
    549.7673232597148,
    17.10461454684347,
    487.02406062662584
  ],
  "y_mean": [
    0.012605661284555012,
    0.054521686540552054,
    0.17594551774394285,
    0.7939051991393489
  ],
  "y_std": [
    0.04762384497670817,
    0.1010745591225296,
    0.1955646385466572,
    0.3166609588650835
  ],
  "horizons": [
    7,
    30,
    90,
    365
  ]
}