{
  "ticker": "BAJAJFINSV.NS",
  "trained_until": "2026-02-09",
  "features": [
    "Close",
    "RSI",
    "MA50"
  ],
  "window": 30,
  "mode": "FULL",
  "X_mean": [
    1526.9066540229612,
    52.88311751025257,
    1508.4037014517437
  ],
  "X_std": [
    180.3600815826523,
    18.412035104842786,
    184.30832580301285
  ],
  "y_mean": [
    0.004943527993808312,
    0.02483035055929023,
    0.05420950105960048,
    0.13643869670875836
  ],
  "y_std": [
    0.04874226679159762,
    0.1210246037424271,
    0.20751250322360404,
    0.202769190604593
  ],
  "horizons": [
    7,
    30,
    90,
    365
  ]
}