{
  "ticker": "BAJAJFINSV.NS",
  "mode": "FULL",
  "features": [
    "Close",
    "RSI",
    "MA50"
  ],
  "window": 30,
  "X_mean": [
    1173.9834649809616,
    54.14529669512097,
    1153.3863395885405
  ],
  "X_std": [
    410.40210097263923,
    19.066885629323185,
    403.39788187921476
  ],
  "y_mean": [
    0.007616634756264402,
    0.03552947580366631,
    0.0983569030712673,
    0.4374898939431989
  ],
  "y_std": [
    0.06566694477253147,
    0.16337222521400374,
    0.28081477085417295,
    0.7244648578068359
  ],
  "horizons": [
    7,
    30,
    90,
    365
  ],
  "trained_until": "2023-12-05"
}