{
  "ticker": "SBILIFE.NS",
  "mode": "FULL",
  "features": [
    "Close",
    "RSI",
    "MA50"
  ],
  "window": 30,
  "X_mean": [
    1017.4802437709681,
    54.108388269049065,
    1001.0273507797463
  ],
  "X_std": [
    210.247110767299,
    15.240106575966886,
    207.8299435727426
  ],
  "y_mean": [
    0.006400117308798407,
    0.026482751839746008,
    0.07358349136513241,
    0.24685902143887975
  ],
  "y_std": [
    0.046715747446975694,
    0.09027439879225453,
    0.15140068900010262,
    0.19663109349797994
  ],
  "horizons": [
    7,
    30,
    90,
    365
  ],
  "trained_until": "2023-12-05"
}