{
  "ticker": "SBILIFE.NS",
  "trained_until": "2026-02-09",
  "features": [
    "Close",
    "RSI",
    "MA50"
  ],
  "window": 30,
  "mode": "FULL",
  "X_mean": [
    1246.286209553044,
    54.251507917697815,
    1223.5375378596611
  ],
  "X_std": [
    163.10790542895273,
    14.982666292897788,
    149.8422316617452
  ],
  "y_mean": [
    0.0062262326663317154,
    0.026702829783727726,
    0.05866102168876089,
    0.2188819851050051
  ],
  "y_std": [
    0.035387728414215155,
    0.0723837029997585,
    0.11558241028308751,
    0.15622863338742995
  ],
  "horizons": [
    7,
    30,
    90,
    365
  ]
}