{
  "ticker": "HINDZINC.NS",
  "mode": "FULL",
  "features": [
    "Close",
    "RSI",
    "MA50"
  ],
  "window": 30,
  "X_mean": [
    192.0389135995413,
    51.53758846479986,
    189.26033072465907
  ],
  "X_std": [
    61.17031003278029,
    17.419808171566324,
    59.46340402380687
  ],
  "y_mean": [
    0.005574662932961153,
    0.022293238199382562,
    0.07651085432357144,
    0.5562846312903013
  ],
  "y_std": [
    0.05713266808726087,
    0.10663099583970621,
    0.19755997275392922,
    0.4275042501776895
  ],
  "horizons": [
    7,
    30,
    90,
    365
  ],
  "trained_until": "2023-12-05"
}