{
  "ticker": "HINDZINC.NS",
  "trained_until": "2026-02-09",
  "features": [
    "Close",
    "RSI",
    "MA50"
  ],
  "window": 30,
  "mode": "FULL",
  "X_mean": [
    279.53026564063094,
    52.418908868027515,
    268.0520913219917
  ],
  "X_std": [
    109.08041544103072,
    17.92204455944516,
    90.9293646945876
  ],
  "y_mean": [
    0.009996900100116717,
    0.043133200465274406,
    0.13035073279894724,
    0.4672092424270366
  ],
  "y_std": [
    0.0698017692574851,
    0.18238778896707833,
    0.3321726767440864,
    0.3807051341598182
  ],
  "horizons": [
    7,
    30,
    90,
    365
  ]
}