{
  "ticker": "HDFCBANK.NS",
  "trained_until": "2026-02-09",
  "features": [
    "Close",
    "RSI",
    "MA50"
  ],
  "window": 30,
  "mode": "FULL",
  "X_mean": [
    738.9974243164063,
    52.077557452147374,
    735.6834233309116
  ],
  "X_std": [
    51.13417862191769,
    17.096921761856745,
    42.89477589616425
  ],
  "y_mean": [
    0.0021916689381197255,
    0.008787328419651389,
    0.025255557076888074,
    0.13313553325739783
  ],
  "y_std": [
    0.036124159965522915,
    0.06505532123437874,
    0.09024163030073666,
    0.12022336539809596
  ],
  "horizons": [
    7,
    30,
    90,
    365
  ]
}