{
  "ticker": "HDFCBANK.NS",
  "mode": "FULL",
  "features": [
    "Close",
    "RSI",
    "MA50"
  ],
  "window": 30,
  "X_mean": [
    660.6005371720287,
    52.02046268956207,
    655.4766584666884
  ],
  "X_std": [
    104.93075943233801,
    16.58107930528821,
    103.38518840110672
  ],
  "y_mean": [
    0.003448345654449064,
    0.014236765689873547,
    0.03180196835785011,
    0.15534644875829806
  ],
  "y_std": [
    0.044434738123257295,
    0.08357716196561187,
    0.1380800640084561,
    0.189858428662373
  ],
  "horizons": [
    7,
    30,
    90,
    365
  ],
  "trained_until": "2023-12-05"
}