{
  "ticker": "HINDUNILVR.NS",
  "trained_until": "2026-02-09",
  "features": [
    "Close",
    "RSI",
    "MA50"
  ],
  "window": 30,
  "mode": "FULL",
  "X_mean": [
    2336.117679502906,
    50.23798948417213,
    2322.52448645615
  ],
  "X_std": [
    172.38555580805303,
    17.44075461661971,
    146.64116148272956
  ],
  "y_mean": [
    0.0022962421686142406,
    0.011547521177872107,
    0.020952597251301133,
    0.04230833298243244
  ],
  "y_std": [
    0.03285317464612475,
    0.06972794933839667,
    0.11721514346874377,
    0.11001755923959254
  ],
  "horizons": [
    7,
    30,
    90,
    365
  ]
}