{
  "ticker": "HINDUNILVR.NS",
  "mode": "FULL",
  "features": [
    "Close",
    "RSI",
    "MA50"
  ],
  "window": 30,
  "X_mean": [
    2124.5208497973363,
    51.17240088353769,
    2106.822287975667
  ],
  "X_std": [
    291.99209297807505,
    17.676694015725896,
    288.1898415523098
  ],
  "y_mean": [
    0.0034929935585180662,
    0.014942200266279146,
    0.03597566545209907,
    0.10264408534438473
  ],
  "y_std": [
    0.03789025155647771,
    0.07098471106714599,
    0.09678119866422125,
    0.13065779576121425
  ],
  "horizons": [
    7,
    30,
    90,
    365
  ],
  "trained_until": "2023-12-05"
}