{
  "ticker": "LT.NS",
  "mode": "FULL",
  "features": [
    "Close",
    "RSI",
    "MA50"
  ],
  "window": 30,
  "X_mean": [
    1587.3816584708652,
    54.484362352064814,
    1548.9513827903622
  ],
  "X_std": [
    549.5889237221033,
    17.31069452524814,
    505.82251936568395
  ],
  "y_mean": [
    0.007158104342441863,
    0.032409936347649944,
    0.09913934632629964,
    0.4952318433416034
  ],
  "y_std": [
    0.04924424605364028,
    0.10669402643120462,
    0.20678385407120703,
    0.4054220853677495
  ],
  "horizons": [
    7,
    30,
    90,
    365
  ],
  "trained_until": "2023-12-05"
}