{
  "ticker": "LT.NS",
  "trained_until": "2026-02-09",
  "features": [
    "Close",
    "RSI",
    "MA50"
  ],
  "window": 30,
  "mode": "FULL",
  "X_mean": [
    2285.049289312595,
    56.886201383823554,
    2217.8380536484137
  ],
  "X_std": [
    743.618225233656,
    15.874917452533259,
    718.1091020776119
  ],
  "y_mean": [
    0.009697230907857022,
    0.0392680526855251,
    0.11341127835642198,
    0.4558324016588853
  ],
  "y_std": [
    0.03898495233241658,
    0.0712592772264626,
    0.13252145032930931,
    0.32726776532798396
  ],
  "horizons": [
    7,
    30,
    90,
    365
  ]
}