{
  "ticker": "TVSMOTOR.NS",
  "trained_until": "2026-02-09",
  "features": [
    "Close",
    "RSI",
    "MA50"
  ],
  "window": 30,
  "mode": "FULL",
  "X_mean": [
    1195.1952101544637,
    57.18854588495779,
    1137.2494912154034
  ],
  "X_std": [
    596.7865734243462,
    17.108266256772026,
    556.158875999787
  ],
  "y_mean": [
    0.014012791652388727,
    0.06162465117704274,
    0.1924486291773421,
    0.9448861489548296
  ],
  "y_std": [
    0.047378079302679676,
    0.1000514076396097,
    0.18436998947444105,
    0.3568773977446021
  ],
  "horizons": [
    7,
    30,
    90,
    365
  ]
}