{
  "ticker": "TVSMOTOR.NS",
  "mode": "FULL",
  "features": [
    "Close",
    "RSI",
    "MA50"
  ],
  "window": 30,
  "X_mean": [
    710.5211667728995,
    54.5027512192561,
    685.1946458592998
  ],
  "X_std": [
    354.74607046331596,
    17.201294613193216,
    323.4151714180662
  ],
  "y_mean": [
    0.01019196532671749,
    0.04487131959791792,
    0.14638278105005026,
    0.7918562635165767
  ],
  "y_std": [
    0.057779689695747136,
    0.12224248549287421,
    0.22164570116052643,
    0.42577897278992327
  ],
  "horizons": [
    7,
    30,
    90,
    365
  ],
  "trained_until": "2023-12-05"
}