{
  "ticker": "LICI.NS",
  "trained_until": "2026-02-09",
  "features": [
    "Close",
    "RSI",
    "MA50"
  ],
  "window": 30,
  "mode": "FULL",
  "X_mean": [
    731.4995735916436,
    51.40365576513837,
    712.6902257056142
  ],
  "X_std": [
    176.37749070654664,
    19.432219846171314,
    151.7712039416813
  ],
  "y_mean": [
    0.007883213562581651,
    0.032886009604119595,
    0.09500771605197529,
    0.31652457685429214
  ],
  "y_std": [
    0.053573397019987284,
    0.11917038857478049,
    0.21240398626540208,
    0.3262094769099961
  ],
  "horizons": [
    7,
    30,
    90,
    365
  ]
}