{
  "ticker": "LICI.NS",
  "mode": "FULL",
  "features": [
    "Close",
    "RSI",
    "MA50"
  ],
  "window": 30,
  "X_mean": [
    614.8468977478209,
    48.055224075563416,
    619.311560830136
  ],
  "X_std": [
    43.32037211789814,
    19.980638621256453,
    37.83730292145356
  ],
  "y_mean": [
    0.004156816444423462,
    0.023698669679838098,
    0.12445678922149755,
    0.5096338719176854
  ],
  "y_std": [
    0.04600691341562884,
    0.11948262803370731,
    0.23532001818038506,
    0.2044698629918616
  ],
  "horizons": [
    7,
    30,
    90,
    365
  ],
  "trained_until": "2023-12-05"
}