{
  "ticker": "COALINDIA.NS",
  "trained_until": "2026-02-09",
  "features": [
    "Close",
    "RSI",
    "MA50"
  ],
  "window": 30,
  "mode": "FULL",
  "X_mean": [
    209.67848333963533,
    56.73838124900459,
    198.78836489998426
  ],
  "X_std": [
    108.58048714299693,
    16.05950450226159,
    100.81970873014892
  ],
  "y_mean": [
    0.015804424770996597,
    0.06328258371993707,
    0.1880460785377205,
    0.7446374617823258
  ],
  "y_std": [
    0.051196033259992446,
    0.10485155766101945,
    0.19272184244688392,
    0.5077171171149519
  ],
  "horizons": [
    7,
    30,
    90,
    365
  ]
}