{
  "ticker": "COALINDIA.NS",
  "mode": "FULL",
  "features": [
    "Close",
    "RSI",
    "MA50"
  ],
  "window": 30,
  "X_mean": [
    132.60430709147064,
    52.81545313537168,
    129.30148545812602
  ],
  "X_std": [
    48.575192793421564,
    18.18955581831494,
    42.63614833741257
  ],
  "y_mean": [
    0.006662769062739331,
    0.02957369248507924,
    0.10098411847432942,
    0.6257174691205627
  ],
  "y_std": [
    0.05595168575743213,
    0.1181067130915008,
    0.2225626469477482,
    0.5498762875273141
  ],
  "horizons": [
    7,
    30,
    90,
    365
  ],
  "trained_until": "2023-12-05"
}