{
  "ticker": "BAJAJ-AUTO.NS",
  "mode": "FULL",
  "features": [
    "Close",
    "RSI",
    "MA50"
  ],
  "window": 30,
  "X_mean": [
    3230.8591167622903,
    53.39417050975437,
    3165.8166621569917
  ],
  "X_std": [
    768.8590233594108,
    17.729075603364034,
    694.1971935421335
  ],
  "y_mean": [
    0.006276575120681369,
    0.029901890611183014,
    0.10731934408974646,
    0.5634800280747925
  ],
  "y_std": [
    0.04274812085725519,
    0.0963050062006858,
    0.18878365254484833,
    0.5431746105595994
  ],
  "horizons": [
    7,
    30,
    90,
    365
  ],
  "trained_until": "2023-12-05"
}