{
  "ticker": "BAJAJ-AUTO.NS",
  "trained_until": "2026-02-09",
  "features": [
    "Close",
    "RSI",
    "MA50"
  ],
  "window": 30,
  "mode": "FULL",
  "X_mean": [
    4696.9735467678165,
    55.63812070117827,
    4513.312579178973
  ],
  "X_std": [
    1996.9051907195185,
    17.43402130462105,
    1818.7860823073506
  ],
  "y_mean": [
    0.010192922929730988,
    0.046452192145388635,
    0.13749884684662383,
    0.6428602252638855
  ],
  "y_std": [
    0.036690318654784615,
    0.0870609785281857,
    0.19644565830417748,
    0.6253031786898456
  ],
  "horizons": [
    7,
    30,
    90,
    365
  ]
}