{
  "ticker": "GRASIM.NS",
  "mode": "FULL",
  "features": [
    "Close",
    "RSI",
    "MA50"
  ],
  "window": 30,
  "X_mean": [
    1252.97033059648,
    54.43931103512172,
    1227.9004949100126
  ],
  "X_std": [
    460.07454580836475,
    16.819456479095148,
    450.04370692453165
  ],
  "y_mean": [
    0.007182213372424564,
    0.0313797446464584,
    0.09909042081495378,
    0.581207307907699
  ],
  "y_std": [
    0.05278445701573524,
    0.11655437000659973,
    0.2336732290484479,
    0.601155711885715
  ],
  "horizons": [
    7,
    30,
    90,
    365
  ],
  "trained_until": "2023-12-05"
}