{
  "ticker": "GRASIM.NS",
  "trained_until": "2026-02-09",
  "features": [
    "Close",
    "RSI",
    "MA50"
  ],
  "window": 30,
  "mode": "FULL",
  "X_mean": [
    1777.6472173923398,
    54.55980978157462,
    1737.5063467570978
  ],
  "X_std": [
    334.72735677093453,
    16.692038033062932,
    294.3107982914434
  ],
  "y_mean": [
    0.0067346500011239395,
    0.028395252187118344,
    0.07672475515533851,
    0.292937243077479
  ],
  "y_std": [
    0.04066438557852614,
    0.08182454475994533,
    0.1227847976493732,
    0.2058416326656407
  ],
  "horizons": [
    7,
    30,
    90,
    365
  ]
}