{
  "ticker": "ASIANPAINT.NS",
  "mode": "FULL",
  "features": [
    "Close",
    "RSI",
    "MA50"
  ],
  "window": 30,
  "X_mean": [
    2454.2592622024367,
    53.67615399647259,
    2418.4840014690203
  ],
  "X_std": [
    675.9503211539597,
    17.97113362419695,
    679.3585926332808
  ],
  "y_mean": [
    0.006020693662559073,
    0.02596139107972897,
    0.0736740303193113,
    0.24449895850674527
  ],
  "y_std": [
    0.04396633790396417,
    0.08901827611226823,
    0.14679898156009905,
    0.3841451486212369
  ],
  "horizons": [
    7,
    30,
    90,
    365
  ],
  "trained_until": "2023-12-05"
}