{
  "ticker": "ASIANPAINT.NS",
  "trained_until": "2026-02-09",
  "features": [
    "Close",
    "RSI",
    "MA50"
  ],
  "window": 30,
  "mode": "FULL",
  "X_mean": [
    2986.5104125976563,
    52.47034318474941,
    2969.5538488412253
  ],
  "X_std": [
    203.51923078839692,
    18.63576149385014,
    188.78583131581894
  ],
  "y_mean": [
    0.0027158840829554047,
    0.010270376501592836,
    0.0060153825973456605,
    -0.06139110612595963
  ],
  "y_std": [
    0.038368887736739486,
    0.0816519713402476,
    0.11937690543745026,
    0.14663743925792025
  ],
  "horizons": [
    7,
    30,
    90,
    365
  ]
}