{
  "ticker": "BAJFINANCE.NS",
  "mode": "FULL",
  "features": [
    "Close",
    "RSI",
    "MA50"
  ],
  "window": 30,
  "X_mean": [
    533.7260466511174,
    53.95987504562392,
    523.7543939887732
  ],
  "X_std": [
    168.34321559701968,
    18.512288119777654,
    166.10416380584823
  ],
  "y_mean": [
    0.00805343676569351,
    0.03785395838209091,
    0.09539944009794668,
    0.3720984616397032
  ],
  "y_std": [
    0.06764240013827706,
    0.16281148508074797,
    0.2606515775191473,
    0.5883453396926598
  ],
  "horizons": [
    7,
    30,
    90,
    365
  ],
  "trained_until": "2023-12-05"
}