{
  "ticker": "BAJFINANCE.NS",
  "trained_until": "2026-02-09",
  "features": [
    "Close",
    "RSI",
    "MA50"
  ],
  "window": 30,
  "mode": "FULL",
  "X_mean": [
    671.8097543111661,
    51.94079008243963,
    666.4107999185702
  ],
  "X_std": [
    64.3058130045078,
    19.10523732967821,
    61.61856994674168
  ],
  "y_mean": [
    0.003211578868878741,
    0.015803116338203062,
    0.02940502320597798,
    0.1431936088984252
  ],
  "y_std": [
    0.047826739407877045,
    0.10469544804388985,
    0.15569678187740493,
    0.19673879302987937
  ],
  "horizons": [
    7,
    30,
    90,
    365
  ]
}