{
  "ticker": "ICICIBANK.NS",
  "mode": "FULL",
  "features": [
    "Close",
    "RSI",
    "MA50"
  ],
  "window": 30,
  "X_mean": [
    634.16120259307,
    54.27545431672087,
    622.0675104198341
  ],
  "X_std": [
    206.27961119353665,
    16.326985066684827,
    203.55425552400328
  ],
  "y_mean": [
    0.007216721497853139,
    0.030495303096857357,
    0.0943728914044419,
    0.4303405045728875
  ],
  "y_std": [
    0.05269631126079189,
    0.10426259963841195,
    0.19296372894432767,
    0.3091061972455646
  ],
  "horizons": [
    7,
    30,
    90,
    365
  ],
  "trained_until": "2023-12-05"
}