{
  "ticker": "ICICIBANK.NS",
  "trained_until": "2026-02-09",
  "features": [
    "Close",
    "RSI",
    "MA50"
  ],
  "window": 30,
  "mode": "FULL",
  "X_mean": [
    856.9591030958222,
    54.571267343758635,
    838.5497866285372
  ],
  "X_std": [
    155.31373471086488,
    16.71413678788145,
    149.21523172027048
  ],
  "y_mean": [
    0.006779035222369496,
    0.028794286889086432,
    0.08324499963141638,
    0.3267422756106836
  ],
  "y_std": [
    0.034777253898127525,
    0.06543680643970894,
    0.09874449507530779,
    0.11308694957426736
  ],
  "horizons": [
    7,
    30,
    90,
    365
  ]
}