{
  "ticker": "JIOFIN.NS",
  "mode": "XGB_ONLY",
  "features": [
    "Close",
    "RSI",
    "MA50"
  ],
  "window": 30,
  "X_mean": [
    220.39579532020971,
    53.28272129934301,
    226.13731527228106
  ],
  "X_std": [
    4.058495888978319,
    9.726660369884883,
    1.9242941814395313
  ],
  "y_mean": [
    0.03568026012252677,
    0.07901781169550466,
    0.6122446129357897,
    0.2330866750010757
  ],
  "y_std": [
    0.03396613554199241,
    0.02373954887385971,
    0.04051655982042708,
    0.048196760905091424
  ],
  "horizons": [
    7,
    30,
    90,
    365
  ],
  "trained_until": "2023-11-29"
}