{
  "ticker": "JIOFIN.NS",
  "trained_until": "2026-02-09",
  "features": [
    "Close",
    "RSI",
    "MA50"
  ],
  "window": 30,
  "mode": "FULL",
  "X_mean": [
    306.489873516622,
    53.45286163683588,
    292.212079608378
  ],
  "X_std": [
    55.188598703145765,
    14.901770778398445,
    56.26429693104548
  ],
  "y_mean": [
    0.01682156753159867,
    0.07375250614382124,
    0.1644987060535744,
    0.015742127034999567
  ],
  "y_std": [
    0.053940998080504676,
    0.13187618901192044,
    0.2764775157803746,
    0.20148414804852233
  ],
  "horizons": [
    7,
    30,
    90,
    365
  ]
}