{
  "ticker": "ITC.NS",
  "mode": "FULL",
  "features": [
    "Close",
    "RSI",
    "MA50"
  ],
  "window": 30,
  "X_mean": [
    222.20196903251602,
    52.67527110772069,
    218.29057115044114
  ],
  "X_std": [
    83.23423305797438,
    17.539765980580896,
    79.08877076879145
  ],
  "y_mean": [
    0.004840949546072409,
    0.02069546548752908,
    0.06243899927054804,
    0.38519204910822447
  ],
  "y_std": [
    0.044442174315865175,
    0.08838152314315677,
    0.16375236051089292,
    0.4030707454824803
  ],
  "horizons": [
    7,
    30,
    90,
    365
  ],
  "trained_until": "2023-12-05"
}