{
  "ticker": "ITC.NS",
  "trained_until": "2026-02-09",
  "features": [
    "Close",
    "RSI",
    "MA50"
  ],
  "window": 30,
  "mode": "FULL",
  "X_mean": [
    295.46553102818933,
    56.28733457664391,
    287.36300785455467
  ],
  "X_std": [
    92.72537252717754,
    16.297664811934343,
    91.09052650265544
  ],
  "y_mean": [
    0.009666519205113586,
    0.041344284709102126,
    0.12133129070850128,
    0.429458426125953
  ],
  "y_std": [
    0.034654024046263436,
    0.06992650489190001,
    0.12393261874331529,
    0.4064629897609748
  ],
  "horizons": [
    7,
    30,
    90,
    365
  ]
}