{
  "ticker": "SHRIRAMFIN.NS",
  "mode": "FULL",
  "features": [
    "Close",
    "RSI",
    "MA50"
  ],
  "window": 30,
  "X_mean": [
    224.90245099879414,
    52.12193849846145,
    221.07417382728963
  ],
  "X_std": [
    63.78411283167415,
    16.06729958131365,
    57.44042708786328
  ],
  "y_mean": [
    0.006775780564769852,
    0.029497537446610194,
    0.10476819920556447,
    0.5515575429442314
  ],
  "y_std": [
    0.07780415818110045,
    0.15495194029430148,
    0.29987476425802295,
    0.5458841164826774
  ],
  "horizons": [
    7,
    30,
    90,
    365
  ],
  "trained_until": "2023-12-05"
}