{
  "ticker": "SHRIRAMFIN.NS",
  "trained_until": "2026-02-09",
  "features": [
    "Close",
    "RSI",
    "MA50"
  ],
  "window": 30,
  "mode": "FULL",
  "X_mean": [
    309.7177547733958,
    53.114296501727296,
    300.28400161594294
  ],
  "X_std": [
    102.85904411723526,
    15.039273810821724,
    90.95788533766653
  ],
  "y_mean": [
    0.009421050409055583,
    0.04089137678578469,
    0.11958034428817933,
    0.649255531235987
  ],
  "y_std": [
    0.053622552029234244,
    0.10888472818316591,
    0.18239798004492302,
    0.4817005238869114
  ],
  "horizons": [
    7,
    30,
    90,
    365
  ]
}