Date,Close,High,Low,Open,Volume
2021-03-16,2362.873046875,2373.784705677342,2273.616827599027,2277.3017967097085,4230564
2021-03-17,2319.17822265625,2354.641467098827,2307.8358826290396,2354.641467098827,1623187
2021-03-18,2301.566162109375,2363.1123198518258,2287.639273768593,2363.1123198518258,1851739
2021-03-19,2307.9794921875,2329.755141102903,2254.4737054691345,2290.5111144861326,3738079
2021-03-22,2321.810546875,2333.6796120808217,2287.6395756822367,2287.6395756822367,1489853
2021-03-23,2307.06982421875,2329.7068299598045,2295.4879590537025,2325.926050400761,1745466
2021-03-24,2338.89599609375,2364.2131304501518,2306.7828519776785,2307.0700501069214,4132092
2021-03-25,2299.316650390625,2363.2557344133706,2289.5535507155864,2345.978747212274,2272545
2021-03-26,2397.857666015625,2406.2808204640232,2305.921546634605,2321.140477321424,3084607
2021-03-30,2467.6357421875,2472.8043742060354,2413.5076534895475,2430.353963382676,2332884
2021-03-31,2428.72607421875,2472.3252684839576,2422.600272101251,2467.635223145657,1616044
2021-04-01,2442.46142578125,2454.7132629560565,2423.557296003968,2423.557296003968,1219588
2021-04-05,2403.121826171875,2448.4439768400666,2378.0918922826995,2448.4439768400666,1268939
2021-04-06,2499.74853515625,2507.788680199164,2397.235400594964,2417.8145825126294,3372846
2021-04-07,2516.020263671875,2553.7806200828045,2488.740884971941,2493.4309302922165,1937977
2021-04-08,2537.1259765625,2544.5440540313402,2515.4461404015196,2517.3604829741234,897483
2021-04-09,2518.126220703125,2541.289718671273,2498.360493791713,2522.146293295218,1185017
2021-04-12,2490.750732421875,2498.216714166602,2445.5723006496814,2467.7786247054005,1427691
2021-04-13,2460.60009765625,2513.5317147766573,2454.4742951000853,2488.6452621551066,1200230
2021-04-15,2476.87158203125,2482.4711263796244,2428.3430545212814,2479.0731222743866,1209829
2021-04-16,2549.6171875,2578.140939451529,2471.12913959392,2476.7765905685364,2760777
2021-04-19,2461.74853515625,2536.5036999375957,2456.9150075057573,2536.5036999375957,1552036
2021-04-20,2444.2802734375,2493.1439125738134,2420.494708043314,2488.645254427687,1489287
2021-04-22,2403.6962890625,2447.486873522275,2381.4420576157295,2446.1945988677403,1690758
2021-04-23,2410.109130859375,2455.1440817070948,2389.290657651917,2418.867387384859,1614593
2021-04-26,2448.34814453125,2464.71586569564,2421.64316124659,2421.64316124659,1103980
2021-04-27,2464.093994140625,2469.4061078316,2425.4720392681024,2436.0009234164645,866331
2021-04-28,2502.572265625,2508.0280952904313,2464.7160940264707,2477.1593209089347,1065561
2021-04-29,2501.51904296875,2528.8463276520547,2459.9300007819,2517.3602731736955,1295346
2021-04-30,2427.76904296875,2494.196867325852,2415.9481183492812,2483.859371182896,1384907
2021-05-03,2471.559326171875,2483.954879184233,2398.2880635235306,2402.4995229984706,1034774
2021-05-04,2476.345703125,2505.8266267090844,2461.4139706468,2493.431304771573,1058140
2021-05-05,2457.6806640625,2504.917158675201,2437.053810593712,2504.917158675201,1220186
2021-05-06,2439.87744140625,2471.272705398637,2419.7289396928945,2469.358362883057,1518119
2021-05-07,2442.3662109375,2479.073826122383,2432.651015092678,2445.5728284720803,1416102
2021-05-10,2447.43896484375,2478.116349941236,2433.2727837001016,2478.116349941236,1526814
2021-05-11,2446.76904296875,2452.2727777353302,2413.315954037459,2424.5148110864916,1168363
2021-05-12,2446.72119140625,2478.0685509826476,2421.643350482011,2466.6304008664592,2085630
2021-05-14,2655.67138671875,2713.819534760979,2490.128681127994,2507.7884423150567,10543708
2021-05-17,2663.568359375,2703.2430618955445,2629.875977309435,2662.8504809204023,2134352
2021-05-18,2700.94580078125,2723.1521263931686,2669.550537965043,2677.2079077404896,1328605
2021-05-19,2695.250732421875,2726.980865587015,2678.7872001293,2685.0088131957496,1219067
2021-05-20,2674.432373046875,2723.152297836698,2659.5004075709194,2693.479988088741,1211975
2021-05-21,2711.187744140625,2731.7669273706424,2675.2938199022233,2686.7798756585116,1328308
2021-05-24,2698.45751953125,2726.98127351657,2687.9286343053172,2724.109759364043,813091
2021-05-25,2789.57958984375,2797.4762520683485,2701.854944786051,2715.3988234914627,2730112
2021-05-26,2815.614990234375,2821.6449820499884,2785.7510608409443,2813.939940577953,1250531
2021-05-27,2823.032958984375,2838.0125947205333,2777.9501022015743,2823.655026787714,2415085
2021-05-28,2814.753662109375,2836.864413138939,2805.612629240117,2831.456254954691,711383
2021-05-31,2849.97705078125,2861.893784659736,2810.350259317179,2812.1687909975863,2093635
2021-06-01,2805.468994140625,2854.8591251775533,2790.2500644117767,2838.0128173411645,1194073
2021-06-02,2779.337890625,2808.1009311345515,2753.9249492237473,2793.839174118685,2067842
2021-06-03,2809.6328125,2815.9979080434036,2779.673304674828,2794.557364827776,1404434
2021-06-04,2799.630126953125,2861.9420694985724,2783.4540261210195,2826.5267328526033,1509084
2021-06-07,2807.47900390625,2815.040563084101,2779.5773225824287,2804.51167964516,802415
2021-06-08,2800.92236328125,2818.151445737999,2782.9754023888026,2802.597412964545,762931
2021-06-09,2817.4814453125,2838.012721637724,2794.55724089146,2805.277512023839,1340352
2021-06-10,2838.21044921875,2846.5790154447604,2809.4010699471905,2832.823661731947,1344559
2021-06-11,2843.645263671875,2858.4106700133875,2826.667653116585,2847.2524246828752,878445
2021-06-14,2837.537353515625,2856.871832581713,2805.409663206925,2842.5394718699026,746823
2021-06-15,2926.321533203125,2933.8244755514693,2848.1663729937623,2856.8717024222506,2262031
2021-06-16,2903.71630859375,2926.3211829952165,2891.0191495152085,2913.624023916675,859505
2021-06-17,2943.731689453125,2956.861660190022,2886.209454392022,2902.994728196703,1533864
2021-06-18,2931.130859375,2960.565386802591,2901.167469545209,2944.9343559453855,2293860
2021-06-21,2951.667724609375,2961.8638253767735,2905.977019003159,2909.0069402805616,720491
2021-06-22,2896.117431640625,2975.0421602258352,2889.7687344296505,2967.491076031056,1199238
2021-06-23,2873.560791015625,2914.5861422832245,2869.8573450501653,2914.5861422832245,1009007
2021-06-24,2927.33154296875,2933.5358132442902,2862.1140217169986,2873.5608874591035,985596
2021-06-25,2889.479736328125,2937.1905395362505,2871.2997414493884,2914.778002123871,786964
2021-06-28,2869.32861328125,2923.099508676668,2862.883864988542,2908.815055094616,891695
2021-06-29,2887.171630859375,2908.6704041061057,2859.8053500255346,2875.147760999058,1242734
2021-06-30,2878.70703125,2914.5863090190414,2871.925521087502,2884.7671091577904,924522
2021-07-01,2906.506103515625,2911.6040364563896,2882.8430337267305,2893.424039189191,848235
2021-07-02,2890.538330078125,2923.0509213247833,2885.4883047094363,2917.423656263189,805542
2021-07-05,2899.96533203125,2933.8245055864945,2892.5586745099827,2904.9672153676106,863343
2021-07-06,2888.1337890625,2914.1053501964507,2881.881376196919,2888.614743898314,762630
2021-07-07,2924.30126953125,2952.100361139553,2896.550085526712,2948.2527230018673,1234865
2021-07-08,2912.950927734375,2942.4815058823756,2903.8127864117587,2933.824319366213,907391
2021-07-09,2895.925048828125,2923.3873792113754,2892.4620804355186,2906.890724002706,547082
2021-07-12,2885.15185546875,2926.9470197375695,2877.1200503917835,2919.2996497622376,765566
2021-07-13,2879.813232421875,2906.02526977302,2871.6370005875724,2904.9670752462116,703484
2021-07-14,2887.6044921875,2893.1836148655657,2870.5305966962314,2888.6145442411416,470744
2021-07-15,2869.95361328125,2896.3098427225787,2857.929743127138,2895.34793311025,635535
2021-07-16,2875.4365234375,2891.500367399252,2852.0620723016573,2879.9574517609317,1062548
2021-07-19,2868.3662109375,2885.440105898122,2852.061890605316,2875.436340252042,837836
2021-07-20,3038.720703125,3058.391708345992,2866.0579222952765,2881.8812889462465,6755922
2021-07-22,2988.41259765625,3044.4438308785807,2972.3006121373824,3010.7769954660216,1982572
2021-07-23,2966.2890625,3010.39271655506,2960.8062241318066,2987.691553506283,815329
2021-07-26,2944.597900390625,3000.196327522645,2934.9788034764774,2962.633707104652,1136884
2021-07-27,2913.28759765625,2964.124617120839,2906.2177025603887,2962.1045128984642,904289
2021-07-28,2889.6728515625,2917.4719462999547,2870.3383738078023,2914.922979683296,996594
2021-07-29,2883.275634765625,2924.1567892381563,2876.398075655546,2889.672473958394,762683
2021-07-30,2845.76171875,2894.0495389551224,2839.461163216303,2893.4243915835955,1067423
2021-08-02,2860.767333984375,2873.031681560729,2847.877604254302,2871.877436992374,832285
2021-08-03,2911.700439453125,2948.2530052605975,2880.149756735274,2904.967072067538,2433031
2021-08-04,2903.62060546875,2936.998823838797,2897.271907750336,2924.78261807516,659295
2021-08-05,2874.570556640625,2924.205185970557,2866.538752379939,2918.4337283666678,693694
2021-08-06,2853.45654296875,2886.6905649516784,2848.6469952097505,2880.919107640879,744159
2021-08-09,2878.562744140625,2900.1575686203164,2859.8055061346226,2880.5826134826925,825462
2021-08-10,2863.748779296875,2893.712401182129,2847.7812224719887,2883.804686345526,724335
2021-08-11,2859.373046875,2887.124002549768,2840.086709216305,2873.609123451805,987941
2021-08-12,2862.162109375,2871.5407282848996,2845.3286908187697,2860.719244927323,438552
2021-08-13,2874.859375,2887.652820540259,2859.8537250984646,2867.3564326286187,572250
2021-08-16,2858.21826171875,2870.4826098491276,2847.2525855621966,2866.490778707887,461742
2021-08-17,2900.446533203125,2928.0532962222533,2859.853988482617,2860.7196133262096,2036757
2021-08-18,2887.2197265625,2931.90037927181,2878.5625404032326,2931.90037927181,1375320
2021-08-20,2994.37646484375,3005.053755420436,2887.171686086733,2887.171686086733,3931334
2021-08-23,2960.228759765625,3043.3378931484817,2934.7862968837944,3038.720679931453,1578949
2021-08-24,2929.9287109375,2974.994272891485,2918.963034641346,2974.994272891485,763704
2021-08-25,2922.330078125,2953.0630488804395,2897.849520990969,2910.739018212446,797870
2021-08-26,2923.86865234375,2967.0103952433356,2910.931014171447,2947.2912468878526,1319516
2021-08-27,2921.12744140625,2941.4717377464817,2905.4482662341893,2924.638317895762,634375
2021-08-30,2990.336669921875,2995.627173077346,2931.948800247014,2940.2692249095817,1051747
2021-08-31,3079.408935546875,3087.7293584173544,2984.8531889112173,2990.336025850452,2283290
2021-09-01,3176.947021484375,3206.044787709461,3092.539451690944,3107.016238549685,2423168
2021-09-02,3175.841064453125,3192.5781987959494,3142.2221335708264,3186.7585983167924,847517
2021-09-03,3211.623779296875,3217.539429326434,3161.315860877577,3175.840789592472,832039
2021-09-06,3189.259521484375,3220.1848221598507,3179.976952647904,3214.7019842357713,664394
2021-09-07,3209.1708984375,3265.2984174541875,3197.243313350942,3206.525647041261,1285818
2021-09-08,3209.50732421875,3233.506919220046,3171.415614170312,3217.5872700636014,702598
2021-09-09,3218.886474609375,3231.054537833825,3179.1114163562943,3179.1114163562943,591745
2021-09-13,3238.797607421875,3245.4828318470363,3203.4955737947425,3219.126604031113,610920
2021-09-14,3234.4208984375,3259.5268319127817,3228.9862033550444,3255.967578664588,569412
2021-09-15,3224.609375,3255.05371778822,3219.463065061085,3233.7956580099726,587855
2021-09-16,3214.798583984375,3242.597681084168,3207.968931004361,3222.3975768709474,516746
2021-09-17,3177.23583984375,3253.1785626935566,3159.9214654710463,3224.3212720723836,1545695
2021-09-20,3146.935546875,3188.7304739927235,3140.63499173039,3174.2536868635166,689288
2021-09-21,3183.1513671875,3207.968683128674,3146.406465521407,3146.935562797214,922057
2021-09-22,3191.135009765625,3203.110736986256,3162.999154743577,3201.716015073062,825945
2021-09-23,3194.1650390625,3212.7780838741237,3188.7303437253654,3212.7780838741237,694716
2021-09-24,3317.241455078125,3371.4930611846717,3194.357506842364,3203.158885519246,2775975
2021-09-27,3299.97509765625,3337.826334609124,3287.470272771547,3329.746387850878,902449
2021-09-28,3250.965576171875,3299.061052444031,3222.3969102344527,3294.4438397536655,961271
2021-09-29,3196.473876953125,3252.889783416454,3183.920909179806,3236.8259393927638,973387
2021-09-30,3121.059814453125,3220.1846433114156,3097.3488373212936,3203.062605875995,2077896
2021-10-01,3056.8046875,3129.0439616012036,3049.2536027805995,3124.282555782772,1512332
2021-10-04,3079.64990234375,3107.4489961455733,3056.9487416036627,3080.8041469078935,921241
2021-10-05,3130.775634765625,3135.8256607530343,3070.079038009033,3086.335453044673,909337
2021-10-06,3089.894287109375,3155.0636661899757,3078.7360411827012,3137.749292412104,786378
2021-10-07,3165.500244140625,3191.615995374248,3097.3488562703674,3097.3488562703674,1177283
2021-10-08,3180.93896484375,3202.197262293816,3139.7694192153263,3181.035249746365,882436
2021-10-11,3180.12109375,3216.9622762400077,3172.1371975694715,3199.695812058545,460197
2021-10-12,3196.666015625,3207.968453203754,3155.063426239374,3155.063426239374,564524
2021-10-13,3196.906494140625,3230.9579993895127,3166.0291026377477,3215.663730980024,770144
2021-10-14,3172.185546875,3225.234767730151,3164.6826049770248,3214.7019045085763,648597
2021-10-18,3118.030029296875,3158.8630456461246,3108.891887918402,3128.611035103528,1576121
2021-10-19,3062.47998046875,3144.5790665789405,3055.1214652648946,3136.691219235253,1042069
2021-10-20,3048.868896484375,3097.300906074432,3017.1737858943507,3068.4917592528263,1205540
2021-10-21,2887.65283203125,3073.7342108979296,2809.209051401396,3072.3394888433754,5103543
2021-10-22,2868.79931640625,2888.5666071655846,2801.225161840606,2861.6812787586027,2855592
2021-10-25,2806.90087890625,2837.633849391579,2748.4167173471487,2837.633849391579,2161537
2021-10-26,2856.67919921875,2908.814652975128,2787.6140424344976,2806.90037703242,1988263
2021-10-27,2976.7734375,3025.2056795979324,2913.816501406339,2913.816501406339,4609951
2021-10-28,3001.138427734375,3031.2817957850134,2948.845015478639,2988.329876887726,1791065
2021-10-29,2985.537353515625,3028.489040376605,2969.358142607186,3009.517091654519,1118903
2021-11-01,3006.435546875,3026.129780705915,2977.399583419192,3012.406382066386,750393
2021-11-02,2988.667724609375,3023.7706905020223,2966.1805152918005,3004.7023401657198,881916
2021-11-03,3053.479736328125,3065.277042218747,2980.6254474673174,2987.4631637043844,879227
2021-11-04,3042.501220703125,3072.1148671497886,3028.7778235693054,3061.5213676078924,263595
2021-11-08,3022.03662109375,3063.447575429961,2980.770029527583,3048.038848235092,787824
2021-11-09,3028.92236328125,3038.4084551998853,3004.7018637792844,3023.962773162485,668840
2021-11-10,2993.43408203125,3020.73627821603,2966.6613727248828,3016.258211126224,872975
2021-11-11,2950.289794921875,2991.8451128708357,2939.214772025971,2975.8104998559143,958143
2021-11-12,3007.494384765625,3012.406010351644,2962.1350875095027,2974.8472397622213,682344
2021-11-15,3051.602294921875,3062.484756331288,3010.4802982049073,3010.4802982049073,696377
2021-11-16,3035.230224609375,3090.4127745884907,3004.7981301937275,3048.038775809465,1400107
2021-11-17,3110.87744140625,3120.170735582535,3048.086927581817,3052.853955346432,1616452
2021-11-18,3107.603515625,3139.5283804152446,3095.2282867038634,3129.75356248069,1609821
2021-11-22,3140.732177734375,3186.0917154218923,3096.239522079253,3121.2305061056677,2146970
2021-11-23,3067.829833984375,3166.7827653809027,3054.34719612986,3140.732335931149,1482618
2021-11-24,3040.33447265625,3090.31643725023,3033.593154535061,3068.310989882888,1056213
2021-11-25,3028.0556640625,3056.0803807780217,2997.9604936714836,3039.8529708557785,728825
2021-11-26,3026.948486328125,3050.3023403298453,2976.7737203842307,2986.4041756426723,1029110
2021-11-29,3028.10400390625,3061.425237038655,2958.3793688370097,3015.2954517696294,876651
2021-11-30,3027.47802734375,3071.1522367682246,3000.9942749100323,3000.9942749100323,2340489
2021-12-01,3022.180908203125,3081.5046004656033,3008.6503080686853,3039.2749645069816,1741820
2021-12-02,3063.062744140625,3075.967460352672,3035.760308984568,3043.2239119331384,939320
2021-12-03,2995.504638671875,3069.659137473836,2991.219133492088,3067.2997231720224,1216263
2021-12-06,2926.021240234375,2999.886784337041,2916.342585768425,2999.886784337041,1107363
2021-12-07,2918.364990234375,2955.586604318905,2904.9785168725994,2927.6582851513426,2056459
2021-12-08,2993.627197265625,3007.591358230834,2918.9911645205434,2919.85781149855,1171484
2021-12-09,3061.232421875,3065.421763488928,2996.0342941277445,3035.9042803686366,1287243
2021-12-10,3161.822509765625,3170.3455558693618,3061.2324616160117,3066.336649419213,2554394
2021-12-13,3158.64501953125,3217.53516046206,3150.073773123965,3163.701008634041,1265832
2021-12-14,3175.642333984375,3182.865174774332,3128.934630209321,3153.0107661758434,863179
2021-12-15,3179.927978515625,3191.4845242859947,3145.788063242697,3157.0074490473535,811946
2021-12-16,3176.7021484375,3202.1264569353743,3149.7368730106755,3202.1264569353743,502930
2021-12-17,3123.830810546875,3171.5979639818743,3108.422081712171,3153.974183353473,1019403
2021-12-20,3119.73779296875,3153.9741085601872,3063.44782880304,3107.747923152282,948872
2021-12-21,3150.459228515625,3174.1982078368887,3120.26765576199,3127.0089747713528,712026
2021-12-22,3158.885498046875,3164.2302122392443,3121.230326624881,3154.6479569643006,619865
2021-12-23,3147.13623046875,3185.658049673942,3129.8978104218368,3168.419629627029,1051596
2021-12-24,3163.412109375,3178.05035489505,3140.491577973563,3158.7894436532615,651404
2021-12-27,3151.4697265625,3163.3634315023783,3106.9770753487683,3158.8853643635466,640701
2021-12-28,3243.729736328125,3250.2784926110166,3152.047853723217,3154.8887908634238,1211648
2021-12-29,3243.00732421875,3260.8718641782198,3222.5426085915237,3247.581790064836,598421
2021-12-30,3241.322265625,3264.724318827916,3226.4914586370305,3238.9628511203505,691223
2021-12-31,3257.9345703125,3279.169769588606,3237.1808937632063,3264.7240877842505,570671
2022-01-03,3295.9267578125,3313.743099198489,3257.9828599351554,3257.9828599351554,696276
2022-01-04,3331.463134765625,3344.1270882433846,3288.848374082082,3307.0980381307663,790886
2022-01-05,3396.46923828125,3409.181393062178,3324.4815803345273,3341.7682016739427,1024506
2022-01-06,3384.767822265625,3406.8217056108174,3324.5774776311478,3362.1362526830617,1312743
2022-01-07,3444.1396484375,3449.628960731541,3367.336770263759,3384.7677526402244,964364
2022-01-10,3422.18212890625,3457.333289087783,3396.6614235689726,3447.7028342435274,657511
2022-01-11,3407.97705078125,3432.2939481411163,3365.8920120771845,3419.3892332925934,734344
2022-01-12,3412.8408203125,3450.062436262153,3403.402927028216,3425.4565757733712,594543
2022-01-13,3328.52587890625,3428.4418456148283,3322.506844767179,3428.4418456148283,1153984
2022-01-14,3240.0703125,3334.0636510127074,3222.350368656418,3334.0636510127074,1558978
2022-01-17,3253.79345703125,3273.391526235733,3198.273980179132,3240.0700591939867,1103159
2022-01-18,3249.026611328125,3270.935896824021,3227.165525131751,3254.1789988877604,558543
2022-01-19,3159.17431640625,3245.4632859495296,3146.991885062782,3245.4632859495296,1495218
2022-01-20,3184.2138671875,3240.552034599865,3102.9329128656295,3160.7156486731833,3075678
2022-01-21,3153.829345703125,3202.0777795310087,3121.952448678546,3178.0980429399924,1441694
2022-01-24,3038.552978515625,3149.1588505399545,3019.1477053341764,3147.2327594998687,1575665
2022-01-25,3030.800537109375,3040.286394056803,2899.489191302726,2985.441000760093,2699779
2022-01-27,3001.764404296875,3026.85178475772,2957.7532751947656,3024.0590470597235,1834684
2022-01-28,2995.889892578125,3052.8539342438207,2988.329892100497,3014.332118038851,892060
2022-01-31,3035.760009765625,3075.437435151262,3020.495645385984,3023.962703041974,944530
2022-02-01,3078.13427734375,3093.639404434649,3025.50393314108,3075.967424899785,1008915
2022-02-02,3079.5302734375,3124.2636858957458,3074.1853243659016,3086.367989924556,667265
2022-02-03,3084.63427734375,3121.8079221577636,3072.3072497549556,3094.1203681541315,899753
2022-02-04,3117.041015625,3128.7421591160596,3058.6806014163803,3070.18894771929,705765
2022-02-07,3057.380615234375,3131.053598717143,3026.948517376669,3114.4892625264247,860393
2022-02-08,3097.491455078125,3104.377136282589,3049.194582694903,3061.5216119877,799206
2022-02-09,3109.047607421875,3138.5648538997993,3103.654459314384,3110.636538231467,472725
2022-02-10,3119.0634765625,3127.971647047472,3058.6323740833654,3101.0063742280972,728666
2022-02-11,3097.443359375,3110.5888367026428,3064.892373708295,3110.5888367026428,587840
2022-02-14,3027.284912109375,3065.0844427670836,3004.701545275157,3023.962452616665,681236
2022-02-15,3143.958251953125,3149.1586033056724,3017.077014648684,3023.9626955289946,676844
2022-02-16,3132.642578125,3163.7007948000705,3103.895576550432,3158.789168813347,624320
2022-02-17,3145.162353515625,3173.1868375039885,3116.8004744241657,3152.048035041245,636735
2022-02-18,3138.03564453125,3151.08495842128,3110.685245663272,3116.559682295808,423801
2022-02-21,3131.486572265625,3157.2962367626683,3085.741914430412,3115.451959935003,547472
2022-02-22,3107.89208984375,3117.1856196865506,3004.701861934034,3004.701861934034,1147209
2022-02-23,3117.570556640625,3175.064320638411,3110.636676706961,3117.2815959936997,935896
2022-02-24,2955.635009765625,3079.627125062874,2938.7335132392623,3014.332589362245,1823450
2022-02-25,3003.931396484375,3025.35915828806,2969.1173966350107,2990.256197772694,1239456
2022-02-28,3057.332275390625,3072.59664047755,2903.582156727727,2975.810568586626,1678348
2022-03-02,2917.016845703125,2996.2273442015426,2880.5657117813653,2992.1825998125673,3014206
2022-03-03,2765.770263671875,2938.2518059129993,2756.236207316619,2917.0648050181826,4406840
2022-03-04,2636.963134765625,2757.9699517677136,2563.6755079231357,2757.9699517677136,6979253
2022-03-07,2608.360595703125,2627.13998337252,2503.2924703777844,2551.974233395157,3233760
2022-03-08,2622.758056640625,2635.8073703683863,2540.5140638595303,2590.5924305466783,2611102
2022-03-09,2768.707763671875,2783.2016462582783,2566.56459628344,2648.3752689308876,4076068
2022-03-10,2805.1591796875,2927.6585290091743,2784.3573013550163,2889.136706259054,3971987
2022-03-11,2823.6494140625,2831.305578785655,2775.834298898383,2809.2037315212524,1265493
2022-03-14,2853.31103515625,2862.5081659981875,2809.492468273561,2840.984006679835,1214217
2022-03-15,2876.761474609375,2919.9541623846803,2856.3931548921378,2887.2106130703405,1857685
2022-03-16,2929.58447265625,2937.2888368183967,2899.489300147865,2930.547518176518,1287234
2022-03-17,3020.68896484375,3046.4022356961664,2962.8098294347064,2998.4425171282164,2867519
2022-03-21,2933.19580078125,3002.101752605382,2918.124232912146,3002.101752605382,1259015
2022-03-22,2938.396240234375,2949.5194629986895,2865.060418035273,2912.2496484499716,1515772
2022-03-23,2905.315673828125,2966.0837030206517,2893.951690051472,2946.9191918660576,948403
2022-03-24,2913.54931640625,2926.6465919725956,2841.5134778766296,2859.7631400646587,1243917
2022-03-25,2934.35107421875,2951.3007669579133,2880.4687322194877,2913.5494350772324,1083275
2022-03-28,2915.572021484375,2945.571029567012,2884.947127880691,2934.3514085381357,680332
2022-03-29,2930.162353515625,2973.595564808279,2901.367151786483,2955.5866608518845,1120936
2022-03-30,2967.672607421875,2979.9996355989233,2942.9703517739467,2964.2537492189253,849545
2022-03-31,2966.1318359375,3013.610024434276,2952.793797304718,2999.8866265439865,1464862
2022-04-01,2999.068115234375,3005.66507110077,2973.5474089273675,2995.0715703695596,637392
2022-04-04,3002.77587890625,3026.852016485678,2979.181264078411,3009.468998129625,873264
2022-04-05,3024.733642578125,3040.33493414585,2966.180423556927,2995.071791318845,805874
2022-04-06,3037.445556640625,3048.0390573137533,2997.9606904953284,3021.073782873063,736379
2022-04-07,3038.408447265625,3090.3647031674295,3029.2595153324955,3037.44540179898,1025244
2022-04-08,3087.76513671875,3101.007014498051,3034.749426295,3050.9286403508772,678898
2022-04-11,3040.767822265625,3102.9324533564163,3033.5931806557146,3066.3367260977125,672652
2022-04-12,3013.0322265625,3045.2462868144544,2999.06806673355,3038.1196090030435,794265
2022-04-13,2966.80615234375,3006.5317809168223,2952.7940278146257,3002.0055138970533,1121350
2022-04-18,2909.89013671875,2944.9930976774986,2901.65605078558,2943.067006704525,1032504
2022-04-19,2880.661376953125,2946.1484646872864,2860.2448613302936,2918.027585801613,749782
2022-04-20,2969.069091796875,2975.3288871574587,2869.875411467625,2880.757871964343,838182
2022-04-21,3041.538330078125,3057.0914202405675,2972.006494751907,2975.6179152340706,1069035
2022-04-22,3047.460693359375,3056.0319382757284,2998.201016430964,3006.146140781901,681191
2022-04-25,3014.91015625,3038.504769590562,2980.7220430422467,3018.184416706998,1096774
2022-04-26,3010.142822265625,3032.3410662150914,2991.0265117542403,3014.332163889041,1703441
2022-04-27,3032.00439453125,3047.0759625616156,2971.9102142490556,2981.5888685495456,963536
2022-04-28,3127.682861328125,3147.232732239365,3052.854272092652,3072.115182326675,2001838
2022-04-29,3117.570556640625,3156.86285642273,3102.2582286571796,3128.93453951112,1088970
2022-05-02,3081.745361328125,3092.820383720398,3037.493471054006,3076.9301342010494,595522
2022-05-04,2986.259765625,3076.6414457247065,2967.5765416480303,3060.5586327212122,1120002
2022-05-05,2962.857666015625,3011.3950649383237,2956.5496709967956,2990.0155019632903,724601
2022-05-06,2904.786376953125,2939.6003823758556,2892.8926693937665,2908.3977980599875,923941
2022-05-09,2894.1923828125,2926.5026051771442,2865.0602575050953,2889.9550768151953,998324
2022-05-10,2972.29541015625,3022.758897544553,2923.805977839988,2938.2516595486836,2460016
2022-05-11,2940.8037109375,2994.638093882652,2868.912460514481,2976.195632026425,1883969
2022-05-12,2927.60986328125,2964.2537883579143,2877.579700979028,2929.5841534063597,1254245
2022-05-13,2950.771484375,3001.0906129842015,2923.1321248707823,2960.787063773245,1121729
2022-05-16,2889.0400390625,2975.714132192235,2874.8833175416817,2975.714132192235,733044
2022-05-17,2937.288818359375,2943.6450128006154,2841.9473124519723,2888.0770985355143,1179081
2022-05-18,2985.537353515625,3013.1767114616755,2914.175590190904,2918.0277720682216,1379763
2022-05-19,2934.30322265625,2958.1867979395806,2889.5698064678763,2889.618005766299,772390
2022-05-20,2995.0234375,3009.5173199365227,2956.54981510564,2966.1802705294367,778957
2022-05-23,3056.89892578125,3070.1890004732522,3014.380561744942,3027.7667999141495,813294
2022-05-24,2972.777099609375,3065.999716036441,2956.5496888657453,3057.4287051226465,691307
2022-05-25,2733.171142578125,2926.6950756293545,2721.855358722039,2926.6950756293545,3381427
2022-05-26,2735.193603515625,2754.3101508829773,2618.0874108988523,2744.67969580996,3212196
2022-05-27,2730.089599609375,2762.9775090242074,2678.2295059589824,2762.0144635348297,1879534
2022-05-30,2738.9013671875,2777.4231866978726,2712.8991390179986,2773.5710047468356,2525482
2022-05-31,2753.97314453125,2771.6451246234355,2707.1210720349122,2738.9015755486625,2408221
2022-06-01,2747.087158203125,2831.2572368557885,2727.392925687739,2753.9728391534923,1770795
2022-06-02,2801.06591796875,2811.1296959958017,2742.7534683782264,2764.1330305532574,1164197
2022-06-03,2780.2158203125,2811.5629967873156,2750.457809904013,2797.6470370347192,1228489
2022-06-06,2713.332763671875,2765.866947884691,2703.943069123868,2765.0003008969115,1193698
2022-06-07,2643.270751953125,2700.3793931325918,2630.0770765496104,2696.5272114020177,1403598
2022-06-08,2605.230712890625,2672.4513377060007,2600.222923173406,2669.4658025245717,1743575
2022-06-09,2602.421630859375,2612.882506314885,2551.037608200646,2595.8351362041694,1857501
2022-06-10,2623.682373046875,2650.0765935048453,2568.714592827065,2581.3063310271978,1592920
2022-06-13,2577.18994140625,2598.741186805588,2559.5130772022985,2586.1009708609467,1674206
2022-06-14,2552.635986328125,2582.6142003624773,2503.818877275467,2534.8139272069234,2296040
2022-06-15,2577.577392578125,2599.322547124097,2544.596910453874,2566.7776491343634,928842
2022-06-16,2573.993408203125,2639.857885417692,2557.091468330253,2610.3157301964525,1280628
2022-06-17,2499.16943359375,2573.5575965896387,2479.6038567066144,2566.87438390899,2043251
2022-06-20,2577.14111328125,2589.393984026617,2507.063394839954,2518.3474339449895,1595360
2022-06-21,2594.23681640625,2624.8927571541262,2557.0910992202557,2590.943451136841,1042074
2022-06-22,2582.6142578125,2622.907681735638,2543.870444536327,2603.5842521588406,1871760
2022-06-23,2671.57958984375,2681.0233943039416,2590.944028683655,2590.944028683655,1612872
2022-06-24,2674.194580078125,2697.344148860873,2640.390699823834,2687.8518679424574,2215583
2022-06-27,2732.35888671875,2738.8484279874456,2678.1660265326113,2692.598002031955,1295734
2022-06-28,2640.87548828125,2697.3446501795793,2619.3727166359736,2692.695344735696,1838358
2022-06-29,2613.076416015625,2633.610588832463,2593.8981820129957,2621.5031477289667,1066354
2022-06-30,2610.55810546875,2641.3110074241667,2595.8355036383314,2629.5911457283896,1291447
2022-07-01,2686.059814453125,2692.694786484021,2600.6782380250347,2619.9531888496954,1477191
2022-07-04,2702.67138671875,2710.129522885897,2658.6003026260737,2687.9970267247004,653147
2022-07-05,2679.7158203125,2723.9805777114925,2673.322996817683,2697.5378790352343,1073043
2022-07-06,2771.53857421875,2778.8999932936836,2717.055087072438,2741.657550263476,2085735
2022-07-07,2800.596435546875,2839.9215004356092,2786.455085648432,2810.282388822576,1469087
2022-07-08,2789.36083984375,2797.3032741446195,2751.2949966093465,2789.554511612363,1274148
2022-07-11,2840.9384765625,2848.202941273128,2761.80428827608,2783.742877112794,1081885
2022-07-12,2802.339599609375,2831.4459328122152,2794.7845097162317,2828.2979983961923,1115524
2022-07-13,2848.832275390625,2875.710793327017,2834.158152079595,2856.387365564733,2153712
2022-07-14,2846.84716796875,2862.054305422442,2820.937240175534,2859.3906679857564,882479
2022-07-15,2884.622314453125,2891.2572875751466,2848.106314933222,2857.307971292339,1668006
2022-07-18,2923.0751953125,2930.0005565841398,2894.5498767481577,2900.7005510182985,823390
2022-07-19,2924.286376953125,2928.0638043077624,2884.622207362035,2889.7558101191294,638171
2022-07-20,2912.033203125,2949.0819722143087,2905.7858109261997,2937.749454846388,867436
2022-07-21,2969.809814453125,2988.0676919485463,2887.3822689781286,2887.3822689781286,1184060
2022-07-22,2971.0693359375,2995.6233230951434,2952.2786803957633,2969.8103511384234,1268141
2022-07-25,3007.439697265625,3019.304988774623,2955.8135244664786,2973.103043826111,985844
2022-07-26,3010.87841796875,3050.881450195759,2957.1213801057083,2998.7709770086058,2876310
2022-07-27,3085.993408203125,3092.7250989094996,2998.7713455132507,3021.000562553027,1976407
2022-07-28,3169.630859375,3176.992277534272,3082.06994729087,3097.567470595915,1332572
2022-07-29,3229.05419921875,3249.007354626693,3172.149232078412,3182.22252741686,1836550
2022-08-01,3220.143310546875,3249.6369879265117,3210.408881216818,3235.156536571573,1076122
2022-08-02,3289.494873046875,3297.8248873163902,3221.1606629892353,3226.3909830827215,1650536
2022-08-03,3331.628662109375,3339.7165272912407,3265.3768395100337,3297.0983349476173,1169005
2022-08-04,3351.824462890625,3367.757810311878,3303.7820352975073,3346.497188061583,981434
2022-08-05,3364.802734375,3382.285924840995,3343.1547737727046,3365.8682836728744,792478
2022-08-08,3349.83837890625,3367.7573920146415,3328.6262363565115,3356.1827254366162,724644
2022-08-10,3304.50830078125,3341.508833108703,3289.349877824132,3332.936669491413,1089295
2022-08-11,3298.2607421875,3368.726051841802,3283.5381405922226,3341.6538598947395,1410533
2022-08-12,3320.19970703125,3326.9313975040973,3276.758110445559,3292.2556362413407,548472
2022-08-16,3391.052001953125,3399.236584597453,3346.7872459089813,3361.025548922406,911189
2022-08-17,3413.0390625,3434.299681113302,3394.539034960715,3407.469639767838,817912
2022-08-18,3424.323486328125,3431.4425198946483,3405.1452521052847,3414.2984303899357,599877
2022-08-19,3373.181640625,3427.374500868413,3355.2141503485045,3409.45548765206,581829
2022-08-22,3244.55224609375,3376.0875408007983,3228.5219458927636,3353.374027330988,2336567
2022-08-23,3251.18701171875,3277.6779507449683,3212.685349335418,3228.3280685193886,831446
2022-08-24,3272.738037109375,3278.694803092826,3198.3014002400328,3234.7206749169395,1182154
2022-08-25,3256.90185546875,3298.212352443894,3245.956680748986,3269.009297310641,615392
2022-08-26,3219.1748046875,3278.2106381417357,3201.8368077516534,3273.2224671715267,1384783
2022-08-29,3238.255859375,3243.195789418741,3135.051994891528,3145.028572613662,1031166
2022-08-30,3285.088134765625,3302.6680460522803,3226.3911610529058,3226.3911610529058,1426459
2022-09-01,3338.312255859375,3365.287493705322,3210.893493897352,3210.893493897352,1417762
2022-09-02,3323.298828125,3379.4288763838913,3317.4387794826102,3379.4288763838913,740821
2022-09-05,3317.2451171875,3341.6536706173183,3298.5996583007222,3317.4872660042115,518438
2022-09-06,3288.622802734375,3326.6886408095525,3277.7261069002648,3312.5955335694166,540937
2022-09-07,3293.56298828125,3327.1247194646344,3279.6150746474577,3285.4751232675517,682921
2022-09-08,3341.798828125,3375.21536445926,3319.76328604951,3341.653633425971,1143090
2022-09-09,3333.759521484375,3374.295089179623,3325.623179828119,3374.295089179623,702805
2022-09-12,3324.412841796875,3345.189164314842,3315.5018120623627,3333.7599286083305,641280
2022-09-13,3314.7265625,3350.370914405888,3307.413621188611,3324.2188430878887,776044
2022-09-14,3330.950927734375,3340.201060610869,3273.8522792126246,3273.8522792126246,816678
2022-09-15,3288.768310546875,3350.128915964255,3282.666349477552,3331.967754511612,590182
2022-09-16,3218.206298828125,3312.5958616858566,3205.614560172594,3305.2344429593936,1598265
2022-09-19,3212.104248046875,3237.142531799326,3129.822122443994,3216.3659728894986,1013563
2022-09-20,3286.637451171875,3302.9098991426945,3229.296657988781,3230.8465050235095,708184
2022-09-21,3250.654296875,3317.341941252631,3242.8570574320615,3298.0669894134317,605378
2022-09-22,3328.09375,3331.9681315483117,3211.52320057577,3250.6545960978106,829396
2022-09-23,3288.622802734375,3329.981769850043,3276.466885864748,3327.12446134823,513370
2022-09-26,3330.0791015625,3359.0884833556106,3248.6686197158933,3264.166144437257,1429914
2022-09-27,3361.655029296875,3390.0833946384378,3323.298799058751,3346.3514134369825,1455383
2022-09-28,3458.5146484375,3470.3799406397825,3312.5958638208563,3342.622317557244,1843428
2022-09-29,3278.50146484375,3451.5409230330033,3266.4907410707533,3451.5409230330033,2624894
2022-09-30,3237.4814453125,3304.750344348063,3182.0778391861613,3295.1613450761192,2159720
2022-10-03,3199.17333984375,3247.215761584391,3182.562024944344,3242.8570827097815,934543
2022-10-04,3232.928955078125,3262.5680657787793,3208.036103220542,3225.4223415205324,994382
2022-10-06,3224.405517578125,3261.0184699486535,3207.69724740463,3232.9292041497342,922770
2022-10-07,3238.692138671875,3254.0929462128233,3184.014979908067,3213.799286131254,774544
2022-10-10,3175.0068359375,3195.3958137808686,3157.8142697978788,3176.9925035469078,734377
2022-10-11,3195.105224609375,3254.4801629725844,3171.1809683250717,3187.162790553955,1411316
2022-10-12,3146.19091796875,3234.6237080528454,3105.316247347633,3230.265029602108,1812549
2022-10-13,3108.22216796875,3155.8770071383983,3093.5962850539327,3128.659622403609,779890
2022-10-14,3085.4599609375,3144.0599696132867,3080.1326874215197,3133.4054225813256,845765
2022-10-17,3097.180419921875,3116.9396694145466,3070.5440492230246,3085.460322224996,1067773
2022-10-18,3124.543212890625,3147.9346945701236,3111.1280735259193,3116.939645269741,1015424
2022-10-19,3111.8544921875,3143.7696594341137,3095.969624152379,3140.185904185472,943543
2022-10-20,3042.2607421875,3140.0406223696755,3004.388809596746,3097.5676258436956,2284352
2022-10-21,2995.2841796875,3065.3621481754585,2976.1544214359906,3041.389413151415,1738731
2022-10-24,3023.615478515625,3059.792608216402,3018.143009560718,3051.0752503582357,178709
2022-10-25,2988.01953125,3036.546250123657,2983.1765547745235,3035.5776548285617,1016316
2022-10-27,2947.871337890625,3024.923141807405,2937.7495642337044,3024.923141807405,2005709
2022-10-28,2957.5087890625,2975.137412669272,2944.529706655443,2962.6423914378747,715736
2022-10-31,3014.447265625,3019.588276002014,2969.1971858968195,2989.518492334792,814364
2022-11-01,3064.595947265625,3069.4459125153426,3017.1633818492714,3017.1633818492714,939335
2022-11-02,3037.92138671875,3065.12974135668,3028.4156435040504,3063.2383021176215,787012
2022-11-03,3047.0390625,3054.2654629971094,3011.828269188098,3011.828269188098,563798
2022-11-04,3085.887451171875,3089.4278310404343,3032.101147675779,3053.5380885762283,609757
2022-11-07,3010.422119140625,3102.037919654919,3004.5050665317176,3090.3980025079964,1669943
2022-11-09,2993.8837890625,3051.598380168678,2987.578833731573,3051.598380168678,1391333
2022-11-10,2953.7744140625,2993.398727196023,2942.4740890956373,2993.398727196023,1375007
2022-11-11,2963.717041015625,3005.0388448410126,2956.5391862735337,2997.957847327213,810288
2022-11-14,2961.58251953125,2985.5898457891535,2949.7971995487014,2964.2985472385167,811702
2022-11-15,2986.899658203125,3002.1285017862388,2950.7188699301255,2976.423685858182,873840
2022-11-16,2990.537353515625,3000.1887377532757,2959.449026474376,2986.899879294295,770953
2022-11-17,2979.4306640625,3003.6319426225145,2968.178650270235,2999.218427005087,706271
2022-11-18,3002.613525390625,3021.3829858785225,2964.056301150833,3002.128528859307,1258576
2022-11-21,3002.419921875,3017.01836652138,2974.1930257572194,3011.828808309347,612194
2022-11-22,3010.713134765625,3025.8934318359334,2980.109805538785,3010.8585390026406,764079
2022-11-23,3007.754150390625,3021.334051526586,2997.2781792942333,3017.6480309981744,488341
2022-11-24,3021.81982421875,3026.6212431336676,2999.21893558827,3024.390211439589,571872
2022-11-25,3014.883544921875,3026.18410507349,2982.970871041213,3021.8191367230515,898769
2022-11-28,3056.642333984375,3064.208327835805,3003.777707878946,3014.8840819638376,914689
2022-11-29,3040.9765625,3073.9077770591684,3033.3134758107517,3062.267861210412,877720
2022-11-30,3079.873046875,3103.928919604204,3039.2789836582374,3045.6807950943185,2547283
2022-12-01,3083.94775390625,3101.068037932158,3066.390783519873,3095.2480791496764,761717
2022-12-02,3049.124755859375,3079.049137651833,3039.958368448281,3077.9335035005515,932259
2022-12-05,3062.1708984375,3073.616863542317,3019.1033026770015,3036.078180684021,926122
2022-12-06,3066.826904296875,3073.9079007527457,3031.22820758988,3031.22820758988,958365
2022-12-07,3129.682861328125,3137.636757700772,3081.0861103640364,3084.578180388482,1832282
2022-12-08,3124.7841796875,3143.6504978481967,3106.5482623068474,3133.077667936157,851312
2022-12-09,3130.119140625,3145.0571762340323,3109.7978328419554,3137.927632328049,847879
2022-12-12,3071.337158203125,3133.0771124580456,3047.6206420022822,3130.167133715824,1323816
2022-12-13,3083.122802734375,3089.4277573411937,3048.3484583693476,3089.4277573411937,886601
2022-12-14,3051.549560546875,3099.127766579845,3031.2282536970315,3083.607877920916,1103870
2022-12-15,3036.660400390625,3066.342046250861,3023.1773546255877,3047.7182266653713,799124
2022-12-16,2964.201416015625,3023.4680810829077,2958.7695974839494,3021.528095147019,1192821
2022-12-19,2988.5,2995.3384982738316,2949.74882553456,2970.1186793116817,655594
2022-12-20,2989.6640625,2995.9690174898506,2927.439101441437,2982.7772537537617,739257
2022-12-21,2977.5390625,3019.0548122815458,2958.527340864418,2992.4285504998456,616324
2022-12-22,2995.871826171875,3000.6732439965185,2946.887181328874,2981.7583811363497,663202
2022-12-23,2966.141845703125,2994.2233357780187,2944.8990912529807,2986.5602480960024,1230858
2022-12-26,2964.34716796875,2979.7214149971255,2937.9148586032265,2966.1415129377738,536884
2022-12-27,3019.20068359375,3035.1084760545946,2964.590023510487,2968.1789506957684,729041
2022-12-28,3029.967041015625,3049.4639947472997,3011.8282195522747,3016.629637466883,972274
2022-12-29,3021.674072265625,3031.2285995372604,2999.752369122612,3007.948763892814,596265
2022-12-30,2995.2412109375,3036.805504616605,2979.139469651201,3036.805504616605,836220
2023-01-02,2955.8115234375,2995.241648886434,2930.349204136414,2995.241648886434,1015990
2023-01-03,2937.38134765625,2968.1300788686267,2934.2288703575186,2955.5687166873918,860367
2023-01-04,2926.32373046875,2958.478906480512,2911.4827889191993,2943.929010219132,836382
2023-01-05,2914.198974609375,2955.181184629871,2905.5173465852013,2948.3426856540373,1113920
2023-01-06,2889.027099609375,2932.7738792884247,2863.419378752912,2919.6789735929083,1045526
2023-01-09,2894.604248046875,2927.099010536323,2862.4490778018435,2903.479825263395,808263
2023-01-10,2871.51904296875,2895.429277114177,2863.6134574599964,2894.6046882892815,864325
2023-01-11,2852.16748046875,2885.6322408225165,2846.9296127044795,2885.6322408225165,890426
2023-01-12,2828.451171875,2851.634147736622,2809.099857992448,2850.8095589225845,1558620
2023-01-13,2821.85546875,2837.229954855194,2785.5778197796253,2837.229954855194,1507864
2023-01-16,2828.54833984375,2841.691793308479,2809.0999314224437,2837.229730459478,644073
2023-01-17,2852.65234375,2856.484005585037,2823.795051749368,2837.2295496419288,716489
2023-01-18,2856.871826171875,2871.179222636024,2841.4490325058896,2859.490759856611,893808
2023-01-19,2780.1455078125,2884.371451322064,2758.2723538114697,2866.232391689925,2379947
2023-01-20,2704.146484375,2762.540014567168,2697.5504847300895,2762.540014567168,3171005
2023-01-23,2700.897216796875,2715.9806567356186,2684.7954735636313,2715.9806567356186,1402260
2023-01-24,2726.2626953125,2742.2675814256713,2700.8972337170353,2711.1307082614317,1061471
2023-01-25,2691.730712890625,2726.6504626794763,2684.0678625239552,2726.5533686486237,857953
2023-01-27,2640.95166015625,2689.6455039870666,2605.2561029716053,2683.583047017565,1801498
2023-01-30,2683.194580078125,2692.7005588086163,2615.34361732267,2642.2609229807895,1171912
2023-01-31,2644.0556640625,2696.532146256415,2636.4896708695137,2677.1808321694366,1961805
2023-02-01,2661.41845703125,2694.6407193194764,2623.637274726268,2667.2869624042296,1176872
2023-02-02,2624.46142578125,2658.750772535264,2613.1611022291136,2658.750772535264,1308570
2023-02-03,2677.568603515625,2680.9635790423044,2618.981120581098,2624.461486348286,1278409
2023-02-06,2671.554443359375,2682.0304142208947,2636.440747143722,2677.5683520789603,1120284
2023-02-07,2675.289306640625,2691.2456445191115,2665.686233616233,2679.1207317216745,732250
2023-02-08,2682.613037109375,2700.460815589971,2661.952136523705,2684.940925845201,811956
2023-02-09,2730.142578125,2735.720038254164,2683.146224628361,2698.47216243318,946372
2023-02-10,2720.442626953125,2746.001801959138,2709.190612747159,2745.0803559163837,700072
2023-02-13,2707.00830078125,2744.110537636892,2696.5808747368537,2730.0456373909624,467228
2023-02-14,2693.670654296875,2720.587960979172,2682.0307378937196,2720.587960979172,524746
2023-02-15,2702.546142578125,2714.3317006651055,2671.360959580514,2693.6708005646656,817717
2023-02-16,2721.752197265625,2749.3001444641236,2706.3779481224874,2713.0708060464776,788964
2023-02-17,2748.572509765625,2760.4549250974424,2701.91574749195,2718.842079520043,840526
2023-02-20,2740.76416015625,2766.4204313094806,2727.717799804921,2759.630479339226,646218
2023-02-21,2732.567626953125,2753.5193355959354,2720.83061584516,2751.8703947068516,631934
2023-02-22,2712.052001953125,2729.5118767318904,2696.580660275994,2725.6319045588316,580270
2023-02-23,2624.75244140625,2721.3638363710115,2619.0781245954913,2720.830292872216,1790570
2023-02-24,2656.326171875,2679.121010304455,2628.6813678222566,2630.718448109929,1429040
2023-02-27,2667.383544921875,2675.8709833185144,2643.2793619642325,2658.168611805524,561317
2023-02-28,2743.916748046875,2753.8106310950466,2645.607844775194,2667.4812382921377,1815923
2023-03-01,2755.653076171875,2767.681131710354,2731.5488917103744,2743.1402609380316,816598
2023-03-02,2748.86328125,2763.510271412294,2726.6505345524597,2746.0503960576357,604523
2023-03-03,2743.964599609375,2766.4198412527176,2726.310538800408,2751.9184942865063,679295
2023-03-06,2778.593505859375,2797.4598224166866,2745.3226984725475,2757.6901092685994,1050267
2023-03-08,2773.74365234375,2783.88003227603,2742.1703314440197,2783.88003227603,580250
2023-03-09,2767.924072265625,2786.2568485497554,2751.725233603841,2776.1204672325566,774224
2023-03-10,2745.2744140625,2758.6603661557356,2722.7706215890116,2758.6603661557356,489978
2023-03-13,2700.65478515625,2763.946835950689,2689.014867768767,2738.775561963202,813217
2023-03-14,2663.213134765625,2703.3222071310624,2657.8296257286497,2699.4422347533823,1060450
2023-03-15,2742.557861328125,2780.3392746563254,2682.2243496380224,2689.0143000137664,2170346
2023-03-16,2806.43212890625,2812.979581380152,2743.819036033627,2764.479933425322,1755487
2023-03-17,2776.75048828125,2836.2111091471825,2769.3786832473547,2836.2111091471825,1848073
2023-03-20,2769.475830078125,2827.5300144663897,2746.099137398992,2827.5300144663897,1074367
2023-03-21,2753.9072265625,2800.3697966300324,2749.9301605286255,2772.3854037978917,691891
2023-03-22,2754.634765625,2767.5354833066995,2730.384940186164,2740.230274588451,731807
2023-03-23,2713.8466796875,2738.2904578784132,2684.6983403446607,2732.567593446849,1016581
2023-03-24,2714.525390625,2731.160675727322,2689.645165083045,2713.8464428929105,784111
2023-03-27,2719.61767578125,2735.380060883861,2702.8852977492475,2714.525212901945,791560
2023-03-28,2700.897216796875,2726.262678233434,2682.0308985264232,2707.2507189103967,558581
2023-03-29,2687.365478515625,2709.917814691582,2672.330587731654,2700.896832858262,1087648
2023-03-31,2678.78125,2691.7307521280145,2665.055942872692,2673.34943093138,1967803
2023-04-03,2693.670654296875,2698.1810271772156,2627.371535724687,2664.5223162743655,1035295
2023-04-05,2724.2255859375,2727.1841122169863,2669.6634747717585,2677.1809211990385,668643
2023-04-06,2725.53515625,2740.230456716771,2703.176768346412,2723.2070307643125,627554
2023-04-10,2693.04052734375,2725.680701516805,2672.428173284237,2725.680701516805,1215461
2023-04-11,2671.1669921875,2706.280694335287,2667.5295181359743,2706.280694335287,1246379
2023-04-12,2703.1279296875,2721.9942457344196,2668.4506807465013,2672.864196156476,2235399
2023-04-13,2725.43798828125,2728.881510991963,2698.5206809852966,2703.0796009841915,602597
2023-04-17,2757.787353515625,2760.2123361567474,2721.800516395488,2740.2303844680164,754555
2023-04-18,2768.942138671875,2772.6764696683185,2745.177309947473,2762.540090085544,717724
2023-04-19,2725.389404296875,2767.0991051266333,2716.6109198988333,2751.2398609697243,799624
2023-04-20,2758.514404296875,2765.4497588082836,2728.735432805356,2735.3799788984074,761101
2023-04-21,2795.616943359375,2800.369814373166,2761.667188076015,2761.667188076015,894930
2023-04-24,2804.34716796875,2811.040025684968,2766.4203427375874,2795.6172300007843,782967
2023-04-25,2811.039794921875,2814.6772687765874,2778.205436200788,2804.2983907407483,636120
2023-04-26,2822.6796875,2828.936095114508,2801.3883880792205,2810.0212312291987,569221
2023-04-27,2812.93115234375,2832.379559352242,2807.014337133922,2828.01459085324,599461
2023-04-28,2815.259521484375,2832.331257670373,2761.182407062687,2832.331257670373,1080665
2023-05-02,2812.543212890625,2845.6683786716435,2806.189711462674,2823.60103821683,663800
2023-05-03,2841.78857421875,2873.5072994010247,2810.069849036475,2830.4397029645957,1237193
2023-05-04,2893.34375,2896.5445374872093,2834.464984731441,2859.5393988125807,1008540
2023-05-05,2922.54052734375,2934.22899101802,2862.498051972439,2881.8493660543927,1326561
2023-05-08,2928.845458984375,2944.6078460012636,2903.1891902490584,2924.5290372873073,941879
2023-05-09,2943.735107421875,2982.5348314242337,2920.4067260025126,2925.5477367957697,1025850
2023-05-10,2950.13671875,2965.2687048056064,2928.3118754859743,2951.640255315574,751851
2023-05-11,3045.535888671875,3061.4436810625443,2940.5341337714112,2960.4675396858997,3229605
2023-05-12,3037.145263671875,3084.3353297422705,2993.398483397955,3044.808113864608,1998170
2023-05-15,3038.018310546875,3072.938061242816,3027.3969337398025,3040.152247948684,810281
2023-05-16,3043.935302734375,3070.7069689821324,3028.65791210752,3038.0182503688834,822404
2023-05-17,2999.655029296875,3053.4896448135755,2983.262241099658,3041.898274961661,835371
2023-05-18,3015.757080078125,3031.22842258405,3000.431141810596,3012.458961465521,498067
2023-05-19,2991.895263671875,3034.0899648438876,2975.9874710593526,3030.258539341789,633262
2023-05-22,2992.33154296875,3012.4105890772307,2954.598907069228,2977.8787408741073,659425
2023-05-23,3026.960693359375,3034.0900008635485,2992.42884278161,2994.368829065423,581204
2023-05-24,3008.43359375,3039.1337805789035,3005.038617906658,3021.528500574319,439465
2023-05-25,3029.821533203125,3035.1079474296707,2993.3982504851274,3008.433141244207,500313
2023-05-26,3034.526123046875,3042.8196108784127,3018.375833702333,3029.2882553715385,568249
2023-05-29,3043.256103515625,3060.3280759393006,3022.546893965369,3052.7620827784735,535712
2023-05-30,3050.0458984375,3060.32791897674,3033.7016584550797,3052.470880940651,506026
2023-05-31,3097.139404296875,3122.7473640852704,3042.3347944474317,3057.369687414978,2349066
2023-06-01,3143.45654296875,3152.3804319871597,3110.767823369563,3138.2672220532068,1104861
2023-06-02,3140.110107421875,3152.428972210992,3122.407733660056,3142.195497824093,781973
2023-06-05,3103.7353515625,3142.7290259380716,3099.1278844416556,3142.7290259380716,492565
2023-06-06,3116.34521484375,3141.7104387290747,3099.1278379661603,3111.495249526119,577698
2023-06-07,3128.03369140625,3132.35011319364,3110.040272641359,3120.4676981168814,470038
2023-06-08,3115.8603515625,3149.567611961534,3097.1879842910926,3123.3777981263133,561161
2023-06-09,3105.656494140625,3162.632362691954,3093.9390624519083,3134.2177338818715,1239045
2023-06-12,3119.521728515625,3126.942863120058,3076.9483027376846,3110.1965591509734,1029156
2023-06-13,3186.018310546875,3194.952756057517,3129.6768074788038,3134.412697721464,1598821
2023-06-14,3193.195068359375,3212.431135837882,3176.400132245951,3188.1175627983494,741615
2023-06-15,3216.776611328125,3226.199283248471,3196.271107409173,3198.858611356535,806994
2023-06-16,3238.746826171875,3243.775461587959,3209.160265403185,3214.237771126479,984671
2023-06-19,3231.764892578125,3266.184844278896,3225.4668214346284,3240.6995762674064,516915
2023-06-20,3240.55322265625,3248.511454446905,3199.932937196432,3236.940395684816,866290
2023-06-21,3238.0146484375,3254.5166024602095,3222.293665802187,3240.553282230049,742456
2023-06-22,3171.56689453125,3248.511406590384,3166.0986646500282,3246.7048739354054,871640
2023-06-23,3220.047607421875,3226.3456788493872,3176.4490953248237,3188.117655912372,1260659
2023-06-26,3230.25146484375,3237.2821140410206,3194.3668329989523,3217.4112089416953,592801
2023-06-27,3247.68115234375,3265.7455243576883,3196.271021401316,3197.8820727377574,914141
2023-06-28,3269.4072265625,3276.242394362377,3245.2400261272214,3252.563420198518,713110
2023-06-30,3282.882080078125,3368.370541651741,3265.012952168103,3274.04513753111,1436363
2023-07-03,3279.611328125,3300.3609460533116,3258.61759704459,3285.763027236214,474224
2023-07-04,3268.87060546875,3307.2452436625863,3252.5638933097357,3279.6115850023457,473663
2023-07-05,3294.94140625,3319.9386870148064,3262.083873130798,3272.4343655705393,632406
2023-07-06,3319.352783203125,3329.703275839557,3288.497024913674,3329.703275839557,693995
2023-07-07,3264.96435546875,3333.60901765834,3258.56854356496,3305.2918936067604,620761
2023-07-10,3264.427490234375,3292.647114065557,3216.3860688757154,3266.234022943078,548838
2023-07-11,3312.6640625,3319.889715830779,3266.2336972420253,3271.0670895640824,772158
2023-07-12,3326.530029296875,3333.999796631629,3283.0778868433017,3327.7505950961327,1025127
2023-07-13,3318.523193359375,3344.3503182114446,3304.6576134410548,3344.3503182114446,750126
2023-07-14,3348.98828125,3358.020467736351,3307.244932894161,3318.5230080230353,832843
2023-07-17,3378.916259765625,3391.2196570742717,3344.3499353525426,3348.9880848979224,817694
2023-07-18,3430.71728515625,3440.0424550160933,3374.2296461808846,3378.5259421957658,962485
2023-07-19,3431.888916015625,3446.8775582616454,3400.496061372856,3437.1130326008474,620289
2023-07-20,3442.9716796875,3451.7597526078594,3412.652780433913,3427.397309245877,589848
2023-07-21,3434.8671875,3454.6403522134096,3422.4662874321607,3452.68744705653,857975
2023-07-24,3460.254638671875,3483.9824818403313,3416.119033833632,3423.44242750342,680246
2023-07-25,3320.329345703125,3464.3561050715302,3271.1162297230953,3464.3561050715302,2555630
2023-07-26,3293.574462890625,3332.632565029856,3285.762842462779,3319.7923093082786,959076
2023-07-27,3290.05908203125,3333.6089605278203,3272.092450711402,3310.174099645375,874078
2023-07-28,3310.857666015625,3318.9622699872634,3285.2746564790077,3295.527408416303,553750
2023-07-31,3297.822265625,3308.2213904004634,3244.8983442859517,3244.9472145940294,933890
2023-08-01,3264.23193359375,3305.291810109647,3259.398541254358,3292.59792723478,698667
2023-08-02,3283.712158203125,3292.549101386755,3252.2215637229724,3262.5231857196327,857218
2023-08-03,3257.787353515625,3300.360538955042,3239.820484702385,3290.644884378323,711067
2023-08-04,3261.009765625,3293.8675379990586,3244.7519255138054,3259.5450867540185,519248
2023-08-07,3264.28076171875,3271.1159293322803,3237.916543780848,3237.9654140850043,360358
2023-08-08,3269.212158203125,3280.83184872634,3254.1746452058355,3264.2810249202744,500258
2023-08-09,3252.563232421875,3277.902126767352,3225.2225628007964,3254.0767814542432,643222
2023-08-10,3161.655517578125,3241.8223647869268,3153.9416380306548,3232.0578395917855,1253219
2023-08-11,3110.343017578125,3172.445252571656,3105.118901428154,3161.6554049370916,919023
2023-08-14,3127.187255859375,3134.3151692712677,3078.022771090537,3110.343448166041,815534
2023-08-16,3118.83837890625,3133.289924620688,3102.0920742956014,3119.6682205557104,597686
2023-08-17,3108.292724609375,3148.083167875795,3087.543106955107,3147.9854272595467,873392
2023-08-18,3089.056640625,3110.489727310002,3080.707923297145,3100.139234493098,592652
2023-08-21,3107.365234375,3112.442740343641,3077.9250447136383,3085.492552552905,353330
2023-08-22,3104.826171875,3123.281268380358,3096.331082241616,3123.281268380358,377068
2023-08-23,3094.182861328125,3120.7423227798195,3090.7164071272914,3110.977797364363,370811
2023-08-24,3149.645263671875,3156.773176173,3096.233121474482,3110.001197012608,1167742
2023-08-25,3182.5517578125,3188.1174895186123,3140.466558689115,3148.961647965995,1363431
2023-08-28,3182.9423828125,3194.952797056801,3154.967112143622,3188.0687587857724,707315
2023-08-29,3208.329833984375,3211.5521748147066,3178.401661126385,3184.2115056463235,533163
2023-08-30,3217.1181640625,3225.076395368306,3199.2490347455036,3223.5628462396903,599080
2023-08-31,3179.42724609375,3224.2463228198635,3144.17721365232,3222.3422880241046,1601967
2023-09-01,3182.7958984375,3187.3363073547193,3141.345536131423,3164.7803969000015,650131
2023-09-04,3159.361083984375,3189.3381294786245,3140.369129636435,3182.7959450965027,696213
2023-09-05,3147.39990234375,3172.348315450918,3144.177560891813,3168.5888773583642,597022
2023-09-06,3149.352294921875,3153.9415739920637,3119.765736502986,3133.436071498617,754106
2023-09-07,3169.90673828125,3177.1323915830953,3125.8686342083392,3149.3523650269303,923108
2023-09-08,3161.802490234375,3186.2138060151383,3155.8949041370793,3174.0081481247566,395918
2023-09-11,3182.6494140625,3188.1176438159405,3165.659234686456,3165.659234686456,359345
2023-09-12,3180.15966796875,3202.569206912888,3166.6357044324695,3183.235398226904,554905
2023-09-13,3200.5673828125,3207.3048101287986,3149.35249365048,3168.588561429811,880907
2023-09-14,3163.950439453125,3216.6300079181287,3147.3507457656924,3204.7173342443193,1102554
2023-09-15,3121.376953125,3163.7062665855474,3110.0013762577064,3158.824003828471,1568607
2023-09-18,3130.800048828125,3153.8441873721954,3114.8838236184333,3124.648349711281,673602
2023-09-20,3138.660400390625,3151.988882557756,3119.765947884768,3130.7999095571995,901084
2023-09-21,3167.807373046875,3184.407066700882,3105.656262457834,3134.412742903633,845739
2023-09-22,3197.73583984375,3206.2797999531476,3145.30014537325,3158.775238709849,896521
2023-09-25,3244.995849609375,3256.273923937232,3194.1225777644117,3195.2456412017814,1422084
2023-09-26,3215.26318359375,3246.6071691613743,3183.57734425787,3244.752004569629,834560
2023-09-27,3224.051025390625,3231.0814359591527,3194.659708751862,3210.575932739104,516326
2023-09-28,3095.696533203125,3211.5525364949926,3080.707890739344,3204.522125595426,2104381
2023-09-29,3086.615478515625,3119.765995958652,3060.202388524074,3119.765995958652,1550585
2023-10-03,3092.27880859375,3151.79354297701,3087.5429184380614,3091.5464691918432,1219145
2023-10-04,3095.257080078125,3113.9074205689963,3077.144074601012,3090.423687263589,892584
2023-10-05,3130.7509765625,3155.9923702409533,3099.5533653866805,3134.412673611111,1002610
2023-10-06,3120.498291015625,3141.247908064544,3114.8836887553293,3139.0508897887757,814257
2023-10-09,3078.559814453125,3088.519583325493,3058.933021775894,3066.110043764728,700012
2023-10-10,3077.290283203125,3090.3746523220498,3066.1099489228263,3075.8256043439133,847367
2023-10-11,3089.398193359375,3110.0014379596973,3077.8273734305817,3094.37819682709,1025317
2023-10-12,3084.71142578125,3113.419036136459,3075.8744822970257,3110.9779046983717,992531
2023-10-13,3074.65380859375,3097.307459865237,3054.587661199063,3075.8255039645323,854688
2023-10-16,3038.76904296875,3054.343412627814,3023.194673309686,3050.437602637241,853011
2023-10-17,3040.23388671875,3063.131651352875,3018.9960437423633,3063.131651352875,792640
2023-10-18,3023.536865234375,3041.845353056595,3017.2387931018848,3036.7678467789196,481985
2023-10-19,3028.760498046875,3037.646073013756,3003.665715763756,3014.992422049846,568124
2023-10-20,3032.715087890625,3041.747273501952,2992.38755202333,3019.6793516786697,711434
2023-10-23,2999.662109375,3035.6931116211535,2991.8504892985025,3023.1458399083153,374476
2023-10-25,2988.725830078125,3034.8143399433216,2980.1330004848833,3020.5580382278263,669290
2023-10-26,2890.5927734375,2983.0627899855417,2870.770737334695,2979.254720078433,1834111
2023-10-27,2885.563720703125,2904.6045458433605,2861.982486463068,2863.740148769746,1708185
2023-10-30,2897.232666015625,2921.497370603125,2869.8919926381013,2903.970093741242,878885
2023-10-31,2925.158935546875,2941.8074996534338,2896.1583417051147,2899.087699434419,1152306
2023-11-01,2865.44873046875,2938.047830781237,2861.005823917087,2927.3557235886283,1029990
2023-11-02,2885.807861328125,2892.2525437167365,2864.91187146013,2891.3249614435217,900125
2023-11-03,2912.805419921875,2917.744922576785,2877.73838990581,2892.410747434222,715997
2023-11-06,2963.13134765625,2967.777593876334,2918.6741552698677,2932.5149826970683,620959
2023-11-07,2967.093017578125,2972.5705542061946,2936.6232797784105,2963.1314334510357,757998
2023-11-08,3027.640869140625,3031.260002774998,2979.6622139543315,2991.2045158975952,783400
2023-11-09,3012.919189453125,3043.437640555619,3006.9036193347965,3032.286746109202,849702
2023-11-10,3009.25146484375,3017.6147560946674,2973.695596334632,3002.942399095828,364232
2023-11-13,3018.20166015625,3030.3307127409025,2998.0515282604474,3030.3307127409025,405941
2023-11-15,3048.133056640625,3050.725316197309,3011.452165999754,3018.29926558605,700017
2023-11-16,3061.92529296875,3072.2936151982453,3029.939602776051,3050.872069706152,675454
2023-11-17,3099.681884765625,3157.735603164267,3076.9397325860946,3081.194811420256,1430175
2023-11-20,3071.755859375,3102.6165259877116,3063.5881517614184,3099.6820545779783,406431
2023-11-21,3064.810546875,3087.9438653576262,3058.697065372417,3087.9438653576262,409069
2023-11-22,3064.566162109375,3088.041932262782,3053.02386068904,3071.413261737452,489889
2023-11-23,3054.735595703125,3102.127258319834,3047.10592274133,3079.2384782423283,792460
2023-11-24,3067.647216796875,3071.2176334071673,3043.0466618712767,3049.893761399756,756329
2023-11-28,3079.580810546875,3090.9762445328433,3067.6471036197872,3072.5378888168325,647883
2023-11-29,3079.580810546875,3100.7578149269343,3073.3694178234787,3079.580810546875,620725
2023-11-30,3051.75244140625,3085.058740612571,3040.4549172047955,3079.581203777178,1793116
2023-12-01,3104.08349609375,3120.9079884496264,3071.6576853138495,3078.2112898065866,960196
2023-12-04,3124.77197265625,3134.4556329223124,3097.3346168252097,3120.3213098602305,1018189
2023-12-05,3155.779296875,3176.711762980092,3110.53953167377,3127.168202126114,1005550
2023-12-06,3181.504638671875,3217.158414014845,3162.3326657043112,3193.6826457155576,1229158
2023-12-07,3180.771240234375,3227.869408109207,3175.9294104503642,3212.2678504461137,1071725
2023-12-08,3161.40380859375,3198.3781954533615,3157.2955964555467,3183.9014223306485,895852
2023-12-11,3162.382080078125,3174.119965930565,3115.9196152455515,3159.4476086150153,910426
2023-12-12,3154.312255859375,3185.9067794297016,3139.8844379590955,3157.4912665831653,1019030
2023-12-13,3172.79931640625,3183.852539866441,3120.614776193559,3169.2291383630422,1052079
2023-12-14,3170.549560546875,3187.4227702501344,3147.709497106557,3183.901309223693,923107
2023-12-15,3241.514404296875,3253.692650058986,3171.185011139897,3179.010267182192,1631687
2023-12-18,3259.268310546875,3262.9363995567774,3224.0057004367723,3240.6343706149955,911936
2023-12-19,3263.18115234375,3280.641113888615,3228.0651679731486,3263.083241107261,780448
2023-12-20,3225.130615234375,3286.558929418643,3210.9473371590725,3263.1810700452647,979762
2023-12-21,3230.8037109375,3247.481336042303,3200.383170622548,3208.3550548851667,1585879
2023-12-22,3268.31640625,3277.608898814463,3215.202427304176,3237.6021296469366,930563
2023-12-26,3309.44775390625,3317.8108056457036,3272.1309191272035,3276.777165119288,600190
2023-12-27,3330.0869140625,3335.46677814922,3280.738935792259,3307.19813328943,837182
2023-12-28,3323.044189453125,3345.248307737787,3299.3728355266408,3330.624906935872,779250
2023-12-29,3328.081787109375,3348.1829642761095,3309.9858798589926,3335.515876962421,615676
2024-01-01,3321.919677734375,3337.2766976211897,3315.121294321405,3328.668866719107,283951
2024-01-02,3317.273193359375,3324.6580884553578,3271.9355160222794,3321.8215283741883,552394
2024-01-03,3299.9111328125,3324.756229471918,3291.4988856054733,3317.273422625129,379131
2024-01-04,3306.122314453125,3326.9571101592537,3290.3251715112897,3298.346012629769,777127
2024-01-05,3282.25537109375,3306.562433717071,3274.8702366277066,3306.1223107479223,416956
2024-01-08,3226.353271484375,3302.7474362420935,3222.8810048382024,3281.7170586679176,545884
2024-01-09,3196.12841796875,3242.5908815811495,3190.9930930431688,3237.7000959377388,670704
2024-01-10,3215.0556640625,3221.07123452548,3187.0313206960373,3220.0930774545645,691087
2024-01-11,3216.376220703125,3236.917520392243,3199.258470962193,3215.0558518649887,537469
2024-01-12,3206.203369140625,3222.978667772591,3173.1416116156056,3222.978667772591,673004
2024-01-15,3202.388427734375,3215.3979648998206,3187.4228151807442,3210.507179409645,728116
2024-01-16,3224.88623046875,3247.4817562841276,3202.3886158920827,3203.415728666945,748215
2024-01-17,3171.478759765625,3232.1734545616678,3123.304523400637,3222.147344455249,2239241
2024-01-18,3094.742431640625,3186.786871325584,2982.009826037471,3186.786871325584,1979174
2024-01-19,3096.698974609375,3131.6191378443286,3079.8257634135707,3108.387905038511,936201
2024-01-23,2987.976318359375,3041.0902943889855,2955.550507398448,3020.108873249099,2365225
2024-01-24,2933.933349609375,2988.2700258274895,2911.093523956935,2988.2700258274895,2665932
2024-01-25,2884.781005859375,2950.1219509428993,2878.0318170783207,2944.301963688527,2001961
2024-01-29,2911.044189453125,2923.1732407376535,2875.830537430849,2875.830537430849,1862723
2024-01-30,2889.573974609375,2939.3620753035084,2886.5905477031474,2924.6897188544062,1273188
2024-01-31,2893.2421875,2906.985104248966,2883.6561997815697,2901.214072655244,1771244
2024-02-01,2865.364501953125,2907.914334400495,2856.1696822314952,2896.3230776244395,3006472
2024-02-02,2872.16259765625,2897.6436366056314,2860.180173777147,2885.563301498243,1881911
2024-02-05,2853.626708984375,2900.235799239899,2848.3934729802986,2885.563442751333,923435
2024-02-06,2866.929443359375,2882.628912241233,2839.2475502579864,2866.978398974908,1471312
2024-02-07,2916.032958984375,2937.3568316418027,2871.918216819435,2892.410560414191,1134012
2024-02-08,2865.609130859375,2934.2267557857144,2856.023143533934,2934.2267557857144,1633654
2024-02-09,2887.17724609375,2894.3667961460246,2846.9751334401203,2866.0002408610517,1144765
2024-02-12,2889.28076171875,2900.1871188872456,2856.2679564861496,2887.177580471039,614469
2024-02-13,2906.691650390625,2916.1307706113394,2881.357238943606,2900.186762577742,717118
2024-02-14,2911.38671875,2915.6907533070084,2871.9182227537485,2905.02869755232,750339
2024-02-15,2950.659912109375,2958.43621346237,2902.632301928919,2914.908221563188,1068730
2024-02-16,2942.198486328125,2968.706637826596,2934.4711411795015,2968.706637826596,1179473
2024-02-19,2932.61279296875,2952.7626852289955,2922.2442325535267,2942.198541162289,560700
2024-02-20,2945.86669921875,2951.1978463958626,2907.180777425901,2932.612861719657,729371
2024-02-21,2936.232177734375,2960.637150841215,2918.331854145458,2946.2582885119823,927130
2024-02-22,2951.490966796875,2961.076953582356,2868.0543620534536,2917.8424600320245,2615821
2024-02-23,2920.728271484375,2939.362212808015,2901.409667922658,2933.4932699538226,1650523
2024-02-26,2805.79443359375,2866.0000454500155,2785.5955868170518,2856.2184753290253,3524491
2024-02-27,2797.089111328125,2807.3108049993866,2787.845574731776,2792.638448875696,1296180
2024-02-28,2733.3134765625,2796.94240693498,2724.656690423565,2787.894453466512,2472196
2024-02-29,2760.26123046875,2776.009654192213,2716.0975360388397,2724.1673315452126,2284424
2024-03-01,2769.896240234375,2783.7860226524867,2753.5610651789943,2771.0210253243686,978174
2024-03-04,2769.896240234375,2798.4583784760994,2766.2281512784716,2797.5291770355125,971299
2024-03-05,2758.79443359375,2772.9289959866005,2743.730908443107,2772.097466854819,736381
2024-03-06,2765.543701171875,2776.988091830309,2717.07596762298,2766.179407783163,1723066
2024-03-07,2807.848876953125,2830.786612907053,2763.2937738294486,2763.2937738294486,1564364
2024-03-11,2814.01123046875,2833.2808767678416,2790.7800003194693,2832.3027197089245,866546
2024-03-12,2813.32666015625,2836.5578930361016,2802.8604261572236,2817.092660798882,663186
2024-03-13,2797.676025390625,2824.184179189315,2773.07546904553,2815.7232155212046,955841
2024-03-14,2829.074951171875,2834.748310271269,2778.9443984023846,2797.5293838193666,1381741
2024-03-15,2804.91455078125,2833.6722751352618,2787.74784523585,2831.764916476416,1356226
2024-03-18,2784.32421875,2803.3982824301775,2755.713123229734,2803.3982824301775,940424
2024-03-19,2753.6103515625,2777.966369632241,2739.818239908418,2777.966369632241,1199135
2024-03-20,2763.19580078125,2775.080552420289,2736.443348305445,2753.6100525788056,818910
2024-03-21,2759.52783203125,2783.248141920194,2744.7088473557455,2782.85697459982,1167680
2024-03-22,2779.433349609375,2792.7850982608375,2746.6650873493313,2759.527757459599,1652689
2024-03-26,2753.169921875,2782.025557749175,2748.621586658671,2758.4031581414415,1372390
2024-03-27,2768.673583984375,2780.7539193104612,2756.153125738786,2756.3976650060517,1156231
2024-03-28,2784.56884765625,2805.3546869511288,2757.424986929997,2773.124456841355,1864623
2024-04-01,2808.2890625,2823.401542086254,2790.0465279236687,2798.4585357840074,558086
2024-04-02,2811.4189453125,2829.2213558606977,2793.6165347643023,2811.272317278151,562473
2024-04-03,2806.67529296875,2821.543233776419,2782.8570710205126,2782.8570710205126,816676
2024-04-04,2854.555908203125,2878.9608800481737,2788.9704269896733,2807.310872585835,1831347
2024-04-05,2820.467041015625,2863.7994482884924,2817.092446783659,2860.131359165076,1155672
2024-04-08,2828.830322265625,2845.4100372849616,2811.027910876014,2844.4808358051305,570695
2024-04-09,2794.741455078125,2852.746218710642,2782.856941868869,2829.808482540119,1017670
2024-04-10,2833.4765625,2835.775327194423,2795.572975101407,2820.320397345162,740495
2024-04-12,2792.149169921875,2829.8082146029024,2782.8566783772058,2826.873743588796,1766311
2024-04-15,2782.27001953125,2791.1713448557684,2750.9202748485886,2768.3802361742187,884519
2024-04-16,2768.1845703125,2779.384421254131,2758.402999392668,2765.885805623186,911249
2024-04-18,2746.37158203125,2796.7466715829582,2738.9377315180564,2792.638459614104,1732434
2024-04-19,2747.203125,2760.457201244808,2705.729121369217,2729.058263337025,1337807
2024-04-22,2779.77587890625,2784.422125179301,2752.5830634834483,2784.422125179301,676040
2024-04-23,2812.10400390625,2815.0874310908584,2781.8790423239943,2789.7042998270153,929062
2024-04-24,2805.10986328125,2820.1246694316737,2797.5291461893034,2819.977802590332,718441
2024-04-25,2798.94775390625,2807.2131341354066,2767.2555574885973,2802.420259581098,1594152
2024-04-26,2782.025634765625,2815.331934348078,2775.0808621053397,2807.3110932717395,625507
2024-04-29,2805.55029296875,2811.1746965874654,2776.9881519187666,2782.025565723674,566219
2024-04-30,2813.081787109375,2848.3933524204294,2792.6384001237384,2792.6384001237384,1290649
2024-05-02,2910.408447265625,2922.7333218568474,2812.2994843018064,2812.2994843018064,2493406
2024-05-03,2865.756103515625,2931.537176290239,2845.7038805880475,2917.8919308889094,1594445
2024-05-06,2868.103271484375,2894.366885382836,2847.610927813452,2885.5634714022863,768806
2024-05-07,2849.37158203125,2903.1212659664184,2840.56816828656,2882.628922844522,629534
2024-05-08,2781.194091796875,2841.546336272128,2759.381141006428,2836.655550839646,1652877
2024-05-09,2650.90380859375,2791.6115724435085,2644.741370738688,2766.22844196289,3547959
2024-05-10,2710.7177734375,2731.6015223527634,2611.7772815783496,2640.0459253072845,2478584
2024-05-13,2816.358642578125,2831.764615876937,2693.9423851903925,2710.7176828148404,2748823
2024-05-14,2803.544921875,2824.9177503779893,2779.922523052024,2816.114336335953,999330
2024-05-15,2752.240478515625,2811.4679364012663,2744.85534493346,2803.5447686732446,1230520
2024-05-16,2752.5830078125,2775.6186550514135,2725.683687828349,2759.4301074448294,1534319
2024-05-17,2748.523681640625,2776.205576761091,2725.243732505265,2753.1212112942494,1325150
2024-05-21,2789.50830078125,2804.327284447823,2739.8178752746026,2753.5120738657647,921822
2024-05-22,2822.716796875,2831.7647498754654,2774.640471860543,2789.5084117321644,933846
2024-05-23,2840.32373046875,2857.441480028183,2814.4515224676425,2821.9832845122146,1181894
2024-05-24,2811.95751953125,2846.6331458517193,2804.376800937853,2846.6331458517193,755822
2024-05-27,2809.560791015625,2834.9928765653954,2793.1766589787535,2824.8198990607502,817091
2024-05-28,2847.611083984375,2857.1970719393844,2801.4421136714814,2813.03337157139,1084544
2024-05-29,2836.80224609375,2857.8815795687715,2818.168544200798,2832.7429896117637,1758297
2024-05-30,2820.71142578125,2847.268532864804,2812.2015072426466,2812.446046504146,1344426
2024-05-31,2818.26611328125,2842.5244564731543,2793.2254354766064,2820.711505965759,2520363
2024-06-03,2803.838134765625,2885.5632013309964,2797.578025377409,2885.5632013309964,952701
2024-06-04,2795.230712890625,2833.7212926617103,2715.119737005779,2817.0926209408785,2683847
2024-06-05,2897.05712890625,2961.175382053096,2801.9313398335285,2801.9313398335285,2410576
2024-06-06,2841.350830078125,2897.056829911193,2819.2933394147162,2895.3450549631575,1689408
2024-06-07,2863.750244140625,2878.8140054515397,2825.7489874047133,2841.350544027415,1600180
2024-06-10,2873.385498046875,2887.4219094460077,2851.3280072106486,2864.0440497813993,876867
2024-06-11,2866.521484375,2884.200050873693,2859.1637536816243,2878.9161803046404,855430
2024-06-12,2869.830078125,2881.8790099979356,2830.1769374801534,2872.9904181233705,1701770
2024-06-13,2873.97802734375,2892.7428323332797,2869.0399207675578,2892.7428323332797,726380
2024-06-14,2885.4345703125,2895.063878267109,2869.1388183893164,2873.978066452442,982815
2024-06-18,2882.372802734375,2891.7552052102965,2869.039915005434,2885.434525252859,741098
2024-06-19,2855.904541015625,2883.8542727733934,2846.9665197889826,2881.879030120809,1018294
2024-06-20,2879.409912109375,2888.298503846293,2836.843337455186,2849.287462334264,1129752
2024-06-21,2855.0654296875,2891.755468366399,2844.448499603846,2888.792604157007,1722379
2024-06-24,2860.200439453125,2864.0520657059005,2835.855432074636,2847.311934501979,892125
2024-06-25,2823.066162109375,2859.1143409045812,2820.6465380577783,2840.398964794878,1217792
2024-06-26,2827.905517578125,2838.2755411246258,2808.8443784546707,2824.7943658430872,960622
2024-06-27,2845.18896484375,2867.0646805472766,2809.782644215295,2825.3376799433763,1628022
2024-06-28,2880.94091796875,2895.7058089825305,2826.7697902721397,2829.5351782861358,1206712
2024-07-01,2891.5576171875,2902.618927243877,2852.2502422185494,2853.5341980997528,1104110
2024-07-02,2889.385009765625,2899.6561749734506,2875.9532634614056,2891.5577284305323,1064295
2024-07-03,2889.335205078125,2912.4454443523664,2879.903374540695,2893.433736547185,925189
2024-07-04,2898.569580078125,2931.7043220383803,2886.8169833670927,2903.6065450219817,968666
2024-07-05,2899.55712890625,2910.420962646803,2877.039557320606,2900.7916554676763,817429
2024-07-08,2862.2744140625,2899.557116052303,2854.9166840127095,2899.557116052303,828260
2024-07-09,2869.03955078125,2877.1379962981464,2854.2252329631024,2872.9406062496714,685431
2024-07-10,2959.35791015625,2977.18452353163,2858.5219162131198,2864.151309616269,2299950
2024-07-11,2984.64111328125,2992.492654696111,2936.1982384196494,2961.876393212421,1968980
2024-07-12,2962.024169921875,3014.220049333641,2934.1238696618243,2987.554275633769,1879930
2024-07-15,2919.90234375,2961.876248573059,2896.248862079289,2961.876248573059,2425341
2024-07-16,2937.630126953125,2978.6164108946396,2905.0880533485583,2922.3714260949805,2085611
2024-07-18,2895.26123046875,2921.2849066951944,2806.8196960449063,2839.4111984972224,5384611
2024-07-19,2909.581787109375,2943.111482113108,2881.13824536727,2888.7923104633696,2164746
2024-07-22,2897.977294921875,2936.5439557903474,2881.039444569403,2900.643824269007,1616347
2024-07-23,2861.23779296875,2910.8163344952764,2850.2750999829605,2897.977257468326,1906312
2024-07-24,2876.743408203125,2890.767582621459,2850.4725848347434,2865.089428488163,1476148
2024-07-25,2865.484375,2872.6940587932722,2849.5343872763465,2856.2502604141687,1239922
2024-07-26,2913.630859375,2927.753892080251,2864.7930346887024,2866.274466627327,1359780
2024-07-29,2918.12451171875,2928.395917574862,2899.6560422347507,2916.495033074284,854408
2024-07-30,2967.851318359375,2995.257808349979,2933.235144940341,2936.6918193535703,2144591
2024-07-31,3046.2685546875,3059.6508718957643,2967.8515177493164,2967.8515177493164,3549501
2024-08-01,3060.984130859375,3090.217576269626,3024.8865246129462,3049.774532809849,1675122
2024-08-02,3068.242919921875,3090.316351528131,3022.121055308025,3031.997267907071,1348780
2024-08-05,3055.107666015625,3106.0690220941988,3017.4794387497395,3031.9479945038343,2019141
2024-08-06,3063.354248046875,3096.192654993779,3047.8486424640614,3063.3048187601025,885743
2024-08-07,3063.05810546875,3079.8970972577013,3022.1706791242677,3063.35444008949,1907105
2024-08-08,2968.197021484375,3051.4535470627166,2953.3827016703813,3041.873668473365,1280109
2024-08-09,3002.961181640625,3014.9606830308703,2929.284542091413,3001.3808912393138,1665414
2024-08-12,3015.4052734375,3045.8240573834432,2966.5180195981743,2982.6162948437086,1736881
2024-08-13,2986.12255859375,3021.9238322624224,2975.7031052057896,3017.0843430126656,502260
2024-08-14,2988.393798828125,2997.2329606235367,2956.9873954527534,2997.2329606235367,454671
2024-08-16,3010.417724609375,3016.1954055762885,2965.826720021478,3016.1954055762885,514229
2024-08-19,3038.219482421875,3049.626556769483,3000.7393019527194,3016.1460497087305,542858
2024-08-20,3064.786376953125,3067.8975287263365,3039.8983683598403,3057.675551800541,668282
2024-08-21,3112.537841796875,3131.352075093809,3045.8734064979935,3062.613538693796,1186536
2024-08-22,3147.154052734375,3159.0546962085327,3116.982174546277,3127.796579288546,1540888
2024-08-23,3115.599609375,3159.0057607979666,3109.7727398311304,3150.5121207022803,779284
2024-08-26,3132.093017578125,3138.117363051259,3102.6124242774163,3115.945312301528,472874
2024-08-27,3127.006591796875,3163.992962203956,3111.0071745514506,3114.9576598524686,1003501
2024-08-28,3086.810302734375,3126.315153833199,3080.193288399017,3113.9204585772477,538366
2024-08-29,3077.280029296875,3105.032044104919,3054.416450748841,3086.8104787204284,849866
2024-08-30,3088.09423828125,3127.5496598326604,3072.1934393713022,3091.3040074118903,1567031
2024-09-02,3111.9453125,3144.586244956045,3100.7359553242773,3109.0318778648334,702358
2024-09-03,3115.796875,3135.252964639435,3108.5377626493682,3125.7717045633194,577471
2024-09-04,3191.646240234375,3211.744429900857,3116.4389755695433,3116.4389755695433,2379110
2024-09-05,3198.164794921875,3216.6826949928345,3177.1778415081208,3199.8931322618314,1482119
2024-09-06,3233.17578125,3245.2247128105173,3185.4244363664393,3197.917749285465,2131256
2024-09-09,3240.138427734375,3272.976834416435,3217.670044215071,3233.175649672831,1272289
2024-09-10,3254.26171875,3269.02660944206,3230.4105189072975,3249.2741827989057,928920
2024-09-11,3325.765380859375,3341.0735113886444,3273.9646906146745,3273.9646906146745,2561892
2024-09-12,3341.369873046875,3350.9991810383644,3298.951585041396,3328.2838903917736,1643536
2024-09-13,3316.481689453125,3327.987380924414,3279.791414208738,3314.0126362516917,1029400
2024-09-16,3294.507080078125,3352.875352453206,3289.371497698773,3318.4074665839935,1019280
2024-09-17,3271.791748046875,3308.432352006389,3260.9279142210917,3294.5070369553314,586834
2024-09-18,3234.114013671875,3283.6927961343977,3211.300106171357,3271.791911171832,410510
2024-09-19,3253.076416015625,3278.9026157738035,3234.459658632291,3253.2244627587074,963456
2024-09-20,3266.01416015625,3283.643296540617,3225.6205460477695,3263.100725589241,1504277
2024-09-23,3236.87939453125,3283.7419771817767,3232.682003989302,3275.8904360387696,522775
2024-09-24,3208.18896484375,3256.9281729075446,3200.979522180285,3236.8794121040514,1057933
2024-09-25,3204.584228515625,3211.744482974902,3167.0546189359675,3211.744482974902,740636
2024-09-26,3236.484375,3245.175490517643,3187.1527401177077,3209.769171060249,951080
2024-09-27,3269.767333984375,3296.6305860655552,3236.484543227397,3250.2123833328615,1315996
2024-09-30,3287.89013671875,3316.432295584759,3264.2364139016154,3269.7671895792855,1088162
2024-10-01,3236.78076171875,3287.7418760917067,3203.892924228257,3275.9398497887296,968660
2024-10-03,3110.315673828125,3185.9673174659683,3087.7978609380666,3152.7833878918823,1741363
2024-10-04,3034.46630859375,3117.673399398965,3016.738555274968,3096.1926370842657,1551818
2024-10-07,3024.343017578125,3060.1937153366634,3000.393203494928,3036.93518786929,909812
2024-10-08,3049.823974609375,3060.638379517566,3007.9486872175567,3020.145906603652,817718
2024-10-09,3040.738037109375,3107.747999872523,3033.7258291987055,3057.231265144363,1225598
2024-10-10,3021.232177734375,3056.6876831693094,3005.3313796071757,3051.7990063423754,1161933
2024-10-11,2999.603271484375,3026.0715697305172,2988.5419614897337,3021.33093941325,976017
2024-10-14,3001.529296875,3017.183191550243,2979.851056701144,2999.4060074429094,716011
2024-10-15,3029.13330078125,3058.46560434547,3009.9238741398385,3036.935412385191,1242322
2024-10-16,3043.94775390625,3065.1321829066833,3028.1458128532854,3049.7746232221366,764001
2024-10-17,3018.0224609375,3046.8115236192875,2999.405704126994,3044.737422569113,674481
2024-10-18,2955.111083984375,3031.0098801013005,2943.7042504486785,3019.158424069624,899318
2024-10-21,3011.454833984375,3019.158328384519,2963.4071539594397,2969.8266924398126,806970
2024-10-22,2969.629150390625,3020.096453266473,2958.1726470636954,3016.195397423429,541838
2024-10-23,2952.69140625,2989.0359189767014,2935.2599864344043,2962.814524759668,624689
2024-10-24,2935.21044921875,2965.13542227802,2914.470402303005,2952.6912976811823,571259
2024-10-25,2921.3837890625,2978.2214427833383,2915.458061295639,2938.6671617158445,1047769
2024-10-28,2964.691162109375,2984.295300681413,2926.3714065892823,2950.9136517716806,504961
2024-10-29,2955.802734375,2990.5175293264856,2904.6933281191723,2982.616558311092,613459
2024-10-30,2959.55517578125,2968.7895310828058,2926.8650564873174,2968.7895310828058,812725
2024-10-31,2899.310302734375,2959.407153832425,2882.866504934707,2957.135576673701,1031171
2024-11-01,2903.45849609375,2929.0377906189747,2893.730330106582,2921.3837257526516,112249
2024-11-04,2879.21240234375,2925.482315227811,2849.781239602585,2925.482315227811,1146008
2024-11-05,2851.55908203125,2882.6691535738464,2837.139714329192,2859.16371796241,935417
2024-11-06,2861.43505859375,2871.854510869286,2824.596738224679,2854.7191859574946,1817087
2024-11-07,2807.6591796875,2868.990314918351,2790.0300438480103,2864.1016379324706,1112489
2024-11-08,2735.16796875,2811.7580546043882,2728.2051898326013,2807.6595223455683,2060410
2024-11-11,2511.619873046875,2566.5809030073137,2474.979025660925,2533.2981127773905,8854840
2024-11-12,2444.214599609375,2503.6199226278895,2439.424539996405,2503.6199226278895,3445898
2024-11-13,2439.91845703125,2467.078043175091,2420.758699980807,2439.424646374089,1803766
2024-11-14,2452.41162109375,2470.7814728705644,2435.6714890575636,2452.0660983258376,1206967
2024-11-18,2452.954833984375,2488.8055333431303,2440.2146163920293,2488.8055333431303,945471
2024-11-19,2457.15966796875,2476.4512951650154,2445.931096545383,2461.4137674004382,941508
2024-11-21,2402.202880859375,2439.599001298191,2399.0866381277056,2428.469217925434,1377572
2024-11-22,2445.782470703125,2467.3000541463966,2397.0587472741076,2404.033460558628,3805843
2024-11-25,2433.416015625,2481.150424327154,2423.869230497281,2478.231995832031,1857124
2024-11-26,2478.23193359375,2491.0930174806635,2431.338539726482,2433.6137690349015,1152258
2024-11-27,2465.271728515625,2490.746566790457,2453.498987245981,2490.5982662869988,864653
2024-11-28,2431.78369140625,2479.2212565278724,2427.0844492001415,2473.2853716359464,1506133
2024-11-29,2453.103515625,2464.876257650071,2428.8158044146467,2431.7837469283736,1030854
2024-12-02,2452.55908203125,2459.434766479135,2435.0482713807705,2453.103253073548,914624
2024-12-03,2443.01220703125,2467.3494311525187,2437.1753502984084,2467.3494311525187,1341985
2024-12-04,2433.16845703125,2452.6086235526477,2426.9852440534055,2452.4105675119513,1005012
2024-12-05,2425.99609375,2440.5389633492928,2397.998455189916,2438.6593630898437,3190834
2024-12-06,2403.736328125,2441.627105005792,2401.065228463962,2441.627105005792,1735948
2024-12-09,2366.291259765625,2412.9373275623257,2361.492989295314,2412.0963138817847,2301281
2024-12-10,2363.37255859375,2378.954256998665,2359.56384390273,2374.25501462258,1657888
2024-12-11,2391.468994140625,2402.0546065799094,2367.08225694307,2374.1064835832526,1337700
2024-12-12,2364.015869140625,2389.1938680147946,2355.260341583008,2387.2152395526705,1089028
2024-12-13,2381.922119140625,2386.2257323103627,2328.8455115499974,2364.015677925852,1150861
2024-12-16,2376.579833984375,2394.090645522552,2360.6517801119544,2394.090645522552,987775
2024-12-17,2330.82421875,2374.2550148381038,2325.382990735091,2362.4822726549237,1258218
2024-12-18,2320.38671875,2347.345528105256,2315.9843192900817,2331.6155304519593,855682
2024-12-19,2267.359619140625,2300.155284978255,2241.142795462378,2300.155284978255,2784409
2024-12-20,2257.961181640625,2293.2301334566187,2251.678940356887,2272.4545369067528,1719502
2024-12-23,2254.8447265625,2277.94530821083,2241.835342309323,2275.4225088620415,855647
2024-12-24,2259.593505859375,2270.4759614480145,2252.816607357376,2257.713905597683,601558
2024-12-26,2238.22412109375,2263.006487581479,2232.387264522019,2259.593402246085,1267334
2024-12-27,2247.128173828125,2266.3210141978234,2235.899602594382,2245.9905591125807,821790
2024-12-30,2263.798095703125,2274.2354082549373,2232.6842141024053,2255.883582531214,1076940
2024-12-31,2256.971923828125,2273.0975511842084,2248.711054095443,2255.6362531181744,685486
2025-01-01,2280.022705078125,2298.3745304314775,2255.636208472045,2255.636208472045,1067328
2025-01-02,2318.21044921875,2322.8601775522434,2269.486725918196,2289.2730094920253,1342922
2025-01-03,2310.98828125,2323.8493648708964,2297.3356980230024,2318.9523082600626,1355319
2025-01-06,2242.923583984375,2314.9952198121823,2232.5852989372975,2310.988449009996,1190987
2025-01-07,2268.1015625,2291.251415421347,2247.7215957846715,2247.7215957846715,740798
2025-01-08,2309.405517578125,2313.016417511147,2248.4141570305087,2262.6109112956046,1439632
2025-01-09,2325.086181640625,2336.166452360481,2296.495097908915,2316.874825484485,1362304
2025-01-10,2295.950927734375,2323.800025828424,2291.251685288296,2310.642340204832,1214334
2025-01-13,2228.578369140625,2277.3020898421773,2222.395155853626,2267.2606480767986,1181928
2025-01-14,2216.01416015625,2261.918481183113,2213.095731748854,2244.7537842369916,1316807
2025-01-15,2205.873779296875,2229.666833637163,2196.2774800552424,2224.967591281189,1308999
2025-01-16,2191.924560546875,2215.915429047689,2184.2078617536595,2215.074415394743,1936087
2025-01-17,2236.83935546875,2244.803382904484,2188.85761785697,2201.867002679204,878848
2025-01-20,2256.180419921875,2262.4624198186484,2226.94613865363,2247.969064218441,555716
2025-01-21,2236.1962890625,2290.2622096229647,2230.903361857359,2256.1803861705666,1410294
2025-01-22,2237.927490234375,2245.7429748999575,2220.911094732193,2245.7429748999575,835523
2025-01-23,2252.025390625,2277.203387756566,2222.1974237038376,2237.927663808089,1142465
2025-01-24,2238.22412109375,2272.0093424956026,2230.9528073847387,2258.604088147028,543202
2025-01-27,2227.44091796875,2253.4104156799112,2222.197504410234,2231.200360229485,1097939
2025-01-28,2217.844482421875,2242.8246644012743,2210.226811867185,2235.849951423444,897501
2025-01-29,2199.393798828125,2222.791224914541,2188.41255596887,2217.8446538432217,1281088
2025-01-30,2225.808349609375,2235.107805223786,2191.3306577716876,2199.3934708027055,1155718
2025-01-31,2276.214111328125,2280.3691825735295,2210.9688895300455,2230.903473623995,1292909
2025-02-01,2326.02587890625,2363.471516285561,2260.8796867188257,2287.294326350865,1318619
2025-02-03,2267.75537109375,2339.183804756189,2253.36080183662,2326.0258781924244,1070382
2025-02-04,2329.19189453125,2392.755329456502,2239.559934817717,2280.0227874414695,5373733
2025-02-05,2250.887451171875,2271.0200902487095,2213.343028396478,2244.7537518970203,3474642
2025-02-06,2239.213623046875,2274.3342765097696,2236.09737998612,2262.7593488861016,1285954
2025-02-07,2246.732421875,2251.9758351465407,2219.2294403550277,2241.7858511531263,1336756
2025-02-10,2245.8916015625,2253.657814877055,2229.9142733682534,2246.7821292881567,1181565
2025-02-11,2216.90478515625,2258.505253355397,2202.2133729155958,2254.6470246516815,1607942
2025-02-12,2204.439208984375,2223.9286490285167,2162.343844469209,2217.893977757831,1181706
2025-02-13,2212.501953125,2225.9072074651326,2196.277298523388,2204.4391398354683,921923
2025-02-14,2207.456787109375,2226.501085151753,2179.4591473952623,2212.5021445288053,1380052
2025-02-17,2226.7978515625,2235.8499794240065,2202.262812331492,2207.4567116199773,923900
2025-02-18,2213.689208984375,2227.8857206449343,2195.040542578948,2223.977978464214,735853
2025-02-19,2215.17333984375,2225.758952607725,2202.3122563003603,2213.6893686656667,645234
2025-02-20,2225.016845703125,2232.9808722309667,2207.2091925370582,2215.1732190649,637442
2025-02-21,2233.475830078125,2241.5881581955878,2213.0958609860572,2225.0171453786384,755585
2025-02-24,2222.197265625,2234.860534311693,2217.0528806518387,2221.9004230909836,765042
2025-02-25,2200.9765625,2232.980970517077,2194.001849729943,2222.197301817256,947702
2025-02-27,2189.9951171875,2204.587500537873,2174.5124477369304,2190.341473744115,1027196
2025-02-28,2156.45751953125,2187.719943299454,2152.5497769431686,2186.384272583582,1701193
2025-03-03,2143.25,2169.9122085982494,2106.2497487483624,2156.457440034872,959068
2025-03-04,2109.31689453125,2136.7703634784098,2102.045338575774,2131.032292833547,2180989
2025-03-05,2141.024169921875,2159.4750241590914,2102.045288135926,2109.2178158869488,1535212
2025-03-06,2243.467529296875,2250.6895705108004,2159.771701615838,2166.449571770101,1985096
2025-03-07,2245.7431640625,2253.608163401209,2223.9782523403082,2243.467693167006,921429
2025-03-10,2254.25146484375,2268.497492913965,2237.6804517577016,2245.743265989839,1072395
2025-03-11,2262.957275390625,2266.419875199146,2233.772505575945,2249.7005613078613,601228
2025-03-12,2227.242919921875,2271.415698633484,2222.988820912396,2262.95701462673,749216
2025-03-13,2207.456787109375,2233.07992786277,2198.7507739836456,2231.1508135102886,747470
2025-03-17,2195.832275390625,2215.3217158876582,2172.5833928079032,2181.4377061660316,838015
2025-03-18,2195.832275390625,2195.832275390625,2195.832275390625,2195.832275390625,0
2025-03-19,2256.32861328125,2263.5011404862794,2243.6160720507037,2249.700257136058,663292
2025-03-20,2262.75927734375,2282.3477458354287,2244.506479568326,2265.529405272272,1166849
2025-03-21,2275.818359375,2289.76778663866,2253.509516701234,2267.1618598575715,1624115
2025-03-24,2297.681884765625,2305.3490686652735,2277.4999747263473,2277.796575716417,1100353
2025-03-25,2305.843994140625,2319.447063933367,2283.337096847179,2300.155437681842,1828005
2025-03-26,2298.324951171875,2315.9347904304113,2279.379682799506,2314.9949903432484,1934287
2025-03-27,2313.115478515625,2324.9872481503007,2266.024029018703,2290.262225356166,1497861
2025-03-28,2315.63818359375,2338.738766756278,2300.1555129899943,2318.9029687572543,1281871
2025-04-01,2291.25146484375,2336.4630710897977,2281.1109952778397,2316.973631547523,970583
2025-04-02,2282.00146484375,2303.519048335688,2267.656409182458,2303.123419274986,792693
2025-04-03,2324.294677734375,2329.7359058176767,2265.331696514396,2270.4760820322513,608846
2025-04-04,2330.87353515625,2338.689019938725,2278.192559296333,2324.2944514678315,1163188
2025-04-07,2316.330810546875,2328.8455380874375,2166.598015467922,2166.598015467922,1745817
2025-04-08,2368.615966796875,2394.140321004854,2330.8242133419153,2330.8242133419153,1876867
2025-04-09,2385.384765625,2403.489263251784,2365.351153672067,2374.3540092364674,1186937
2025-04-11,2368.0224609375,2421.84105442308,2354.8150203392715,2413.431884095222,968152
2025-04-15,2389.88623046875,2399.086900703578,2359.5143332692924,2389.0947308137074,1141122
2025-04-16,2433.61376953125,2442.1219677939607,2378.014362868992,2379.399547591545,1166695
2025-04-17,2441.528076171875,2449.9372456960327,2405.022483909115,2433.6135636785502,885840
2025-04-21,2418.873046875,2444.496186218964,2414.915790356595,2439.5496155709575,541913
2025-04-22,2406.011962890625,2423.81961722123,2387.709651495281,2418.87304657384,543647
2025-04-23,2426.88671875,2430.3493183902433,2399.680578719518,2410.9586637921684,744684
2025-04-24,2438.065673828125,2464.3815266061183,2409.8702207938923,2423.819646802485,1203452
2025-04-25,2405.6162109375,2442.319618346727,2387.9073440056086,2437.9667330121406,702217
2025-04-28,2425.99609375,2433.5149778513432,2379.3005144953645,2394.041198616951,554920
2025-04-29,2424.907958984375,2445.584527674416,2415.509474755853,2433.7127581225986,1235066
2025-04-30,2399.779296875,2435.8892635234392,2375.8379426363626,2423.819679141823,1479669
2025-05-02,2384.2470703125,2418.774037083155,2372.3753006677903,2399.086782368387,744673
2025-05-05,2410.859375,2448.5523379053056,2397.207033977691,2397.207033977691,1229588
2025-05-06,2392.16162109375,2423.7206459503905,2365.5491670003303,2415.9051607572114,702802
2025-05-07,2309.158203125,2379.992949781398,2293.72480611317,2362.4821380195167,1711738
2025-05-08,2277.99462890625,2323.99773224667,2268.991774435532,2297.187224869983,2292261
2025-05-09,2275.02685546875,2306.8827219454733,2221.010207702129,2222.593206912753,1503010
2025-05-12,2331.2197265625,2353.08366551614,2296.198102864394,2305.1019300620587,940135
2025-05-13,2299.759765625,2332.8027615637016,2290.3612812166643,2328.845504970718,1220489
2025-05-14,2257.91162109375,2294.219400295305,2252.7672360747315,2294.219400295305,1549845
2025-05-15,2305.0029296875,2310.5431855118845,2243.764480728304,2260.5828211923167,1675015
2025-05-16,2328.449951171875,2329.8348944114664,2290.262327202779,2308.960268596171,785113
2025-05-19,2306.487060546875,2353.4794856841663,2301.7385455479075,2328.450029310157,552961
2025-05-20,2271.069580078125,2322.6127005748817,2266.9142675677517,2322.4148860581417,1095824
2025-05-21,2287.68994140625,2291.4493834785935,2265.529401082606,2271.4652859762723,469330
2025-05-22,2274.630859375,2285.315499627662,2258.703047781497,2284.5240000660287,916504
2025-05-23,2290.7568359375,2304.1125765054794,2270.4758965564943,2277.2032808526446,458035
2025-05-26,2302.331787109375,2313.0164279829723,2278.192619033124,2291.251517197846,1258062
2025-05-27,2302.727783203125,2326.4713235357294,2276.5109574192074,2288.3827275855097,2485428
2025-05-28,2278.58837890625,2308.069989878001,2275.7194643870957,2302.72778990034,774808
2025-05-29,2269.783447265625,2284.326316609405,2262.0667487775677,2278.5882463730663,1414643
2025-05-30,2234.959716796875,2279.3798259945615,2230.9034321257536,2271.959969790152,3610431
2025-06-02,2242.478515625,2248.0187719227292,2233.772502099337,2234.9598724001326,702789
2025-06-03,2231.595947265625,2262.858371962779,2222.6921196466383,2248.315501824791,792587
2025-06-04,2224.967529296875,2236.8392991286055,2216.9539880477464,2225.462186373197,768079
2025-06-05,2219.5263671875,2236.8393653714897,2209.138568277106,2227.0452515829743,996614
2025-06-06,2221.2080078125,2228.5290771994382,2215.0743085917125,2225.066477788955,822087
2025-06-09,2223.879150390625,2231.6948769865094,2212.1064087812865,2216.0636653265124,1041851
2025-06-10,2215.4423828125,2236.5096020141245,2211.7481969540704,2236.5096020141245,1809051
2025-06-11,2205.358154296875,2222.4313617191465,2203.7605500158743,2205.5577938919528,1430888
2025-06-12,2215.941650390625,2259.4738107081753,2204.6594529723643,2220.53458020989,3417373
2025-06-13,2210.749755859375,2213.6453832975812,2171.411246958574,2171.6108865639185,1786807
2025-06-16,2241.302001953125,2246.493850099095,2205.857321207117,2210.749588087704,1301826
2025-06-17,2261.27099609375,2277.4457042063054,2223.529847990987,2227.523615118048,1540986
2025-06-18,2277.844970703125,2280.441016825307,2251.4862053157035,2253.4830888680904,1131156
2025-06-19,2264.4658203125,2281.4393295476466,2260.472053433642,2266.462703751929,524926
2025-06-20,2282.13818359375,2286.331590052743,2259.4736053718843,2263.4673722395323,1945026
2025-06-23,2260.572021484375,2269.2584157952006,2250.387720816316,2257.6763942073076,596186
2025-06-24,2271.754638671875,2306.1009385190196,2265.364465001573,2301.4083108887703,1044179
2025-06-25,2276.34716796875,2290.724874917351,2271.854180252347,2272.5532844608238,807368
2025-06-26,2286.23193359375,2289.027619203835,2276.646795433512,2283.436247983665,921519
2025-06-27,2355.0244140625,2360.8154247360717,2273.551716732878,2279.4424253214006,1555059
2025-06-30,2337.4521484375,2366.207076690577,2322.475521738939,2358.319484133415,785414
2025-07-01,2365.807861328125,2396.260336437012,2346.5378857039027,2376.7907212034615,1232160
2025-07-02,2415.6298828125,2426.2134629119964,2323.373962220665,2336.3537050263667,1936030
2025-07-03,2427.112060546875,2460.5598606598815,2421.2213514638897,2425.115176958039,1547480
2025-07-04,2420.42236328125,2439.19311632593,2408.241423077423,2427.1118740377615,602309
2025-07-07,2438.99365234375,2461.2589530034766,2417.2275725788145,2419.5240374468945,869054
2025-07-08,2480.728515625,2484.123120133966,2433.502171220896,2436.697136128193,1136367
2025-07-09,2495.006103515625,2531.0499498118998,2489.0154527468394,2516.5725437873343,2328636
2025-07-10,2447.38037109375,2508.0856783014938,2441.2900226692773,2503.393050824226,932859
2025-07-11,2435.399169921875,2480.928213134193,2431.704984044081,2443.686285546248,1050411
2025-07-14,2397.85791015625,2444.784674477807,2387.2743296349663,2427.3119430814827,891618
2025-07-15,2389.770263671875,2411.236760713423,2382.581532019301,2406.144610422749,610228
2025-07-16,2406.743896484375,2418.625256092166,2367.3054464071574,2377.289864148225,1200909
2025-07-17,2395.161865234375,2410.238433469769,2390.269598064054,2400.353957448019,526163
2025-07-18,2378.6875,2401.252380791346,2368.6033846985288,2396.8593346465727,599552
2025-07-21,2371.698486328125,2404.247785580512,2357.1213827215047,2378.6875787280683,390931
2025-07-22,2361.514404296875,2377.0901932721026,2357.6205789331657,2371.6984615067413,411317
2025-07-23,2371.698486328125,2380.984043554375,2348.9342089478964,2359.31790586659,368999
2025-07-24,2348.43505859375,2376.2914873489262,2337.352257094049,2371.6985575583717,506960
2025-07-25,2332.5595703125,2346.8373361061545,2322.175873604493,2336.3536977189538,383636
2025-07-28,2355.92333984375,2362.712548992187,2316.3849475453603,2332.5596557546282,650364
2025-07-29,2397.7578125,2414.531682301382,2321.3770202217365,2355.324039012076,1742815
2025-07-30,2412.03564453125,2439.9920137181934,2362.8124171750574,2405.2461918338104,1685818
2025-07-31,2392.366455078125,2413.4334304549966,2369.8015732657213,2397.658001522801,1274735
2025-08-01,2427.2119140625,2468.1480261466477,2374.294500880553,2374.294500880553,2225293
2025-08-04,2445.982666015625,2463.155815490761,2435.7986088422463,2439.3928529127475,1165898
2025-08-05,2433.0029296875,2459.8609155292706,2405.3461416856353,2458.0636716091076,659094
2025-08-06,2487.318115234375,2501.695823132035,2436.1979448164952,2436.1979448164952,2019109
2025-08-07,2502.59423828125,2506.088784394948,2463.055847605046,2480.229240657659,1502806
2025-08-08,2471.742431640625,2507.7860316530255,2464.6533978898347,2502.594183435637,1178226
2025-08-11,2485.221435546875,2500.2977595830134,2448.1791494439526,2460.060508660261,721135
2025-08-12,2474.438232421875,2498.900055243935,2470.1448841541282,2485.2214520505768,608984
2025-08-13,2496.303955078125,2500.4973615761023,2457.36472775656,2475.935841367843,350844
2025-08-14,2524.759521484375,2530.9498113788623,2493.807828251754,2501.096501539215,1088550
2025-08-18,2583.3681640625,2590.9564190945644,2532.6475166467667,2546.0265389946585,1755615
2025-08-19,2575.380615234375,2590.956404418194,2557.2090236933855,2583.368149429113,698587
2025-08-20,2566.09521484375,2575.2808301046007,2559.405460174037,2573.9828070898716,308028
2025-08-21,2562.6005859375,2571.9858404911197,2555.3119127151276,2570.887457107955,781082
2025-08-22,2500.597412109375,2565.296487535277,2497.2028075966155,2558.8066160324975,523774
2025-08-25,2489.015380859375,2518.5693546358907,2472.141812518718,2512.079483157146,766497
2025-08-26,2477.533203125,2519.3680577297696,2464.154181491318,2477.23386561514,7106393
2025-08-28,2485.12158203125,2524.0608113198073,2461.158979392138,2461.158979392138,1485769
2025-08-29,2514.675537109375,2527.655280107417,2486.1200050096036,2487.1184467786834,1798653
2025-09-01,2566.195068359375,2573.783323551593,2511.1810713765135,2514.0764550955355,1314833
2025-09-02,2536.0419921875,2567.89218584515,2527.056016624631,2564.9968023345227,1024054
2025-09-03,2549.92041015625,2561.103153300909,2523.362004588196,2526.057748690489,925847
2025-09-04,2564.59765625,2578.9751203927085,2549.021866961899,2549.920367060743,933071
2025-09-05,2575.8798828125,2597.9455439295107,2561.0031976092214,2561.0031976092214,1153436
2025-09-08,2526.8564453125,2585.56486932839,2522.4631553291565,2575.8797892852117,742880
2025-09-09,2533.346435546875,2547.624202082058,2520.8659130091637,2536.0421796629794,702450
2025-09-10,2539.3369140625,2551.0186336131133,2521.165323232636,2533.346263650884,520584
2025-09-11,2551.917236328125,2555.511724223768,2531.7487612163945,2537.0405513782357,423961
2025-09-12,2542.332275390625,2564.297993878646,2533.2463579665027,2556.010878606127,547539
2025-09-15,2498.700439453125,2539.5366098247428,2494.107509865228,2531.149796567064,583051
2025-09-16,2477.033935546875,2505.988745075061,2470.6440061205894,2491.112061131894,760790
2025-09-17,2489.71435546875,2493.0090181167157,2476.934252777851,2478.132334082582,359627
2025-09-18,2474.837646484375,2502.294796046243,2465.45239104731,2494.0076803355287,400796
2025-09-19,2477.832763671875,2505.589492193983,2464.6533817417203,2471.143252910981,3731525
2025-09-22,2478.831298828125,2499.099715226628,2470.2448459827838,2490.2136811024534,872806
2025-09-23,2443.0869140625,2479.9295592874296,2424.21646331425,2468.2478400737427,1332111
2025-09-24,2453.37109375,2471.1434061910095,2439.392908826091,2442.188594562913,637749
2025-09-25,2400.25390625,2458.8623867395913,2384.278838654326,2454.668980247764,1518215
2025-09-26,2339.1494140625,2396.260234226185,2335.355286606269,2393.7641298155327,1089446
2025-09-29,2338.94970703125,2360.01668139369,2325.570441519752,2339.2490445437415,950369
2025-09-30,2346.338134765625,2385.0777237852835,2336.3537171708776,2348.3350182845743,778874
2025-10-01,2332.160400390625,2353.327317755006,2317.5830526365544,2349.7328297783242,648279
2025-10-03,2354.1259765625,2359.0182435703723,2332.4598396187675,2338.5501879591607,659872
2025-10-06,2351.130615234375,2355.5236613061975,2330.46292034526,2351.3302548266965,362107
2025-10-07,2349.1337890625,2367.7046592845277,2342.344336436732,2351.3303121519625,498524
2025-10-08,2324.87158203125,2365.707751525275,2316.3848272761434,2356.322496711939,701799
2025-10-09,2332.75927734375,2337.35220703594,2320.1790571715687,2324.8716847856413,587567
2025-10-10,2336.553466796875,2354.1261400951894,2332.9592225496335,2335.255443696396,1117236
2025-10-13,2338.849853515625,2362.9123977517115,2333.3584237635073,2336.553388685427,667732
2025-10-14,2314.488037109375,2351.33044207345,2304.4036774121114,2338.749977872924,353345
2025-10-15,2371.399169921875,2380.285204262567,2321.3771392241897,2326.369348125747,753640
2025-10-16,2405.945068359375,2417.027869436486,2363.2117121365436,2373.2960714503183,715890
2025-10-17,2503.892333984375,2540.0358775145787,2417.227539097011,2417.227539097011,3719960
2025-10-20,2512.079345703125,2533.1465633162347,2496.8031387677584,2503.892172422266,714986
2025-10-21,2500.697265625,2515.2743686919584,2480.129268391111,2509.0840786903627,107942
2025-10-23,2498.50048828125,2542.03264522436,2492.9093608479457,2514.974776830426,811738
2025-10-24,2497.701904296875,2502.793810812847,2482.4256972285884,2491.112091440693,327596
2025-10-27,2514.875244140625,2526.0577435021114,2495.7052104123336,2497.7020940040347,550089
2025-10-28,2505.389892578125,2524.659866801746,2488.116801823062,2511.0809617114774,1103957
2025-10-29,2534.744140625,2546.8253838696032,2508.585014302523,2516.0733277780528,615292
2025-10-30,2519.56787109375,2534.7441376342094,2509.383813531086,2531.5491726404607,736486
2025-10-31,2506.8876953125,2526.0577289302064,2501.3962654669995,2519.467915611525,609128
2025-11-03,2508.285400390625,2511.380667424338,2491.112250462125,2492.3103318505873,425210
2025-11-04,2482.824951171875,2517.0715505723174,2475.8358592028126,2506.088691763791,527087
2025-11-06,2598.843994140625,2626.900305473594,2556.110881252824,2556.110881252824,4448622
2025-11-07,2609.72705078125,2614.8189573640493,2580.9718801153545,2598.843889634128,791663
2025-11-10,2646.27001953125,2662.64461112369,2607.0314522395747,2609.727196317294,1706880
2025-11-11,2653.059326171875,2660.747278769722,2629.2963641565566,2646.269873630328,776404
2025-11-12,2765.484130859375,2834.2766729889117,2637.9831624675403,2655.8551730830777,2859196
2025-11-13,2874.9130859375,2892.5856999728535,2835.5745783753837,2854.445030002044,5933630
2025-11-14,2901.87109375,2905.3656399822426,2857.5403761936336,2860.6356432177,2494076
2025-11-17,2883.39990234375,2922.339131539382,2875.5123098312783,2901.871075167319,1230683
2025-11-18,2906.0,2916.0,2862.10009765625,2886.0,1819066
2025-11-19,2893.699951171875,2916.0,2887.199951171875,2914.0,1387906
2025-11-20,2859.800048828125,2906.10009765625,2852.5,2897.39990234375,1062883
2025-11-21,2876.60009765625,2895.60009765625,2854.10009765625,2869.0,857340
2025-11-24,2879.199951171875,2896.5,2864.5,2876.0,5404326
2025-11-25,2875.800048828125,2908.5,2869.0,2899.89990234375,972417
2025-11-26,2874.0,2896.199951171875,2857.60009765625,2880.0,570376
2025-11-27,2879.10009765625,2914.5,2871.39990234375,2880.0,1158685
2025-11-28,2874.39990234375,2889.89990234375,2855.800048828125,2880.0,748446
2025-12-01,2867.60009765625,2887.5,2848.0,2877.699951171875,499153
2025-12-02,2954.39990234375,2962.0,2861.199951171875,2867.0,2102147
2025-12-03,2953.5,2969.199951171875,2932.60009765625,2969.0,1252456
2025-12-04,2957.199951171875,2985.699951171875,2934.0,2950.0,1466098
2025-12-05,2968.5,2973.5,2941.0,2955.0,944978
2025-12-08,2928.300048828125,2974.5,2914.800048828125,2970.0,983544
2025-12-09,2796.0,2913.5,2788.5,2910.0,1839391
2025-12-10,2804.5,2824.0,2796.699951171875,2810.0,845073
2025-12-11,2779.39990234375,2811.60009765625,2763.199951171875,2800.0,777422
2025-12-12,2764.800048828125,2797.0,2746.0,2795.0,977696
2025-12-15,2780.199951171875,2802.0,2758.699951171875,2773.10009765625,1029674
2025-12-16,2790.89990234375,2808.0,2776.10009765625,2793.0,916244
2025-12-17,2785.699951171875,2806.5,2772.0,2800.0,636499
2025-12-18,2759.699951171875,2793.800048828125,2755.300048828125,2780.0,417994
2025-12-19,2799.89990234375,2812.39990234375,2759.699951171875,2766.39990234375,3895542
2025-12-22,2807.60009765625,2823.10009765625,2780.300048828125,2785.800048828125,463953
2025-12-23,2807.800048828125,2819.0,2783.10009765625,2798.0,431068
2025-12-24,2785.5,2824.699951171875,2782.0,2807.800048828125,512144
2025-12-26,2746.5,2794.39990234375,2743.0,2785.0,532078
2025-12-29,2775.39990234375,2793.800048828125,2735.0,2746.5,815529
2025-12-30,2758.300048828125,2792.39990234375,2741.0,2770.300048828125,4833527
2025-12-31,2769.5,2796.800048828125,2754.89990234375,2755.0,1274705
2026-01-01,2752.0,2782.699951171875,2746.10009765625,2775.89990234375,327945
2026-01-02,2772.60009765625,2799.0,2755.800048828125,2755.800048828125,508884
2026-01-05,2815.60009765625,2828.0,2769.0,2770.0,866733
2026-01-06,2845.800048828125,2848.39990234375,2811.60009765625,2820.0,875891
2026-01-07,2809.39990234375,2854.699951171875,2801.10009765625,2845.800048828125,636748
2026-01-08,2786.5,2804.699951171875,2770.10009765625,2795.0,620031
2026-01-09,2825.5,2856.699951171875,2786.199951171875,2789.89990234375,1657381
2026-01-12,2896.39990234375,2900.0,2808.0,2826.0,1743901
2026-01-13,2886.300048828125,2914.5,2870.800048828125,2900.0,1051986
2026-01-14,2813.89990234375,2884.0,2807.300048828125,2884.0,958254
2026-01-15,2813.89990234375,2813.89990234375,2813.89990234375,2813.89990234375,0
2026-01-16,2756.89990234375,2826.5,2750.5,2787.89990234375,1143463
2026-01-19,2754.0,2786.300048828125,2724.699951171875,2756.89990234375,1342048
2026-01-20,2675.60009765625,2740.10009765625,2669.300048828125,2740.0,911151
2026-01-21,2661.10009765625,2688.0,2648.0,2670.0,914318
2026-01-22,2703.800048828125,2729.89990234375,2665.300048828125,2665.300048828125,1290346
2026-01-23,2703.699951171875,2782.89990234375,2690.800048828125,2703.800048828125,1786635
2026-01-27,2622.800048828125,2734.699951171875,2546.0,2719.89990234375,3818761
2026-01-28,2511.800048828125,2548.5,2451.0,2535.0,3430002
2026-01-29,2416.0,2514.89990234375,2410.0,2511.800048828125,3488159
2026-01-30,2428.300048828125,2445.0,2400.5,2417.0,2048843
2026-02-02,2402.0,2429.5,2372.0,2374.89990234375,1183482
2026-02-03,2426.0,2525.0,2391.0,2525.0,2233860
2026-02-04,2452.699951171875,2463.800048828125,2417.10009765625,2430.0,970973
2026-02-05,2432.10009765625,2455.800048828125,2402.60009765625,2445.0,1047405
2026-02-06,2401.10009765625,2444.0,2386.10009765625,2432.0,1043982
2026-02-09,2417.39990234375,2426.199951171875,2396.800048828125,2404.0,669839
2026-02-10,2393.60009765625,2420.0,2386.89990234375,2419.0,1513620
2026-02-11,2392.5,2405.699951171875,2376.300048828125,2399.0,3177710
2026-02-12,2410.5,2413.89990234375,2377.0,2398.0,607767
2026-02-13,2366.39990234375,2411.800048828125,2360.10009765625,2408.89990234375,675635
2026-02-16,2397.199951171875,2405.10009765625,2356.800048828125,2360.0,683108
2026-02-17,2437.39990234375,2452.39990234375,2399.5,2399.5,1004356
2026-02-18,2432.10009765625,2448.199951171875,2416.5,2440.0,551809
2026-02-19,2400.800048828125,2428.0,2391.10009765625,2420.0,971600
2026-02-20,2428.10009765625,2435.699951171875,2376.10009765625,2378.199951171875,790329
2026-02-23,2429.699951171875,2446.60009765625,2411.5,2424.699951171875,634365
2026-02-24,2413.10009765625,2441.5,2403.699951171875,2413.0,499660
2026-02-25,2416.39990234375,2427.89990234375,2400.0,2416.0,526764
2026-02-26,2394.89990234375,2422.199951171875,2382.0,2416.10009765625,588742
2026-02-27,2376.199951171875,2397.60009765625,2359.0,2385.0,2531619
2026-03-02,2307.10009765625,2337.89990234375,2283.5,2300.0,2528308
2026-03-04,2285.199951171875,2290.89990234375,2216.300048828125,2260.699951171875,1610358
2026-03-05,2287.800048828125,2313.0,2253.699951171875,2285.199951171875,925040
2026-03-06,2279.5,2307.89990234375,2253.699951171875,2261.699951171875,979742
2026-03-09,2220.800048828125,2230.0,2162.60009765625,2200.0,2198153
2026-03-10,2280.39990234375,2305.10009765625,2251.60009765625,2251.60009765625,1192174
2026-03-11,2232.0,2302.0,2226.0,2290.0,687786
2026-03-12,2221.199951171875,2249.89990234375,2201.0,2208.0,1384055
2026-03-13,2196.800048828125,2219.699951171875,2190.0,2204.699951171875,949233
2026-03-16,2217.699951171875,2227.800048828125,2175.10009765625,2185.39990234375,1111383
