Date,Close,High,Low,Open,Volume
2021-03-08,97.69135284423828,99.50931538398846,97.1810564494058,98.1697630143536,18727656
2021-03-09,96.76643371582031,98.83954456554378,94.7252188258256,98.83954456554378,14621175
2021-03-10,96.28803253173828,97.75515921705176,95.29931608729129,97.62758509947695,10788943
2021-03-12,96.0009536743164,97.59565390146452,95.04413353802754,96.95777381060527,14835735
2021-03-15,96.9247055053711,97.38657398621311,95.50613822209444,96.62779724465719,15783310
2021-03-16,96.1329345703125,97.68346983263893,95.40716003277696,96.9906772671791,11857531
2021-03-17,92.27310180664062,95.96797848007625,92.04216760990747,95.70406231331529,15554810
2021-03-18,90.42565155029297,93.52671157849802,89.86481715393693,93.36176146989398,14401450
2021-03-19,89.93081665039062,92.3720766629309,88.08337310358053,89.73287447256143,33294812
2021-03-22,89.50194549560547,90.7885646929691,89.27102133107819,90.7885646929691,11414253
2021-03-23,89.23802185058594,90.16173856722298,88.4792552667596,89.46895606362376,8887103
2021-03-24,87.29161834716797,89.17204395088824,87.12666820292456,88.34729322967115,10865477
2021-03-25,84.52044677734375,87.81944922661155,83.82765424944621,87.09366466067003,18629600
2021-03-26,85.5101547241211,86.03798710631656,84.91632819251518,85.18025445137026,9505615
2021-03-30,87.72047424316406,88.71017499070128,85.87303083420993,86.433865284917,20582346
2021-03-31,86.00499725341797,87.75346451169888,85.77406305654777,87.75346451169888,14900610
2021-04-01,87.192626953125,87.35757706848676,86.16994429208694,86.73076864366328,6226087
2021-04-05,85.64209747314453,87.15964046941572,84.48744672542274,87.02767232975737,9012457
2021-04-06,85.97201538085938,86.9947082671609,85.31221481779484,86.33490770409638,6689423
2021-04-07,86.59880065917969,86.89570881931732,85.60910008021763,85.9719923060547,5657926
2021-04-08,86.86273193359375,88.24831701286097,86.56582372168126,86.631807798887,9330363
2021-04-09,85.44416809082031,87.06067736547361,85.08127578808009,86.86273519418285,10149401
2021-04-12,82.2771224975586,84.65240838705107,81.55134293527077,84.45446621830054,11334755
2021-04-13,84.42147064208984,84.7513708869341,82.34310312667374,82.34310312667374,7809483
2021-04-15,84.61941528320312,86.30190859478307,83.76167260791169,84.42147311694251,8924391
2021-04-16,84.35549926757812,85.74107941509368,83.86064885533123,85.01530485111935,10358366
2021-04-19,82.21114349365234,83.13486522515194,81.4193848860118,82.87094401131228,7131534
2021-04-20,82.14517211914062,83.2998231328635,81.84826387202061,82.47507240877573,7738871
2021-04-22,82.50806427001953,82.80497251648724,81.81527164975631,82.24414303211549,8514980
2021-04-23,83.23384857177734,83.9596282413511,81.98022639676128,82.44208481361389,8992991
2021-04-26,83.76165771484375,84.45445013969695,83.46474955212237,84.28950004176785,4967884
2021-04-27,84.12456512451172,84.3884863355996,83.5307436580336,83.79466486912148,3982954
2021-04-28,84.78436279296875,85.41117124364563,84.12456230430752,84.45446254863813,6206074
2021-04-29,84.48744201660156,85.80704279759415,84.22352085362755,85.60910066689426,8345584
2021-04-30,87.78646850585938,88.80916141052764,83.79467301407811,84.0585942508195,27396950
2021-05-03,87.22563171386719,88.05038241098727,86.56583115617113,87.75347417357554,10262391
2021-05-04,87.62151336669922,89.60091497859263,87.25862105763399,87.45656323237478,9926789
2021-05-05,87.85244750976562,88.74318236356649,87.42358113882943,87.7534814450137,4877341
2021-05-06,88.80916595458984,89.36999043130754,88.24833141011382,88.54523967046535,7632817
2021-05-07,90.29369354248047,91.05246001550744,89.0730587108225,89.33697485767821,12644960
2021-05-10,97.02366638183594,97.98037510159988,90.45865336332723,90.45865336332723,45098431
2021-05-11,102.73094177246094,103.4237343510433,95.77004408169414,96.62778679480766,66582000
2021-05-12,101.27937316894531,105.37013411075209,100.15771437215645,102.86289028585236,42959024
2021-05-14,96.85871887207031,102.89588963553595,96.39686051913014,102.89588963553595,23140309
2021-05-17,97.74944305419922,98.4092435744915,95.01127492208902,96.99067648296588,17076463
2021-05-18,96.62777709960938,98.83811270765477,96.39685297508997,98.37625439085974,10295029
2021-05-19,100.1906967163086,100.61956295755012,95.73704392966293,96.62776844633888,23999878
2021-05-20,96.7597427368164,100.55359574665299,96.3638684634007,100.55359574665299,22983457
2021-05-21,97.12262725830078,98.70615442838687,96.89170313424562,96.99066917773266,13009821
2021-05-24,98.24427795410156,98.80511233502523,96.09992660125461,97.71644567529738,14192862
2021-05-25,97.2875747680664,98.97006793653875,97.05665065020138,98.83810985950788,10434892
2021-05-26,96.1329345703125,97.65047779280617,95.80303430749896,97.51851970123217,9948786
2021-05-27,95.37416076660156,96.52881159896295,95.07725256611704,96.1659193238124,24064196
2021-05-28,96.9247055053711,98.17833270403631,95.50613822209444,96.06697276725497,16465504
2021-05-31,97.4525375366211,97.91439590008468,95.70407013645278,97.02367121363861,11767444
2021-06-01,97.3865737915039,98.57420683198508,96.92470531158534,98.01338235570415,9307143
2021-06-02,98.37626647949219,98.9040988676867,96.99068129108794,97.32058156758825,10714318
2021-06-03,98.34325408935547,99.23397861094534,98.04634591549217,98.97006247145696,9282774
2021-06-04,101.01548767089844,101.87322049674931,97.78245831309982,98.31030086822607,29422387
2021-06-07,103.09380340576172,104.80928832153528,102.56596111877336,102.9288533203125,31071589
2021-06-08,102.92887115478516,103.91857183896579,100.81751170875103,103.85258776625136,12874065
2021-06-09,103.19281005859375,106.49181306644851,102.40105135026025,103.58869444663961,30443113
2021-06-10,103.2588119506836,104.74336356019822,102.76396141417872,103.65469640699148,11459484
2021-06-11,107.3165512084961,108.86708646710002,103.35774806423791,103.58868227475578,61728565
2021-06-14,105.13921356201172,108.20728185582107,102.63196965180113,108.20728185582107,30836595
2021-06-15,103.68766021728516,106.78873109012756,103.42374400450451,106.29388064034524,30153988
2021-06-16,102.63197326660156,104.77632496427056,102.17011491450117,103.78662418073102,14098443
2021-06-17,100.38865661621094,102.5330085523974,99.89380616939867,102.26909234120077,15784276
2021-06-18,96.59478759765625,101.4773172586873,95.73705501584924,100.94947485374387,24823176
2021-06-21,97.32060241699219,97.65050276416844,94.68139963958224,96.33090137546345,15038290
2021-06-22,98.1123275756836,98.6401699636221,97.51851118160037,98.24428565572917,12494441
2021-06-23,97.9473876953125,99.36596489038959,97.74944552067882,98.87111448768398,7983220
2021-06-24,96.59478759765625,98.37625697280986,96.33087142906278,97.94738061414986,12929173
2021-06-25,98.14532470703125,98.47522495814732,96.82572370256696,96.82572370256696,7400514
2021-06-28,97.12262725830078,98.3102701189263,96.99066917773266,97.05665325189482,8217659
2021-06-29,95.34117889404297,97.58449672327045,94.97828658020275,97.0566643406927,21576435
2021-06-30,96.7597427368164,97.25459312940379,95.73705997967475,96.06696024139968,12919448
2021-07-01,96.09994506835938,97.18862200504887,96.00097901400457,96.72676363846422,5668038
2021-07-02,97.41954803466797,98.07934859045376,96.36387318606522,96.99068170051022,20805994
2021-07-05,98.90409851074219,99.29998286821677,97.38656529852355,97.65048149166833,10401054
2021-07-06,97.32060241699219,99.43196262536824,96.92471797327686,99.00309620114297,9579038
2021-07-07,97.35356140136719,98.14531995213571,96.69376093110073,97.32056936430263,6067804
2021-07-08,96.49581909179688,97.74943596229721,95.8690106565467,96.99066944611377,12349670
2021-07-09,96.79271697998047,97.32055931524128,96.09992454418534,96.49580881256975,4963821
2021-07-12,96.59478759765625,97.55150636125965,96.39685550508939,96.8587138340062,4010172
2021-07-13,97.71643829345703,97.98035441292198,96.75971970794872,96.9906538632965,5717442
2021-07-14,97.74944305419922,98.57419370456458,97.15562661303895,97.61748496369215,7216739
2021-07-15,96.79271697998047,97.91437565006272,96.09992454418534,97.6504595163099,7257500
2021-07-16,96.03398895263672,97.68349061768454,95.86903878613192,96.82574773830784,10819800
2021-07-19,95.30817413330078,96.59478301269775,95.01126594078703,95.67106639870916,5158738
2021-07-20,94.28549194335938,95.70406912702622,93.49373331895032,95.34117682107623,6271740
2021-07-22,95.47312927246094,95.93498760376248,94.51642057167417,95.01127094115938,4772582
2021-07-23,95.07726287841797,95.67107934379374,94.58241246801903,95.4731371660827,3419739
2021-07-26,95.01126861572266,96.00096933046977,94.5164182583491,95.01126861572266,4423596
2021-07-27,93.98857879638672,95.83602220177957,93.75765466306049,95.34117182896487,4245486
2021-07-28,95.04428100585938,95.20923116030629,93.06487915249649,94.64839660808342,8834228
2021-07-29,93.79063415527344,95.4401353544007,93.62568403536072,95.04426110726396,8237916
2021-07-30,94.54942321777344,95.60509808379543,93.19683004254253,93.88962265110058,9526451
2021-08-02,94.9452896118164,95.60509012355317,94.41745725663247,95.20921585716522,6164197
2021-08-03,95.17621612548828,95.50611635469274,94.35146555247711,94.94528193794274,5648929
2021-08-04,95.47312927246094,97.22160661862925,95.11023698795381,95.11023698795381,8839351
2021-08-05,95.96798706054688,96.26489529163854,93.82363529367977,95.6710788294552,6237158
2021-08-06,96.39685821533203,97.94738336798625,95.83602375660719,96.06695796143666,10812438
2021-08-09,94.51641845703125,97.55150468240494,93.92260205403724,97.32057048804265,12986298
2021-08-10,93.82362365722656,95.17621661750839,92.86691500113903,94.81332434995628,14022502
2021-08-11,94.97827911376953,95.24220535206798,93.13083571670659,94.28548658140136,8356558
2021-08-12,95.27517700195312,96.79271998757365,94.81331871965699,95.04425289468278,7685737
2021-08-13,94.8463363647461,96.52882991033323,94.48344402075543,95.70407915933544,9455100
2021-08-16,93.69166564941406,95.11023261629924,93.5267155338341,94.87930849514095,5259207
2021-08-17,91.8772201538086,94.05456382989185,90.52462710747228,93.7576556167343,13714266
2021-08-18,91.28340148925781,92.53701838863223,91.0524672914884,91.87721790101276,7654460
2021-08-20,89.46895599365234,91.08546528038148,89.07307164811343,90.72257297493034,8877297
2021-08-23,88.38027954101562,89.99678883622633,87.58852091354069,89.93081482346177,7768805
2021-08-24,89.86481475830078,90.32667303652867,88.41325585483222,88.64419002782385,7452062
2021-08-25,91.6133041381836,91.81123623546057,90.06276892446917,90.06276892446917,7817617
2021-08-26,90.59060668945312,91.97618163801567,89.96379825550177,91.61329943314018,6845692
2021-08-27,91.41536712646484,91.91021753306669,90.42566631326116,90.9864907334222,4418540
2021-08-30,94.74735260009766,94.9782767265786,91.44835021245855,91.44835021245855,11333690
2021-08-31,96.23191833496094,96.42985045416815,94.51643280494089,94.74736703435977,14301855
2021-09-01,95.14323425292969,96.759743535168,94.94529208071015,96.72676156292898,8415876
2021-09-02,95.75182342529297,97.23949087052085,95.48133186912565,97.23949087052085,7787657
2021-09-03,98.9638442993164,99.50480681440311,95.85325824657492,95.95468613860405,12734022
2021-09-06,98.9638442993164,99.97816449240185,97.5776046384599,99.94435175565928,9712271
2021-09-07,99.53862762451172,100.14722598064425,98.4228794489012,99.40338698477096,9475870
2021-09-08,100.85723114013672,101.33058880594037,98.93002901384394,99.64005519435109,7873034
2021-09-09,100.51911926269531,102.07441216923391,100.07958467350296,100.85722596767337,9519564
2021-09-13,104.54261016845703,105.42167945499438,100.9586765911158,101.16154270270097,35672746
2021-09-14,104.6102294921875,105.15120237188856,103.69734743100396,105.04977447115688,8804432
2021-09-15,108.90416717529297,109.71562116961056,104.30591411656351,105.1511808436021,24591822
2021-09-16,109.74945068359375,110.22279805947318,106.5374366297134,109.64801246992029,18440504
2021-09-17,105.9626693725586,110.42568327315676,105.08358962629524,110.01995098466577,17317065
2021-09-20,104.27213287353516,106.5374525133934,103.32543798063347,105.4216939058302,12541523
2021-09-21,105.75978088378906,106.84172654570855,103.7649532429361,105.28643352602373,13645046
2021-09-22,109.61419677734375,109.88467801132332,104.81307748772379,106.33455764480364,18861877
2021-09-23,113.1643295288086,114.95629111598411,110.29042225090899,110.72995688377881,31399318
2021-09-24,112.31906127929688,114.58437020854177,110.15516992487967,113.67148821670827,17259638
2021-09-27,112.96147155761719,114.38151377099169,111.81191062730461,112.92765881768456,9099672
2021-09-28,118.0330581665039,119.21643168801643,113.7052859540534,113.94196478563521,41551332
2021-09-29,125.57283782958984,133.21405201381918,116.84968829708112,117.99924911883984,100988643
2021-09-30,125.16712188720703,129.49488412223715,124.49090839309613,126.85765562248429,48957916
2021-10-01,127.60148620605469,128.4129403476275,123.34133906504825,125.36997957807995,25492957
2021-10-04,128.44674682617188,130.74587881980426,127.33099872566412,130.17109324184648,23341448
2021-10-05,133.8564453125,134.49884600211797,128.75103189402407,129.15676407599224,42359592
2021-10-06,130.40777587890625,137.8123115424135,129.63012417326362,135.2426982127318,41926821
2021-10-07,128.95391845703125,131.82782596732415,127.97341089951243,131.69258532459733,16517664
2021-10-08,127.43241882324219,129.63011247080053,124.49089659358299,129.2243906037086,28978175
2021-10-11,133.1126251220703,135.03982731233046,129.59630683869293,129.83298567945056,34952223
2021-10-12,130.71205139160156,135.9188924724282,129.32581186742237,134.7017062970953,25216411
2021-10-13,128.51437377929688,131.55733443554763,128.04102640751987,131.1854149583661,17378156
2021-10-14,124.28802490234375,129.6977320988053,123.2737048030072,128.48054591596193,29542941
2021-10-18,125.30237579345703,126.95909696585613,124.01756382764944,124.9642690105919,15468914
2021-10-19,124.76139068603516,127.77053869585255,124.15280266362684,126.65479054870426,17403803
2021-10-20,122.05653381347656,124.0175487890174,119.96026788663036,123.54420141404536,15921230
2021-10-21,123.34132385253906,123.74705603238344,120.97457687924212,123.07084261144145,15586097
2021-10-22,118.94596099853516,124.62616108972152,118.54023905372189,124.01756269520152,13603152
2021-10-25,117.7287826538086,119.85885119946698,116.98494362486764,119.18263765250244,11744666
2021-10-26,118.37117004394531,119.01357077711386,116.13966352823468,116.98493036614032,11602891
2021-10-27,117.39066314697266,119.45310598694168,116.84969030444032,118.81070525064648,9535881
2021-10-28,112.62336730957031,116.98494258508528,112.21763505771786,116.98494258508528,24509136
2021-10-29,111.20330047607422,114.61818048331718,110.42565913104792,111.5752199395123,14826816
2021-11-01,115.46343231201172,116.27488628804676,110.76375147920324,111.57520545523826,13585170
2021-11-02,114.41531372070312,117.49208698303525,113.8405384788994,115.9367939837928,14278962
2021-11-03,114.7872543334961,115.70014678684525,113.16434588109792,113.7391212288138,8974463
2021-11-04,115.42961120605469,115.90295846455241,114.78721061822232,115.76771786472398,973260
2021-11-08,116.1058578491211,117.79639162769945,113.94197667618067,115.63251045475903,8761953
2021-11-09,115.29438781738281,116.5791891848428,114.68579986820657,116.34252067936224,5723308
2021-11-10,112.72478485107422,115.5310769789825,112.55573148137609,114.88866591957053,9212143
2021-11-11,112.9276351928711,113.36716976544463,111.71044903733241,112.18379634276485,6453205
2021-11-12,112.89382934570312,114.17864104532366,112.04856256366253,114.17864104532366,7027513
2021-11-15,108.02511596679688,113.33339652812606,107.85606257717747,111.06807697994607,19400018
2021-11-16,107.5517807006836,109.3099299606042,107.24748662860131,108.87039522517435,8505431
2021-11-17,105.55693817138672,107.68700670418967,105.28644656331345,107.55176605925294,7477627
2021-11-18,103.73114013671875,106.67267280081948,103.46065888130194,105.52311198800028,12981172
2021-11-22,101.8039321899414,103.39302753204696,100.82342479703408,102.9196802028708,11522286
2021-11-23,105.62454223632812,105.99646170947479,101.43202077461703,101.43202077461703,13305061
2021-11-24,107.58557891845703,109.30991520014797,105.21883151575986,107.04460601991487,18809310
2021-11-25,107.2136459350586,110.08755313438708,105.4892995518218,109.20847357448218,22402592
2021-11-26,105.42168426513672,107.78843159915505,105.04977508149345,106.67268341182621,11829847
2021-11-29,104.30591583251953,105.92882384785347,102.71681023226535,105.42166380328692,18176163
2021-11-30,102.78445434570312,107.1798421960128,102.34491968795191,107.1798421960128,56643275
2021-12-01,105.18500518798828,105.65835254374457,103.1563648191484,103.86639101188206,16283427
2021-12-02,107.72079467773438,107.88984802458639,104.9145029290727,106.09787635703671,15647910
2021-12-03,108.02511596679688,108.66751678371058,107.01079562908046,107.51795579793867,20414051
2021-12-06,106.44861602783203,109.24329084620351,106.12615523097537,108.92083004934685,24185368
2021-12-07,107.95343017578125,108.16840767204793,106.87855362865747,107.55931752253693,7866368
2021-12-08,108.13258361816406,108.74168474329336,107.52349342724517,108.38339253656093,7313306
2021-12-09,109.3865966796875,109.99569775101533,107.95342797934853,108.74167513821874,9423435
2021-12-10,108.4192123413086,110.17484177957212,108.13257204607196,109.38659463543294,7419042
2021-12-13,106.77106475830078,109.4940873886429,106.0186490278602,109.4940873886429,9888293
2021-12-14,106.69941711425781,107.30851825264826,105.15876496544996,106.77107993084869,8474759
2021-12-15,106.12613677978516,107.91759748886858,106.0186425767151,106.87854153023345,5410912
2021-12-16,107.30850219726562,107.55931108359725,105.73201887603406,106.12614243989421,7539061
2021-12-17,104.94377136230469,107.05769291714935,104.62131060549939,106.84272636875181,8758284
2021-12-20,100.82341766357422,104.37050807274906,99.7127097143432,104.15554151126727,8858645
2021-12-21,103.65392303466797,104.62131629187253,101.32502387063656,101.6116641744277,8097050
2021-12-22,104.15552520751953,107.05768267533749,103.51059282139826,104.22717707206105,6798820
2021-12-23,105.83950805664062,106.01865414710015,104.62131682835783,104.80046291881736,4857807
2021-12-24,104.54966735839844,106.16198237825577,104.19137513176346,106.0544990839497,4568316
2021-12-27,104.65714263916016,104.9796033979092,103.2598053951083,103.90472691260638,3534825
2021-12-28,106.6635971069336,106.95022650613006,104.80047320952444,104.80047320952444,4907497
2021-12-29,105.15876007080078,106.95022106008189,104.83629927957222,106.95022106008189,4216568
2021-12-30,104.76464080810547,106.77107938609569,103.11649444282025,105.1587644289231,24782255
2021-12-31,104.65714263916016,105.73201912446298,104.15553579952731,104.58547983312303,5320232
2022-01-03,111.28556823730469,111.75134376016115,105.33791506386338,105.51706117791757,29486720
2022-01-04,109.63742065429688,112.25294951844377,109.17164513631268,111.78717400045957,13744440
2022-01-05,110.13903045654297,110.56898551068309,108.99250186918802,109.63742351618697,8454060
2022-01-06,110.81977844238281,111.2497334768472,109.6732499074957,110.7122951508721,12446900
2022-01-07,112.46794128417969,112.82623355391853,111.03477220522431,111.07060361904067,11679683
2022-01-10,115.15511322021484,115.37009073140115,112.53958448104426,113.07702279190482,14655298
2022-01-11,113.61447143554688,115.11929228228763,113.2920106065461,115.11929228228763,7670386
2022-01-12,114.18772888183594,115.19094267138631,113.57862776618805,114.94013375689359,6334581
2022-01-13,118.05728149414062,119.27547280374796,113.93692113850294,114.18773005557372,20271714
2022-01-14,118.05728149414062,119.06049529400305,116.98240487962644,118.05728149414062,10211720
2022-01-17,117.30484771728516,119.02465659772426,116.12248799602783,118.6663644477422,8384625
2022-01-18,115.22676086425781,118.59470498204199,114.86846870419122,117.51982850184221,6574122
2022-01-19,117.44817352294922,118.12893741980938,115.22676854302622,115.37008322976163,11503199
2022-01-20,118.27227020263672,120.56533834388011,117.41237101644685,117.8781465531547,17462235
2022-01-21,113.75779724121094,117.0182591285102,112.86206655427227,117.0182591285102,14466758
2022-01-24,112.00210571289062,114.94009419047808,110.92722947943525,113.36361123491817,10854431
2022-01-25,115.47759246826172,115.80006425366358,110.56899500541121,111.07060198884096,7267866
2022-01-27,115.047607421875,115.58504562758209,113.2203153356292,113.86523680879439,9269062
2022-01-28,115.83586120605469,118.2364232641935,115.08345635083234,115.08345635083234,10310726
2022-01-31,114.51016998291016,117.08986682705252,114.04438364098687,117.08986682705252,5811200
2022-02-01,116.83907318115234,117.12570252962598,113.65027520899574,116.08665747364805,7248713
2022-02-02,117.412353515625,117.94979179366257,116.26581414879429,116.80325242683186,5369074
2022-02-03,115.58504486083984,117.62730346845437,115.08343805901565,116.87489873282219,4654885
2022-02-04,114.94013214111328,116.65994124300786,114.65350275790256,115.58506465465253,6402287
2022-02-07,115.3342514038086,116.8032515394597,114.40268954211207,115.11927390738484,5871041
2022-02-08,114.61766052246094,116.44495273686587,113.47113216373107,115.97917729960203,14158927
2022-02-09,120.81615447998047,121.35359287013303,114.65352323254629,115.011815492648,35079516
2022-02-10,120.4219970703125,122.03431178907364,118.23641270915006,121.10274998694763,17724098
2022-02-11,119.3113021850586,121.31774068492263,118.37974028145634,120.35034737460295,10097767
2022-02-14,115.83586120605469,119.1321537434677,115.47756901434501,119.02467045963878,9478670
2022-02-15,117.26904296875,118.12895307151716,114.54603075735784,116.62412132588578,16850616
2022-02-16,117.412353515625,118.95300553898214,116.65993773953045,118.41556726094457,10653203
2022-02-17,116.83907318115234,118.59470254252317,116.58826430058132,118.0214329113671,6906440
2022-02-18,119.88457489013672,120.56532789796367,116.51663032440568,116.80325971689794,23740696
2022-02-21,119.07203674316406,120.77095766793448,118.07485211221255,120.5124220574684,14870901
2022-02-22,118.11177062988281,118.66576582283922,114.86167000629628,117.81631103539715,11654816
2022-02-23,117.07764434814453,119.88455542584525,116.85604402892018,118.44417025747765,7627472
2022-02-24,110.79906463623047,115.82195782061899,110.06040420532226,113.75370635986327,12115340
2022-02-25,120.7340316772461,121.80508692808478,112.46103803037362,112.46103803037362,17079977
2022-02-28,125.2398681640625,125.53532780405342,118.59192482470155,119.99537502125264,20872239
2022-03-02,136.5044403076172,137.1322948671948,126.31092482214387,126.31092482214387,72648396
2022-03-03,139.56985473632812,146.07006731875816,138.0186749433674,140.04999067093544,74050073
2022-03-04,133.697509765625,141.08411251510705,133.3281796281509,139.56985669725097,36095156
2022-03-07,139.38519287109375,141.82277405436542,134.21457090036168,137.35387709687757,41642776
2022-03-08,139.7176055908203,141.6011918035477,137.83403064915578,139.60681104286223,22940456
2022-03-09,137.8709259033203,140.78864279654906,137.09534168720685,140.3454421550038,13870658
2022-03-10,132.18324279785156,135.91347912589947,130.77979290225827,135.91347912589947,30890343
2022-03-11,134.25152587890625,134.80552117139143,132.4048749039557,133.6975305864211,14663558
2022-03-14,133.2174072265625,134.5469869255015,131.37075623241034,133.69753197661677,8306420
2022-03-15,127.71435546875,132.9588478651903,126.68023560488966,132.88497733017405,14074860
2022-03-16,130.6689910888672,131.33379206313484,127.714350148284,127.78822068022286,11846738
2022-03-17,130.41049194335938,132.95886799233318,129.63489629252484,132.220207614598,20052773
2022-03-21,134.6577606201172,137.64933677110338,131.11218930306174,131.37072488898494,20271556
2022-03-22,135.4333953857422,137.2431111988838,133.32820863570035,135.6549844995876,12372751
2022-03-23,135.21177673339844,136.09816688221807,132.44180047392317,134.87938183647387,13731315
2022-03-24,138.42495727539062,139.23748824039123,135.39645633624832,135.69191599385027,16323203
2022-03-25,137.46469116210938,139.53293105783527,136.3567006732296,138.4249405689555,10044811
2022-03-28,141.26878356933594,143.07849906542356,137.0214868084278,137.46468750059944,19132062
2022-03-29,137.39080810546875,141.97049945477215,137.02147797615297,141.82276965725805,10622472
2022-03-30,135.10101318359375,138.83125130081785,134.4362231817805,138.83125130081785,10298319
2022-03-31,135.21177673339844,136.57829159210223,134.177645500557,136.02429634020717,9435203
2022-04-01,137.5016326904297,138.3141636609488,135.39645725582508,135.76578746586767,13505929
2022-04-04,138.68348693847656,139.60681241742782,136.35671123994462,137.02150107636433,9490374
2022-04-05,138.79428100585938,139.56987665969942,138.01869662308226,138.8681515523443,7637664
2022-04-06,143.1893310546875,145.51610693636113,139.08976335125237,139.38522301934736,46157039
2022-04-07,140.8994598388672,145.55302223454683,140.27159404151416,144.03876628350775,21712301
2022-04-08,143.7063751220703,146.84568164835352,142.08132458620682,143.8171696675141,20151959
2022-04-11,145.07289123535156,146.25475232824732,142.81998613805447,143.6694410497177,12393619
2022-04-12,137.39080810546875,144.5927456271264,136.13508792000732,144.5927456271264,18907630
2022-04-13,137.83401489257812,141.30571600817032,137.16921386763818,138.86813479218037,14216953
2022-04-18,139.93917846679688,141.01023354721374,136.35668311015698,137.83400357171422,13052104
2022-04-19,146.07009887695312,150.132731209814,140.82560535701634,141.41653595055428,59341710
2022-04-20,147.0672607421875,151.8316171153373,145.58994023757913,147.69511519400947,38356653
2022-04-21,152.8288116455078,153.5674719459135,148.47072038153905,148.61845018740786,43683145
2022-04-22,149.32015991210938,154.37998695964149,148.65537021831506,152.20094155102612,24007670
2022-04-25,139.20053100585938,149.3571101107996,137.94481075255183,147.47352409530743,26465084
2022-04-26,141.3795623779297,142.04436334222598,139.20051697114522,141.9704928113951,20819291
2022-04-27,138.49880981445312,141.6750514404103,137.83402003576853,140.93639112139988,12214126
2022-04-28,140.53012084960938,142.19210651011724,138.2402694311517,139.60679548266057,12706800
2022-04-29,135.0640411376953,142.56143871725035,134.36230483182314,142.1921085651331,21654415
2022-05-02,138.60958862304688,139.53291391702152,132.10938757031408,134.9532227131195,21289439
2022-05-04,138.38800048828125,140.8625055299283,137.760134775785,139.42212031597543,18239949
2022-05-05,137.28005981445312,141.78588214714253,136.4305934682687,139.97616615814985,12651103
2022-05-06,138.42495727539062,139.56988317295932,135.2117912324812,136.28284658011768,14257553
2022-05-09,135.21177673339844,137.35388719896775,134.10378622960835,137.35388719896775,10549451
2022-05-10,125.60916900634766,135.80268199963334,124.68584375824317,134.43615612401462,19965511
2022-05-11,125.46143341064453,128.30526828047005,122.06359214655264,126.82794795191872,20641617
2022-05-12,123.3932113647461,125.71998691437676,121.62041979597117,123.98414188767107,10406343
2022-05-13,124.61199951171875,128.26836601115983,124.09493951793985,125.57226022648675,11590435
2022-05-16,126.82797241210938,127.6405032579421,123.98413699381845,125.20292199150573,7437937
2022-05-17,136.31976318359375,136.65215807063424,127.89902884254994,128.08369392102378,28092052
2022-05-18,137.0583953857422,138.49878044819147,134.28841977677837,137.6493257698664,15425248
2022-05-19,133.84523010253906,135.54415086900573,133.47589999117938,133.77137084290342,9396007
2022-05-20,137.3538818359375,138.01868287489154,135.58110160751707,136.28282664497257,6365038
2022-05-23,136.1350860595703,137.94480141427363,134.73162482471358,137.3538709612319,7794071
2022-05-24,134.6947021484375,137.9448027654096,133.84523609166314,135.50722166715002,8572565
2022-05-25,133.4759063720703,137.05841313194725,132.9957817127743,136.06121727518038,7926434
2022-05-26,135.3594970703125,137.3908128517224,131.29686550749275,135.87655701500455,23140556
2022-05-27,134.3253936767578,139.3482752089571,133.32819766227138,136.28283916171227,16408080
2022-05-30,138.27723693847656,138.79429701030477,134.8424702810582,135.9135257022161,10577525
2022-05-31,142.48757934570312,144.22343570512456,136.79989681154453,137.39082735545796,21380248
2022-06-01,144.81436157226562,145.73768699510453,142.709175099768,143.66943579373293,30867456
2022-06-02,146.40248107910156,147.1411414390073,143.5217101838943,145.14676072147438,17646759
2022-06-03,145.5160675048828,148.47070846944897,144.92513705775744,147.73204822830743,25335178
2022-06-06,143.92794799804688,145.3683331690581,142.70915187560624,145.14673284942702,22020642
2022-06-07,145.92234802246094,147.6951282765965,143.0046420216261,143.0415660206632,12961285
2022-06-08,145.99618530273438,149.17242644481883,145.14673057370425,146.25472088342718,13059792
2022-06-09,146.8087615966797,148.02754680717,145.1467756163399,145.4791705581951,10562238
2022-06-10,146.62405395507812,147.21498438643914,144.96206845684677,145.77459920885073,6741014
2022-06-13,141.12106323242188,145.8115497292014,140.0130726987013,145.25755446234112,8516696
2022-06-14,141.97052001953125,143.6694411146887,139.6806796487214,139.6806796487214,6727598
2022-06-15,140.3823699951172,143.18928094396446,139.71756906796236,141.93354961635865,5805589
2022-06-16,132.88499450683594,142.41371993149056,132.2940752345687,141.49039447974474,14490962
2022-06-17,134.91629028320312,136.54135185160723,132.5156444684055,132.95884512725405,15215695
2022-06-20,130.63206481933594,134.36228992502134,129.0808738441155,134.36228992502134,23276003
2022-06-21,136.5044403076172,137.1322948671948,131.48154747568194,131.48154747568194,7564329
2022-06-22,132.47872924804688,136.46749035765376,132.2201936347498,136.46749035765376,6560404
2022-06-23,130.85366821289062,134.43617519209366,129.15475853225752,133.18045493077545,9304799
2022-06-24,130.41049194335938,133.25432763500208,129.1178362823228,131.96167197396554,8171322
2022-06-27,134.47311401367188,135.027109255746,131.07527202052574,132.9588580977902,7063839
2022-06-28,137.68626403808594,138.09252942373897,133.51283819625388,133.80829778342294,9844211
2022-06-29,139.42210388183594,140.53009411136046,135.65493259302878,137.39078846104098,16856241
2022-06-30,137.09536743164062,139.60680814917967,134.84245107766623,138.9420183330848,8693744
2022-07-01,135.3594970703125,137.50160738592015,130.44741068914595,136.65215256757332,17248729
2022-07-04,134.47311401367188,137.16921968334114,132.29406831572607,135.35950414677808,8780396
2022-07-05,134.76856994628906,136.7998857783054,134.25150998871544,135.1748353669047,5313753
2022-07-06,134.21456909179688,135.06403516675016,131.4815283411647,134.80549956327278,9367397
2022-07-07,137.39080810546875,137.8340087690721,134.02990167448297,135.87655232106184,6322630
2022-07-08,140.19772338867188,141.74890321392948,138.1664076188101,138.1664076188101,14647592
2022-07-11,142.81997680664062,143.52170185360902,138.72040979289838,139.56986464906086,9048841
2022-07-12,143.22625732421875,144.26038872102788,141.89667752570764,142.41373758858018,6942704
2022-07-13,142.89382934570312,144.88820985354704,142.56143447290603,143.2262242185002,7842930
2022-07-14,141.8227996826172,144.37117586020153,140.5670792313067,143.30012051264447,6795141
2022-07-15,142.85690307617188,143.22623324055812,139.90226176108197,142.56144345308775,5610793
2022-07-18,144.4819793701172,145.44222887739846,143.18932366455502,143.66944841819566,7600779
2022-07-19,146.43939208984375,147.4365879189303,143.30008608035152,144.00181105179058,9913955
2022-07-20,146.1439208984375,148.02749533771564,145.8115148010968,147.43657621146517,5519522
2022-07-21,146.69796752929688,147.32582213910442,144.99904626728954,146.1439722006682,6167419
2022-07-22,145.58993530273438,147.62125092771842,145.36833498034218,146.69792564363476,4844223
2022-07-25,148.39686584472656,148.98779640298355,143.74331446722718,145.885425060963,10207034
2022-07-26,149.4309844970703,150.16964481463265,147.39966862377392,148.80311871871754,12853314
2022-07-27,150.28042602539062,151.20375134045332,149.06164111793228,149.5048305065258,7343180
2022-07-28,149.83724975585938,151.4253649283909,148.7292592807736,150.68670461166704,5096403
2022-07-29,156.04197692871094,156.92836696947842,150.13269496217987,150.39123055663995,12477455
2022-08-01,157.14999389648438,157.85171899457103,154.97094805671512,156.96532880377404,7849924
2022-08-02,158.99664306640625,160.47396379176195,156.33746125234094,157.3346572503811,12615631
2022-08-03,156.6698760986328,158.77505148607543,154.2322945127479,158.77505148607543,9949919
2022-08-04,153.0135040283203,157.6670670055912,152.27484359608886,156.7068061894776,8058280
2022-08-05,153.9737548828125,155.30334582902148,151.97937409903054,153.2720297718048,31999040
2022-08-08,159.107421875,159.66141709221247,152.93961521933795,154.74933067468643,16358151
2022-08-10,162.39447021484375,162.83765962879923,159.14435815719543,159.4398290375607,14267910
2022-08-11,163.70501708984375,169.84582497213165,163.25568494580196,169.24671925573966,28800337
2022-08-12,165.98907470703125,166.43840681027345,163.06845031692708,164.00454934285662,8861089
2022-08-16,166.92520141601562,168.0485204334235,165.09044930631447,168.0485204334235,7844356
2022-08-17,165.83929443359375,167.37449905935713,164.86574920064697,167.37449905935713,6119157
2022-08-18,166.06398010253906,166.73796688277892,165.2027735025669,165.83931403346213,4233196
2022-08-19,162.61912536621094,165.98908200777913,161.5332527337704,165.98908200777913,8783707
2022-08-22,163.48036193847656,165.4648876154153,160.2976247487121,161.45839000920103,10390480
2022-08-23,166.88775634765625,167.5242968955913,162.2072607290546,162.50680787784862,9344364
2022-08-24,167.48683166503906,169.24670238899495,166.25118553255257,166.8128449431355,10825973
2022-08-25,168.4229278564453,170.1079060599193,167.5242750999905,167.5242750999905,13077805
2022-08-26,172.2047576904297,173.7399622282756,169.6211269168294,170.5197796084744,12673156
2022-08-29,172.69155883789062,173.44043808449555,165.80186062753302,165.80186062753302,8757016
2022-08-30,175.8368682861328,176.3610815296975,172.87879722952562,173.59023030486279,12991363
2022-09-01,172.46688842773438,177.3346034078698,171.90522900694953,175.49985158537064,9682321
2022-09-02,171.71803283691406,174.07699815812467,170.89426100224182,172.99112541386887,4599518
2022-09-05,173.4404296875,174.00208909526134,171.1188995646238,172.2422183801465,4909470
2022-09-06,174.26419067382812,175.7245028545689,172.99109829643848,174.26419067382812,5307321
2022-09-07,178.86984252929688,179.20683596121606,174.0021266124861,174.4514473793809,12751679
2022-09-08,177.07249450683594,180.10545772269944,176.0240681387058,180.10545772269944,7677716
2022-09-09,177.9337158203125,178.23326295195653,174.7509789818847,177.8588233239062,8436280
2022-09-12,173.3655242919922,179.01956419468823,170.74444725086056,178.60767837425544,19053188
2022-09-13,173.2157745361328,176.2112915659769,172.72899616258877,174.26420092578198,9884429
2022-09-14,173.70252990722656,175.0879610120012,171.90522437988798,172.3545450482277,7705022
2022-09-15,175.4249725341797,175.94918574835,173.92721396398392,174.56376592711354,5386854
2022-09-16,173.02854919433594,175.23774064787477,171.90523034402906,175.12541333364018,8750965
2022-09-19,172.16732788085938,174.22674573315192,171.26867510343882,172.95365334622363,4011597
2022-09-20,172.12989807128906,175.0879687870959,171.26868008816177,172.99110462742598,6890375
2022-09-21,173.40301513671875,174.2642218152375,170.10793915270747,172.12992253182458,5673523
2022-09-22,170.03302001953125,173.2157565329427,168.87225500571273,172.20476506965153,7677219
2022-09-23,166.88775634765625,169.95815461726417,165.50232507375367,168.49784226965872,5495315
2022-09-26,161.3834686279297,166.32607595020747,159.13683101361977,165.50230425416456,7832594
2022-09-27,160.18527221679688,164.528774293537,159.32406562206853,161.75792326376876,5795048
2022-09-28,157.86373901367188,159.8108180943542,156.44086166514532,158.5377257287177,6134706
2022-09-29,160.18527221679688,161.1213713097585,157.75141457509665,158.61263259681587,8962595
2022-09-30,158.94961547851562,161.75791257177562,155.65455145988662,159.51127489716762,12875386
2022-10-03,160.9716033935547,163.25568754599553,158.98707781757648,159.51129104264703,11397506
2022-10-04,167.1873016357422,167.7489611037234,163.33057785973426,163.48035143246437,10862095
2022-10-06,174.86329650878906,175.3126286080873,168.23571089258502,168.49782318834065,12795784
2022-10-07,172.017578125,174.90076808796047,170.59471198278072,174.48888217511018,14641624
2022-10-10,172.12989807128906,173.73998386823735,169.6960405386521,169.9955876641805,10850668
2022-10-11,168.83480834960938,172.9536438275093,167.74893582719727,172.9536438275093,19154740
2022-10-12,173.8148651123047,174.48885181461247,168.90970411709682,168.90970411709682,9256951
2022-10-13,175.6496124267578,176.43593784431698,173.06598156362577,173.8897417982678,7231841
2022-10-14,176.99761962890625,178.9446988702412,176.24874036062567,178.9446988702412,6241886
2022-10-17,178.2332763671875,178.64516227444273,174.41398730280832,176.99763007241324,5623812
2022-10-18,181.00411987304688,181.34111326398835,177.3720622175805,178.60770846002958,6674374
2022-10-19,178.38302612304688,181.97764862826241,177.4843733534905,181.22876941580043,13886387
2022-10-20,180.4799041748047,181.603223080457,174.93820214438296,177.48438709306518,10755972
2022-10-21,178.75746154785156,180.74199827064825,178.27069464193352,180.4798859816218,3285505
2022-10-24,180.10546875,181.00412161013193,179.7310291060291,180.40501589438028,730136
2022-10-25,179.6935577392578,180.4424369225237,178.195799372726,180.10544357545197,6976548
2022-10-27,180.40499877929688,180.92922337271565,178.98213283799168,180.44244502553966,6422639
2022-10-28,183.02609252929688,185.57228895235042,180.14291414066597,181.22878681760466,14076967
2022-10-31,184.1868438720703,185.34760896106286,182.38953829536516,184.22429011887462,8365329
2022-11-01,183.9622039794922,184.97319565203077,182.16489814719225,184.97319565203077,8813106
2022-11-02,184.0745391845703,186.92028288663607,181.3411228097343,183.96220043034901,14974441
2022-11-03,184.37408447265625,185.422522366468,180.4799143326204,182.72655227037086,6754654
2022-11-04,184.26173400878906,186.24625936714156,183.84984815319044,184.74850093004835,5511411
2022-11-07,186.8828125,188.23079738762718,184.7859483889122,185.19783424721356,10513106
2022-11-09,191.56332397460938,197.25479970183147,190.62722486549478,191.33865790302366,40391668
2022-11-10,189.91578674316406,195.08304911633203,188.79246784230227,193.17341612645959,20832572
2022-11-11,189.65367126464844,193.88483448317209,189.01711932731735,193.80994198690118,20165337
2022-11-14,185.12295532226562,191.9003150767146,184.41152229323308,190.62722258892094,18762693
2022-11-15,185.08306884765625,190.4246964728848,183.84733115676067,186.87689575205374,20225373
2022-11-16,187.27554321289062,187.75390196932574,183.68788903513283,186.03980539490888,9764275
2022-11-17,185.2824249267578,187.1559827619013,184.1662705772064,187.1559827619013,5737884
2022-11-18,183.01022338867188,186.19924923847609,181.9339222982957,185.32226226371264,6413585
2022-11-21,182.9304962158203,183.6878874359416,180.73804090405588,182.57173323420162,6430876
2022-11-22,182.65145874023438,183.92706176936863,181.49542714813683,182.21296525686992,5885877
2022-11-23,183.84735107421875,184.24597931838213,182.5717358268285,183.36899231515525,5693274
2022-11-24,182.173095703125,184.8040443760724,181.25625566740396,183.96692268488445,8198891
2022-11-25,184.4851531982422,186.27898036178885,181.61503703566896,183.08995429326146,10046363
2022-11-28,183.24940490722656,185.5614438093531,182.09337329099498,183.8074820044466,8146840
2022-11-29,181.1366729736328,184.4054294645565,180.45901225294676,183.52844245523494,6628470
2022-11-30,181.17654418945312,182.45215948765772,180.61846705842703,181.13667893041503,12154948
2022-12-01,180.2596893310547,183.6878823552203,179.30297185297604,182.0933694453133,22435771
2022-12-02,180.65834045410156,181.77449476642403,179.62190449827662,180.259712176105,6325649
2022-12-05,184.3655548095703,184.80404829188075,180.5785866567251,180.65831716811536,8732711
2022-12-06,184.6844482421875,185.3621210777863,182.97035177355679,184.9634928604147,7394839
2022-12-07,183.169677734375,185.08308843550017,182.33255599069452,185.08308843550017,4519547
2022-12-08,183.68789672851562,184.3655696343202,182.5717424703106,183.08995434051243,3135706
2022-12-09,182.45213317871094,185.2425305966452,181.6150115202972,183.8074666343884,4197165
2022-12-12,185.2824249267578,186.31886091715273,181.854231353777,182.05354549942334,7881379
2022-12-13,184.604736328125,186.916775203348,184.24597335302738,186.0796534846748,4878457
2022-12-14,185.08306884765625,185.92019050274186,184.4452734582265,184.76417115294137,4730078
2022-12-15,181.93389892578125,185.44183420901263,181.53527074576633,184.88374502485843,5221433
2022-12-16,179.10366821289062,183.28926484616252,178.02737923486484,181.7744823592364,7757065
2022-12-19,181.21640014648438,181.654893643057,178.98407957179796,179.10366317760486,4073907
2022-12-20,180.2596893310547,180.89748476288304,178.06723407993255,180.89748476288304,3784271
2022-12-21,178.46585083007812,181.53528068514996,177.03078687041872,180.5785754337661,3675466
2022-12-22,177.5489959716797,179.98063039903002,174.67888026109443,178.665162218991,4755089
2022-12-23,171.45001220703125,177.7084684128167,170.77233931814163,175.39642943631458,6561011
2022-12-26,175.994384765625,176.67205770440307,170.81221715078215,171.4500248287198,3116608
2022-12-27,176.39300537109375,177.70847376542073,175.1173900707041,176.9909477621822,2961726
2022-12-28,177.94764709472656,178.7847688467753,175.83492225089904,176.3929993638753,3015714
2022-12-29,176.71189880371094,178.86450109126397,175.7551934343367,176.03423807610653,4784105
2022-12-30,179.42254638671875,180.5387004254962,177.19022614399728,177.19022614399728,4102247
2023-01-02,179.18341064453125,181.1366867702475,178.70505184570828,180.77792375371507,4210225
2023-01-03,178.66517639160156,179.98064467599005,177.78818942523048,179.3827023348738,3643132
2023-01-04,173.1242218017578,178.984061187781,172.40669591027904,178.86447759425693,9550461
2023-01-05,173.92147827148438,174.5194205696882,171.5695743315828,172.84518943381784,8815728
2023-01-06,170.8122100830078,175.31670457268808,169.01838290594006,174.59917856792865,12237065
2023-01-09,171.37026977539062,173.56272499089732,170.61287858852188,171.68917965129233,6967190
2023-01-10,172.80535888671875,173.24385242650098,170.77235223148813,171.4101599107014,5400260
2023-01-11,170.13450622558594,174.2005186200849,169.1778010048706,173.24381339936951,7637956
2023-01-12,170.5331268310547,173.00462635939837,169.65615215321748,171.8087418453933,7161675
2023-01-13,171.4898681640625,171.96821473748048,170.25411822702196,170.77233005618345,3671193
2023-01-16,170.41355895996094,172.1276553886959,169.37712318588441,171.8087576882881,3987352
2023-01-17,169.89537048339844,171.52973662885827,168.30085743208608,170.41358235900728,5871758
2023-01-18,172.8850860595703,173.2837143307105,169.97509238114523,170.49331643272913,6441530
2023-01-19,178.5455780029297,179.22325084564596,171.52971887047002,172.80533404552372,12938871
2023-01-20,180.97723388671875,182.77106109484703,177.58889360469868,179.2631371983528,13444947
2023-01-23,183.44871520996094,183.68788241438958,181.13666419075017,182.1731000155572,8736715
2023-01-24,181.45559692382812,184.96352090246214,181.13668700248073,183.5284566693229,4252051
2023-01-25,180.29953002929688,181.77445923565307,178.3861195349885,181.61501038865524,3855827
2023-01-27,177.30982971191406,181.49542607672703,174.83834201464913,180.97721425000785,6171667
2023-01-30,180.0603790283203,180.8177702435228,175.99436615593245,177.3098344683806,6172517
2023-01-31,179.26315307617188,182.05355120263556,178.50574956685256,179.38273670123786,7424552
2023-02-01,175.9146270751953,181.77446672380617,170.73246026070083,181.77446672380617,24008324
2023-02-02,173.5228729248047,176.7517641933681,173.00466106418224,176.19368707458193,6806578
2023-02-03,174.51942443847656,175.95448841901202,171.0912315849114,173.80189853079258,8776614
2023-02-06,175.07752990722656,175.6754722741704,171.92835704252073,174.758620012422,5742881
2023-02-07,175.1572265625,176.3132458957093,173.00463674115042,175.07750822254903,4907167
2023-02-08,176.01486206054688,177.36253467349556,174.9122117677803,175.40228133411807,6316867
2023-02-09,175.23890686035156,177.07664880781113,174.13625670668173,176.42322695611733,4383159
2023-02-10,172.7477569580078,175.11639734008625,172.2985286198933,174.78969261945,4954439
2023-02-13,174.01377868652344,174.54467703165486,170.82835122677216,172.7477759446859,6142208
2023-02-14,172.9519500732422,175.03472693508036,172.4210517878458,174.01375910702106,6758731
2023-02-15,173.8912353515625,174.62633966497225,171.76762974867984,172.3393692393411,9612884
2023-02-16,175.97398376464844,176.83159909349547,174.054572037498,174.38127670420917,13093683
2023-02-17,177.64840698242188,178.26098769615436,174.95304934940162,175.48396011242835,7243093
2023-02-20,178.3018035888672,178.8327018135339,176.38237930648484,177.93425770540676,8479587
2023-02-21,174.83053588867188,179.0369184156931,174.2587963893175,178.71021369120098,4655766
2023-02-22,173.0336151123047,176.30071183408162,172.82942156719363,175.23890290690713,6003852
2023-02-23,175.52479553222656,176.38241105666805,173.52370095052112,173.9320881085421,6219715
2023-02-24,177.28085327148438,177.48504683377288,175.36142880077796,176.4232378172754,5154174
2023-02-27,177.19920349121094,178.05681910334303,175.68817832982415,177.24004470378642,4841279
2023-02-28,175.93319702148438,177.1991998070734,173.1561691059242,176.91333625096493,6054079
2023-03-01,178.66937255859375,178.87356612723215,175.19808189174108,175.93317375364475,4510175
2023-03-02,182.01815795898438,183.32498936276315,177.52589930358457,178.66937833976436,11354939
2023-03-03,182.0998077392578,184.95851747602163,181.65057943088357,182.87574074663948,7089438
2023-03-06,183.69252014160156,184.1825896669296,181.11968629109373,182.09981287876406,4771341
2023-03-08,183.6517333984375,183.89675575414836,181.85481970330065,183.6517333984375,4271464
2023-03-09,183.61083984375,185.36689936169202,182.67154205032807,183.65168104572226,4263468
2023-03-10,183.24331665039062,184.01924973203865,180.87466373542878,182.0998251684477,3670173
2023-03-13,180.34376525878906,184.38679549124905,179.15944503394536,183.12079285242166,3877606
2023-03-14,180.54795837402344,181.97731337421567,178.75105743780765,180.3437648025674,5723922
2023-03-15,179.60867309570312,182.30403092102895,179.36365076311776,181.28306299196518,2992144
2023-03-16,180.38461303710938,181.69144446754927,176.70912860770656,178.50602961392832,4988245
2023-03-17,181.03802490234375,184.55015700701614,179.77203466372973,181.32390090247495,15720256
2023-03-20,177.28085327148438,180.9971785977325,176.178203049932,179.6903348138916,4244575
2023-03-21,177.28085327148438,178.83271935968267,176.3823966122205,178.17929746776224,3998751
2023-03-22,174.74887084960938,177.15835270550218,174.05462012529455,177.15835270550218,9675449
2023-03-23,174.2587890625,175.40226801313048,173.4828435642302,174.09542424413635,4730918
2023-03-24,170.256591796875,174.7080090158519,169.88904587292024,174.17711073269348,6611089
2023-03-27,170.2157440185547,171.6859401205892,169.56233460697104,170.29742642649546,4002212
2023-03-28,170.62416076660156,172.54358551970824,170.2566147930033,171.0325479512636,6157526
2023-03-29,173.9320831298828,175.52479050797737,170.2157576056711,171.48176025189528,16734166
2023-03-31,174.50384521484375,175.03475605154156,172.4619092190558,173.3195248298844,5139018
2023-04-03,179.81285095214844,180.38460291279932,174.6263418039937,174.87137657813176,7754066
2023-04-05,181.73228454589844,183.16163959288863,179.935383550851,179.935383550851,6491910
2023-04-06,181.07887268066406,182.26319300719703,179.9353935646297,181.69145344917985,4589598
2023-04-10,181.3647003173828,183.3249532685975,180.62959611343908,180.87463084808698,3498235
2023-04-11,182.6715545654297,183.20246530147253,181.32388204890918,181.93646273150685,3995959
2023-04-12,185.97950744628906,186.22454223129603,182.6715690061621,182.95744499916802,5136012
2023-04-13,184.18260192871094,187.57221023843493,183.32498643378483,186.1428552345536,3478451
2023-04-17,187.5313720703125,187.8172355789312,184.10091026300086,184.18259267288389,6265943
2023-04-18,189.65499877929688,189.8183511542893,187.24551697494306,187.53139297842034,8004952
2023-04-19,188.18479919433594,191.6152613242483,187.04132012635654,190.79848700055243,7424582
2023-04-20,187.49053955078125,189.08324691339396,187.12299361525316,187.77640307264244,2589165
2023-04-21,187.89892578125,188.2256305083591,185.77530766608152,187.85808457461474,2459508
2023-04-24,189.12408447265625,189.4916304010956,187.49053593471575,187.49053593471575,2587030
2023-04-25,188.062255859375,189.736645429113,187.77637990979107,188.79734763975512,2570946
2023-04-26,187.65390014648438,188.38899204978503,186.22454508552093,187.858093726622,3439487
2023-04-27,189.28744506835938,189.90002579673595,187.16382689145922,187.6538964593552,3349374
2023-04-28,190.39007568359375,191.7377481615156,189.1649143534882,189.90000616635731,4771074
2023-05-02,192.8404083251953,193.94304610157133,190.39008553815592,190.47175548659885,3773537
2023-05-03,193.49380493164062,195.16819455099798,191.6152342232247,192.79955433248247,4523385
2023-05-04,193.94305419921875,194.39228255486304,191.24769652833967,193.45299709914136,7248108
2023-05-05,193.9021759033203,194.39224537264676,192.75869709220436,194.2697342368073,3043479
2023-05-08,190.1859130859375,190.63512900970852,187.85810119463503,189.90003707718543,9711437
2023-05-09,193.0446014404297,195.04569588591295,190.7167898129783,191.7785988441489,7318928
2023-05-10,193.2079620361328,193.77970155021683,191.57441344561465,193.53466676904176,3650159
2023-05-11,192.88124084472656,194.51478940140598,192.513694912071,193.2079580338543,2675726
2023-05-12,191.98280334472656,193.77970432745224,191.32938140655716,192.88124760459598,2348435
2023-05-15,194.14723205566406,195.69911057107305,191.00265874670407,191.61523941944787,4217892
2023-05-16,196.80177307128906,197.4143538211248,193.94306290538907,195.0048720310351,6016484
2023-05-17,197.33267211914062,199.04789063878783,196.63840899212545,196.8017613564271,4968232
2023-05-18,195.69912719726562,198.39447241594064,195.16821642465786,197.6593805313905,3512113
2023-05-19,195.94412231445312,197.3326484015956,193.00374272146993,196.02580471827974,3810543
2023-05-22,194.96401977539062,197.00595549248308,193.94305191684438,195.5357592835792,2891415
2023-05-23,195.45408630371094,196.1891781652778,193.41215061826261,195.16821032255365,3213453
2023-05-24,196.8426055908203,197.250992739349,194.3922826996483,194.63731748136283,2422138
2023-05-25,196.06666564941406,197.82272534152494,194.31059349431692,197.04679227903375,3810138
2023-05-26,197.25099182128906,198.0269249072848,195.29073850266968,195.86247801535146,2646742
2023-05-29,201.00816345214844,202.274153667146,196.67925709984013,197.2918378347049,8069985
2023-05-30,199.53794860839844,201.8657477062518,198.72117437133008,201.13065587808458,4657906
2023-05-31,197.0467987060547,202.4783427836383,195.4540913231005,202.4783427836383,15727646
2023-06-01,188.1439666748047,189.40995688075074,187.16382753563929,188.18479541978087,35509867
2023-06-02,188.5931854248047,190.63512122396014,186.3062273001402,186.63293204281024,36400588
2023-06-05,187.61305236816406,188.83821380608805,187.40885879517674,188.26647429432086,19807347
2023-06-06,186.06117248535156,188.38897156804893,185.20355704941645,187.69472094885248,13495524
2023-06-07,188.42982482910156,189.0832467489089,186.30621916846079,186.83711746787435,21853324
2023-06-08,186.30621337890625,189.00155846199937,185.93865499213342,189.00155846199937,8538256
2023-06-09,185.93865966796875,187.40885586307294,185.69363735460675,187.00046872348767,5137982
2023-06-12,187.0413055419922,187.24549910699434,185.1218810457773,186.42872484698566,4261576
2023-06-13,187.00050354003906,188.10315400740998,186.22457032295782,187.8581191854399,5574798
2023-06-14,187.00050354003906,187.7764367571203,185.8570243214971,187.7764367571203,7034468
2023-06-15,186.71461486816406,187.5722179352946,186.14286287276093,187.2046719832405,6363240
2023-06-16,186.6737823486328,187.61306787682406,186.22455395832878,186.63294113806197,8518319
2023-06-19,185.5302734375,186.87795848252696,185.0810575521442,186.63292370497786,8210198
2023-06-20,185.61196899414062,186.0203561646448,184.18261389737606,186.0203561646448,5024593
2023-06-21,186.59207153320312,186.87794750070879,184.9585230628525,186.06117326553348,4705567
2023-06-22,185.36692810058594,187.53138751083873,185.0810645684305,186.55124836348585,6566989
2023-06-23,184.50930786132812,185.85699292299245,183.61086361653855,185.48944698362462,3881707
2023-06-26,183.20248413085938,184.95854394959792,182.34486859448052,184.59099799486046,6145625
2023-06-27,183.89674377441406,185.24442895797335,182.87577581549996,184.87688298536185,6282912
2023-06-28,185.61196899414062,185.938673745349,183.07996355181987,183.8967378928282,19512531
2023-06-30,188.6748809814453,188.96075699843055,185.20358988113733,186.14287542896668,7850296
2023-07-03,189.20574951171875,190.92098041723915,187.7355658361138,189.08323835974699,7860203
2023-07-04,189.3282928466797,190.14506717952733,188.10313134740824,189.69583880386367,3662791
2023-07-05,189.00157165527344,190.18590438334965,187.93977501532333,189.328288859324,4859892
2023-07-06,191.61526489257812,192.7587439818518,188.67487228732105,189.00157703768858,7254947
2023-07-07,191.1251678466797,192.63620514177288,189.24658464447845,189.49161940354566,6393850
2023-07-10,190.92100524902344,192.43204278913055,190.18591331561262,191.9419731915316,6223180
2023-07-11,191.1251678466797,192.5953639380974,190.71678073589618,190.9618154949634,10775084
2023-07-12,191.45187377929688,193.82052651484008,190.83929310918865,191.94194330057772,11313272
2023-07-13,187.7764129638672,192.18700181149393,187.04132105408968,191.94196702057238,20205328
2023-07-14,188.71572875976562,189.57334437757657,187.65391954071345,187.8581131419547,7390502
2023-07-17,188.02142333984375,190.02251769038077,187.61303622900004,188.6748452097908,4963515
2023-07-18,186.4287109375,189.85916008099278,185.85697149074875,187.613031033553,6168942
2023-07-19,186.71461486816406,187.77641151565655,186.3878976617927,187.2046719832405,5247533
2023-07-20,187.65390014648438,188.42983325840996,186.0203515053833,186.75544340868396,3195629
2023-07-21,187.0413055419922,188.26646693200522,186.6737596175855,187.53137508319185,3903407
2023-07-24,188.63400268554688,189.49161810491188,186.6737495524144,187.04129545700354,3456895
2023-07-25,187.81724548339844,189.7775112570912,186.91880124223584,189.73667004999595,11024983
2023-07-26,188.2664794921875,188.8382190197399,186.95963560379315,188.30732070050988,7574284
2023-07-27,187.08216857910156,189.40996801397668,186.3470641815192,188.67487607938193,7837850
2023-07-28,185.48944091796875,187.81724009983535,185.28524735133206,187.5313765843357,8817344
2023-07-31,187.24549865722656,187.8172381452621,185.2852454231087,186.63291796369148,19422170
2023-08-01,196.3116912841797,197.08762431055086,187.0004575787684,187.85807301338315,22409256
2023-08-02,191.57440185546875,198.5986528919415,189.7366598023182,196.96510440025213,25003960
2023-08-03,187.89892578125,192.02363839168123,187.4088562275999,191.57441004466637,13949266
2023-08-04,190.92100524902344,193.16713472254136,188.26648859850226,190.14507210531477,6725977
2023-08-07,190.26756286621094,192.75872687134034,189.73666457824285,191.73775903833538,6744074
2023-08-08,188.062255859375,192.26863792163283,187.28632287719932,190.30838486529586,13828141
2023-08-09,191.73777770996094,192.51371084600865,188.34816915949526,190.51261619104744,35271302
2023-08-10,191.8602752685547,193.41215389356725,191.4927293315471,191.7377641105477,10749822
2023-08-11,191.8602752685547,192.43202724055152,190.92098982253682,191.12518339453953,6132454
2023-08-14,191.04348754882812,192.92207077177264,188.42981250355066,192.75871841825264,6092872
2023-08-16,190.3492431640625,191.77859811439532,189.57331011219333,191.12517621593167,4576249
2023-08-17,189.73666381835938,191.0434951615802,188.75653719519718,190.88014280155087,5602132
2023-08-18,189.03024291992188,190.27687017067717,188.65625728096495,189.90288453172022,6904019
2023-08-21,191.2326202392578,191.81437707116166,188.6562522505221,189.0302378795069,4955953
2023-08-22,191.77281188964844,192.8532246337469,190.90017033936326,191.48192714577095,4280368
2023-08-23,191.89747619628906,192.39613215129373,191.39883292263215,192.1883609502664,2524601
2023-08-24,190.5261993408203,193.35188272088206,189.9028857115701,192.6870249947604,6378317
2023-08-25,189.23800659179688,191.23261772237692,189.07179216791877,190.31841936902595,3890957
2023-08-28,190.69239807128906,191.19105400617065,189.07178530494468,189.90287007551586,3360861
2023-08-29,191.1079559326172,191.48194157339037,190.11065666343927,190.69241351368072,3112560
2023-08-30,190.11065673828125,191.7728264146815,189.90288552873122,191.23262634239072,4086281
2023-08-31,191.19105529785156,191.52348413578704,189.81975780833636,190.31841374658686,10403460
2023-09-01,196.88397216796875,197.17485690295655,191.68969248137876,191.73124925514085,14869577
2023-09-04,205.9428253173828,206.89856780819412,197.92284902480574,198.42150499996274,24785966
2023-09-05,212.217529296875,212.67461583604648,205.69350791275906,207.23102001414145,19654487
2023-09-06,212.5915069580078,214.2536639750311,209.89048119815382,212.71616461284634,13346191
2023-09-07,227.71725463867188,228.34056829187992,211.7604276528157,212.75772696167883,72255521
2023-09-08,234.4490203857422,236.4020746819111,225.1408607493213,228.21588456564638,41855413
2023-09-11,231.83111572265625,236.19431093427943,230.4182614138144,236.0280838287585,14505153
2023-09-12,225.01625061035156,232.7453305139374,223.56185194528004,232.7037864114439,17547706
2023-09-13,232.41287231445312,233.95038435343602,223.56182376935803,225.63953588617363,17607568
2023-09-14,230.66754150390625,234.53210553453061,229.96113981999483,233.78410903654427,12033796
2023-09-15,232.12200927734375,236.15277623387482,230.66761065940878,231.45715148279598,13288180
2023-09-18,233.74261474609375,234.98924202473958,228.09124789464474,232.1219891387754,8754852
2023-09-20,236.27737426757812,239.35239785735035,231.95574896832494,232.28817778169937,18615797
2023-09-21,233.0777130126953,238.35508053929817,231.5402012533853,236.77602469028741,11071899
2023-09-22,235.4879150390625,237.77339854853113,232.03891772458596,232.7037755095337,8691024
2023-09-25,239.39395141601562,240.1834920713623,233.65947172975714,236.27738361232147,9118957
2023-09-26,238.31358337402344,242.17812289673844,237.8149273859673,239.72643777973292,11256196
2023-09-27,242.30279541015625,243.84030756647985,236.44365693865396,239.352454124191,12805340
2023-09-28,241.18084716796875,244.46361729232228,240.18353514684716,242.30279148835768,12432497
2023-09-29,245.3362579345703,247.247742945033,242.17812028605766,243.34163400384784,8640829
2023-10-03,242.59364318847656,246.915294206995,241.0977007235174,246.8737247502104,9348540
2023-10-04,239.31089782714844,242.26123896274788,237.6071586305467,241.67946941021123,6338888
2023-10-05,240.4744110107422,241.4716976321625,235.9449883466959,240.01729911689773,8687014
2023-10-06,239.18618774414062,241.84566916526256,238.5213300702074,241.80412507165218,3741467
2023-10-09,239.18618774414062,240.1419555241246,235.23853506876264,237.731789390054,4647845
2023-10-10,252.0264892578125,252.5666893559822,239.1862177474137,239.56021608759917,23283411
2023-10-11,250.86294555664062,253.48085753735634,248.86834716003312,253.1068592418135,12321154
2023-10-12,255.30931091308594,256.8883672710772,250.9045453892469,251.44474554294123,15375295
2023-10-13,255.93260192871094,258.3427430363062,253.02380481475507,253.48089135901176,9516879
2023-10-16,259.2984924316406,260.6697774633067,254.7690695181238,255.84949512087488,10535107
2023-10-17,263.78631591796875,264.5758566394207,259.3815765316996,260.12954779467225,7760527
2023-10-18,263.41229248046875,265.7393193776359,261.99943841688736,263.7447212711082,9662837
2023-10-19,261.62548828125,262.37348490108786,256.6805488748628,262.0410306866285,8977527
2023-10-20,259.630859375,263.20453885997927,257.30383232272396,259.71397291887257,6009115
2023-10-23,254.39503479003906,260.00485658224136,253.48083653654905,259.7555159516391,8086150
2023-10-25,257.8856201171875,259.8802440574561,253.48088053493785,254.39507894711144,7253336
2023-10-26,253.6886444091797,256.92987017430073,251.73558998574256,256.92987017430073,8329092
2023-10-27,260.9190673828125,263.5785233649438,254.31193347586208,254.31193347586208,10503070
2023-10-30,261.4176940917969,262.4565500138954,259.2568940639867,261.79169236882973,6229982
2023-10-31,261.1684265136719,263.2876828367227,258.2596294005522,263.2461387373288,7446586
2023-11-01,254.85218811035156,262.45661012936057,254.18733031300073,260.2958096066208,9593653
2023-11-02,256.6805114746094,259.96328078115863,255.39231498801828,256.76362501611396,7071960
2023-11-03,259.2984924316406,261.54243183814776,257.8856379367733,258.13497862788455,4658440
2023-11-06,263.07989501953125,265.5731495306474,260.12955399312233,260.2957811056086,10340818
2023-11-07,261.1684265136719,264.94985261564824,260.66977050745464,263.0383675149631,6826885
2023-11-08,263.78631591796875,264.4096295308953,261.4177191163088,262.6228022463784,6424833
2023-11-09,268.8974609375,269.6870015957237,262.3734659348155,264.65894899918607,15503280
2023-11-10,268.7728271484375,271.05831041562266,267.23531515070096,269.64548143170765,8445203
2023-11-13,290.3395080566406,290.87970815639153,274.5073258665098,276.75126518879534,42178783
2023-11-15,291.37835693359375,298.3594646837379,289.71618721390723,298.3594646837379,35092206
2023-11-16,287.3891296386719,294.6195779448802,286.5996142524884,293.3729506757199,17617280
2023-11-17,286.9320373535156,289.6746071454874,284.4803269616801,289.21752063439084,13542916
2023-11-20,289.0097351074219,292.8742743001583,285.85162305722105,289.2175063044797,19032608
2023-11-21,290.4874572753906,294.22501704400287,285.83721905680153,291.1828085959851,15148068
2023-11-22,288.70550537109375,293.70341802016384,286.8367259466307,291.87808809531424,7599447
2023-11-23,290.7047424316406,292.0954449989318,286.8367812857403,289.0097872045717,6186567
2023-11-24,289.2705078125,293.31231963021304,288.66208213282863,291.48698953930204,7054445
2023-11-28,297.2237548828125,297.7018055660419,289.70513331709935,291.0089368451258,10791886
2023-11-29,297.5714111328125,299.8747919104128,293.87730137739436,298.13638731962783,14149513
2023-11-30,297.3975830078125,299.87481504599134,293.8338480165685,299.87481504599134,11959336
2023-12-01,301.3089599609375,305.1769206519002,297.65832636224775,298.83172819964386,15105221
2023-12-04,308.3060607910156,312.9128222865211,304.7857756247231,305.1769272629607,22705896
2023-12-05,309.04486083984375,309.8271641146181,304.2207987837944,309.17526240293853,15782945
2023-12-06,306.0895690917969,315.0858177450166,303.7427389165751,309.2621520204537,14817158
2023-12-07,305.915771484375,307.52377457848036,302.83008728892804,307.52377457848036,8507659
2023-12-08,305.09002685546875,311.5221189825591,301.5262918918529,305.95922921118233,13444251
2023-12-11,307.3934326171875,311.6959952358135,305.0900514937218,305.0900514937218,11420609
2023-12-12,302.0478210449219,308.2191631254184,300.00519018734155,307.82801145181435,8789103
2023-12-13,300.04864501953125,304.04695438475716,298.74484156757956,303.69927876942654,8091533
2023-12-14,302.1347351074219,305.26386879951644,300.5701549983996,303.52546414012505,13142466
2023-12-15,304.2208251953125,308.00186075650157,302.87357215125644,304.2208251953125,14331890
2023-12-18,302.17816162109375,305.3072950750957,297.52792420586354,305.08999450920595,7959685
2023-12-19,318.95379638671875,321.3875522300078,301.1785986415083,301.1785986415083,28937243
2023-12-20,306.0895690917969,323.16938811402684,304.22078954691256,320.73563240803065,23224408
2023-12-21,309.00140380859375,310.131356137599,300.8309078597727,305.1769191650975,10028664
2023-12-22,315.7377014160156,319.3448852667148,309.7836609980949,312.0435920395034,13916380
2023-12-26,318.17144775390625,323.1693602948013,315.0857906216449,316.2157428465995,11910267
2023-12-27,317.78033447265625,320.90946774557773,314.99887677984907,318.99721226602946,7890042
2023-12-28,331.1225891113281,332.46984191262175,317.9541545442282,318.82335674530697,28310022
2023-12-29,326.820068359375,331.77453213371336,325.2989643178087,331.6006810614403,8859317
2024-01-01,331.8614501953125,336.20746199213926,328.08044115283394,328.38464075785106,11124690
2024-01-02,341.292236328125,344.0736939606009,333.9909432003081,336.72892480749624,28363847
2024-01-03,334.251708984375,343.16103189647026,333.64328333521485,343.16103189647026,12903439
2024-01-04,334.42559814453125,338.81505932266293,333.6867708551363,337.0766546539454,11039940
2024-01-05,333.990966796875,337.68507638408835,332.46986284919893,336.2074219388239,8369460
2024-01-08,330.64453125,337.81544982670954,329.6449539657088,335.9032207884889,9424716
2024-01-09,334.9471435546875,337.207075055411,332.1222358102711,333.46948889338137,9473743
2024-01-10,332.0787048339844,335.38168925809504,326.68966686719426,335.38168925809504,9670366
2024-01-11,334.0778503417969,338.0327094983414,333.1651721723251,335.07742750517076,9163771
2024-01-12,331.25299072265625,335.3382254800395,329.9057112872839,335.3382254800395,7471050
2024-01-15,334.338623046875,337.16353021480484,331.51371587894516,332.469843610203,7490747
2024-01-16,331.9483337402344,336.33782101526714,327.7326975254604,334.9905416131304,10165133
2024-01-17,329.99261474609375,334.94707796885825,327.86308524054834,331.8613941982079,10996538
2024-01-18,326.51580810546875,332.51329810850126,319.866416438499,330.9921942259812,12493835
2024-01-19,333.12176513671875,334.55594355618825,329.51458107382643,330.8618339623695,15893456
2024-01-23,326.21160888671875,351.8530764464427,324.7774304131443,350.723124079614,16406737
2024-01-24,332.5567626953125,337.0765981608968,325.29891911462016,330.1229806514326,22938994
2024-01-25,338.46734619140625,340.4665272544891,334.9470877376834,336.2074150672873,13440949
2024-01-29,358.8066711425781,360.4581766059003,340.29267419157617,341.50955201248695,27149058
2024-01-30,349.8973693847656,361.41429966655835,349.0716431291874,361.3708501626669,14159072
2024-01-31,353.0265197753906,355.6341267561656,348.028606395572,352.07039191058317,23750822
2024-02-01,353.5045471191406,358.02438266618805,349.85388725049614,355.3298505275167,8862155
2024-02-02,364.89111328125,367.58564570426745,356.06871528129443,357.0682926165891,25177075
2024-02-05,382.66632080078125,391.1410434079536,362.54429242842866,367.88988138314744,31418925
2024-02-06,389.9675598144531,392.010190279636,380.0586600881837,386.62112605565727,13386526
2024-02-07,393.44439697265625,400.311089509055,389.22876071408643,394.6178253267248,14430152
2024-02-08,399.1376953125,407.30819139276315,391.14102377167745,395.31318408152936,18790158
2024-02-09,396.5300598144531,403.13597540638995,378.6679384382458,401.74527308763254,17472069
2024-02-12,376.19073486328125,397.61659221140997,373.8004286016071,397.225440576393,19472346
2024-02-13,393.18365478515625,397.96426730232173,377.2337877181507,385.7519594110845,35665854
2024-02-14,405.35247802734375,406.7866564468064,385.0566000126821,392.57519423369956,18592696
2024-02-15,414.4791259765625,418.30361082750983,406.3955285946119,407.6558825519005,18501875
2024-02-16,417.2171325683594,423.8230758058819,415.0441266695658,419.303212926011,14513583
2024-02-19,400.70220947265625,423.6926180018019,395.87814792994726,419.65080659872893,19798448
2024-02-20,392.5694885253906,402.6365107778514,387.73380613594014,402.6365107778514,27899165
2024-02-21,380.6561584472656,396.48202900706207,378.94167840401565,396.48202900706207,19032050
2024-02-22,391.382568359375,393.8883365811605,376.260085821685,385.09618621104534,22083710
2024-02-23,390.28350830078125,395.29504421451276,388.30527467665206,393.8882949377188,9625544
2024-02-26,388.8768310546875,393.2289565665095,387.33820461759103,390.28358059205027,7570244
2024-02-27,388.0854797363281,391.5144127295643,382.5024593487261,388.8767678376117,8343526
2024-02-28,381.7551574707031,389.360361729653,378.37017440992423,387.11834741752114,8893614
2024-02-29,383.9532165527344,390.37147557622455,377.75473445650107,390.37147557622455,11711699
2024-03-01,392.4375915527344,394.59165204429917,385.096141480133,385.096141480133,8411615
2024-03-04,400.3945007324219,402.6804650707416,393.9322651952244,397.27329825323386,11977226
2024-03-05,405.0103759765625,405.9775178227892,398.7679442398393,400.9220316777301,9605493
2024-03-06,405.84564208984375,408.7910176533382,390.8550105097052,406.5929801927471,14061966
2024-03-07,403.2080383300781,409.1866901010781,400.96602379231706,405.8456835522572,9680802
2024-03-11,399.07568359375,406.9446685854263,397.75686109222966,405.31811546724873,7824738
2024-03-12,395.0312805175781,400.74617789822844,392.7453430305275,399.07567479941764,8409613
2024-03-13,366.6766052246094,395.5588233572337,360.47815020371155,395.0312889906331,17803423
2024-03-14,376.0402526855469,377.05134453281926,362.4124206764971,368.3910717285079,20478918
2024-03-15,365.0940246582031,376.3479657994694,352.7410647792541,376.040262018128,25435001
2024-03-18,370.8968811035156,372.3475805966803,363.5993799539518,365.75346759910036,9803914
2024-03-19,368.43505859375,373.31471825490945,363.9950332922354,366.6326784610197,8373676
2024-03-20,368.8306884765625,371.73208721230725,362.85203727438636,369.09444224108034,6950340
2024-03-21,379.8648376464844,381.1836601729712,372.03982935563175,372.7871674869436,9911230
2024-03-22,379.77691650390625,383.51358012128793,376.56776040259274,378.8537246877639,9172888
2024-03-26,383.29376220703125,387.6898368884675,378.8537106798743,381.4034286288052,9389403
2024-03-27,377.57891845703125,386.6787728678189,374.5895657861776,386.6787728678189,17985246
2024-03-28,381.6672668457031,385.49185776242155,378.0624796962499,378.0624796962499,10332853
2024-04-01,388.6569519042969,390.19557804300194,382.2826436153759,383.9531734597498,7256592
2024-04-02,389.6680908203125,394.1520657640545,383.3816822327494,388.65697212563356,11530800
2024-04-03,391.6903076171875,393.00913020175716,387.6459129915377,389.6681237201197,6972648
2024-04-04,394.6356506347656,398.72399494095595,389.09658014086835,395.64674249929476,14743020
2024-04-05,392.96514892578125,394.6356520337311,390.37145398315323,394.5477251687838,4820138
2024-04-08,393.3608093261719,396.0424313365959,390.8550410589447,394.76755877720416,3980972
2024-04-09,386.7227478027344,395.9105290403286,384.43678329050744,394.5038064157405,8005012
2024-04-10,401.2297668457031,403.2080005771125,388.700953213444,389.09658386081855,15825331
2024-04-12,400.57037353515625,407.47221689558864,397.88875159139525,400.04283915019397,11259294
2024-04-15,396.5259704589844,400.74619178447927,387.82174720545555,394.72359041677595,7680715
2024-04-16,398.4602355957031,401.27370740403785,392.4376076779617,394.7675219848439,4996845
2024-04-18,385.62371826171875,401.6254157394103,382.59041566981296,399.9988893960106,10945138
2024-04-19,382.7222900390625,385.6237157234207,376.34798110133084,383.3377512897936,7628287
2024-04-22,389.4482727050781,390.81104514451874,385.0961479714268,387.64586595927335,6396926
2024-04-23,387.6898498535156,391.91007095622206,386.19517367923845,391.91007095622206,5390120
2024-04-24,390.2395935058594,394.5037917356899,387.86570221005303,388.2173828531135,6538090
2024-04-25,397.80084228515625,399.16361481900367,388.3932309389755,389.49224970224367,10858594
2024-04-26,400.7462158203125,404.83458733701826,397.5810630521092,399.1636394362108,7209435
2024-04-29,398.50421142578125,403.29594406080355,396.1303201176666,403.29594406080355,5305655
2024-04-30,399.4273681640625,403.03215507004444,397.44913439228725,401.27372505068865,6021793
2024-05-02,399.07568359375,404.0432429831741,395.119216089189,402.284812981147,14980896
2024-05-03,417.2754211425781,418.3304629849517,395.1191936430919,402.5925207271592,51071947
2024-05-06,404.9664306640625,423.29806861277547,390.41540644818184,421.14398114986335,36408390
2024-05-07,400.92205810546875,412.7914611414859,398.15253609670077,407.07656338340354,13728379
2024-05-08,408.3514404296875,414.4619689241578,400.13077435142924,401.53752379678326,16978094
2024-05-09,389.9318542480469,411.20886807603574,388.0415473558752,409.14270745047077,15601338
2024-05-10,395.1192321777344,396.6578584921582,387.07441995719256,393.18497519565256,9190621
2024-05-13,390.3714904785156,397.22935728134314,382.19480107272005,396.7457997261941,11107909
2024-05-14,394.5037841796875,396.2182373435876,391.33860478974,392.7453541665514,6592194
2024-05-15,411.3407287597656,413.231035577488,395.207128706555,395.6467361912119,23543942
2024-05-16,411.7363586425781,417.6271096587909,402.5485783289916,412.0440892475763,17232651
2024-05-17,413.45086669921875,416.4841692768263,410.4175641216112,412.39579793356916,10625019
2024-05-21,431.3868103027344,434.2442588932253,412.967273179861,412.967273179861,27356982
2024-05-22,441.1022033691406,446.0697630584416,432.2221259565372,434.771844247093,28346931
2024-05-23,437.2336120605469,442.94850960359025,432.66171012501974,442.596828967244,14378840
2024-05-24,440.48675537109375,444.3552963593473,430.0680512999056,436.04672994676554,12190536
2024-05-27,434.7278747558594,442.24515239902286,431.47476846882796,442.20120238089254,8811105
2024-05-28,428.74920654296875,436.2665111927315,425.62800390065786,436.09065745308857,8165238
2024-05-29,427.6941833496094,432.4858894025408,423.8695924125716,423.8695924125716,8014727
2024-05-30,423.9135437011719,429.01300724297477,421.58362911511813,427.29852711146486,7725080
2024-05-31,431.8704528808594,433.54095614664453,421.1440183001088,425.8917743092142,11223848
2024-06-03,450.4657897949219,463.69801865188674,444.4871384477595,452.795731041218,24416215
2024-06-04,388.525146484375,450.5098377319864,361.18155156714164,450.46583404665665,48046493
2024-06-05,404.9224853515625,406.9446960894757,373.7543275579865,397.40520731743356,18966089
2024-06-06,415.82476806640625,425.89176427635084,408.5272670623905,413.23107293981667,21757857
2024-06-07,421.27587890625,423.1661858663294,411.1209559785236,415.86871180406433,8317343
2024-06-10,420.00103759765625,429.0569418257165,418.0667537666561,426.41929669154194,10958537
2024-06-11,418.8140869140625,425.10046904238874,417.8029949910193,423.781646491068,11169021
2024-06-12,429.6723937988281,434.59597647761353,421.45172794210356,422.9024273682283,15412796
2024-06-13,428.9690246582031,434.244315045879,425.1004837402104,434.244315045879,7438571
2024-06-14,428.1337585449219,432.92546423588414,426.63908229988033,428.9689967029641,5974636
2024-06-18,429.9801025390625,433.3650857933029,426.5951461163357,432.5737976273604,6946544
2024-06-19,420.2208557128906,431.8704554534258,418.94598312188657,430.28785221995366,8962510
2024-06-20,424.792724609375,428.52938838335126,414.5938251776314,422.9463677312254,7864157
2024-06-21,422.1990661621094,432.04625835310236,421.1439973984432,424.79273438955926,10340882
2024-06-24,416.4841613769531,422.06715523070346,414.9894851258861,422.02320521276556,11124175
2024-06-25,412.5716247558594,420.2208057290095,409.0987148910531,418.41839894123837,7951999
2024-06-26,412.13201904296875,414.85759082854196,408.87891290671826,413.45084150390625,6655899
2024-06-27,410.6373291015625,412.3518089759645,405.7576968921271,412.1320052398366,14857335
2024-06-28,416.0005798339844,418.5063479981752,411.47262786375205,413.23105789735786,8302706
2024-07-01,417.4512939453125,418.77011651695716,414.3300912583591,416.17644822496436,8579861
2024-07-02,421.2319030761719,426.4192661016212,416.17641693166814,420.2647612300514,14629287
2024-07-03,426.3753356933594,428.7492001540845,421.4956762218725,423.6937137770883,7244652
2024-07-04,430.419677734375,433.2771263862342,426.68301411271295,429.7163164911373,7796954
2024-07-05,432.13421630859375,433.71679273642604,428.0898215322815,430.3757861303289,5754517
2024-07-08,433.716796875,436.0906883709156,428.3536062453281,433.18928928169913,7477292
2024-07-09,434.1563720703125,436.92592088633165,431.78250758281337,436.92592088633165,6444684
2024-07-10,431.47479248046875,435.12352962826463,422.5067880987529,434.15638769195965,5981477
2024-07-11,439.65142822265625,444.88276794592923,429.54045622388514,432.57375855612094,20146927
2024-07-12,436.2664794921875,447.16873977001825,435.65101827967214,443.1243455357311,8198389
2024-07-15,437.6292724609375,442.77268565023655,433.05734366344666,439.60750623901305,7106020
2024-07-16,450.55377197265625,455.7851123557222,437.84910351750443,437.84910351750443,23169665
2024-07-18,444.2234191894531,453.49912755125337,440.70655886929916,453.1034700326301,12540956
2024-07-19,429.05694580078125,445.2344974072948,427.9579269846932,444.2673554828345,9971704
2024-07-22,431.8704528808594,436.0906744819498,425.1444361338192,429.05695392578934,7281653
2024-07-23,428.177734375,435.9148161731951,408.439345538249,434.3322397972279,11311831
2024-07-24,434.1563720703125,439.07998161583015,426.50721739079734,427.9139668083043,6823248
2024-07-25,434.3322448730469,442.7287380646062,425.5400941671147,431.6945996612672,10281157
2024-07-26,448.267822265625,449.8943755602673,438.0689217810869,438.0689217810869,20437968
2024-07-29,450.2900085449219,453.411211234425,446.20163710427255,452.35614244364183,7259754
2024-07-30,456.62030029296875,462.1153941814613,448.35571128249165,450.2899950638463,13197520
2024-07-31,459.1260986328125,461.93959745672515,448.83927206636497,460.22511741847944,11972565
2024-08-01,475.1278076171875,476.7543339024978,464.22552014849026,470.3800251504589,34763894
2024-08-02,461.1482849121094,472.31432656632353,459.2140011064694,469.500827727486,10985150
2024-08-05,445.586181640625,452.79575586466814,437.4534423362596,452.79575586466814,11835031
2024-08-06,439.2558288574219,454.73001855807934,437.8490794607234,446.7291565189001,7142269
2024-08-07,467.3027648925781,468.44573364136625,446.3774589658351,446.3774589658351,18293730
2024-08-08,460.22509765625,470.3800200671509,458.2908139439297,469.5008050763712,13624148
2024-08-09,465.8081359863281,467.1709086199252,458.8183654077133,465.98398973392796,6468264
2024-08-12,460.66473388671875,466.4235817029431,460.0932226418528,465.1047591345088,5238736
2024-08-13,458.7304382324219,465.8960621348039,457.19181194223165,461.5878870570608,5201294
2024-08-14,443.7398376464844,464.1376371336013,438.772251247524,459.7415619709911,14766889
2024-08-16,454.92877197265625,457.992425796653,446.22626071317137,450.8439363406468,7313429
2024-08-19,463.5425109863281,464.83013991239727,455.6836222789083,456.2607978664703,10737456
2024-08-20,465.8512878417969,469.27016813467407,462.6988546314636,465.6292847396611,8191127
2024-08-21,472.6002197265625,475.30864676162173,465.67373370576263,467.5385381036783,9067794
2024-08-22,469.6253662109375,475.48628094720584,467.80495151405825,474.19865204454226,8531700
2024-08-23,478.5054931640625,480.5479651853457,469.62536854971614,469.7142023158472,12566904
2024-08-26,477.8395080566406,482.67918705695047,474.8202980545995,481.3027785119036,7193307
2024-08-27,471.8898620605469,481.0363799294699,470.64662288613806,478.7275149198509,7865530
2024-08-28,467.4053649902344,475.57509095774316,466.60618624774986,474.10990282986364,6066259
2024-08-29,468.4709777832031,470.64661922148736,458.3032239430446,467.40535195629036,9147836
2024-08-30,466.16217041015625,476.8627101422533,463.5425227081122,470.64662267298746,30921282
2024-09-02,462.521240234375,469.7585630271658,459.67964389362436,467.98253821420866,6370038
2024-09-03,461.4112548828125,464.9633047408787,460.21245973570694,462.6544940131275,5526155
2024-09-04,447.24749755859375,458.9692464913269,444.4946533433336,458.9692464913269,16783593
2024-09-05,441.3421936035156,450.6663244542941,439.69936512885675,450.6663244542941,10830621
2024-09-06,433.8384704589844,443.11821137691345,427.1783771016159,443.11821137691345,13110103
2024-09-09,430.1976623535156,433.7941021041474,424.51436072783935,433.3500958583909,10189742
2024-09-10,436.1029052734375,436.90211103215717,427.84437350003174,432.7284418144156,9809547
2024-09-11,429.753662109375,438.2785604669606,427.9776371015462,437.65696797421504,8134497
2024-09-12,440.14337158203125,441.56419694191266,428.24401000550506,432.4620692020341,12058489
2024-09-13,435.34808349609375,442.09698322424094,434.6820741893685,441.34216725662134,8093877
2024-09-16,438.01214599609375,439.477361135434,432.77287790088246,437.34613665094,5244657
2024-09-17,433.7940979003906,439.3885657027127,433.039281869921,438.01215719420196,5063902
2024-09-18,432.5508728027344,438.32295376760356,431.70725012941153,434.94849017430175,6527832
2024-09-19,424.4255676269531,436.54693232964996,422.91593559951536,434.2380945053292,10014450
2024-09-20,435.9697265625,442.2302035437562,426.5123722163618,427.0896019933483,12982128
2024-09-23,444.53900146484375,446.2262195615966,435.5700710347525,438.23410816646356,6123879
2024-09-24,447.82470703125,449.9115418920523,445.3826725792454,448.4463266408479,7306001
2024-09-25,448.71270751953125,450.2223396166248,445.78227709575077,449.7783333645374,5059851
2024-09-26,449.82269287109375,450.6219257510455,444.0506119824903,449.3342968666691,6877039
2024-09-27,458.30322265625,459.85724450780674,448.35749906628126,449.8227142491795,15443031
2024-09-30,453.01953125,455.9499884999195,446.2262416478954,455.55037207038873,8881502
2024-10-01,451.5543212890625,458.2144145234144,449.46748665563445,454.6623647984267,4743517
2024-10-03,446.09307861328125,452.79756205537785,443.5622376033541,443.5622376033541,11285134
2024-10-04,441.5198059082031,448.13548247455316,438.7225449794889,443.65103039199386,7170285
2024-10-07,426.6455993652344,444.4946282198607,422.1167303767512,442.31901394205283,8940891
2024-10-08,436.7689514160156,437.5681572421218,423.093564402673,426.95639707885135,6049075
2024-10-09,432.4176940917969,440.4541963094632,431.26326159147527,436.9021463392256,6874313
2024-10-10,433.4388732910156,438.63375143595795,431.6184315462127,433.97168616998204,4700891
2024-10-11,437.7457580566406,438.5893536433975,432.86168947018854,432.9060792537058,4364566
2024-10-14,442.49658203125,446.1818552874313,437.7457372214533,439.52176207744867,5369297
2024-10-15,439.07781982421875,443.42907593526013,435.1705428918623,442.49664649004177,4279311
2024-10-16,440.2322082519531,443.47344854071855,437.70136714155024,439.5661988597414,8000451
2024-10-17,435.0373229980469,441.56422036308004,432.6397054823144,440.23220159878724,4334990
2024-10-18,437.07977294921875,438.4561815144828,429.22085673144187,433.3501095272256,4573163
2024-10-21,431.041259765625,439.34418201604257,428.33283249516364,436.9021476541545,4737527
2024-10-22,415.9006652832031,432.90609946260787,414.8794563147255,430.68606818331244,8671135
2024-10-23,421.0067443847656,422.7383525520672,407.55336002345996,415.90067235555784,10686743
2024-10-24,423.8039855957031,429.62045690479346,420.0743220799557,421.0067515088886,5045880
2024-10-25,409.4625244140625,425.4023307867817,407.59769294789805,424.55873526398466,10330954
2024-10-28,392.190673828125,406.70968209133963,386.50739984771957,401.3816076534618,21378247
2024-10-29,395.6539611816406,396.5863905728724,389.6598767665446,394.4551659786143,7680865
2024-10-30,398.8507995605469,404.75607712645694,395.16555319234664,397.8295906295984,7818123
2024-10-31,401.426025390625,403.60166677760697,393.56713672742256,401.38163560721307,8475238
2024-11-01,403.2908630371094,408.0861250170197,401.6924514104694,403.73486927784165,3095957
2024-11-04,393.6559143066406,406.84290481219585,386.72942792998015,406.70970836264274,15720990
2024-11-05,400.4232482910156,401.66623250984526,393.1495272933041,395.08305517833975,10186343
2024-11-06,401.2519226074219,404.1061755766104,397.0166103093374,403.093372510344,9130749
2024-11-07,400.8376159667969,405.4412407554398,400.1930972570686,403.0933752542544,5861077
2024-11-08,390.4333801269531,401.4360538514185,387.8553616626377,400.83758828987675,9934413
2024-11-11,388.131591796875,391.9986478298168,384.2645638622288,389.46665421494424,7201246
2024-11-12,381.22613525390625,391.1239279716992,380.07522912393034,389.00627193186114,6564348
2024-11-13,374.6429748535156,382.5612150076286,373.53812177745283,381.18012758882855,7170870
2024-11-14,377.26702880859375,380.5816440773336,370.6838513752167,374.91919154647906,8776485
2024-11-18,380.5816345214844,385.3233620307586,378.41792543522524,381.13407506878576,7352509
2024-11-19,379.56884765625,388.5459156117344,378.14173527187546,382.9755410940594,6291292
2024-11-21,373.8143005371094,381.0880214549954,372.11095389283577,380.30539968889207,14141967
2024-11-22,381.22613525390625,382.7913788299912,374.18259535811245,375.1033202620932,8155453
2024-11-25,384.35662841796875,393.5638776017908,382.74535981079987,387.6251906389077,10903727
2024-11-26,378.8783264160156,386.7044886870633,377.22103270381814,385.27737621813196,5798977
2024-11-27,384.08038330078125,387.6251797566948,379.9831743879825,386.7044548641611,9219932
2024-11-28,382.28497314453125,391.2159874283315,380.7197296430781,386.70444123359806,7788912
2024-11-29,383.3898620605469,384.86302759444305,378.41795296965574,382.37705899984974,7057742
2024-12-02,388.2696838378906,389.83489923743423,383.75810955528914,385.2312749476717,6404844
2024-12-03,388.6380310058594,391.76849040944813,386.10603723705566,391.3081279060293,7928558
2024-12-04,383.62005615234375,392.1367621919238,382.1008655595374,388.63801851768517,6836472
2024-12-05,385.2312927246094,387.8553643105234,379.33865898144956,385.0011114994993,9500273
2024-12-06,384.08038330078125,388.0855422029617,383.38983963138094,386.7044548641611,4252732
2024-12-09,381.1801452636719,387.5791951734798,379.7990577808325,384.86304521791027,6662023
2024-12-10,381.22613525390625,384.1264411800809,378.8782979880731,382.561197603996,6035289
2024-12-11,383.896240234375,386.38218048845044,382.607202956381,383.0215403812066,5353413
2024-12-12,376.6685791015625,384.7249223378535,374.8271292189817,383.4819380474524,9409378
2024-12-13,377.7734069824219,378.6481068576414,370.13140171859413,376.66855398552156,9439175
2024-12-16,377.91156005859375,380.1212942785407,374.2746853332576,377.95758506593415,5434635
2024-12-17,370.9600830078125,378.37193583961505,370.13143615846025,377.9115733568309,5070262
2024-12-18,364.4229431152344,372.70946810055773,363.2720368672728,371.5125368419965,7176597
2024-12-19,360.87811279296875,363.22594989900665,356.3205135891396,359.9573879516531,5745829
2024-12-20,351.7169189453125,362.4894117334789,350.33583156725496,361.8448930510676,7923854
2024-12-23,352.59161376953125,357.7937038654899,352.08519821257426,355.39981349174155,5163415
2024-12-24,354.0187072753906,356.09033820222976,351.164454600976,354.34096659477973,4242999
2024-12-26,355.9522399902344,359.35890514670376,354.5250995842477,355.76808377710927,4190081
2024-12-27,350.33587646484375,357.65565174593837,349.4611764406582,356.78095172175284,5909271
2024-12-30,347.9419250488281,351.99310888389647,345.9163471804406,350.33581534628,22328728
2024-12-31,353.69647216796875,354.2028877326157,346.28464780611415,347.9419414217168,7686615
2025-01-01,355.7680969238281,357.3793655041881,352.1772754215418,353.1440253304402,3584876
2025-01-02,361.7988586425781,362.71958353735675,353.6043846004132,357.60954351235904,7538972
2025-01-03,362.443359375,367.6454495567378,358.622356574164,361.8448937962682,7122319
2025-01-06,348.72454833984375,362.8116277661359,347.25138291201677,362.8116277661359,8774141
2025-01-07,349.6913146972656,353.7885518460564,346.65293368910926,350.3818583898734,6542121
2025-01-08,350.1977233886719,351.7629388688759,346.19256443052166,349.9214890580752,7407778
2025-01-09,342.6938171386719,351.3025724277932,341.4047798071107,351.3025724277932,6247612
2025-01-10,339.2871398925781,343.6145583435519,335.7883963650257,341.9572365950045,4893721
2025-01-13,334.1310729980469,341.0365100044751,332.61188247629167,337.0774040267743,8661589
2025-01-14,339.9776916503906,344.3511352125825,334.2231606475066,336.0646105684295,5698113
2025-01-15,344.903564453125,351.2105358442983,340.0237054643633,342.41759590240724,11117714
2025-01-16,348.8166198730469,351.2565351396796,345.08766731992773,348.44833554760487,6923722
2025-01-17,356.9189758300781,358.4381661846028,348.5403742315919,349.87543647852414,8380692
2025-01-20,356.3665771484375,360.00345190443727,352.31539302799547,358.71444260679147,14597375
2025-01-21,351.3026123046875,358.76049041997385,350.79622479430327,357.24129979052407,20854879
2025-01-22,349.1388854980469,353.46627557213,344.9495704379178,351.25654148129036,10653690
2025-01-23,355.2156677246094,357.4254300412792,346.3767308511104,347.57366202406064,5844752
2025-01-24,352.68365478515625,361.15433493825816,351.4406986731814,355.44582943095554,5351964
2025-01-27,345.96240234375,352.6376582771956,343.200227474738,350.70413024922806,6645109
2025-01-28,341.26666259765625,347.6657115925658,338.59656613224746,346.1925462018356,10866038
2025-01-29,349.36907958984375,354.47909161932404,341.4047866111896,342.9700302031122,6680927
2025-01-30,354.5251159667969,356.6428001224209,350.24375074758177,351.44070999162,6300164
2025-01-31,369.89459228515625,370.87563825853215,350.04043667202234,354.5718614204387,10339434
2025-02-01,359.9908752441406,373.2114302270839,354.15141757074764,369.8946011608105,7015540
2025-02-03,349.43310546875,358.91637789585536,342.42575709705045,358.77623663101605,7689700
2025-02-04,351.81561279296875,355.69303525923084,350.27400176491193,352.70322170974623,4649921
2025-02-05,357.7017822265625,359.8039867379349,353.0769208963538,353.1703579105651,5914200
2025-02-06,354.665283203125,359.38355328207007,352.42293730929936,357.65506822390086,4652107
2025-02-07,353.40399169921875,357.8419796980853,351.30178685765037,354.57188327786787,3006598
2025-02-10,346.16302490234375,354.89885862879004,344.761555165897,352.23606042694627,3380494
2025-02-11,335.41845703125,346.1630594152594,334.01698715507484,345.6959027898677,6803431
2025-02-12,336.67974853515625,338.0344854917734,328.457775726174,336.25929621342794,4565992
2025-02-13,337.89434814453125,343.40679007831966,335.0447044156586,338.2213634526744,3712240
2025-02-14,330.9337463378906,341.02431747723205,327.4767760979995,339.9965672562123,4464446
2025-02-17,336.4461975097656,338.2213869319512,326.3088933314474,330.9337551933043,6017586
2025-02-18,337.3805236816406,338.5484152559242,330.5600197800377,336.5863517085322,3843725
2025-02-19,338.50164794921875,341.30458744152685,334.48411274876713,336.3527390769725,3097726
2025-02-20,343.780517578125,345.1819872323155,336.352717005726,336.352717005726,4624287
2025-02-21,345.649169921875,346.8170613886836,341.30459085496665,343.4067954952222,5235241
2025-02-24,340.83740234375,344.294372166897,337.42716528268323,343.8739198730374,4533486
2025-02-25,337.42718505859375,341.398015906538,335.13813497168104,340.08998321216296,4525493
2025-02-27,339.9498596191406,343.6403796089788,332.75563665655744,335.4184349485772,6196610
2025-02-28,345.0885925292969,351.0681914177152,341.3046068912601,342.7060767172789,21899478
2025-03-03,336.67974853515625,346.63017785730614,329.25194760445277,345.6958647094428,12675744
2025-03-04,339.9498596191406,342.42578386811573,329.4388362398328,332.7089324022841,5535218
2025-03-05,344.0608215332031,344.66811938524927,338.2680685298982,338.2680685298982,5730797
2025-03-06,357.46820068359375,358.9163745952381,343.920660622892,345.7425540749955,11247215
2025-03-07,355.64630126953125,364.0084155182797,354.4784098109337,357.4682233501335,8321771
2025-03-10,350.507568359375,361.2054652050806,349.4798182039795,355.6930233881083,5541001
2025-03-11,354.1513977050781,355.0390066268353,343.82724852283,346.63018804883137,5340552
2025-03-12,355.69305419921875,357.7018219192847,349.2462701719243,354.6185711860185,3951912
2025-03-13,353.45068359375,357.84196718105824,352.56310313281034,356.4404973357016,3918004
2025-03-17,360.41131591796875,361.62591166946885,354.151406089835,355.2258890772882,5456361
2025-03-18,360.41131591796875,360.41131591796875,360.41131591796875,360.41131591796875,0
2025-03-19,369.847900390625,371.9033724032471,363.26097496516627,364.4288665108529,5827114
2025-03-20,370.3617248535156,371.95006860468266,366.2974569715083,371.5763490494005,7025398
2025-03-21,378.77056884765625,384.0961655388271,369.14715420975944,370.36174997505566,16564019
2025-03-24,379.3311767578125,384.75018216344745,378.443567771538,381.1530989873329,5260300
2025-03-25,372.1369323730469,381.4333600237643,371.015773652226,381.199781726138,5636291
2025-03-26,368.8668518066406,376.014370826674,367.3252406797033,372.32382216290483,5025274
2025-03-27,370.7821960449219,373.39826157801684,366.29747561436164,367.41866285024565,7697174
2025-03-28,372.04351806640625,375.50045970961673,367.65223473427557,370.92233085008235,6923988
2025-04-01,371.5296325683594,376.10776147541515,369.10041258309235,371.6697738436107,4332950
2025-04-02,371.3894958496094,375.2201856603389,365.7836166669738,375.2201856603389,4197123
2025-04-03,370.96905517578125,373.72529059914064,367.371972064146,369.0537244666514,4970602
2025-04-04,359.75732421875,369.98806624355507,357.4682737449801,369.98806624355507,6718760
2025-04-07,352.7032165527344,354.4784058473585,332.6154836894661,335.2782818878896,10202400
2025-04-08,357.7017822265625,360.1777062818064,351.9090295011469,359.71054972372366,3577328
2025-04-09,349.9937438964844,357.5616868104266,348.59227404253124,357.18793870565736,5781453
2025-04-11,366.3442077636719,366.9982098893543,357.04778011133106,364.33544010633,6185984
2025-04-15,369.2872619628906,372.79093617506226,367.65221399721054,372.79093617506226,4371156
2025-04-16,373.0245666503906,373.8187386188668,366.7179521860446,369.2873136344819,4992290
2025-04-17,372.65081787109375,373.3048199898797,362.7937967056987,370.8288957633122,8364450
2025-04-21,374.19244384765625,379.33116654718714,369.6610190372928,373.02455232503564,8987570
2025-04-22,372.4172668457031,379.1443051323731,368.3997027662273,376.99539606433495,7558174
2025-04-23,372.7442626953125,375.2201869737145,368.1194009482594,373.72528015051716,7429142
2025-04-24,373.58514404296875,374.93988109447645,370.78220440305097,372.69753508513753,5762303
2025-04-25,367.3252258300781,377.4625296685744,364.0551296572068,374.0055594520629,7337588
2025-04-28,371.0624694824219,372.6040805091616,365.8303100317818,367.32521680524684,3458518
2025-04-29,363.5412902832031,374.0523143169524,362.9339923749598,371.06250051993936,6274213
2025-04-30,359.9908752441406,364.7091741520283,357.9354032508924,363.54128261734974,4559122
2025-05-02,358.3091125488281,365.269757300795,356.3470491243228,360.1777389506473,5045851
2025-05-05,360.27117919921875,362.4200881753618,356.6740676409129,360.5981945250604,6395704
2025-05-06,353.40399169921875,362.1865306680644,352.60981972314175,361.1120761183028,5982166
2025-05-07,358.1222229003906,361.85947554120025,345.97615181775944,345.97615181775944,9162368
2025-05-08,360.13104248046875,369.007018080975,357.1412287677391,364.38215623131,14258083
2025-05-09,357.2813415527344,358.07551342992923,352.2827605158926,354.1981195741831,3809943
2025-05-12,369.5208740234375,370.0814676512264,362.0463683541897,366.2040735378993,6743279
2025-05-13,369.19384765625,373.3515527156142,368.16609745487034,369.52086297209473,6307140
2025-05-14,376.6216735839844,377.50925405617147,370.40849622676535,370.6887787941976,6822756
2025-05-15,378.06982421875,379.7048722908181,373.3515540445438,377.22894805571013,10511989
2025-05-16,378.2099609375,382.13408766838006,377.0888022379452,379.3311481500301,4702603
2025-05-19,376.2479248046875,380.68591236030613,374.7062852644609,379.28444260590027,5446656
2025-05-20,381.2932434082031,389.8422039516412,377.46255337678383,378.8640232531828,18755291
2025-05-21,378.723876953125,386.38522840153536,377.6961266881129,384.6100389508657,7393102
2025-05-22,372.65081787109375,379.93844927626907,367.37195410207795,378.39683823051763,7936875
2025-05-23,375.1267395019531,376.5282092634797,372.79095656607547,373.9121437804869,4178408
2025-05-26,376.2479248046875,379.14427282007955,375.36031588837375,376.1077550188668,6067873
2025-05-27,373.6785583496094,377.0420629026498,372.1369188309953,376.0610454935088,6553758
2025-05-28,372.04351806640625,375.4537554560097,370.45517426210995,374.6595835538615,6002200
2025-05-29,372.04351806640625,374.84645759424063,370.92233085008235,373.72527037791673,7724668
2025-05-30,371.2026062011719,378.1632506322047,370.3150258090171,372.7442457219733,6565658
2025-06-02,373.44500732421875,375.03332269845004,369.5208803752204,372.74427240568167,6119571
2025-06-03,367.044921875,374.19241167633515,364.84928029864886,373.4449725713099,7360608
2025-06-04,368.67999267578125,369.05371225141533,364.00842669791524,367.04494458352815,3861957
2025-06-05,368.96026611328125,371.6697686109041,366.76462445533724,368.6799835667247,6097293
2025-06-06,372.7442626953125,374.28587377333815,370.0347316038404,371.71651247230335,7633919
2025-06-09,374.65960693359375,379.5180471568761,373.7252936993454,374.56616990757345,9626374
2025-06-10,373.3048095703125,377.9296710914547,372.65080746978083,376.5282013593479,6362912
2025-06-11,375.6873474121094,382.60125946293465,372.2303771302085,373.818720992266,11946342
2025-06-12,366.9048156738281,375.92093261241524,365.78362839615875,375.5939172803469,11262656
2025-06-13,365.5033264160156,366.57778086746566,360.64488648818667,364.3821391979088,5253032
2025-06-16,368.4464111328125,368.6799894296492,360.8317643585311,365.3164562526055,3706240
2025-06-17,365.5967102050781,369.84785198274903,364.4755515757492,368.11936701877175,3248476
2025-06-18,364.70916748046875,367.5588113677657,362.6069627565025,365.59674792280197,4118145
2025-06-19,359.00982666015625,365.78359697449883,358.3090918000519,364.709142558267,4416367
2025-06-20,363.4945373535156,366.06389864149,358.91640839753825,358.9631411651051,6531957
2025-06-23,366.7179260253906,367.27851964038126,359.4302945694394,361.5792034950985,3359491
2025-06-24,366.85809326171875,369.42745470868647,365.0361995252919,368.5398742257024,4606984
2025-06-25,366.0171813964844,369.42741873689425,365.31644652463405,367.97924474026024,4672204
2025-06-26,368.259521484375,368.773410823424,364.9894254672384,366.2507539193003,5569101
2025-06-27,368.259521484375,371.57635026668396,366.3441909366705,369.0536933625602,16253653
2025-06-30,366.2040710449219,371.2960608896468,365.1295880519011,369.52087150788054,4870935
2025-07-01,364.1485595703125,368.025953539858,363.44782468980515,366.7179207988394,5997283
2025-07-02,361.48577880859375,365.97049936857337,360.1310417485296,364.3821554907308,7752338
2025-07-03,361.0653381347656,363.4478253274806,360.1777292127089,362.4200751316716,3851213
2025-07-04,360.73834228515625,362.4200946868772,358.2156851695979,362.2332491494509,3990767
2025-07-07,359.00982666015625,361.1120312404695,358.7762483734548,361.1120312404695,2810768
2025-07-08,357.7017822265625,360.1777062818064,357.1878929048874,359.6638454731048,5231160
2025-07-09,361.9996643066406,362.6536664452892,357.701817841762,357.88866337581464,4497121
2025-07-10,358.8229675292969,363.30768792802235,357.42149775087813,362.56022027174697,4668066
2025-07-11,355.9266357421875,359.05656224675266,355.5996204096723,358.8229839396671,4677164
2025-07-14,358.6361083984375,360.5514389511127,356.4404667929242,356.9076233680132,5109504
2025-07-15,361.0653381347656,361.8127772700947,358.2623986078185,358.6828224290754,4586811
2025-07-16,361.0653381347656,362.51351215183155,359.6638683712921,361.25218366211027,5205724
2025-07-17,360.5514831542969,362.7004207709483,359.6171698895732,361.6259377061336,3749218
2025-07-18,362.98065185546875,363.6813867046106,358.86967977643144,361.5791821571851,5172481
2025-07-21,361.3923034667969,363.82152328176795,360.08427080118895,363.44780373630476,4396850
2025-07-22,363.5412902832031,366.01721468633525,360.1777568898079,361.39235270629456,5043629
2025-07-23,365.0828552246094,366.6711989493941,363.30766598177416,363.8215267976301,3670943
2025-07-24,360.22442626953125,365.08286609103175,358.6828152631046,364.4755682415879,4022204
2025-07-25,355.78643798828125,360.5514407809673,355.0389988695353,360.22442547415045,4616856
2025-07-28,353.49737548828125,358.63609766040037,352.23604707071183,356.16017358915593,4521716
2025-07-29,358.4492492675781,359.00984288358944,352.1893680088833,352.1893680088833,4872086
2025-07-30,354.945556640625,358.82295047402476,354.1513847680071,358.7762462221543,5107774
2025-07-31,351.6287536621094,354.104677764464,350.08714269369796,353.1703646305208,6461803
2025-08-01,348.03167724609375,356.1134809614278,346.3499248417732,350.3674603148595,13769152
2025-08-04,350.087158203125,353.87111515804065,345.88274891411857,347.9849535586218,19756930
2025-08-05,354.57183837890625,355.69302555762613,349.900272655864,351.3017423727767,6846687
2025-08-06,357.2738037109375,358.411450030775,354.1452112337466,354.5718466863628,5808208
2025-08-07,359.83355712890625,360.4972058987413,354.1926583144512,355.5199269218356,3468573
2025-08-08,359.97576904296875,362.2510906674367,358.506269397376,359.3121203085354,4172600
2025-08-11,362.63031005859375,364.7160384475308,356.98938255143514,358.3640711167279,5740719
2025-08-12,365.332275390625,366.37513960854585,361.3978607311049,361.72965617710616,4860757
2025-08-13,366.0433044433594,367.844599530894,365.0952513517849,365.90110226608004,4216888
2025-08-14,364.47900390625,366.7543254226937,362.677679978961,366.04328564053736,4034887
2025-08-18,367.65496826171875,368.366008062843,364.09976925609766,366.564713019785,3520271
2025-08-19,365.332275390625,368.3186369306326,364.28941117270415,368.3186369306326,5219052
2025-08-20,364.7160339355469,366.7543422849873,363.62574974028615,365.9484913750362,4904231
2025-08-21,363.3707275390625,366.6378392030444,362.50590817578154,366.0613125107619,6212604
2025-08-22,359.81536865234375,364.18752910559414,359.43097840712124,363.37074382178406,4699261
2025-08-25,365.1484375,365.86912520559207,360.1516576779516,360.3438527960526,4349832
2025-08-26,357.8935241699219,365.004303623935,356.88454379325947,364.18751836421524,6381642
2025-08-28,359.67120361328125,361.208676602349,354.2420286962886,357.94156482861644,4372269
2025-08-29,360.15167236328125,364.1875354091041,358.08570672131486,358.08570672131486,4578400
2025-09-01,363.1304931640625,363.8031467286713,360.43993755534075,360.6321033417599,2829114
2025-09-02,365.2445373535156,369.95302452799115,364.23555696443356,366.2534884177397,7511709
2025-09-03,374.5654296875,377.928639140966,365.14845494773886,366.0613378150519,8111851
2025-09-04,376.15093994140625,376.7755300742313,370.62566765320616,376.4872374034109,5515006
2025-09-05,377.3040466308594,377.8806026842878,373.7967055160533,377.0638173856691,4535470
2025-09-08,371.92291259765625,380.42703390068334,371.2022248486685,378.6012974682197,4607020
2025-09-09,372.7877502441406,374.18106225573547,371.6346381501888,373.50843797164583,4376579
2025-09-10,376.5833435058594,377.3040312119786,372.8838074161425,373.3162317697571,4285507
2025-09-11,377.9766845703125,379.0817331873827,375.2380654237591,378.26494792264117,3442373
2025-09-12,378.9375915527344,380.71529371166383,377.8325429647048,378.16884042529773,4276055
2025-09-15,379.3219909667969,384.991395479796,378.8895665809059,378.9376300264827,4618798
2025-09-16,380.3309326171875,381.4840447342372,378.6493278859912,379.5622107557272,2581384
2025-09-17,384.1265563964844,386.72104392948097,381.9644932272734,386.2886195656954,5970395
2025-09-18,377.7845153808594,385.08749049794454,375.33418874331795,384.84726124623035,5899621
2025-09-19,379.0817565917969,379.7544102219036,376.1990055910988,378.6012980916805,5272435
2025-09-22,379.27392578125,381.4359888838987,377.97668205468926,379.08173066440486,3399517
2025-09-23,378.6493225097656,380.28289309824873,376.77555200223856,379.32197612263724,4720322
2025-09-24,377.4962463378906,380.1387680670507,376.43923178125476,379.0817535104148,5139791
2025-09-25,377.159912109375,379.7543996678416,376.3431268169052,376.7274877413443,4563970
2025-09-26,373.9408264160156,377.59232843253596,372.88381190268456,377.1599040737184,4698693
2025-09-29,373.1240234375,376.2950668270382,370.52956538226704,374.5653987986928,6606409
2025-09-30,374.7095947265625,376.102906777358,371.97097542002024,374.46936547730195,5362610
2025-10-01,373.31622314453125,379.46608556302186,372.73966712798523,374.5654034096666,4976933
2025-10-03,368.3675231933594,373.89279572404473,366.5898209489498,373.31623968195805,7431240
2025-10-06,366.97418212890625,369.0882111764368,365.1004116468691,368.51165513394136,7022052
2025-10-07,369.6647644042969,373.74866146399535,368.79991568470945,368.9921108056974,7895734
2025-10-08,367.1663818359375,371.2983130965073,366.2054648613995,370.4334936843949,3642904
2025-10-09,368.3675231933594,371.20221063592635,365.676938105241,368.0311963917373,4628511
2025-10-10,369.4725646972656,371.5865937024597,367.9831551651002,368.9921062256177,5061600
2025-10-13,366.6378479003906,369.28036949384733,365.77302851659454,368.27141843356156,4750043
2025-10-14,366.06134033203125,370.0971741090247,365.24455502274446,367.1183255647866,4288494
2025-10-15,369.2323303222656,370.33737892670365,366.34957953250165,366.34957953250165,6135157
2025-10-16,372.451416015625,372.7877428133952,369.4725676030088,369.9530260784354,3513302
2025-10-17,373.6044921875,374.2771457712039,370.1932488019417,372.45140946168175,4093872
2025-10-20,375.33416748046875,376.679445348886,373.26820189773605,374.75761144404476,4007425
2025-10-21,375.81463623046875,377.7845043068388,375.334177741124,377.73647018784794,678084
2025-10-23,377.3040466308594,378.9856513471912,375.19004686810047,376.2950955310039,4311356
2025-10-24,378.6493225097656,379.9946297355088,375.52634233902825,377.3040446088813,4070949
2025-10-27,381.1957702636719,382.63714570556897,378.21692181877944,380.04265818021076,5438773
2025-10-28,376.1029052734375,382.63715842211195,374.1330371673216,381.4360121806122,7672258
2025-10-29,367.0702819824219,383.69413380822687,365.1964821638247,377.8805978785011,26856509
2025-10-30,372.5475158691406,373.74866206510137,364.4757899723975,367.98316032448963,15154040
2025-10-31,373.46038818359375,378.7934951570495,372.59556874393763,374.7095978851946,13103909
2025-11-03,373.3642578125,375.6224184411434,372.1631116616107,375.28609165392294,14152223
2025-11-04,372.6240539550781,377.0160063914343,371.5877654617147,375.042100598809,10536699
2025-11-06,368.2814636230469,373.7590702155045,367.49191336150557,373.7590702155045,6648689
2025-11-07,371.09429931640625,371.83451400919165,366.65301115969396,367.1464876215509,4650451
2025-11-10,376.3744812011719,377.410769661959,371.1929786584139,371.1929786584139,4451727
2025-11-11,377.8055725097656,378.00297514507406,373.66038824300813,376.4732101393802,3299015
2025-11-12,381.4573059082031,382.5429601507119,377.70689683707786,379.23666182464956,4326520
2025-11-13,378.20037841796875,382.34556269171435,377.7562375474826,381.4573110701556,3480764
2025-11-14,381.90142822265625,382.29620335000783,377.31207324403294,378.20035492983845,3760163
2025-11-17,382.7897033691406,384.1220958605136,381.1118713252764,381.9507873472085,3847261
2025-11-18,378.9405822753906,382.7896926049076,377.95362936426255,382.7896926049076,4462641
2025-11-19,374.1044921875,378.8418842739987,373.5123445311739,378.10166958417824,5332643
2025-11-20,374.6966552734375,376.275785907028,372.62404819931317,376.0290476867611,3971851
2025-11-21,373.2655944824219,375.387537168837,372.6240510093606,373.068191856955,3088629
2025-11-24,367.6893005371094,373.265608664594,367.1464884755693,373.2162429466457,5543493
2025-11-25,365.221923828125,368.52822220489037,364.7778130762515,367.73867189972856,4902920
2025-11-26,372.42669677734375,372.77213632915465,366.4556134372223,366.99845562418614,4102285
2025-11-27,373.1175231933594,373.75906665909554,371.1929831543855,372.4266742509373,3330267
2025-11-28,371.2423400878906,374.25256460813864,370.0086489204316,374.0551619735799,4689402
2025-12-01,374.6966552734375,375.0420948056935,370.89688065744485,371.98253485050157,4217206
2025-12-02,374.0058288574219,374.9434160792668,371.8345203405148,374.5486409269419,3695491
2025-12-03,370.35406494140625,374.3512120222565,367.3438707318189,374.0058026128436,4650434
2025-12-04,374.1044921875,374.7953712790976,368.9229893587567,370.1073449102346,3135061
2025-12-05,374.9927673339844,375.6836162940526,371.5877677727638,373.95644871476355,3154258
2025-12-08,372.42669677734375,375.9303676557074,370.6501634192078,375.9303676557074,3911363
2025-12-09,374.40057373046875,376.2264425466461,368.47885656626806,370.2060240724933,4242651
2025-12-10,377.1640319824219,377.9042466324408,373.31492182620576,373.5616600428787,4752336
2025-12-11,378.98992919921875,380.3223216929424,375.53559390703833,377.3614628710735,2695140
2025-12-12,378.348388671875,380.71706953557634,377.26273449118355,379.53271404402,1410201
2025-12-15,379.4340515136719,379.97686355670237,375.1408004080449,378.9899106643473,1870236
2025-12-16,376.6212463378906,379.18732999494,373.4136492964322,378.989927360008,5109787
2025-12-17,379.7301330566406,380.47034774096153,375.8316570047853,375.88102272205424,3651138
2025-12-18,380.27294921875,381.45730477422296,377.85493262882767,379.3846976118517,2379619
2025-12-19,380.56903076171875,382.2961982754408,378.4964237213701,379.9768530188461,3611941
2025-12-22,381.2105712890625,381.9014503915912,379.03926278346955,380.5690579049506,3112021
2025-12-23,395.1759338378906,395.7187760027546,381.4079589997683,382.394911896526,18487395
2025-12-24,397.1004943847656,407.0193587083864,396.50831663721857,398.53155797864207,17624423
2025-12-26,396.9031066894531,403.0715623762823,395.3733417268845,398.5315729668935,5435637
2025-12-29,395.42266845703125,400.20939598654803,393.7942022161102,398.72896665490856,6105510
2025-12-30,392.8072509765625,394.9785593865093,390.3398687468102,394.78115676036435,4418163
2025-12-31,393.7942199707031,398.72898463199016,392.3631261711646,393.202042187466,4644679
2026-01-01,395.2253112792969,397.54462655995354,393.0540027942502,393.794217488778,3161157
2026-01-02,422.317138671875,423.8962693312171,395.76811176209094,396.1135512999802,35090129
2026-01-05,421.8730163574219,431.0023304055312,417.97454047289716,425.3273514026524,17258568
2026-01-06,421.47821044921875,425.6727601403841,419.15889530375046,421.4288748535578,6308113
2026-01-07,426.0182189941406,426.8077993964135,418.12259568788744,421.37955837336443,8920605
2026-01-08,419.70172119140625,428.3375590760031,417.925218017197,426.0182137345432,5991259
2026-01-09,412.8917541503906,422.76128320803394,411.7567643326441,418.17195822011223,7306605
2026-01-12,426.65972900390625,427.4986449974717,410.2269691510589,413.4345660939641,14407896
2026-01-13,423.3041076660156,430.1140768915158,420.0471750292935,428.33757365683346,7104004
2026-01-14,426.5610656738281,436.2331922783892,421.8236735683879,422.41585134649455,17125550
2026-01-15,426.5610656738281,426.5610656738281,426.5610656738281,426.5610656738281,0
2026-01-16,425.376708984375,427.9427926030589,422.41585022114265,426.5610645374331,6410141
2026-01-19,424.53778076171875,427.2025656197152,422.7612776026625,425.3766967443778,7105031
2026-01-20,409.88153076171875,425.3273678718609,408.1543631722254,424.4884518759387,6768420
2026-01-21,408.6478271484375,414.1747692899354,406.1804449530734,409.5361088342978,7312100
2026-01-22,417.678466796875,421.28083874991677,411.7073838593678,411.7073838593678,11497522
2026-01-23,412.94110107421875,420.244546753314,409.9802422757142,418.4680435219766,6520896
2026-01-27,417.38238525390625,421.37956266505523,413.4345735605718,415.50718072345495,8749844
2026-01-28,438.25640869140625,440.13164323486774,416.0993348914296,417.97453931547983,17496873
2026-01-29,449.80377197265625,455.5280865896013,436.7759819983112,440.18098145870476,16915601
2026-01-30,434.9994812011719,448.02727124520527,431.29840790677736,448.02727124520527,10191610
2026-02-02,417.97454833984375,419.94845411712754,407.61154300910385,413.5332603409552,9618062
2026-02-03,423.7975769042969,431.29842510389943,414.4708899021874,431.29842510389943,13955805
2026-02-04,429.2257995605469,435.6409932517375,422.85997158478153,425.8701658074987,11476290
2026-02-05,426.2156066894531,432.0879582460571,422.1197582667403,431.2984079908636,5252658
2026-02-06,427.1531982421875,428.534956382093,421.4782191313575,424.9325542422975,4738027
2026-02-09,426.06756591796875,429.12709571865844,424.1923313699185,428.3375454706246,4512635
2026-02-10,425.3273620605469,428.09081811821375,423.10671804725354,426.3636505523189,5103221
2026-02-11,417.7278137207031,422.3665043850948,414.81629062633203,420.63933681507416,5715603
2026-02-12,413.6813049316406,420.39260277066865,410.72044621073746,418.2212943275747,5987886
2026-02-13,403.6144104003906,412.1515471708599,402.7754943909359,406.9206786009387,8190851
2026-02-16,416.98760986328125,418.3200023328808,401.29506441538587,402.676792483358,9719418
2026-02-17,416.04998779296875,419.06021224467617,413.0397934606739,416.7408668787803,4564907
2026-02-18,418.0,418.79998779296875,413.1000061035156,418.45001220703125,4872345
2026-02-19,416.1499938964844,419.8500061035156,414.6000061035156,418.0,3824366
2026-02-20,423.54998779296875,425.5,415.04998779296875,416.0,8843227
2026-02-23,426.0,427.5,418.95001220703125,426.0,6515765
2026-02-24,430.95001220703125,432.0,422.1000061035156,424.0,8950772
2026-02-25,438.6000061035156,439.6499938964844,428.54998779296875,430.95001220703125,8935314
2026-02-26,433.5,439.54998779296875,429.5,438.75,8650353
2026-02-27,430.6499938964844,434.3999938964844,425.45001220703125,432.79998779296875,8147373
2026-03-02,426.25,429.6000061035156,416.0,417.8999938964844,7498197
2026-03-04,435.1499938964844,437.8999938964844,426.0,426.0,18921256
2026-03-05,449.3999938964844,458.5,440.0,440.1499938964844,30106255
2026-03-06,440.45001220703125,451.6000061035156,438.6000061035156,451.1499938964844,10553695
