Date,Close,High,Low,Open,Volume
2021-03-08,491.0781555175781,498.8459611324651,487.39017124708704,493.2909685895424,366926
2021-03-09,491.1702880859375,502.0037408983611,485.8918835869987,491.37777094684697,554256
2021-03-10,492.0461730957031,497.8547362755134,488.65784926366103,490.9628391186783,411122
2021-03-12,489.2341003417969,499.26080628519765,487.4361969867675,493.61358109868456,682402
2021-03-15,468.3739318847656,490.9628321429876,466.2302800952237,489.211017368398,852324
2021-03-16,493.9132995605469,497.87787135539406,470.4484886279441,470.4484886279441,1073246
2021-03-17,482.22698974609375,493.2217810041306,477.593937246725,486.35289941630776,775522
2021-03-18,475.2198181152344,486.5373425030002,472.52299083699967,484.047941833024,466588
2021-03-19,475.77294921875,485.7535096577324,452.93047865091404,470.2179015001856,3967772
2021-03-22,478.17022705078125,486.79086807049106,467.9130204449679,475.7730597020144,426740
2021-03-23,470.63287353515625,486.23764471561344,466.5760685903163,476.67193613268006,665362
2021-03-24,462.2196350097656,473.83676157367796,460.5369811311796,470.07964492617936,346930
2021-03-25,453.0457763671875,465.1239293777846,448.5510459478743,461.8969434357135,497106
2021-03-26,454.98199462890625,463.3030031374401,451.89330231390613,459.38452002632744,308640
2021-03-30,461.0902099609375,463.30299475623684,457.4022259230769,459.4306002616491,273476
2021-03-31,458.669921875,463.30294570462985,454.19823607511097,460.9979559250048,289982
2021-04-01,477.4325866699219,484.96989266322845,466.1842242924808,468.83496277424274,1961258
2021-04-05,460.9519348144531,479.8989423197949,457.4022444071488,479.437944296433,579288
2021-04-06,461.11322021484375,469.29593419516215,459.2461840608356,467.8668517407567,322770
2021-04-07,463.7178649902344,470.28708600199445,462.0582554313295,463.3029555662375,416420
2021-04-08,465.7693176269531,470.21795957779267,463.85619281092187,468.3739675794484,287444
2021-04-09,461.2054748535156,470.21798051938663,459.6150260566946,465.14700229809915,317132
2021-04-12,441.3594970703125,457.7710146383645,437.0491488820507,457.7710146383645,435726
2021-04-13,447.55987548828125,449.3347345850455,438.5934873298186,439.33107283945856,224272
2021-04-15,446.7070617675781,450.0032087206971,436.2424015456059,447.16805976733826,255634
2021-04-16,444.632568359375,452.7000333114632,439.7920893881221,446.70705934705484,201178
2021-04-19,433.4303283691406,437.02610716778764,428.26714510429827,437.02610716778764,411194
2021-04-20,438.5704040527344,441.58996324213433,434.62887706767424,436.1501647292838,250198
2021-04-22,437.39483642578125,439.1927396325608,431.0330705309229,431.0330705309229,149016
2021-04-23,441.10589599609375,444.471203684139,434.1678821804143,435.6430813106819,208250
2021-04-26,439.93035888671875,444.86304281268013,438.4090712071076,441.10589808746,137044
2021-04-27,437.9480895996094,441.77436728132596,437.4870916105572,438.91617412178533,322674
2021-04-28,446.1308288574219,449.4269759183328,438.63961111633887,440.11481039123083,443340
2021-04-29,436.26544189453125,449.4269571789804,435.1821078596721,444.05631927524274,327116
2021-04-30,441.2903137207031,442.5119696152439,433.8682575418428,435.64308849941443,205378
2021-05-03,439.2388916015625,441.1520445687184,434.260118796913,440.575797065007,274984
2021-05-04,439.69989013671875,450.83300317673195,437.0261073436787,441.5438821508271,447218
2021-05-05,446.4535217285156,451.68583780885376,444.44816353278446,451.68583780885376,431836
2021-05-06,441.5669250488281,449.0350983101328,440.7601785451674,448.0900580332616,219222
2021-05-07,442.7655334472656,444.8630687137841,438.8700947311114,443.7797346717503,200884
2021-05-10,446.4996337890625,450.16457373413095,441.4056112139584,441.4056112139584,293348
2021-05-11,461.13629150390625,464.63989316892037,443.29566336426075,444.84002353891384,1071592
2021-05-12,464.524658203125,476.7871940716218,459.2923138829109,463.30300221607916,983626
2021-05-14,453.2762756347656,468.25871037479095,451.36312271312863,464.2710664891504,351682
2021-05-17,461.8507995605469,462.8419564392289,454.70533110954284,454.70533110954284,183924
2021-05-18,464.68597412109375,470.67894799368725,458.6930002485003,467.91296005249023,386026
2021-05-19,467.7977294921875,471.1169207834073,461.92000487920365,461.92000487920365,436916
2021-05-20,465.8384704589844,476.39533572026124,456.94121484953,470.1257461529614,537066
2021-05-21,472.70733642578125,475.08148725993044,465.86149959152357,465.86149959152357,401596
2021-05-24,467.7977294921875,475.74994514504806,466.52998496781845,472.9839570918792,507370
2021-05-25,473.3757629394531,477.10983531024533,467.91294814938976,467.91294814938976,382932
2021-05-26,477.5017395019531,482.2038964799487,469.0424095217991,473.44493468920393,306608
2021-05-27,476.55670166015625,479.29961736076837,472.17722048407745,477.50177010782113,155340
2021-05-28,474.6896057128906,479.4379074987475,472.70734812907955,475.749923594911,193086
2021-05-31,470.47149658203125,475.2658588315999,465.65406192312275,474.8279332474956,239702
2021-06-01,475.6116027832031,493.19868731992403,472.6151158544412,483.5868905032676,1068104
2021-06-02,478.0780029296875,482.66491056338674,474.6666064426002,477.0407574198808,297788
2021-06-03,483.6329345703125,485.4308378170602,479.4378645106767,484.0478439771255,358806
2021-06-04,489.7872009277344,501.5196313569964,476.0034086081008,486.8598754901782,1092906
2021-06-07,491.12420654296875,495.43452657495084,485.89189051380674,492.760771947631,439184
2021-06-08,493.3139953613281,497.41688920553224,482.6880242174111,493.24483439993065,372976
2021-06-09,482.8722839355469,502.0267714151859,480.060207673729,493.24473789040604,617068
2021-06-10,479.8067932128906,489.2572532430751,478.05497811225916,488.6579332680759,257872
2021-06-11,482.4805603027344,489.5568692976683,480.82097853482264,484.50896302981647,341256
2021-06-14,484.92376708984375,487.7358434009329,473.95199309346475,485.4308535927999,309452
2021-06-15,480.3599548339844,488.03558340934313,479.7606348758653,484.9238466577794,221610
2021-06-16,474.7587585449219,483.7943076999298,473.6754245465346,480.82089323799084,177230
2021-06-17,473.6063232421875,486.21460833085143,472.5460615189391,474.13648224089894,351492
2021-06-18,468.5814208984375,478.37760022311585,458.8774186637314,474.3669401484383,255810
2021-06-21,464.4784851074219,472.43072798836397,460.14512120171287,464.31714707759676,326544
2021-06-22,461.4820251464844,471.07077756321837,460.53698490897284,467.47499892407865,356600
2021-06-23,470.7481384277344,482.6649259658485,456.94124212918325,463.3030091649262,1113756
2021-06-24,469.84918212890625,478.9769371909803,467.06014976786776,474.3669570447726,246742
2021-06-25,478.0549011230469,478.97689707506817,469.57252710961745,471.1399314828871,300288
2021-06-28,480.6825256347656,484.0017445403773,473.4448805450562,479.89885165277855,509822
2021-06-29,477.7322692871094,491.88488595148993,473.90596322224144,487.7359037832018,697060
2021-06-30,471.04779052734375,481.2588802068725,469.06550458746284,478.9538900123395,291170
2021-07-01,467.3367614746094,474.29782060030874,465.60801883043695,472.75348842634963,477700
2021-07-02,492.138427734375,494.90441567999653,467.47500708216546,467.47500708216546,1634066
2021-07-05,489.64910888671875,504.1935641588695,486.4221224126584,496.080009421782,800318
2021-07-06,507.3975524902344,526.9208100959072,490.04096337003443,490.9629595381813,4975560
2021-07-07,506.8904113769531,520.0057829496574,502.48785763752346,511.70781832812025,1967718
2021-07-08,528.7879028320312,533.3748115016505,508.0199155357121,509.1724108068911,2454964
2021-07-09,515.6493530273438,532.4527081917792,511.98438503762446,530.6087161287774,1019836
2021-07-12,512.3992919921875,520.8355781486911,509.1031449409122,518.5766766277643,705288
2021-07-13,505.46124267578125,518.1156717427057,502.4878280378859,513.782279218554,569030
2021-07-14,510.1865234375,523.0022918379552,505.94536385381735,508.8035292766239,900610
2021-07-15,504.9541931152344,515.6032366108888,502.48786484993434,513.4596407388965,373744
2021-07-16,495.45751953125,515.3956797729123,494.18977523842756,509.4027067522971,680236
2021-07-19,498.8458557128906,502.9487486015949,492.34579606462273,495.4806045417402,390422
2021-07-20,491.7696228027344,502.0037560242315,485.8688258174392,498.8459309385934,288832
2021-07-22,510.46307373046875,531.5306584101735,494.5816599293425,495.5728168178113,3077192
2021-07-23,508.50384521484375,530.1476779030445,506.17578290221115,516.3177384794868,1237734
2021-07-26,509.33355712890625,519.6829945321009,506.03741063947757,509.63321704142925,994962
2021-07-27,507.1439514160156,516.3178240081385,500.64389006503427,512.1688414937873,474812
2021-07-28,504.9772644042969,511.3620760051494,499.28394986362713,511.2468264951189,394264
2021-07-29,507.05157470703125,516.1332103481179,504.7926738614049,510.3015759660296,512508
2021-07-30,514.6351318359375,518.622775990611,507.5127348886689,507.5127348886689,409294
2021-08-02,506.1758117675781,518.0465104497413,504.79281774635524,516.3408403332347,374252
2021-08-03,507.3975524902344,511.63871235403764,505.94539727056707,508.01988864889745,266478
2021-08-04,497.624267578125,515.326601996951,496.51791739971134,510.78578296102137,369028
2021-08-05,497.4399719238281,504.26270934817313,493.3370779946163,498.7998936713947,347968
2021-08-06,497.7625732421875,502.2342311774837,493.7749294256082,502.2342311774837,222682
2021-08-09,500.5977478027344,511.24679052548237,498.33884631023125,502.6261502913937,630462
2021-08-10,509.2414855957031,529.6867369914976,502.4878531947192,508.01982956016565,2274418
2021-08-11,504.6315002441406,518.1387086368438,493.72888567811333,514.012798815216,561760
2021-08-12,509.1723327636719,513.5287417113282,495.5728906482094,498.84596546184173,582148
2021-08-13,502.00372314453125,529.5483521934668,500.25196460131673,512.629748994415,1570668
2021-08-16,492.7607727050781,499.7218312396526,488.24296980228416,493.72885724877113,530890
2021-08-17,491.83880615234375,501.7502637306514,488.3582485395943,495.2271303952096,455472
2021-08-18,516.3869018554688,520.9277207326857,499.3991374386214,506.63678326125796,1710306
2021-08-20,519.3142700195312,541.6726740106074,510.7858066414919,512.5837101760211,3341314
2021-08-23,512.7449951171875,533.7895638250211,507.83535545327527,525.5376888591537,1190970
2021-08-24,534.7576293945312,538.9066110019025,516.3177111395474,518.1386305575612,1404384
2021-08-25,575.4407348632812,580.8574611878505,539.3676425315755,539.5750691151896,6043016
2021-08-26,594.5029907226562,604.3683588651436,576.7084797408808,579.4513952443696,5374274
2021-08-27,636.8226318359375,644.9361851693675,583.2546318693775,596.2778250295165,8430452
2021-08-30,645.3741455078125,671.6741046476445,622.3473172781881,641.2482358029331,6787604
2021-08-31,634.240966796875,653.3493082505083,629.7231646288195,640.7640424067542,2507708
2021-09-01,622.3011474609375,637.1683314320812,617.5298299064266,628.8012073376744,1328524
2021-09-02,636.1080932617188,659.1810661870509,622.8083119193124,622.8083119193124,3944170
2021-09-03,642.884765625,659.2271217632396,638.7127113307472,659.2271217632396,4806414
2021-09-06,627.4874267578125,656.415050695521,623.9838532807485,650.0071673652426,1917914
2021-09-07,637.0992431640625,642.4928973150452,617.8295040377099,626.9572870500181,2031434
2021-09-08,630.6221923828125,641.9166433970058,623.0157253732538,637.0992368006199,1335442
2021-09-09,633.5494995117188,639.3349899678245,606.6732967581331,630.6221175361463,1826452
2021-09-13,647.8173828125,651.2517951023025,627.441295505185,633.4342689807677,1949648
2021-09-14,649.984130859375,664.6438902938536,631.5442101992369,651.0675212174957,4616986
2021-09-15,646.80322265625,656.9221055620837,643.1152389057261,651.8511279051132,1476220
2021-09-16,660.1261596679688,685.4810533582305,645.3972939339335,646.3192900681248,5121110
2021-09-17,659.5037231445312,683.0146209876514,652.3121656473519,665.6811075581458,4214790
2021-09-20,634.8863525390625,667.986027770554,629.8153751025711,656.4380066441512,2391458
2021-09-21,626.6115112304688,657.014305837336,617.7373000175304,640.2570403342313,3610208
2021-09-22,625.5050659179688,633.7800130002637,617.760334014558,624.6983194942281,1233098
2021-09-23,626.842041015625,640.5336593356416,624.8136385267634,631.7055925068818,1318724
2021-09-24,618.3827514648438,634.5176820652242,611.5830307118263,630.0921123553828,1244282
2021-09-27,616.1469116210938,626.0352964074038,614.3259357205018,622.7161332512892,959318
2021-09-28,620.7799072265625,629.9076903079906,615.801162497378,617.7373316241434,949512
2021-09-29,617.3685302734375,633.3191068984324,611.7674493098644,621.8863334112984,2481174
2021-09-30,624.3987426757812,635.6931941114515,618.6824122746165,633.8261859039358,1750880
2021-10-01,616.8153076171875,630.3916758469269,611.5829917109935,623.8685993395178,1330144
2021-10-04,620.31884765625,628.0175474015869,615.8932784670087,617.7603427265187,859422
2021-10-05,633.8722534179688,650.4681815074574,617.737323330966,620.3189008900523,2481466
2021-10-06,620.9183349609375,639.7731679839669,617.7374369041323,632.0283776086309,1187436
2021-10-07,625.6434936523438,640.7181068678324,623.7303405547136,627.0956487155654,1441760
2021-10-08,623.10791015625,632.950205446414,620.2727614189002,629.7232196939559,906940
2021-10-11,629.170166015625,642.8848581091934,622.9005474677954,628.3403470095368,1121032
2021-10-12,643.89892578125,646.7570907352264,625.5742561554725,629.1700628935939,1573200
2021-10-13,642.930908203125,658.6278572236133,639.4042620494596,645.397236387342,1867518
2021-10-14,665.5657348632812,676.053437352036,642.9307486588666,645.3970762310606,4466704
2021-10-18,682.46142578125,721.9228418997352,673.0570556664198,679.9720254164173,7684378
2021-10-19,659.2501831054688,702.0999227910955,647.7943382953544,692.8799632009301,3102698
2021-10-20,649.9610595703125,672.1581234362462,636.3155306945422,656.4611197966112,2088236
2021-10-21,632.1666259765625,658.7201014567187,626.9573256872853,654.6172077029008,1424668
2021-10-22,611.8134765625,643.921996922317,597.0154527524379,638.0212003057759,2039040
2021-10-25,609.9234619140625,617.4607683979843,592.013643552174,610.822385556722,1261996
2021-10-26,610.7762451171875,615.4323135378083,605.4747682589966,607.5953477474393,1327718
2021-10-27,607.180419921875,623.5228318544824,603.9073455633497,611.2833131427494,1012222
2021-10-28,583.9461669921875,607.5492992823836,580.8575027807208,607.1804783582508,1696902
2021-10-29,602.3399658203125,610.6840182307627,568.8254342710768,576.2474906964128,2039752
2021-11-01,612.6201782226562,619.5581635061423,601.2334952564839,608.3559472463206,1588772
2021-11-02,614.2337646484375,626.9342261601232,610.0847825255447,612.666360147177,1884282
2021-11-03,610.2460327148438,627.4182062511067,606.8346366501227,619.3046536337722,1889084
2021-11-04,617.783447265625,620.0423488620388,610.8223882841646,613.5422879094722,147072
2021-11-08,622.8543701171875,633.0424143936407,618.313551191787,622.7852091641777,2097112
2021-11-09,631.1063232421875,641.248280226357,623.2924288935998,624.5601735166209,1575872
2021-11-10,633.8262329101562,640.5567932141017,629.7233389927766,630.1843370447478,1127294
2021-11-11,643.1153564453125,652.1048184801822,627.0034407260017,634.2872324741821,3241430
2021-11-12,653.3031616210938,655.7694890420976,635.2550832337507,652.3120049170952,2760032
2021-11-15,655.7696533203125,663.8371182996485,649.085182337434,656.9221483173604,1337682
2021-11-16,658.9505615234375,671.2130972373628,651.6667705135286,654.1561710026222,1975778
2021-11-17,648.2092895507812,659.1349761344952,643.4610438200148,656.8990907702987,1754686
2021-11-18,637.8368530273438,653.8335181814048,629.8846371348404,650.007212082879,788220
2021-11-22,628.040771484375,651.205926791488,619.3509682608221,644.0143674435195,1234350
2021-11-23,654.706787109375,659.5509580600408,623.6855457926516,628.8091761165643,1983442
2021-11-24,640.8963012695312,661.2743776353623,635.8891167910699,661.2743776353623,932532
2021-11-25,629.996826171875,641.5249921434511,628.809052995057,635.7958202505575,1427478
2021-11-26,598.9523315429688,627.8775391483633,593.8752688532368,622.4045709844218,1030994
2021-11-29,604.8212280273438,613.1820378161802,575.3137886516109,598.533136707845,1637856
2021-11-30,594.76025390625,610.6434943713723,591.5928964857296,600.8620196331582,839842
2021-12-01,609.6886596679688,612.4833669482072,592.338185303155,594.9931913344606,856464
2021-12-02,605.915771484375,610.8763879123128,602.3525085934078,610.1777111438275,386902
2021-12-03,603.8897094726562,618.5619237791651,601.3977733351494,608.7804475748259,1091386
2021-12-06,595.482177734375,613.2984350524354,592.1984310888673,604.8910588514071,1073828
2021-12-07,599.1619262695312,611.0161768210143,596.2042058388205,600.8154841150479,1044366
2021-12-08,601.7703857421875,612.040958821972,600.2798977791603,603.6568360983835,896780
2021-12-09,601.9800415039062,609.176390987028,599.3949141742947,604.7980042801099,1161010
2021-12-10,607.8954467773438,615.58089238263,601.9800053275718,601.9800053275718,1415600
2021-12-13,610.8765258789062,617.6070908586964,605.5200027774138,612.9259895676938,1064868
2021-12-14,599.7442626953125,609.2462802731015,596.670095588565,609.2462802731015,770360
2021-12-15,599.2551879882812,609.6654622201186,597.9044013033773,599.464768310736,562268
2021-12-16,596.6234741210938,606.9173018678025,593.8753337539894,605.1939216818647,1126552
2021-12-17,581.1593017578125,598.8591128751046,577.2234454501144,597.1357329570681,2237874
2021-12-20,566.4172973632812,575.6165417806513,550.184661094468,575.337025577404,2019236
2021-12-21,565.7885131835938,574.032934460862,561.386871594628,568.2571942297832,427942
2021-12-22,580.1347045898438,586.8885811185894,566.0680327699133,568.6298480049547,554362
2021-12-23,578.7373046875,584.4431654379401,575.2904876379899,583.5349083067666,343290
2021-12-24,573.0314331054688,579.5989837795285,568.7229260896382,578.0386169346773,237280
2021-12-27,568.4901123046875,576.0358001875467,565.0432948444599,573.0315122186331,568392
2021-12-28,576.3385009765625,579.6455599064595,570.5627611908245,570.5860731616867,433522
2021-12-29,572.146484375,579.762050978198,571.0519019704863,575.243963241069,371732
2021-12-30,564.1582641601562,571.0752107041625,562.0622335367531,570.5861141486472,358446
2021-12-31,563.902099609375,573.8465887819134,562.900651414726,564.1815589789713,1138866
2022-01-03,574.6383666992188,580.2045260909767,564.5541768520904,565.4624339655686,1104054
2022-01-04,581.57861328125,590.1024938102767,574.4288313737329,576.0357654259986,2104244
2022-01-05,591.4066162109375,595.6685561850028,577.6194050000929,584.5130390347477,1514570
2022-01-06,581.462158203125,594.3411129710967,579.8552241755481,592.012190114627,1531864
2022-01-07,585.3048706054688,592.9437488118156,581.5553389876857,581.5553389876857,942470
2022-01-10,603.7733154296875,605.5200077597638,585.3282557957773,585.3282557957773,2852966
2022-01-11,596.29736328125,608.1981813792135,592.0121681278807,603.4704567844691,2913574
2022-01-12,611.388916015625,614.5097072642594,598.6031502044053,599.4648404292865,1692542
2022-01-13,614.7191162109375,618.5618384755636,605.8925223586053,612.483327786316,780012
2022-01-14,636.0986938476562,639.0564144231839,611.0860289348175,614.7657383195889,1760492
2022-01-17,650.6311645507812,660.2263153110295,632.8614718522148,639.9646865372688,2202348
2022-01-18,647.23095703125,666.0719197090026,643.5279356702354,652.0750709605421,1986732
2022-01-19,667.0966796875,671.6613914993306,638.707131132772,647.4405923606586,1832218
2022-01-20,666.584228515625,673.7573216386031,658.176851876761,669.9844783229313,1218872
2022-01-21,660.5523681640625,678.5782074295363,647.9063063132855,663.8594270834005,1701794
2022-01-24,633.8862915039062,672.5696695168112,626.4803047820005,666.0254298161427,2210358
2022-01-25,662.0196533203125,669.7982331454426,620.3551880822405,624.6404403787814,1908080
2022-01-27,662.7881469726562,665.7226125771501,651.3764247350209,661.1812129111524,1551976
2022-01-28,660.0632934570312,685.1690927973002,654.6136368083526,666.9569277390993,1923192
2022-01-31,672.453125,684.9361735517415,664.9773171664184,674.456021287264,1698662
2022-02-01,671.5448608398438,686.9390626369883,660.2495857398845,678.9508464007882,1534430
2022-02-02,661.6703491210938,678.997513834148,657.2220833613327,674.9218985050114,1246952
2022-02-03,659.8536987304688,677.2507404225883,655.3588664199324,664.1622058480127,1482606
2022-02-04,652.1915283203125,667.7254891248801,649.583146115405,659.8304065949089,586412
2022-02-07,645.9500732421875,660.8784347995078,643.7142845322625,652.191541078663,628232
2022-02-08,641.87451171875,653.9615997397818,635.8891339266605,647.4406151269919,999434
2022-02-09,658.852294921875,662.811463891006,644.2266475936261,645.111649676067,1167058
2022-02-10,651.0969848632812,669.7982477275064,644.180094998012,660.9483404209537,1993640
2022-02-11,642.7593994140625,651.6326182820192,638.1248656514413,638.1248656514413,557218
2022-02-14,620.8209228515625,635.7493403444367,617.6768771554924,631.138061951841,694502
2022-02-15,636.9137573242188,639.4988272679664,612.9724218762066,628.8090953897256,649632
2022-02-16,634.7945556640625,648.3721886588943,631.091590692051,640.4305381736699,1010008
2022-02-17,647.94775390625,653.2422128277907,636.2903222054975,637.2400092535654,1118614
2022-02-18,639.115478515625,652.9097030642602,636.5276050601024,652.9097030642602,1230176
2022-02-21,617.7951049804688,635.3405475895465,614.7086224996526,631.5417999208497,1205286
2022-02-22,608.5831909179688,612.5243572382864,596.8782869048983,600.6770349520258,1214574
2022-02-23,622.1162719726562,628.6928433712557,608.2745712678085,608.2745712678085,1168062
2022-02-24,606.01904296875,616.9642093007408,588.8059653525955,612.5481413748776,1384050
2022-02-25,624.229248046875,632.5864819809136,610.5537901450738,610.5537901450738,1087016
2022-02-28,658.9639892578125,661.528155447674,610.2450635075955,623.9442852709534,1488674
2022-03-02,660.2223510742188,679.0023749309214,646.665547255453,658.5603989826013,1845270
2022-03-03,654.2393798828125,676.4145475504516,650.9866556238944,664.3060386262421,1188174
2022-03-04,651.53271484375,673.5892288461278,646.285729268761,653.3846159731601,1445024
2022-03-07,629.19140625,647.7577756071531,619.457114447564,643.318000451096,1176136
2022-03-08,629.5000610351562,641.0387823023178,620.644275339975,637.1450884399791,1160930
2022-03-09,634.1771850585938,644.8136318367668,631.5417807576869,635.8153717552952,954242
2022-03-10,649.6808471679688,659.5576150572068,635.1269404065721,635.1269404065721,1225572
2022-03-11,657.7056274414062,667.6298667837517,649.1347382545109,650.5355031961166,1180240
2022-03-14,655.8775634765625,667.1076234865944,653.9069514214939,664.7808788178734,948082
2022-03-15,653.7645263671875,665.7305588759601,645.1935783685526,661.409494801364,793210
2022-03-16,694.2924194335938,703.2669729737149,655.8063314422877,662.4066675360432,4808698
2022-03-17,686.5286865234375,709.4161177386615,681.4003540528643,705.6173701202483,2445066
2022-03-21,686.718505859375,698.0198020303412,683.2284184420798,692.3216811974404,1174988
2022-03-22,671.7847290039062,687.0984293116469,663.8548670690227,687.0984293116469,1139158
2022-03-23,668.1522827148438,690.4462200005252,666.3479121786817,683.7271728277827,1056982
2022-03-24,667.5824584960938,684.2256876509125,656.233687758924,667.6299312511195,2351078
2022-03-25,662.3117065429688,674.1590281376962,658.6079042274939,668.5083791545659,936172
2022-03-28,664.7095336914062,668.9594169753833,655.7587470354446,663.8310849786759,963454
2022-03-29,665.018310546875,673.5417280425688,662.8815148328722,667.1551062608778,1002168
2022-03-30,666.9651489257812,671.9272981336748,659.0589932900384,669.2444208445821,977962
2022-03-31,705.0950317382812,710.508258517116,669.5292466866777,681.3528598699594,3826742
2022-04-01,723.803955078125,731.1877365699204,702.9820216677334,708.4664871635979,4339668
2022-04-04,741.2069091796875,756.378193190509,725.1097615300525,727.935057058948,2551602
2022-04-05,737.3131713867188,753.5765596462551,733.6331346272616,744.9106666320496,1756158
2022-04-06,734.9627685546875,747.6410664061533,725.4658988639139,733.6331836122622,1716074
2022-04-07,749.3980102539062,771.5257643672558,738.2867184030093,738.2867184030093,4487878
2022-04-08,769.34130859375,774.9444843007568,752.8880299768082,755.0010600724285,4010552
2022-04-11,797.4521484375,803.9100081445625,773.9948690346349,778.1022767116341,5061988
2022-04-12,793.4397583007812,799.6127240743378,778.3160037484269,799.6127240743378,2949782
2022-04-13,796.62109375,817.3954938599007,792.4662137280199,796.9772263233126,2013610
2022-04-18,825.254150390625,832.9466490559247,788.2401266645904,792.9410884104477,4052334
2022-04-19,802.794189453125,834.7748881662956,792.4188703824839,830.0264530800254,2087080
2022-04-20,794.1282958984375,816.7308353298223,786.9344051455512,807.2101997904048,1140070
2022-04-21,796.2650146484375,811.4125327100611,792.5849778104146,797.7370177907887,1076504
2022-04-22,797.0486450195312,824.2571450067182,789.2611993924904,792.0390225008476,1945030
2022-04-25,772.6416625976562,795.3154411893528,758.6100130792745,790.6144786424032,1686524
2022-04-26,781.5447998046875,797.1671599801857,773.1875671709644,777.2474436501923,1315140
2022-04-27,779.621826171875,788.8100367434932,774.9683944278755,779.6455915337294,1044702
2022-04-28,775.1107177734375,787.694069584144,768.842807227028,783.1355839172744,1526388
2022-04-29,757.4227905273438,783.016864582918,753.1017266394833,779.123171401393,1275486
2022-05-02,747.973388671875,763.1209065104522,744.8631988137881,749.3029735343308,1161508
2022-05-04,751.1549072265625,766.3973712325675,745.1718910142595,753.1017538877646,1682782
2022-05-05,757.6839599609375,771.0745220188408,751.558467884297,757.4227728786269,1001110
2022-05-06,751.60595703125,756.7105242124163,740.8032683455258,749.7778213080622,1230358
2022-05-09,743.9134521484375,752.6268172729042,731.2588634702034,738.3815147377703,1000198
2022-05-10,736.3160400390625,754.9773536743376,732.7072412516343,746.2165148184375,913308
2022-05-11,739.3313598632812,746.2878290168323,720.8837007235211,736.9571422657755,1278840
2022-05-12,720.3138427734375,752.4133105752701,712.2652684259427,735.9836786788082,1394432
2022-05-13,716.9661254882812,745.4567320408513,697.0701736528791,723.1865629927349,2715380
2022-05-16,759.939453125,764.4979385570792,722.6404777196215,726.9853067893716,2134260
2022-05-17,793.7721557617188,797.191005807847,765.4714944909615,767.3471031477147,2057806
2022-05-18,798.2119140625,806.7590969614441,791.1367344032931,801.4645804061838,1698510
2022-05-19,800.4673461914062,805.8093350062682,771.6206065911524,780.1677886949313,1285596
2022-05-20,834.3949584960938,848.5453177016824,816.493382086202,819.1050212845004,3816272
2022-05-23,862.2208251953125,878.4604492332589,835.7245354867761,841.8975008057125,4954548
2022-05-24,847.429443359375,870.3881144358976,838.0275191011915,864.0964382131613,1593430
2022-05-25,828.791748046875,866.1144306704068,825.7765038092734,847.4293529831763,1799772
2022-05-26,837.1491088867188,842.8472310118693,809.9880832758855,835.724578355431,1533562
2022-05-27,851.9404907226562,870.3643840382942,840.9478519292538,849.9698785733283,1846810
2022-05-30,865.1173095703125,876.6797362044434,855.7628586491646,863.2654084873003,1385854
2022-05-31,872.9047241210938,888.9069249584013,859.7278185828482,865.1647528174183,1873818
2022-06-01,899.0447998046875,915.8305035222078,873.711914316678,877.5106617702288,4099956
2022-06-02,901.0629272460938,913.9074658700438,895.079911315042,902.20256312922,1964814
2022-06-03,901.1104125976562,911.6519722086014,887.5299012082702,906.0013234308237,1255358
2022-06-06,896.4331665039062,909.2064664887454,889.8328311694673,902.2025258277145,1439400
2022-06-07,901.537841796875,921.9324045450545,897.6916211067585,907.8058106662256,3436266
2022-06-08,874.8753662109375,906.9510671918428,865.1648400123232,904.576849738461,1894752
2022-06-09,889.9041748046875,892.7057629941768,864.4288099221279,875.1365538288659,1409134
2022-06-10,898.8548583984375,901.5615007604267,874.9465030044425,877.9855125856982,1254786
2022-06-13,880.787109375,891.3998486773019,873.8068760210881,883.1850339709491,1449750
2022-06-14,894.5338745117188,898.2613842214698,876.5610604607847,878.4366690133237,1373658
2022-06-15,882.7814331054688,901.96511979155,879.9086650544866,901.96511979155,825786
2022-06-16,853.3411865234375,897.4303910260098,845.6962182656071,896.4807040880361,1563972
2022-06-17,901.5853271484375,936.652565873682,837.8851182150186,842.847209587152,8249262
2022-06-20,819.0100708007812,921.6712096595776,807.2339291196712,902.2026266631619,5165108
2022-06-21,857.1397705078125,860.392436056051,822.4287311497189,835.2495023627919,2085472
2022-06-22,845.2926635742188,863.2417129991618,835.1547664965711,847.0733266896473,1488688
2022-06-23,840.7103271484375,867.6814582596152,831.1185126564354,856.1189738954907,3107600
2022-06-24,852.96142578125,859.4667587251083,843.7969227925511,849.9698884629524,742786
2022-06-27,858.75439453125,866.4706007303835,853.2936947595556,864.6661724027165,727950
2022-06-28,854.78955078125,862.8855977976133,851.4418808709377,858.2796389650955,761634
2022-06-29,846.978271484375,855.5729846347101,843.3219999630443,844.7940031223739,1100850
2022-06-30,840.3780517578125,854.2434588095821,833.825188254378,849.4475510394744,662900
2022-07-01,824.4232177734375,845.078908927523,820.2446299737146,837.1490460839699,860300
2022-07-04,843.4882202148438,857.0924977695289,826.2276709800445,828.1270449363204,1613616
2022-07-05,835.2734375,857.0924719804904,830.9760808675114,847.5956024848617,898662
2022-07-06,829.5989990234375,844.7939897736644,823.3310885246848,838.0987085672036,1541340
2022-07-07,824.1858520507812,852.2966224484175,818.8913933182899,833.3503549231183,1550608
2022-07-08,826.4888305664062,841.4701073691482,821.0281306239294,833.1128738326507,1620218
2022-07-11,829.1241455078125,839.7844158553166,826.037663049102,828.1269858447793,1436876
2022-07-12,827.01123046875,837.1728934174754,821.4792918527205,828.6019446722528,1094328
2022-07-13,818.677734375,833.4928875772192,816.7783602181231,829.3142412463703,1539698
2022-07-14,821.4791870117188,834.2999604506299,818.6775990007284,818.9862588430416,1251144
2022-07-15,819.6273193359375,829.7415086468981,817.205629180498,825.6103355918149,1116446
2022-07-18,842.1824340820312,846.1711311415509,824.1146733836523,830.2164008677679,1935542
2022-07-19,866.161865234375,868.702265922109,842.8470650558285,844.271595306627,2952758
2022-07-20,869.48583984375,881.6893514296637,862.410660763368,873.9731452771625,1960542
2022-07-21,877.4158935546875,883.1140158863401,865.1649073559154,872.2400875105769,1500514
2022-07-22,887.4586791992188,902.1788267547622,881.3094794544742,881.3094794544742,2977562
2022-07-25,903.8408203125,906.3575140020606,887.0314070922266,887.9098559582566,2356300
2022-07-26,894.43896484375,912.8866231119573,889.3343972502761,903.8408313071068,1967752
2022-07-27,920.7927856445312,922.0511325137932,895.079998498003,895.079998498003,1957612
2022-07-28,961.391845703125,966.306464037929,922.3834429452958,929.6960439957384,3884756
2022-07-29,961.5579833984375,981.3115172312878,955.4324913187454,968.6806351273148,1988732
2022-08-01,963.5523681640625,977.892618100149,957.9729572640231,963.9322661344628,1776780
2022-08-02,972.6456909179688,985.2764579585373,961.5580492624471,963.4574231869161,1778528
2022-08-03,961.5105590820312,981.1690904368786,951.1114754411643,974.5450471810552,1164778
2022-08-04,951.8948974609375,968.0632815404249,940.9260257756401,966.330149385219,1684594
2022-08-05,948.4048461914062,956.3347086233723,938.1719466547308,954.43533482273,1403264
2022-08-08,1025.3057861328125,1032.309727476084,950.6366487613248,953.0108661658236,7183926
2022-08-10,1029.60302734375,1046.673625381797,1014.0281397313496,1025.6618037086,3451804
2022-08-11,1075.2593994140625,1091.1904228992903,1032.4523019106655,1035.6812610736322,5522052
2022-08-12,1077.9896240234375,1089.1246802259047,1053.2028180380157,1075.4255156530282,3423576
2022-08-16,1090.85791015625,1096.7934534405977,1059.708132628562,1085.8245230796913,2581672
2022-08-17,1087.6527099609375,1106.1953702506555,1083.355353464307,1095.9624705069052,1766172
2022-08-18,1099.4288330078125,1115.858346890586,1085.5396620362037,1089.7657223877582,2665298
2022-08-19,1069.3363037109375,1109.5631390974424,1061.610494409374,1106.2485683914383,2288654
2022-08-22,1063.375,1081.9503579223647,1050.1409350824083,1068.2155213161948,2141126
2022-08-23,1067.5479736328125,1074.9399743436943,1052.2632004895033,1058.009908199417,1318978
2022-08-24,1057.4376220703125,1075.8460180541565,1050.0694899869147,1068.2633027899724,1625678
2022-08-25,1059.03515625,1073.0084447706606,1056.6268879810514,1062.9219875989806,1381672
2022-08-26,1084.1202392578125,1091.607596486797,1059.7504382692757,1063.4941750994926,3448186
2022-08-29,1091.7269287109375,1103.7687361274718,1056.34072980686,1063.4942787671773,2438668
2022-08-30,1094.5882568359375,1103.5540607366831,1085.455606665602,1101.3365073168584,1221170
2022-09-01,1098.3558349609375,1110.4213930885094,1083.0471952715739,1083.0471952715739,2410434
2022-09-02,1130.022216796875,1156.4903463736746,1106.4632435299268,1108.8000228118735,5455060
2022-09-05,1133.83740234375,1150.3620522974418,1122.1771419340128,1135.8165041285733,2140418
2022-09-06,1141.8970947265625,1158.6364453668034,1137.4142507511117,1139.5125784776085,2138480
2022-09-07,1150.9581298828125,1168.412833477959,1144.090770413724,1144.567673611062,2718368
2022-09-08,1154.9642333984375,1162.642305327827,1148.3829457222114,1156.9672036221282,1234534
2022-09-09,1160.7110595703125,1176.997259518209,1156.4904190971056,1160.782548487569,2369116
2022-09-12,1246.625,1258.2376398204754,1167.1728780639928,1168.4128729915838,7416854
2022-09-13,1238.755859375,1258.0704358156881,1232.0792156671077,1255.8290144286095,2767998
2022-09-14,1225.1644287109375,1252.8009482988382,1210.046619225669,1225.6413319529427,2740260
2022-09-15,1213.313232421875,1232.413228910895,1199.0300048362092,1231.292576247255,1979796
2022-09-16,1184.34130859375,1217.9629827256763,1153.485696187334,1211.3340751077023,2923862
2022-09-19,1183.2447509765625,1206.541405880949,1161.8078558230256,1187.489143511307,2277992
2022-09-20,1173.6827392578125,1203.8707375633014,1170.7974513764798,1189.1820945204338,1662434
2022-09-21,1170.630615234375,1183.1970635092875,1148.8600265997072,1176.3058342491443,2533448
2022-09-22,1186.320556640625,1206.565073822223,1164.2399156001984,1173.1818504358375,2726474
2022-09-23,1163.0716552734375,1193.784177628185,1147.9299772696684,1189.873594311928,1511820
2022-09-26,1115.78662109375,1148.359135736274,1083.2857117962403,1140.9671355016972,2907240
2022-09-27,1088.460205078125,1127.5900245254074,1084.0011130120686,1120.7226641347827,1899410
2022-09-28,1092.2037353515625,1104.9847649829292,1068.7639885711385,1077.8012813385499,1342928
2022-09-29,1103.9356689453125,1110.540709114249,1078.468965477404,1101.6465100537146,3562366
2022-09-30,1118.2666015625,1124.2993809364064,1092.1084124472409,1103.5540901322775,1537268
2022-10-03,1092.87158203125,1134.3621665943954,1085.4318444335493,1123.0357139119274,1951292
2022-10-04,1129.3067626953125,1132.2635392099996,1106.4154093974346,1107.4169526767942,1648706
2022-10-06,1180.8125,1189.2536646175847,1130.4992048667204,1132.669138037908,3203376
2022-10-07,1173.038818359375,1191.7811380544442,1164.454560462224,1177.4263046649621,1778044
2022-10-10,1153.9864501953125,1169.5096717268145,1149.3366442693266,1163.6437394262061,1345132
2022-10-11,1129.6883544921875,1168.889775323225,1125.4915829305635,1158.3979046348893,1211382
2022-10-12,1125.5869140625,1141.3008512819488,1118.338008678464,1135.0296207482918,1495980
2022-10-13,1125.6822509765625,1144.0907608118907,1120.1263753467813,1126.9222458518122,1493578
2022-10-14,1114.5228271484375,1147.3099235825218,1111.661407823281,1139.7986978539861,908480
2022-10-17,1127.3753662109375,1138.3441404906118,1112.6391029903907,1114.522847460827,1697222
2022-10-18,1181.7423095703125,1186.5113417657021,1125.4915981119805,1133.2174069822217,3098996
2022-10-19,1177.927001953125,1219.441447615207,1167.9836403756285,1187.6558968144736,3684862
2022-10-20,1167.4591064453125,1195.1194937712228,1155.3219425342857,1175.518724455626,2160936
2022-10-21,1145.7838134765625,1187.488975286167,1135.0296229642881,1175.5663952130128,1552594
2022-10-24,1151.697509765625,1156.3950534708874,1145.0447325442153,1156.2758276553373,404974
2022-10-25,1194.0941162109375,1199.8884434810843,1147.905995015489,1153.0327043825087,2591880
2022-10-27,1202.010986328125,1206.4700790789364,1186.225555812778,1199.3165290604013,1429232
2022-10-28,1204.0137939453125,1206.0883697422466,1183.4832013184762,1201.796240312559,1115040
2022-10-31,1206.5889892578125,1217.0331229800008,1198.171577745855,1204.6575079718057,1038820
2022-11-01,1207.208984375,1215.864731043622,1195.524855757401,1210.3803441414836,841596
2022-11-02,1189.3250732421875,1215.626237737168,1180.3354014905808,1206.5650770792604,1265316
2022-11-03,1213.7901611328125,1224.2105428677055,1173.1818992810888,1173.1818992810888,1930752
2022-11-04,1221.3250732421875,1227.5486825062148,1204.4666171000379,1220.2520411770597,1865810
2022-11-07,1236.41943359375,1243.7398287471303,1217.5340179993202,1227.4536290546625,2117362
2022-11-09,1193.4739990234375,1241.8558002116006,1187.4888412161617,1241.8558002116006,1930226
2022-11-10,1159.3994140625,1192.2579979123873,1149.9089705402503,1190.3503851157275,1648594
2022-11-11,1182.290771484375,1208.4727106314763,1162.308457515224,1175.089486580883,3045810
2022-11-14,1187.6082763671875,1198.3385991132016,1155.1788565125669,1187.942085344106,1631814
2022-11-15,1203.131591796875,1208.0437187598993,1173.420494815399,1188.4429478073457,1712410
2022-11-16,1278.64892578125,1292.1214407352793,1203.3936964575246,1205.3727980994338,9942896
2022-11-17,1279.2213134765625,1298.440418816405,1264.3180888448965,1285.9217101258057,4194458
2022-11-18,1260.0980224609375,1285.2754307433877,1249.9117472514768,1281.6717873457412,2384470
2022-11-21,1275.4014892578125,1282.2484120616737,1242.1039164144472,1258.2962647770937,2329032
2022-11-22,1311.3177490234375,1315.089609403612,1275.689774558491,1278.0922035124618,5499386
2022-11-23,1306.2728271484375,1319.1498715667904,1300.2428234928846,1316.507199355439,2154714
2022-11-24,1310.71728515625,1327.2701163046022,1301.6361496393513,1309.8044089763277,2017230
2022-11-25,1312.470947265625,1333.3239830592668,1308.362770412182,1312.6871424039962,1506132
2022-11-28,1327.365966796875,1332.0026074830557,1313.2636627435613,1316.867305962695,1508604
2022-11-29,1322.368896484375,1332.5792193401041,1316.0746031310907,1329.0236714798427,986228
2022-11-30,1323.2818603515625,1330.4410514130627,1307.6660728027032,1322.3688670035099,962258
2022-12-01,1323.9306640625,1329.7205420157636,1312.83151131205,1326.1409458947708,859294
2022-12-02,1332.9876708984375,1348.7235801430706,1318.9334618784214,1322.4890097166017,1871954
2022-12-05,1337.3360595703125,1344.8796626556075,1329.095658277565,1341.6363837263737,1360562
2022-12-06,1325.419921875,1351.029835434437,1322.8492762278836,1326.1646982377608,1451394
2022-12-07,1310.116455078125,1333.0836979461717,1306.1524475445199,1326.9815522344468,1009110
2022-12-08,1322.77734375,1326.5971822149745,1303.0774268979294,1311.7261708817653,1021472
2022-12-09,1307.0894775390625,1332.939517451673,1287.437539670627,1329.3599220189647,1329912
2022-12-12,1303.750244140625,1318.9095960027619,1300.675181656863,1309.323926861822,953218
2022-12-13,1301.155517578125,1312.999445363329,1297.5999696593253,1307.401832839763,813070
2022-12-14,1289.4556884765625,1308.8433377030867,1287.7019622042117,1303.557993828368,863386
2022-12-15,1251.0887451171875,1292.3624216720746,1245.443037889498,1287.7017336346883,1667784
2022-12-16,1242.7525634765625,1256.4704575160192,1222.4520369641145,1249.2631699968067,1548086
2022-12-19,1270.596435546875,1273.2872025955498,1227.8092745271667,1239.7012965136723,1327990
2022-12-20,1276.386474609375,1281.9361090373802,1252.145989561999,1271.3654214816,1273414
2022-12-21,1240.638427734375,1285.4917083853143,1230.0677397562145,1279.9901692397204,1910302
2022-12-22,1212.986328125,1249.7434895833333,1197.851026348039,1243.4971745642702,1737178
2022-12-23,1172.21728515625,1212.9865574294147,1165.5385786034474,1203.6170831296035,1735564
2022-12-26,1214.2596435546875,1222.355876213844,1160.3732079624344,1165.1780659664198,1637110
2022-12-27,1211.833251953125,1225.719244293754,1196.938192535992,1224.6141035209403,2309794
2022-12-28,1213.250732421875,1230.980612099162,1200.4457150495168,1211.7852272227356,1371280
2022-12-29,1204.3616943359375,1214.0674839451403,1201.214488913763,1206.019346869418,1502838
2022-12-30,1216.2296142578125,1226.2957677521294,1209.0463754046993,1210.3436635320215,909436
2023-01-02,1220.6741943359375,1236.7464211406236,1213.875367080126,1220.4339514321123,998072
2023-01-03,1219.9775390625,1231.6052723912396,1211.5690372515776,1222.355920399225,1109886
2023-01-04,1192.54150390625,1226.0553827248727,1188.289275687107,1226.0553827248727,1376606
2023-01-05,1206.836181640625,1210.0794608477108,1177.1902307200394,1192.32553368644,1290668
2023-01-06,1201.4063720703125,1220.69794290291,1192.5895300445372,1206.9319575040097,1006604
2023-01-09,1199.2445068359375,1221.3949499794878,1194.0072583395072,1209.382804523356,1064990
2023-01-10,1191.29248046875,1204.0973797435024,1179.8328475499482,1204.0973797435024,911896
2023-01-11,1184.229248046875,1206.9562492339583,1179.5926071246095,1197.2504597974523,1345496
2023-01-12,1176.6376953125,1191.2925121758835,1172.3853490706836,1186.7999230346672,805988
2023-01-13,1183.3162841796875,1187.8808988176763,1170.2470952037168,1176.589483660546,1054624
2023-01-16,1190.4515380859375,1203.6168006799203,1175.3882629394232,1177.1900844973272,1176602
2023-01-17,1180.8419189453125,1193.766939713878,1169.358238233956,1193.4306231236592,1182260
2023-01-18,1169.838623046875,1189.6827078301387,1165.0097178353772,1184.3973646208772,1305786
2023-01-19,1178.5115966796875,1179.5926897762238,1156.0488845627674,1169.5024875418853,1079776
2023-01-20,1205.7791748046875,1211.7852476020807,1175.8689322736686,1178.6317257604696,1758206
2023-01-23,1212.96240234375,1217.334870219203,1201.0703783232018,1214.6681504624644,1168318
2023-01-24,1222.4039306640625,1225.23874986877,1208.4217474195907,1214.0193598838064,835766
2023-01-25,1211.352783203125,1222.403956474497,1196.5778450250953,1222.403956474497,1442252
2023-01-27,1184.3973388671875,1221.3706927795317,1161.862604778316,1213.6349428160195,1602946
2023-01-30,1187.4725341796875,1202.1273507709373,1164.3371903195482,1181.9950430975296,1147896
2023-01-31,1226.608154296875,1235.2328504734608,1186.7998610238978,1193.3824926622847,2401150
2023-02-01,1136.03662109375,1245.8996497245357,1105.1173136777602,1237.2509055305359,4646160
2023-02-02,1132.3848876953125,1156.9857367279928,1105.1413668127016,1105.1413668127016,1834140
2023-02-03,1124.2886962890625,1148.2409607631496,1109.9703130418907,1136.3489370038074,1316218
2023-02-06,1154.5113525390625,1160.9257678567415,1129.1416777646605,1129.9105019996243,1718828
2023-02-07,1165.9949951171875,1179.5927682078536,1156.0489614289595,1159.8447527422938,1456402
2023-02-08,1169.4302978515625,1181.9949533807132,1160.877627979703,1171.9767784997448,800110
2023-02-09,1157.033935546875,1189.6829244924631,1132.505110270087,1172.3854344756098,2284432
2023-02-10,1154.583251953125,1176.4453543819532,1141.153698208064,1143.0996890283327,2477466
2023-02-13,1175.7005615234375,1186.631612584839,1154.4151361586382,1156.0487408233992,2257348
2023-02-14,1185.502685546875,1193.04628944947,1173.8749521797934,1178.9439837290638,1409882
2023-02-15,1192.830078125,1198.7880552817626,1180.0491085810365,1191.604815841039,1296058
2023-02-16,1280.686767578125,1302.1164805644673,1194.0071786725837,1198.331550748259,6259508
2023-02-17,1268.09814453125,1320.375024872428,1259.3533261246848,1281.936159519519,8472188
2023-02-20,1243.0887451171875,1270.4044087713407,1231.8454247305315,1270.4044087713407,2273804
2023-02-21,1259.9537353515625,1275.2091576405937,1239.6532127779699,1247.8214703815456,2991976
2023-02-22,1229.827392578125,1267.0169447530461,1220.9143579637268,1261.2751631856681,2344648
2023-02-23,1220.890380859375,1236.5061694976478,1214.6681131554994,1233.4790854696232,1457900
2023-02-24,1217.430908203125,1233.0226491113924,1206.9322464432926,1225.8875052920691,1296700
2023-02-27,1236.4580078125,1239.1727052812396,1209.5027112715006,1215.628904366629,1473038
2023-02-28,1236.9146728515625,1252.6265357419952,1228.1937848139974,1242.0558476766619,1522170
2023-03-01,1289.7440185546875,1292.5068119259045,1236.9386756516062,1239.6533735200126,2802016
2023-03-02,1302.3807373046875,1311.101507174508,1277.1311864366783,1302.5969324416233,3566784
2023-03-03,1293.4918212890625,1327.293926933776,1288.182429738097,1304.4948991860922,2545132
2023-03-06,1302.4766845703125,1310.2845776346924,1295.437615591629,1304.4947011626582,1490630
2023-03-08,1375.7508544921875,1390.6699608249621,1299.7139828521322,1299.7139828521322,8720466
2023-03-09,1375.4864501953125,1390.429603042474,1362.1770191833796,1378.0090002308373,2678066
2023-03-10,1369.04833984375,1399.8474120846279,1352.3033612447764,1371.7630379420327,3121364
2023-03-13,1342.1650390625,1400.1356031632743,1333.3721255745506,1375.919166077675,4027458
2023-03-14,1337.0478515625,1352.3273239135601,1313.1917778126,1348.2431944933203,2195194
2023-03-15,1337.360107421875,1379.474638005958,1333.348004342227,1347.210065652151,3016680
2023-03-16,1308.242431640625,1344.1587374950504,1280.5904563142296,1342.9575232524276,2539078
2023-03-17,1344.855712890625,1369.3845365593384,1333.5642965365391,1359.774820513308,4055368
2023-03-20,1279.958984375,1349.1870600550199,1266.2875701271241,1349.1870600550199,4032142
2023-03-21,1285.1370849609375,1293.0979374804003,1254.3824303702088,1285.8387798972394,2647334
2023-03-22,1270.2557373046875,1295.0094159491737,1265.5130643321882,1287.2905358025318,1320540
2023-03-23,1208.09326171875,1219.4417212256812,1197.8094550380981,1206.4720025818945,10594782
2023-03-24,1242.5257568359375,1265.4163231333252,1219.5384254046983,1219.5384254046983,9542446
2023-03-27,1272.3125,1275.6758858565408,1221.9581228329914,1221.9581228329914,5794146
2023-03-28,1272.0220947265625,1282.4511075520074,1268.7554739809111,1272.2882874544255,3718146
2023-03-29,1309.9149169921875,1314.6333691730958,1266.9164619091046,1272.2398438567961,3182244
2023-03-31,1321.698974609375,1377.304070607422,1314.7058920988413,1316.1819443358506,6241754
2023-04-03,1312.649169921875,1341.1777526271103,1310.6166295082323,1335.6849430107497,2026130
2023-04-05,1317.174072265625,1326.006046847731,1292.1299799574606,1319.7147772823953,2337742
2023-04-06,1339.4840087890625,1342.460216153776,1312.8912001816684,1320.198799447549,2885656
2023-04-10,1362.8824462890625,1368.593006509232,1339.0724360010768,1341.97609867401,1839512
2023-04-11,1366.923583984375,1377.7880994596328,1360.7533000826854,1369.052889600112,1341074
2023-04-12,1360.6322021484375,1373.7229054494778,1351.5098143412467,1366.9234714912338,998346
2023-04-13,1357.43798828125,1367.6250277763877,1352.6227716330513,1362.3500881990235,850886
2023-04-17,1370.2626953125,1374.4004385727794,1350.687191569235,1356.9784611824202,1431092
2023-04-18,1369.149658203125,1381.63543281881,1359.8821809913845,1376.0942995192177,1039432
2023-04-19,1365.25390625,1378.513919156579,1360.559556853188,1369.585179645191,794646
2023-04-20,1343.50048828125,1373.1179423732772,1339.8225864141757,1369.076964517976,1293338
2023-04-21,1346.3074951171875,1353.5908732853136,1326.2480472786563,1340.5243900608932,1204638
2023-04-24,1367.4317626953125,1371.4968436945346,1340.5486587310038,1352.284296860712,1286140
2023-04-25,1366.875,1378.7558435525723,1362.3501965001653,1368.109080281896,921288
2023-04-26,1374.8843994140625,1387.8783383054113,1363.9231190970354,1366.657354433408,1467544
2023-04-27,1373.892333984375,1379.14317188194,1365.4475376491862,1376.336273994076,791556
2023-04-28,1413.2127685546875,1415.5115017794246,1376.336271821605,1376.8202156583918,1994824
2023-05-02,1421.9720458984375,1431.529935644141,1413.6482364335127,1422.7221823946236,1528660
2023-05-03,1454.5899658203125,1467.317712351053,1414.5193925257743,1419.915437193265,3559852
2023-05-04,1432.401123046875,1476.028609946298,1422.7947912269233,1463.2766433838376,1973526
2023-05-05,1424.9000244140625,1443.5076405420275,1420.3751024663397,1439.2489113236436,922178
2023-05-08,1431.89306640625,1437.3132138181875,1415.1485621770487,1427.634336957459,899728
2023-05-09,1410.3575439453125,1442.1526303192609,1396.6134681218582,1434.893472784097,1102232
2023-05-10,1429.7635498046875,1432.4736824099252,1410.6962108868013,1416.0195928146761,969060
2023-05-11,1460.7120361328125,1463.4462717547501,1434.8935832515986,1439.7330219809462,2020784
2023-05-12,1439.2247314453125,1467.8016382735536,1426.327675619402,1467.8016382735536,2713000
2023-05-15,1463.6156005859375,1467.3177237038756,1437.6277218430644,1445.5160300695638,1882018
2023-05-16,1498.6529541015625,1511.404920418961,1467.8257578474718,1470.5599930417386,3066666
2023-05-17,1516.6314697265625,1533.5211797063498,1501.0485025633798,1504.9684947125033,2582144
2023-05-18,1497.273681640625,1524.2294459303716,1484.2556406278925,1522.003257181194,1786942
2023-05-19,1487.3045654296875,1505.0652799911536,1473.6089316955188,1505.0652799911536,1215278
2023-05-22,1499.8870849609375,1503.613428695192,1475.3511572440975,1492.9182231556322,1190554
2023-05-23,1474.286376953125,1514.0424318733735,1472.1570714471984,1502.1615876962867,1497886
2023-05-24,1452.4364013671875,1485.6590976152058,1450.3796401157722,1474.2864177544382,2081962
2023-05-25,1458.9453125,1466.7851782271841,1442.0072799380362,1457.8564389781595,1935542
2023-05-26,1461.607177734375,1485.6591632122486,1449.67800920959,1466.2530859087267,2405718
2023-05-29,1458.4615478515625,1477.8677433734463,1450.8878739073082,1472.157182349646,2016656
2023-05-30,1501.2662353515625,1508.0414486573547,1459.0905797831424,1465.5996003647099,4393486
2023-05-31,1508.4771728515625,1541.3611332094295,1467.8016693953532,1518.6157726879717,23508736
2023-06-01,1490.909912109375,1499.2579429407917,1481.1100498290164,1490.5469542471396,2170032
2023-06-02,1533.1097412109375,1536.4731269988351,1492.5311243750366,1497.3221207462468,2692120
2023-06-05,1589.029541015625,1609.5971534697637,1536.6668430565699,1540.7561447262058,4784968
2023-06-06,1651.748779296875,1664.7668214252044,1591.6913010661328,1593.1431325964456,4634846
2023-06-07,1688.0201416015625,1705.9018408134973,1673.0904285856552,1679.2849326589605,5907826
2023-06-08,1707.0633544921875,1716.8148931902158,1682.6726336374766,1702.5385507420403,3310766
2023-06-09,1806.513916015625,1831.7274373807961,1708.4427439401732,1746.553321402191,11784674
2023-06-12,1783.8411865234375,1838.9865625791285,1764.9915978870713,1817.2090901275335,7888898
2023-06-13,1761.1683349609375,1790.1081991723827,1755.7724086009705,1790.1081991723827,3235854
2023-06-14,1798.1417236328125,1809.4659618789497,1764.023683966467,1767.8467929242586,3825868
2023-06-15,1794.2701416015625,1813.43424584781,1784.8573398488604,1805.2072009659985,2121874
2023-06-16,1860.61865234375,1880.6055543564532,1799.4724258091107,1801.7227171562213,6239354
2023-06-19,1884.186767578125,1911.578034265972,1870.442810743793,1886.8969001526646,5109292
2023-06-20,1862.5545654296875,1886.8969633237177,1838.9865249115485,1886.8969633237177,3893862
2023-06-21,1848.834716796875,1882.7107823059441,1819.6286616299917,1877.363179763373,3310098
2023-06-22,1819.8465576171875,1852.9967100764509,1813.0713439758783,1849.6333240774422,3664396
2023-06-23,1761.8216552734375,1868.023100395106,1752.3605301892949,1829.2108305920951,8572968
2023-06-26,1791.100341796875,1800.27105377677,1732.5673589876167,1763.0073787389174,5507348
2023-06-27,1771.766845703125,1824.468282792071,1767.9436184643575,1807.1430696330997,4390540
2023-06-28,1801.1904296875,1812.36957902386,1774.1380178108066,1783.2361851219566,3532066
2023-06-30,1835.35693359375,1842.2531330146362,1791.0760741543754,1806.0298909016321,3494638
2023-07-03,1824.4925537109375,1844.3342517609144,1820.4032517672938,1843.4146875464342,1383142
2023-07-04,1801.2874755859375,1831.727496900442,1797.8514269445552,1824.4925598756488,1414468
2023-07-05,1807.4818115234375,1814.3054669682283,1785.7527802381335,1801.2147623881738,1597660
2023-07-06,1805.61865234375,1821.9517566224617,1793.9797795906281,1809.9499259964794,1736726
2023-07-07,1819.38671875,1831.630520537902,1795.4315006151085,1800.2709386221572,3145996
2023-07-10,1827.589599609375,1838.986500101918,1810.4580357896166,1831.049868782669,1850612
2023-07-11,1895.82568359375,1909.1583593914324,1834.5584672091907,1836.9781862958719,6498242
2023-07-12,1860.20751953125,1903.8107872863127,1846.3666788720568,1903.8107872863127,3088386
2023-07-13,1865.1195068359375,1886.7275514232879,1848.665416739305,1868.99105744691,2637038
2023-07-14,1856.747314453125,1871.410836491703,1826.9847681784315,1866.3294261521212,2389776
2023-07-17,1846.5843505859375,1893.672106378183,1840.7770249338705,1866.0873095308646,2722208
2023-07-18,1863.3046875,1875.2822970099344,1845.035808348484,1852.5369375365237,1759552
2023-07-19,1868.4586181640625,1879.6377674914124,1859.820292002333,1865.0710114770286,1581708
2023-07-20,1856.8681640625,1871.3864782523583,1846.511813867205,1868.023092428443,1073984
2023-07-21,1865.33740234375,1884.4774057886498,1859.796268732866,1863.3290825689617,1781184
2023-07-24,1880.2427978515625,1896.5274607510526,1863.183777550612,1872.0641942440132,1896302
2023-07-25,1856.5777587890625,1889.8004518671298,1852.5610018041943,1886.896789201009,1092930
2023-07-26,1867.345703125,1872.8626155074408,1852.851490947241,1862.1190861493283,680048
2023-07-27,1864.611328125,1871.846264644618,1856.4085039599388,1868.0231557052566,807498
2023-07-28,1901.4150390625,1911.0939142931568,1854.0369920685687,1863.1834819014064,2743224
2023-07-31,1917.1434326171875,1935.2428841276874,1906.254696725761,1908.6744158127447,2155884
2023-08-01,1870.87841796875,1923.3622212125026,1865.627698267446,1919.8051867774661,1689700
2023-08-02,1809.877197265625,1871.4106017811491,1797.0042454263905,1870.92665799998,1960584
2023-08-03,1822.798583984375,1835.6230949690664,1791.3422362860756,1809.4174667271227,1441748
2023-08-04,1814.789306640625,1838.9622765750091,1810.0950752641836,1831.727340169271,1013752
2023-08-07,1815.78125,1829.234910466752,1812.3694227836513,1822.048298205727,1035448
2023-08-08,1827.2509765625,1836.4216888142698,1810.7968857982478,1824.4682994479574,790866
2023-08-09,1850.72216796875,1857.932883682458,1820.6451065829433,1832.2113167103844,1270686
2023-08-10,1834.945556640625,1868.023164336621,1830.4449735887968,1850.1172428131872,791856
2023-08-11,1834.631103515625,1872.3061788445316,1821.1048967729014,1844.8423658335817,2200848
2023-08-14,1877.1456298828125,1883.509444182538,1798.0449139206917,1831.6549084662763,2643174
2023-08-16,1887.453369140625,1894.6399818491552,1853.9887025451121,1877.7261696259343,1322556
2023-08-17,1872.4996337890625,1901.052319294924,1868.7006275251777,1891.736400718859,1116772
2023-08-18,1833.17919921875,1879.1538623459362,1829.3076486396185,1872.8625926548475,1153394
2023-08-21,1849.0770263671875,1855.3198551766297,1829.7192711126547,1833.106878282198,888908
2023-08-22,1883.2431640625,1891.3492230877605,1849.6817308690172,1852.4401870266483,1811764
2023-08-23,1950.825927734375,1959.923976786057,1885.1546586016236,1887.3808473740485,5100426
2023-08-24,1926.2225341796875,2008.5816936055896,1922.0693367055385,2008.5816936055896,5055676
2023-08-25,1899.48193359375,1952.234574918471,1890.5927792207237,1937.5649086237252,2341784
2023-08-28,1901.8377685546875,1923.380886046992,1894.430061263848,1909.0026001966469,1480930
2023-08-29,1893.1429443359375,1908.516926095242,1882.35917021618,1905.8209825653028,1921322
2023-08-30,1897.0047607421875,1922.6038330321455,1894.4545661683069,1908.0312926099716,1591546
2023-08-31,1894.5760498046875,1908.5170900939174,1883.0637663111995,1903.6595765024338,1989702
2023-09-01,1914.7103271484375,1932.7074378511877,1898.801970907146,1904.048109050082,1778540
2023-09-04,1926.6112060546875,1952.2345886249705,1919.227809582146,1925.6883259674821,2012218
2023-09-05,1920.1021728515625,1935.7190305168208,1915.4146014093844,1932.7073960195376,837472
2023-09-06,1937.880615234375,1942.3738150264046,1919.2278116424945,1924.3525118803793,1215652
2023-09-07,1962.556884765625,1976.9593648045718,1941.9124524650151,1943.0053929985768,2602116
2023-09-08,1994.2763671875,2010.4762222040724,1967.778725824395,1972.1018654180623,2895476
2023-09-11,1983.177001953125,2025.5831182918062,1975.064978171339,2025.5831182918062,1653588
2023-09-12,1914.248779296875,1992.4790512099644,1909.0026414493755,1991.580363853038,1895288
2023-09-13,1928.5784912109375,1938.1477685050297,1889.6212590309922,1918.7177156879366,1477608
2023-09-14,1922.700927734375,1937.904968374654,1913.8602770763596,1935.2090247228816,722168
2023-09-15,1917.576171875,1932.1973342031151,1913.9088442423079,1930.3271441640659,786220
2023-09-18,1935.0389404296875,1996.996424329672,1922.530844362168,1991.5803447312608,2944968
2023-09-20,1939.4107666015625,1970.9359798155647,1926.0039827402868,1935.3790069294546,2439714
2023-09-21,1901.9351806640625,1954.6635156711852,1895.2075953349417,1946.2599932398566,1535970
2023-09-22,1879.857666015625,1922.8466591531917,1872.5713959923087,1907.4483655555766,1490806
2023-09-25,1872.5714111328125,1889.2812097514031,1853.1413575802023,1887.921200876029,1657588
2023-09-26,1880.416259765625,1902.6151909638359,1872.8871139661505,1876.8460585576302,1670334
2023-09-27,1864.167724609375,1886.487972938281,1861.3989659409924,1881.8005203693644,1706940
2023-09-28,1835.3143310546875,1886.2695997230494,1831.2825711717117,1879.6634525841496,1992076
2023-09-29,1873.202880859375,1887.3867960017485,1843.037675777191,1843.9120518910404,1147905
2023-10-03,1901.2794189453125,1907.837062213335,1871.2113390280629,1883.8894967828953,2009422
2023-10-04,1861.6419677734375,1903.1250838195897,1834.197017694064,1901.27932364331,1825706
2023-10-05,1888.455322265625,1915.80314441976,1876.117286571378,1880.0032970063064,1976433
2023-10-06,1900.356201171875,1908.0310953858968,1887.6295409036647,1889.7182951999325,1029633
2023-10-09,1866.1109619140625,1891.515781568714,1861.0591952448337,1880.8292517293426,824232
2023-10-10,1903.6107177734375,1911.5771102301674,1880.3919005599173,1884.7150396833654,1658275
2023-10-11,1905.6995849609375,1923.5752575371853,1901.7164477924446,1908.8084646129469,895385
2023-10-12,1912.3543701171875,1918.3291352147498,1902.2022147224573,1905.6996005919757,537987
2023-10-13,1918.8148193359375,1933.2902322302589,1899.3362627742235,1904.1451533524157,770978
2023-10-16,1907.3511962890625,1923.5266205052455,1901.0364290769498,1917.7948497552488,786576
2023-10-17,1907.73974609375,1916.6776418148456,1904.2423601992493,1916.6290192446802,449525
2023-10-18,1906.7197265625,1927.5099072832802,1894.4301941487977,1909.0027341037885,753713
2023-10-19,1898.2191162109375,1909.4885236164725,1890.6413478461689,1901.2307508101942,437558
2023-10-20,1858.193115234375,1898.8505969732564,1850.7612146591373,1890.4470751333713,771497
2023-10-23,1792.7138671875,1863.147808515163,1788.6334849487123,1858.193050182947,1149806
2023-10-25,1758.2740478515625,1818.8472143768379,1731.7520966544917,1792.4223897264662,1625270
2023-10-26,1767.6004638671875,1779.6471205461164,1717.4224464489535,1743.847271312976,1478145
2023-10-27,1801.5545654296875,1808.5979597499029,1773.6238638150405,1777.8012541189464,1140613
2023-10-30,1782.3187255859375,1816.7099428752715,1777.898459714134,1816.7099428752715,796456
2023-10-31,1771.097900390625,1795.3368433443643,1766.823265140527,1783.6788118940763,691198
2023-11-01,1770.7579345703125,1779.5500814951795,1767.1634219952132,1776.7326999298004,575637
2023-11-02,1802.5745849609375,1805.3434624488848,1771.0493706975715,1782.707402759212,728430
2023-11-03,1847.55517578125,1850.6154328655348,1804.080431931527,1812.5810801702996,1032482
2023-11-06,1879.61474609375,1882.7721296961818,1853.62705028912,1855.5700555829242,975588
2023-11-07,1959.6666259765625,1965.349892852991,1875.000144936368,1884.6665490241273,2897381
2023-11-08,1986.285888671875,1989.6375255433861,1951.5060446461314,1969.1873463134261,1748876
2023-11-09,1972.9276123046875,1991.3375399292177,1968.26435218763,1986.7229023809,679939
2023-11-10,2000.2266845703125,2050.7934442659575,1938.1477609354586,1983.4683826726514,4755794
2023-11-13,2001.6356201171875,2015.8680393530472,1983.6141981600522,2012.953531344344,1183911
2023-11-15,2031.4119873046875,2045.0130240441738,1982.3997273479765,2007.1730442663263,1634396
2023-11-16,2054.0478515625,2093.587957192079,2025.5827799282995,2033.2091696804603,2450457
2023-11-17,2065.414794921875,2087.662112467993,2055.4568919830467,2059.683023713326,1087862
2023-11-20,2085.427734375,2105.2462940464766,2055.6996576845154,2076.3927120723415,1452454
2023-11-21,2083.193115234375,2100.340041601864,2074.158093432887,2092.61664321051,832725
2023-11-22,2051.910888671875,2090.7709955569385,2029.420459502183,2083.8246091412716,1014171
2023-11-23,2085.08740234375,2097.4740601794556,2047.587308061963,2056.622329449362,1259937
2023-11-24,2176.45751953125,2186.8525508569987,2084.6018929370966,2093.491047659674,2909879
2023-11-28,2221.82666015625,2267.8274075693057,2201.4251035916323,2243.1997194144215,3488568
2023-11-29,2276.619140625,2288.9087910552294,2235.087403696796,2265.5441056507816,2349730
2023-11-30,2311.981689453125,2374.3521023145963,2241.256260245407,2302.3636724243206,7273415
2023-12-01,2392.08251953125,2428.756746401919,2367.6977069240643,2423.899232909115,4012398
2023-12-04,2447.603271484375,2462.27305391502,2402.525650949633,2461.7873026713987,2351668
2023-12-05,2480.197509765625,2499.6761842893334,2433.8082607178926,2447.6035501708297,1840576
2023-12-06,2637.2412109375,2675.663951324365,2483.6951683656716,2486.0753024417118,6078296
2023-12-07,2613.09912109375,2663.5686337800926,2585.314051831275,2652.202100784808,2607706
2023-12-08,2655.747802734375,2703.8858006498544,2613.3904346330733,2623.056837393487,2833575
2023-12-11,2712.192138671875,2732.836567057933,2644.7699591925825,2661.8682610988617,2624284
2023-12-12,2661.820068359375,2739.8804026997236,2637.9212450079895,2725.210617522094,2393861
2023-12-13,2691.0625,2698.83452166065,2658.565781868064,2670.660943140794,1438726
2023-12-14,2693.976806640625,2733.3712859233924,2686.3504160831776,2705.6348382596975,1193987
2023-12-15,2683.095947265625,2713.1639055135665,2638.698325565414,2706.460632399027,1430382
2023-12-18,2732.934326171875,2768.5398050702374,2673.8182923079435,2681.347438194177,2920105
2023-12-19,2708.015380859375,2743.9123611991918,2697.6203485339693,2739.58922125817,1272030
2023-12-20,2589.928955078125,2739.58899356659,2575.453659710138,2718.215934149908,1947471
2023-12-21,2629.3720703125,2659.9257829391468,2511.3344916895667,2563.7956377442038,2206814
2023-12-22,2626.65185546875,2649.2879162714216,2601.295776797903,2645.4019053931356,1000294
2023-12-26,2740.268798828125,2749.3038207250693,2624.271479662838,2632.7721276765537,2160870
2023-12-27,2728.173583984375,2756.1042840425457,2708.5492786845025,2752.21827359967,1156573
2023-12-28,2725.84228515625,2746.438094672926,2716.3701339630907,2732.351305718997,1003223
2023-12-29,2724.093505859375,2749.352575457215,2704.663452322575,2727.8822714257426,765894
2024-01-01,2745.806884765625,2778.400612191633,2725.1624513850415,2725.1624513850415,1038164
2024-01-02,2712.2412109375,2757.85321401534,2670.1264751738127,2749.2553204827504,1047639
2024-01-03,2788.212646484375,2804.2910630148667,2684.261861406386,2684.261861406386,2164728
2024-01-04,2821.486572265625,2834.844733707874,2783.6952140404946,2794.0416223933676,1740167
2024-01-05,2913.390869140625,2991.2567130630314,2880.602654114358,2895.07794898598,5560237
2024-01-08,2910.2333984375,2948.4618849482304,2899.9353755972506,2931.0234600257636,1682520
2024-01-09,2924.4658203125,2987.17636312368,2915.4794208978697,2933.93797104684,1979028
2024-01-10,2931.315185546875,2939.2814603627307,2893.280711994732,2931.120932440787,1248563
2024-01-11,2934.375244140625,2956.137046644047,2927.1375965575803,2943.5558970980856,723628
2024-01-12,2916.402099609375,2943.652794200254,2905.7641938788647,2943.652794200254,867631
2024-01-15,2944.1875,2952.59090332493,2899.9355054038333,2930.0520885420306,1135342
2024-01-16,2908.241943359375,2977.1213896398526,2857.9180562645224,2966.9692339022185,2214293
2024-01-17,2873.99609375,2922.376969062931,2848.251275703384,2895.0776520345426,1643170
2024-01-18,2883.03125,2896.0492901444554,2764.6049391329825,2873.2189787327166,2066487
2024-01-19,2941.85546875,2945.5958485893516,2897.2149722411746,2899.9352269258625,1203346
2024-01-23,2808.12841796875,2935.8810168142404,2766.1109282343964,2921.3084770219793,1628038
2024-01-24,2847.91162109375,2858.1123997253385,2739.6376896265488,2807.594257930806,1330866
2024-01-25,2821.04931640625,2873.9962084645335,2793.069993900268,2856.2176633275785,1309130
2024-01-29,2892.11474609375,2899.9353898077734,2821.146430574867,2827.072691571397,1213259
2024-01-30,2926.7001953125,2977.655459076025,2900.955376498303,2906.492893863197,1853804
2024-01-31,2913.9248046875,2932.480599227938,2896.8751237975434,2929.08034012663,1074596
2024-02-01,2912.1279296875,2986.399262744274,2870.9360734086495,2933.9381175952203,1920618
2024-02-02,2886.042724609375,2961.0913004132444,2880.845328012521,2926.1658294013628,1256014
2024-02-05,2848.931640625,2919.3655857043905,2829.695839911491,2895.078018435635,936558
2024-02-06,2874.14208984375,2884.391490674347,2824.206946380697,2853.254781979318,1421958
2024-02-07,2865.68994140625,2893.13489126462,2838.7307428728072,2880.4081116782295,893201
2024-02-08,3008.93798828125,3042.7463282540593,2871.810482824716,2878.562378868703,4475010
2024-02-09,2880.845458984375,3037.8887664442027,2836.7877192251585,3037.8887664442027,3176427
2024-02-12,2764.9453125,2901.9271934837957,2747.409641292015,2890.2205384878866,2890465
2024-02-13,2839.3134765625,2849.4170083126096,2744.3491013280786,2780.246073481321,1805862
2024-02-14,2872.830322265625,2881.865106349726,2773.93131397255,2804.72789776526,1112043
2024-02-15,2937.046630859375,2947.538906440243,2898.137904054586,2904.792791778618,1788864
2024-02-16,2991.062255859375,3016.5155765728723,2948.7046475759043,2957.2539179026808,2732655
2024-02-19,2935.637939453125,3025.1618078860574,2930.8776716546877,3011.6093942470484,1615343
2024-02-20,2931.283203125,2954.28095098014,2907.502505430668,2954.28095098014,979624
2024-02-21,2885.04296875,2960.348310212002,2872.369789884219,2933.8763874551455,1281770
2024-02-22,2941.411865234375,2945.668990740258,2877.1650607230426,2895.7589845848584,919890
2024-02-23,2980.410400390625,2999.9829526834546,2941.7546096122865,2941.7546096122865,1388116
2024-02-26,2984.569580078125,3009.279927449868,2949.2900066400553,2980.361433533237,849178
2024-02-27,3029.341796875,3058.94528237184,2968.422227546792,2979.872122913084,2050688
2024-02-28,3019.261962890625,3102.249634980006,2995.823878574935,3047.4464868541763,2725678
2024-02-29,3018.136474609375,3038.63867488889,2949.6815222945766,3019.0171438735756,1382425
2024-03-01,3086.885009765625,3096.3776494652134,3025.916464015942,3032.766857045732,1516443
2024-03-04,3146.238525390625,3157.884336334987,3066.0400472037873,3089.527107890953,1892157
2024-03-05,3167.817626953125,3196.9317988412486,3132.5870323994295,3159.988605941193,1502498
2024-03-06,3159.20556640625,3175.6465578493116,3086.885082429877,3169.579114521793,1292669
2024-03-07,3246.4013671875,3262.7444002319457,3185.4817994267205,3192.283213424297,2251410
2024-03-11,3299.39404296875,3354.735482686179,3264.7017416105873,3293.0819426018065,2519751
2024-03-12,3197.71484375,3307.7614758345576,3171.8301900446645,3302.8683375566957,1421483
2024-03-13,2974.53857421875,3200.454850034075,2951.296168843624,3180.539682911972,3448647
2024-03-14,3098.2861328125,3109.98068534006,2952.5685726097513,2988.6798370002257,2329439
2024-03-15,3032.86474609375,3114.5311676345805,2941.7544253096403,3097.3072271268775,2864705
2024-03-18,3055.226318359375,3115.950207339085,3039.02998416419,3070.9333387657184,1967550
2024-03-19,2993.52392578125,3077.1965871384227,2969.4988088923387,3045.2444909728865,1666528
2024-03-20,2916.799560546875,3014.173006705041,2851.329469704104,3008.301241107564,2975349
2024-03-21,3054.639404296875,3061.5875170157424,2955.455399861557,2959.3699103249496,1962690
2024-03-22,3103.032470703125,3141.296666865088,3019.066174058219,3047.4953538869813,2086220
2024-03-26,3230.25390625,3234.3640942281613,3112.035648909396,3124.7578072225474,2573125
2024-03-27,3210.92626953125,3253.838948238698,3175.64669528597,3246.1078854433167,1503735
2024-03-28,3255.89404296875,3273.5093398648837,3202.0695246750074,3220.663449176482,1385868
2024-04-01,3330.612060546875,3380.4241056677984,3290.2436754100736,3319.5045426431707,2513886
2024-04-02,3467.27783203125,3507.4015664690937,3339.0776073639922,3366.479182102032,3169551
2024-04-03,3512.588134765625,3533.6286284190096,3433.3192982110136,3464.341745720057,2077663
2024-04-04,3465.271240234375,3537.689680289558,3437.135697645368,3532.7965424479917,1591827
2024-04-05,3509.40771484375,3518.166384483711,3432.879080773887,3469.2350022238543,1123258
2024-04-08,3490.911376953125,3523.0593894509675,3467.326594949621,3523.0593894509675,865339
2024-04-09,3470.75146484375,3512.2941551156705,3451.619249120359,3491.7429772785486,649755
2024-04-10,3489.19873046875,3546.1550476167695,3472.8067182580207,3474.127961079927,1160813
2024-04-12,3560.344970703125,3598.9517796086175,3474.1277883306675,3488.807201520797,3042596
2024-04-15,3551.68408203125,3620.921982094269,3487.8776127259216,3562.204328330578,3848159
2024-04-16,3642.598388671875,3659.039379066271,3508.722332844155,3548.5034466256757,2939862
2024-04-18,3598.560302734375,3687.4687137613346,3574.6329062377504,3663.981651890243,2294396
2024-04-19,3671.125732421875,3680.7650708461883,3543.6105094425275,3581.776985517716,2256325
2024-04-22,3704.594482421875,3728.570856697225,3652.825182106643,3718.7845814827965,1337755
2024-04-23,3714.57666015625,3749.954190551041,3702.197116829902,3718.7848065376716,1321429
2024-04-24,3862.349365234375,3914.5102622635864,3731.0175937199806,3744.327024180775,4429158
2024-04-25,3915.244384765625,3948.7623801860395,3854.814130248528,3873.9953268465383,2632613
2024-04-26,3899.24365234375,3953.6064624504966,3881.5796155806784,3934.033910759337,1432727
2024-04-29,3931.83203125,3958.3039554160337,3890.3383168902697,3920.724751426948,1202126
2024-04-30,3855.15673828125,3949.5943018442035,3846.006474636359,3949.1049880433593,2054258
2024-05-02,3862.838623046875,3888.1852199814216,3847.3762599504253,3857.7498075642156,1008325
2024-05-03,3836.415771484375,3882.2155897759867,3797.0749907564477,3867.780833045663,1180369
2024-05-06,3734.834228515625,3854.226794163444,3704.1543970081348,3851.878183523079,1613143
2024-05-07,3635.6015625,3756.9513858512787,3614.463110605191,3733.9046579060614,1975562
2024-05-08,3774.0771484375,3800.2064562508467,3592.5417378229126,3623.857819438367,1993745
2024-05-09,3764.437744140625,3869.4935120721298,3738.79774892662,3812.537433806453,2335375
2024-05-10,3790.126953125,3824.183243336302,3738.9936581020797,3777.502751932467,1462534
2024-05-13,3837.932861328125,3852.856932504323,3682.1843714748097,3792.671333990476,1619124
2024-05-14,3987.61376953125,3998.916965913242,3891.0232747558402,3894.5951698690487,2964966
2024-05-15,4092.962646484375,4103.972205392118,3964.4198342457776,4018.048427831539,2310941
2024-05-16,4505.30810546875,4556.881493650168,4068.1549622851353,4124.915363490942,10028325
2024-05-17,4434.84716796875,4566.227931620249,4389.19380525029,4545.676750713869,5664667
2024-05-21,4680.04150390625,4765.9160696373965,4624.161776391305,4648.480766073436,5540182
2024-05-22,4816.0224609375,4854.580293806601,4633.801805961889,4707.198877862024,5032087
2024-05-23,4844.1083984375,4886.2873412745585,4803.103999794819,4838.334591480356,3335143
2024-05-24,5056.22607421875,5263.0591081491975,4815.9242638682845,4844.206505269343,9073866
2024-05-27,5032.4453125,5111.567442895363,4917.896674816656,5081.523386956106,4228002
2024-05-28,4912.4658203125,5096.594504880219,4849.099684177188,5029.167159835835,4402348
2024-05-29,4943.78173828125,5041.889150418172,4844.206384815596,4893.137762439996,4225666
2024-05-30,4869.8955078125,4981.214395330947,4847.19115675845,4953.861563259643,2751972
2024-05-31,4867.546875,4935.022959804059,4758.28320147203,4912.7104421611275,3912234
2024-06-03,5160.939453125,5327.648763776644,5051.969172058738,5327.648763776644,4619434
2024-06-04,4240.73583984375,5035.038804687618,3870.7166632149074,5035.038804687618,15486676
2024-06-05,4271.611328125,4354.011959565388,3836.220023570039,4326.659128208116,13759681
2024-06-06,4566.86328125,4697.412096873173,4354.892464809504,4354.892464809504,9128985
2024-06-07,4643.73486328125,4685.669153340886,4452.755774373649,4566.912593327771,4542809
2024-06-10,4709.84130859375,4740.472161770867,4649.997847726858,4697.412546758911,2877321
2024-06-11,4752.802734375,4817.342935669445,4726.771145540606,4727.798513347092,2718189
2024-06-12,4784.51025390625,4820.034244035548,4738.07418394869,4777.463944169538,2031876
2024-06-13,4990.70751953125,5008.17564046322,4752.2157747860865,4834.420495766736,4364888
2024-06-14,5089.40185546875,5147.581460644091,4994.670889688647,5030.146142150309,6319680
2024-06-18,5415.18701171875,5448.019776120128,5274.313379450229,5343.40458265254,9934132
2024-06-19,5198.42041015625,5463.481279646389,5148.657107452856,5460.7413138528855,7351379
2024-06-20,5175.56982421875,5266.288312583464,5046.390985928511,5197.49098605648,4867153
2024-06-21,5060.0419921875,5227.338546621557,5040.91001659602,5185.257566090859,4063083
2024-06-24,5211.24072265625,5230.177262330463,5005.288830452927,5059.504704052981,3699083
2024-06-25,5256.84521484375,5338.413926503428,5216.085468059262,5260.123713099162,3493916
2024-06-26,5172.4873046875,5294.375177951116,5161.869099935265,5252.832246276129,2351908
2024-06-27,5168.62158203125,5195.974414127089,5101.5855925644055,5152.4742269042,2864946
2024-06-28,5151.740234375,5229.7857838248565,5137.84353161062,5185.747542755972,1565629
2024-07-01,5278.76611328125,5293.396787312843,5141.024276007395,5157.367548370989,2307080
2024-07-02,5229.83447265625,5304.161427712297,5186.726119349663,5284.588876318525,1706329
2024-07-03,5342.62109375,5362.878874798469,5217.5039460732805,5252.245223455643,2852572
2024-07-04,5397.2294921875,5449.684030225238,5342.621782163955,5357.986427532719,3743401
2024-07-05,5433.34033203125,5504.7314052338725,5365.325715122717,5416.703663147148,3446662
2024-07-08,5501.79541015625,5541.429826394429,5441.6585553677805,5460.741792815793,3536842
2024-07-09,5421.205078125,5553.466491219426,5399.136740952589,5518.382599234593,2392991
2024-07-10,5368.89794921875,5460.742249102966,5205.3204342255685,5449.7814283608195,2121407
2024-07-11,5429.03466796875,5455.848969126835,5348.19993117097,5382.45189779329,1843378
2024-07-12,5371.8828125,5459.225325790924,5329.6059090461895,5450.95573143358,1387762
2024-07-15,5386.95361328125,5416.703796921982,5312.969270729799,5377.558692698516,1316307
2024-07-16,5215.49755859375,5383.43014139487,5198.176137701932,5374.818410110908,2661970
2024-07-18,4908.55126953125,5211.191847730431,4868.672195766928,5211.191847730431,7950717
2024-07-19,4697.6572265625,4912.710645767147,4680.873858471264,4902.92436958036,6373234
2024-07-22,4890.4462890625,4965.409251356728,4578.019458749187,4697.167357232024,6315834
2024-07-23,4752.3134765625,4960.663192326259,4413.6103762855455,4937.176130456891,7108160
2024-07-24,4745.8544921875,4860.989932448044,4700.446267633392,4751.236943926243,2601966
2024-07-25,4726.81982421875,4789.158590522467,4630.914323964098,4677.839706298319,2232884
2024-07-26,4800.5595703125,4828.303757398649,4738.5146781503445,4746.343698684256,1492223
2024-07-29,4922.4970703125,4934.240602090582,4806.040380179858,4841.075058846256,2448415
2024-07-30,4847.77880859375,4973.385764225499,4839.411733245517,4942.0209388852745,2499857
2024-07-31,4817.63720703125,4881.296744322832,4807.019001493454,4847.77874741706,1298852
2024-08-01,4710.42822265625,4841.172970767881,4695.064055434542,4816.805238131082,2347381
2024-08-02,4595.39111328125,4666.096966006496,4532.367583722255,4638.695389863839,3205399
2024-08-05,4492.97705078125,4564.1229871237565,4384.349392479634,4404.851352992333,3622642
2024-08-06,4417.818359375,4635.856874169568,4403.8241759097555,4502.665562969063,2117464
2024-08-07,4639.13525390625,4647.5023284889585,4472.327993513274,4502.61670793358,2000224
2024-08-08,4568.08642578125,4658.21811319938,4560.404104413951,4640.651558611793,1301394
2024-08-09,4622.93896484375,4671.478990850941,4602.0451693784125,4645.251961510507,1039025
2024-08-12,4625.5322265625,4657.974114725193,4582.032515180976,4589.763577877378,1030708
2024-08-13,4600.87109375,4672.066253675906,4584.870436465589,4646.523977019982,1465327
2024-08-14,4562.068359375,4708.666579031549,4495.57042448845,4604.246825598294,3928422
2024-08-16,4667.85791015625,4692.128162252492,4560.404786790261,4667.564513003465,2878549
2024-08-19,4689.82763671875,4754.172394841607,4672.408258357514,4707.198274843171,2362884
2024-08-20,4634.8291015625,4707.1500642235305,4583.500370121318,4694.476645534841,1472860
2024-08-21,4642.77734375,4683.453296037108,4614.466133467473,4622.02249779269,949203
2024-08-22,4679.03759765625,4724.080143826941,4633.79859558596,4651.462376763544,1218312
2024-08-23,4732.6669921875,4773.14649318335,4688.360434202376,4717.211182716357,1857673
2024-08-26,4712.30419921875,4759.407614787784,4680.901922172728,4759.407614787784,1390960
2024-08-27,4633.25927734375,4708.968113822683,4626.929563794724,4705.435261589757,1074033
2024-08-28,4597.6376953125,4674.033659375268,4582.7707724716565,4635.762126157625,798611
2024-08-29,4515.99169921875,4595.96938430131,4455.6404399233215,4572.9572084015845,1715519
2024-08-30,4592.5341796875,4614.613905909046,4516.824868448153,4527.8158571649465,1630572
2024-09-02,4600.43408203125,4626.929756138512,4575.704594533497,4611.2286159268015,1121937
2024-09-03,4742.087890625,4833.007209609147,4711.961136253077,4830.701008814032,3960603
2024-09-04,4771.03662109375,4857.539989930771,4705.778760622962,4754.501262871634,3164300
2024-09-05,4702.93310546875,4796.599929078857,4686.839054019165,4780.015696176583,1801363
2024-09-06,4615.595703125,4707.888776585838,4607.3033467577925,4695.62226075315,1417853
2024-09-09,4569.86572265625,4605.291513782074,4495.628869763565,4600.532010133462,1571610
2024-09-10,4597.88232421875,4648.4203667834445,4588.658000631324,4592.5832854907185,1258288
2024-09-11,4512.85107421875,4620.452852871639,4499.357907103663,4582.770212906021,1173915
2024-09-12,4554.99853515625,4566.774388856813,4510.299069654768,4521.878946623417,933061
2024-09-13,4558.1884765625,4602.396808614194,4545.480174307238,4570.994527617253,867679
2024-09-16,4511.4775390625,4575.802958109519,4504.313606132118,4568.050615732377,642977
2024-09-17,4375.220703125,4513.9794291885255,4343.867298168145,4513.096335913844,2413098
2024-09-18,4354.759765625,4401.225418551552,4338.420864083927,4370.755588087408,1326709
2024-09-19,4152.75439453125,4380.715571099268,4094.0715850483793,4352.159031565092,4675647
2024-09-20,4252.408203125,4311.385701485975,4114.336122345796,4150.939689614702,3502389
2024-09-23,4355.0546875,4377.477493984229,4272.672579652461,4288.373719127527,1698571
2024-09-24,4320.2177734375,4360.9914782450915,4280.523138637508,4355.054676560295,1374111
2024-09-25,4307.26416015625,4357.066212016574,4290.875904135941,4317.764488863023,1032339
2024-09-26,4287.68701171875,4322.720374179483,4237.3454201378,4308.933001426725,995154
2024-09-27,4390.578125,4400.587792844684,4292.740689439111,4309.030237933505,2193012
2024-09-30,4338.07763671875,4379.636686997314,4303.093630401798,4376.692723282102,1327395
2024-10-01,4343.42626953125,4362.954467424181,4315.899919774038,4345.290684155257,841972
2024-10-03,4187.7392578125,4346.17327469681,4174.540296288058,4263.791649199977,1628669
2024-10-04,4177.14111328125,4253.389968083971,4121.549358832956,4180.428635387713,1374135
2024-10-07,4088.0859375,4237.9827524959155,4043.3869479985774,4177.140837407557,1656254
2024-10-08,4286.705078125,4307.803483294167,4067.576252381158,4082.2960699410414,2008330
2024-10-09,4304.6142578125,4364.769534025114,4286.410941472145,4304.074722824365,1355805
2024-10-10,4398.52734375,4453.236005563612,4283.5162971160835,4315.851025224496,2294983
2024-10-11,4363.10107421875,4430.66513338052,4348.577712400423,4402.206819124034,860513
2024-10-14,4423.3544921875,4459.908709439328,4404.611639287666,4433.903695823934,1482299
2024-10-15,4489.93701171875,4512.016739156766,4414.424631377188,4439.4971968702785,1760628
2024-10-16,4569.27685546875,4589.246837799431,4514.0775377516775,4532.722640625,2398061
2024-10-17,4434.19873046875,4583.752007787257,4421.097994665712,4583.752007787257,1346544
2024-10-18,4440.1845703125,4473.843698423561,4340.62933517263,4409.66538278897,1369365
2024-10-21,4430.1259765625,4501.124186758537,4406.132479968296,4450.095480977167,1095298
2024-10-22,4221.349609375,4423.550651529725,4210.309745844478,4415.8965378128605,1544137
2024-10-23,4154.6689453125,4225.127621147081,4113.159247071475,4202.017696800266,1624578
2024-10-24,4118.75244140625,4204.422075125964,4106.878358296875,4155.159556080129,956246
2024-10-25,4087.79150390625,4140.095729864957,3999.079927641734,4121.5488558457955,1520490
2024-10-28,4071.25634765625,4140.095934328008,4021.6507524271406,4121.54905939289,1207398
2024-10-29,4194.6572265625,4204.961098565987,4038.332960116736,4072.4827442354367,1523375
2024-10-30,4157.17041015625,4253.045673887631,4146.081673321468,4185.285643174904,1526646
2024-10-31,4167.37744140625,4190.4384924267915,4117.18247255843,4156.877111617683,1137221
2024-11-01,4207.9052734375,4215.314056776575,4177.533190865348,4190.045036069715,170153
2024-11-04,4129.64501953125,4207.856512343686,4117.623834599447,4207.856512343686,1013884
2024-11-05,4182.34228515625,4200.0549420207935,4052.856754800438,4121.549242169937,1215686
2024-11-06,4308.1474609375,4337.439996565465,4190.290681035772,4196.12973423392,1228872
2024-11-07,4350.982421875,4370.805304863585,4299.267074084936,4321.739237229283,1185134
2024-11-08,4318.40234375,4393.228088285685,4298.187030377715,4352.699233584982,1073330
2024-11-11,4360.697265625,4406.034018166579,4265.999768575873,4302.063323151577,1152838
2024-11-12,4164.23681640625,4385.524763171799,4142.157087793279,4371.786265368173,1366992
2024-11-13,3990.935302734375,4141.175682202845,3969.984237758664,4141.175682202845,2076393
2024-11-14,4010.708984375,4106.829351018608,3847.1227831119118,4003.790621781581,3878379
2024-11-18,4001.680908203125,4168.652621099818,3984.2133422419506,4111.687114869856,1939714
2024-11-19,3981.367431640625,4071.207679981554,3964.5378679590417,4023.4171432257604,1425438
2024-11-21,3909.044189453125,4003.5945902396606,3857.6230504164746,3996.381783028006,2061517
2024-11-22,4034.5546875,4050.010495158985,3913.6068593114333,3917.433915851994,1404647
2024-11-25,4209.81982421875,4238.425246466973,4152.216067843654,4200.055484873463,2249045
2024-11-26,4283.025390625,4326.007548074662,4220.7114924051675,4229.298053183491,1967056
2024-11-27,4391.06884765625,4404.856698125447,4273.653860948226,4294.261606316748,2144888
2024-11-28,4383.41455078125,4444.89422606355,4368.1058447434325,4415.945251636158,1454277
2024-11-29,4393.228515625,4414.964687369016,4338.127418481885,4375.711833958311,967791
2024-12-02,4420.60693359375,4441.901796540368,4360.991667215855,4391.412626190584,1068673
2024-12-03,4434.443359375,4460.104812685145,4397.692689111132,4435.571782912399,1089664
2024-12-04,4436.89697265625,4540.573467894565,4406.132455337496,4519.818619087435,2420334
2024-12-05,4483.509765625,4491.507438117218,4428.948207359085,4455.198551245831,1129143
2024-12-06,4474.48095703125,4524.970122667188,4465.011303615069,4498.768655880584,912032
2024-12-09,4532.673828125,4560.150822208266,4465.9928597479175,4475.806071920512,1524379
2024-12-10,4541.2607421875,4563.045787409574,4515.059271983312,4540.573625617645,1313990
2024-12-11,4562.849609375,4572.957026589206,4505.785395339056,4538.16899660031,767757
2024-12-12,4573.49658203125,4635.222072281891,4558.237228184627,4563.143834458238,1327850
2024-12-13,4582.42626953125,4666.182126562578,4573.496151122508,4665.6914659814465,3312042
2024-12-16,4589.001953125,4611.228784718652,4564.272464722036,4604.457763586655,741557
2024-12-17,4536.255859375,4627.9111713901375,4519.376941640307,4588.658320063673,936875
2024-12-18,4399.1162109375,4541.554899384884,4388.812337462232,4538.022046932636,1240240
2024-12-19,4303.19189453125,4359.961424482292,4293.2804541078995,4317.273950252877,1084324
2024-12-20,4111.93212890625,4337.439540501519,4097.015855564217,4303.09329979619,1598164
2024-12-23,4147.06298828125,4170.467592459463,4072.4825843273043,4159.820162641793,947680
2024-12-24,4137.44677734375,4201.526862242435,4127.1917787869015,4175.52184954842,947702
2024-12-26,4150.20361328125,4165.708295839404,4116.642238173451,4153.932441999575,637396
2024-12-27,4154.27685546875,4212.81257848273,4124.690112437355,4160.80254664961,873116
2024-12-30,4004.821044921875,4170.615218454723,3974.350972880383,4159.820684948134,3291426
2024-12-31,4100.3037109375,4120.469670813974,4004.771992112897,4004.8211060911162,901281
2025-01-01,4092.30615234375,4109.037488335088,4049.912881809996,4100.303824863121,696846
2025-01-02,4156.6806640625,4162.76504792322,4099.911608913452,4101.923125959231,1347694
2025-01-03,4127.43701171875,4190.290443592394,4118.6051208234885,4160.801932878626,853004
2025-01-06,4025.13427734375,4141.175510548089,3993.977328893536,4139.212868126028,1131463
2025-01-07,4085.633056640625,4120.568191197873,4028.42221578605,4032.7399337289016,706292
2025-01-08,4033.03369140625,4103.5910692827,4023.416935274039,4093.0907407385407,958207
2025-01-09,4020.81640625,4056.1439684975608,3981.416217384016,4040.0992714779813,1134421
2025-01-10,3925.775390625,4018.5102423720473,3906.6396275660854,4018.5102423720473,1321248
2025-01-13,3717.490234375,3910.8105210962763,3701.8873222941165,3827.1528843298356,1959105
2025-01-14,3756.841064453125,3801.5891668603276,3709.3940891996017,3733.9271188900752,1803243
2025-01-15,3751.394775390625,3801.638373505391,3730.5416996454032,3781.962835297942,1061461
2025-01-16,3845.552490234375,3870.919739335439,3787.89986916866,3804.5823297323564,1076967
2025-01-17,4039.706787109375,4064.632248766042,3809.6849632281883,3860.5174472828603,2907534
2025-01-20,4109.28271484375,4162.764722714553,4028.3237121035445,4056.2913675956156,2062527
2025-01-21,3975.135986328125,4154.27622027094,3961.642819755308,4131.362274295135,2319540
2025-01-22,3830.538330078125,4001.8279997080404,3748.6471208643243,4001.8279997080404,2506920
2025-01-23,3849.28173828125,3895.8453839338536,3802.6689786497996,3830.538406470976,1649481
2025-01-24,3777.890380859375,3899.8195392229795,3764.593430763608,3866.4055046487106,1149113
2025-01-27,3602.0869140625,3745.752495335038,3587.710652929282,3745.752495335038,2193288
2025-01-28,3531.92236328125,3627.503199003323,3419.904635819629,3607.189896571778,3530307
2025-01-29,3631.379150390625,3640.701701918448,3510.7257551123944,3551.4014714940336,1582724
2025-01-30,3708.56005859375,3727.8431646574377,3637.806941123422,3655.421609419178,1513385
2025-01-31,3863.265625,3894.8641219889473,3714.1047919079565,3733.0443403416425,1976237
2025-02-01,3704.4384765625,3977.1477862473853,3612.8811591901804,3897.8078700986503,4570653
2025-02-03,3462.640869140625,3660.3279713104757,3447.381277000992,3650.514759591145,3692250
2025-02-04,3660.082763671875,3669.061756863816,3513.129913250302,3532.756337346672,2467011
2025-02-05,3745.99755859375,3781.815783291766,3679.9545922618813,3694.674410630929,1621003
2025-02-06,3701.445556640625,3774.1615576792356,3678.0411883892075,3758.460417553685,1253037
2025-02-07,3747.518798828125,3762.68016441645,3678.5809801430582,3724.1141908872323,1391172
2025-02-10,3715.919921875,3777.1053961033695,3683.487447043792,3746.6844381196843,1336993
2025-02-11,3581.28271484375,3723.9669654314403,3549.585991199238,3723.1327465538034,1551384
2025-02-12,3527.015625,3590.2128563549195,3405.23380334465,3571.077092250409,3099846
2025-02-13,3591.93017578125,3661.8002000188226,3543.6001048041826,3547.476275778653,2224171
2025-02-14,3448.068359375,3648.4541067086147,3415.8809751014815,3630.88855251643,2355500
2025-02-17,3410.778076171875,3483.6411758966874,3331.5855025688606,3423.829696159869,1606401
2025-02-18,3305.90576171875,3459.40887244041,3264.7869437691147,3435.488895260335,2310841
2025-02-19,3324.833984375,3392.1954444550706,3237.258922106269,3264.7868154264215,2689414
2025-02-20,3369.11572265625,3384.386929668549,3282.084345784,3316.1852070788495,1492723
2025-02-21,3329.529052734375,3435.390084854658,3316.2347071251675,3368.868645690732,1456123
2025-02-24,3311.638427734375,3319.101128474367,3255.940497415966,3311.2431519441698,1026035
2025-02-25,3249.3671875,3337.9801500219037,3232.168588783374,3311.7372650515886,1135200
2025-02-27,3205.13525390625,3278.328607860667,3192.631699966887,3261.821860647284,1573040
2025-02-28,3052.471923828125,3187.4916665522505,3044.366839596318,3164.9553962296786,2413864
2025-03-03,3150.178466796875,3167.871281800449,3010.8097223425225,3060.181793125362,2306313
2025-03-04,3272.842529296875,3291.474546303144,3072.9818708746634,3125.418172795958,2598027
2025-03-05,3384.88134765625,3396.198832297294,3257.8185173106167,3274.671311077575,1884731
2025-03-06,3378.159912109375,3456.5425231655718,3365.8539968571818,3431.831753054294,1331348
2025-03-07,3412.112548828125,3461.4846184088556,3332.6425687100545,3379.0988157303905,1732838
2025-03-10,3378.357666015625,3498.007267266274,3370.5491589187727,3412.112723936406,2150456
2025-03-11,3419.822509765625,3430.8434170132177,3316.185440529918,3351.422903155449,1502808
2025-03-12,3375.886474609375,3453.8243401040413,3349.050674782147,3429.8548930846455,1076349
2025-03-13,3356.859130859375,3445.2744580758495,3351.620640725377,3395.259763576488,1229721
2025-03-17,3400.10302734375,3443.6929223418597,3359.6763039724397,3360.664734776786,1130061
2025-03-18,3400.10302734375,3400.10302734375,3400.10302734375,3400.10302734375,0
2025-03-19,3697.37353515625,3728.756212713874,3536.1606182247056,3558.3508411793937,2913829
2025-03-20,3774.767578125,3803.481539779749,3661.295679350679,3745.164125318469,2956442
2025-03-21,3846.231201171875,3901.7809617119588,3768.3922786939347,3804.470001493234,3311452
2025-03-24,4082.021484375,4109.895427077631,3894.6151421579593,3907.2671051558145,4251655
2025-03-25,3966.029052734375,4166.235756384471,3954.513930622176,4151.8045704053075,3634045
2025-03-26,4080.538818359375,4136.58303969197,3925.1083110514674,3988.3184146134045,4882801
2025-03-27,4112.81103515625,4160.30493863495,4073.02669831138,4101.98752562011,2966370
2025-03-28,4129.12060546875,4244.322026813886,4113.206772418849,4149.531605787598,3295702
2025-04-01,4174.83544921875,4393.52576823447,4158.377689953133,4349.095609804144,6632420
2025-04-02,4185.41162109375,4203.302316545417,4103.025810732127,4189.958499667495,2520516
2025-04-03,4269.23046875,4277.928466664451,4136.829971143113,4147.999046036922,2369383
2025-04-04,4190.05712890625,4301.502702353638,4155.363111067136,4259.691789653905,2499556
2025-04-07,3961.828125,3999.339024088543,3775.904443785268,3776.793934943058,3022372
2025-04-08,3995.187744140625,4088.544983076043,3953.7231211705703,4059.089938876209,2071394
2025-04-09,3984.068115234375,4022.9134952825143,3919.9685204247676,3990.2952777531964,1585051
2025-04-11,4059.68310546875,4094.7723982693838,4019.601947634047,4027.8554411995133,1518828
2025-04-15,4157.43896484375,4200.830981276845,4122.547067349333,4200.830981276845,1572706
2025-04-16,4160.50341796875,4192.923757505706,4123.041501827706,4166.236123971369,1487536
2025-04-17,4171.5732421875,4203.796182719744,4143.6008436648035,4160.305227619892,1216496
2025-04-21,4259.2470703125,4285.835761141851,4176.11994714583,4198.853854550412,1508314
2025-04-22,4236.41455078125,4288.702445327206,4222.576519117475,4277.928645772573,1224641
2025-04-23,4257.17138671875,4309.558218271129,4206.069322132694,4255.0955855458915,1803742
2025-04-24,4250.2529296875,4314.303059854064,4241.653387683824,4257.171946084665,1554043
2025-04-25,4147.85107421875,4288.801408317468,4099.516902741806,4255.1947598079505,2298293
2025-04-28,4375.0908203125,4388.533574991747,4151.903350798924,4161.194503289866,4014638
2025-04-29,4555.9736328125,4606.087264559189,4397.034162315784,4421.25071553074,5185900
2025-04-30,4435.978515625,4583.353645256413,4414.529856724273,4556.666013507022,2513611
2025-05-02,4432.419921875,4543.8162630340275,4426.1930010585975,4446.950047289556,1735022
2025-05-05,4537.68798828125,4545.299098602653,4459.700893575828,4484.312724320275,1497722
2025-05-06,4455.35205078125,4620.914217948384,4438.054510927967,4548.758765988977,2269493
2025-05-07,4418.58203125,4538.676373968117,4360.758829200536,4366.294138230862,2829729
2025-05-08,4371.73046875,4485.498949834839,4335.257468923667,4436.077410061426,2292121
2025-05-09,4449.125,4526.222603959361,4309.7562543811555,4329.3269915640985,3536326
2025-05-12,4388.33642578125,4554.6891367462395,4368.864145924127,4549.845922341683,4022655
2025-05-13,4556.46826171875,4595.017064212588,4409.093610598102,4415.024195597154,4339805
2025-05-14,4712.837890625,4742.490813594536,4527.111846285578,4594.127259143847,8438062
2025-05-15,4808.51806640625,4826.507700406801,4692.278987927186,4769.178712771414,4873995
2025-05-16,5068.376953125,5105.245229980775,4777.679349892386,4817.611858843426,6753397
2025-05-19,4958.26513671875,5098.227031920645,4914.477846146478,5080.534217456336,4803284
2025-05-20,4795.173828125,4940.8689044625735,4782.126832011915,4892.732134650608,3939528
2025-05-21,4943.2412109375,4951.939208644012,4724.0069769906595,4774.120609986884,3488551
2025-05-22,4981.69140625,5005.907961697048,4904.593801153274,4943.241543311543,2323924
2025-05-23,4904.1982421875,5003.3376561182085,4893.226564030769,4999.482872612388,2318665
2025-05-26,4945.3173828125,4975.8597993104295,4892.732668953875,4932.269902642391,1593646
2025-05-27,4970.91748046875,5050.881436429017,4921.397000387491,4945.317219029735,2490282
2025-05-28,4959.748046875,5016.286483645039,4943.142601913072,5010.355898639745,1273825
2025-05-29,4942.84619140625,4984.656622012113,4906.570587282992,4981.691329554045,1401179
2025-05-30,4916.5537109375,5006.40197362176,4901.035154412575,4946.107695163531,1852727
2025-06-02,4959.05615234375,4976.748966741771,4892.732350620014,4912.500966178074,1084257
2025-06-03,4931.47900390625,4997.407046861982,4912.5009400186855,4968.841494059141,1164102
2025-06-04,4902.4189453125,4991.575597553376,4834.415098541299,4942.154056983541,2172800
2025-06-05,5012.92578125,5040.008688856653,4932.269730808923,4942.154038886696,2465458
2025-06-06,4931.57763671875,5040.008689396429,4912.501115179496,5033.979164941896,2141012
2025-06-09,4950.65478515625,4975.266616463304,4929.304582557365,4956.190094368146,1054807
2025-06-10,5052.95703125,5087.453168565198,4963.998262030869,4981.691076271342,3023426
2025-06-11,4981.4931640625,5085.476273335975,4961.922428016831,5075.097750329167,1759168
2025-06-12,4898.6630859375,5016.286352125265,4878.993409378765,4991.575581917751,1248236
2025-06-13,4967.85302734375,5024.687796359322,4835.502244371321,4843.310750892236,2521739
2025-06-16,5005.1171875,5050.881340052677,4932.269645178641,4990.38918261403,1615417
2025-06-17,4988.90673828125,5073.220177711565,4981.691386270699,5020.24018866446,1692373
2025-06-18,4936.22314453125,5009.36701972054,4927.32726781904,4995.528989279323,1044099
2025-06-19,4845.58447265625,4973.289934421723,4787.959145848917,4961.922979389257,1743152
2025-06-20,4915.5654296875,4925.350798323284,4796.854791142464,4853.195348137131,1902384
2025-06-23,4970.02783203125,5001.459737725333,4915.46626002136,4915.565199625624,1864791
2025-06-24,4829.966796875,4993.354204665964,4818.599843398266,4991.57522239205,2435417
2025-06-25,4737.25244140625,4843.310872145445,4729.641331268562,4843.310872145445,2084409
2025-06-26,4761.3701171875,4796.360471083799,4739.624639523648,4761.073298367292,1293102
2025-06-27,4841.2353515625,4848.451186328776,4772.638347270768,4779.063147779675,1454498
2025-06-30,4813.4599609375,4863.079378543819,4788.947070944066,4853.195070863852,985412
2025-07-01,4855.3701171875,4897.674763667391,4820.577158911376,4821.466650132113,1332940
2025-07-02,4841.63037109375,4882.551792120966,4788.947202762279,4855.369945252862,819887
2025-07-03,4874.150390625,4914.280296947296,4824.530969003371,4824.530969003371,1120740
2025-07-04,4935.43310546875,4961.922859153962,4886.60423545016,4897.674854005554,1700709
2025-07-07,4954.6083984375,4990.191907767748,4897.6746869826575,4936.223488757092,967116
2025-07-08,4944.625,4991.377583059057,4909.041491754123,4952.038230884558,940950
2025-07-09,4949.46826171875,5006.401971983846,4936.025506392902,4954.015139897934,750110
2025-07-10,4858.73046875,4975.760577299491,4833.62442330914,4949.468221862407,1330883
2025-07-11,4809.80322265625,4863.079546363338,4763.94012996496,4824.53074508119,1091444
2025-07-14,4829.67041015625,4858.137022034112,4784.00471752698,4809.8028560219,831409
2025-07-15,4840.14794921875,4874.940907875301,4825.519365824659,4842.322690121877,753058
2025-07-16,4815.23974609375,4846.276377746219,4795.866405226321,4841.334223577601,571414
2025-07-17,4733.8916015625,4832.438348793075,4724.699387856596,4818.600317113161,886157
2025-07-18,4597.8837890625,4753.264822718261,4589.580584157893,4749.212159873342,1677004
2025-07-21,4696.03466796875,4703.0526230812975,4579.399835129282,4597.8836838948655,1126412
2025-07-22,4703.1513671875,4754.252947160271,4693.168120129607,4719.756810662186,908904
2025-07-23,4661.24169921875,4724.204933227086,4612.018039216986,4715.803271561132,866289
2025-07-24,4626.44921875,4691.290374631626,4615.97175592531,4661.241692727109,861599
2025-07-25,4500.02880859375,4625.954787938752,4490.539776993795,4625.85584833863,973552
2025-07-28,4454.46240234375,4541.839589764015,4424.710538319611,4497.261263531724,689011
2025-07-29,4445.96142578125,4466.718471121714,4350.083644922917,4418.384304926786,1431472
2025-07-30,4492.41796875,4507.244430693069,4448.828074110931,4472.649352825908,727643
2025-07-31,4481.4462890625,4524.4430286847055,4412.355072954641,4412.355072954641,770343
2025-08-01,4387.34814453125,4488.365486384775,4376.771741533815,4481.446470533208,649120
2025-08-04,4485.39990234375,4492.318917745608,4373.01561318147,4387.347859371032,742464
2025-08-05,4525.234375,4532.9439426869485,4447.938888375767,4484.510830346857,776247
2025-08-06,4486.09228515625,4565.562027779723,4457.328851325538,4565.562027779723,880916
2025-08-07,4497.95361328125,4507.244766932246,4431.135589946767,4450.805267732147,719816
2025-08-08,4389.22607421875,4497.261371721581,4382.208118744948,4489.4528646305525,659530
2025-08-11,4393.4755859375,4492.417596975994,4387.643941248941,4408.4009862514695,1022011
2025-08-12,4358.38671875,4437.65906279513,4274.963254880626,4415.320429954163,2942539
2025-08-13,4472.05615234375,4515.744986144597,4373.806228726596,4387.644259732736,2711914
2025-08-14,4502.4013671875,4515.646243774015,4420.657944549376,4484.510672650258,1265929
2025-08-18,4462.07275390625,4546.781462466386,4450.310524475441,4537.490309917352,1132386
2025-08-19,4401.0869140625,4457.822743360648,4373.905068066399,4457.822743360648,1264131
2025-08-20,4416.7041015625,4551.723845716497,4408.401379347573,4546.781691703775,3108635
2025-08-21,4437.134765625,4489.499506125026,4394.191746241076,4453.002927504749,1833004
2025-08-22,4436.142578125,4494.656419419293,4426.224977905628,4448.2422440957625,1422976
2025-08-25,4420.86962890625,4475.813037994165,4414.919068696198,4472.837757889139,1205292
2025-08-26,4347.4794921875,4420.274583678312,4333.991458531349,4419.282823619152,1118397
2025-08-28,4308.900390625,4393.497335227703,4302.751284172775,4347.876369670034,1163967
2025-08-29,4296.89990234375,4378.620837660519,4284.403628243135,4308.9002963948,1036537
2025-09-01,4393.1005859375,4411.944027623574,4287.378863626168,4305.2305452235005,803109
2025-09-02,4414.81982421875,4457.961386018933,4394.78607767967,4401.926943680764,871222
2025-09-03,4414.32421875,4443.779687514227,4391.9103435691195,4414.820098801533,764001
2025-09-04,4400.34033203125,4442.093529483685,4388.637756444843,4442.093529483685,1018902
2025-09-05,4368.50439453125,4438.126142469319,4352.834779731361,4407.381581482381,721098
2025-09-08,4406.9853515625,4433.167721792654,4383.678988819295,4387.546756422977,599045
2025-09-09,4417.29931640625,4437.13451764741,4391.216220477262,4413.332276158018,888000
2025-09-10,4519.94677734375,4528.376738420529,4393.695906920546,4435.052013648374,1716953
2025-09-11,4543.45166015625,4595.816400843376,4506.855324284023,4527.384952492449,1528168
2025-09-12,4706.49658203125,4710.860229392172,4543.451326943434,4543.451326943434,2816230
2025-09-15,4755.68798828125,4805.077445097382,4740.6130418091825,4750.530642315059,2021855
2025-09-16,4800.11865234375,4803.093932500162,4721.174455342067,4755.390177140797,1180944
2025-09-17,4849.9052734375,4890.368890468721,4794.168163967916,4802.201517362337,1549098
2025-09-18,4816.7802734375,4861.707296647767,4806.069458030713,4844.748102038801,926593
2025-09-19,4875.69091796875,4889.377012861456,4812.019729493668,4816.779983997783,1173208
2025-09-22,4769.07666015625,4900.5836530090355,4758.46463410944,4875.690863609098,976357
2025-09-23,4760.34912109375,4794.96145110655,4718.893743366212,4774.828915143596,746869
2025-09-24,4684.97509765625,4777.109507371246,4676.148530261934,4757.472852527359,718629
2025-09-25,4735.85302734375,4787.821159777394,4671.190075064344,4686.066476577287,1926254
2025-09-26,4697.0751953125,4782.564626994921,4687.256866988347,4775.324971831118,1794960
2025-09-29,4700.94287109375,4793.1765603367285,4664.7436274661295,4710.860472087618,1307604
2025-09-30,4707.38916015625,4739.621362348408,4683.785464254054,4706.893280122525,697341
2025-10-01,4763.8203125,4787.225947441403,4682.198650915298,4693.0087390289455,790730
2025-10-03,4830.26806640625,4836.813779609144,4750.629927834911,4754.89430236067,982333
2025-10-06,4805.27587890625,4862.599414792144,4791.391238521365,4830.267941044347,555394
2025-10-07,4797.73876953125,4832.74770745238,4769.374333743296,4805.27624316312,607428
2025-10-08,4749.63818359375,4814.49919443944,4723.653876409449,4802.102193732778,704075
2025-10-09,4806.36669921875,4823.127832037075,4704.909836374441,4752.514320384975,1003478
2025-10-10,4793.0771484375,4859.327011709482,4787.225860872424,4795.159941437367,678453
2025-10-13,4706.29833984375,4780.184468206755,4684.08301018081,4770.366139947003,1046492
2025-10-14,4707.6865234375,4754.398519753408,4691.1244207638765,4715.819149743773,790981
2025-10-15,4805.27587890625,4839.788934159833,4707.8848505034275,4707.8848505034275,991768
2025-10-16,4821.2431640625,4848.417778116553,4787.424532173577,4819.95406964002,721461
2025-10-17,4838.3017578125,4936.981890005252,4810.73102010903,4821.243290001659,1832920
2025-10-20,4819.9541015625,4882.434988064236,4810.532380582079,4881.343955099141,616095
2025-10-21,4818.1689453125,4840.582335393025,4810.532199102798,4840.582335393025,128987
2025-10-23,4770.564453125,4844.7479122023615,4763.324314103747,4840.5823262308,678729
2025-10-24,4774.53173828125,4827.293085832871,4757.969150661262,4785.242553817736,627200
2025-10-27,4717.60400390625,4790.201033142727,4708.678163471823,4790.201033142727,738996
2025-10-28,4685.5703125,4728.315267107679,4667.520086055307,4727.323507066933,947982
2025-10-29,4656.41259765625,4705.901326131122,4646.395724536208,4698.859733090825,916228
2025-10-30,4611.8828125,4655.32170930981,4586.890265351059,4654.329949252437,1151821
2025-10-31,4641.23876953125,4669.8017512567785,4598.692357659639,4601.667637989932,1176002
2025-11-03,4656.01611328125,4670.198088332235,4617.039652654035,4641.4370468029,470190
2025-11-04,4647.18896484375,4676.148551485028,4631.618622894032,4631.618622894032,851904
2025-11-06,4555.7490234375,4647.982707296019,4537.30218981423,4611.684192925938,768664
2025-11-07,4588.47705078125,4598.295378224827,4488.705894930565,4542.2609365404305,536730
2025-11-10,4750.33203125,4755.48937714524,4606.7253716036785,4612.775204680602,1434763
2025-11-11,4822.53271484375,4837.805723391981,4747.555555120421,4755.588908708252,1333303
2025-11-12,4709.37255859375,4880.451165808117,4663.255716649008,4844.74780430251,2723105
2025-11-13,4711.85205078125,4731.885797720712,4598.494069488745,4696.975649863187,1280728
2025-11-14,4690.82666015625,4735.654409737958,4671.289277020525,4707.885127335307,681735
2025-11-17,4755.68798828125,4780.28344383269,4693.801773718308,4702.92615988685,1177546
2025-11-18,4768.283203125,4816.9787200204255,4748.547274337615,4774.333036478964,958797
2025-11-19,4705.1083984375,4782.465685223318,4695.984011933979,4765.407218023816,847006
2025-11-20,4677.73583984375,4736.447747903527,4671.19012625475,4724.645899425497,798346
2025-11-21,4557.1376953125,4669.2065874932,4547.220094234563,4668.214827385405,1158530
2025-11-24,4408.47265625,4465.399585766675,4368.702981743965,4388.538182569137,3443005
2025-11-25,4405.00146484375,4440.109673203578,4393.496951595231,4413.332152279633,1197615
2025-11-26,4480.5732421875,4484.738827990931,4413.232833417529,4420.274426438651,717411
2025-11-27,4446.2587890625,4497.631765246862,4424.241522550442,4497.631765246862,721812
2025-11-28,4504.970703125,4511.516416232256,4440.109693442913,4452.903301091104,786275
2025-12-01,4493.36767578125,4546.228295372908,4464.011479989224,4524.409573187437,750897
2025-12-02,4471.35009765625,4494.953792679795,4445.267002556374,4487.714138160038,652604
2025-12-03,4399.7451171875,4487.7144313459785,4384.472108571065,4479.780350583377,1027500
2025-12-04,4459.74658203125,4487.714410291346,4385.860455276177,4422.258244306987,1020941
2025-12-05,4406.39013671875,4506.8552414287515,4393.497255382414,4481.76390453118,1473356
2025-12-08,4251.77490234375,4411.349008614028,4235.311587519381,4406.390208019812,1757606
2025-12-09,4267.54345703125,4278.452817483805,4152.499292258853,4237.294775776439,1674288
2025-12-10,4258.716796875,4296.701011921295,4235.8070435714335,4274.981564344337,949813
2025-12-11,4285.19677734375,4298.684811338035,4250.683720122888,4264.568361299212,460221
2025-12-12,4267.0478515625,4323.974784735259,4222.220101115456,4297.296534763583,791726
2025-12-15,4285.990234375,4306.2220420970825,4216.963639566282,4216.963639566282,827861
2025-12-16,4226.2861328125,4293.725815456034,4207.938572093303,4288.370408097672,1006671
2025-12-17,4193.55810546875,4234.815420468204,4183.442443496807,4225.3936999777015,645807
2025-12-18,4224.40185546875,4233.228422900239,4158.053206192634,4193.558021628083,557768
2025-12-19,4269.82421875,4278.4527246237885,4216.368450544257,4234.716010907155,650177
2025-12-22,4349.958984375,4355.810271996284,4271.609938043555,4276.172131263792,657486
2025-12-23,4371.08349609375,4414.522880302558,4332.504123923776,4363.744567990069,587365
2025-12-24,4384.86865234375,4423.249961180904,4361.165683259844,4378.6207575367025,486359
2025-12-26,4372.86865234375,4439.118030680256,4364.835299002345,4408.373468805571,690425
2025-12-29,4338.255859375,4421.464916249134,4323.478731255519,4397.464128968855,778626
2025-12-30,4289.8583984375,4346.289452405737,4269.52731598045,4343.909324969657,1064901
2025-12-31,4352.53759765625,4363.744292704831,4290.354047782068,4290.354047782068,512109
2026-01-01,4361.66162109375,4378.025662646786,4306.817481591869,4352.53771878253,384408
2026-01-02,4381.3974609375,4392.505367468739,4343.909123845806,4376.7364791447035,597270
2026-01-05,4488.80517578125,4507.450070671804,4381.397273806549,4381.595819515996,1256096
2026-01-06,4478.78857421875,4510.227562829496,4441.6968436399,4490.987029643794,530874
2026-01-07,4487.8134765625,4498.623564201629,4443.085001680622,4478.788363301269,439887
2026-01-08,4442.88671875,4541.269514737924,4428.804015832501,4488.706229243032,966719
2026-01-09,4425.33251953125,4505.565808976447,4403.414526052263,4429.993501109988,1017357
2026-01-12,4481.16845703125,4491.185330262556,4381.496573252651,4443.084968439053,744251
2026-01-13,4415.71240234375,4522.326608988144,4364.140879129718,4487.714279682602,753776
2026-01-14,4424.63818359375,4463.9119783665155,4385.562934533822,4415.712343157114,597515
2026-01-15,4424.63818359375,4424.63818359375,4424.63818359375,4424.63818359375,0
2026-01-16,4392.2080078125,4451.019186154586,4331.611370792917,4448.043905949938,1576883
2026-01-19,4467.1845703125,4479.780116568305,4377.728104941926,4390.521712651735,792050
2026-01-20,4319.3134765625,4487.714135961298,4291.345650012052,4467.1845096362,1194605
2026-01-21,4224.302734375,4301.858565351444,4200.103885581189,4279.444690975875,1113913
2026-01-22,4317.330078125,4331.016173222061,4255.2458016435485,4263.576489279057,725419
2026-01-23,4270.2216796875,4338.950461291207,4259.014499941332,4338.950461291207,704843
2026-01-27,4312.66845703125,4341.230951970756,4236.501481020685,4314.056824210925,1042386
2026-01-28,4585.8984375,4600.378230975161,4325.561426288116,4333.991386651168,1837685
2026-01-29,4563.087890625,4631.519332583949,4515.582682116657,4620.6099722716535,1301527
2026-01-30,4581.33642578125,4596.609434191953,4503.582532206702,4581.931578682,1582165
2026-02-02,4302.94970703125,4417.10090627167,4172.433982006728,4378.620808385828,2563637
2026-02-03,4433.56396484375,4570.12951540431,4373.761028419773,4462.920158739469,1450873
2026-02-04,4182.3515625,4376.637266819976,4063.836232025269,4373.661986557011,5290920
2026-02-05,4002.247802734375,4091.0103298920326,3919.4358360565607,4087.0432895721374,6343724
2026-02-06,4033.984130859375,4040.430571388099,3952.1639241486437,3996.7931278090427,2094080
2026-02-09,4096.9609375,4116.796139327645,3981.0242796689886,4032.5958044208646,1664057
2026-02-10,4133.953125,4155.275965571004,4103.109775580296,4116.795870243671,1000376
2026-02-11,4098.9443359375,4161.325946981036,4073.158574327441,4161.325946981036,916944
2026-02-12,4124.630859375,4155.27614869463,4049.5546704816975,4102.614076369818,2759493
2026-02-13,4177.68994140625,4228.3689768569475,4121.556225675803,4154.4828530676095,3532180
2026-02-16,4191.27734375,4200.599791589953,4135.639506771362,4193.856016792842,1126991
2026-02-17,4212.60009765625,4260.601187366257,4187.607550619402,4195.1450238732,1033811
2026-02-18,4251.10009765625,4267.5,4182.10009765625,4235.0,821047
2026-02-19,4132.60009765625,4271.0,4101.60009765625,4244.10009765625,1020581
2026-02-20,4170.0,4213.5,4121.2001953125,4129.7998046875,960630
2026-02-23,4025.39990234375,4150.0,3976.0,4150.0,3750121
2026-02-24,3952.60009765625,4032.39990234375,3937.10009765625,4005.0,1605651
2026-02-25,3985.0,4004.0,3957.60009765625,3970.0,1239941
2026-02-26,4008.89990234375,4018.0,3985.0,4000.0,1423043
2026-02-27,3913.199951171875,4001.0,3900.0,4001.0,2191138
2026-03-02,3951.60009765625,3983.0,3825.5,3837.0,3263290
2026-03-04,3876.800048828125,3974.0,3858.699951171875,3971.300048828125,2521796
2026-03-05,3891.800048828125,3949.0,3840.89990234375,3870.0,2469764
2026-03-06,4023.699951171875,4039.699951171875,3855.0,3880.0,2972956
