Date,Close,High,Low,Open,Volume
2021-03-08,786.369384765625,795.443800766128,771.735814926233,778.6847073275816,5621823
2021-03-09,795.5665893554688,798.6322777233844,775.9052680380859,788.1680215097484,5440319
2021-03-10,808.1153564453125,813.5109473640381,800.9212185879232,805.8263193857704,7694950
2021-03-12,800.5533447265625,819.8058558278449,795.9343547419165,808.1153752996753,6447010
2021-03-15,811.2627563476562,812.8977899069984,790.8248368558801,799.122652128447,5321071
2021-03-16,823.4437866210938,832.8860955649205,809.7095145303215,811.7941723650991,8094575
2021-03-17,807.2569580078125,837.0554547517941,803.3737532854117,827.3269850672945,6758901
2021-03-18,774.8016357421875,817.3125142002131,762.2527713870442,813.4293089564511,8269566
2021-03-19,785.18408203125,792.1738412392009,766.5855733747053,776.6410208227459,9004154
2021-03-22,800.1446533203125,803.1694757823058,772.2264316644553,785.1841042645057,4745254
2021-03-23,801.8612670898438,811.7123836339846,794.4627506403913,804.1503538585847,5158305
2021-03-24,797.6102905273438,805.0496734917939,789.5577200620544,793.8496832870677,3874331
2021-03-25,782.4046020507812,796.67028308183,776.6411174219995,792.9914567361468,4879437
2021-03-26,783.630859375,797.0790231293032,779.7476538777034,788.9038536613103,4271178
2021-03-30,814.0833129882812,818.1708974578924,788.4541783227286,788.9038026349315,5475000
2021-03-31,803.3328857421875,817.5167819501162,800.0628186143871,817.5167819501162,4445140
2021-04-01,819.6423950195312,828.5533488735769,809.8321925661687,810.9767361446357,5269079
2021-04-05,844.90380859375,850.2176690251572,819.6425136609186,823.2396083733975,9452833
2021-04-06,840.7343139648438,850.7079792073498,834.0715319521172,849.3999722599851,4260257
2021-04-07,847.928466796875,854.3051383695068,837.7095058115939,842.859902065992,3551106
2021-04-08,848.1737060546875,861.9897603580032,843.3912525866835,853.4875654179216,4852068
2021-04-09,854.6322631835938,862.3169426855615,845.4351972411051,851.9344172559762,3708082
2021-04-12,825.2014770507812,852.6291057865377,818.4978293180554,852.6291057865377,5976427
2021-04-13,803.9461669921875,834.5212701624716,794.7899674186991,827.7358896392049,7773994
2021-04-15,810.8948974609375,813.1839344186818,783.7941967991464,791.3562268595293,7430279
2021-04-16,827.9401245117188,831.2510575135271,813.0204431764051,817.5167854966367,4677808
2021-04-19,813.1021118164062,840.7750328997241,807.5838739424033,814.246655186215,6239343
2021-04-20,785.8789672851562,822.4219818248185,782.3636546782817,822.4219818248185,9742418
2021-04-22,786.369384765625,794.5445522966232,780.9737442568086,789.7211834944292,4970596
2021-04-23,781.2598876953125,796.9561690881702,776.8044115104884,788.0861324730781,6023490
2021-04-26,759.3096923828125,780.319886848389,754.6089701728824,768.4658917103046,19619972
2021-04-27,759.3505859375,767.2805101950354,754.895158554748,761.1082673085614,6406825
2021-04-28,755.2221069335938,765.0731756603552,753.5462072576338,761.2717519900957,6845677
2021-04-29,756.6779174804688,773.4412385902965,754.6396896100946,773.4412385902965,8588734
2021-04-30,747.8595581054688,761.2119543627185,744.9062322630102,752.8926980308855,10921664
2021-05-03,755.138916015625,757.426711532994,741.2457476275332,747.6931713583002,6871176
2021-05-04,749.5234985351562,761.212044916509,748.1092146351592,757.052416255763,6217026
2021-05-05,756.5531616210938,757.7178269961004,749.2321757132391,752.0191569417342,2696835
2021-05-06,762.0438232421875,768.6160555655485,749.7729210666173,758.7161209572871,6319104
2021-05-07,762.3766479492188,766.5362759917687,760.1304386508999,763.7077086121509,3651558
2021-05-10,760.3384399414062,766.7026405469519,757.2187188278905,763.7493147148324,4029147
2021-05-11,754.8060913085938,759.0905284852968,752.9758448221369,755.8044121899984,3818154
2021-05-12,753.8078002929688,756.1788188273327,744.573446021708,753.8494371962385,4076940
2021-05-14,757.3433227539062,758.7160200745899,745.8211754351643,756.2202436927655,5184569
2021-05-17,767.1602172851562,771.3614314368372,757.1354731193086,760.8791383433883,7956551
2021-05-18,775.0217895507812,781.5940214307044,769.1151387042962,772.0268780071248,5913426
2021-05-19,774.85546875,782.8419336282994,769.6559341217568,772.0269016015535,4178834
2021-05-20,769.0321044921875,777.6841009360339,767.0770487147939,775.3547192310257,4753782
2021-05-21,774.2314453125,777.5591471338155,767.867195268554,769.9470089068762,4161547
2021-05-24,776.0202026367188,781.178151599212,771.7774023157136,774.9387094937871,4191877
2021-05-25,782.5091552734375,785.1713271998495,777.9752016284475,780.3461691451249,5032874
2021-05-26,786.8352661132812,789.4558522098047,775.8122512998332,782.0101075200954,5017674
2021-05-27,784.006591796875,796.0695112435535,780.4292716154642,789.4972796481309,9078274
2021-05-28,784.1314697265625,790.1213442446965,779.8470833219799,782.0516557117041,4098094
2021-05-31,786.3361206054688,788.5406930728877,775.8538271351345,783.2995717260761,4171524
2021-06-01,790.9116821289062,791.9931752591073,783.715505341341,788.6654728420522,2944472
2021-06-02,785.1297607421875,790.9116536388887,780.0133981495819,787.8335188586507,3657189
2021-06-03,781.552490234375,790.162899610017,779.5142624238165,786.1696670122802,4164240
2021-06-04,779.1398315429688,785.504082048506,777.6423757701082,782.0931569682473,3550303
2021-06-07,789.99658203125,791.9516377874032,779.5975113390909,781.1781903949841,3282517
2021-06-08,804.6384887695312,808.6317216842345,791.5356599459442,791.9932088923779,6385642
2021-06-09,808.0493774414062,819.4467690546664,802.8914282321157,810.2124146074765,5521459
2021-06-10,805.7614135742188,816.6596678292617,804.0975626140628,814.8710077364134,3878256
2021-06-11,818.0740356445312,823.6063613114995,807.3838117705154,811.9594026666905,4777035
2021-06-14,818.7813110351562,822.3169953764885,811.9595099153601,817.7829900069662,2236373
2021-06-15,819.821044921875,826.1020726806719,817.9492124309068,819.5298405128119,2559001
2021-06-16,814.7879638671875,820.278652590068,810.2955452563145,818.656387492991,3138753
2021-06-17,820.6115112304688,822.7329115595597,814.0808641751051,815.2871665666945,3609989
2021-06-18,811.3355102539062,829.1803260436465,807.0510727396243,823.6064138952752,5622783
2021-06-21,816.9508666992188,818.1571688675065,799.6884120311853,805.3039093328347,1639495
2021-06-22,815.3703002929688,822.108928449935,812.167406886355,817.0341515746821,2529648
2021-06-23,809.3803100585938,819.4465879347257,807.7996313549428,819.4465879347257,2395543
2021-06-24,823.3566284179688,827.4330326589176,806.2189336736725,808.6315377905175,4686567
2021-06-25,828.306640625,840.2447511851174,822.9822971384924,827.765868741774,5196000
2021-06-28,819.6963500976562,831.9256675662223,818.7812521740186,831.9256675662223,1844159
2021-06-29,818.2819213867188,826.8507948664424,815.70297258469,821.0689023455088,1895170
2021-06-30,818.19873046875,824.8125483589422,816.118916715652,816.118916715652,2682591
2021-07-01,819.8627319335938,821.9425460683822,811.2523217262546,821.1106204144668,2861509
2021-07-02,819.1555786132812,821.6097185606359,812.9993087403781,818.2404299690876,1646631
2021-07-05,815.0789794921875,828.5145961476485,813.6231099192236,825.0204990171951,2598033
2021-07-06,808.6732788085938,817.1173440583074,807.1342367412278,815.2870975615009,2486069
2021-07-07,811.4186401367188,813.2904727978216,798.8981696033508,806.967858342114,3014899
2021-07-08,812.6248168945312,816.9508396426844,806.9677336592707,811.1273611523598,2555624
2021-07-09,812.6664428710938,814.8710658612371,804.1392060920456,808.6316243155921,3218471
2021-07-12,814.8295288085938,817.8244406201746,811.1274497798977,815.2870777274869,2037878
2021-07-13,805.2623291015625,817.7827982066592,801.9762130938143,817.7827982066592,2997764
2021-07-14,823.148681640625,826.0604208393702,805.3870420622577,805.5118511957419,4371180
2021-07-15,864.9947509765625,875.6018037055369,824.2719775989999,826.1022243036563,12701032
2021-07-16,836.0851440429688,872.4818853881228,830.3032515482263,869.2789924604308,8665827
2021-07-19,832.0919189453125,847.1497506133335,825.6860822575953,836.0851513036607,4644600
2021-07-20,812.957763671875,842.0751617204613,806.4271167863787,831.0937328725091,10216774
2021-07-22,814.122314453125,816.5349188337183,806.9677751082087,806.9677751082087,6156400
2021-07-23,826.9339599609375,835.1700428507067,817.4499888016094,819.1970628450139,5265839
2021-07-26,832.175048828125,835.2531832644199,821.3184314519906,826.9339284510293,2477027
2021-07-27,830.2501831054688,838.7870399628939,823.4290548170721,836.9457490982549,2883514
2021-07-28,822.8013916015625,833.5561757298658,817.9471162014614,832.7610670070546,2952249
2021-07-29,843.3065795898438,844.4783241596853,824.8519346551086,824.8519346551086,4732101
2021-07-30,857.827392578125,878.7510335714567,845.2314219998688,847.8259330497988,9330054
2021-08-02,866.57373046875,869.5867150153437,856.2374188463668,865.401985876675,2536478
2021-08-03,869.9631958007812,872.8925058477633,857.0324251741656,862.0540995404205,3359006
2021-08-04,870.3817138671875,876.909931748847,865.9040744246464,871.3442219372854,3122161
2021-08-05,888.1251220703125,898.0429101037266,865.15089685412,870.4236966522607,7896314
2021-08-06,878.7510375976562,895.5318386176797,872.9343062413457,888.1248901053467,11584782
2021-08-09,879.25341796875,892.811898552028,873.3529094343016,885.3212747904066,6321578
2021-08-10,890.2592163085938,897.4570320001293,877.1192079716956,880.8854641127954,5871606
2021-08-11,892.979248046875,903.0644854374841,884.7772408041791,896.3270311254199,5011239
2021-08-12,917.7110595703125,921.6028779306017,893.8581045336011,896.3689419058866,6540144
2021-08-13,936.9189453125,940.6852014541815,912.4382803915695,919.8034443795748,7270809
2021-08-16,940.43408203125,945.2046317856011,932.6504459412813,938.1742672795368,3159376
2021-08-17,956.5870361328125,964.1195473476458,931.1439688734642,936.7514641335736,5295838
2021-08-18,949.3055419921875,969.0993257651829,947.0876157301782,969.0993257651829,4871006
2021-08-20,935.161376953125,954.7459292688093,926.6663565794189,926.9174811879959,3467046
2021-08-23,973.4515991210938,986.0894597430195,942.4428198185726,944.9117689595475,9383780
2021-08-24,964.9146118164062,981.7371981025684,962.4874491201651,977.5105819160342,3947317
2021-08-25,966.1283569335938,979.1429048976354,954.3693298268685,970.7734469570902,3447912
2021-08-26,977.0921630859375,980.9003066788655,966.6722305580969,970.7732846967384,4654833
2021-08-27,973.326171875,979.0174447348272,970.4387494507648,977.0924283411737,3050466
2021-08-30,973.70263671875,979.5193684009841,966.2956877913904,974.2047836997838,2956868
2021-08-31,989.5209350585938,998.8110118304007,972.5727847520809,975.8786793774797,7199002
2021-09-01,974.7488403320312,996.3838664744818,972.3216773429057,995.9653936200197,3200410
2021-09-02,981.528076171875,989.2698239481188,965.8353441930026,980.9003668927202,5224479
2021-09-03,983.2019653320312,988.0980772649856,969.392361222239,982.1557832025014,4533364
2021-09-06,1004.46044921875,1012.7880184563423,982.5742977079384,983.4112434470422,4331916
2021-09-07,989.4373168945312,1016.8472927587451,987.6797510891575,1016.0522350887214,3721585
2021-09-08,994.961181640625,996.9279837854566,976.7576109711791,991.7807468180908,3118518
2021-09-09,1003.121337890625,1008.4777087887021,990.106791022111,997.6393025345362,3388292
2021-09-13,1011.365234375,1016.8890557259451,984.624757165434,997.6393040537668,3723138
2021-09-14,1036.6827392578125,1038.3147423922205,1010.1933892715901,1017.7259000449491,5593286
2021-09-15,1065.64111328125,1078.7811199140858,1029.65244815571,1036.6828124739438,6063895
2021-09-16,1057.1461181640625,1084.0958316392655,1050.5342265449108,1077.3164895764314,3616292
2021-09-17,1057.3133544921875,1072.1272498650587,1053.295974984525,1058.7361210611236,4817180
2021-09-20,1068.068359375,1087.0252014021269,1046.1822071678032,1052.8777732936771,5453683
2021-09-21,1087.6109619140625,1100.5836205594399,1068.7796832352888,1078.823031863968,4645597
2021-09-22,1101.002197265625,1112.0080549425381,1087.6947386442187,1088.0295373966646,5367303
2021-09-23,1111.715087890625,1118.536114064926,1099.6630485782496,1110.5014552454193,3037295
2021-09-24,1136.7396240234375,1153.1019535429962,1118.9964158134537,1121.5072529469169,7951730
2021-09-27,1084.01171875,1144.899500955141,1079.701531364653,1143.2674981748828,7653504
2021-09-28,1062.083984375,1092.1721383377358,1049.5298001625295,1092.1721383377358,8572321
2021-09-29,1072.2947998046875,1089.2429503850742,1053.5472976857823,1062.9210487452349,4639821
2021-09-30,1070.9140625,1080.8736360031778,1061.9586809458879,1080.8736360031778,3589722
2021-10-01,1066.0595703125,1074.6382636162905,1055.0956022306561,1066.2688067345437,3372796
2021-10-04,1070.1605224609375,1082.6728184382443,1066.0594685471212,1072.545797011294,2706626
2021-10-05,1092.339599609375,1099.411749252822,1056.3927238242507,1062.9209405460583,3710314
2021-10-06,1067.482421875,1104.6428338137712,1064.4276516035882,1098.07283007318,2861608
2021-10-07,1093.302490234375,1102.9691542582102,1074.6804436153477,1074.6804436153477,2421641
2021-10-08,1106.5679931640625,1119.8335646589487,1083.0498348477472,1093.3024216691763,5197831
2021-10-11,1090.45654296875,1108.8693478622806,1034.1719461919345,1088.0293800722677,5264998
2021-10-12,1046.4752197265625,1095.5621141034048,1034.7161918718741,1093.8463342499626,12811641
2021-10-13,1059.029296875,1063.5907125662743,1040.700164299619,1057.0624947724464,5705730
2021-10-14,1047.1446533203125,1082.3800475412222,1041.2023591681775,1079.157826966902,10360519
2021-10-18,1022.2456665039062,1065.0135783731068,1016.889192709882,1037.8128386504145,23861603
2021-10-19,1031.200927734375,1048.6931158623743,1025.2586328263435,1029.4433619399204,10189780
2021-10-20,1031.8704833984375,1057.3973299556915,1021.4086610389072,1036.9758322766415,8222562
2021-10-21,1021.5762329101562,1045.3711662151916,1003.2660361095029,1045.3711662151916,5998795
2021-10-22,1007.4849853515625,1032.2501945000274,1000.7346671917531,1015.2900407238423,3812305
2021-10-25,983.3524169921875,1004.1096204790699,976.3911528165974,999.0891135773385,6690819
2021-10-26,984.533935546875,997.359498729184,973.100543070585,987.2340215847253,5126660
2021-10-27,993.2672119140625,996.8110879741595,980.0618805682298,987.2340940721729,3536653
2021-10-28,972.0457763671875,999.8908376693726,967.658110938423,998.4564363181125,4096585
2021-10-29,965.0843505859375,989.7651962730532,960.2325604081284,972.0456147540983,3558520
2021-11-01,1003.4346313476562,1005.3331580994504,964.8734847452135,964.8734847452135,4511112
2021-11-02,987.7823486328125,1008.4129638370453,986.2634861017251,1004.953446962528,3016082
2021-11-03,992.5918579101562,1002.1688491014631,988.6682157388008,991.4527625705132,2063067
2021-11-04,998.2876586914062,1001.7050484688107,993.9843514543763,999.8908798586044,256369
2021-11-08,998.07666015625,1006.4724297591983,986.0105288348655,1001.9580723085718,3808317
2021-11-09,989.5965576171875,1004.9534882776908,987.6135695085044,1002.4221192895858,3565461
2021-11-10,986.516845703125,991.4529953348813,980.5680865304427,982.1713077189803,2401325
2021-11-11,979.386474609375,985.3774627247069,972.2564942208271,983.8586003571138,2861259
2021-11-12,989.2167358398438,994.110756813915,981.3273235295985,986.3057028649479,3812518
2021-11-15,987.9510498046875,997.0217881630202,981.7492167367644,988.0776388472291,3619915
2021-11-16,981.6647338867188,991.8745663298523,979.1754930379428,987.9931551946506,3141207
2021-11-17,972.4254150390625,982.8040697255656,970.3581714397084,979.2179634398101,3172985
2021-11-18,945.2132568359375,974.5771819606181,939.5599065914703,968.6706535850991,5384530
2021-11-22,936.6908569335938,949.9805437376289,929.8561814632801,945.2131116806103,3961223
2021-11-23,938.8004150390625,945.0444795219531,919.7307881061865,932.3876338140698,4545069
2021-11-24,944.5803833007812,955.7184696704769,939.0957499904418,945.0445088584809,2675632
2021-11-25,949.0947265625,954.3261816716122,937.4503871239267,942.0912306245402,3106454
2021-11-26,936.6486206054688,950.1070225753915,930.9530412072593,945.0442853325386,2207274
2021-11-29,956.1403198242188,966.1392071758792,928.2530290190407,929.0968187196311,3661152
2021-11-30,960.7811279296875,977.0240790701521,956.0136956959186,956.0136956959186,7421904
2021-12-01,976.0114135742188,981.327329388078,966.3078329310864,966.982905828665,2918586
2021-12-02,999.6373291015625,1001.071832980301,972.8892444994169,980.3989912715103,4011279
2021-12-03,988.4149780273438,1003.8562630941362,986.9383464962721,1002.4218622360374,2571036
2021-12-06,959.0093383789062,989.4701295581955,957.5748339179131,987.149707608224,2493755
2021-12-07,970.0628051757812,974.5770592655522,954.6636438497238,970.3581109570433,2299958
2021-12-08,988.5841064453125,997.0220044228274,976.3070266890388,976.602332517915,2525711
2021-12-09,986.010498046875,995.5031321999021,974.5771063774489,995.5031321999021,1734844
2021-12-10,980.6521606445312,984.7023916308204,974.7456338738237,974.7456338738237,957733
2021-12-13,978.0365600585938,990.1449209028775,973.1004112198322,983.8587292281156,2225682
2021-12-14,980.7789916992188,983.7744865013555,966.5611550644294,975.4209474067922,1972685
2021-12-15,969.4299926757812,980.4413862978656,963.8610013380024,977.3194056544404,1604301
2021-12-16,978.5848999023438,985.4618051193621,969.9782879630999,975.4206891891437,2121810
2021-12-17,988.4149780273438,998.1185566601,983.014704970525,988.9212310948114,6373455
2021-12-20,978.7115478515625,989.2166868511565,966.5609573810547,978.7959062086629,3091768
2021-12-21,1016.7664184570312,1025.16208336728,983.0570667802175,986.3056359815956,6217986
2021-12-22,1031.7857666015625,1034.4858516041145,1021.069578931596,1027.7355360960942,3809814
2021-12-23,1035.709716796875,1038.4520335621135,1025.7108285762647,1037.7770635439867,2814281
2021-12-24,1067.5626220703125,1083.2571919335805,1051.4884910675562,1064.9891254434142,15952929
2021-12-27,1069.250244140625,1077.5194242272973,1058.1544922204348,1069.9253170870893,3372907
2021-12-28,1083.3416748046875,1087.6449819062307,1071.6129767423686,1071.6129767423686,3446067
2021-12-29,1090.092041015625,1096.0829278732563,1077.603911029329,1082.5822913482584,2254162
2021-12-30,1111.3133544921875,1119.2448959053831,1082.3290935770708,1090.0920212391186,4518139
2021-12-31,1113.04296875,1121.7761715139109,1104.478482724826,1113.80240007766,2231508
2022-01-03,1118.99169921875,1130.5938072615832,1108.8239924241811,1110.7225191948264,2661272
2022-01-04,1125.1512451171875,1127.8935614249103,1103.0439979294413,1121.8183172669285,3367100
2022-01-05,1105.9971923828125,1122.240141803655,1098.614033555157,1121.3963522233514,3510253
2022-01-06,1084.1854248046875,1095.0703327225071,1077.5194654595364,1088.4887317484745,4409632
2022-01-07,1088.9527587890625,1095.6608452121443,1081.9070329086999,1094.8592862565133,3898684
2022-01-10,1086.8853759765625,1101.018851943229,1080.050700736298,1101.018851943229,2529949
2022-01-11,1133.7581787109375,1137.4286437190412,1080.0509376560628,1087.3497399835285,6772189
2022-01-12,1140.93017578125,1145.1068932746239,1123.4215408516905,1142.4911660059622,3162044
2022-01-13,1125.8265380859375,1147.047872107943,1114.772912331449,1130.6783294248876,4598005
2022-01-14,1128.3154296875,1133.1672199639036,1091.0199699808531,1113.8022895396182,5636243
2022-01-17,1062.1201171875,1074.144118514151,1049.1679679377196,1074.144118514151,11973283
2022-01-18,1029.212158203125,1071.5703464280048,1026.8917372684593,1071.5703464280048,7799487
2022-01-19,1011.87255859375,1029.8453202544097,1004.9535243121686,1029.4234254079308,8464215
2022-01-20,1000.0878295898438,1022.2534290575608,995.5356148595617,1021.0621690867299,6172404
2022-01-21,993.791259765625,1003.9168137260725,982.7723387270238,1000.087830588175,5514748
2022-01-24,957.1607666015625,990.8557991969989,945.3334417414047,989.1540288248272,5878438
2022-01-25,956.1395874023438,969.7112676653161,926.1034043711447,948.7369282536786,4725254
2022-01-27,917.0413208007812,949.545086680792,910.6170974192419,948.7367874672893,8304735
2022-01-28,919.3388061523438,937.8455579108364,916.6160152568408,918.1050642489034,7654724
2022-01-31,935.4629516601562,947.8432655850686,929.8896135901107,936.5265578668219,7572995
2022-02-01,963.8826904296875,967.030923777395,937.0372237658216,950.1833571173869,6783774
2022-02-02,996.3438720703125,998.8114596481709,964.3081309639578,972.4766071977208,6982539
2022-02-03,984.2613525390625,996.2588118353517,979.3687631488748,988.7284993735817,4169794
2022-02-04,990.2600708007812,993.0679291679631,967.7540987243333,987.0266660373301,3625482
2022-02-07,984.771728515625,996.6841184495677,975.114204592738,984.4739395408359,3824483
2022-02-08,988.6859741210938,995.4079876858953,977.2841960251469,986.1333186307502,3267641
2022-02-09,1004.8101196289062,1011.7022673715023,992.131912325628,997.2372223375953,3772972
2022-02-10,1012.8509521484375,1014.1698654627089,999.0240707186207,1008.2561523151231,2053245
2022-02-11,990.1749267578125,1003.1935100382565,985.3675091466166,1003.1935100382565,3912397
2022-02-14,975.4970703125,990.7279326424182,964.5632187956012,966.0522675511112,3243813
2022-02-15,994.3018188476562,998.9391010661291,976.9011563423007,981.495956626729,3000492
2022-02-16,993.6634521484375,1006.2990724499181,987.0265082184739,1002.3424367942778,1885868
2022-02-17,989.6218872070312,998.9390368468548,987.026646288204,998.9390368468548,1644055
2022-02-18,991.2811889648438,995.6206824090667,978.6029795942196,980.9429137312611,2166690
2022-02-21,991.0684204101562,995.1101246359113,978.6880006557193,981.1555882197423,1706058
2022-02-22,978.1349487304688,982.0489991787282,963.2018745870549,963.2018745870549,3254855
2022-02-23,981.070556640625,986.1758674297349,976.8587167867349,983.62321203518,1937649
2022-02-24,934.73974609375,965.7118765951593,929.1664078693929,941.0787977138723,5469084
2022-02-25,961.244873046875,970.8599163952853,948.7369034011771,949.2474136967095,3213276
2022-02-28,958.9051513671875,964.3083561394411,941.9300311071066,952.6511651591491,4571884
2022-03-02,949.2048950195312,956.9479284941872,943.6315561838561,956.9479284941872,3867328
2022-03-03,969.7534790039062,980.2194048212473,953.4165304706663,957.2455125207493,3969380
2022-03-04,968.6902465820312,982.6447850992989,955.2463222959888,959.7985374936925,3522375
2022-03-07,982.0914916992188,988.217926433152,944.9078562381401,945.3332987668381,5249845
2022-03-08,1000.04541015625,1003.7041541701263,982.7723991691782,983.6232843632641,3805165
2022-03-09,1006.3416748046875,1016.8076021310646,987.962579087845,1004.0443267905074,3781326
2022-03-10,1014.382568359375,1019.530360262489,999.7898699101063,1019.530360262489,3834327
2022-03-11,1015.4888305664062,1027.1460193255346,1000.8962334840719,1004.0444669604659,2770879
2022-03-14,1023.487060546875,1033.6551992044065,1002.0447988564565,1015.4887203116921,5740660
2022-03-15,1001.364013671875,1033.2297199488635,993.9187697568497,1027.0182177640652,3003066
2022-03-16,1020.636474609375,1023.5719860738494,1008.2986431113876,1012.6807212790583,1894018
2022-03-17,1018.4246215820312,1033.8256245152347,1013.23424210083,1033.8256245152347,6987787
2022-03-21,993.8760375976562,1029.4855458979555,991.3658651033271,1020.9766978516344,4046440
2022-03-22,1000.9812622070312,1005.5334767630075,988.9838029532116,995.5355767401893,4516870
2022-03-23,1004.6400146484375,1013.2765193471164,995.5355854567697,1012.55328777227,2338886
2022-03-24,1014.3400268554688,1015.956729191394,994.6846033708036,994.6846033708036,2351703
2022-03-25,1003.4913330078125,1020.2112461812594,1000.1303783727719,1020.2112461812594,2489854
2022-03-28,990.3875732421875,1010.5110246526023,985.4949843981319,1008.213676655557,3406258
2022-03-29,993.578369140625,999.7898711639112,990.1323472245258,992.9827911900294,2443230
2022-03-30,991.4513549804688,1005.7036815268447,988.8136317364941,1001.7896305324483,3073672
2022-03-31,990.2176513671875,999.6199743730554,987.8777170675013,999.6199743730554,3006639
2022-04-01,995.23779296875,998.9391224359,980.262235756902,987.8776159694037,2479745
2022-04-04,1010.043212890625,1011.6598115078056,993.8338099736393,998.2583710051645,2282137
2022-04-05,1017.1903686523438,1023.6145915512574,1007.5328452745248,1012.5530872369047,2634464
2022-04-06,995.9611206054688,1016.7227401340724,993.4084650208329,1012.5533819056026,2838968
2022-04-07,998.3434448242188,1004.6824967352201,989.5792874893593,991.7915677884322,3391918
2022-04-08,991.5791015625,1004.0445912014051,989.1966851922105,1003.1937059546242,2656091
2022-04-11,964.4783935546875,990.4303926754798,962.989344424806,990.4303926754798,5679058
2022-04-12,962.4786987304688,971.4554741876597,952.6084523738533,961.3300246225014,2906617
2022-04-13,957.330810546875,972.6467424318345,955.5439726005252,965.7545938571649,1971580
2022-04-18,937.4625244140625,946.8222591710896,922.8698262693202,944.4823254818328,4391701
2022-04-19,910.6597290039062,949.5451344228939,900.8745508833317,949.5026524908784,3422431
2022-04-20,926.9542846679688,931.5490851597525,905.937359562085,914.7015179791504,2573318
2022-04-21,935.2929077148438,940.2706688960525,919.8919073988493,931.7192316610781,2547848
2022-04-22,937.7179565429688,965.7119929563331,919.8918515571022,924.5717195598944,9567571
2022-04-25,927.3370361328125,934.2717699529271,916.6584912468371,933.3358171864618,3565801
2022-04-26,931.1234741210938,941.9296718079055,923.252788064885,939.3770168707567,3213714
2022-04-27,932.2294921875,935.8883388694567,914.3609089708314,924.9119026913742,3288792
2022-04-28,945.1194458007812,953.5974473726421,928.5096085367404,944.6868968553347,5202061
2022-04-29,933.6572265625,952.0405631985465,929.4182242882149,946.4174249334028,2988180
2022-05-02,922.97314453125,936.0361041619351,918.7341429020103,928.2502215949689,2584604
2022-05-04,903.9843139648438,930.8456550816975,896.0687499861248,930.7591663830134,3385725
2022-05-05,927.4285888671875,930.1535637775723,905.8443249194091,916.1390148565843,2982126
2022-05-06,908.52587890625,914.1058243774235,890.1425463749404,908.266412867478,4075606
2022-05-09,930.9319458007812,936.8146544995337,894.597829444777,903.1623208492491,4207192
2022-05-10,927.8610229492188,938.6314522104224,922.7136258173545,928.2502748587864,2473518
2022-05-11,917.782470703125,933.7002947007849,911.85657064389,924.7897432404243,2895668
2022-05-12,916.48486328125,926.4766820481004,902.9460581510508,908.4394094561312,3195189
2022-05-13,910.2130126953125,932.5757780901806,904.1140286772583,925.6549930950772,2496626
2022-05-16,903.6382446289062,923.0163572013712,899.8749834864956,911.8133792702404,1415370
2022-05-17,936.8148193359375,939.4966025135279,904.330341160762,915.4468314051176,2620776
2022-05-18,928.855712890625,949.3153024277472,926.3470130849881,937.377012971297,2865869
2022-05-19,873.2301025390625,915.5334236213475,869.0775891360544,912.7650461517412,4729354
2022-05-20,890.0562133789062,894.9440390627382,879.6317911980497,890.1859992223854,2005622
2022-05-23,880.9293212890625,897.1066651554227,877.8582338152991,884.9952926268056,2285466
2022-05-24,857.9611206054688,884.4764009612783,853.8519042476407,884.1735849172283,3418456
2022-05-25,842.9948120117188,858.8693402334911,833.0894287010482,858.177272348328,3904551
2022-05-26,848.4017944335938,852.9868042205434,838.3233795309137,845.2009206120395,4278059
2022-05-27,868.4719848632812,874.1383667350318,855.5820023324561,855.5820023324561,2795530
2022-05-30,899.6156005859375,911.2511286340838,878.636970138745,881.5350278634667,3562969
2022-05-31,900.3509521484375,904.7197403019792,882.7894692389962,904.027619500473,5185485
2022-06-01,880.5834350585938,904.4168259203065,875.0900300812539,900.3509068238611,2554081
2022-06-02,899.4425048828125,907.4014712295278,871.4133564859234,874.9602905840075,3560227
2022-06-03,902.2972412109375,925.3521247267694,899.8749244967734,911.7700223554987,3556955
2022-06-06,897.3661499023438,906.0603209781547,883.3947968250458,897.9716762290172,1997494
2022-06-07,884.9088745117188,894.2951678493608,876.4741679709389,891.0510499490608,1839248
2022-06-08,891.22412109375,894.3385590879407,878.9397689266461,885.0819450101981,1665512
2022-06-09,889.8831787109375,892.5216645454406,875.2197554046735,886.68225238996,1654005
2022-06-10,878.3773193359375,885.6441643692698,872.1918997100696,875.4792618722354,2260855
2022-06-13,858.00439453125,866.8284068377837,849.9589917346533,861.637817575282,1738804
2022-06-14,862.4163818359375,865.9200188440163,846.195791241682,854.7169870466369,2461791
2022-06-15,856.3606567382812,871.1538135842464,854.7169491769964,855.5820473036938,2408630
2022-06-16,834.7765502929688,871.1539204215933,831.9217366850362,871.1539204215933,3198618
2022-06-17,829.4127807617188,833.2192334184979,816.6958284781567,823.9194290970497,4302066
2022-06-20,830.5374145507812,835.6847587701523,823.6598741434804,834.8196606761874,1305407
2022-06-21,853.505859375,865.0117076272631,833.6518980104336,840.6159279305798,2128325
2022-06-22,831.6187133789062,846.9309588437136,829.758784322751,846.0226164859268,2575065
2022-06-23,840.2266235351562,845.6334872644687,829.2831102264664,832.3109539148813,2169033
2022-06-24,836.290283203125,851.7322620480943,830.4941157930407,851.2564686878667,1922313
2022-06-27,858.4801635742188,870.9808429195444,851.4296450406579,853.1165970632802,3626024
2022-06-28,866.7850952148438,871.1538302781033,850.6077493753179,856.360673148658,2702471
2022-06-29,854.32763671875,865.3143933885368,852.1216470759398,852.2081357672662,3150015
2022-06-30,841.956787109375,862.1135637462676,839.1019737318584,856.4471813391023,3741119
2022-07-01,843.7733154296875,849.0504449245959,834.1275043847982,834.3870232252119,2827579
2022-07-04,851.7755737304688,856.0145755688526,842.1297615329926,843.7734162529429,2738846
2022-07-05,849.6560668945312,867.3905768353412,846.4551935644477,854.1978316354704,2476050
2022-07-06,853.505859375,864.233098130008,847.8394767493432,849.5264287924604,2998254
2022-07-07,856.3171997070312,865.8765744633167,852.0782513585118,862.5026712785819,2985141
2022-07-08,850.8671875,864.232963105301,847.0607877117047,864.232963105301,3141642
2022-07-11,816.2633666992188,847.0608931926698,813.192278759927,843.4707146712009,5787815
2022-07-12,802.637939453125,820.5887235259619,799.6966378400984,808.8666558121712,5305354
2022-07-13,793.9437255859375,809.7317648035277,782.9137255846074,804.5411765676076,12874342
2022-07-14,781.1835327148438,802.4216791071113,771.9269730958176,801.2105735279249,4916497
2022-07-15,764.0115356445312,782.9139111636661,758.9939235860036,775.1280269642484,5591590
2022-07-18,778.8477172851562,785.0764334330022,768.9423346446489,774.2627084545861,5156225
2022-07-19,778.3229370117188,785.1464835154658,774.2112957227712,778.585370839849,4636293
2022-07-20,802.5552368164062,803.7799456797072,783.0468211940021,791.3575630152981,4827089
2022-07-21,808.7228393554688,810.9098771311099,799.1873332958827,805.7047165461886,3498709
2022-07-22,805.0485229492188,815.2401393000619,795.2068539645095,813.0531017479043,3514659
2022-07-25,814.1465454101562,815.3275242215747,799.5808552988404,805.0484486747898,2120224
2022-07-26,799.1434326171875,813.2717149894977,797.0438554430015,812.2656564696865,2780103
2022-07-27,812.2220458984375,813.0093474087378,797.0439727060002,797.918787758205,1742497
2022-07-28,827.6624755859375,830.1994605217168,815.9399862622507,818.7394050272036,2843497
2022-07-29,829.6744995117188,844.8087870952286,828.5809808511405,837.1978865387108,3617725
2022-08-01,832.9551391601562,836.7605631234204,826.8751641177411,834.5735255825855,2489519
2022-08-02,831.9927978515625,834.4422691808544,823.2446478223268,832.9551263914607,2545241
2022-08-03,837.372802734375,841.3969297713406,831.1178550673583,831.9489398712536,4119614
2022-08-04,838.1602783203125,848.5268687028743,827.4000638807012,844.1965235250686,3513266
2022-08-05,837.8540649414062,844.1527436104627,835.4483236951636,842.3593835421577,2565683
2022-08-08,845.114990234375,846.8208901030423,831.1179507285395,837.8540366696164,1746911
2022-08-10,832.8676147460938,845.946109748399,829.4120847978033,845.1150248148399,3271939
2022-08-11,841.8782958984375,847.2584301581098,838.728982874639,844.1965772871202,3594584
2022-08-12,836.673095703125,843.3216684116527,834.5735183243949,843.3216684116527,3022304
2022-08-16,838.2476806640625,847.6956712749206,833.3924684579446,847.6956712749206,2784861
2022-08-17,857.8435668945312,859.8556841083537,835.4483242718386,842.4468442657388,4649125
2022-08-18,851.63232421875,860.336743347542,846.9083022951896,860.336743347542,2829269
2022-08-19,848.6143188476562,863.4861745272103,845.7711699677416,852.5072564544341,2880969
2022-08-22,839.3411865234375,848.570473259897,835.62322310967,844.1963986554645,3616799
2022-08-23,828.3623657226562,831.9490859552109,821.4513056907917,831.0305408609685,3753715
2022-08-24,830.3306884765625,834.3985462382283,825.956613424575,830.9867997343606,1494361
2022-08-25,825.650390625,834.4860542077402,824.6443854064381,834.4860542077402,3316314
2022-08-26,827.2689208984375,836.3232358281167,825.6067508501936,829.8058526524437,2195046
2022-08-29,802.6426391601562,806.5793060552197,787.4208391414595,798.3560249610802,4974880
2022-08-30,821.4075317382812,826.9188554037872,808.0666033649327,810.8660219647913,2998417
2022-09-01,810.1223754882812,814.4527201788669,801.5491996389761,802.4677446595325,2953921
2022-09-02,808.7228393554688,819.7017583102918,803.9550863256757,814.6278413496998,1750283
2022-09-05,818.826904296875,824.3382285507475,807.0169008695162,810.0787536099426,2279812
2022-09-06,820.4014892578125,824.8630777560824,810.997228088779,818.8268329502636,2108615
2022-09-07,815.0651245117188,815.8086958841641,807.5416836750351,810.953483442126,2709547
2022-09-08,814.4966430664062,823.1136044188036,811.8284675104886,819.1769362035049,3214686
2022-09-09,829.7620239257812,833.698691408824,817.3396403003969,821.4512814615799,2206526
2022-09-12,835.9295043945312,842.8842946713891,834.1361442336995,835.5796104137074,2517615
2022-09-13,835.79833984375,839.6474941178652,831.4679945652052,835.4483924577056,2442828
2022-09-14,815.3275756835938,820.9701430826156,810.5598232799406,816.464824498679,6761712
2022-09-15,804.7423095703125,819.4391903382831,801.5929436521607,819.2642166659745,2995215
2022-09-16,784.6215209960938,803.0800944006762,781.5596687843265,800.5431097817115,5095937
2022-09-19,785.408935546875,793.5884882420695,776.3983512757524,785.5401791612178,2686561
2022-09-20,799.5808715820312,805.5733326863195,789.0830920864247,789.3455258949214,1836721
2022-09-21,788.16455078125,799.3621716172132,786.3274073241631,795.2068005472469,1819649
2022-09-22,785.2777099609375,791.620118742058,778.3666500692386,785.2339264951465,2315711
2022-09-23,783.7030029296875,798.3561543019208,780.3349865093803,784.2716540422191,2569608
2022-09-26,793.19482421875,802.5553560235701,771.5868815949623,779.678920886066,4182702
2022-09-27,803.736328125,806.0983394416497,793.9821189483331,797.1752152423469,3545337
2022-09-28,805.529541015625,810.9096739534726,797.6999370616824,798.7059955441948,4154139
2022-09-29,807.4979858398438,814.4527758614864,801.8554183357008,810.9535158148204,2928360
2022-09-30,815.6337890625,818.4332078964276,796.125424161009,806.4920145217992,3229901
2022-10-03,813.7966918945312,816.0711896433542,801.3305775602157,815.6337821228518,1598950
2022-10-04,827.5750732421875,831.9491486821568,819.7454675257474,824.513220434209,2331351
2022-10-06,843.8027954101562,846.777187760327,835.8857303593256,835.8857303593256,3713623
2022-10-07,837.8103637695312,851.1512929588727,835.4483525128519,844.1965028009446,2174327
2022-10-10,842.6656494140625,846.0774496794211,824.2508021431358,824.2508021431358,2758812
2022-10-11,821.1013793945312,850.3202232380731,818.8268816366631,846.9084232067979,3134969
2022-10-12,832.823974609375,843.2342956497827,825.2130725658773,825.2130725658773,3502390
2022-10-13,859.1557006835938,865.2356749794174,847.9580805284273,850.3638215279323,9698562
2022-10-14,877.0458374023438,894.9358162556551,869.5661792357001,879.18914500189,7424383
2022-10-17,870.0909423828125,880.7636956292059,867.0290900068904,879.801420525989,2136170
2022-10-18,882.86328125,886.7562185579478,874.0276179878252,874.8149728211517,2487826
2022-10-19,879.7266235351562,889.3133378962319,878.2687112457571,889.3133378962319,2517099
2022-10-20,898.9443359375,900.6230869469076,872.9673506915377,874.734491077553,3931399
2022-10-21,907.603271484375,909.9889757526248,893.8195978571318,903.450534663716,2071897
2022-10-24,911.490966796875,917.8968505363778,910.077276094867,914.4951269496964,398105
2022-10-25,906.9846801757812,916.483058463058,902.0367093371999,915.3785958715142,3068136
2022-10-27,911.8885498046875,916.6597419798348,900.8880375265555,910.960758071922,3313674
2022-10-28,910.0772705078125,918.6920796218427,906.1012047628755,911.8001891875441,2423629
2022-10-31,919.9291381835938,929.957638413474,915.7321797204451,918.0294406761041,2418565
2022-11-01,936.6286010742188,938.2189626642868,923.3308268836805,926.8651075607473,2275488
2022-11-02,923.5076293945312,942.1951627094418,921.1220327405861,940.9581427246287,2799322
2022-11-03,923.4632568359375,927.0416508141735,912.8161946191128,913.6114292335003,2396164
2022-11-04,923.6401977539062,926.8652509421665,913.1256895415536,923.4635268357974,1709158
2022-11-07,925.23046875,932.7849285288988,917.7201227623029,926.0698172173176,2213508
2022-11-09,930.7969970703125,937.8655587692134,927.0418236677715,937.3796598670291,2307691
2022-11-10,929.9134521484375,938.7050407151619,925.1422591580726,927.7487482123532,2321667
2022-11-11,963.6658325195312,970.7785077106003,944.6248521134212,946.3036570167344,3923101
2022-11-14,971.0436401367188,974.5336992489114,963.1357300684899,967.5093593718899,2170007
2022-11-15,975.3731689453125,977.3169802493983,962.1196158964797,966.1840172599169,2172420
2022-11-16,976.5216064453125,982.9274895067637,971.3527430638146,978.5538607664982,2213697
2022-11-17,965.3446655273438,972.4573409254871,962.2962836215476,967.597704823603,2460883
2022-11-18,974.7105102539062,977.2286638106319,957.7901189608725,970.2043237011824,2623894
2022-11-21,967.9511108398438,977.5378255098514,965.3887358028245,970.9552709571184,1733741
2022-11-22,974.9310913085938,977.1400161539287,961.3240926897984,964.0631379264821,2529146
2022-11-23,974.9310913085938,982.0879862359475,971.7060394628729,979.8348397506425,2217599
2022-11-24,998.0808715820312,1002.8521722107836,975.0197110437001,977.2286365331512,3295202
2022-11-25,996.8439331054688,1005.1054013965239,990.1730422974177,1003.0289249807921,1977441
2022-11-28,988.538330078125,1000.8640905663918,986.9478606600395,994.0164218823137,2368293
2022-11-29,997.50634765625,1006.165377140461,987.8755205629517,988.5381980890596,1785948
2022-11-30,990.3055419921875,998.3460093923896,986.9479320257464,995.7836341924943,6053488
2022-12-01,1004.0891723632812,1016.6800474062084,997.0206109356731,998.4343016496572,3919684
2022-12-02,1003.3380737304688,1007.6233671590201,993.0002388094659,1004.0890867465771,2944923
2022-12-05,999.1851806640625,1008.992786757395,995.9601283739003,1001.3057703793522,2646466
2022-12-06,990.4379272460938,994.0164295354957,978.1121666629277,991.0122694213624,2807894
2022-12-07,977.140380859375,986.5945395829922,973.6944352429646,984.2972784579514,2399879
2022-12-08,973.1199951171875,984.0762869088551,970.8669558752412,984.0762869088551,1752350
2022-12-09,907.8682861328125,949.8378662703391,901.8600201831028,949.8378662703391,12415478
2022-12-12,908.6635131835938,918.1618917666642,894.5705592908516,905.6593532695056,4275785
2022-12-13,923.0657958984375,925.0097151606684,911.0492620847326,911.9328323336476,2284909
2022-12-14,933.2267456054688,934.1987590527817,923.3308031075807,923.3308031075807,2425507
2022-12-15,920.9893188476562,929.3391214305078,916.3505755875221,929.118228894311,1906369
2022-12-16,909.76806640625,924.6119808624453,903.3179608853826,910.0772944007707,5159215
2022-12-19,912.9489135742188,916.7040869424166,904.2015469802902,909.7680824103422,3328172
2022-12-20,909.812255859375,913.0373088879982,893.731320230147,907.4266592944746,2629849
2022-12-21,919.2222290039062,930.620306068714,914.4951500414136,914.4951500414136,2878658
2022-12-22,918.1177978515625,931.8573579728222,913.2581616213373,924.2144539664747,2623451
2022-12-23,910.607421875,922.5356195137815,907.5149261908715,909.6355162315261,2177675
2022-12-26,911.5792236328125,920.4591462283383,909.1936275200002,910.9607677095433,1680715
2022-12-27,915.6878051757812,919.5755349903691,910.3863848443451,918.0292873937002,554319
2022-12-28,914.8927612304688,917.4110226988787,906.9848507310309,910.0773465688862,1397806
2022-12-29,922.8448486328125,924.2144255805251,908.3984974909265,910.0773024358899,1277244
2022-12-30,918.29443359375,932.3873333234673,913.876583163409,927.7485903716091,1860560
2023-01-02,918.4270629882812,921.1219954225245,911.4027225691453,918.1178349690315,701880
2023-01-03,920.1057739257812,924.0377258924824,913.1697696705994,918.0294056001478,2484372
2023-01-04,915.908935546875,920.6802366557868,911.402748666453,915.5554858614554,1219170
2023-01-05,922.53564453125,927.5720594965945,912.816372117563,920.5034977411857,2294943
2023-01-06,912.5513916015625,925.8932807210798,905.880393112956,922.4473351962214,1887689
2023-01-09,943.1669921875,946.3037096248521,918.9572543431963,923.2866621533644,4562242
2023-01-10,939.9859008789062,947.7171381975521,933.3150122499871,937.4677480095086,2297082
2023-01-11,931.9898071289062,953.9022814234452,928.2346341132258,944.5364597088135,3594167
2023-01-12,946.8779907226562,949.3961441262328,937.4679468756938,937.4679468756938,4748542
2023-01-13,952.3118896484375,957.7899810835196,919.796467073749,922.3588419157109,8253765
2023-01-16,966.3607788085938,972.3248782400409,952.9747752597286,960.4409010345339,4508538
2023-01-17,981.6907348632812,984.2530022119668,967.5093897066951,970.0717649130733,4390338
2023-01-18,985.3133544921875,994.7675127231415,984.3855626161446,988.6708566206855,6905092
2023-01-19,990.885498046875,992.6240065007767,979.6071774903842,982.8167901618514,2298287
2023-01-20,987.6759033203125,999.8011674292862,987.0072294668731,990.5734900185498,4747128
2023-01-23,999.6229858398438,1001.1387121728012,987.988123800293,990.5290631767243,1696834
2023-01-24,1014.46728515625,1019.6829190080152,999.6227050907441,1003.8131261869719,4861107
2023-01-25,1001.0046997070312,1011.792615474445,995.6553091942349,1011.792615474445,2692236
2023-01-27,994.6301879882812,1011.302523746,985.1796179448615,1001.0049014005369,3864525
2023-01-30,1011.7036743164062,1016.3397701144692,985.8929036868698,994.6301778960882,3508427
2023-01-31,1000.5143432617188,1014.3336027478399,992.3119876163132,1012.8179855634608,4582858
2023-02-01,1009.3408813476562,1013.7095723355304,993.6047347333282,1013.7095723355304,2393911
2023-02-02,1024.943359375,1030.203615961437,1011.9265288760112,1014.4229550357715,3048359
2023-02-03,1021.8673095703125,1031.228742647953,1015.1359498715116,1028.8660734854425,1814055
2023-02-06,1021.466064453125,1025.1660812867478,1005.6854061349898,1012.1046311513365,2070175
2023-02-07,1005.908447265625,1027.9746861930118,1003.8132907907634,1023.3831035989682,1931191
2023-02-08,1020.842041015625,1024.4083014209198,1009.8757467358914,1010.9456901576581,2848255
2023-02-09,1022.0458374023438,1027.0832030032482,1014.6012890778615,1019.95068076017,1501083
2023-02-10,994.6746826171875,1007.4686207690763,980.7216662353841,1003.7240906678142,3185163
2023-02-13,992.3121337890625,999.6675471796823,985.17961171331,999.6675471796823,2009185
2023-02-14,1003.412109375,1018.5242062996964,996.7699915159801,999.4446873787242,3938046
2023-02-15,1010.05419921875,1011.569816468831,998.196338967039,1003.0108126344118,1648954
2023-02-16,1005.8192749023438,1027.216839122753,1002.1192576558367,1015.1360874565245,2369355
2023-02-17,989.2362060546875,1000.0686361115023,987.4530756639502,1000.0686361115023,1958807
2023-02-20,994.7191772460938,1011.6589148053044,987.4975214217886,989.2361387346252,1706036
2023-02-21,985.35791015625,1000.3808722862123,983.4856448231359,999.4446852028287,1313278
2023-02-22,974.1241455078125,985.6699805006647,971.8507194785565,976.2639238199004,2212194
2023-02-23,975.6843872070312,991.3759134806348,974.0350132990665,985.0013091561666,2139983
2023-02-24,976.130126953125,984.733752807305,964.6735360230911,978.0470138792336,1684570
2023-02-27,966.4120483398438,971.8060612960908,959.324148582196,971.8060612960908,1834553
2023-02-28,960.7506103515625,977.9578617542489,952.2807411931328,966.0108666482624,20793703
2023-03-01,981.7025146484375,984.2880757445696,960.5278391059253,960.5278391059253,1655100
2023-03-02,986.0263671875,995.878204959811,972.073460603892,972.073460603892,4074162
2023-03-03,997.661376953125,1007.2010802770427,990.5734777280643,994.0951164456965,3253621
2023-03-06,1004.5264282226562,1023.5168097772398,1001.4951937275089,1006.5770716363272,4091674
2023-03-08,999.1325073242188,1002.1192288106191,987.2301343359444,991.4204470083705,3209393
2023-03-09,995.5663452148438,1004.5265105604742,993.2482973617593,1000.2915756781221,1834324
2023-03-10,995.2545166015625,996.9038908530819,985.1797838755218,985.1797838755218,1193681
2023-03-13,979.4735107421875,1010.6782928628975,976.2638977765001,999.3999712725408,3028387
2023-03-14,966.501220703125,983.7529841660769,950.4084266065862,979.428915061282,3683544
2023-03-15,962.5784301757812,978.8494957557981,958.8784126744179,976.3085565963331,1528510
2023-03-16,956.1145629882812,969.62179782803,953.6627586350928,966.4120759714856,1812907
2023-03-17,988.25537109375,995.9674315961224,966.5012679699411,970.2011763657957,5350523
2023-03-20,972.5639038085938,988.1217822831767,968.4627255408117,985.1795735075691,2066169
2023-03-21,966.3674926757812,982.8614480331182,960.3048060920621,979.8301047412587,2421127
2023-03-22,964.1831665039062,985.848244947816,962.043497036457,973.5446013417558,1382329
2023-03-23,950.3193359375,963.2470308952597,945.9506448402188,960.2156875522297,2178855
2023-03-24,937.7036743164062,971.8060423150775,933.5133615206137,956.6494343156681,2688253
2023-03-27,937.48095703125,949.9628718181615,931.5075127738348,939.085818180174,1459887
2023-03-28,928.20849609375,948.4470911753513,926.6482570136848,942.2061348550907,2965015
2023-03-29,951.745849609375,953.9747626061182,929.100071795735,932.5771978373829,2478745
2023-03-31,967.5709838867188,977.9577386295141,953.4396994156143,965.9216102881452,3131614
2023-04-03,979.072265625,980.0529654976159,970.0228578225209,971.7613662860839,1540702
2023-04-05,990.707275390625,992.3121363953444,950.5423256462416,967.6603351395477,3342291
2023-04-06,973.4554443359375,988.7904311152329,967.7494052746565,988.7904311152329,2378264
2023-04-10,983.4854125976562,985.1794080071088,973.1432794929948,973.4553055025613,711625
2023-04-11,969.1314697265625,989.5483366236872,967.3483391474888,984.2880796486891,2318905
2023-04-12,975.8181762695312,978.4482502509138,962.9796147693328,973.5892631213596,2715967
2023-04-13,955.6239624023438,970.9143245417879,947.7336335977232,970.9143245417879,3071057
2023-04-17,929.189208984375,940.6012870910697,906.053135550995,940.6012870910697,9509446
2023-04-18,948.4915161132812,950.7650506667027,931.8638051220759,935.742200399516,3686404
2023-04-19,926.0687255859375,957.496398746098,924.0627038948634,957.496398746098,4322881
2023-04-20,924.9989013671875,933.6470403332595,919.9615361857844,927.22781438253,3057560
2023-04-21,935.2073364257812,957.5410897337576,925.2218490420921,939.7097845245629,7708194
2023-04-24,939.7543334960938,944.0784029075057,932.5771901721156,942.3844072771761,2033625
2023-04-25,939.2193603515625,943.9893214616577,931.1507602142273,936.5446646264164,1237595
2023-04-26,950.00732421875,951.3000502005616,934.3603117246379,940.6012680052413,1647101
2023-04-27,955.0892944335938,958.4326641924044,945.9507504261777,950.0074159336618,1654910
2023-04-28,964.9280395507812,969.1446912232464,955.5426604692359,961.1647889034497,2629188
2023-05-02,968.0565185546875,974.6308330491,964.8373271799821,964.9279852411844,1905168
2023-05-03,960.2579345703125,964.8373289522737,956.6761109442187,963.0237249504837,1649820
2023-05-04,967.3764038085938,968.4191375385461,950.6005670525699,957.6282824503637,1403672
2023-05-05,957.1749877929688,970.2328492988263,954.0464541747458,967.3765112779289,1641673
2023-05-08,975.4921264648438,977.0790297614401,956.6759873766304,959.3963930279383,1389075
2023-05-09,978.439208984375,981.7036735484785,966.6961691502734,971.1847940892175,2981949
2023-05-10,977.8045654296875,987.3259856950112,972.1823270473393,983.1093345816489,2091411
2023-05-11,986.6912231445312,990.7718320993833,979.3915335414571,981.2957955816677,2653108
2023-05-12,993.401611328125,1000.5653694134387,977.0337906157464,984.7869921518427,1585037
2023-05-15,997.2555541992188,1002.8776826301497,990.9533242309844,996.5300682819847,1523466
2023-05-16,989.0488891601562,1002.2882868084544,986.6912261178575,997.6635080908037,1166324
2023-05-17,974.4041137695312,991.9959836606477,963.6584217308837,988.8675611010423,3602382
2023-05-18,979.2554931640625,983.8801611839023,972.9985372814075,981.1143708312438,1515743
2023-05-19,993.2654418945312,1001.1093004909002,981.5676752120334,987.1445290518559,1984436
2023-05-22,1015.4819946289062,1017.3409826348503,987.4617962896992,993.2653500686466,1864932
2023-05-23,1004.1470336914062,1025.9102786816288,1001.1092695502388,1015.6180995437204,2138096
2023-05-24,1008.3184204101562,1011.0842107348985,995.6685770286265,996.6207633879251,1302744
2023-05-25,1011.9910278320312,1014.031332323628,1000.2479862578373,1005.8247299799862,1124803
2023-05-26,1033.0286865234375,1034.0715308535366,1010.1773227810515,1011.0841246866,1635167
2023-05-29,1021.2403564453125,1040.963299719793,1019.6081792801375,1039.1950801174528,1288914
2023-05-30,1029.9910888671875,1037.3815477314438,1022.9180992760936,1023.7795169482517,1983735
2023-05-31,1038.3790283203125,1045.8601453985475,1026.590601409154,1029.0390334145618,5967930
2023-06-01,1035.4774169921875,1047.49254570907,1031.6235077811118,1041.0088880740652,1445692
2023-06-02,1031.0791015625,1043.8196013086585,1026.1369649979783,1041.0085376749087,1336554
2023-06-05,1032.2125244140625,1041.4618584177465,1030.1268360144188,1037.3812503525487,1435758
2023-06-06,1023.4168701171875,1026.7721044416946,1009.9508805157022,1024.6864152482544,1943605
2023-06-07,1023.8250732421875,1028.1323837134532,1012.1725763597556,1028.1323837134532,2459039
2023-06-08,1021.7390747070312,1025.819683392349,1014.0766426753728,1023.8247634236316,1385218
2023-06-09,1006.3235473632812,1025.5930903968201,1002.8776553904293,1023.8701444103941,1824218
2023-06-12,1033.43701171875,1034.6157880055646,1007.9105110500597,1009.2253297874795,1670970
2023-06-13,1025.865234375,1038.2429941758346,1024.051630220315,1038.2429941758346,2014656
2023-06-14,1029.9910888671875,1032.3034783777741,1021.104495171668,1031.940735418167,836964
2023-06-15,1037.0186767578125,1040.1018254934609,1030.6257894950436,1033.7542119115478,2109652
2023-06-16,1041.18994140625,1046.6761374110758,1026.9078108762742,1042.8222291728284,2909817
2023-06-19,1031.5325927734375,1046.3587823774192,1029.6282201415163,1041.1899448949987,1278608
2023-06-20,1059.734130859375,1061.6383928333607,1026.9532179233663,1027.406618902582,3504867
2023-06-21,1061.3662109375,1066.1269207840364,1053.3864208489827,1065.4922037486,2019683
2023-06-22,1054.9735107421875,1061.3663986793445,1050.8475172012531,1061.0944244847296,972005
2023-06-23,1056.560302734375,1061.4570553500428,1043.7290331421702,1053.613196428804,1699790
2023-06-26,1058.6912841796875,1066.3537164344266,1054.6560597508317,1058.4645836905697,1190307
2023-06-27,1060.9583740234375,1064.9935987754,1052.071669861012,1058.237967936198,1504039
2023-06-28,1061.18505859375,1064.5401817735153,1057.7845510357697,1064.0867807657844,1424076
2023-06-30,1077.235595703125,1082.7217931199177,1056.424530137943,1061.2758996183068,3036648
2023-07-03,1071.4774169921875,1083.6285881528777,1065.0391437536023,1079.094577323786,1749952
2023-07-04,1079.638427734375,1081.814774650263,1068.7115301651754,1071.8399527549125,1094468
2023-07-05,1083.447265625,1090.5202560606097,1076.9182236533336,1082.7217796191628,1653610
2023-07-06,1070.6158447265625,1086.3488378945779,1065.4470067110663,1083.4471156601157,2334220
2023-07-07,1049.7138671875,1072.7012734302773,1046.2680863512023,1068.3486906854396,2159585
2023-07-10,1019.6990356445312,1053.6134587909087,1015.6184258976213,1051.890512536822,3960400
2023-07-11,1010.99365234375,1026.273245120226,1008.3639041958835,1026.273245120226,4982603
2023-07-12,1007.0488891601562,1019.6987313228748,999.7037052529357,1015.3460379477508,3824027
2023-07-13,1005.4619750976562,1019.6080623752403,985.7390340845432,997.4820742264092,12294227
2023-07-14,1043.68359375,1049.260447526816,1007.955687745351,1010.3586242052689,6605038
2023-07-17,1046.2227783203125,1062.7719143587487,1037.0641005144735,1044.5904904883964,3159479
2023-07-18,1058.419189453125,1060.9582791850237,1039.5577753504383,1050.9380733819485,2431478
2023-07-19,1060.0968017578125,1065.401570715506,1049.1697946236645,1056.4242097982449,2242397
2023-07-20,1057.1243896484375,1063.5267693118074,1049.9902647926547,1060.965772787003,1990001
2023-07-21,1020.21923828125,1042.5819046410084,1001.515186534652,1015.234572651565,5259150
2023-07-24,1017.886962890625,1031.4233562485504,1016.1491517325505,1024.3807830247135,2672505
2023-07-25,1016.6524047851562,1023.4663226851229,1010.7530010834303,1023.0090097616711,2506726
2023-07-26,1019.8076171875,1025.1581550017602,1015.3259290961407,1015.4173693329765,1969964
2023-07-27,1021.9569702148438,1026.85019522043,1014.274092255837,1019.8076222197144,1769815
2023-07-28,1009.3353271484375,1023.0089379402102,1003.7560205550965,1018.938897866696,2031899
2023-07-31,1021.362548828125,1023.9235456338791,1002.4298401203498,1013.4053493187478,2526624
2023-08-01,1041.301513671875,1044.502704095987,1016.9724887783557,1024.380935715854,2710536
2023-08-02,1034.3502197265625,1039.9294141305154,1025.7527158727994,1039.9294141305154,2701150
2023-08-03,1029.4112548828125,1038.603288090981,1019.8534607030667,1029.8685677459323,1608187
2023-08-04,1046.65185546875,1053.9688607751577,1029.868496876905,1033.9385364191382,3315303
2023-08-07,1052.55126953125,1057.0786219547924,1045.554360800523,1055.9811158062494,1655404
2023-08-08,1043.9080810546875,1058.130556175994,1039.9294813581137,1056.3013046696472,1667697
2023-08-09,1046.468994140625,1048.1610293189592,1028.9538900382454,1043.5421249753306,1559337
2023-08-10,1037.4598388671875,1047.0634074462064,1032.2921820163704,1042.6731600077742,1676669
2023-08-11,1071.438232421875,1085.6149307826763,1055.75249097384,1060.965812808354,7391806
2023-08-14,1071.02685546875,1076.514610492501,1055.4782162347885,1070.7067587554302,1720940
2023-08-16,1076.6517333984375,1084.9748054668087,1070.203577144843,1075.3712350074607,2567226
2023-08-17,1076.239990234375,1080.1271493643985,1064.5785128443042,1076.3772064157513,2331256
2023-08-18,1073.495849609375,1077.2915675693405,1059.7308035298333,1072.8556564516716,3406088
2023-08-21,1078.572265625,1087.3984252142407,1069.1515770512465,1072.8100795422365,1661946
2023-08-22,1078.8009033203125,1085.6605953719466,1075.736929866976,1081.087467337524,1805887
2023-08-23,1081.5447998046875,1092.977620098606,1078.0235134838877,1091.102592910949,2347850
2023-08-24,1071.255126953125,1087.4897297308564,1069.1972195587648,1087.4439537959777,2464221
2023-08-25,1055.43212890625,1070.8436590367844,1051.819402574251,1065.538786086089,2105159
2023-08-28,1048.5726318359375,1060.6914228547905,1042.033147133363,1056.3927265490722,2571967
2023-08-29,1058.7249755859375,1063.9840731219638,1050.2646882453735,1055.3865696029059,1794652
2023-08-30,1070.5692138671875,1074.822245034574,1062.4748000220095,1066.4533988629992,1497356
2023-08-31,1072.07861328125,1086.6668495804347,1066.3622022472978,1078.8010903274471,4483967
2023-09-01,1084.5631103515625,1086.575242066305,1071.1180466802475,1072.855857696781,1669640
2023-09-04,1127.2762451171875,1129.562809508906,1083.8315216745373,1084.7461474312247,4517935
2023-09-05,1130.06591796875,1135.6907771511842,1120.59945190364,1131.1634242363825,2842400
2023-09-06,1130.3402099609375,1136.3310532784096,1118.312859027718,1133.9987129581966,1767709
2023-09-07,1146.940673828125,1149.6845510382402,1125.2640885276753,1132.3066620408442,2582004
2023-09-08,1154.303466796875,1161.1631598882982,1147.215117269071,1151.5138136135695,2280777
2023-09-11,1172.1385498046875,1174.653770349457,1161.940451447985,1167.5654215414702,2691836
2023-09-12,1172.9161376953125,1181.4678665186289,1157.4589394846716,1175.2941424241826,2140769
2023-09-13,1166.37646484375,1172.9160611579007,1158.0076170654256,1172.5501885353362,2275523
2023-09-14,1174.013671875,1180.5074928210968,1166.6966653670243,1171.4984508878833,2655172
2023-09-15,1193.220703125,1198.1597043888517,1180.827591492457,1183.5256927321939,4286280
2023-09-18,1193.586669921875,1199.3488571257883,1179.592850511604,1190.8427925197557,2761885
2023-09-20,1182.976806640625,1192.671815943568,1172.0927393647871,1172.0927393647871,2220756
2023-09-21,1168.8914794921875,1175.2938584878411,1151.788025977536,1174.3792329170335,3112700
2023-09-22,1164.9586181640625,1174.013434214409,1157.0928600900195,1163.8153361286306,1321467
2023-09-25,1155.583740234375,1170.7208394982813,1149.3185768214753,1161.574582939701,1246703
2023-09-26,1153.754638671875,1160.6143319811501,1149.7760388822262,1156.0869790564902,903152
2023-09-27,1153.434326171875,1159.425168533878,1146.3003134542018,1151.0563219326507,1670373
2023-09-28,1135.8736572265625,1157.9161138412044,1132.8096835204553,1153.4344256680145,1807072
2023-09-29,1129.3800048828125,1143.0078402539787,1122.474535296489,1129.6543256390548,2338327
2023-10-03,1132.946533203125,1149.409791781898,1118.312525577549,1127.2758999076614,2162636
2023-10-04,1133.7244873046875,1138.5262728913015,1120.4166368766073,1128.6482693108028,2253785
2023-10-05,1129.9742431640625,1146.8948181162946,1122.9774460838098,1142.367465693938,2995200
2023-10-06,1132.0321044921875,1148.7697982826717,1125.0809719915421,1145.1112957403702,2497711
2023-10-09,1142.9161376953125,1158.510548974826,1126.0413398832056,1130.47725175332,3430211
2023-10-10,1154.074951171875,1156.7730527909096,1141.635950196129,1148.358539564883,1532394
2023-10-11,1139.2578125,1165.6447430723554,1135.0505563774047,1157.9162001400439,2186131
2023-10-12,1119.273193359375,1141.955955236657,1111.4074347184066,1138.708989362551,3921609
2023-10-13,1148.6783447265625,1158.373354021492,1105.3708437140729,1107.6116318357892,5740821
2023-10-16,1162.1690673828125,1170.0806013323477,1152.7027145373934,1155.1721590540644,2527113
2023-10-17,1168.1141357421875,1169.806170813559,1162.4891658358354,1169.7147305810645,1687345
2023-10-18,1161.0716552734375,1172.0929406152356,1159.1967394079593,1168.8917503755529,1743126
2023-10-19,1159.15087890625,1165.9191315347496,1156.9100905613864,1158.6479017516108,2279726
2023-10-20,1162.1519775390625,1164.6912418011204,1150.0096549791283,1156.0577658533075,1625449
2023-10-23,1141.8839111328125,1163.9062318095102,1137.8672798811729,1152.364123203704,1646367
2023-10-25,1134.8203125,1156.888850477481,1131.4038928538632,1136.8516788762017,1420065
2023-10-26,1137.405517578125,1143.314986606534,1119.1689872308996,1121.89287958881,4617424
2023-10-27,1171.477783203125,1172.6782075570638,1138.9290376784113,1142.2070415339276,2675348
2023-10-30,1167.830322265625,1177.1102208714638,1159.7508478083614,1172.678006939983,1158770
2023-10-31,1178.2183837890625,1181.7733305073154,1160.3973239635739,1174.52490923173,2525870
2023-11-01,1162.4749755859375,1187.4059303960191,1159.1047700158174,1181.9119317371965,1572719
2023-11-02,1175.8177490234375,1177.295116430286,1168.0614292425976,1168.9847979613664,1368604
2023-11-03,1169.215576171875,1188.6525317249034,1166.2146280000616,1184.312631354586,2052536
2023-11-06,1172.4012451171875,1181.4503038634673,1168.1999849760589,1178.4493554558424,1175823
2023-11-07,1176.3255615234375,1179.7881942992817,1170.0005081960774,1171.7549313456873,1385282
2023-11-08,1170.50830078125,1182.650621165972,1168.8924056312349,1181.9118811538906,937671
2023-11-09,1170.3697509765625,1178.0337557734588,1165.1065948159267,1170.5082788157158,1483749
2023-11-10,1159.2432861328125,1173.601715703195,1154.8111836322473,1165.5684524287287,1469902
2023-11-13,1164.3677978515625,1166.7685336544696,1157.2579047591273,1163.4444292569142,730991
2023-11-15,1178.8187255859375,1184.682094547335,1171.2009334736886,1177.2951446203056,2410620
2023-11-16,1210.58251953125,1216.9536730743832,1180.065140414606,1185.420723696901,3936945
2023-11-17,1208.828125,1224.1560224818609,1206.2888611404298,1212.752441873881,2882039
2023-11-20,1223.8328857421875,1229.6500408666463,1213.3064601203369,1214.183615290531,2831858
2023-11-21,1224.9407958984375,1233.6204835202775,1220.508694126106,1233.2511135269424,1514256
2023-11-22,1227.8033447265625,1233.3897705817974,1219.216083240322,1224.940924231149,1535630
2023-11-23,1227.15673828125,1232.9277914146269,1224.1095771404744,1231.7273672765318,1307344
2023-11-24,1208.828125,1230.5272888908721,1205.5963346332744,1227.0646563550947,1795933
2023-11-28,1215.7532958984375,1218.7542438636558,1196.0393987316443,1208.8280313633186,2152951
2023-11-29,1231.7275390625,1236.2059670913009,1220.2316447038622,1222.5400662791626,1835524
2023-11-30,1238.14501953125,1243.5929169959222,1227.803223237183,1234.5438593281008,4104385
2023-12-01,1234.2667236328125,1245.6242021412122,1226.233462152357,1242.8540964285187,1854324
2023-12-04,1235.421142578125,1246.5477808192081,1229.003775015086,1246.5477808192081,1547057
2023-12-05,1216.5843505859375,1243.7775109164236,1208.043190989815,1243.7775109164236,3932040
2023-12-06,1227.6649169921875,1237.2678614310373,1218.4312298656723,1223.4635442632602,2077245
2023-12-07,1226.2335205078125,1234.5438380413746,1223.7865711353068,1229.0036263523332,1985003
2023-12-08,1259.5672607421875,1264.9689452638977,1227.1570408960163,1230.8505158121818,4509751
2023-12-11,1269.90869140625,1277.018583480274,1261.3675331291765,1265.1071077723152,2824656
2023-12-12,1269.90869140625,1280.7120573298191,1265.0147934692518,1271.478372705956,2730422
2023-12-13,1264.2763671875,1276.834271563353,1253.057527759634,1273.6485819484576,1896931
2023-12-14,1306.197265625,1310.490952377131,1276.0954702731688,1284.405788096945,5145574
2023-12-15,1377.019775390625,1382.282931848375,1313.030279952164,1313.030279952164,7374290
2023-12-18,1389.0235595703125,1394.1944016692312,1367.509024098073,1375.6808144267816,3075527
2023-12-19,1374.2496337890625,1389.3466889689817,1364.4618357346983,1386.438055121351,2590417
2023-12-20,1329.604736328125,1387.8693924283168,1325.0341062743778,1371.202542033067,4368383
2023-12-21,1313.076416015625,1336.1606319526395,1311.2757795429989,1312.2453616987127,2841508
2023-12-22,1350.6114501953125,1354.90513750438,1313.9537552374566,1321.3407053723124,2303438
2023-12-26,1346.409912109375,1354.9048579251955,1331.6360148881981,1350.6111715021127,1363265
2023-12-27,1359.244873046875,1362.8921341460684,1345.8560275556026,1353.1505497539895,1402329
2023-12-28,1359.6141357421875,1369.078664489169,1355.9206611092193,1357.9059262676199,1928616
2023-12-29,1353.750732421875,1368.2937884144399,1345.8559982268782,1360.9991536591167,1481617
2024-01-01,1370.048095703125,1381.1285183810946,1343.5474632180028,1348.11809248631,1222315
2024-01-02,1356.9364013671875,1374.7112473121408,1349.36471104941,1370.3252463646847,1440888
2024-01-03,1327.5732421875,1352.7350372489568,1325.495662778756,1348.1181941184143,1651716
2024-01-04,1311.1370849609375,1334.0828828569272,1308.5517207343232,1326.880563314171,3392241
2024-01-05,1323.00244140625,1328.5887532419185,1312.937702140651,1315.8001219680718,1776925
2024-01-08,1336.945556640625,1341.285344422733,1320.925132318283,1325.0340779265364,2025264
2024-01-09,1348.487548828125,1367.4627062500501,1341.054386385841,1348.6721774648954,3119270
2024-01-10,1377.7584228515625,1392.4400078113222,1353.7047357042595,1361.8765262042682,4368914
2024-01-11,1371.0177001953125,1385.0528573972485,1361.0452745356963,1385.0528573972485,2271368
2024-01-12,1422.726318359375,1435.8381067883863,1383.667783294146,1389.669678917377,5862043
2024-01-15,1466.4940185546875,1495.4878161881131,1454.7672819962654,1486.6234998501982,9712071
2024-01-16,1436.25390625,1465.3862359901073,1420.1411663218555,1465.3862359901073,4459799
2024-01-17,1455.13671875,1463.5393511566779,1400.3348103839382,1403.520387229117,3846289
2024-01-18,1447.4266357421875,1462.800634264829,1419.2638906846119,1456.1524247802222,3205598
2024-01-19,1458.9647216796875,1479.4821134035146,1449.7529427853356,1460.8722754990679,2374099
2024-01-23,1417.743896484375,1458.918159874394,1411.6026731365087,1450.5437334221867,3196630
2024-01-24,1466.827392578125,1471.2936853602157,1417.7904033461268,1423.7455739743466,2136023
2024-01-25,1442.494873046875,1460.872085588514,1429.9332340943624,1460.872085588514,2641656
2024-01-29,1465.1058349609375,1478.179175937914,1442.4948399313296,1456.2195932865866,2521598
2024-01-30,1450.916015625,1481.7617301897492,1446.914855157273,1470.1771518639816,1939386
2024-01-31,1466.454833984375,1471.386485141962,1438.865733965494,1450.9156689315203,7025931
2024-02-01,1467.7576904296875,1485.9953057797823,1457.4757112892796,1466.454979279234,2845408
2024-02-02,1473.6666259765625,1501.7209809892745,1465.5248214131561,1474.6436879583487,2337374
2024-02-05,1447.240478515625,1478.0863061099828,1443.6115375776833,1474.7830146029803,1452864
2024-02-06,1510.8861083984375,1513.9102068448085,1449.7528406244319,1457.150205235999,4988311
2024-02-07,1503.06982421875,1516.6085246025668,1487.8097368161505,1514.8405675621611,3320199
2024-02-08,1520.2374267578125,1533.1711708756463,1504.884313285025,1512.979545863783,3496692
2024-02-09,1517.260009765625,1532.2874760768461,1502.4187099783462,1526.0066559988022,3341297
2024-02-12,1551.083251953125,1567.8786742839268,1525.076051721873,1525.076051721873,4885445
2024-02-13,1549.8272705078125,1558.5739169979029,1534.0089083651471,1558.5739169979029,3129897
2024-02-14,1555.317138671875,1560.3418174157805,1512.4679432312173,1535.078940786076,1386643
2024-02-15,1546.9892578125,1578.5794104236463,1535.404566224888,1561.3653113415141,2555162
2024-02-16,1551.548583984375,1560.4348265524625,1535.3581167239104,1558.573842859496,1776881
2024-02-19,1558.8065185546875,1565.9712605808159,1544.2908679755778,1553.9214361953905,762624
2024-02-20,1547.454345703125,1556.4800702173109,1530.6589242310424,1545.546792187089,2240414
2024-02-21,1522.5638427734375,1549.0828602055522,1518.6092524546134,1540.4758106881116,2890991
2024-02-22,1569.181396484375,1573.8338554910379,1525.076062384125,1529.7285213907878,3820901
2024-02-23,1549.966796875,1579.3703165749932,1547.8266201889517,1579.0446671450547,2191549
2024-02-26,1535.125244140625,1552.8510427825395,1525.5411342461155,1549.9665412445665,1844253
2024-02-27,1543.4998779296875,1557.0850357976242,1533.450520829884,1534.3810126507758,2049420
2024-02-28,1537.0794677734375,1555.7823307308072,1529.9146125727627,1548.9896949770578,936575
2024-02-29,1548.19873046875,1561.1325889698794,1522.889399404644,1528.0071042112806,3532888
2024-03-01,1529.821533203125,1562.4817724000354,1525.1690742410174,1558.9924281784547,2371138
2024-03-04,1524.0989990234375,1539.0334378539533,1521.354093646441,1534.3809788519764,1788071
2024-03-05,1506.7919921875,1516.655183326583,1495.3470102981103,1511.1188021150763,3339546
2024-03-06,1529.91455078125,1535.311448580125,1492.3692298921478,1500.8832524604495,2366177
2024-03-07,1523.820068359375,1539.5454040379343,1516.7948091465548,1535.3116204987482,3181239
2024-03-11,1524.7503662109375,1544.4302899226789,1518.6091432275614,1539.9638839790846,2970902
2024-03-12,1521.912353515625,1549.2688349397542,1519.53966759535,1522.1915464876215,2414182
2024-03-13,1518.09765625,1536.4748727445985,1498.4177282741382,1524.843723064473,2564135
2024-03-14,1562.528564453125,1566.0179091705281,1498.091998671747,1520.423804863127,3513306
2024-03-15,1532.79931640625,1560.4348797548546,1528.6585593969637,1560.4348797548546,3931561
2024-03-18,1529.170166015625,1547.6869745740382,1520.6561437785329,1535.2183623959586,1183544
2024-03-19,1487.9959716796875,1527.448846371893,1483.2969426965944,1527.448846371893,1915379
2024-03-20,1476.7835693359375,1506.5593080705457,1468.409142816829,1493.2067729488308,1815178
2024-03-21,1484.87890625,1507.3501930534849,1473.2942148269315,1496.2308611303752,2684744
2024-03-22,1449.566650390625,1462.2213163497697,1403.367709087156,1451.5672305087319,7468824
2024-03-26,1453.6610107421875,1481.8549615215313,1447.426760274957,1453.6610107421875,4496344
2024-03-27,1438.726318359375,1467.2459136092957,1432.957314863573,1459.9415759876272,2589697
2024-03-28,1436.2606201171875,1452.5442261273283,1424.582902944318,1441.3317548404627,5301493
2024-04-01,1448.49658203125,1459.9416769404804,1440.4013485684281,1441.3318403956687,1014857
2024-04-02,1422.0706787109375,1456.2196827050582,1419.0930367675694,1450.6367318448472,2031775
2024-04-03,1429.095703125,1450.1247935400786,1412.4864484346012,1419.3255399441282,3343884
2024-04-04,1432.6317138671875,1444.588510707326,1413.1378426245844,1433.7018021477593,3388449
2024-04-05,1437.842529296875,1440.1221888921655,1417.8835245751386,1435.2371066861738,2773570
2024-04-08,1433.0037841796875,1445.984097925744,1430.7705813885884,1445.984097925744,1820136
2024-04-09,1433.4227294921875,1453.2422518093103,1427.8863482853492,1432.957483555968,2432095
2024-04-10,1432.166748046875,1444.2631437388395,1429.4217285655077,1433.9347055189437,1829986
2024-04-12,1415.7432861328125,1435.702289983919,1410.8116341153336,1430.1659091594695,4319991
2024-04-15,1400.4366455078125,1424.1176149714058,1390.154666296818,1402.3440854328057,3295684
2024-04-16,1374.6156005859375,1397.2264834874047,1365.3106824572449,1383.0364833411486,2446933
2024-04-18,1364.891845703125,1377.965300655175,1351.1670919388014,1374.3829300168259,5180223
2024-04-19,1346.88671875,1354.330652256045,1335.255572646805,1341.7690144645942,5219506
2024-04-22,1364.0079345703125,1370.8935965177088,1349.6783383198765,1351.2601289251031,1939632
2024-04-23,1383.3155517578125,1397.0867611969861,1368.8463599364106,1372.3822739410912,2783858
2024-04-24,1376.43017578125,1392.8998373684215,1373.6852700452014,1386.4329639439327,1321471
2024-04-25,1399.599365234375,1409.741749307336,1377.081393889339,1377.081393889339,4558032
2024-04-26,1371.4052734375,1425.0015767091554,1363.1238739617388,1411.4164195749272,4328477
2024-04-29,1290.9644775390625,1336.1863609084303,1285.0093066953639,1316.6460311179867,11493223
2024-04-30,1271.610107421875,1300.7345470265054,1267.7485436246807,1280.7289727560621,7606726
2024-05-02,1266.1202392578125,1282.1247675374639,1263.6079566485755,1263.6079566485755,6555505
2024-05-03,1254.3497314453125,1274.7739845222764,1240.8575980324856,1274.7739845222764,5964228
2024-05-06,1264.352294921875,1270.1212986095952,1254.7681840110176,1263.6078560526228,2504082
2024-05-07,1255.0635986328125,1271.9902182245007,1250.5373477812836,1271.0943150079638,5096525
2024-05-08,1238.750244140625,1257.939934512366,1232.7623221970498,1255.06378891783,6832455
2024-05-09,1244.785400390625,1262.6548914586388,1239.551795983854,1240.0232877282374,5653762
2024-05-10,1241.15478515625,1247.4728434102672,1229.273216571314,1244.8324436757098,3357203
2024-05-13,1238.04296875,1246.5298196232968,1227.434405158379,1241.1547450040396,2316566
2024-05-14,1245.7283935546875,1251.2919040933905,1234.082455289736,1246.6241818318576,3200462
2024-05-15,1256.9027099609375,1263.880810770787,1243.0879788860216,1244.0309623708583,2975965
2024-05-16,1271.2830810546875,1280.3828937959988,1252.7534344074113,1268.312660352253,5055915
2024-05-17,1257.1854248046875,1273.970575395085,1254.3564746002573,1273.970575395085,2487831
2024-05-21,1265.3895263671875,1272.886198820423,1239.080264844997,1239.080264844997,4966721
2024-05-22,1266.4739990234375,1275.762363207252,1263.5978533876566,1272.0375094240042,2390777
2024-05-23,1276.375244140625,1280.995770774039,1261.7118060309072,1269.868635571773,3326149
2024-05-24,1268.5013427734375,1282.4575444483144,1264.3993876202378,1282.4575444483144,1769966
2024-05-27,1276.1395263671875,1282.0802529309858,1261.711833793153,1273.9706184264196,1942325
2024-05-28,1280.9486083984375,1285.5692498453625,1268.878375448544,1280.4299215107205,2147233
2024-05-29,1275.9510498046875,1288.6813280421875,1270.1516778077666,1288.1155609203583,3845920
2024-05-30,1255.91259765625,1274.489442355841,1249.5474587970853,1269.2558376941877,4150461
2024-05-31,1248.604248046875,1264.446414590915,1240.730359987119,1255.912369110831,10319045
2024-06-03,1239.5045166015625,1277.50679466258,1235.166815869828,1273.5463103227967,5384064
2024-06-04,1229.22607421875,1249.4530223860959,1164.5845152051536,1249.4530223860959,5447244
2024-06-05,1267.0867919921875,1279.534242365255,1241.0604722816386,1244.738130689824,3005139
2024-06-06,1317.8193359375,1319.9882438582897,1273.876331371229,1276.7995569655636,5936709
2024-06-07,1349.880859375,1356.623214317792,1318.2909126135173,1326.7777639822739,5884025
2024-06-10,1337.8577880859375,1359.7821535999449,1317.8193894978663,1357.8961866740087,3293739
2024-06-11,1347.334716796875,1355.9629227471385,1334.6987163195515,1343.7513338624642,2269082
2024-06-12,1356.7174072265625,1388.0716062119895,1352.7097276569966,1388.0716062119895,5990861
2024-06-13,1361.8095703125,1374.5869269748102,1355.161490955782,1365.20428770539,4232861
2024-06-14,1349.45654296875,1363.5540998239212,1343.185679861057,1361.809603423659,3065114
2024-06-18,1355.255615234375,1357.660268804409,1345.684426386065,1349.4563597600659,2223029
2024-06-19,1363.41259765625,1369.117693570754,1348.7492740803432,1357.9433627144433,3117522
2024-06-20,1361.1495361328125,1366.3359455699065,1348.0421570982112,1366.3359455699065,3163919
2024-06-21,1365.2984619140625,1397.4541721076869,1357.1416326657427,1378.6416997455565,6489262
2024-06-24,1358.6976318359375,1361.6208574032971,1345.260118158784,1355.8686815881156,1988692
2024-06-25,1365.3929443359375,1367.420381929851,1345.1187986173898,1358.7920596833872,2079037
2024-06-26,1361.38525390625,1370.4379877341275,1356.1988445762458,1365.3929338430714,1917424
2024-06-27,1371.9466552734375,1377.2745348301157,1342.3369516872913,1353.1812614480245,6613193
2024-06-28,1376.378662109375,1384.959788741124,1359.7821759108838,1384.299746350331,4943575
2024-07-01,1385.101318359375,1394.2954076662948,1372.0410196480143,1381.4708548345986,3723295
2024-07-02,1396.3699951171875,1407.355660664492,1389.014677866447,1390.9006448425048,3811366
2024-07-03,1396.5584716796875,1404.1023391836966,1387.3171879431632,1404.1023391836966,2070876
2024-07-04,1435.55078125,1447.0552479987766,1400.330373661775,1400.330373661775,6822557
2024-07-05,1432.76904296875,1442.057406708886,1419.7087455180792,1436.1637602861751,3061687
2024-07-08,1445.970947265625,1452.1946154526493,1420.321726549896,1440.8788132543168,2939620
2024-07-09,1443.802001953125,1458.1354201014115,1438.049825672493,1445.9709100294026,2658608
2024-07-10,1423.85791015625,1445.216509758949,1403.0179975300896,1443.802034488708,3507096
2024-07-11,1425.6966552734375,1446.536565826853,1422.066192129631,1428.6198808524657,3304053
2024-07-12,1471.24267578125,1476.7120256239693,1424.3764461717788,1442.764622736062,6430647
2024-07-15,1480.10693359375,1543.0982797792644,1478.032415860756,1489.9139853803376,10337489
2024-07-16,1480.0596923828125,1492.7427735046106,1466.339237397138,1475.7690717212354,3540650
2024-07-18,1503.6343994140625,1508.0663758595754,1468.2253226283312,1469.2155013563013,4399468
2024-07-19,1503.6343994140625,1524.2856461604858,1498.0235784727183,1518.6749403294332,5633838
2024-07-22,1487.17919921875,1503.5871345272762,1481.3327477814792,1498.0235090632552,2704495
2024-07-23,1518.773681640625,1521.1017742456015,1473.8760950334038,1495.6360067675382,2907674
2024-07-24,1504.8531494140625,1518.4412495461963,1498.344209809512,1514.6403953545912,2484299
2024-07-25,1508.55908203125,1514.640472245112,1485.0412955268168,1491.8353459377827,2934731
2024-07-26,1553.9315185546875,1558.3500342283564,1514.640216195122,1523.0021408247073,2814159
2024-07-29,1551.0809326171875,1563.1011561962341,1539.3458194759266,1558.5400851487932,1639491
2024-07-30,1549.085693359375,1551.6987807120745,1537.4455769700774,1547.897926380875,1783877
2024-07-31,1560.8206787109375,1563.1012143194587,1538.5856595153593,1540.296090219965,1984986
2024-08-01,1558.8729248046875,1573.0785713350297,1554.644404805801,1558.3978180178149,1785188
2024-08-02,1529.1787109375,1557.400006948139,1521.4344473138951,1539.3935065901494,1692851
2024-08-05,1484.61376953125,1516.2558131926169,1460.478320605045,1496.5864378353583,3279717
2024-08-06,1503.950439453125,1525.0926901420096,1485.1837225495083,1485.1837225495083,2138704
2024-08-07,1515.21044921875,1534.594828141211,1510.8394902442883,1525.092692982442,1897787
2024-08-08,1480.2901611328125,1522.242112718734,1477.1545260019577,1517.4910449511974,2373805
2024-08-09,1510.7919921875,1522.2421118982377,1497.3940042888414,1505.9934833405937,2021762
2024-08-12,1506.325927734375,1520.8166833867638,1495.4934708022147,1510.839441790037,1273739
2024-08-13,1513.3575439453125,1528.3234064711412,1499.1043415397614,1499.436893063986,1973825
2024-08-14,1545.1898193359375,1548.610564987774,1518.6788375466851,1520.4367094517945,3932148
2024-08-16,1585.19384765625,1590.6575758888432,1551.413707577591,1553.599245267777,3101056
2024-08-19,1594.9334716796875,1601.1098598631359,1576.4518642048238,1582.1055885294488,1631947
2024-08-20,1602.7728271484375,1610.6596466093677,1586.0965316826914,1596.3588851989773,2786109
2024-08-21,1593.74560546875,1604.7680589572774,1590.41985819247,1602.05997365945,1410370
2024-08-22,1592.7005615234375,1603.0103559669744,1589.7073654610244,1603.0103559669744,1749127
2024-08-23,1578.7322998046875,1602.0125324219466,1574.6464510226854,1592.605510811716,2158185
2024-08-26,1633.8447265625,1647.6703808264447,1584.1010678485804,1587.8069240836155,2672708
2024-08-27,1626.3853759765625,1669.3825361265244,1620.2089883307117,1639.9259181232355,3556487
2024-08-28,1633.8447265625,1651.2336818230417,1608.759180340754,1627.2883455230583,2516461
2024-08-29,1664.631591796875,1668.5750012455442,1612.7499549339407,1628.6660319674618,5112407
2024-08-30,1665.9620361328125,1678.3623703220815,1655.462129191378,1664.6317138607537,4792561
2024-09-02,1716.703125,1721.7867436770769,1672.3756450726576,1676.3664951012586,4445349
2024-09-03,1701.309814453125,1726.6805859867384,1698.079181157948,1716.085681641816,2553290
2024-09-04,1696.36865234375,1706.250895950878,1677.1268289520901,1677.2218271036006,2644961
2024-09-05,1701.4049072265625,1708.1988412703545,1679.312442333494,1702.7826704679092,2878565
2024-09-06,1668.6700439453125,1706.3460355752143,1653.4191855883776,1698.9818803332773,3351716
2024-09-09,1659.785400390625,1678.3621203687821,1654.4642280877295,1670.8078535879497,1418238
2024-09-10,1690.52490234375,1700.2171501422297,1660.1656258410717,1662.3510474087204,2307528
2024-09-11,1690.1923828125,1707.3912251818288,1685.3937579005517,1689.669718953345,2303930
2024-09-12,1717.60595703125,1723.8773431430982,1688.6244443088503,1710.3843573875197,3349489
2024-09-13,1722.5472412109375,1729.3887326572687,1706.2510549546316,1715.135528816687,1599349
2024-09-16,1721.6444091796875,1733.4270804790917,1718.1761064998213,1728.438459307369,836199
2024-09-17,1723.4498291015625,1736.9903722109752,1717.2258839418441,1721.7393983116485,830317
2024-09-18,1669.050048828125,1718.0810432894054,1653.4665238927003,1718.0810432894054,2629136
2024-09-19,1650.0457763671875,1687.5792103818744,1635.7925735768001,1687.5792103818744,4167373
2024-09-20,1672.4232177734375,1678.1719395113967,1635.6974449804272,1660.973099381135,4644317
2024-09-23,1665.5341796875,1676.1765239184124,1646.2448002770122,1676.1765239184124,1541597
2024-09-24,1687.1990966796875,1694.7058066585246,1651.803643190464,1662.8736538561357,1907389
2024-09-25,1693.66064453125,1695.2285200778922,1667.624770219282,1690.2398989703988,2240579
2024-09-26,1695.0384521484375,1718.3662416684754,1690.3349413782398,1693.518133636354,4303250
2024-09-27,1718.3662109375,1737.5130372122394,1707.1062035428931,1719.8865294223942,4099016
2024-09-30,1706.678466796875,1730.0536960084626,1700.0745292813926,1717.9860307954837,2117894
2024-10-01,1726.0628662109375,1731.7165902811503,1700.882207826908,1700.882207826908,1642542
2024-10-03,1690.00244140625,1719.2215095496983,1681.878068744826,1689.479777530113,3552386
2024-10-04,1688.1492919921875,1717.8910211347275,1679.2648189073902,1689.4796140994993,2982759
2024-10-07,1688.48193359375,1714.375253020156,1679.8825704992319,1696.0836420492085,3419048
2024-10-08,1700.3594970703125,1704.6830148820118,1656.2221264990783,1685.6787449279202,2353030
2024-10-09,1719.6011962890625,1734.139508151804,1701.024593345393,1703.7802354884236,2499596
2024-10-10,1718.603759765625,1748.3453742738227,1707.5337487136774,1729.388660355533,3753869
2024-10-11,1748.0604248046875,1760.5557565027693,1711.002095414511,1714.185287689196,2977110
2024-10-14,1763.501220703125,1772.6232469124118,1741.1712039234726,1754.141641123842,1751092
2024-10-15,1776.9945068359375,1789.0147325931655,1738.8434059512033,1738.8909630304038,5696544
2024-10-16,1772.3857421875,1791.1524589322812,1761.7433973167174,1775.9490428352433,2144442
2024-10-17,1774.808837890625,1783.5983128458208,1759.2727542295856,1776.8042630602597,2399099
2024-10-18,1765.211669921875,1780.605199066697,1751.2435770985392,1774.048702356469,2366406
2024-10-21,1751.8138427734375,1794.4784583901856,1748.3930968694422,1781.935684744577,1284980
2024-10-22,1743.3492431640625,1771.3250848113257,1740.2408163143666,1750.0921850314505,2089660
2024-10-23,1765.347412109375,1783.7588641928671,1715.3734707398967,1715.3734707398967,2522186
2024-10-24,1764.534423828125,1781.7980786008827,1757.6479926276274,1764.6300443824068,1621637
2024-10-25,1771.6597900390625,1790.0234892197363,1760.039032630313,1778.9765718707056,4078295
2024-10-28,1790.2147216796875,1795.0447853940248,1764.7255986455334,1764.7255986455334,2418907
2024-10-29,1790.2147216796875,1794.183966932197,1770.5598532713286,1790.2147216796875,1719955
2024-10-30,1758.7000732421875,1788.0148350789473,1755.352536754862,1779.9329722606706,1732047
2024-10-31,1689.119140625,1763.577893335124,1680.032970135899,1759.8477578890368,3616088
2024-11-01,1680.845947265625,1703.7048630604625,1674.724714222872,1699.592128597398,242223
2024-11-04,1686.154052734375,1704.4698825480743,1668.9860197481166,1686.201921384487,2843690
2024-11-05,1696.29248046875,1705.6655128674724,1684.767343509725,1691.9406362013644,1818350
2024-11-06,1758.3175048828125,1772.2814911223131,1705.3307602110547,1713.0778928659386,3477029
2024-11-07,1752.1483154296875,1781.4154411642553,1735.1715237990088,1769.459954100397,2173869
2024-11-08,1757.456787109375,1773.3815209390516,1748.418484619653,1758.8435770565798,1521324
2024-11-11,1785.9586181640625,1792.3667128589661,1754.109152285669,1766.255881066567,1679869
2024-11-12,1791.266845703125,1810.4912471959715,1783.2327343583017,1808.626237755572,2711052
2024-11-13,1783.5196533203125,1797.7227493432895,1778.1157495347006,1784.715202089129,1254074
2024-11-14,1777.9722900390625,1814.364841871021,1765.9211815985996,1790.4538660951773,2462563
2024-11-18,1755.0655517578125,1783.8065901920809,1735.9367719021416,1777.9722189338559,2483933
2024-11-19,1741.2451171875,1783.758785233633,1738.1366903499616,1756.978492479455,2354204
2024-11-21,1756.356689453125,1759.4173642266592,1740.9101766469703,1755.0655201866548,1841245
2024-11-22,1815.7037353515625,1819.1468922386778,1756.5001406920778,1765.92104104738,2765950
2024-11-25,1809.295654296875,1836.3150567143796,1796.6707058861032,1835.4064863430567,6531524
2024-11-26,1816.8037109375,1831.532777825451,1806.8567221961578,1807.7652925259242,2079873
2024-11-27,1808.674072265625,1833.4936183639497,1804.89606804986,1814.1257280291195,1631975
2024-11-28,1760.7086181640625,1817.7123604992437,1755.0656045862204,1802.9831762164592,3631255
2024-11-29,1767.547119140625,1790.7407646083655,1754.0612360024977,1761.7606165599218,2482280
2024-12-02,1789.9755859375,1796.71852757897,1755.4959133357374,1767.5471381207312,2014744
2024-12-03,1808.3870849609375,1813.695368246239,1790.5017219099689,1801.931121547749,2954648
2024-12-04,1814.9864501953125,1827.7548872027612,1795.8098019827223,1800.018156837047,3730643
2024-12-05,1840.1884765625,1853.6742419435054,1801.930919877209,1802.8873587943413,3881814
2024-12-06,1838.9451904296875,1854.869922886312,1831.8676353403484,1842.1014857824619,2250408
2024-12-09,1826.702880859375,1842.149394156409,1818.190550355649,1831.5806964392784,1379520
2024-12-10,1852.0006103515625,1858.1697118734755,1828.9025854496772,1832.9674511471153,2695207
2024-12-11,1846.7882080078125,1850.5183436998552,1832.537242634673,1842.3407430193313,1387117
2024-12-12,1851.857177734375,1864.0996438512484,1837.7975708877239,1841.0972387947513,2306173
2024-12-13,1883.037109375,1888.9669843462561,1829.0460589352936,1854.5351810872864,2569918
2024-12-16,1869.2645263671875,1893.7493430070183,1865.2952809088067,1884.9979022380137,1371189
2024-12-17,1865.6300048828125,1877.6811136740216,1853.5788960916034,1860.560947922486,1987909
2024-12-18,1874.9552001953125,1886.0498694216537,1861.9476529384706,1864.0996407227838,3460812
2024-12-19,1849.9923095703125,1861.4217099930652,1826.7986616410997,1826.7986616410997,1916115
2024-12-20,1828.0897216796875,1872.3728955918937,1813.7910048428928,1869.455709841227,3786921
2024-12-23,1820.1033935546875,1854.9177960567938,1816.4211268026813,1834.9281978637246,2058339
2024-12-24,1814.317138671875,1839.8541331809652,1806.9526041624435,1825.4596777501051,1310301
2024-12-26,1817.951416015625,1825.7464171594404,1804.130919267359,1822.5901217812946,1065107
2024-12-27,1809.582763671875,1820.007973134502,1800.687833407244,1817.2342764146736,1328546
2024-12-30,1844.9228515625,1883.1804092651594,1784.3803365497217,1805.7567235655226,6262203
2024-12-31,1833.876220703125,1843.8232099723618,1796.7185877132538,1831.7719847840262,1968650
2025-01-01,1828.6634521484375,1852.5744265312608,1824.7899443501028,1833.8761146155757,880695
2025-01-02,1886.2889404296875,1890.2104337139108,1826.8463502551256,1828.6634909445281,3487645
2025-01-03,1861.85205078125,1905.3221577527042,1856.4481469411373,1893.749268904406,2853344
2025-01-06,1867.9732666015625,1887.4367772234918,1845.9273005851599,1866.2516296719136,1789037
2025-01-07,1832.4415283203125,1894.705684714795,1825.7464552294475,1874.6204654422002,2494547
2025-01-08,1848.079345703125,1854.0570897376158,1812.0216403882027,1823.2597991730452,2372138
2025-01-09,1850.518310546875,1859.7478539267786,1836.3629659829644,1842.8667981886126,2742139
2025-01-10,1908.19140625,1915.1255889298677,1850.9485560295154,1851.6658852722603,4802079
2025-01-13,1902.7396240234375,1924.546361499325,1879.7850897838932,1908.0000381199995,5694121
2025-01-14,1734.5499267578125,1854.5351478756718,1719.4381444525472,1851.7614515344771,15819311
2025-01-15,1746.170654296875,1763.2431840319339,1733.5935747144458,1756.0220228034866,3350594
2025-01-16,1714.1778564453125,1757.8870735408407,1707.530651868828,1753.1527470298552,5362008
2025-01-17,1728.331787109375,1732.3895371320664,1690.7971866190028,1712.970102702422,2424374
2025-01-20,1735.3846435546875,1738.0898890004191,1702.9222878923313,1729.49119948072,3401004
2025-01-21,1741.374755859375,1759.1034419574432,1730.747191470232,1730.747191470232,4005357
2025-01-22,1765.818115234375,1769.4411486145987,1742.9689457329252,1746.9783416572118,3009261
2025-01-23,1745.819091796875,1767.0258675688,1743.1138462506083,1755.52886884039,3750930
2025-01-24,1732.1480712890625,1767.4606169260542,1730.4573223886894,1739.0560118123294,3171259
2025-01-27,1653.9871826171875,1719.491674536344,1649.494715491195,1714.9024988352355,4174844
2025-01-28,1635.9202880859375,1671.909085210521,1633.746468125392,1653.9871001386684,5079829
2025-01-29,1660.7984619140625,1665.7257636062814,1638.577191044939,1638.577191044939,3733620
2025-01-30,1655.0982666015625,1674.276166696466,1640.3645972738043,1663.6969562229247,2543744
2025-01-31,1667.0301513671875,1679.3484654483905,1651.1855123106093,1651.1855123106093,2033832
2025-02-01,1636.644775390625,1673.3098222098567,1630.8479225852273,1667.5613236860795,569018
2025-02-03,1634.7125244140625,1643.0213233502252,1605.2451887198374,1608.626686258519,2659929
2025-02-04,1673.8896484375,1677.1262010898242,1634.7608909118096,1637.707553740885,3647768
2025-02-05,1654.8568115234375,1687.657413302548,1652.1033295616267,1671.4261755214118,2681942
2025-02-06,1665.1461181640625,1669.9284749838764,1654.856679921284,1665.4842443540108,2057798
2025-02-07,1667.2235107421875,1672.3923485439316,1643.0699528487166,1664.8081549528406,2428098
2025-02-10,1675.145751953125,1681.0875505035694,1654.1321575718305,1665.580919888664,1823071
2025-02-11,1664.856201171875,1689.7827172461298,1656.9338822625002,1683.792682747557,1702553
2025-02-12,1659.156005859375,1683.406150887176,1641.620501779214,1665.5325206329032,2214307
2025-02-13,1645.4368896484375,1671.377786218565,1642.6834077443082,1654.0355795078697,1838463
2025-02-14,1653.3109130859375,1665.049564924085,1642.3934585667596,1653.0693775252237,1460459
2025-02-17,1652.0067138671875,1661.9096722714025,1636.7416186155301,1653.3109823622358,1127023
2025-02-18,1667.0782470703125,1669.9766734633645,1643.6493003931437,1648.2384755154756,1511900
2025-02-19,1654.3253173828125,1672.9717908679559,1645.7748646604261,1664.8561728929824,1294110
2025-02-20,1630.4134521484375,1656.4992937141897,1626.5488830275854,1647.4657690443657,1681532
2025-02-21,1643.117919921875,1646.4511811272835,1628.0944801366097,1632.7802460125636,1222563
2025-02-24,1588.385986328125,1632.7801691973707,1582.1542989436787,1627.9494586376152,4455420
2025-02-25,1580.705322265625,1596.0186534436289,1576.0195559090769,1580.608731627433,1951519
2025-02-27,1574.038818359375,1603.7960451675156,1560.5128276169983,1565.1503573321536,2266866
2025-02-28,1521.722412109375,1560.2713938910233,1509.548925296973,1557.4213214020822,4910121
2025-03-03,1519.1619873046875,1549.112394882425,1515.345654931609,1521.7222876689495,1784684
2025-03-04,1483.5113525390625,1507.181836509891,1471.4345750029256,1507.181836509891,3246644
2025-03-05,1519.6934814453125,1527.8574546310585,1479.2122134828112,1480.1300014915869,3112003
2025-03-06,1531.7701416015625,1540.7069571720203,1521.8189474584497,1526.5047136565845,2011489
2025-03-07,1505.2012939453125,1533.267773906609,1502.9308832109803,1529.0650786430938,2091986
2025-03-10,1496.84423828125,1519.210337066457,1494.6220639266126,1504.2834864471465,1855766
2025-03-11,1514.7659912109375,1520.6594349132547,1471.0480576269676,1478.1491790525988,1846190
2025-03-12,1488.438720703125,1512.0126150946132,1456.0729554598856,1503.3173348800117,3113860
2025-03-13,1482.7867431640625,1495.5397730438926,1477.3763704252644,1488.43865145314,1983351
2025-03-17,1492.8348388671875,1495.1536040374517,1467.618547741641,1476.2654743859334,2029100
2025-03-18,1492.8348388671875,1492.8348388671875,1492.8348388671875,1492.8348388671875,0
2025-03-19,1492.1583251953125,1508.4861525271813,1473.4634965665346,1505.7326707494562,4522829
2025-03-20,1509.1142578125,1528.5336942647543,1494.6704777439486,1495.4433208140001,4608677
2025-03-21,1513.655029296875,1538.1468299009719,1469.9854463852864,1483.1249575141221,8109210
2025-03-24,1549.8370361328125,1556.358495992976,1507.18183434888,1537.1322425955566,2487843
2025-03-25,1569.884521484375,1602.7815934097953,1564.1359044960918,1567.082685450675,4906013
2025-03-26,1578.0968017578125,1589.2556741740043,1567.0827563317714,1569.884592492202,3096513
2025-03-27,1574.9566650390625,1589.3038525214822,1558.9187287773645,1570.6090253209186,3383080
2025-03-28,1538.58154296875,1570.5125917104574,1528.050568788916,1561.3824766271716,2211077
2025-04-01,1478.5357666015625,1531.3354640765813,1474.4296620448904,1523.6063260875512,4126827
2025-04-02,1475.83056640625,1486.4581306179255,1455.3966352663454,1463.7054346080174,3167863
2025-04-03,1420.32568359375,1449.2133601604044,1415.3983817566616,1449.2133601604044,3966161
2025-04-04,1373.950927734375,1406.8963562530096,1371.0525008628713,1399.9401789363171,4421312
2025-04-07,1327.575927734375,1336.8992232309022,1258.641707724703,1299.4612142696033,6484139
2025-04-08,1355.8355712890625,1376.027965940699,1325.547038280245,1333.2761755296926,3938359
2025-04-09,1333.2763671875,1341.6817579796348,1311.1034486907115,1333.9043832667496,3306801
2025-04-11,1343.4691162109375,1376.7526686392682,1313.9534241048455,1313.9534241048455,4859622
2025-04-15,1378.201904296875,1380.4240786220748,1358.395988392153,1371.9219797417193,3265147
2025-04-16,1383.2257080078125,1387.4767571752107,1357.912830138519,1367.0911808224862,2553111
2025-04-17,1389.3123779296875,1393.273537060948,1337.1407030978355,1371.9218196524034,3549969
2025-04-21,1431.8228759765625,1448.2472949317591,1381.58347681949,1386.4141882769009,2840104
2025-04-22,1429.7939453125,1449.1167903929115,1414.9153310131258,1439.5519584906503,2608145
2025-04-23,1540.03076171875,1545.8276152760352,1491.4337588885946,1502.3512135963967,13293318
2025-04-24,1532.9779052734375,1549.0159614375018,1522.7368207144577,1540.9969333554695,3193118
2025-04-25,1524.765625,1563.2181330496833,1515.0076120338092,1536.1661505247198,3800415
2025-04-28,1514.11328125,1533.7567583224293,1502.1902887075348,1529.45666460708,2618810
2025-04-29,1533.36572265625,1544.8977751729592,1512.9403682654263,1519.6836830659456,2231069
2025-04-30,1531.89990234375,1551.8366139276175,1518.706506055622,1535.320412492524,3682256
2025-05-02,1536.6885986328125,1545.0932566245697,1521.7360355269539,1531.4112164014552,1370848
2025-05-05,1532.9749755859375,1561.4140518690672,1527.795417241797,1544.116090223083,1012225
2025-05-06,1543.2364501953125,1547.8297783303724,1529.5544093893036,1540.988757927368,2055057
2025-05-07,1527.7952880859375,1542.5523218157716,1509.9108593146914,1516.7518793892564,5469936
2025-05-08,1544.800048828125,1561.7071893987334,1520.465658023644,1526.4270946492481,2789018
2025-05-09,1533.7568359375,1541.8682601789571,1521.9316670953258,1530.4340306575843,2035161
2025-05-12,1632.3651123046875,1636.9583207691708,1557.7979482424228,1562.4889810002123,4028207
2025-05-13,1582.816650390625,1649.7609219305975,1578.516556534311,1646.7313510197612,3118470
2025-05-14,1600.5054931640625,1605.0011161642653,1580.2756668548495,1592.980418660114,1569126
2025-05-15,1657.4815673828125,1663.9316486793148,1588.0940725218575,1612.5262890221936,4961582
2025-05-16,1622.201416015625,1655.0382900272623,1620.3445437645119,1653.4746520834565,2586263
2025-05-19,1612.13525390625,1626.2082336338199,1600.896434983901,1623.2763678279898,1642018
2025-05-20,1601.092041015625,1628.1628888676619,1599.2351687233568,1623.0810356131776,2421580
2025-05-21,1614.480712890625,1619.8558000098128,1591.4167265660574,1607.6396929207494,1420835
2025-05-22,1595.912353515625,1603.4374283451793,1577.3438693044818,1601.1897360457465,2202093
2025-05-23,1610.7669677734375,1632.8537848172423,1585.6506993306352,1595.9122292800785,1459454
2025-05-26,1635.5902099609375,1637.74031650289,1608.2261286111677,1614.871738943854,1078813
2025-05-27,1614.5784912109375,1637.447068579784,1604.2192557885498,1635.7857256593927,2740015
2025-05-28,1619.660400390625,1628.9446418377852,1609.5942803655878,1626.2081861131378,1775441
2025-05-29,1626.892333984375,1637.4470989032811,1617.9990313145547,1632.0720114404533,2374051
2025-05-30,1599.4305419921875,1626.8923285324765,1590.3418293460747,1626.8923285324765,4408910
2025-06-02,1594.4464111328125,1598.06233137024,1569.2323165811392,1588.1917399969473,1883100
2025-06-03,1593.3714599609375,1614.1876369033746,1580.2757680175937,1609.4967228998926,2380133
2025-06-04,1589.1689453125,1607.2487841475554,1585.3574959687687,1593.9576832419102,1659720
2025-06-05,1595.325927734375,1616.3376325452718,1587.703028967531,1597.7691492240142,1409322
2025-06-06,1600.5054931640625,1602.557894663253,1585.1621098568744,1594.1531172614302,1261281
2025-06-09,1610.8648681640625,1620.3445199888556,1601.77603634604,1610.571633861058,1299786
2025-06-10,1630.215087890625,1646.6335840705608,1611.5488995120772,1615.751288206324,3055223
2025-06-11,1682.7933349609375,1686.2138452047698,1628.1628760641452,1637.9357624750944,5085821
2025-06-12,1662.5633544921875,1686.8001600145808,1656.504212760553,1685.822871393483,3607962
2025-06-13,1656.7974853515625,1672.140869338182,1626.7946524117979,1628.1628803725373,1988422
2025-06-16,1683.8682861328125,1690.1229571376387,1645.16768078122,1653.572339023052,2116100
2025-06-17,1690.3182373046875,1699.309363464099,1680.9362911670594,1688.754599498069,1777245
2025-06-18,1676.9295654296875,1705.368640386869,1671.1635387172182,1688.657028859282,1794428
2025-06-19,1674.9749755859375,1680.6431779554941,1658.6541841904886,1680.6431779554941,2514527
2025-06-20,1700.3843994140625,1703.0230308224286,1670.283863869687,1674.974896704472,2719770
2025-06-23,1664.517822265625,1690.5137933155127,1660.608668038324,1689.927324743082,2221446
2025-06-24,1653.376953125,1693.250257678503,1650.8359072468563,1680.8387397878778,3601071
2025-06-25,1678.1021728515625,1681.6203878296467,1662.3678507982415,1663.3451393642604,1307518
2025-06-26,1684.943115234375,1687.6795708124025,1664.029117024922,1671.1633709475484,2971055
2025-06-27,1684.1614990234375,1712.698278541594,1671.945391473212,1695.5957279712784,6478283
2025-06-30,1689.341064453125,1695.4003254033596,1674.3886203248433,1685.8228493228191,1855229
2025-07-01,1679.275146484375,1705.3687058984333,1675.0727575414983,1689.3411480693717,1639826
2025-07-02,1679.5682373046875,1699.0163051519198,1672.140867480549,1682.8910425490974,2069447
2025-07-03,1673.0203857421875,1691.1979299245538,1667.74300341881,1677.027245160667,1839063
2025-07-04,1686.7025146484375,1689.7320856213707,1667.449856553345,1676.0500444422503,768500
2025-07-07,1671.5545654296875,1686.3116004906508,1664.615839730605,1686.3116004906508,1366412
2025-07-08,1669.306640625,1679.8614052673206,1649.1745192422793,1661.390626792222,2139193
2025-07-09,1635.9810791015625,1675.365856502806,1633.0492133684056,1671.1634678994455,2894808
2025-07-10,1625.9149169921875,1641.7470631206315,1611.5488229903374,1636.958325354042,2740853
2025-07-11,1601.092041015625,1617.9013580554706,1592.9804975115778,1605.880659956303,2548153
2025-07-14,1583.01220703125,1605.09890671806,1570.5028645601362,1602.753390092485,3334703
2025-07-15,1530.824951171875,1584.575826428627,1514.7973935993668,1553.8889392406409,14685607
2025-07-16,1527.306640625,1538.2522250024176,1524.5701848816846,1530.8248556536041,5218099
2025-07-17,1508.8358154296875,1531.2157470727775,1507.3698826054404,1528.0883521356325,4966082
2025-07-18,1525.4814453125,1526.6633301202655,1506.9644484412943,1520.7536656165742,3902458
2025-07-21,1507.3585205078125,1527.352814206147,1503.0247422895857,1525.4815165452098,3368842
2025-07-22,1497.2135009765625,1516.6169718680485,1495.4406737376653,1510.0177742647013,3218227
2025-07-23,1506.767578125,1512.874183637855,1495.1451892983487,1501.153324444694,3471536
2025-07-24,1484.5076904296875,1514.7455462558817,1478.9920275496038,1506.9644638665545,4654421
2025-07-25,1467.6651611328125,1489.4324014259423,1464.2178568256334,1478.4995460982325,2733655
2025-07-28,1444.0264892578125,1471.703393813639,1441.465658700526,1467.6651471387913,4404841
2025-07-29,1450.231689453125,1455.2548802216168,1439.0033028790403,1444.0264936475323,6223556
2025-07-30,1454.2698974609375,1461.952509184248,1446.6858763290873,1458.209673681624,1642426
2025-07-31,1445.7994384765625,1460.3765387150347,1437.5258841615207,1442.9430765992654,2306285
2025-08-01,1430.2373046875,1444.8145254719295,1428.1689461223614,1442.943107633972,2152783
2025-08-04,1452.2015380859375,1453.186482140495,1418.9103809489254,1430.2372375763357,2384774
2025-08-05,1460.3765869140625,1463.036008156187,1449.0497296249407,1457.6188155396505,2614394
2025-08-06,1441.170166015625,1461.361520163538,1434.4726182426073,1458.6037488096254,1735697
2025-08-07,1453.2850341796875,1456.9292792933993,1429.1539034867683,1436.0485122561738,1495363
2025-08-08,1453.48193359375,1459.8840701262184,1437.0334155186883,1452.595580105969,2815614
2025-08-11,1465.5968017578125,1507.9493975075343,1443.5340301579827,1452.7925286241757,2374556
2025-08-12,1476.5296630859375,1487.1671073639752,1466.5817518112065,1467.566695902416,3422656
2025-08-13,1478.49951171875,1484.8031777803567,1466.5817125803987,1477.416097293887,2916128
2025-08-14,1467.3697509765625,1493.3721787241154,1463.429974623002,1478.4010766735587,4227538
2025-08-18,1462.6419677734375,1479.287546874046,1453.6790006369354,1475.5447112541108,2795155
2025-08-19,1453.8759765625,1460.2781132767866,1447.0798381577704,1454.0730375239393,2515817
2025-08-20,1473.4764404296875,1477.711748344754,1436.048562932142,1445.8980043788645,10219330
2025-08-21,1471.0140380859375,1482.340895426405,1463.7254275768885,1477.416174843593,2157601
2025-08-22,1444.2236328125,1469.0441769141178,1441.9582132097007,1467.1727590116886,2802805
2025-08-25,1481.5528564453125,1486.9700489562556,1453.9744218441479,1457.7172574901363,2764914
2025-08-26,1470.3245849609375,1483.8182708946867,1462.6419729695385,1479.2875521292813,4092265
2025-08-28,1427.9720458984375,1465.5968635222293,1424.22921011636,1465.5968635222293,4367902
2025-08-29,1432.896728515625,1440.5792203762308,1417.5315043295445,1427.9720080027619,3404604
2025-09-01,1446.2919921875,1450.3302390953695,1424.229219512329,1424.229219512329,2105254
2025-09-02,1443.632568359375,1455.1564868606395,1437.7229035584512,1446.8829320928585,1295198
2025-09-03,1444.0264892578125,1452.7925156018284,1430.7297441997619,1452.7925156018284,1800307
2025-09-04,1421.56982421875,1443.8295361526164,1419.205934404439,1443.0415328037025,2192155
2025-09-05,1397.6356201171875,1430.4343053841567,1381.679574449836,1426.1989978362844,3895199
2025-09-08,1381.8765869140625,1407.0911320942328,1379.90669869323,1402.4619428682502,2929976
2025-09-09,1405.6136474609375,1410.2429566938608,1387.8846543370264,1388.9680687592238,2906889
2025-09-10,1441.8597412109375,1449.7392942796687,1410.5384696697556,1413.2963613367867,3205017
2025-09-11,1445.6024169921875,1448.2618382191527,1436.3440385771949,1441.859701527013,1982922
2025-09-12,1445.10986328125,1457.7171952248143,1440.9731463607454,1452.7924749706763,2110883
2025-09-15,1444.4205322265625,1446.1934797112908,1430.1388426818744,1445.1099450081597,1725617
2025-09-16,1460.7706298828125,1462.8389885301765,1439.1018588043655,1441.8597504891434,1724524
2025-09-17,1459.1947021484375,1476.4312241110413,1453.0880967460891,1468.3547304843955,2656774
2025-09-18,1471.3094482421875,1480.2724149182607,1463.7253070297977,1470.1274432601965,2792406
2025-09-19,1445.3070068359375,1471.3095553104206,1441.958172825239,1471.3095553104206,3197957
2025-09-22,1418.2210693359375,1427.3809775570503,1393.6959365821042,1401.5754895804482,4457129
2025-09-23,1408.2730712890625,1422.4561696296425,1399.0145730377624,1422.4561696296425,3106480
2025-09-24,1420.5848388671875,1422.948608380378,1398.620538653115,1403.6437292172852,2894044
2025-09-25,1402.363525390625,1420.7819328570436,1394.6809129466715,1418.5165132246768,2713246
2025-09-26,1374.2926025390625,1405.0228115224993,1371.0422387937742,1398.6206746315802,2568054
2025-09-29,1366.5113525390625,1381.4824534968982,1362.1775748199761,1376.0652614061464,2990852
2025-09-30,1364.24609375,1383.8465060313804,1361.0943206192737,1371.1407026768466,2782077
2025-10-01,1368.579833984375,1375.7699740443054,1361.192753196406,1365.2309999806755,2253527
2025-10-03,1372.5196533203125,1378.724849469203,1359.6169091870397,1375.474485727891,2793839
2025-10-06,1396.3551025390625,1399.6054659294057,1369.8602043312653,1372.519505117964,1970901
2025-10-07,1411.8189697265625,1420.190995007908,1395.8628023450046,1400.590582361564,1592836
2025-10-08,1431.3206787109375,1436.737871112136,1405.7121328143633,1411.6217972520342,1735807
2025-10-09,1464.119384765625,1468.6501035176059,1430.6312858204308,1431.320698588094,2681316
2025-10-10,1472.98388671875,1475.938718988998,1451.7091184194492,1468.5516383133775,2129445
2025-10-13,1472.1959228515625,1479.5830037253727,1454.269988024091,1467.5667335969492,1820492
2025-10-14,1472.885498046875,1511.889262130931,1467.7637163549157,1492.5843809410892,5802489
2025-10-15,1473.1807861328125,1486.6745919280122,1463.7253471796544,1475.3477352096886,1710696
2025-10-16,1492.1903076171875,1497.016557741116,1475.446257960757,1477.3176757923743,2021043
2025-10-17,1475.5111083984375,1490.5026052102426,1468.5614528351703,1488.2190984767906,3210161
2025-10-20,1484.64501953125,1499.0407346788663,1478.390281024646,1479.184575854568,2354881
2025-10-21,1475.3126220703125,1492.1903573160696,1470.3485822921484,1491.8924664524288,274400
2025-10-23,1512.9400634765625,1536.370306923643,1494.6723729069756,1499.1400086944757,5011470
2025-10-24,1512.8408203125,1521.5774576588615,1505.4940171584299,1514.032141389429,1491451
2025-10-27,1522.470947265625,1538.355874005925,1515.8191826700736,1520.3860748694353,1394846
2025-10-28,1511.1529541015625,1530.9098565142488,1501.1256180606642,1523.9602008750792,1936466
2025-10-29,1546.099853515625,1547.7875785367585,1511.053684754937,1518.9961482753308,2596355
2025-10-30,1538.65380859375,1548.6811446451054,1527.0378828693122,1546.4968944408054,2183395
2025-10-31,1530.4134521484375,1546.993296406407,1526.541476911987,1538.6538065954383,1723467
2025-11-03,1532.3990478515625,1538.5544085723318,1517.2090379673377,1529.0234766336932,2252136
2025-11-04,1518.1025390625,1530.8105286880013,1514.0320509018281,1525.3500852257325,1666863
2025-11-06,1515.4219970703125,1520.8824404996724,1503.4090457641944,1518.102529913232,2474769
2025-11-07,1501.522705078125,1507.876699931102,1479.7801876431495,1504.2032379541695,2238714
2025-11-10,1529.420654296875,1533.7890335362633,1500.5299670520405,1507.0824753149343,1558896
2025-11-11,1558.70849609375,1561.1905159919884,1530.1155783890918,1536.6682078743436,2270763
2025-11-12,1582.535888671875,1588.4927364335006,1562.1833254863207,1563.672537426727,2331564
2025-11-13,1587.00341796875,1593.4566692773499,1568.6364719365813,1587.8969693114916,1944022
2025-11-14,1583.1314697265625,1586.5070408604847,1562.778907562833,1578.5645775770781,2543918
2025-11-17,1594.8466796875,1596.1372572784026,1574.0969697549983,1582.5358371425214,2000978
2025-11-18,1583.7271728515625,1592.46393117536,1578.6638766106146,1592.46393117536,1640123
2025-11-19,1650.6424560546875,1657.4928550760465,1577.1746685281062,1583.8265544385058,6342672
2025-11-20,1633.566162109375,1656.400744077912,1630.7862514797346,1650.6424097132451,2724035
2025-11-21,1596.4351806640625,1631.6798628242454,1594.449564767714,1624.2338032129392,2958835
2025-11-24,1598.81787109375,1628.2049607815773,1591.371811821883,1602.689846153595,6392688
2025-11-25,1589.584716796875,1607.2567460310713,1581.1458495813354,1606.6610855249191,2285950
2025-11-26,1606.263916015625,1615.7948475599933,1589.5846949187028,1589.5846949187028,1243303
2025-11-27,1617.2840576171875,1621.4538022906338,1602.3919392229225,1607.4552352384987,2106176
2025-11-28,1612.5185546875,1625.127287826632,1607.3560020460795,1617.2840811198662,1841289
2025-12-01,1631.0841064453125,1634.6581906102379,1616.2912446483251,1618.2768604279913,2034350
2025-12-02,1623.7373046875,1641.0121862182775,1612.320013948334,1639.1258269881153,2326220
2025-12-03,1628.701416015625,1642.6999836490309,1617.0856116627165,1623.7373763447454,2371611
2025-12-04,1642.699951171875,1659.9748331234766,1633.2682759836734,1638.1330590034308,3935708
2025-12-05,1670.895751953125,1678.8382154205196,1639.1258980835469,1650.7417024276615,3391204
2025-12-08,1676.4554443359375,1683.206586728738,1664.8396400459083,1670.8957441731231,2702407
2025-12-09,1645.6783447265625,1674.866921117288,1644.4870237279085,1674.866921117288,2817704
2025-12-10,1654.0179443359375,1658.981983784725,1645.0826733281203,1651.33741151054,1482249
2025-12-11,1660.3719482421875,1665.3359877184005,1637.1402192550368,1655.5071653170248,1408684
2025-12-12,1661.1661376953125,1665.8324075629043,1648.0611218299982,1665.336003610546,1284337
2025-12-15,1671.8885498046875,1675.8597815144374,1648.0611595461885,1661.1661757114134,1689723
2025-12-16,1639.82080078125,1669.9029293771819,1633.5661835709452,1668.910121452463,1929309
2025-12-17,1643.09716796875,1652.5288435552777,1634.4597872243548,1639.1259361428438,1394918
2025-12-18,1649.4510498046875,1661.8611484080207,1639.3243366289462,1645.0826708578404,1822056
2025-12-19,1630.5877685546875,1668.9101304161918,1620.758945808705,1662.953282835884,3487150
2025-12-22,1658.287109375,1661.4640462269583,1632.1762127260945,1640.0194194953087,1339691
2025-12-23,1667.818115234375,1674.7677709501743,1644.2884938811706,1663.0525885523043,1614314
2025-12-24,1662.6553955078125,1667.917326025199,1653.124463597572,1663.9460942965677,989858
2025-12-26,1648.9547119140625,1664.343234798626,1638.6294852240096,1656.0036239646458,921138
2025-12-29,1619.0711669921875,1648.8554039037997,1613.7099801096233,1647.7632182631444,1516288
2025-12-30,1603.583251953125,1623.9358136537296,1599.512763851478,1619.0711519572365,3323273
2025-12-31,1611.6251220703125,1619.9646115256955,1605.1718706821791,1612.816443080404,1359963
2026-01-01,1622.7445068359375,1633.8639067998354,1606.7603239406958,1611.227959474964,773806
2026-01-02,1628.403564453125,1631.183475212849,1613.4121885237892,1620.262587673384,950573
2026-01-05,1596.0379638671875,1621.7517128456075,1568.7357464792142,1613.3128456529612,3245802
2026-01-06,1604.675537109375,1614.3057257417076,1585.8121860705728,1588.7906099188046,2112043
2026-01-07,1635.849609375,1642.6007519063255,1605.0725629506446,1609.1431724961542,3816569
2026-01-08,1634.8568115234375,1648.6568663406495,1623.63815434392,1641.409440982351,3266398
2026-01-09,1649.4510498046875,1662.95321284664,1635.2538485255266,1635.2538485255266,3281306
2026-01-12,1655.6064453125,1665.137377003319,1629.6941831182085,1647.2668346358942,4175707
2026-01-13,1653.025146484375,1685.3906596485378,1614.3056385487048,1672.881304400103,7149266
2026-01-14,1656.5,1665.8324186046716,1637.3387588350079,1653.0251723104584,2470615
2026-01-15,1656.5,1656.5,1656.5,1656.5,0
2026-01-16,1698.0,1700.9000244140625,1664.800048828125,1670.0,3098089
2026-01-19,1716.800048828125,1719.0,1685.0999755859375,1698.0,2087629
2026-01-20,1687.300048828125,1720.0,1681.800048828125,1720.0,1739341
2026-01-21,1682.5,1694.9000244140625,1668.9000244140625,1687.5999755859375,1728435
2026-01-22,1703.0999755859375,1709.0,1681.5,1690.5999755859375,1853439
2026-01-23,1707.0,1721.0,1698.800048828125,1712.699951171875,1874357
2026-01-27,1720.199951171875,1725.5,1700.5,1720.0,2671530
2026-01-28,1729.5999755859375,1734.4000244140625,1691.0,1705.0999755859375,2713867
2026-01-29,1721.5999755859375,1725.0,1696.0999755859375,1722.800048828125,2235602
2026-01-30,1695.5999755859375,1713.199951171875,1683.0,1713.199951171875,4448681
2026-02-02,1676.800048828125,1688.5,1653.5999755859375,1670.0,1916380
2026-02-03,1695.300048828125,1780.0999755859375,1689.0999755859375,1780.0,3200948
2026-02-04,1621.800048828125,1645.0,1586.0,1642.0,5834470
2026-02-05,1610.0,1631.800048828125,1600.199951171875,1613.699951171875,3184531
2026-02-06,1593.699951171875,1612.0,1574.0999755859375,1612.0,3342992
2026-02-09,1602.0,1619.9000244140625,1594.4000244140625,1600.4000244140625,1863558
2026-02-10,1573.0999755859375,1602.4000244140625,1567.800048828125,1595.0,3234785
2026-02-11,1551.5999755859375,1578.0999755859375,1546.0999755859375,1574.0,2944646
2026-02-12,1476.0999755859375,1535.0,1469.5,1529.0,5397659
2026-02-13,1455.199951171875,1476.800048828125,1396.0,1423.0,7214938
2026-02-16,1461.800048828125,1467.0,1446.800048828125,1451.0999755859375,2388700
2026-02-17,1482.5999755859375,1510.699951171875,1458.0,1464.0,2840341
2026-02-18,1467.199951171875,1483.199951171875,1443.4000244140625,1483.199951171875,2036245
2026-02-19,1450.4000244140625,1501.800048828125,1443.0,1470.0,2397127
2026-02-20,1436.5,1455.0,1431.0,1443.0,2392491
2026-02-23,1426.199951171875,1441.5999755859375,1415.5,1438.199951171875,2629763
2026-02-24,1339.199951171875,1406.699951171875,1322.5,1402.300048828125,10004684
2026-02-25,1378.199951171875,1391.4000244140625,1354.0,1355.0,5703505
2026-02-26,1373.5,1405.0,1368.0,1391.0,2329520
2026-02-27,1389.0999755859375,1404.800048828125,1382.0,1398.0,8651443
2026-03-02,1371.0,1386.0,1350.0,1351.0,2088938
2026-03-04,1364.0,1382.0,1356.0,1356.0,3161598
2026-03-05,1354.0999755859375,1378.199951171875,1332.5,1378.199951171875,2217963
2026-03-06,1356.699951171875,1380.800048828125,1354.199951171875,1356.0,1871596
