Date,Close,High,Low,Open,Volume
2021-03-08,205.71934509277344,211.1417621066908,204.95420194930153,209.4451641891298,599511
2021-03-09,198.03477478027344,210.17700462690635,195.40674269461147,206.25157547705186,1095282
2021-03-10,203.2243194580078,204.6214911465829,196.4379699527005,200.26360357582678,726204
2021-03-12,200.89566040039062,208.3140584687395,200.33012792611785,204.92088392728823,1066538
2021-03-15,200.09725952148438,203.72330276998176,198.60027254252066,202.42590593320574,344566
2021-03-16,202.06002807617188,205.48646162733803,197.93498826625796,200.09730326412463,504158
2021-03-17,196.3382110595703,203.85640605238308,195.44001459124905,202.92495132027562,488782
2021-03-18,190.5165557861328,198.60028178802418,188.35424116030006,198.26761799943452,909476
2021-03-19,188.5205841064453,192.74541853004834,181.16870176510463,189.61837061231066,998832
2021-03-22,185.12741088867188,192.74542028501108,184.52862008949216,189.2857085276807,1128743
2021-03-23,179.9378662109375,188.75345733566562,178.9731330227826,186.9238063475145,1795545
2021-03-24,176.34506225585938,183.4973335501755,175.64647643715867,179.93784733542267,1286577
2021-03-25,177.44290161132812,179.50540119031587,173.65052568728626,178.3078194796656,1011565
2021-03-26,184.99435424804688,191.54783599038728,179.77154817669856,180.86933479347275,2231711
2021-03-30,174.482177734375,188.28772659229028,170.9892075414085,187.22319828216752,2786509
2021-03-31,181.56793212890625,182.96512441253103,175.94592503401753,175.979183298598,1783503
2021-04-01,186.4580841064453,188.2877352439751,182.4661179881985,183.63044143935383,1464491
2021-04-05,197.76864624023438,201.59428027179482,184.62842500139627,186.95707180321565,3945113
2021-04-06,200.4965057373047,205.58625856322618,192.94503230852942,198.13458022825526,2113161
2021-04-07,204.5882568359375,211.24153348100862,203.0912695907965,207.5822313262195,5173835
2021-04-08,212.3060302734375,215.23346750164902,203.9894357022764,204.58822645056281,3354406
2021-04-09,205.48643493652344,211.24151466093673,204.9209024112394,211.24151466093673,2143386
2021-04-12,195.70614624023438,201.59430066709155,191.61438479248304,201.59430066709155,1570309
2021-04-13,194.24240112304688,201.22834092956995,193.6103317807819,198.50049370618544,1055168
2021-04-15,194.1093292236328,198.20108994334498,192.94500591209433,193.94299732198448,1015424
2021-04-16,194.34222412109375,198.76664923999112,193.67689642489293,194.94101498683648,866946
2021-04-19,188.22119140625,192.94502186445902,185.39354884444327,190.2837112180527,1180792
2021-04-20,189.21917724609375,193.0448111860194,187.0236041500726,190.2837055336933,738454
2021-04-22,201.09532165527344,202.92497305164068,190.9490730026914,190.9490730026914,3681184
2021-04-23,199.29888916015625,205.75257547790497,195.60632882943918,201.0952819343469,2969340
2021-04-26,202.35939025878906,206.91688848727225,199.83115344074818,202.72533262994463,3199929
2021-04-27,212.0731964111328,214.50163836410087,203.95619065427022,204.92092390471814,9306441
2021-04-28,205.0540008544922,214.16897796607182,204.25559950997604,214.16897796607182,5195162
2021-04-29,204.38865661621094,209.4118721147628,203.59025533635398,207.58222112726287,2514122
2021-04-30,202.99147033691406,207.94814915327595,200.96220881929102,203.25759733641863,1726897
2021-05-03,198.0680389404297,204.45516779570266,197.30289594047386,203.69004509993428,2004533
2021-05-04,193.2111358642578,201.59426789705194,190.9490260279007,201.59426789705194,3787816
2021-05-05,191.6475830078125,196.30487562335287,190.94899723715523,193.67684411566577,1988974
2021-05-06,197.2696533203125,199.99750081660827,192.9450234836109,193.47727749568315,3618674
2021-05-07,206.1518096923828,210.44316154512177,198.93299946371403,199.9309910998196,7838176
2021-05-10,211.47439575195312,213.0379197765288,205.58624204044258,209.57820790530556,4835154
2021-05-11,208.3140869140625,210.8423238094497,204.25558427320357,206.25156718141076,1994769
2021-05-12,210.9753875732422,220.88876482534965,207.58221272743702,209.91085934457172,7972217
2021-05-14,207.4491424560547,215.46635240784764,205.35336452741225,212.87157876742424,3998991
2021-05-17,210.01068115234375,211.57420528367427,207.44916548665628,207.44916548665628,1227131
2021-05-18,229.87069702148438,233.1973351838792,213.8695755820403,213.8695755820403,24955975
2021-05-19,231.30116271972656,240.91515576871183,227.70839732676018,233.53001449727634,11543534
2021-05-20,229.27191162109375,231.8334271273957,223.55008978597223,230.86869391587013,4061140
2021-05-21,229.23863220214844,235.5259865756309,227.80818182474428,232.19934834716153,3422820
2021-05-24,219.1922149658203,231.46749862872906,218.12768660402432,231.33444527362315,5130644
2021-05-25,221.75369262695312,224.68115046434488,219.0258655667651,220.92203308319137,2581914
2021-05-26,216.7969970703125,224.4815225354399,216.03187441038594,223.55006797969514,2223573
2021-05-27,218.72647094726562,221.2214497033181,216.89681985949383,218.19421693431676,1356862
2021-05-28,217.32928466796875,222.88477490938388,216.89682573271386,222.55211106623554,1673508
2021-05-31,217.56216430664062,219.89081132521324,214.43511590288117,217.49562747384329,2055959
2021-06-01,217.9280242919922,220.722408039181,215.20019766281365,219.7909535581797,1356800
2021-06-02,215.83229064941406,219.72446155382454,214.9340942400595,217.5621466407286,1849017
2021-06-03,216.03192138671875,217.5621670393251,215.23351999150358,217.52890877460402,1355911
2021-06-04,222.01983642578125,222.818217392699,214.26875335671082,214.900822721685,3080244
2021-06-07,226.11158752441406,226.8767101988514,222.31921210616028,224.61460043365918,3505337
2021-06-08,225.27993774414062,228.07430158487034,221.8867627979373,226.3444660043086,1473381
2021-06-09,224.9139862060547,227.40896469660044,221.5873482186604,223.61660957348306,2068493
2021-06-10,226.21142578125,227.4755443938953,224.5481064740349,226.87675350413602,1023479
2021-06-11,228.90597534179688,234.128801580191,226.47753342198746,226.8767340823837,3288575
2021-06-14,225.9452667236328,228.90596248826213,220.28998188077722,228.90596248826213,1180879
2021-06-15,226.1781463623047,227.17613785329144,224.2486799030459,226.21140462366205,886260
2021-06-16,222.3524932861328,227.54204047350277,218.32724910109218,227.54204047350277,2476285
2021-06-17,222.3192138671875,223.2839470105461,216.16493355644613,220.88876358552827,2234016
2021-06-18,218.82626342773438,221.32124215404068,215.23349812269106,220.9220414969939,2192582
2021-06-21,220.7224578857422,222.81823601733862,214.56817684446676,216.23149604481148,906954
2021-06-22,221.48756408691406,222.21942854115065,218.69320022190337,221.55410091078792,1272621
2021-06-23,220.52288818359375,223.88278515865179,217.92809374672285,222.15292896880166,1078467
2021-06-24,223.58334350585938,225.47953132547835,219.3252507048722,221.22143852449116,1400581
2021-06-25,225.91200256347656,227.20939964358558,223.78296619881738,225.04708471286332,917171
2021-06-28,225.67913818359375,227.47551058589002,223.05108594710563,227.20938359712625,982883
2021-06-29,226.27793884277344,226.87672966962683,223.08435392590775,225.87873819014166,647407
2021-06-30,225.74563598632812,227.4422334693862,224.21539069966656,226.54403719061264,520880
2021-07-01,226.1781463623047,229.47150610004763,223.71642589619518,224.61462229892103,1271970
2021-07-02,225.8787078857422,227.3424366476187,224.0490570854895,226.87669923133456,636705
2021-07-05,224.41500854492188,226.14486449823855,223.64988580716314,225.81220067276183,562937
2021-07-06,223.11764526367188,225.87875112080548,222.21944881987932,224.4815589087048,485275
2021-07-07,221.9200439453125,224.21543260852977,220.32326154246957,223.11764597558712,759230
2021-07-08,220.52288818359375,225.18018237708722,219.72448677160403,222.11967070338181,785873
2021-07-09,220.85556030273438,222.81826503220623,220.223490802621,220.223490802621,464272
2021-07-12,223.35052490234375,224.08236915484676,221.68720559358098,222.35253331708608,472616
2021-07-13,222.78497314453125,228.10759447548406,220.95532206201622,224.21542356638702,1195775
2021-07-14,223.017822265625,226.0450547595676,221.85349895192599,224.21540383804054,929546
2021-07-15,231.0017547607422,233.46345473999403,222.8847497813581,223.01782342529054,2841884
2021-07-16,228.939208984375,232.73156375351806,227.5420170992444,232.5319736145787,866858
2021-07-19,226.1781463623047,229.5380429269512,224.74767564853929,229.5380429269512,767837
2021-07-20,221.55409240722656,226.01179548123903,218.52685992694083,224.54806662894586,1078296
2021-07-22,217.5953826904297,227.54203839700267,212.10643000980025,226.21138320169857,3389719
2021-07-23,218.59341430664062,223.483577109978,216.33130411924782,219.29202059522635,1691393
2021-07-26,217.22947692871094,219.75771386776785,216.23148545736922,219.55812369517488,642013
2021-07-27,213.2042694091797,219.39180889235243,212.23953612330683,218.32728051240068,820843
2021-07-28,210.4098663330078,215.46636046224344,208.7132889712075,212.90484498517787,902734
2021-07-29,215.26675415039062,216.59740945728024,210.90886614200264,211.87359936117306,1753832
2021-07-30,213.23751831054688,219.82425818504265,212.23952680519332,216.8302836689819,2759663
2021-08-02,215.8988494873047,218.0611646208447,214.90085788720927,215.8988494873047,653297
2021-08-03,213.73651123046875,217.49560845664155,211.60745459225623,217.3292765412871,973957
2021-08-04,212.67198181152344,216.09841518926743,212.2395228946761,214.23550586860722,538335
2021-08-05,212.5389404296875,214.86758736372423,210.44314194570248,213.57019023594208,429968
2021-08-06,211.84033203125,215.0339171196747,211.57420501659539,212.90486039405823,481160
2021-08-09,211.30807495117188,213.5701849993615,209.57821892460709,211.27479638470194,727836
2021-08-10,205.81907653808594,212.10640954681466,204.78780667870495,210.90882810825252,745912
2021-08-11,210.34336853027344,211.57422895452655,203.95621793495877,206.251606842463,1527673
2021-08-12,212.77175903320312,214.20222962108997,210.04393210790053,212.23950507318972,893026
2021-08-13,213.50364685058594,214.90083902894946,212.30606515723963,213.50364685058594,605873
2021-08-16,220.12367248535156,221.2214591239255,215.0339196670977,215.0339196670977,2768305
2021-08-17,211.34130859375,221.48755451845471,208.91286690867446,221.4210176974553,2585664
2021-08-18,213.73651123046875,216.19823169939016,208.44714820052167,210.57620483873418,1471950
2021-08-20,204.98744201660156,210.77578007821484,203.59024996580268,210.21026784943757,1087129
2021-08-23,206.41790771484375,208.41389070644578,195.6728700042239,206.45116597636152,2182369
2021-08-24,210.4098663330078,211.20826762337754,202.0267340008788,208.1144778513361,1537821
2021-08-25,210.2768096923828,211.2415429709339,207.21631854151016,210.24355142933894,703209
2021-08-26,209.7777862548828,210.90885130786168,207.58221327461465,209.57819609456286,641303
2021-08-27,211.70724487304688,213.43708034419666,208.31407014146163,209.61144674482398,711069
2021-08-30,215.59942626953125,216.23149568629003,212.30606644082295,214.00264390068577,747758
2021-08-31,214.06918334960938,216.83028919056125,212.27279047255215,216.23149833293874,845627
2021-09-01,214.73446655273438,217.36251849434132,211.37457055019073,214.0691390033843,909890
2021-09-02,216.3645477294922,216.89680169787337,211.84030778150264,214.90081886016287,1014427
2021-09-03,216.26475524902344,217.49561552347708,214.3685875957238,215.5994275659879,635352
2021-09-06,218.2607421875,219.358549127423,214.00264900103198,217.56215622953982,690323
2021-09-07,218.8595733642578,219.55815938608228,214.63473805462667,218.82629479395698,713935
2021-09-08,219.5248565673828,219.89077863708565,215.79901783069752,218.85952894669572,611443
2021-09-09,219.1922149658203,220.88879244879635,217.7284859303271,217.7284859303271,390563
2021-09-13,223.15090942382812,224.74769186377478,216.29804214630312,216.56416916892917,1169181
2021-09-14,221.55409240722656,225.41298439354543,220.25669545614002,224.8807304313591,571182
2021-09-15,222.51882934570312,223.48354220661966,219.8907771402042,221.5540961805991,514511
2021-09-16,222.81825256347656,223.28399009583381,219.89081461432076,222.78499429867574,487050
2021-09-17,222.7184295654297,223.21742530007964,218.22746795358012,222.21943383077974,673375
2021-09-20,215.06715393066406,224.04907683264074,214.23549440270324,214.56815821388756,989401
2021-09-21,211.97340393066406,215.83229637159022,207.7818273439447,215.63270618830384,855536
2021-09-22,211.44110107421875,212.8050348232871,209.17899131735302,212.572166104745,975106
2021-09-23,214.60142517089844,215.93208046956576,212.23952013743934,214.16896625966925,517633
2021-09-24,214.63473510742188,216.5641815116645,212.4058830955419,215.56618989179506,768446
2021-09-27,214.06918334960938,215.63270747531624,212.00666345851877,214.63471594454882,601771
2021-09-28,214.03590393066406,215.83227632597016,212.03992106642107,213.57016647399897,626305
2021-09-29,214.13568115234375,215.9985902152467,211.57416596271273,212.90482109455368,1613303
2021-09-30,207.3160858154297,213.83628822390565,206.31809440775353,213.83628822390565,1915795
2021-10-01,203.69004821777344,209.24553794422064,203.1910524993055,207.24955507034892,2042841
2021-10-04,206.08523559570312,208.24755041631988,204.12251094454498,205.4864447831392,1438742
2021-10-05,207.615478515625,210.21027251217342,207.28281470111241,207.28281470111241,1387444
2021-10-06,209.3453369140625,209.97740629086616,207.415890827666,208.9128780108649,764014
2021-10-07,208.5469512939453,210.57619241991875,207.74855002565445,210.07719670328387,664318
2021-10-08,209.87767028808594,211.24158420616476,208.9129368212149,210.24359246975766,669127
2021-10-11,209.91085815429688,211.60743541548564,209.37860419507334,210.90884955598133,629602
2021-10-12,212.0731964111328,212.8715977428269,208.34735737020918,210.21028704276566,630240
2021-10-13,221.4542999267578,226.8767159089044,211.70725446247667,212.43909859302644,3029449
2021-10-14,230.6690673828125,240.18324313028833,229.53800243753315,232.86464015401916,9464918
2021-10-18,257.91424560546875,271.85286724580516,244.5078982390495,247.50187250320113,8782614
2021-10-19,245.7054901123047,261.0745627060558,242.8445893728749,259.61085407591037,2858310
2021-10-20,239.451416015625,245.5059016621693,233.23059845738544,245.5059016621693,1981348
2021-10-21,227.57533264160156,245.97165986903386,226.21141897241452,242.17928384105556,2189697
2021-10-22,214.46836853027344,231.1680963329533,210.0439437909816,228.80617103157425,3860723
2021-10-25,214.90086364746094,220.48961269695906,210.97543397603914,214.46840466999942,1885013
2021-10-26,215.033935546875,217.89483673190742,214.23553413030285,215.5329313561847,828215
2021-10-27,215.46636962890625,220.19020013882016,213.57018171174917,215.566164718401,1132806
2021-10-28,211.34130859375,214.63468834344374,210.31005893291385,214.63468834344374,824077
2021-10-29,207.14976501464844,212.17298058078836,206.08523672857842,211.5741897649328,851684
2021-11-01,209.87767028808594,212.10650225604002,207.94820335434386,209.51172780222038,545266
2021-11-02,209.44512939453125,211.9068497424134,208.9794122369508,211.67398101152924,490874
2021-11-03,210.07723999023438,211.20830530267406,208.51371569510607,209.9109080504163,441908
2021-11-04,211.94012451171875,212.57219392989973,210.97541155746137,211.57420240910207,141805
2021-11-08,213.33729553222656,214.90081948716573,210.07719428195847,213.57016425814305,443669
2021-11-09,210.9088592529297,214.73449313527777,209.74453589743243,214.43508757933185,711829
2021-11-10,210.4098663330078,211.90685352430987,209.57820678228447,210.90886206344183,424368
2021-11-11,212.57215881347656,215.49959606337268,210.90883988692354,210.90883988692354,1091464
2021-11-12,215.59942626953125,216.19823742401405,212.0731976923229,213.90284880966846,760512
2021-11-15,218.5269012451172,219.55815110590794,212.40587800170033,214.9008569915402,1464062
2021-11-16,219.25872802734375,220.3232563723219,215.96536820579837,218.5268838253488,902964
2021-11-17,221.3212127685547,222.21940905160648,218.2274436195417,219.5580987635633,870444
2021-11-18,214.86758422851562,229.53805157720925,212.77178577511114,223.58336066824057,9391701
2021-11-22,212.1064453125,214.90082954591796,206.8836395374747,206.8836395374747,1309404
2021-11-23,217.36253356933594,219.1921844569425,210.60944223172945,216.93005438891578,1738021
2021-11-24,219.72450256347656,220.62269914047164,216.4644004545618,218.89284282629458,736909
2021-11-25,220.65591430664062,222.88476602775597,216.89681708969684,219.7244596437803,755057
2021-11-26,219.7576904296875,222.21941058478632,215.56613481877474,219.5581002783817,1380003
2021-11-29,219.4583282470703,220.82224180064665,214.5681659847204,220.1569141541824,921006
2021-11-30,221.5873565673828,222.15288910738474,216.86354669065398,218.89278781774522,1291897
2021-12-01,221.28799438476562,223.41703081631238,218.75973697305474,221.82024841660487,630349
2021-12-02,221.75369262695312,222.7849626437305,218.92605017816322,219.55811955309736,490104
2021-12-03,231.30116271972656,232.86468682064591,226.24466831649752,229.60458526599476,3532515
2021-12-06,232.19932556152344,234.66104573069842,229.937215848982,233.8293862551915,1984752
2021-12-07,235.2598876953125,236.1913424497692,233.23062595090562,235.52601472455856,1291881
2021-12-08,240.68226623535156,242.0129214736949,236.32437845145216,237.52196004428612,4226137
2021-12-09,244.30831909179688,245.07344182185147,241.91313551164427,242.5451845911727,2019400
2021-12-10,243.1439666748047,245.00687573454712,241.71349616715378,244.8405438433492,1345835
2021-12-13,244.80731201171875,246.071430460437,242.44538671924622,246.0381518960937,1464889
2021-12-14,236.8673858642578,246.27631068787088,233.05483382309475,244.7023248385273,2717685
2021-12-15,232.94992065429688,239.1759052549268,232.2503713430227,237.81179690707262,873355
2021-12-16,226.5141143798828,234.34907714010888,225.95448333210499,232.94997817210822,1180628
2021-12-17,219.23875427246094,229.10240402859304,217.9096148241427,227.73827430488018,1424154
2021-12-20,217.4898681640625,219.23874137436945,213.88719362054016,219.23874137436945,933224
2021-12-21,218.85403442382812,223.50603367185718,217.24505799201913,217.24505799201913,658526
2021-12-22,218.3643341064453,221.51230630792764,216.26568597212378,219.8683609996652,696814
2021-12-23,220.39303588867188,223.40111119912407,218.95896811932474,221.02264744453552,649236
2021-12-24,219.41366577148438,222.38675073139217,218.46926980862648,222.10693524017037,368237
2021-12-27,220.67288208007812,221.40740046161886,217.41996006554214,219.3787113305757,381503
2021-12-28,221.7571563720703,222.45670576125664,221.05760698288398,221.7571563720703,244343
2021-12-29,220.84774780273438,224.06565787185295,220.39302362689762,223.0163338018657,362907
2021-12-30,220.81275939941406,222.45670472606255,220.35805656826952,220.84774967784244,220544
2021-12-31,221.61724853515625,222.7015629492938,221.09258646821834,221.7571669590947,262845
2022-01-03,223.57598876953125,223.85580425513953,221.65222795171363,221.72218716025398,297955
2022-01-04,231.23602294921875,233.99925134760204,228.4028566965383,232.04052175915027,2498082
2022-01-05,232.2154541015625,233.08989093528047,228.12308545005135,230.71140566872322,565040
2022-01-06,231.8656768798828,232.60019527290146,229.45222270529828,231.5508710837004,349833
2022-01-07,232.94992065429688,233.7194291664086,229.73198955272557,232.94992065429688,417489
2022-01-10,231.16610717773438,234.31407946967693,230.50152671001405,233.64949900195657,326601
2022-01-11,228.57774353027344,230.46653526030374,226.54905474340288,226.65398287317092,381278
2022-01-12,231.34100341796875,232.07552177489563,228.7526620056997,229.45221143079357,405320
2022-01-13,231.83062744140625,232.94991056065692,230.88623164239633,230.92122191557436,291606
2022-01-14,230.8512725830078,232.7050739870703,229.6620302151296,232.21540227860044,220490
2022-01-17,229.10243225097656,230.81633684845883,228.7526575452499,229.52216616755936,285705
2022-01-18,227.91314697265625,230.7813032914746,227.42347528559688,230.7813032914746,243633
2022-01-19,226.79391479492188,229.83693748230877,225.95444700964458,228.05309512428525,292701
2022-01-20,225.39483642578125,229.17239910388645,223.5760036256404,227.35356630374557,398781
2022-01-21,228.05311584472656,230.43157965437786,221.61725250232473,225.3948365307436,2227785
2022-01-24,221.44235229492188,228.54279572811163,218.60918578654952,228.47283651894926,697303
2022-01-25,218.43426513671875,223.50599747376026,215.46118066328063,219.72843558898418,707511
2022-01-27,218.92398071289062,221.7571470809711,216.5105268818945,216.5105268818945,599365
2022-01-28,220.60292053222656,223.43608722940905,219.93834002372466,220.32310502548276,377815
2022-01-31,220.67288208007812,222.84146829169552,220.358076288815,221.2325130994849,264966
2022-02-01,222.45669555664062,222.9813575744629,220.18316014607746,221.47733072641614,336321
2022-02-02,224.17062377929688,224.97510135550849,223.3311559223908,224.55536742705544,237138
2022-02-03,226.164306640625,228.40287320224274,224.5553516015924,225.14997284594895,619741
2022-02-04,230.60647583007812,231.48091265739419,225.1499985670481,227.3535751021735,826825
2022-02-07,233.68447875976562,234.97864947612672,230.64145581540464,231.16611788837093,1048595
2022-02-08,228.9625244140625,236.02797806608388,227.28361001867,235.18853154266503,667055
2022-02-09,232.04052734375,233.99925697934316,228.08805644746965,230.78132570782418,434764
2022-02-10,232.11045837402344,236.4476727448585,231.5857963782878,233.64947543426845,691056
2022-02-11,228.78759765625,231.79567255570748,228.05307940617203,229.45217805283568,275139
2022-02-14,219.44863891601562,226.47910132107936,216.86029779006827,224.55534061487714,510584
2022-02-15,220.42800903320312,221.30244573886597,216.6854156632556,220.35804982703962,480791
2022-02-16,222.10693359375,223.78584787718893,218.7840739573081,220.8827221487451,639949
2022-02-17,221.44235229492188,225.2199361041561,220.3580592728419,222.52666666555513,346779
2022-02-18,221.93206787109375,223.50605416805186,221.05763103945034,221.44237470595127,231662
2022-02-21,218.50428771972656,221.37244490169988,217.41997319985958,220.35808960062374,230960
2022-02-22,216.30068969726562,217.59483904837708,209.55002070000967,215.95091498646704,627968
2022-02-23,218.92398071289062,234.17414821878572,218.2594002815867,218.64414389009806,382356
2022-02-24,208.95542907714844,216.37063616201354,207.1016059573772,214.062131518394,733004
2022-02-25,217.1051788330078,218.25943117044818,211.43882394637168,211.43882394637168,378004
2022-02-28,218.22442626953125,220.00826855624226,214.0620991358033,216.3356345024417,471318
2022-03-02,246.06646728515625,251.8377490338486,217.83964864456897,217.83964864456897,9273376
2022-03-03,238.12660217285156,260.0225103452387,235.64321043944332,251.83777414607036,8389106
2022-03-04,224.7652130126953,244.77233006295546,222.45670853897636,237.84679529324518,4485873
2022-03-07,223.4710693359375,231.3410002608422,220.70784060510496,225.3248710174265,3370332
2022-03-08,225.53472900390625,236.3777450266763,221.4773509025494,228.05311118858302,6205251
2022-03-09,221.72218322753906,230.3616009409299,221.40737746896778,229.80196997963952,1982633
2022-03-10,218.8889923095703,223.64594080658642,218.29437107887424,221.47733350269323,1670847
2022-03-11,219.06385803222656,220.42798770046284,216.37058896972565,220.3929974264912,1373085
2022-03-14,216.7554168701172,220.35809252582814,216.2307547450557,218.95899352566417,855693
2022-03-15,213.71231079101562,218.15445310826402,213.3625361416032,217.4898727349602,973924
2022-03-16,216.8253173828125,219.41363702317568,215.461187687578,215.461187687578,1119742
2022-03-17,216.89527893066406,220.28809772780545,216.23071982205173,218.2943777048623,1297589
2022-03-21,217.8396759033203,220.1482017007984,217.31501386051437,218.25940980727572,1053117
2022-03-22,218.95896911621094,220.358067960404,217.874676051383,219.13385647173507,1178316
2022-03-23,217.5598602294922,220.00828309381123,216.86031083968675,219.02891821779426,1050024
2022-03-24,217.59483337402344,223.08630046006766,217.14013053155367,220.35806205669547,2043996
2022-03-25,217.4199676513672,219.23880055073099,217.0701929148955,218.9589850312648,852759
2022-03-28,216.86032104492188,219.23878481247792,216.2307308341797,219.23878481247792,959106
2022-03-29,216.7554168701172,218.74913721506218,214.0971159606717,218.25944402558216,1291346
2022-03-30,217.69981384277344,218.6092196571244,216.86034589986744,216.86034589986744,722629
2022-03-31,216.96522521972656,219.86835073360854,215.60111680524196,218.60917045123017,1148619
2022-04-01,224.3105010986328,224.94009126157945,216.8253356528407,217.9445975653891,1339271
2022-04-04,227.38851928710938,228.61273071210994,224.7302401608151,226.30422627867296,797433
2022-04-05,232.84503173828125,235.0486081701657,227.38853338234122,230.85131159569846,2069155
2022-04-06,233.229736328125,234.34901949692494,228.752625001476,232.2503715611316,732422
2022-04-07,236.02798461914062,236.44771856678088,232.32038100352153,232.94997125070424,982237
2022-04-08,236.97235107421875,238.40641875532063,233.50957312426667,235.74813966645527,890129
2022-04-11,243.82789611816406,244.14270183760394,236.44765965934133,237.84675823720727,1506518
2022-04-12,238.09165954589844,243.47817750105705,235.81812383369746,243.44320856798365,712314
2022-04-13,246.55615234375,249.5642057091637,241.6243171092533,241.65930738239288,3585186
2022-04-18,240.67994689941406,245.99652626383497,239.94542861653937,245.99652626383497,543920
2022-04-19,238.86114501953125,244.84228369611517,233.01990341021335,243.79295962313182,543960
2022-04-20,243.0584259033203,244.7723089714136,239.28084240120936,239.28084240120936,534452
2022-04-21,244.70240783691406,245.47191656063902,240.85488556684587,243.02349329786836,599962
2022-04-22,241.5894012451172,247.57054036499676,238.93110058740612,244.4225679127329,1924985
2022-04-25,225.8495330810547,239.59567482696386,225.1499836655015,239.59567482696386,1840008
2022-04-26,225.91949462890625,229.2423543871507,221.2325049568029,225.98943249234173,1762087
2022-04-27,222.56163024902344,225.81453058566873,220.0432482195535,222.59662052704064,1364198
2022-04-28,224.9401092529297,226.65401388500032,220.74281269950376,225.95446445942935,1015521
2022-04-29,225.18496704101562,227.1437183393381,222.17691290061134,225.95447571719393,838605
2022-05-02,226.19927978515625,230.01181081879392,221.09255687470258,225.14995579173373,699894
2022-05-04,220.9526824951172,227.3535552422261,219.65851183402765,226.199303000707,612426
2022-05-05,217.5598602294922,224.5203851974776,216.96523897844693,222.59662437551262,548685
2022-05-06,213.2226104736328,216.47553168111656,210.80917828409125,214.13203734023298,741272
2022-05-09,216.19573974609375,217.87467543320506,210.98410937539415,212.6630237139514,625988
2022-05-10,210.52938842773438,215.98586489621792,209.55000224490973,213.39752372484236,562023
2022-05-11,206.68190002441406,212.3832239510227,200.77069844708967,209.96976973340372,873285
2022-05-12,200.17605590820312,205.17782983269856,199.47650651041207,204.5132707139291,548950
2022-05-13,199.05674743652344,206.05224053003755,197.97245454644903,202.1697504025575,415655
2022-05-16,197.44781494140625,201.68008020320912,195.13931049834162,199.1617194829761,448904
2022-05-17,205.52760314941406,207.27647663213048,198.84691498485859,200.42090111930338,821541
2022-05-18,203.56886291503906,208.46570841471353,203.11416010263684,207.7661590576172,371423
2022-05-19,199.68637084960938,203.35900494359603,197.7626101337116,200.70070459976975,339233
2022-05-20,205.42269897460938,207.66126583305714,202.93930687886282,203.67382528787076,591646
2022-05-23,209.3401641845703,209.8648262501958,200.21105278210842,204.2684308835239,741139
2022-05-24,206.6468963623047,213.32760619593202,204.47828886998298,209.8648279945994,365786
2022-05-25,213.0127716064453,222.45668758899708,203.00922469768142,206.71682761807747,5949768
2022-05-26,209.30520629882812,220.35807919188804,206.43704925233376,216.5105571742519,1752641
2022-05-27,207.27650451660156,211.96349462023383,206.64691424783686,211.5437606582053,439604
2022-05-30,208.67556762695312,209.58499461314221,207.5213154411674,209.3751169939205,247360
2022-05-31,210.52938842773438,213.01278011627,207.06661055637412,208.36078114206188,382712
2022-06-01,216.86032104492188,218.0145733227082,211.9984440175576,212.66302450856855,708301
2022-06-02,213.9221954345703,216.86031141902353,212.90786162577456,216.16076202734925,264475
2022-06-03,209.65496826171875,215.8809537868977,209.06034698912524,215.04148594928873,344104
2022-06-06,209.5500030517578,210.77421443645008,207.52131416969257,209.51503412304467,154736
2022-06-07,211.12399291992188,214.76165821079618,209.79485337660142,209.79485337660142,607057
2022-06-08,208.25587463378906,211.85854994212988,207.90609991747337,211.82355966136564,261209
2022-06-09,204.58323669433594,209.8648262830374,203.88368727339247,206.50699760193044,514985
2022-06-10,202.62449645996094,208.43076977679743,201.36531597361605,204.58324775362053,1034256
2022-06-13,196.25857543945312,201.47022700379918,193.2505215618039,198.70699833706874,586014
2022-06-14,193.9500732421875,200.84063917622842,189.647848655489,193.35545197606245,589705
2022-06-15,196.50340270996094,202.23971576071398,194.5796420506726,195.87381258208592,543382
2022-06-16,192.4110565185547,203.46394999635092,188.8783405404602,198.67203227218775,969370
2022-06-17,185.9751739501953,193.04062570447502,183.91149510587658,192.2711172532774,543481
2022-06-20,180.27386474609375,187.8289887135888,177.30076952048606,187.4792140604909,584569
2022-06-21,184.3662109375,186.88459270717942,180.5186897569913,181.25322933694605,634830
2022-06-22,173.20843505859375,183.4568294603578,171.5644897050629,183.2819421110152,668130
2022-06-23,175.13218688964844,176.46132640654824,172.0891428979618,173.628149358129,395882
2022-06-24,172.47390747070312,179.6093092475316,171.45956297105442,176.56626507430866,798772
2022-06-27,172.15911865234375,176.1115686543187,171.59947697459475,174.887357154239,735020
2022-06-28,175.72679138183594,176.63620765511345,172.15909616643674,172.3689524281905,298402
2022-06-29,177.3357696533203,179.78419250849436,173.8380227173574,175.23712149174256,491018
2022-06-30,174.43264770507812,178.69989265385374,173.87300604847306,177.33577345444414,249341
2022-07-01,173.1734619140625,174.18780644323397,171.63445531729096,172.08915817283355,310474
2022-07-04,173.38331604003906,176.98599103446892,171.94923769324444,173.80303925847994,332384
2022-07-05,173.90798950195312,176.11156589789624,173.48825558164157,173.73310214753613,277978
2022-07-06,172.8236846923828,174.18780391347633,169.32593762584713,173.4182952891277,356748
2022-07-07,179.43441772460938,180.41378259647556,173.80304302568737,173.80304302568737,589216
2022-07-08,184.01644897460938,186.56982119477857,182.6523405438533,186.56982119477857,980999
2022-07-11,189.85768127441406,190.20745593459117,184.01644017974647,184.01644017974647,761611
2022-07-12,187.30433654785156,191.29177634151225,186.25501253357788,190.8720424660924,779193
2022-07-13,190.03257751464844,191.08190154437983,187.82900132192287,189.57787470480855,780303
2022-07-14,198.46218872070312,201.4702428347161,195.8738472004184,198.67204501756726,6466717
2022-07-15,199.61642456054688,200.77067679505868,198.14736655818945,200.77067679505868,1663756
2022-07-18,205.24777221679688,206.26212729986253,201.92491284968403,202.16975938855006,1941113
2022-07-19,208.92039489746094,209.68990339983097,205.31772025971773,206.3670442133449,2560461
2022-07-20,209.82339477539062,212.94609797997387,208.20561099116057,210.68871884944411,3156045
2022-07-21,212.9460906982422,215.80542831383843,207.64125910819615,209.93625196045784,2947592
2022-07-22,208.6194305419922,214.56385697290216,208.0550858245657,214.4509926220659,1416962
2022-07-25,205.45909118652344,208.95804680937744,204.89474646841734,208.31845153620813,752631
2022-07-26,200.0790252685547,205.609608535442,199.40181614599132,205.609608535442,593234
2022-07-27,197.85926818847656,199.5523023499413,195.8652318054884,199.40180123917958,655614
2022-07-28,199.0255584716797,201.0195717616394,197.5958898654771,197.89686910416543,494063
2022-07-29,202.9384002685547,203.3146301370813,200.15429005615823,200.64338429259305,588967
2022-08-01,204.97000122070312,205.98582632674447,203.4274681449245,204.85713686741985,494511
2022-08-02,204.0294189453125,204.81951531486877,202.52449972319957,203.16409498524655,403498
2022-08-03,202.71263122558594,205.42149063985983,201.73444283640916,204.10468621268123,313021
2022-08-04,204.0294189453125,205.1581083618972,200.79385180306767,204.2175338480766,434407
2022-08-05,204.5937957763672,207.90461399218998,203.16412688354015,206.88881172837114,690443
2022-08-08,204.217529296875,206.17392883467042,203.38981915051028,205.87294958960445,344207
2022-08-10,205.19577026367188,207.00166895884075,203.54034973120582,204.59378872311703,539114
2022-08-11,205.34625244140625,208.6570706078253,205.04527314686783,207.6788821597634,577857
2022-08-12,205.94821166992188,208.05508946656346,205.42148073913862,205.49673129542848,867326
2022-08-16,220.62120056152344,227.24283695641086,204.2928153432634,205.42150493079527,5158878
2022-08-17,214.90249633789062,224.2329920871213,213.6985562172565,222.95380140333856,2997649
2022-08-18,212.83322143554688,217.3103426769209,212.34412724457277,214.45100512719037,1443038
2022-08-19,210.68869018554688,213.5104137148176,208.43131136213032,212.87081845553394,992701
2022-08-22,210.0867462158203,213.62329283917418,206.96402025683966,211.81739424818002,772130
2022-08-23,212.56988525390625,213.84907604958366,207.86701168634195,208.43135651444967,885701
2022-08-24,212.5322265625,219.22911251563644,211.3282865908334,211.9302450950442,791395
2022-08-25,211.89263916015625,214.30049622956676,210.8015634971488,212.5698482433265,369250
2022-08-26,214.5638427734375,215.5420539968543,212.1935997097539,212.41932839648803,638190
2022-08-29,214.2252960205078,215.95594422797606,209.52242267059543,210.61347550982583,713986
2022-08-30,214.4510040283203,216.67076922022784,210.95207118682333,215.35396480952764,457643
2022-09-01,213.96189880371094,216.10641332602955,212.94607371806052,214.45099296695142,453578
2022-09-02,214.7519989013672,217.68658720860074,213.69855988893056,217.38560791408287,873457
2022-09-05,216.29454040527344,218.4390320850394,214.45100503632915,216.70838403671155,706524
2022-09-06,215.95591735839844,218.02518137489878,215.42918642344543,216.2945333827605,437294
2022-09-07,216.4073944091797,218.0627918189805,214.8272245918619,215.76779913035514,326092
2022-09-08,217.19744873046875,218.17565994240084,215.57966525921756,217.46081417072907,685165
2022-09-09,217.87469482421875,219.7182302565332,216.85889260972658,218.21331087121445,527012
2022-09-12,217.79945373535156,221.97559558564754,216.93410677179375,218.43902606389983,662532
2022-09-13,217.04698181152344,220.47066382209772,216.70836580465578,220.47066382209772,490769
2022-09-14,218.02520751953125,221.97562111565733,213.3223341908097,213.3223341908097,1343291
2022-09-15,218.77764892578125,219.6429729531307,216.18165388048618,219.53010859534544,561891
2022-09-16,211.6668701171875,218.96573720946733,209.63524303442748,216.93408716346335,855108
2022-09-19,207.2273712158203,213.51041352815236,206.66302651045956,213.51041352815236,538419
2022-09-20,209.78573608398438,211.59165757024184,207.3026284852488,207.6788583010115,354395
2022-09-21,211.55404663085938,212.11839142338164,208.88282379822007,209.78576168830662,271931
2022-09-22,212.45697021484375,212.90845056231223,209.9738397853893,211.55400951990677,270528
2022-09-23,209.48475646972656,214.22526591826644,209.18377721027454,212.45698119452328,308887
2022-09-26,205.0076446533203,207.6788672753679,202.41164962707958,207.6788672753679,296586
2022-09-27,206.17396545410156,207.75413547541407,204.6690459982322,206.92642518203624,217422
2022-09-28,200.22952270507812,205.79771966835503,197.63352765924625,204.33041412710278,308238
2022-09-29,201.5463104248047,205.00762921132306,200.26711990698982,201.8849034701711,215429
2022-09-30,201.0572052001953,203.16408279948513,200.53047431875106,201.5462993253972,459950
2022-10-03,200.19187927246094,202.6750098777365,198.6493461862374,201.0572262343993,342434
2022-10-04,204.932373046875,206.92638635914153,200.26711442366212,206.92638635914153,1136013
2022-10-06,214.11236572265625,214.67671041139624,206.36204118259133,208.20557635110632,1178145
2022-10-07,216.55787658691406,217.00935696644072,210.83920165706328,213.20944494552066,550838
2022-10-10,218.02520751953125,218.55193851764753,212.53226065688395,214.45102378970284,433434
2022-10-11,215.8806610107422,218.66477079810565,212.38172836025507,218.02517552660373,639022
2022-10-12,217.79945373535156,218.0627962408733,212.8708292757565,215.8806678599687,414835
2022-10-13,217.57371520996094,218.0251956175216,213.88666731416916,217.68657957103926,312524
2022-10-14,214.5638427734375,220.28254012422147,213.69851885663158,218.9657358707035,280350
2022-10-17,208.3560791015625,214.56387141097835,207.67886998773014,214.45100705254742,373337
2022-10-18,211.10252380371094,211.44113979651178,209.07089673663737,209.10851052995133,305689
2022-10-19,211.77978515625,214.37575726247232,210.68870943992306,210.68870943992306,237621
2022-10-20,209.44715881347656,211.4411723946557,208.58183476465322,210.12436794024057,234039
2022-10-21,211.55404663085938,213.47283270338409,209.25905365990155,209.8986490174098,653505
2022-10-24,213.13418579101562,213.5104155982372,211.6668803575535,212.94607088740486,123463
2022-10-25,213.8490447998047,214.22527463023133,211.10254866709298,212.94608402148214,287573
2022-10-27,213.7738037109375,216.55789080147778,213.02134401675133,215.20347253724168,284662
2022-10-28,213.3223419189453,214.82726143865568,212.94611203901772,213.6985717988729,169733
2022-10-31,213.47280883789062,214.52624774017846,212.2688688224563,214.41338338694152,419177
2022-11-01,213.39756774902344,214.22527798156,212.64510807639869,212.94608735279922,288825
2022-11-02,216.896484375,220.47066755203815,213.39755175223272,213.39755175223272,1146681
2022-11-03,215.0906219482422,218.8905344618957,214.56389094328574,215.39160125253917,317644
2022-11-04,217.38558959960938,218.96575946676103,215.61730481882648,215.76780593503,359041
2022-11-07,218.81524658203125,220.6963956171699,217.08459865500168,218.47665353365332,644150
2022-11-09,219.8310546875,221.97556901469744,218.96573079076933,219.56768925025764,603701
2022-11-10,220.35781860351562,220.88452659373422,217.648959203152,219.83108765005025,452302
2022-11-11,223.1418914794922,224.45869581657996,220.69639771061486,222.088452602471,941418
2022-11-14,232.77337646484375,233.2624706008742,227.46852262968386,227.99525352278994,2416967
2022-11-15,236.49806213378906,237.02479308149094,232.99912930475918,234.3911842694744,996538
2022-11-16,240.07223510742188,241.95338417725986,237.43862640964875,240.78708093925852,1639754
2022-11-17,243.98501586914062,245.903778589676,240.74944889950427,242.25436804133398,2636045
2022-11-18,243.34547424316406,245.903832755158,242.29203520448996,245.41473851897882,1233833
2022-11-21,244.17315673828125,244.54938656376396,241.2761824894151,243.72167635505275,1152337
2022-11-22,240.44850158691406,244.39891523596467,240.1099084806591,244.06032212970973,1190367
2022-11-23,238.07601928710938,241.75334646524297,237.28520039011332,240.4880314032738,1784660
2022-11-24,234.24057006835938,238.35281390726635,231.55176647560438,237.64108171725147,1088237
2022-11-25,234.95230102539062,235.50585977744043,232.02626142927855,232.02626142927855,683382
2022-11-28,238.11558532714844,238.78778624633637,234.39872669202362,234.9523095981498,576400
2022-11-29,239.73675537109375,240.36942499955978,235.1104597735526,235.90127870872618,495661
2022-11-30,242.97911071777344,243.25590216375562,238.43190197366542,238.43190197366542,495922
2022-12-01,242.78138732910156,244.7584344571887,241.12066291473315,244.2048516077739,604601
2022-12-02,241.51608276367188,245.94467334849085,240.56711458156025,243.5722166923961,828054
2022-12-05,248.35665893554688,249.10794652305606,242.06966333695777,242.06966333695777,1227211
2022-12-06,249.14749145507812,252.19214912828522,247.64494033166685,248.71255070199635,830567
2022-12-07,249.14749145507812,251.71765294881897,246.7355033991188,250.41280655569543,444698
2022-12-08,250.84776306152344,251.79673125487153,249.18703855581748,250.6895896290267,490930
2022-12-09,250.65003967285156,252.82479147140995,247.17041748805767,252.82479147140995,638318
2022-12-12,250.80824279785156,251.67814853078283,247.21002597594415,250.37330199832633,529141
2022-12-13,250.84776306152344,252.6666368658487,250.09647545798012,251.04546778520563,337990
2022-12-14,251.63858032226562,252.90387123851374,250.01738711827218,251.480406890796,420848
2022-12-15,252.31076049804688,252.66663865674823,251.16408757288895,251.87581975641413,388016
2022-12-16,252.7852325439453,256.541621962093,250.76865419406874,251.95488243137856,1124919
2022-12-19,256.2253112792969,256.93704342829744,251.67810282295133,253.02250454185625,699822
2022-12-20,259.7839660644531,260.1398441646662,253.2201799239844,254.60411277212077,1039966
2022-12-21,255.71128845214844,263.3426857808852,253.06204039003984,261.7610480284475,790394
2022-12-22,253.22019958496094,258.1628172834972,246.02374338911702,256.2253014921208,752259
2022-12-23,247.64491271972656,249.50334180399577,243.7699052649182,246.93318059682306,993236
2022-12-26,248.35665893554688,249.85923411056524,242.7813955002483,246.1028444407731,351079
2022-12-27,254.32733154296875,256.62070124193065,247.9216944201703,249.30562732363217,366016
2022-12-28,256.4230651855469,258.0837899410499,252.03402931317862,252.94346635213373,297658
2022-12-29,257.9651184082031,258.2814411212865,253.25973659925668,253.25973659925668,447463
2022-12-30,254.40643310546875,260.8120464684349,253.4969721229881,259.34905090644634,327330
2023-01-02,257.09521484375,258.16282512584024,255.63219513376526,255.67172642300423,241376
2023-01-03,262.27508544921875,265.7942392358263,259.3886012679817,260.5352983356748,1354277
2023-01-04,262.5914001464844,264.0939753295687,261.24702252724705,262.9472782969784,638125
2023-01-05,267.0595703125,269.31338502339486,263.5799476091888,264.5684713012933,1187757
2023-01-06,263.18450927734375,267.6526551828812,261.20746210989415,267.0595410326463,330906
2023-01-09,267.8503723144531,270.2228290253557,264.2126005309603,264.5289232656384,535175
2023-01-10,271.80450439453125,273.3070556923051,268.95755112123913,269.43204735576796,780956
2023-01-11,268.4039306640625,274.5327771580342,266.7432061421462,272.8325213445466,507764
2023-01-12,272.91162109375,273.54426659236765,266.54551414472047,269.6692586121073,599868
2023-01-13,276.54937744140625,276.78661345653234,272.9116056949164,272.9116056949164,647059
2023-01-16,272.3580017089844,279.0008750903985,268.8784036648032,277.972820259348,388733
2023-01-17,274.8490905761719,278.32871293610253,270.9740829122966,273.62333097247597,809639
2023-01-18,285.76239013671875,287.77896850735664,277.1820009717317,277.6169416763397,2252175
2023-01-19,298.57366943359375,302.88364214111107,287.8580828704032,287.8580828704032,3152013
2023-01-20,279.1590576171875,282.1641596320373,269.0365858613896,272.8325067363447,5818613
2023-01-23,273.781494140625,284.69478456194935,270.3018719111004,284.69478456194935,2107210
2023-01-24,280.7012023925781,282.3223716237002,272.9907174532754,275.2050009104977,1278140
2023-01-25,283.1131286621094,283.9039474572549,278.7636252888088,283.9039474572549,1109433
2023-01-27,273.9001159667969,283.1131508246795,269.2738208262664,281.25472168383163,1306217
2023-01-30,271.1475830078125,275.2558797200521,268.80584886682533,274.3520494283488,1021008
2023-01-31,273.48931884765625,275.9953698276682,271.1475846921227,271.1475846921227,590476
2023-02-01,273.11956787109375,281.82916215383227,266.3819761241102,277.26896270876995,949631
2023-02-02,282.4454040527344,285.5266266424006,271.5173446314064,271.5173446314064,1353291
2023-02-03,284.4995422363281,287.25210599932916,279.6106592061449,282.65080874887184,695416
2023-02-06,278.090576171875,283.2670192861709,275.2558418009203,275.9542571607982,556891
2023-02-07,272.8319396972656,279.5284825408544,271.3118901684019,278.5424814261401,573595
2023-02-08,270.28485107421875,276.200783302384,268.8880201602481,272.1746575342466,346573
2023-02-09,268.88800048828125,273.20171172606115,267.24468192150795,270.36697716835664,559495
2023-02-10,271.0243225097656,271.96922568065486,268.68258851230854,268.8880033353302,205428
2023-02-13,267.81982421875,271.06536298886266,267.0392379547091,271.0242900591968,276106
2023-02-14,268.0252685546875,270.1615626337148,267.2036092704304,267.8609266678155,180115
2023-02-15,265.1905212402344,268.6415000981676,263.62937369023604,267.03925454090216,268049
2023-02-16,266.87493896484375,270.2848452266368,265.4370351448283,267.03928086000946,267210
2023-02-17,266.1765441894531,267.655520921238,265.43703074850845,266.8749345447085,135607
2023-02-20,263.9169921875,267.1625315619015,263.34182061479424,266.71062895124226,157990
2023-02-21,264.32781982421875,265.3959669366671,263.8348192049914,265.3137959876203,92681
2023-02-22,259.56219482421875,265.72464021451384,258.82270639239425,265.72464021451384,366016
2023-02-23,259.43890380859375,263.6293709278755,258.82265938149493,259.64431861762665,243213
2023-02-24,262.889892578125,263.75262477868915,258.86374210868996,259.6443284425725,219964
2023-02-27,253.5640869140625,261.8628515764499,253.07108627643524,261.8628515764499,395864
2023-02-28,249.78439331054688,252.70127339977893,243.1700468729679,252.24937087611147,636946
2023-03-01,255.98793029785156,258.00100549815994,247.52485002012955,249.78441296637138,743898
2023-03-02,256.76849365234375,259.64430078125,254.6321747701466,255.98790740162136,244043
2023-03-03,256.15228271484375,259.3567489190408,254.8376228406715,258.41184575402843,344245
2023-03-06,256.3166198730469,260.21950141417324,255.5360335348012,256.7685224425253,492230
2023-03-08,254.67330932617188,262.68448747793013,254.09813778781978,256.35770085626444,829264
2023-03-09,256.070068359375,257.17931322375205,254.755408708078,254.755408708078,238206
2023-03-10,250.11309814453125,256.27554319609686,249.537951651417,255.5360548049196,687462
2023-03-13,246.86753845214844,258.0010115644806,244.44363356825792,252.2493966569922,3529283
2023-03-14,242.26626586914062,250.3185175191954,241.23919167525335,247.48380778909868,1644635
2023-03-15,242.4716796875,254.6733260745421,241.56784938567216,243.53982681462614,2796338
2023-03-16,250.48284912109375,251.4277523256076,243.4165739426838,243.66306170906046,1996713
2023-03-17,256.43988037109375,261.2876653740291,253.892731448349,256.35770942357567,6324640
2023-03-20,255.20741271972656,260.6714426732808,254.34465531123604,260.3016859160628,1409324
2023-03-21,255.20741271972656,259.6443684310693,253.97492362907275,258.7405380829122,1566260
2023-03-22,261.08221435546875,267.03924363659274,260.342726080408,263.7526067918347,10748992
2023-03-23,263.13641357421875,266.8749536824101,260.7125083996415,262.9309987314598,4468037
2023-03-24,265.47808837890625,266.21757663231966,263.17742760989415,266.21757663231966,2726902
2023-03-27,270.4080810546875,270.9010816504448,266.25868653836994,268.27176185644055,2633761
2023-03-28,270.1615905761719,272.42115384158257,265.6424640453505,271.969251218522,1943385
2023-03-29,266.77117919921875,270.25079783010466,263.2023339925402,266.77117919921875,2729086
2023-03-31,261.7301940917969,265.8789712512665,260.7933558763499,265.8789712512665,1891210
2023-04-03,266.05743408203125,266.681965686916,261.73020361133734,262.3101355402051,792375
2023-04-05,272.7489929199219,273.9088566660191,265.5220762723592,266.77116659003167,2122227
2023-04-06,277.745361328125,278.86062543115816,270.6522979697107,271.4106830053987,1107348
2023-04-10,279.0836486816406,281.00192451811,276.89774760817784,277.74533189980133,839201
2023-04-11,278.41455078125,280.1097741890637,276.94240744700227,279.1729359013566,741347
2023-04-12,279.48516845703125,279.97587374343885,277.834572232011,279.2621156490049,507479
2023-04-13,285.2399597167969,287.11358163943595,278.94985379837476,280.06511790857786,1314001
2023-04-17,284.4815673828125,286.2659899133892,282.92019766855793,285.239952403933,767761
2023-04-18,288.451904296875,289.8794478318944,284.6154065728806,284.6154065728806,1129990
2023-04-19,289.47796630859375,290.8608829281975,288.54112810952495,289.076460333546,789880
2023-04-20,292.2438049316406,293.0914165709664,290.0132766472345,290.59323578368287,794274
2023-04-21,289.6117858886719,292.6452987841011,286.3998198466355,291.7084878347322,1221091
2023-04-24,284.12469482421875,285.5076114258115,280.1543437115775,285.5076114258115,892063
2023-04-25,282.6971435546875,284.7938454641169,282.1172116805373,284.124687018222,302289
2023-04-26,279.44061279296875,282.20644626555816,278.86065361826746,281.49268805872157,401604
2023-04-27,276.8531494140625,278.99447826950274,275.8717387881344,278.3699194819781,329620
2023-04-28,280.46661376953125,280.9573190690811,277.7453531018523,277.9684059158525,554348
2023-05-02,281.22503662109375,283.5447644163102,281.0465834546323,282.29567393547126,407894
2023-05-03,280.46661376953125,282.25103628153323,278.36991187230365,282.25103628153323,466517
2023-05-04,278.9498596191406,282.5187048462606,277.968421736057,281.58189386539294,404326
2023-05-05,277.9237976074219,279.7528197341337,277.12081294760026,279.26211444983323,348800
2023-05-08,279.66363525390625,280.6004462021219,278.36991801291583,278.59297083183645,268684
2023-05-09,280.3327941894531,282.4740958091227,278.59297130765003,280.3327941894531,408045
2023-05-10,280.4220275878906,281.4926921418059,278.9052845693298,281.4926921418059,214245
2023-05-11,279.88665771484375,281.04652135617505,279.30669866605376,280.42196263968935,146651
2023-05-12,276.8977966308594,279.26215125174184,275.96095838083687,279.26215125174184,339326
2023-05-15,276.3178405761719,278.8160212351883,275.55945555278674,278.8160212351883,308715
2023-05-16,277.076171875,279.12827393192737,276.5854666158024,277.6561309262101,242696
2023-05-17,278.68218994140625,279.79745400614047,276.71931429622344,277.8345783609576,314221
2023-05-18,276.8531494140625,279.7082364025645,276.5854969211962,278.90525169583816,303319
2023-05-19,275.1133728027344,278.5483919157021,274.3995873921234,277.3439011581512,330855
2023-05-22,275.4256591796875,277.388507845189,274.8011003331329,276.54092338558496,330803
2023-05-23,274.3996276855469,276.5855566860935,273.9981488594954,274.8903603326764,533927
2023-05-24,273.5073547363281,276.31784202764374,273.1058760005168,274.39956600896744,480513
2023-05-25,272.0351867675781,274.265714745712,271.58908117195136,273.016624523582,363830
2023-05-26,272.6597595214844,274.6672348050926,271.7229213855915,274.6672348050926,442425
2023-05-29,273.6412353515625,274.8010992297869,272.34751798666383,274.13194070893513,453398
2023-05-30,273.5966491699219,274.62268694232176,272.5260117140788,273.90892863842635,370133
2023-05-31,273.0166931152344,274.0427307973287,271.5891494049532,273.59662508962407,343628
2023-06-01,272.7043762207031,273.99809348661864,271.6783386795259,273.6858140884879,283062
2023-06-02,273.4627380371094,274.0426698825907,272.12442121147916,273.01663242856597,273163
2023-06-05,273.8196716308594,276.49630581538025,272.5705811237092,272.88286055752945,421092
2023-06-06,273.9534606933594,276.05016263214173,273.37352881109035,274.80107229460987,255148
2023-06-07,272.52593994140625,276.40703713539256,272.213660555144,276.40703713539256,710622
2023-06-08,271.41070556640625,273.4627807953149,270.8753733068254,273.4627807953149,712681
2023-06-09,268.15411376953125,272.9720769034517,266.7711970506544,272.9720769034517,854118
2023-06-12,266.7265625,269.04628995376834,266.50350968882026,268.55558466042345,697003
2023-06-13,271.0984191894531,271.76757768972584,267.26189411767865,267.4403472756697,984236
2023-06-14,269.5816650390625,272.92745773910417,268.5556273900092,272.1244729367203,790046
2023-06-15,271.1429748535156,271.8567601414905,267.797182895234,270.38458989734687,1066599
2023-06-16,271.6783447265625,276.13940129021705,271.1430124932983,272.0352238060292,803574
2023-06-19,273.99810791015625,274.3103873247257,271.6783529809492,273.15049624605757,661796
2023-06-20,274.89031982421875,275.0687457556817,273.0166705610173,273.99810848251605,485539
2023-06-21,274.71185302734375,275.4256384021497,272.6151510328014,275.1579586760495,488122
2023-06-22,277.2100524902344,277.87921094275845,273.86426022761384,275.5148292946716,655279
2023-06-23,275.2026062011719,279.7974892815504,274.80110019599715,279.7974892815504,333504
2023-06-26,273.90887451171875,275.6486974723443,271.23224055883554,275.20259181353043,577649
2023-06-27,272.3475036621094,274.3549791190782,272.12445083355726,273.9981000390206,362332
2023-06-28,273.8196716308594,276.00560043947047,272.9274602360191,274.4888301769896,349310
2023-06-30,274.22113037109375,274.8010622321272,272.3920809901405,274.8010622321272,347574
2023-07-03,276.18402099609375,276.5855270071951,274.9795574190506,275.6933156297525,329058
2023-07-04,277.2546691894531,279.128318417212,276.58551069583416,277.2100695144634,388875
2023-07-05,277.9237976074219,278.7267822672435,277.03158637914765,278.7267822672435,311186
2023-07-06,299.7383728027344,301.87967430334396,281.93874792090776,281.93874792090776,6685794
2023-07-07,303.88720703125,306.92072033310217,301.1659459356041,303.3518747478335,3390644
2023-07-10,292.511474609375,296.2141459886071,289.12105539672524,295.32193470550885,2648867
2023-07-11,295.27734375,297.1063660430981,292.5114832451143,294.3851324405613,1207370
2023-07-12,296.7940979003906,297.1063773161686,295.857286881186,297.0171507362136,624584
2023-07-13,295.0543212890625,297.9986080219793,292.6007399355881,297.4186760567843,1090510
2023-07-14,299.4751281738281,299.88531678556956,295.37335332417746,297.87999351007505,563672
2023-07-17,295.28216552734375,298.92818688126346,294.4162243290137,298.5179983521733,720807
2023-07-18,291.9551696777344,296.37597644905776,290.31447107785266,296.37597644905776,442325
2023-07-19,294.6440734863281,298.9737234447506,290.49673570555973,291.68168140951275,607414
2023-07-20,294.552978515625,295.9202366809306,293.50475281894506,295.9202366809306,208681
2023-07-21,289.9953918457031,294.9631066213197,287.67106456797154,294.9631066213197,950300
2023-07-24,288.5369873046875,289.8586810968397,285.30115466449945,287.12416523743553,763349
2023-07-25,289.9042663574219,291.6817129223166,284.3896700992587,288.0356915107876,572162
2023-07-26,291.54498291015625,293.9149023115973,289.85869250046153,291.68170314511855,562029
2023-07-27,292.0462951660156,293.4591450837998,286.9874518325891,292.68436000849033,816751
2023-07-28,291.8184509277344,292.5020799840153,288.856058350517,292.046327279828,497223
2023-07-31,293.45916748046875,294.41623700028947,290.0410223140567,291.9551613536982,632384
2023-08-01,293.73260498046875,295.6467718175844,292.0463144854636,294.91755083266895,406743
2023-08-02,292.59320068359375,295.96578141326245,291.0436305500846,294.4162112797532,580855
2023-08-03,289.94989013671875,293.5047558397126,288.126879230882,293.5047558397126,485555
2023-08-04,290.041015625,293.0489721752971,288.71932173102755,290.67905268452023,362429
2023-08-07,288.7193603515625,293.4136080030461,288.0357312426006,293.4136080030461,411143
2023-08-08,291.180419921875,292.54767806303215,287.8078387135788,291.0892638157436,427000
2023-08-09,292.2286376953125,292.5932342930379,289.9042822280559,290.8157876308379,235747
2023-08-10,290.587890625,293.4591546932224,289.8586974813808,292.5476493552306,225424
2023-08-11,288.5369873046875,291.6816916697758,288.0356705239036,291.6816916697758,279237
2023-08-14,288.5369873046875,289.8131169592898,286.21265995096746,288.9471758103716,234103
2023-08-16,286.3949890136719,288.8560367420167,286.2126768188602,288.7648806446109,207990
2023-08-17,286.212646484375,289.2206026614187,285.34670537620025,286.53167888301476,231013
2023-08-18,286.7140197753906,287.94455766024674,284.4352562171156,286.2127029193453,246539
2023-08-21,287.2153625488281,288.810497029071,284.6631306902769,288.035711860994,243071
2023-08-22,288.30914306640625,288.8104877199141,285.75693910705735,287.9445464746331,190788
2023-08-23,286.3038330078125,289.4029456020537,285.84808033757304,288.30912806670483,322539
2023-08-24,288.1268615722656,288.7193345169635,286.30385077815697,286.30385077815697,305984
2023-08-25,286.62286376953125,289.8586965825943,285.5746103805428,288.9016271074447,344870
2023-08-28,288.218017578125,289.22065126099676,286.3038506815692,286.622883133818,475282
2023-08-29,287.4888000488281,289.72199942465176,286.94189124077565,288.99277840826926,219232
2023-08-30,291.6361389160156,293.96046636046395,288.126837862744,288.126837862744,567027
2023-08-31,289.9953918457031,293.00337588286897,288.9927304999812,292.593187390595,219124
2023-09-01,291.40826416015625,293.50471528542096,289.99541421318656,289.99541421318656,281397
2023-09-04,294.8719787597656,296.1480806778736,291.5449898178262,291.68171005602784,667679
2023-09-05,295.3277282714844,297.560927466978,292.27417983862364,296.2392336056556,535157
2023-09-06,293.0033874511719,296.2392201133285,292.5931989427029,296.2392201133285,291816
2023-09-07,292.5020751953125,294.37067794205103,290.7702205111414,293.50473669149693,263613
2023-09-08,291.8640441894531,294.27952796902656,291.6817319801904,293.50474280506666,295099
2023-09-11,291.6361389160156,293.50471369943995,290.5878855421126,292.2286118119598,391440
2023-09-12,287.3065185546875,293.50474426328617,286.7140177801089,293.45918011921293,388769
2023-09-13,286.98748779296875,288.9016547433092,284.8454444870386,288.44590203213,297983
2023-09-14,292.7755432128906,293.50473640015343,288.40030063850253,289.676402624681,555890
2023-09-15,293.0489807128906,294.87199147937827,292.7755402246922,294.37067464536887,538269
2023-09-18,289.9953918457031,293.9148811395375,289.4029189922552,293.9148811395375,299525
2023-09-20,287.6710510253906,290.67900710401915,286.94183016422534,289.99537819370073,239370
2023-09-21,285.665771484375,288.03569096073016,284.52638979544804,287.6710943836607,233391
2023-09-22,286.0303649902344,287.0786183863403,284.43523064286416,286.1671130449859,195355
2023-09-25,285.5746154785156,287.53437423765433,281.8374657911715,287.53437423765433,350059
2023-09-26,283.8883361816406,288.4914268096497,282.61220651092583,286.98744863137483,276885
2023-09-27,283.4781494140625,284.3896547176447,281.8374509943883,284.3896547176447,199242
2023-09-28,271.5830078125,283.8427370710663,267.9825508494836,283.4781405244537,1140485
2023-09-29,281.33612060546875,289.4029485132407,273.63391709110454,273.72504537252075,2289398
2023-10-03,279.8321533203125,283.88836341215364,276.73304057331205,281.33613164284867,703140
2023-10-04,280.88037109375,282.01975279364103,277.2799416122559,279.8321454932374,369670
2023-10-05,277.5533752441406,280.33345539649497,273.95291803456075,273.95291803456075,292298
2023-10-06,278.51043701171875,279.69541060772156,275.77592107516017,279.33081404623397,326063
2023-10-09,284.2073669433594,286.6684426012096,276.00381850644084,280.74365761899065,1103868
2023-10-10,288.9927673339844,289.7219883224229,285.3011817007335,287.07862830455736,601029
2023-10-11,289.22064208984375,291.49940550945155,285.11886793454977,289.85870697410843,461120
2023-10-12,289.58526611328125,293.4135719630733,287.12419049653647,287.7166634214754,555523
2023-10-13,290.4056091308594,292.13746372685137,289.0839152508747,289.585259881909,365388
2023-10-16,293.41357421875,295.8746498544148,289.4941122387734,291.8184398148396,710371
2023-10-17,292.7755432128906,295.3277471852476,291.77288171770147,295.0543066942583,473925
2023-10-18,285.5290222167969,295.7834563746228,282.15644163367205,292.410875791498,2046808
2023-10-19,286.5773010253906,287.12420984562704,282.5666827052203,282.5666827052203,205302
2023-10-20,281.2905578613281,287.8533797212158,273.7250467315266,286.7595899863691,1532582
2023-10-23,276.5963134765625,280.65249565098003,275.18346347401933,278.92064102499637,499171
2023-10-25,273.17816162109375,280.65248872156786,270.35248950271034,278.8750699981024,512926
2023-10-26,268.62060546875,273.13253971850503,264.7922723323527,272.5400668756401,557107
2023-10-27,269.6232604980469,273.1781534728143,267.3900891710311,270.0334490157307,346211
2023-10-30,266.934326171875,269.6232500512728,265.5670682551506,269.6232500512728,325580
2023-10-31,269.3953857421875,270.76264371986787,267.162214402137,267.4812468269827,228054
2023-11-01,266.6153259277344,269.94231502977,265.3847880908344,269.6688745402086,315882
2023-11-02,268.25604248046875,270.26136559479414,266.6153437992489,268.89410742146464,213238
2023-11-03,272.63128662109375,273.26932374818347,268.62066819031935,269.6233019353088,211812
2023-11-06,269.85113525390625,273.1781518810038,269.1675062730398,272.5400870387547,333777
2023-11-07,266.84320068359375,271.1728512497665,266.2507277484522,270.62594245696783,393766
2023-11-08,270.7170715332031,271.1728241788819,267.8002434740853,267.8002434740853,197817
2023-11-09,270.35247802734375,271.62857988624125,268.8940639813462,270.7170745846096,186227
2023-11-10,275.0923156738281,278.82949333755505,269.21312259638296,270.3525043342914,331948
2023-11-13,274.59100341796875,277.6445520899046,273.58834190849075,277.05207913969315,247756
2023-11-15,277.3710632324219,279.4675422000269,275.77592889088857,277.96356395568256,306698
2023-11-16,276.6874084472656,278.82945135540257,274.68211358063763,278.82945135540257,300970
2023-11-17,280.3790588378906,281.3817203135079,273.54276852723143,273.72505291202043,334149
2023-11-20,278.1003112792969,281.60961273585474,278.0091551732295,280.37907484629056,119971
2023-11-21,276.9609069824219,280.10558375908835,276.4595623482733,279.8321432800515,142123
2023-11-22,273.0414123535156,277.0976222267003,271.8564665431361,276.9609019896466,290073
2023-11-23,274.68212890625,275.7303544423962,273.0414026689941,273.0414026689941,115557
2023-11-24,274.3631286621094,277.0064887901508,273.36046714680054,277.0064887901508,132414
2023-11-28,274.1808166503906,275.9582633295775,273.4516234479711,275.9582633295775,197865
2023-11-29,273.22369384765625,276.1860858576809,272.99581753919284,275.7758973756738,636251
2023-11-30,272.7679748535156,274.2263889708397,271.17284049764714,273.4971680037099,382853
2023-12-01,273.58831787109375,275.27460828656734,271.49186674932764,274.3175388216165,395237
2023-12-04,289.7675476074219,290.77020906413367,285.30117691872675,290.6790529649897,2209533
2023-12-05,296.2392272949219,298.0622379244291,291.68170072115385,292.5476418969436,1829812
2023-12-06,296.83172607421875,302.6197908910955,296.2392531313435,300.2954632625321,2934514
2023-12-07,295.46441650390625,298.6091206929409,294.41619104653876,298.06221198829155,861934
2023-12-08,294.0971984863281,297.05959090275945,291.86402704717995,295.46445652468105,676456
2023-12-11,296.55828857421875,297.87995471905157,294.91756215785534,295.3277507161805,565522
2023-12-12,296.1480712890625,297.83436168525037,295.510034258704,296.46710371270905,453205
2023-12-13,296.6949768066406,297.1507294591854,294.96312229035743,296.14806806020005,879874
2023-12-14,296.32354736328125,301.895284280149,295.3020565939916,301.895284280149,846426
2023-12-15,293.7698059082031,297.1592732002805,292.05184819215066,297.1592732002805,778336
2023-12-18,292.7947692871094,293.7698402699401,288.84812222828583,293.4448166089965,401872
2023-12-19,289.68389892578125,292.42331923070276,288.3373845062081,291.77330026278275,541553
2023-12-20,284.99432373046875,291.58755109506797,283.926413208016,289.82317349197416,681204
2023-12-21,284.6228942871094,285.5979369122347,281.0941389073689,282.3013372374592,472198
2023-12-22,287.7801818847656,289.73029530952005,283.2763559212254,283.2763559212254,480182
2023-12-26,289.4517517089844,290.56608211780133,287.8730815390101,288.84812418914,311187
2023-12-27,289.68389892578125,290.8910972514322,288.1980967516052,289.7303187308758,306296
2023-12-28,290.2875061035156,294.8377523618662,288.8017038883162,289.8231946824733,1639625
2023-12-29,295.3484802246094,299.0629715506315,291.3089935790161,291.3089935790161,1519854
2024-01-01,295.6270751953125,297.9021840605518,294.23414098990594,295.34847135063984,579455
2024-01-02,294.6520080566406,296.41641407775097,290.38036577630004,295.6270790166205,566897
2024-01-03,296.0449523925781,299.01655683975724,295.3949334030404,297.2521790976973,787990
2024-01-04,295.5342102050781,297.06643217849745,295.20918655269963,295.34847430677064,447976
2024-01-05,295.7663879394531,297.1593222625589,293.1662552053843,295.3020764984179,524841
2024-01-08,292.9340515136719,295.5806036227135,292.2375844661732,295.3020281394407,451664
2024-01-09,291.4018249511719,295.16276431601864,290.19462664007676,294.2341415107704,371112
2024-01-10,294.6055603027344,296.3699378171412,288.8016682557932,290.6589137108144,417359
2024-01-11,294.6520080566406,296.18425837384905,293.9091211398821,295.71994696604514,319079
2024-01-12,293.8162536621094,296.13781070485567,293.39839039800665,294.37343302023237,310597
2024-01-15,298.78436279296875,302.22027822297355,293.4447821059149,293.4447821059149,1709160
2024-01-16,297.7164611816406,300.82735308147903,294.6519890838659,299.01652737191586,939904
2024-01-17,293.3519287109375,296.1377970336232,291.58755110776684,296.1377970336232,765447
2024-01-18,289.7767333984375,292.934073589829,282.6727746464443,292.51618199410984,890971
2024-01-19,292.65545654296875,300.40946224085116,290.70534308312443,291.6339658412105,1814063
2024-01-23,288.5231018066406,294.3734138373982,285.73723353688604,293.8626826570035,613374
2024-01-24,289.0338439941406,289.7303110881024,286.0158199203062,287.8730655042043,420648
2024-01-25,290.84466552734375,291.9125760546281,288.80168407915943,289.2659954683542,331791
2024-01-29,291.5875549316406,292.5161777180471,289.3124177692173,291.5875549316406,366623
2024-01-30,295.3484802246094,296.6949946660203,290.6589462612343,291.68043704375435,733697
2024-01-31,294.6055603027344,296.7878293802476,293.49120169399504,295.859206652737,491387
2024-02-01,294.6055603027344,298.08789553089906,293.44478189334615,297.1592728033885,504653
2024-02-02,295.48779296875,298.5058171369063,293.9091228373712,296.1378119398381,707719
2024-02-05,292.9804992675781,296.9271462466184,292.0518764489804,295.48779221351975,802078
2024-02-06,293.3519287109375,295.9520894823683,291.1232397206526,292.9804852691097,433851
2024-02-07,293.3519287109375,295.9985092853525,292.5161738819954,294.37341943045254,430490
2024-02-08,291.91259765625,294.55917843837176,290.6589511447902,294.37344253322203,403828
2024-02-09,290.2875061035156,292.2840395461335,288.3373924672739,291.9125960771637,290538
2024-02-12,286.29443359375,293.8162848792881,284.5300557216663,291.5411757392642,439066
2024-02-13,286.38726806640625,288.7088250843559,283.2299561898585,286.29440011782447,331920
2024-02-14,288.105224609375,288.80169171157337,283.88000219176604,284.1585776969178,228976
2024-02-15,292.4233093261719,295.3020456275113,287.8730633475739,295.3020456275113,398989
2024-02-16,290.7982177734375,293.8626899498092,290.1946186345413,292.51617558361767,225066
2024-02-19,288.8945617675781,292.42331710873543,288.33738241389034,290.9375149453411,278687
2024-02-20,288.8945617675781,290.6589394381568,288.33738241389034,288.8016938187436,194595
2024-02-21,287.03729248046875,290.5660475306621,286.3872452315462,288.75525020463533,280526
2024-02-22,288.105224609375,288.80169171157337,285.96940349836103,287.87306890864227,193163
2024-02-23,288.4766540527344,289.2195692625907,287.5480312949021,288.05879081530037,193107
2024-02-26,288.105224609375,291.5411403159477,286.6658706005594,288.47666806268364,349742
2024-02-27,287.54803466796875,288.33736968924893,286.2943882623258,287.87305830488623,262548
2024-02-28,286.9444274902344,289.12669660341186,285.5979131776116,288.33736160426463,312859
2024-02-29,284.5764465332031,286.85155521482704,284.15855496958,286.85155521482704,283041
2024-03-01,286.7122802734375,291.03037048661514,285.22647817338765,285.9693933930715,331401
2024-03-04,289.9160461425781,292.46975881304206,288.5695317624243,290.6589330382584,421726
2024-03-05,286.1551208496094,291.0303907318639,285.0872102575509,290.19463584848427,418677
2024-03-06,285.59796142578125,286.8980561566311,284.2050270764323,285.0872301667487,268163
2024-03-07,288.7552795410156,290.47320910040014,286.06225066986434,286.5730102285708,310481
2024-03-11,286.38726806640625,290.47320275013385,286.0622444160295,288.75527322830635,240075
2024-03-12,286.4337158203125,287.5944943277067,283.74068701170285,287.5944943277067,301099
2024-03-13,280.25836181640625,286.66588208477987,278.5868520398949,286.43372637474664,560411
2024-03-14,282.4870910644531,284.80864826143477,276.7296178802102,280.25837348389376,520707
2024-03-15,268.743408203125,282.301305517555,264.2860305043638,282.301305517555,3154634
2024-03-18,274.3616027832031,275.336645334834,268.74341814293234,268.74341814293234,685732
2024-03-19,272.45794677734375,274.77950397268467,270.6935689767489,273.8973292420479,366865
2024-03-20,270.8793029785156,274.2223226447826,270.0435197226278,273.89732731118295,331332
2024-03-21,272.9222106933594,275.29021562386686,271.1578331999898,271.1578331999898,367193
2024-03-22,274.8723449707031,276.6831707412037,272.2722125026536,273.0150993965768,563796
2024-03-26,273.8508605957031,277.6117999742266,273.2936812426642,276.5903092168751,455958
2024-03-27,272.7365417480469,276.5438727527585,272.08649441882665,273.24727297863393,465415
2024-03-28,271.4364318847656,275.01163531656675,269.3934787375355,272.73652647037966,452622
2024-04-01,284.2978515625,285.5979177552359,273.15437847164793,274.36160506008076,916687
2024-04-02,293.1197814941406,297.0664283987455,282.6263551776247,284.29786488384747,1847216
2024-04-03,304.9132995605469,306.72409700218407,297.6236049721484,298.0879163683609,5708706
2024-04-04,313.7352294921875,316.8461216475799,308.90637942954976,310.90291285069657,5296425
2024-04-05,315.6853332519531,316.1031965097599,308.3956385796994,315.2674416548274,1822499
2024-04-08,319.81768798828125,325.80731640903247,317.03181957664236,318.98193313265335,3220184
2024-04-09,369.9632873535156,378.8780711664724,319.492636666295,321.39633025295177,21023442
2024-04-10,372.65631103515625,384.9141430917798,360.7235309593748,371.44911275443167,13104407
2024-04-12,401.1186218261719,406.5510424267837,365.9237957339791,373.3063581830275,19951451
2024-04-15,378.181640625,396.8005166914362,373.30637085635357,394.6646955570902,9041149
2024-04-16,374.0028076171875,388.1643043674348,371.4490950884544,377.02083151478115,4248215
2024-04-18,376.0458068847656,387.7464312658308,374.2349811242436,376.41725032968037,3100128
2024-04-19,370.2419128417969,380.8282068407735,365.13448756393535,375.1636022283725,3834728
2024-04-22,380.4567565917969,389.9286917522578,369.22041551363696,370.5204817114275,3212026
2024-04-23,375.6279296875,386.21422413938274,374.2349954612176,382.5926008189123,1716625
2024-04-24,380.3639221191406,384.3569890078767,377.53160544470774,377.53160544470774,1271005
2024-04-25,382.1282653808594,393.68963006772054,378.4137743443504,380.3638878063811,2419866
2024-04-26,391.50738525390625,398.3791884307689,382.63902034934995,383.98553476951736,3812770
2024-04-29,393.9682312011719,397.3112790194759,391.69309395750565,394.9897219705591,1474786
2024-04-30,396.47552490234375,410.9620182436278,394.89685477035584,396.98625611834717,2369092
2024-05-02,401.2579040527344,406.133173588769,393.92178984732675,398.1934319122076,2249997
2024-05-03,436.5455627441406,444.2531202740446,406.92250253084427,406.92250253084427,10396501
2024-05-06,431.1131286621094,442.7673332977541,411.47276239415487,440.1672008311036,5386921
2024-05-07,413.98004150390625,434.03830006844146,402.69727991739245,431.1131438555408,3599889
2024-05-08,438.170654296875,452.239283421275,412.6335284363307,414.81579758682255,8896879
2024-05-09,423.59130859375,452.05359336130954,419.08748209026425,439.0528734234325,3884464
2024-05-10,487.9913024902344,502.33853670602736,427.4450819777922,428.0487094953351,28236129
2024-05-13,537.765380859375,544.1729001365308,470.62597123968976,491.24140643724365,25340856
2024-05-14,519.9359130859375,540.4584536903538,508.2352321431915,537.3011135918424,17152568
2024-05-15,530.2891845703125,548.3957215643196,515.8228951812602,527.1217496070831,4213134
2024-05-16,551.5159301757812,556.90534831424,526.176275614388,535.6313749066501,5205070
2024-05-17,558.0399780273438,585.3651806627153,546.882972279263,552.8869373134211,6519031
2024-05-21,700.906494140625,703.0811554209192,591.0382295833696,602.0534432663269,15462688
2024-05-22,730.2173461914062,763.6884225753635,673.53401133462,726.1516648182779,17441458
2024-05-23,700.5283203125,717.5474988117816,673.1085327303241,717.4056492405493,6795842
2024-05-24,702.1829833984375,718.5875578525159,688.3312396271468,699.6773589616603,2234866
2024-05-27,668.3809814453125,708.8487942320265,661.8569399534616,705.3503960075462,2122125
2024-05-28,677.268798828125,705.350457260947,664.6935274188281,675.0941373784399,3413004
2024-05-29,673.0139770507812,692.1132897581068,668.381012878829,680.6726423417462,1808030
2024-05-30,630.182373046875,675.8504914647417,624.0365584560203,668.4755254975854,2466965
2024-05-31,649.8016967773438,668.0500268110333,638.4555776630067,641.8121263591288,2590960
2024-06-03,658.4531860351562,699.6773988857666,657.129448953524,699.6773988857666,1661075
2024-06-04,604.5117797851562,655.9475455389012,592.6456411338538,655.0020355633496,1984752
2024-06-05,639.9683837890625,649.5653328235422,564.2803241627739,604.180855421024,1764071
2024-06-06,650.3217163085938,665.1662337057294,638.2192007837489,644.790506318873,1059101
2024-06-07,650.6527099609375,661.5733385897161,645.7833105240518,654.1983723540051,872911
2024-06-10,633.1607666015625,648.6670952906588,628.7641222121295,648.6670952906588,880093
2024-06-11,658.594970703125,676.9851515144877,635.3827120359438,635.7609391149432,1993799
2024-06-12,650.7471923828125,665.0243688704229,642.521244664074,661.8569337711133,769297
2024-06-13,635.7609252929688,657.2239553898407,633.4916782870072,656.1839175092283,874207
2024-06-14,625.8330078125,639.542900966401,623.6110249860897,639.0701460300595,1052979
2024-06-18,610.5630493164062,629.7096257758058,609.2866339695186,627.8186058785811,982672
2024-06-19,598.9332275390625,622.1454828733977,595.9548484202936,611.7448744970947,867046
2024-06-20,612.2649536132812,637.2264392560442,600.0205882782542,600.7770424020661,2227735
2024-06-21,628.338623046875,646.7288030376965,607.0173853073117,616.7561262088461,2688586
2024-06-24,623.5637817382812,630.4659924961688,615.10145655493,626.0220844051416,626230
2024-06-25,627.72412109375,635.3827291199373,619.3090588892246,623.0910989435099,713278
2024-06-26,614.5814208984375,628.5749555554871,612.6904011418269,628.5749555554871,492273
2024-06-27,636.5645751953125,642.4267484396862,611.0358064908588,615.432450851476,1332637
2024-06-28,633.1607666015625,642.2849030727161,626.2112337830828,636.8482208129873,742344
2024-07-01,620.963623046875,636.3281588283927,614.5814312607062,633.4916291456509,1045453
2024-07-02,616.9452514648438,623.942048281671,614.5814765550167,623.942048281671,435691
2024-07-03,636.4700317382812,646.7287913833577,616.4724736578205,619.2144755354358,1488309
2024-07-04,648.6671142578125,657.1294401731351,642.9467903852257,642.9467903852257,1496295
2024-07-05,655.3802490234375,658.0749293140447,643.1831475084466,650.5108496667567,1137292
2024-07-08,648.7616577148438,677.9306157990272,643.7977306117128,659.9659272353152,1463483
2024-07-09,636.4700317382812,661.4787231908185,632.5461424495121,651.3618131188191,588087
2024-07-10,623.2801513671875,640.6302353310746,615.526958474336,640.6302353310746,545551
2024-07-11,635.0044555664062,643.3249892444875,624.9820732396455,627.4403760113122,503106
2024-07-12,628.4332275390625,646.7288224591,624.0365830745702,642.8995186048304,536850
2024-07-15,623.7529296875,633.3971427832356,617.4180014386792,631.6006507825998,398746
2024-07-16,626.0220947265625,627.2985677437179,619.3089973806782,624.5093019388365,396045
2024-07-18,612.5958862304688,633.0188769512832,610.7993943398491,630.655102205386,597374
2024-07-19,606.781005859375,618.8835215866915,600.3988137447653,612.6431790472564,488014
2024-07-22,597.5623168945312,604.0390372771321,589.998236933841,597.5623168945312,481431
2024-07-23,588.5326538085938,601.2497736137569,571.9862304176905,597.5622618886176,470578
2024-07-24,599.7841796875,610.7521291111618,589.9981753436625,590.0927032495632,336587
2024-07-25,578.1320190429688,594.7729695989724,575.1063759302383,592.8819498671836,783701
2024-07-26,570.615234375,589.9981876553438,566.3604397524855,576.8083127836799,915304
2024-07-29,599.169677734375,607.0173989199753,575.0591735716657,577.7065899378582,759838
2024-07-30,606.5446166992188,612.4067897742682,600.587915715437,605.126351812159,526190
2024-07-31,611.60302734375,618.8362008267605,598.5550028712421,602.2897783447617,422937
2024-08-01,612.3121948242188,619.9708597232268,604.369946203336,618.3634813338539,540659
2024-08-02,616.2833251953125,627.0148969058631,598.0822600952961,605.1263202083398,1155061
2024-08-05,583.521484375,601.3443237158585,575.9100831667791,591.936488241642,812500
2024-08-06,575.5319213867188,595.6240079387198,572.0335230099125,581.4886225637954,490504
2024-08-07,562.9093017578125,597.5622630383135,559.1745837812991,581.4885945705108,1411776
2024-08-08,567.2587280273438,571.4662590097677,555.9598721451098,565.8877270048439,752219
2024-08-09,561.6328735351562,577.1392587838375,559.7418537589436,577.1392587838375,455571
2024-08-12,580.7322387695312,593.6857369818975,566.3604755932419,567.258721612263,930564
2024-08-13,548.395751953125,584.3251288052263,544.8500897637729,584.3251288052263,1345889
2024-08-14,540.5953369140625,584.3251739622049,514.4046986428186,531.376614509319,3055207
2024-08-16,491.57061767578125,514.357383069959,487.93036995308034,501.12024453507036,11319240
2024-08-19,468.6893005371094,471.3839808498526,461.4561262312325,463.29988220227443,26422597
2024-08-20,484.6683654785156,486.18121598726725,469.2565652108555,469.2565652108555,21919526
2024-08-21,483.0137634277344,488.7341159344774,481.02818676303576,487.8358699406671,7475230
2024-08-22,490.3887634277344,491.52332921130727,484.24294869287274,484.95208116227985,7868421
2024-08-23,485.802978515625,491.3342460953704,484.6210911322621,488.82862175890307,4980038
2024-08-26,499.3237609863281,500.12747903639945,488.92315196384993,489.774133967609,8083106
2024-08-27,503.34222412109375,508.3061516083209,501.12029871055125,502.06580870811837,5904226
2024-08-28,501.28314208984375,504.8620089983736,499.5182451967724,504.8620089983736,3918470
2024-08-29,486.8207092285156,498.68482514590306,482.80063293615973,498.0475029108965,5148826
2024-08-30,490.98785400390625,492.21348519213365,485.34995053806006,489.27197034038784,2166880
2024-09-02,484.22235107421875,492.6546992026586,482.4084110238501,492.2134600283999,2338864
2024-09-03,482.94769287109375,487.21289531497456,480.69254349382317,483.43794533768613,1772852
2024-09-04,476.4273376464844,479.4669089021705,471.67188276998274,479.4669089021705,2637897
2024-09-05,486.03631591796875,487.0168208684406,478.48641583028063,479.46692078075256,1948919
2024-09-06,477.35882568359375,487.70314060747404,476.08415133562244,486.918748641519,1938403
2024-09-09,470.74041748046875,476.52539051661665,467.7008462477904,475.29975936816857,1742601
2024-09-10,477.4078369140625,481.4279130482799,469.66185407357654,474.17218266507325,1518727
2024-09-11,467.2596130371094,478.48640646943215,466.13203835065326,478.48640646943215,1444929
2024-09-12,480.2513122558594,481.4279301642155,470.05406676644,470.642375720618,1743746
2024-09-13,486.91876220703125,494.1744928234837,483.781134410526,485.0558087940097,2483381
2024-09-16,486.7716979980469,498.48871428365607,484.4184621625268,491.2329835845002,2072142
2024-09-17,481.3298645019531,489.2229471477655,479.9571635834836,488.2914554945349,1008673
2024-09-18,475.5448913574219,486.33044559439435,474.17219043906164,485.3499406637605,1280911
2024-09-19,479.90814208984375,486.33043730700103,469.2206145899486,482.4084176512994,1815671
2024-09-20,490.9388427734375,494.3215669134747,482.7025772160816,485.05581304540414,2846982
2024-09-23,494.076416015625,498.14550538990056,488.53656928274603,491.2329577735189,2163517
2024-09-24,497.7043151855469,503.9795408379119,494.27254788412137,495.1549963485321,3461449
2024-09-25,501.234130859375,504.91102433715025,496.5276892542413,503.9795326870596,3997321
2024-09-26,506.9210510253906,510.7940574848711,494.22350015734435,501.18509117529567,3887216
2024-09-27,512.8530883789062,515.157310856794,506.4798063747733,514.7650849492004,3789679
2024-09-30,512.3138427734375,520.8932611930884,506.7739657986392,514.7651051790521,3995531
2024-10-01,509.7645263671875,513.7845725578719,501.8714438924406,512.7060410955722,1884521
2024-10-03,512.7060546875,523.148396342932,502.55779269837814,506.92105163020705,5498929
2024-10-04,507.1661682128906,516.3829383688842,499.910437813125,512.9511711600971,1877538
2024-10-07,485.74212646484375,513.7845728774128,480.9376583900209,513.7845728774128,1936964
2024-10-08,500.8419189453125,503.5873208497117,483.04576000013003,485.74214862584364,1747070
2024-10-09,495.5962219238281,504.9110186288837,494.02740807318645,499.17505888387507,910097
2024-10-10,498.8808898925781,502.999022513792,496.1354880935258,496.1354880935258,677683
2024-10-11,494.3215637207031,502.0185335496935,492.213484066301,498.8809057459533,511306
2024-10-14,510.0586853027344,512.6079742263469,496.7238120415096,496.82186852071845,1883076
2024-10-15,504.37176513671875,513.343349431669,501.33216391517806,510.1567083762735,1233163
2024-10-16,500.44970703125,509.81354700540476,498.7338234149146,504.3717566483666,972108
2024-10-17,498.2926025390625,506.8720204207775,492.3115166598542,501.2341172413648,886030
2024-10-18,496.625732421875,509.8625485871175,484.3694211577616,496.086466695308,3491646
2024-10-21,491.9683532714844,511.6274653345042,490.25246962778715,509.2252162642736,2266446
2024-10-22,503.5873107910156,512.8040811201948,495.5962314761337,495.93938426535203,4802288
2024-10-23,513.4904174804688,524.5701106522953,505.05803960768196,505.05803960768196,4761151
2024-10-24,528.982421875,538.297218923772,516.1868442138993,516.1868442138993,5302861
2024-10-25,500.1065368652344,528.9824195590606,493.3410587071156,528.001914610851,3661702
2024-10-28,516.3829345703125,519.1773496245177,502.0185137068046,505.4502808903472,1853445
2024-10-29,539.4248046875,543.0526250086344,517.6575835343388,518.1478359934403,4291983
2024-10-30,549.4749755859375,564.1825492381813,541.3858100772034,544.1802251330215,4040718
2024-10-31,542.4153442382812,553.0047856107085,529.4726670740826,552.0242806716824,2265460
2024-11-01,547.3668823242188,553.78917770711,541.2387264540416,548.053247750733,570057
2024-11-04,533.1985473632812,548.6414993851354,512.8530708900448,548.1022336645372,3242281
2024-11-05,548.7396240234375,553.9853016138844,532.2180795637178,534.3752024417115,2598508
2024-11-06,503.0970458984375,513.1962943580029,502.2636406621916,509.86255372247854,11690198
2024-11-07,497.7043151855469,499.7633815509294,495.6942620982731,497.80237166440054,7355515
2024-11-08,496.380615234375,502.80291048464954,495.2039973625431,499.7633691739153,3200423
2024-11-11,496.2335510253906,499.7143315576109,484.3694353886318,496.037438070349,5111496
2024-11-12,490.9388427734375,502.26366303084706,488.4875803867569,499.07702192816237,2222208
2024-11-13,476.23126220703125,493.3410554880649,474.5643918368968,487.3109560804498,2639677
2024-11-14,485.693115234375,487.94826456798495,475.29975715930914,477.5549064929191,1576044
2024-11-18,486.6736145019531,494.07641454923146,485.15381394899265,493.7822750474378,2851127
2024-11-19,482.55548095703125,490.64464638884647,480.4474014047821,490.252450413043,1336754
2024-11-21,477.5549011230469,483.339903989896,473.77998118392543,482.55548211377385,1546003
2024-11-22,479.7120361328125,482.1142851760117,475.6919599425735,478.4864049725345,1077937
2024-11-25,488.7817077636719,491.7232225546268,486.036305927835,488.29145529851274,1695909
2024-11-26,484.8106689453125,489.95831976769165,483.58503779712703,489.2719543556536,768923
2024-11-27,490.2034606933594,491.2329789196454,484.3694442840416,484.3694442840416,787949
2024-11-28,484.41845703125,491.2329783810395,483.38893880609277,490.2524734341712,919432
2024-11-29,494.7627868652344,496.03743128766837,482.01622295035287,486.1343256461949,1565002
2024-12-02,493.0469055175781,496.8708687250146,489.3700120637669,492.26248362718377,868957
2024-12-03,497.2630615234375,498.4886926668565,490.74270982497535,493.24298538849604,1157338
2024-12-04,497.0669860839844,500.93996260274525,494.95887654700584,497.6062518262689,889376
2024-12-05,490.84075927734375,498.1455028340135,489.3700019262866,498.0964895580322,903208
2024-12-06,500.0575256347656,505.35227631489,489.71321035784615,490.8407850683776,2915997
2024-12-09,496.625732421875,502.5577751046519,495.3510880194612,500.05749957582674,868376
2024-12-10,488.7326965332031,499.32213785593893,488.2914573436575,498.78287211105953,1326710
2024-12-11,499.2240905761719,506.33278140436676,487.89927034395754,490.1544197656318,3159856
2024-12-12,491.7722473144531,503.93053267239185,491.2329815592411,500.8909613329072,1158128
2024-12-13,490.59564208984375,492.213469221283,482.5064765100119,491.38003405580355,1092238
2024-12-16,488.5365905761719,494.1254807515168,487.8012118648179,490.59565695249034,595620
2024-12-17,481.0847473144531,491.232979522652,480.44742508203484,489.9583350578154,1068528
2024-12-18,475.8880615234375,482.60452610576306,472.0150551804704,481.5749780021545,910000
2024-12-19,470.0050354003906,473.5838723435112,462.79831831498404,469.1225869644018,941093
2024-12-20,459.66070556640625,474.4663361985134,457.2094432075354,470.6423729032021,935248
2024-12-23,454.8562316894531,464.269085015369,453.8757267580585,461.8178226868823,786344
2024-12-24,454.365966796875,456.71917258333497,451.47349528195116,455.9347806287266,599367
2024-12-26,444.4138488769531,455.9347815284792,442.99210479345544,454.3659676935316,981853
2024-12-27,445.8356018066406,454.21890695461155,445.0021666350408,445.1492363894088,790788
2024-12-30,423.9703369140625,445.83561538253474,421.22493500680804,445.1492499444028,2763331
2024-12-31,435.34417724609375,436.8149346016549,424.1664273283562,424.1664273283562,1432597
2025-01-01,435.3931884765625,439.65839077217703,432.35364722745857,435.2461187262244,638861
2025-01-02,443.678466796875,446.52192501944404,432.6967999590365,438.28568985238263,1067204
2025-01-03,460.0038757324219,463.2885731882306,442.0606477240271,443.6784748522208,2312908
2025-01-06,438.089599609375,463.9749542226644,436.37371594719446,463.9749542226644,1237423
2025-01-07,439.80548095703125,446.0807365409477,438.2857102618667,438.2857102618667,566242
2025-01-08,435.1480712890625,442.2077186782574,423.9703211917002,440.4918350691954,1534792
2025-01-09,429.1670227050781,444.31580602147955,427.59820882204133,436.7168927630738,2009603
2025-01-10,424.9018249511719,430.3926586412794,418.8717255090351,429.1670274569981,910052
2025-01-13,411.2237548828125,424.41155794310583,406.6153997413138,421.4700432015655,1845851
2025-01-14,427.5491638183594,430.4416653380911,413.6750250089595,413.77308148672995,1148840
2025-01-15,433.43218994140625,439.7564586739996,427.69626007072344,427.9903995790431,713988
2025-01-16,446.5219421386719,450.934214353328,439.51133782657877,440.24671652902146,1034803
2025-01-17,447.9436950683594,452.8952331263888,445.05119347952296,447.60051234928164,631209
2025-01-20,456.425048828125,457.94481951360035,447.6985608608363,455.1504043772513,762660
2025-01-21,452.0127868652344,463.2885939128487,449.31639822341356,454.4640492668896,1043422
2025-01-22,460.1999816894531,461.62169584362147,450.6890721720071,456.91528428357424,1488217
2025-01-23,464.8573913574219,470.15211197279694,455.9347905471336,460.8373151766727,1013935
2025-01-24,457.4545593261719,471.13261495521624,452.65009119356984,467.7008477286954,811862
2025-01-27,442.0606384277344,452.9442487598705,439.7074326614269,452.69912253582527,697454
2025-01-28,424.7547607421875,452.2088996287242,422.5976378606192,445.1492519459887,2310918
2025-01-29,429.75531005859375,436.2756919512635,421.61713089639244,431.42218045212246,1683342
2025-01-30,432.745849609375,443.5804169357884,430.24554412607057,430.83385305876783,711322
2025-01-31,441.3742980957031,443.5314209588519,431.91243129477175,437.7954610059378,1051297
2025-02-01,437.3052062988281,448.82613942441384,434.0205087423253,441.37429584376304,831920
2025-02-03,424.1174011230469,436.324699632378,418.23437146508223,436.324699632378,1149990
2025-02-04,428.3825988769531,435.24613340208555,423.5781306938876,429.9514127529391,1049689
2025-02-05,458.3370361328125,460.05291974022845,430.09847652575763,433.5792869400969,3709519
2025-02-06,434.265625,458.33703884581473,432.9909805674289,455.9347898121588,2683938
2025-02-07,431.7653503417969,437.89350613203857,427.99040039048083,435.3441873387709,1289638
2025-02-10,427.1569519042969,435.2461172952823,424.5586199147497,432.99096800381903,1061336
2025-02-11,408.7234802246094,429.9023923950205,405.8800219526983,426.519638465721,1597914
2025-02-12,412.1552429199219,416.0282193422057,400.3401408576897,412.0571864448666,1334554
2025-02-13,403.77191162109375,418.62658500648405,402.98751965893825,413.7730737130704,1237837
2025-02-14,408.4293212890625,414.2633376582749,402.15409564989045,405.9290456580493,2778054
2025-02-17,407.4488220214844,408.5273834563536,394.70225760835234,403.5268022020591,1569698
2025-02-18,401.0755310058594,410.8315670614567,396.81035848402223,408.8705571948149,763874
2025-02-19,405.3897705078125,406.4683019800141,398.67330583181007,401.0755249284645,984098
2025-02-20,414.60650634765625,415.97920723437994,403.77190916027456,403.96802211093586,971143
2025-02-21,418.3324279785156,421.8132384800144,411.86108936969197,414.50846468504955,1071716
2025-02-24,407.546875,417.646093901833,406.95856604761343,412.7925824479393,1024804
2025-02-25,399.3106384277344,408.7234918742782,397.2025587827475,406.6644255074348,732520
2025-02-27,403.722900390625,406.90954137731484,395.19249562643193,399.065502025463,1034655
2025-02-28,383.1813049316406,399.06549636280124,382.39691297664,398.08499145773294,1613553
2025-03-03,379.8966369628906,387.5935765199475,370.7779234035729,384.3579223063207,2004706
2025-03-04,387.7406921386719,390.9273332072046,374.01362292037714,377.3963470241609,1558931
2025-03-05,403.232666015625,404.75243673915196,387.7406995699761,387.7406995699761,1925095
2025-03-06,417.79315185546875,420.9797928413419,408.1351724214491,409.851056029227,2634281
2025-03-07,420.97979736328125,429.4121457394639,419.8522226791568,421.6661328601834,2097278
2025-03-10,418.1363525390625,425.5881663036898,416.71460837672254,420.68564149925777,1448034
2025-03-11,419.06781005859375,423.28399930133196,412.10621892220365,413.77308930790144,2153628
2025-03-12,419.31292724609375,424.21545189511306,417.44997386399353,420.6366148858561,1225552
2025-03-13,421.61712646484375,428.38260460265934,419.65611657430964,421.61712646484375,1372791
2025-03-17,426.8628234863281,433.38317522865754,422.1563819103541,422.1563819103541,1569517
2025-03-18,426.8628234863281,426.8628234863281,426.8628234863281,426.8628234863281,0
2025-03-19,445.3943786621094,468.4852585312334,431.66730920416876,432.89294040577056,7177341
2025-03-20,447.45343017578125,454.95428689545724,436.9130021927507,449.0712573235332,2796560
2025-03-21,437.6973876953125,449.65955961708624,433.3831720575472,449.3163769126041,3772285
2025-03-24,444.4628601074219,448.92417536510163,439.6583920721502,439.9035182976502,1406526
2025-03-25,435.7854309082031,448.13976916749175,434.3636867815117,447.1592642311904,1269831
2025-03-26,433.57928466796875,444.9531177251283,432.5497365553332,437.55031759812454,1445183
2025-03-27,439.16815185546875,441.1291617140979,431.5202253758694,434.36368368635453,1972572
2025-03-28,452.8952331542969,465.7398540613585,442.4528613582906,443.1882400752296,5676960
2025-04-01,444.90411376953125,457.8958041440685,443.1882301351584,453.5325452190375,1437487
2025-04-02,451.816650390625,454.6601385666739,437.8934986273931,444.2667805400188,1214886
2025-04-03,450.1988220214844,459.31753560929366,443.7765268503024,448.92417761156025,1882318
2025-04-04,418.6265869140625,448.8261264341903,415.7340854354925,448.8261264341903,3061033
2025-04-07,398.82037353515625,402.59532343636516,380.9751721417878,382.59302918704543,2436376
2025-04-08,404.0170593261719,411.7140292948457,395.4866840743943,410.7825675306012,1514564
2025-04-09,392.790283203125,400.095027020084,389.40752920610214,400.04601374235625,1432174
2025-04-11,403.0365295410156,407.54685809200976,399.1635531168694,406.9095358877969,1561497
2025-04-15,425.4410705566406,427.1569541333796,410.14518811661185,411.3218059668583,1872997
2025-04-16,429.4611511230469,430.4416560342867,418.1853446437888,424.4605700911967,1675647
2025-04-17,431.1280212402344,436.22662882272357,421.76418138867786,429.4611509228496,2032014
2025-04-21,443.62945556640625,448.924176060884,431.4221575485357,431.4221575485357,1888265
2025-04-22,437.06005859375,451.76763207419026,435.34417502103196,444.16871910929615,2048339
2025-04-23,440.29571533203125,442.25672514074336,428.97089565577284,439.46231010143663,1607303
2025-04-24,450.39495849609375,455.542609526214,438.08960331812915,440.2467261950437,2639584
2025-04-25,436.32470703125,458.7782646220387,430.4416772735253,453.4835438246138,4251762
2025-04-28,443.678466796875,450.5420010898653,436.8149325038847,443.1882143473757,3587317
2025-04-29,436.76593017578125,446.6199926886612,435.2461295906578,443.1882254561468,1568483
2025-04-30,430.6377868652344,437.7954610454105,429.4611689538405,433.87344123761284,1278436
2025-05-02,420.2444152832031,434.6088063967292,418.87171437781393,430.63777343423976,1644950
2025-05-05,419.9012451171875,424.5096303543116,418.18536145354454,422.05836797767887,850003
2025-05-06,405.3897705078125,422.5486065809248,403.5267872246234,421.61711493933024,1985510
2025-05-07,414.4594421386719,417.2538572258377,400.43820381266204,401.02651274987846,1550266
2025-05-08,401.36968994140625,417.3519079674594,400.04600233151757,414.7535759466469,1372171
2025-05-09,400.3891906738281,402.35020051680254,390.24095875190847,390.24095875190847,1511686
2025-05-12,426.47064208984375,427.8923563208236,411.8120810454798,411.8120810454798,2766591
2025-05-13,420.5385437011719,427.5981909179223,418.67559038422337,426.5196295483306,1485369
2025-05-14,430.39263916015625,432.108522740483,421.420995359197,422.450543460974,2432511
2025-05-15,432.1575622558594,435.5893296248792,428.97092112748373,431.4221835339265,2087164
2025-05-16,433.67730712890625,436.32468233911897,430.88289209023566,434.265616055913,1416394
2025-05-19,439.4623107910156,447.01218061282304,433.38316840541506,433.6282946318887,2755475
2025-05-20,426.81378173828125,446.32585367725346,425.53913730526904,444.65898333626615,2712376
2025-05-21,433.43218994140625,435.83443897568077,425.24499775927416,429.21603073476774,1683181
2025-05-22,433.7753601074219,439.16813703668436,429.11796185033154,435.5402868742159,2701432
2025-05-23,438.334716796875,440.93307879835396,429.26504619831815,433.53024862649096,2040334
2025-05-26,442.1587219238281,444.26680159492287,438.628898097329,440.24672529037207,1255104
2025-05-27,442.6979675292969,446.12973471944645,438.7759478834116,442.20771507356125,1283321
2025-05-28,443.77655029296875,448.04175284784895,441.7174838951676,444.462885810478,1806651
2025-05-29,455.6896667480469,456.9152979119738,444.31580356227744,444.7079995502069,3994727
2025-05-30,449.2673645019531,460.73925406612597,444.6589794274764,457.79773931798394,3055427
2025-06-02,444.3157958984375,451.91470898371387,441.71746386025717,448.090745802747,2132482
2025-06-03,459.6116943359375,465.1515413071394,448.7280834295352,448.87515318719545,8004970
2025-06-04,458.8763122558594,462.79833201873,443.23724648235844,462.79833201873,4555219
2025-06-05,482.0162353515625,487.31095605251534,458.091920757254,460.54318311164286,7873786
2025-06-06,492.4585876464844,500.9399490748834,485.3499270980782,491.82126544391286,15506056
2025-06-09,514.7650756835938,522.3149754293405,498.09649228050597,501.03800699869794,12608520
2025-06-10,523.638671875,536.1401103526925,517.8046552830219,519.6676386805526,11077729
2025-06-11,510.4018249511719,530.1590230587982,508.5879147843866,527.5606610785447,8771715
2025-06-12,507.1661682128906,520.501011143212,503.8815006797313,509.86255673408044,5827617
2025-06-13,504.22467041015625,510.8430788209847,492.36055453362525,495.1549996249468,5153341
2025-06-16,502.95001220703125,509.9115732220169,492.5566540390115,509.8625599449226,4005115
2025-06-17,486.3500061035156,506.6000061035156,483.04998779296875,505.0,9622550
2025-06-18,452.79998779296875,465.0,451.20001220703125,462.0,142069446
2025-06-19,437.45001220703125,456.04998779296875,435.5,454.1000061035156,16137205
2025-06-20,438.6000061035156,441.70001220703125,434.75,437.8500061035156,9792306
2025-06-23,440.54998779296875,445.6000061035156,435.25,435.70001220703125,7981302
2025-06-24,442.8999938964844,447.8999938964844,439.6000061035156,446.0,5259572
2025-06-25,442.1000061035156,445.79998779296875,440.6000061035156,444.79998779296875,3318519
2025-06-26,448.8999938964844,450.0,438.5,445.0,6976812
2025-06-27,451.1499938964844,455.3500061035156,449.0,452.8999938964844,7428769
2025-06-30,450.8500061035156,452.8500061035156,448.29998779296875,452.3999938964844,3717240
2025-07-01,450.3500061035156,452.95001220703125,445.70001220703125,452.0,4010078
2025-07-02,447.20001220703125,453.8999938964844,446.6000061035156,452.0,2979489
2025-07-03,445.54998779296875,450.3999938964844,445.1000061035156,446.8500061035156,2050922
2025-07-04,445.1000061035156,448.8999938964844,443.1000061035156,448.8999938964844,1786418
2025-07-07,437.5,445.54998779296875,436.20001220703125,445.20001220703125,2682662
2025-07-08,436.20001220703125,439.45001220703125,434.70001220703125,438.45001220703125,1567143
2025-07-09,425.0,437.29998779296875,415.1499938964844,437.29998779296875,7244683
2025-07-10,422.79998779296875,427.6499938964844,420.0,425.0,2431803
2025-07-11,424.8999938964844,431.25,422.20001220703125,423.0,3289049
2025-07-14,436.3500061035156,437.20001220703125,426.3999938964844,427.8999938964844,3867360
2025-07-15,437.45001220703125,441.79998779296875,435.1000061035156,437.0,2384363
2025-07-16,435.20001220703125,438.29998779296875,433.29998779296875,437.95001220703125,1930300
2025-07-17,437.1000061035156,439.1000061035156,435.25,438.5,1749870
2025-07-18,435.5,441.5,431.1000061035156,438.45001220703125,4662210
2025-07-21,444.6499938964844,447.20001220703125,434.79998779296875,435.70001220703125,3834004
2025-07-22,443.20001220703125,446.95001220703125,442.1000061035156,446.95001220703125,1623314
2025-07-23,446.8500061035156,449.0,443.29998779296875,446.1000061035156,1808120
2025-07-24,446.1000061035156,447.8500061035156,443.04998779296875,446.79998779296875,1568590
2025-07-25,439.20001220703125,446.25,437.3999938964844,445.70001220703125,1769660
2025-07-28,432.04998779296875,439.79998779296875,431.29998779296875,438.0,1958546
2025-07-29,437.3999938964844,438.0,430.6000061035156,432.0,1325115
2025-07-30,432.45001220703125,438.1499938964844,431.6000061035156,436.8999938964844,1275211
2025-07-31,424.04998779296875,430.95001220703125,421.45001220703125,427.0,2114797
2025-08-01,415.3999938964844,424.79998779296875,413.5,424.0,2163538
2025-08-04,421.6000061035156,422.5,413.8500061035156,416.1000061035156,1093131
2025-08-05,421.20001220703125,423.6000061035156,419.20001220703125,422.0,990246
2025-08-06,419.95001220703125,423.8999938964844,416.8500061035156,422.70001220703125,1418372
2025-08-07,424.6499938964844,426.0,415.04998779296875,420.3999938964844,1528302
2025-08-08,420.70001220703125,426.8999938964844,419.29998779296875,424.6499938964844,1210138
2025-08-11,417.3999938964844,422.8999938964844,414.54998779296875,420.70001220703125,1862022
2025-08-12,423.45001220703125,424.45001220703125,418.79998779296875,420.3999938964844,1597032
2025-08-13,430.20001220703125,433.6499938964844,424.5,424.8500061035156,2072932
2025-08-14,426.6499938964844,432.70001220703125,422.5,431.0,1367682
2025-08-18,427.1000061035156,431.0,424.0,430.70001220703125,1443684
2025-08-19,428.6499938964844,433.70001220703125,426.45001220703125,433.70001220703125,3077711
2025-08-20,430.0,432.3999938964844,425.45001220703125,428.6499938964844,1945943
2025-08-21,430.8500061035156,433.79998779296875,430.0,433.79998779296875,1159668
2025-08-22,424.8999938964844,431.3999938964844,424.5,431.0,826451
2025-08-25,434.70001220703125,436.79998779296875,422.8500061035156,423.0,2994389
2025-08-26,430.1499938964844,434.70001220703125,429.25,434.70001220703125,1117706
2025-08-28,421.70001220703125,431.0,420.54998779296875,429.0,1139531
2025-08-29,419.25,427.0,418.0,423.6499938964844,1268832
2025-09-01,435.8999938964844,443.0,424.0,424.0,7587040
2025-09-02,440.8999938964844,444.20001220703125,438.0,438.95001220703125,2817685
2025-09-03,444.6000061035156,448.70001220703125,441.6499938964844,443.0,4756092
2025-09-04,437.54998779296875,449.8999938964844,435.29998779296875,449.8999938964844,2265053
2025-09-05,440.1000061035156,441.79998779296875,433.8500061035156,437.70001220703125,1953089
2025-09-08,435.6000061035156,442.6499938964844,434.70001220703125,442.3999938964844,1752942
2025-09-09,433.45001220703125,440.0,431.5,436.75,2291407
2025-09-10,432.8500061035156,436.70001220703125,430.75,435.45001220703125,1863865
2025-09-11,446.25,447.0,433.54998779296875,434.5,5122099
2025-09-12,462.95001220703125,464.3500061035156,447.5,449.5,11582146
2025-09-15,460.1499938964844,468.95001220703125,459.3500061035156,466.0,5717417
2025-09-16,462.25,464.0,458.1000061035156,462.45001220703125,3378600
2025-09-17,459.45001220703125,464.70001220703125,453.20001220703125,464.0,3397670
2025-09-18,454.8500061035156,460.1000061035156,451.54998779296875,459.04998779296875,2208920
2025-09-19,453.04998779296875,457.79998779296875,452.04998779296875,456.0,2190231
2025-09-22,459.25,466.6499938964844,455.54998779296875,455.79998779296875,5390225
2025-09-23,461.5,464.25,452.8500061035156,461.3500061035156,4028797
2025-09-24,452.8999938964844,463.8999938964844,452.0,463.0,2695976
2025-09-25,466.75,468.5,453.29998779296875,453.29998779296875,7193012
2025-09-26,449.1000061035156,468.8999938964844,445.6000061035156,468.8999938964844,6524790
2025-09-29,466.1499938964844,468.5,453.79998779296875,455.79998779296875,14939041
2025-09-30,482.45001220703125,483.8999938964844,468.04998779296875,469.1499938964844,15167002
2025-10-01,481.3500061035156,488.54998779296875,475.1000061035156,485.1000061035156,7265353
2025-10-03,491.5,496.6000061035156,478.8999938964844,483.0,9118935
2025-10-06,491.5,499.70001220703125,489.95001220703125,497.0,4193824
2025-10-07,489.8999938964844,493.25,485.1499938964844,491.5,3536988
2025-10-08,490.5,496.1499938964844,487.6499938964844,491.04998779296875,3971075
2025-10-09,512.25,515.0,488.1499938964844,492.0,16377426
2025-10-10,498.29998779296875,513.4500122070312,488.70001220703125,512.7000122070312,11928283
2025-10-13,505.54998779296875,507.3999938964844,494.0,498.29998779296875,7796400
2025-10-14,505.6499938964844,525.7999877929688,499.79998779296875,515.0,15420228
2025-10-15,513.2000122070312,516.0999755859375,506.3500061035156,509.0,6882125
2025-10-16,506.70001220703125,516.75,506.04998779296875,516.5,3256458
2025-10-17,500.25,510.54998779296875,495.29998779296875,509.20001220703125,8202471
2025-10-20,486.3999938964844,500.0,481.3999938964844,500.0,7340096
2025-10-21,483.8500061035156,489.3500061035156,482.0,487.25,2018621
2025-10-23,482.1499938964844,487.8999938964844,477.29998779296875,482.75,7890661
2025-10-24,486.70001220703125,496.3500061035156,482.20001220703125,482.20001220703125,6837879
2025-10-27,482.29998779296875,489.6000061035156,481.79998779296875,489.0,3767112
2025-10-28,471.20001220703125,481.3999938964844,468.20001220703125,481.3999938964844,5637647
2025-10-29,483.6000061035156,486.25,473.5,474.70001220703125,4830935
2025-10-30,477.6000061035156,482.5,474.6499938964844,481.95001220703125,3047179
2025-10-31,476.5,481.25,475.54998779296875,479.8999938964844,1821466
2025-11-03,480.6499938964844,481.29998779296875,475.6499938964844,476.5,1981640
2025-11-04,473.3500061035156,480.1499938964844,470.0,479.1499938964844,2221861
2025-11-06,467.20001220703125,474.0,466.0,472.0,1874384
2025-11-07,474.5,475.6000061035156,460.0,465.0,3011457
2025-11-10,484.6000061035156,486.75,476.04998779296875,477.0,4039654
2025-11-11,487.5,490.0,482.3999938964844,486.95001220703125,3280695
2025-11-12,481.8999938964844,490.3999938964844,481.20001220703125,489.3500061035156,1977730
2025-11-13,495.20001220703125,504.0,486.6000061035156,490.0,12867167
2025-11-14,487.04998779296875,497.3999938964844,482.5,495.0,3057432
2025-11-17,483.8999938964844,487.95001220703125,481.20001220703125,486.95001220703125,2199172
2025-11-18,475.95001220703125,480.95001220703125,468.20001220703125,480.0,6175474
2025-11-19,476.54998779296875,478.5,473.70001220703125,475.0,2595527
2025-11-20,472.1499938964844,480.3500061035156,471.1000061035156,476.8500061035156,1407005
2025-11-21,458.29998779296875,470.45001220703125,456.75,468.0,2368431
2025-11-24,454.0,460.6000061035156,453.5,458.29998779296875,1729282
2025-11-25,462.6000061035156,463.3500061035156,455.5,457.8999938964844,2226516
2025-11-26,470.25,470.8999938964844,463.20001220703125,465.0,2138803
2025-11-27,474.54998779296875,478.5,472.6499938964844,475.8999938964844,2611675
2025-11-28,485.20001220703125,489.20001220703125,476.8999938964844,478.04998779296875,5889839
2025-12-01,499.8500061035156,503.95001220703125,492.79998779296875,500.1000061035156,12744627
2025-12-02,495.6499938964844,501.54998779296875,494.3999938964844,499.8500061035156,4196609
2025-12-03,504.3999938964844,509.6000061035156,496.54998779296875,500.0,11256116
2025-12-04,496.75,508.20001220703125,493.20001220703125,504.95001220703125,5322624
2025-12-05,498.1000061035156,501.79998779296875,490.3999938964844,497.0,3027296
2025-12-08,490.45001220703125,501.95001220703125,487.0,498.1000061035156,2799520
2025-12-09,491.45001220703125,494.79998779296875,482.0,489.0,2767639
2025-12-10,512.6500244140625,516.5999755859375,501.29998779296875,503.5,21067651
2025-12-11,522.6500244140625,532.0,515.9000244140625,516.5,20968349
2025-12-12,561.6500244140625,567.4500122070312,532.3499755859375,533.0,39406555
2025-12-15,568.0499877929688,571.7999877929688,555.75,562.0999755859375,23289407
2025-12-16,567.7000122070312,572.9500122070312,556.1500244140625,564.0,9187083
2025-12-17,578.2999877929688,587.7999877929688,573.6500244140625,580.0,18632926
2025-12-18,592.1500244140625,594.3499755859375,576.8499755859375,581.9000244140625,15414612
2025-12-19,588.75,592.0,578.0499877929688,591.0,9490652
2025-12-22,606.5,610.5499877929688,597.0,601.25,12145672
2025-12-23,609.7999877929688,615.5,606.5,610.0,9277131
2025-12-24,624.8499755859375,631.9000244140625,617.9500122070312,619.0,13964315
2025-12-26,636.8499755859375,646.5,634.0,645.0,13459241
2025-12-29,618.5499877929688,656.3499755859375,614.1500244140625,655.0,27992946
2025-12-30,625.2999877929688,630.0,613.0499877929688,615.0,11718688
2025-12-31,612.4500122070312,621.0499877929688,608.2999877929688,619.0,9599983
2026-01-01,611.9500122070312,617.0,605.2000122070312,610.5499877929688,4767635
2026-01-02,628.7999877929688,629.9500122070312,614.2999877929688,615.0,6324442
2026-01-05,628.5999755859375,638.7999877929688,621.3499755859375,636.7000122070312,6488033
2026-01-06,643.0999755859375,649.0999755859375,634.5999755859375,635.0,10451587
2026-01-07,630.0,650.75,628.2000122070312,649.0999755859375,8304312
2026-01-08,590.75,623.4500122070312,588.3499755859375,623.0,20818517
2026-01-09,606.4500122070312,612.2000122070312,588.1500244140625,588.1500244140625,10779863
2026-01-12,628.25,632.5499877929688,615.5999755859375,624.7999877929688,13671026
2026-01-13,629.8499755859375,636.7999877929688,623.7000122070312,634.0,7856745
2026-01-14,654.2000122070312,670.9500122070312,636.4500122070312,640.0,27694609
2026-01-15,654.2000122070312,654.2000122070312,654.2000122070312,654.2000122070312,0
2026-01-16,637.75,654.2000122070312,634.0499877929688,654.2000122070312,11412408
2026-01-19,660.4000244140625,667.3499755859375,648.4500122070312,650.0,16631601
2026-01-20,680.75,696.9000244140625,655.0,668.7999877929688,46014901
2026-01-21,697.5499877929688,701.0,680.75,682.0,29031895
2026-01-22,668.25,694.0,652.6500244140625,694.0,28204037
2026-01-23,698.7000122070312,710.0,688.0499877929688,695.0,32427217
2026-01-27,727.2000122070312,733.0,710.5,733.0,25791996
2026-01-28,708.2000122070312,732.7000122070312,701.5999755859375,712.0,38182595
2026-01-29,715.2000122070312,719.7999877929688,695.25,695.25,52966214
2026-01-30,628.5,690.0,622.3499755859375,690.0,49436689
2026-02-02,610.0999755859375,614.0,560.3499755859375,565.0,37031059
2026-02-03,628.25,639.4000244140625,602.0,635.9000244140625,26990191
2026-02-04,639.25,643.9500122070312,632.1500244140625,635.0,10586353
2026-02-05,610.7999877929688,612.7000122070312,593.25,600.0,16770606
2026-02-06,608.9500122070312,610.7999877929688,594.0,595.0,11409412
2026-02-09,629.0999755859375,630.5,614.25,625.0,7574577
2026-02-10,617.7000122070312,632.4500122070312,613.2999877929688,632.0,7580536
2026-02-11,628.5499877929688,631.0,617.9000244140625,623.0,6425398
2026-02-12,623.7000122070312,634.0,621.3499755859375,629.9500122070312,4106081
2026-02-13,592.8499755859375,608.0,591.0,599.9500122070312,9424678
2026-02-16,594.0999755859375,596.2999877929688,582.5999755859375,585.9500122070312,4181298
2026-02-17,581.0999755859375,590.0,575.0,590.0,6472316
2026-02-18,585.25,589.7999877929688,576.7999877929688,580.0,4571121
2026-02-19,584.0999755859375,596.1500244140625,582.0499877929688,593.0499877929688,5544345
2026-02-20,589.3499755859375,591.5,582.5,586.25,5062307
2026-02-23,590.8499755859375,607.3499755859375,585.7000122070312,607.0,7862513
2026-02-24,597.3499755859375,600.9500122070312,588.5,593.0,4411001
2026-02-25,619.0499877929688,621.2999877929688,602.8499755859375,607.5,10715612
2026-02-26,609.7999877929688,620.5,608.1500244140625,620.5,4592362
2026-02-27,603.7999877929688,617.5999755859375,601.0,615.0,4662433
2026-03-02,617.6500244140625,624.7999877929688,605.0,606.0,10978219
2026-03-04,591.25,604.7999877929688,586.0,604.7999877929688,7458538
2026-03-05,595.6500244140625,607.9000244140625,592.0,594.7000122070312,5319825
2026-03-06,586.8499755859375,596.7999877929688,585.2000122070312,595.0,2898597
