Date,Close,High,Low,Open,Volume
2021-03-16,1218.363525390625,1237.7305756497244,1215.2824037584955,1220.1682253309843,9352771
2021-03-17,1221.00439453125,1232.448559728731,1216.6027925322187,1225.6260766302328,7626744
2021-03-18,1177.0762939453125,1226.9464622249845,1156.3007556107748,1226.9464622249845,10961755
2021-03-19,1183.546630859375,1193.0100744562515,1160.2622009937772,1170.826045008895,12767112
2021-03-22,1206.7430419921875,1211.320664308968,1176.1958648328152,1188.5203483359587,4862758
2021-03-23,1207.4036865234375,1217.7033939159137,1196.8837915336992,1208.1958890451633,7165335
2021-03-24,1191.7335205078125,1206.4348254772435,1185.131118732146,1195.342811986317,6134303
2021-03-25,1174.171142578125,1190.6330875697502,1168.7130927832975,1185.5712463471802,8749994
2021-03-26,1176.2838134765625,1194.3303776566624,1172.5865116045368,1183.7665352097747,4922071
2021-03-30,1219.5076904296875,1232.4483551746337,1176.2399284683272,1185.703371195561,10546381
2021-03-31,1204.322265625,1221.8846131538799,1200.1407440742212,1216.6026911950014,8220987
2021-04-01,1219.4195556640625,1225.0536267024227,1206.919051217892,1214.841933392189,5675155
2021-04-05,1241.16357421875,1254.4563888469693,1221.004218477717,1224.5254995692171,9479572
2021-04-06,1242.1759033203125,1255.3366477722484,1238.1263442942102,1252.6956870826855,5793571
2021-04-07,1259.0340576171875,1263.2155790672348,1238.2585199049374,1241.4717105113793,5879234
2021-04-08,1267.529052734375,1277.9608258941146,1250.9350380080934,1258.857920022219,5654434
2021-04-09,1268.5855712890625,1280.8659961023566,1258.9020482944743,1280.8659961023566,6052712
2021-04-12,1255.11669921875,1300.717334887364,1245.6532557562905,1297.5921547595563,20384532
2021-04-13,1229.9395751953125,1263.4797584027474,1210.4404583199982,1261.4990376527692,14855206
2021-04-15,1197.8956298828125,1202.86946016342,1162.022584196445,1172.8505648972027,25342491
2021-04-16,1191.7335205078125,1206.786975064139,1185.439209322817,1201.6371231713124,10879878
2021-04-19,1199.4803466796875,1214.5777523320496,1172.8946118265376,1179.6290829339875,12508028
2021-04-20,1189.6207275390625,1213.9616035180388,1181.7419044237488,1213.9616035180388,8560766
2021-04-22,1189.4007568359375,1201.4612096354417,1184.1628939428558,1193.3182467166828,6622446
2021-04-23,1174.171142578125,1187.0237961901973,1171.7062029984013,1182.2700455498518,7316262
2021-04-26,1182.7542724609375,1189.5767541537984,1162.9030085508728,1172.8066110082514,7088606
2021-04-27,1187.11181640625,1191.0732573953699,1179.761164063076,1184.911015856739,3636115
2021-04-28,1193.71435546875,1196.7954765927475,1183.6786823155342,1195.4749961110342,4879234
2021-04-29,1194.0224609375,1205.1585346306288,1189.6649182780477,1204.278214298539,5412357
2021-04-30,1192.26171875,1209.4720227612527,1184.8230555616503,1185.1752051566957,8354677
2021-05-03,1190.2371826171875,1198.11600683424,1177.8686386070633,1180.333578593025,4560337
2021-05-04,1170.2978515625,1192.7899711977664,1165.632110895416,1191.953709880542,4887060
2021-05-05,1180.9498291015625,1183.0626195761258,1168.8894824782858,1180.5976794456374,3939788
2021-05-06,1198.64404296875,1201.3730142790157,1177.340335688776,1184.0307481639024,4810090
2021-05-07,1190.6773681640625,1208.7239358814727,1187.11202765501,1201.901452963915,4991435
2021-05-10,1179.2330322265625,1190.9852860554715,1175.2715911070898,1188.3002663123307,7195348
2021-05-11,1171.3983154296875,1180.5096097171875,1166.5124944185009,1176.9003177121128,6420988
2021-05-12,1168.18505859375,1170.826019540081,1157.1810546507043,1170.826019540081,5241898
2021-05-14,1158.8536376953125,1168.0529416338368,1154.3640257610134,1168.0529416338368,4824609
2021-05-17,1170.2978515625,1175.18356484798,1162.2869581655425,1162.2869581655425,5017129
2021-05-18,1179.6292724609375,1183.6787245906223,1170.3859087588182,1177.868631755772,5620150
2021-05-19,1176.9881591796875,1194.990665077294,1173.6869582844565,1181.389760373329,4435878
2021-05-20,1179.01318359375,1187.6402592485474,1175.2277627966014,1187.0240779378437,4490092
2021-05-21,1192.3939208984375,1195.0348819635503,1185.2192885126847,1186.2316784131742,4969733
2021-05-24,1186.7159423828125,1199.8766892029557,1184.1189327608447,1194.2866762296803,4225371
2021-05-25,1198.64404296875,1204.2781141176345,1192.3497316257221,1195.4749115290554,4099340
2021-05-26,1230.0274658203125,1232.4483465009394,1199.040236092676,1204.1900880483613,6850024
2021-05-27,1234.428955078125,1246.7534374251343,1225.1415343251028,1236.1455364206467,15365391
2021-05-28,1236.8941650390625,1244.7729892781776,1229.015233338966,1241.0316277474617,4261312
2021-05-31,1240.1865234375,1247.082627872758,1230.620959220852,1247.082627872758,4429904
2021-06-01,1234.3580322265625,1246.6375894033954,1226.750137806195,1245.7477695679897,4791325
2021-06-02,1226.7501220703125,1238.584660557052,1214.6040597487086,1228.6187219765782,9272276
2021-06-03,1236.5382080078125,1244.858002094692,1225.3264993342227,1235.1589437566838,5115645
2021-06-04,1232.9791259765625,1242.9896011491096,1225.8605658538622,1240.3645669314994,4194328
2021-06-07,1236.5382080078125,1238.6292629848542,1225.5489543024312,1237.7394431120204,5154576
2021-06-08,1257.270751953125,1265.1012090745428,1241.7879754503242,1242.1883508831102,7360630
2021-06-09,1259.362060546875,1267.9932695298262,1249.8409231050714,1257.6713811300513,5394317
2021-06-10,1267.3704833984375,1271.5525933362621,1262.6543946425165,1267.1034939893893,3496575
2021-06-11,1287.480224609375,1291.6623340076171,1271.9528047198082,1272.5312092843928,6140828
2021-06-14,1300.73876953125,1314.2639885241551,1293.3086864911218,1308.9250691394936,7132294
2021-06-15,1311.5054931640625,1313.3740931171444,1301.806435115435,1302.6962549617203,5403104
2021-06-16,1317.46728515625,1325.3421693256153,1305.810666518263,1310.43768641987,7661710
2021-06-17,1330.547607421875,1337.0877613114858,1312.5731820594183,1312.5731820594183,7677951
2021-06-18,1337.666015625,1348.7887620177426,1323.5178604893176,1342.7379445318625,13533974
2021-06-21,1334.996826171875,1339.8908355733147,1320.6706390275504,1328.5010975180908,5454052
2021-06-22,1345.27392578125,1353.8161733934135,1336.598183486593,1343.3607916536985,6427862
2021-06-23,1337.5328369140625,1356.9753804774398,1333.5286472667522,1356.9753804774398,5529809
2021-06-24,1387.4071044921875,1395.9049277395711,1344.6957505278851,1349.8567492468076,10785137
2021-06-25,1400.75439453125,1404.1357534821677,1372.9920580627281,1398.7968342674067,9780240
2021-06-28,1398.618896484375,1406.0488705757884,1388.6528489007708,1399.5976766042195,5019178
2021-06-29,1390.8330078125,1400.2650768226906,1387.407114375736,1389.0088336090437,5913567
2021-06-30,1406.627197265625,1415.7033158675802,1398.8412739382577,1398.8412739382577,6058722
2021-07-01,1388.4747314453125,1403.1122225875179,1387.2734965313064,1403.1122225875179,4814317
2021-07-02,1395.0594482421875,1396.5275639340105,1372.6359253578846,1387.184456554028,5166064
2021-07-05,1404.980712890625,1410.364165297874,1389.053027825668,1396.2605453690082,4058338
2021-07-06,1390.076416015625,1411.921535049465,1385.5383568645227,1400.309343479352,4089574
2021-07-07,1392.2120361328125,1397.50652911051,1374.46017458664,1393.5023400140276,4797120
2021-07-08,1388.7862548828125,1402.356006852675,1378.3308722175086,1395.2374484422553,3326813
2021-07-09,1390.6993408203125,1396.928079212835,1380.110463828909,1384.5595626807105,3436594
2021-07-12,1377.3076171875,1404.1357070791948,1364.7611791715558,1397.5065927215103,4588982
2021-07-13,1374.7271728515625,1384.9156755957686,1367.0303178269412,1384.9156755957686,4456160
2021-07-14,1403.1568603515625,1408.4068188807405,1368.631808761568,1382.7799652654269,5657716
2021-07-15,1406.627197265625,1420.9087400251894,1384.5596225581112,1386.2503019190274,10021355
2021-07-16,1384.0701904296875,1401.1547960825774,1378.8647662261394,1400.3539365234356,6265593
2021-07-19,1371.8353271484375,1381.8013754243057,1368.1426613770952,1374.5047869083064,5669162
2021-07-20,1379.2652587890625,1386.072293532128,1368.5428864837877,1368.8098758786696,5069939
2021-07-22,1414.991455078125,1417.3494993598415,1389.3647090584504,1389.3647090584504,7854575
2021-07-23,1415.2139892578125,1422.3770827631295,1410.409048786803,1413.5234183768378,4179719
2021-07-26,1427.181884765625,1434.0779876639178,1418.4616079750388,1418.4616079750388,4586710
2021-07-27,1425.9808349609375,1431.9871189100877,1421.843150960739,1428.1608501312835,5892859
2021-07-28,1428.69482421875,1430.4744640368153,1410.809465771312,1428.2499142642337,4686788
2021-07-29,1438.838623046875,1441.5080824588358,1423.8006466353795,1423.8006466353795,4660873
2021-07-30,1433.0546875,1444.5333838399172,1429.1839933652975,1432.6097776311703,6234257
2021-08-02,1451.7855224609375,1454.6329023419573,1440.7961611531427,1448.13717442387,5553389
2021-08-03,1472.829833984375,1475.89977776786,1455.3893859177253,1465.5333543568822,5513668
2021-08-04,1467.5352783203125,1494.8082764158198,1458.4591599744758,1485.1981793032805,6740391
2021-08-05,1471.3616943359375,1482.4399083057124,1465.5778651618755,1467.7578804023244,5420536
2021-08-06,1468.3807373046875,1477.6794203166185,1462.8638974414057,1474.4315559978156,3754855
2021-08-09,1480.0374755859375,1483.73014125567,1464.999497628351,1477.9908463781162,5018477
2021-08-10,1492.450439453125,1494.897444198092,1478.035400403738,1484.2196053109628,6846517
2021-08-11,1492.7174072265625,1498.456702096927,1484.2195837872175,1490.270402517081,4899639
2021-08-12,1503.4393310546875,1509.579108658402,1489.558165572747,1494.1407587142437,5659579
2021-08-13,1523.549560546875,1532.7147487919517,1504.9524118847114,1510.0243417706486,5612790
2021-08-16,1516.6090087890625,1530.44564260102,1503.8845411944826,1519.5453491889418,4564109
2021-08-17,1549.754638671875,1556.205832064848,1500.7255906093967,1516.1639420394988,9510390
2021-08-18,1542.4581298828125,1562.078700442846,1536.7188354684106,1538.4984751157394,6686090
2021-08-20,1542.01318359375,1552.7355556641908,1527.0197416428282,1527.0197416428282,6206972
2021-08-23,1547.1741943359375,1559.9876213215564,1541.1679106196082,1544.5047349064578,6189051
2021-08-24,1531.246337890625,1563.413344476915,1523.9942850011782,1557.184606052704,7602939
2021-08-25,1544.3267822265625,1554.4262151336206,1528.710401441141,1528.710401441141,6153253
2021-08-26,1537.3416748046875,1553.6254211203336,1530.4901055710045,1542.9475831744894,5302248
2021-08-27,1520.5240478515625,1537.3415544026807,1517.3206098222295,1534.939084501257,6698514
2021-08-30,1510.95849609375,1529.2887615369723,1504.1513531642884,1515.4075949207736,6559667
2021-08-31,1518.4329833984375,1526.0409862826573,1500.1027168908208,1512.8271837232185,12255438
2021-09-01,1492.8951416015625,1521.1469197245544,1488.8019923220322,1521.1469197245544,7801974
2021-09-02,1502.9947509765625,1507.6218795661478,1479.4590583890802,1492.539367293398,6830050
2021-09-03,1513.2718505859375,1517.9878296866511,1498.812280880822,1509.17870180891,5339139
2021-09-06,1539.7442626953125,1541.1679527057966,1512.1153133974738,1517.2763118836374,4876026
2021-09-07,1518.6109619140625,1543.7483709085054,1516.2529177532997,1539.3882322260613,3520341
2021-09-08,1506.6873779296875,1513.4499866926615,1497.5221905318458,1513.4499866926615,4584896
2021-09-09,1505.218994140625,1508.1554426209843,1496.8102413604763,1500.1470652606256,3331674
2021-09-13,1505.486328125,1514.0285775406933,1490.6262704490114,1497.5669091983466,4662374
2021-09-14,1500.3697509765625,1509.089920271295,1493.651567709299,1509.089920271295,4945167
2021-09-15,1522.882080078125,1526.1299441294327,1503.9734089951633,1506.6874028811862,4062344
2021-09-16,1514.696044921875,1529.8229844217558,1505.0859457913573,1526.219170092661,3246568
2021-09-17,1504.952392578125,1528.7105397062314,1498.8570395600073,1510.0243223989958,7454864
2021-09-20,1501.88232421875,1519.5452254836232,1493.0730864950874,1499.3463595187543,5660743
2021-09-21,1529.1107177734375,1536.4962652038262,1499.0348751630181,1512.6935867071113,4672222
2021-09-22,1527.731689453125,1547.3077257336527,1524.3059048281496,1527.8206497121014,4553892
2021-09-23,1550.5557861328125,1552.735801546343,1531.4690831706716,1541.1681422798085,3826090
2021-09-24,1569.508544921875,1590.997713616821,1559.3645780438271,1564.3031211064717,8280446
2021-09-27,1531.513427734375,1574.0912850316047,1528.7994337947073,1573.8688300732904,5045337
2021-09-28,1501.215087890625,1521.591984731913,1490.448289137985,1521.591984731913,6557197
2021-09-29,1505.7974853515625,1513.9393578607076,1472.6516993687906,1476.4334333399793,7792548
2021-09-30,1490.6260986328125,1515.3631327387895,1486.088039336983,1515.3631327387895,6914031
2021-10-01,1481.68359375,1493.963042912064,1478.2132744965895,1481.6390593077983,5733906
2021-10-04,1493.78515625,1502.0159903201786,1481.906082316077,1488.2237818782576,2947154
2021-10-05,1506.2869873046875,1515.3185712967768,1479.7703140555798,1486.8888723913853,4373310
2021-10-06,1489.157958984375,1520.702027218349,1485.9990552689544,1514.562248918571,4271698
2021-10-07,1504.68505859375,1516.4306347631689,1491.9161680820143,1501.1257799217365,5476108
2021-10-08,1533.915771484375,1540.7229143721906,1511.2699020416023,1517.3651456732186,4738376
2021-10-11,1504.6409912109375,1539.3885034805146,1480.3933977312588,1496.677146158512,8840633
2021-10-12,1499.4798583984375,1502.9056429059303,1478.8805082946456,1492.227805300915,7439300
2021-10-13,1520.8800048828125,1524.839768285372,1494.9418438218438,1509.089892174887,7104171
2021-10-14,1526.70849609375,1587.082754690168,1511.0921133732145,1560.7441073282457,19655776
2021-10-18,1594.690673828125,1600.7859181068043,1548.286546695853,1548.286546695853,13438109
2021-10-19,1621.38525390625,1632.3745072788313,1585.9259547717893,1614.1332004381575,10324260
2021-10-20,1603.7667236328125,1644.3870199570588,1596.3812843324115,1627.8363931036856,5876115
2021-10-21,1560.4327392578125,1614.1333502159036,1554.3819202960854,1614.1333502159036,8779629
2021-10-22,1530.3121337890625,1568.9302261697185,1518.9223969134766,1557.0956880152075,7369809
2021-10-25,1519.411865234375,1539.1658216360158,1501.303945142191,1532.3142525237072,5905209
2021-10-26,1529.4212646484375,1549.9787485385702,1522.419225446703,1535.1217839102844,5871709
2021-10-27,1552.0882568359375,1556.7563923180637,1527.132103632975,1534.2688202556412,5090259
2021-10-28,1529.600830078125,1548.3179728132604,1518.9630389912397,1543.4703399076664,5329972
2021-10-29,1497.148681640625,1537.4107603815037,1491.1340972820406,1525.2019847743497,5875091
2021-11-01,1526.144775390625,1532.5632841362876,1504.5549072616056,1505.9014659494887,3636806
2021-11-02,1524.2147216796875,1531.890040630247,1513.8461757071277,1521.611352905563,3471772
2021-11-03,1528.3438720703125,1541.764527730392,1525.2019022892575,1534.1789588065574,3530713
2021-11-04,1533.9097900390625,1541.3607916889025,1530.5883225565397,1539.565380166842,483407
2021-11-08,1559.7637939453125,1562.9057641777204,1528.792944511578,1553.0310005901529,5245903
2021-11-09,1564.2523193359375,1570.9851126759775,1549.4401739878497,1557.2950995512297,4016134
2021-11-10,1562.1424560546875,1571.8376109976302,1545.8041480260454,1549.4398996191524,4780368
2021-11-11,1555.993408203125,1561.7835664122908,1534.179114814545,1555.679123526493,4731349
2021-11-12,1598.0958251953125,1600.474767487717,1560.2576133002974,1564.7012131877632,5069009
2021-11-15,1604.334716796875,1615.8702127881927,1593.8764237807977,1599.8012593110454,4354074
2021-11-16,1608.9578857421875,1623.9045971984135,1595.2229454176877,1606.893118906956,6034233
2021-11-17,1604.6041259765625,1617.665788691909,1598.544612062206,1609.1825130450993,4732492
2021-11-18,1597.3778076171875,1606.3996856383449,1579.0645864039852,1599.352716649209,4326924
2021-11-22,1579.4234619140625,1602.7638105783417,1572.017389741743,1601.5070006566984,6621839
2021-11-23,1559.2252197265625,1568.5164528029118,1535.0769118860949,1557.6093054597075,8436160
2021-11-24,1522.5091552734375,1562.4570664819682,1515.3275083146007,1562.008213547041,7333061
2021-11-25,1546.2083740234375,1549.6195900535836,1523.3616974043014,1526.0997437189671,4476260
2021-11-26,1518.6038818359375,1542.5725803901694,1511.736411257702,1528.3888959632156,4494181
2021-11-29,1522.8233642578125,1536.872483349943,1498.4058078883518,1518.0206596639916,3942776
2021-11-30,1537.4556884765625,1552.9411117960724,1526.1446185772156,1530.1842942257836,14808963
2021-12-01,1539.4757080078125,1563.713764760079,1537.7700450604518,1539.5654566717308,5193264
2021-12-02,1569.4140625,1571.4339004182755,1536.288698723639,1539.5653465965966,5559574
2021-12-03,1558.013427734375,1603.8861746330003,1555.3203101914041,1589.9268048686408,6754012
2021-12-06,1521.880615234375,1556.5768551113895,1518.4692895209917,1553.030961200896,3991449
2021-12-07,1536.55810546875,1548.452706939299,1520.7135766875624,1527.0872657475893,4202122
2021-12-08,1573.992431640625,1579.782699760564,1555.3650364192983,1555.724140653463,3029169
2021-12-09,1583.05908203125,1588.4004967272194,1563.8033384876364,1579.0643354763217,2082171
2021-12-10,1579.288818359375,1583.3284941772615,1567.394217340042,1579.962097662356,1823469
2021-12-13,1566.1824951171875,1590.151196897316,1560.9309379387585,1586.2911275859171,4040584
2021-12-14,1572.9151611328125,1582.6552466615897,1535.3910167263787,1553.8389138318717,4768144
2021-12-15,1556.80126953125,1569.144723607344,1545.1310947683974,1566.4965354752162,3053149
2021-12-16,1590.37548828125,1595.7617227930966,1578.166711971042,1582.3410656343676,4481031
2021-12-17,1634.5872802734375,1653.5737763320017,1621.9296527621304,1633.8242524018692,18887243
2021-12-20,1614.8828125,1642.4872628921498,1604.46944825245,1617.3963227207378,5773891
2021-12-21,1626.28369140625,1649.983144782225,1616.7680325096776,1616.7680325096776,5353584
2021-12-22,1638.0438232421875,1642.038680030921,1626.957177893869,1638.3131788309054,4156428
2021-12-23,1667.578125,1671.1689478831108,1640.1083518608461,1643.9236011741514,4112933
2021-12-24,1672.874755859375,1683.8716518933313,1664.3465507718172,1681.3580318237075,3780347
2021-12-27,1675.253662109375,1682.7494834505653,1656.3120920810711,1669.732749649534,2647733
2021-12-28,1694.8685302734375,1701.9604279258667,1686.2505766124211,1688.3152341779669,3340933
2021-12-29,1692.6690673828125,1700.0751395868292,1684.4550381126232,1690.8287268200424,3236635
2021-12-30,1699.2222900390625,1714.4384680998746,1682.6147338295473,1691.7264690178984,4584738
2021-12-31,1694.64404296875,1704.1597020773836,1680.191002196057,1696.6638809222288,4619420
2022-01-03,1704.24951171875,1718.2538096972232,1694.6441036073452,1694.6441036073452,3329616
2022-01-04,1704.8778076171875,1711.6106003890875,1685.891310083786,1704.249347875214,3921999
2022-01-05,1655.9530029296875,1708.2443650547573,1651.7786491009124,1705.640996354203,6995719
2022-01-06,1631.8494873046875,1641.0060417349105,1615.8702817958638,1641.0060417349105,6449205
2022-01-07,1628.70751953125,1648.1876896772642,1621.9747266812612,1629.739793435008,4834389
2022-01-10,1661.4290771484375,1678.620165836605,1627.5406818155436,1629.3360934888094,7857560
2022-01-11,1665.7828369140625,1678.7098221671822,1660.890384206812,1665.2442353583547,5142287
2022-01-12,1685.3975830078125,1695.7661280475315,1669.7326618149332,1677.7222647477881,5362535
2022-01-13,1702.768310546875,1716.8622469895265,1675.4331047076187,1710.1294538640775,14277630
2022-01-14,1731.988525390625,1735.2651732163426,1688.5844753336473,1689.4821810621609,7688506
2022-01-17,1741.1004638671875,1754.027449784704,1733.0211113666437,1740.2476871587562,5262464
2022-01-18,1724.2684326171875,1746.0377984851907,1715.9197247602908,1725.480313542678,3690315
2022-01-19,1676.0615234375,1720.0041749935306,1672.2910936296498,1720.0041749935306,5747770
2022-01-20,1637.1456298828125,1658.9599194096288,1629.7844879265049,1655.3690970732443,5533463
2022-01-21,1603.032958984375,1623.0518391075366,1594.3252578843944,1611.381665485635,8252758
2022-01-24,1559.1353759765625,1587.7272819323061,1551.2355216165236,1584.450634058544,7116712
2022-01-25,1545.98388671875,1562.0079114802231,1526.5485364782296,1549.9786332337899,9137653
2022-01-27,1506.8887939453125,1534.8074198145066,1494.6800181163808,1527.8951296300781,11231734
2022-01-28,1513.71142578125,1550.8316470432278,1507.6968409545839,1509.0433996097977,10998502
2022-01-31,1558.5966796875,1570.536209998629,1539.8795367121913,1542.2584788669017,8788872
2022-02-01,1590.779541015625,1597.9162579975496,1557.2501431039855,1585.4381259763172,5119935
2022-02-02,1604.289794921875,1609.406783035397,1590.7344611033814,1605.9954576263822,4253717
2022-02-03,1560.706298828125,1597.0184507985493,1556.6216940329873,1597.0184507985493,3832922
2022-02-04,1562.9954833984375,1574.530980546349,1535.2115338427761,1554.826382864696,4700077
2022-02-07,1539.5653076171875,1554.8263048355502,1521.9702974467775,1546.0287449587365,4310209
2022-02-08,1541.630126953125,1548.5424173887602,1522.5089506616448,1535.0768311505972,6053401
2022-02-09,1559.584228515625,1564.701107408803,1548.5424040620683,1557.5194614769207,3867244
2022-02-10,1588.580078125,1592.4402566950537,1569.8629350970984,1576.0571267076214,4334630
2022-02-11,1545.265869140625,1567.3494100787207,1537.770047567958,1562.0081043597472,7551371
2022-02-14,1510.120361328125,1542.7520485236505,1506.5744679361148,1517.1225090493276,7459637
2022-02-15,1560.4368896484375,1568.0673878863272,1517.5265145479614,1525.2019419028882,4669915
2022-02-16,1555.993408203125,1575.8775027443555,1550.2031404107388,1560.4370077977667,5350642
2022-02-17,1548.3629150390625,1570.0873502660593,1544.323239180745,1565.5988215345953,3937950
2022-02-18,1532.3388671875,1546.298236171717,1529.24182601946,1535.0769137031268,5602215
2022-02-21,1553.6591796875,1559.584124854063,1518.4691607935565,1526.9973647708184,5120890
2022-02-22,1556.935791015625,1571.8826121857755,1518.065201649821,1526.0098748318906,8878515
2022-02-23,1564.56640625,1578.3910963789203,1556.083130953027,1570.9850241223437,5478811
2022-02-24,1506.485107421875,1539.5206172441967,1499.6176356919725,1517.212648590987,13592379
2022-02-25,1521.2520751953125,1551.3701456178273,1505.4524766061313,1539.5652936073436,9737281
2022-02-28,1540.10400390625,1551.2805065421107,1494.6801136600138,1510.1206091390077,15076542
2022-03-02,1528.6134033203125,1539.0267681608032,1518.0204315789038,1535.0768409224868,6771489
2022-03-03,1544.8170166015625,1556.532121220316,1531.0821834995784,1544.233485910162,7344147
2022-03-04,1547.0164794921875,1558.417299543807,1509.0434795697809,1521.835787472142,9074499
2022-03-07,1561.873291015625,1571.8827318127442,1522.508916707261,1523.4066224364515,9742588
2022-03-08,1596.3001708984375,1615.8701982437856,1542.6622573734007,1542.6622573734007,10984500
2022-03-09,1627.854736328125,1644.2378666327916,1607.7910342826165,1607.7910342826165,10193515
2022-03-10,1639.1209716796875,1656.042703365668,1625.0269254755779,1656.042703365668,6547182
2022-03-11,1635.6197509765625,1644.058206295609,1625.744988484388,1628.4381055277083,4758657
2022-03-14,1697.292236328125,1701.1524149287986,1644.1930282991682,1644.1930282991682,10289724
2022-03-15,1651.1502685546875,1695.1826708755325,1642.8015610504856,1695.1826708755325,7140443
2022-03-16,1696.1253662109375,1700.2098618649063,1659.8580298508234,1674.221322699722,5233979
2022-03-17,1664.88525390625,1726.5577117887435,1645.539758514174,1726.5577117887435,17731459
2022-03-21,1663.4935302734375,1693.8808451885045,1652.7658818015334,1670.6302464936857,8362085
2022-03-22,1694.3297119140625,1696.6637247510457,1650.8807353530017,1660.7554977721877,5709382
2022-03-23,1680.864501953125,1705.6411621818563,1667.0398095640564,1702.9480445573586,6192824
2022-03-24,1693.701416015625,1700.7933134465572,1666.2765707577757,1666.2765707577757,3784303
2022-03-25,1684.589599609375,1700.25451953847,1667.9371157880028,1698.4591082189997,3438588
2022-03-28,1682.2109375,1688.494878163367,1663.1346890576358,1675.11903969184,4008555
2022-03-29,1693.072998046875,1696.125219429775,1670.2264311695085,1682.2107806865477,3917785
2022-03-30,1709.186767578125,1722.6972825433968,1701.152345190066,1714.6179310358978,7795839
2022-03-31,1711.790283203125,1717.3111957910278,1700.4342829138939,1705.6410203883704,5399145
2022-04-01,1708.827880859375,1714.887394872627,1686.1608099209134,1693.8361285877643,6171518
2022-04-04,1690.3350830078125,1699.3570700816317,1681.4029541800826,1696.43952624763,7364074
2022-04-05,1670.7200927734375,1696.3047057811573,1667.1741990144267,1691.0980783575872,5472024
2022-04-06,1641.7691650390625,1667.4884571015807,1635.7545802518507,1665.244192690946,5407453
2022-04-07,1625.7452392578125,1641.1409159802406,1622.6481980135563,1634.7672265778747,5797544
2022-04-08,1628.976806640625,1649.9831427798194,1623.0519706996265,1636.517556739723,5131446
2022-04-11,1585.8421630859375,1628.4382578043667,1582.2513400257294,1628.4382578043667,8248407
2022-04-12,1564.207275390625,1577.7177902011679,1551.0110452461267,1577.7177902011679,6456184
2022-04-13,1569.683349609375,1577.7177718117732,1554.8262764028398,1575.4285784375936,6257693
2022-04-18,1455.5400390625,1481.2144000805872,1427.352058259475,1441.266496563262,30523965
2022-04-19,1402.21630859375,1469.2300612636093,1391.4438401538494,1469.2300612636093,17044923
2022-04-20,1425.287353515625,1433.007710513435,1403.114065665019,1413.8865344992996,10678747
2022-04-21,1453.2061767578125,1460.7468177276078,1426.678926828698,1431.8407351214557,7766514
2022-04-22,1423.267578125,1445.9346489594298,1420.5296412592907,1440.2342392008813,8134245
2022-04-25,1401.4083251953125,1411.9115474766672,1395.1243853901856,1411.9115474766672,7000570
2022-04-26,1419.272705078125,1429.1474677320525,1406.3009016069334,1415.861379600755,5345435
2022-04-27,1393.9576416015625,1411.8668288833383,1391.7581965918794,1411.8668288833383,8819356
2022-04-28,1420.708984375,1437.9449991460317,1398.1316646520672,1409.3979147465427,9245177
2022-04-29,1407.19873046875,1433.9054772566708,1401.1392164916588,1427.3521812703787,9831395
2022-05-02,1383.3646240234375,1393.9126670683922,1374.3875661128377,1392.2519332715767,7072627
2022-05-04,1378.47216796875,1409.3980885628416,1373.6245347920797,1388.9752818655138,6220959
2022-05-05,1422.998291015625,1426.8135404517482,1398.1317759996657,1400.4658986154006,6144870
2022-05-06,1385.025390625,1402.081801059126,1378.0233510388225,1391.4440090997512,6171472
2022-05-09,1409.7122802734375,1424.4796064245756,1366.4429045725087,1382.466931176316,6832202
2022-05-10,1394.136962890625,1408.6349319744825,1387.8979520606213,1398.6254914253664,6212545
2022-05-11,1370.572265625,1391.39899537121,1356.9720014786396,1391.39899537121,7846080
2022-05-12,1354.45849609375,1371.24554999195,1350.4188201690602,1359.1265222178802,7034979
2022-05-13,1350.508544921875,1372.8165107722343,1344.852954894135,1363.8843824412697,6723761
2022-05-16,1336.773681640625,1357.196488541389,1327.3926998865318,1355.5357547320384,6145331
2022-05-17,1363.121337890625,1369.0013547558183,1329.4125506103449,1341.9804318999065,6516378
2022-05-18,1354.8173828125,1391.1744632386558,1351.3164182898859,1366.30805947183,6594126
2022-05-19,1281.1607666015625,1332.8236661016863,1272.6325620859147,1329.502198702564,16561140
2022-05-20,1306.296630859375,1316.7099963349126,1298.7109510177181,1304.3665414519367,10488908
2022-05-23,1318.1912841796875,1335.7862968179004,1301.7184038472692,1306.2517526127397,5887569
2022-05-24,1293.593994140625,1319.2235373026542,1288.4321860446441,1318.3706510846894,5693167
2022-05-25,1266.1690673828125,1294.9405813245614,1256.114806529215,1288.2077880074494,9630092
2022-05-26,1278.2880859375,1283.7192496732532,1263.1169461079405,1272.946780445226,13040065
2022-05-27,1311.8623046875,1316.934364203155,1290.362295335605,1296.2422023774436,8284860
2022-05-30,1370.6171875,1373.4898020762826,1333.093043191686,1334.888454697668,10904213
2022-05-31,1364.08544921875,1377.149338611248,1350.0690526193273,1370.5266393915629,16033857
2022-06-01,1341.3597412109375,1374.2008054510288,1335.5081512821491,1372.6131828007306,8738508
2022-06-02,1368.0770263671875,1373.3841995793427,1338.6833068349495,1346.3039171942348,7205840
2022-06-03,1380.505615234375,1410.7158444976426,1377.1489723134544,1383.4087625181735,9395707
2022-06-06,1388.0809326171875,1394.0231097698384,1354.4686554434797,1375.3345489968622,6624883
2022-06-07,1366.8975830078125,1378.8274543628195,1363.1780324002411,1378.8274543628195,4904592
2022-06-08,1360.8192138671875,1379.1448683164317,1353.5615113932292,1379.1448683164317,4697608
2022-06-09,1374.427490234375,1376.196511023312,1344.0358592621958,1347.2111042891397,4361061
2022-06-10,1339.77197265625,1355.3305843397889,1336.868825108461,1348.208985661335,6516436
2022-06-13,1292.3245849609375,1309.6523266400254,1280.7122172604907,1309.6523266400254,6987685
2022-06-14,1306.8856201171875,1314.4608258731198,1272.9558346588265,1279.1702210306835,6090247
2022-06-15,1290.2381591796875,1312.1927780968697,1287.1990180731677,1306.5679915960773,4651958
2022-06-16,1267.5577392578125,1309.7885413741665,1262.8402767742612,1304.5720675297325,6641772
2022-06-17,1258.5762939453125,1267.3308083987577,1240.2959348612192,1261.978341762064,9692047
2022-06-20,1282.935302734375,1290.374405133327,1253.7683822574172,1261.0714912996252,4595194
2022-06-21,1315.3677978515625,1320.9017735176885,1290.7369493628373,1291.8709653085084,6270787
2022-06-22,1303.8917236328125,1324.167909536378,1301.850494634257,1302.8031124644206,6253366
2022-06-23,1317.6812744140625,1322.7163500853471,1300.036028581826,1306.2051203282867,6254281
2022-06-24,1307.3843994140625,1331.334840499222,1296.3164470818606,1322.716318533469,6114340
2022-06-27,1337.7760009765625,1346.3038236253658,1329.202884133053,1331.8338234573516,4511097
2022-06-28,1342.811279296875,1350.1596820934983,1318.180425386765,1332.695832686275,4412178
2022-06-29,1327.479248046875,1339.9534251599073,1321.8091675409512,1328.7946624267454,5060038
2022-06-30,1326.2545166015625,1344.4894731370582,1319.9947256507555,1329.1122592903828,9165177
2022-07-01,1342.1307373046875,1347.2111072100613,1308.5184562919433,1319.0875083390094,4651635
2022-07-04,1349.9326171875,1353.7882715040637,1326.3450848979335,1342.9017181396484,4800224
2022-07-05,1339.0008544921875,1369.846093530671,1335.4174077837515,1359.7307581468851,7379669
2022-07-06,1353.243896484375,1360.8191006626487,1333.6027186493957,1344.6706697039551,5209162
2022-07-07,1359.639892578125,1373.4748889332016,1356.9182539508968,1363.5863571826133,3323472
2022-07-08,1373.928466796875,1376.1964989390626,1360.7738803721873,1374.427478165659,3652582
2022-07-11,1336.460693359375,1360.7286382087686,1330.3370063413038,1356.2832728913424,4702638
2022-07-12,1305.116455078125,1332.3328420632538,1302.7577236881664,1326.163860792882,4710356
2022-07-13,1310.423583984375,1324.5307883911123,1305.1164108508747,1315.458659703502,5264025
2022-07-14,1296.2711181640625,1318.134926705403,1282.799028870994,1316.3659058640824,6157606
2022-07-15,1297.6319580078125,1311.8298621361157,1279.7599080562986,1311.8298621361157,5620018
2022-07-18,1351.6563720703125,1355.0130151308297,1313.6895385614898,1315.4585592229448,5835171
2022-07-19,1346.43994140625,1348.8893717454062,1333.6935568698457,1335.0090819172656,3418540
2022-07-20,1374.6995849609375,1384.2253192557744,1360.819184976676,1361.9532009641566,5079392
2022-07-21,1390.6666259765625,1392.9799523411634,1363.6316382423909,1376.2419192424743,5008061
2022-07-22,1366.53466796875,1397.1076946516139,1353.6975848594027,1391.6644179192049,7020642
2022-07-25,1364.08544921875,1376.3782297074208,1342.7659436473637,1342.7659436473637,7859626
2022-07-26,1316.5018310546875,1357.780012018213,1310.9224503800992,1357.780012018213,7268273
2022-07-27,1334.5555419921875,1336.3245627981846,1310.9226023376623,1316.3658795792028,4517285
2022-07-28,1376.6048583984375,1383.000642812574,1351.6110990365607,1357.5533877504583,6636841
2022-07-29,1405.90771484375,1411.35099196503,1386.2212402192902,1390.5759062138168,7009465
2022-08-01,1407.1324462890625,1418.8808076559778,1395.2025759173741,1418.8808076559778,2983249
2022-08-02,1400.3736572265625,1403.4582028981656,1386.5386620137654,1403.050001435288,4374635
2022-08-03,1420.7860107421875,1424.3241629773152,1397.017078561979,1405.2726932814403,6011955
2022-08-04,1451.449951171875,1455.033397854832,1428.814922709787,1440.2004889831908,7402209
2022-08-05,1466.645751953125,1474.8559622239864,1453.6272690310873,1459.161245553542,5361971
2022-08-08,1469.1405029296875,1471.499234177275,1447.9117002138908,1466.963169953547,3763409
2022-08-10,1453.76318359375,1470.7734244892295,1440.744701377161,1470.7734244892295,4423829
2022-08-11,1469.639404296875,1479.981652880995,1466.0559578558064,1478.7569376887157,3462090
2022-08-12,1446.1878662109375,1464.2414226287779,1442.6044200379383,1463.6064179821378,3562286
2022-08-16,1448.3199462890625,1459.7055121386732,1443.4663795689878,1459.7055121386732,3004430
2022-08-17,1457.210693359375,1462.4271674367703,1437.9324195950876,1448.319962808223,4067324
2022-08-18,1436.072509765625,1449.9075054695088,1427.9529992074047,1446.187955002789,4635706
2022-08-19,1448.90966796875,1455.985972727663,1438.023113412736,1438.2046224349253,4739884
2022-08-22,1429.449951171875,1450.633349099086,1427.9530278186126,1438.8395820332398,3950555
2022-08-23,1399.28515625,1410.262409855025,1390.7573331024466,1404.3655261856406,5551574
2022-08-24,1394.839599609375,1402.5509079649391,1388.942716749238,1392.5715677400915,2888426
2022-08-25,1377.2852783203125,1405.0005658088057,1373.2935194346403,1404.3655610799822,4331088
2022-08-26,1380.3697509765625,1401.5984429909956,1376.6500897106735,1392.7078235409888,3079136
2022-08-29,1326.118408203125,1332.2874999956043,1315.458657016953,1332.2874999956043,8079050
2022-08-30,1354.42333984375,1357.281082385042,1329.9739985606177,1336.4151874553734,6725875
2022-09-01,1328.3408203125,1331.878972069211,1316.411061639618,1324.575976119532,8140604
2022-09-02,1318.180419921875,1340.860743733332,1313.6443551595835,1340.860743733332,5175653
2022-09-05,1325.710205078125,1330.8812741156314,1312.1473062882924,1316.3658682629728,3669352
2022-09-06,1320.08544921875,1333.6029433786189,1311.330822713805,1325.7102355622496,3428442
2022-09-07,1322.3988037109375,1329.7472054847017,1304.6174543928623,1306.386475113744,3600574
2022-09-08,1338.95556640625,1343.6730292773457,1327.7968032291676,1338.1390526321622,4061475
2022-09-09,1371.3883056640625,1378.9635106957787,1342.674997256416,1349.9326999442885,4816910
2022-09-12,1393.6602783203125,1402.4603090481628,1380.0067919378967,1384.2253536649393,5494819
2022-09-13,1401.598388671875,1408.9014961011296,1398.2871505052733,1407.903584157342,4947158
2022-09-14,1338.5018310546875,1359.8666267473366,1335.4172852850338,1358.097606026967,14332197
2022-09-15,1299.8544921875,1338.320224775178,1296.4524443234664,1338.1388265199278,12784100
2022-09-16,1249.2774658203125,1292.7782765113873,1241.3846477911488,1292.7782765113873,20464045
2022-09-19,1261.2979736328125,1275.5411699960084,1252.4979432114847,1262.8401910629045,6595241
2022-09-20,1259.7103271484375,1282.3906462376121,1256.5803766678841,1277.3101661666406,7219797
2022-09-21,1249.458740234375,1259.9370916291361,1241.4299296722327,1251.8628761327122,7917054
2022-09-22,1241.02197265625,1255.5373805814374,1233.809673640932,1239.570454012486,9168498
2022-09-23,1238.753662109375,1265.3804461403417,1235.6238222755599,1240.6134926298298,10426200
2022-09-26,1252.180419921875,1269.5988607267132,1229.273297586771,1233.8093614155043,9414587
2022-09-27,1264.2464599609375,1275.9948215927839,1250.1392564200899,1264.1556500846286,8561254
2022-09-28,1265.289794921875,1275.405240966301,1249.232170793064,1251.0465966039471,7022098
2022-09-29,1268.873291015625,1279.0340307679621,1263.7475161988737,1274.5433714005803,6119965
2022-09-30,1282.3001708984375,1287.6074555448888,1248.3250883367812,1260.0734523924411,8120130
2022-10-03,1264.427978515625,1280.9846139293722,1257.3970785454037,1280.9846139293722,4943169
2022-10-04,1296.7701416015625,1299.3556762181945,1282.7990407907328,1287.9701100239968,6631341
2022-10-06,1320.130859375,1324.3494214633474,1310.106112640393,1310.922626390357,6180672
2022-10-07,1316.547119140625,1322.5801061714467,1306.5224845422258,1312.1471593829003,3994466
2022-10-10,1326.9349365234375,1329.0668646353636,1294.003064795037,1294.003064795037,5274677
2022-10-11,1291.689697265625,1342.3575126771138,1288.3329432818086,1326.9348942612842,12824774
2022-10-12,1296.1348876953125,1307.3843486042717,1282.3907023211864,1303.664798259727,5481467
2022-10-13,1288.1514892578125,1304.5266140090537,1283.7061243463083,1298.2215292859132,4821514
2022-10-14,1337.45849609375,1355.37594923796,1331.1080063717516,1347.2110338811046,14990688
2022-10-17,1351.7017822265625,1356.2832515544005,1338.5926004471692,1339.8627206241326,4286396
2022-10-18,1364.176025390625,1370.7533190697093,1358.3245463460491,1369.8915110920248,4692004
2022-10-19,1347.6192626953125,1365.3099129941174,1343.854418021596,1364.4481050975749,3553171
2022-10-20,1361.6358642578125,1364.4482021000908,1337.4132133726773,1338.139027990448,4583939
2022-10-21,1361.272705078125,1366.2623751067351,1352.971686427234,1361.0913068291268,3594485
2022-10-24,1377.012939453125,1380.5964964935235,1370.7985538626567,1377.6026499274944,982837
2022-10-25,1384.6790771484375,1390.6666600686863,1379.916209479914,1386.3119939028177,3914341
2022-10-27,1397.6561279296875,1407.698739208656,1387.1550649469032,1403.9385396052235,6760137
2022-10-28,1387.8431396484375,1401.3248686337695,1382.1110929788172,1399.5365148544627,3053981
2022-10-31,1410.220947265625,1418.245811891941,1403.4341822194212,1403.4341822194212,4542336
2022-11-01,1442.641357421875,1444.4756121674845,1418.887736075427,1424.3447111160303,4542692
2022-11-02,1424.573974609375,1442.4120569990462,1416.9617727315378,1441.7242114783025,2938906
2022-11-03,1403.892822265625,1415.9530704364693,1395.546984991158,1411.2298417515794,3174027
2022-11-04,1388.53076171875,1394.4461881478994,1376.7456980540148,1394.4461881478994,4509682
2022-11-07,1382.523681640625,1401.2790045132888,1367.528670745416,1395.3176762956068,4898592
2022-11-09,1385.962890625,1402.2878032270442,1376.6999262188187,1402.2878032270442,3334755
2022-11-10,1377.4793701171875,1386.6965447098637,1361.9341064114733,1361.9341064114733,3435763
2022-11-11,1439.981689453125,1443.0999449630117,1418.4750969869554,1418.4750969869554,7214098
2022-11-14,1453.922119140625,1459.516573917289,1438.468432811522,1444.613253594111,4908813
2022-11-15,1461.9010009765625,1465.4319188955194,1442.4120447213857,1447.0893718318237,3497614
2022-11-16,1469.971923828125,1475.658069244969,1461.4425937488243,1464.7901313371106,4497697
2022-11-17,1455.8480224609375,1469.9718064752024,1451.7667384557692,1464.8358035943602,3469515
2022-11-18,1461.350830078125,1465.5695937519367,1444.9342271315247,1459.7916463166098,3126064
2022-11-21,1438.2392578125,1456.2608350406842,1434.4332683642735,1450.987352073004,3071764
2022-11-22,1453.6927490234375,1456.3982299208378,1432.552918851605,1438.9728102933216,3399329
2022-11-23,1451.9501953125,1460.0667500182162,1448.419277384479,1457.2236776068496,3245067
2022-11-24,1494.7342529296875,1500.4203979201461,1453.4176195623174,1457.3154109383324,5282215
2022-11-25,1500.099365234375,1507.7573561793968,1480.0601551236466,1496.2015740155414,4563255
2022-11-28,1488.864501953125,1516.4700116769118,1485.7462466988793,1493.083265201096,3825766
2022-11-29,1494.04638671875,1502.9424774251793,1481.2066035401367,1486.8468473018079,3131710
2022-11-30,1499.45751953125,1509.3625410366662,1479.4642077611848,1485.7006074148594,11868134
2022-12-01,1519.771728515625,1533.9872026204164,1515.369584352362,1518.9462914993808,5407928
2022-12-02,1502.1629638671875,1524.0823307242517,1498.540243529846,1518.7629471181933,4283343
2022-12-05,1503.859619140625,1508.5369463809327,1488.77291854345,1502.2546462279884,3824966
2022-12-06,1479.23486328125,1491.2492102968945,1474.3282538915594,1490.3320828612875,4822398
2022-12-07,1472.4481201171875,1489.2315972240235,1464.3773537802756,1474.7409387408518,4898087
2022-12-08,1485.884033203125,1489.3232610774244,1466.0282018846967,1472.4480939167222,4206837
2022-12-09,1439.248046875,1493.083379473675,1431.7275351622377,1493.083379473675,8880658
2022-12-12,1418.9793701171875,1436.1755076749384,1403.2507258609144,1421.5473714407533,8037679
2022-12-13,1441.8616943359375,1446.768302956747,1413.430748287342,1418.9793012308687,6135067
2022-12-14,1448.510986328125,1456.8568229798866,1442.641348786504,1450.8954950923392,4976020
2022-12-15,1412.8345947265625,1439.8898498673827,1408.0196764387892,1439.2479055439524,6443866
2022-12-16,1396.05126953125,1421.0888920823663,1386.7425160776045,1398.6192710071691,9630453
2022-12-19,1382.431884765625,1391.1904957152399,1371.1512855645854,1382.9821387832817,6222740
2022-12-20,1382.38623046875,1390.3651943884424,1359.5955240977712,1376.6082828344672,7396259
2022-12-21,1384.44970703125,1394.9507709461102,1377.8463225999167,1389.4480065636799,6236361
2022-12-22,1395.913818359375,1403.159035330933,1386.467361260263,1395.4093535025568,6302640
2022-12-23,1373.0316162109375,1384.7708934914551,1369.2714156919428,1383.670273272256,6283822
2022-12-26,1377.8922119140625,1384.7706673330085,1372.3435464278352,1376.1496474837907,4115459
2022-12-27,1389.310302734375,1395.3633206748425,1373.398166072519,1384.816356461264,4860076
2022-12-28,1385.0,1398.5734186856855,1374.3154431330508,1380.368461733021,5029860
2022-12-29,1391.7867431640625,1395.2259709449818,1376.6082397759933,1379.3596220007287,4624745
2022-12-30,1383.2115478515625,1403.57184400983,1379.405558572839,1401.3707157827157,5060544
2023-01-02,1397.7022705078125,1399.9950891930287,1379.405622181402,1388.5309957669474,3801140
2023-01-03,1396.372314453125,1405.6352784494222,1389.5396484110163,1393.8960033950495,4551130
2023-01-04,1370.922119140625,1394.9508128847058,1367.5286804970206,1394.9508128847058,7059590
2023-01-05,1352.9462890625,1381.1021672768188,1347.489425840876,1381.1021672768188,9868404
2023-01-06,1328.458984375,1352.7628594774767,1326.6247296502847,1348.1772226656885,6443714
2023-01-09,1361.4298095703125,1365.9237565030876,1328.1839392343245,1328.1839392343245,11498717
2023-01-10,1347.9478759765625,1360.9252499203978,1333.5490218618731,1359.1826856249468,7158624
2023-01-11,1349.3236083984375,1370.1882555291525,1342.674435137001,1348.177199215431,6173092
2023-01-12,1357.8988037109375,1361.9341866547945,1334.4203647021723,1359.136903308,6591385
2023-01-13,1379.0386962890625,1393.4834534558884,1346.3430806920758,1360.5585559991107,11610426
2023-01-16,1399.0780029296875,1401.3708216824402,1377.800689685759,1384.862526662621,6073063
2023-01-17,1411.9176025390625,1414.393801685257,1397.7021281387017,1400.453510280707,5922644
2023-01-18,1417.3287353515625,1423.24416242099,1412.0093515411083,1416.7325801385587,5843098
2023-01-19,1411.3673095703125,1421.1347382958118,1399.6739357893398,1412.284436925683,6165284
2023-01-20,1399.123779296875,1416.9618628206752,1397.7021870153455,1410.5419708855652,6496429
2023-01-23,1419.713134765625,1424.5739544918447,1401.4622781488283,1407.7904792411075,4855020
2023-01-24,1423.2900390625,1438.7895145635266,1421.3181927553053,1430.7187486357645,5200802
2023-01-25,1415.1275634765625,1427.0502195525155,1411.2297720671163,1418.7960730383943,4158617
2023-01-27,1393.2540283203125,1422.4186107141427,1382.47778201832,1417.8788751387417,6209955
2023-01-30,1411.2757568359375,1416.0447747672706,1394.0337160921317,1402.104482387963,6964719
2023-01-31,1406.6441650390625,1420.53866769089,1387.6137712822178,1420.53866769089,9448126
2023-02-01,1422.55615234375,1426.1788724013397,1401.4164349583425,1414.3936968698845,6194199
2023-02-02,1452.50048828125,1455.4352511160564,1423.3816939621152,1423.3816939621152,6916834
2023-02-03,1466.8536376953125,1471.6685567151628,1442.6414510904015,1465.1110731830363,7040194
2023-02-06,1439.7523193359375,1465.5694761151274,1432.1860188491103,1465.5694761151274,4570612
2023-02-07,1432.919921875,1445.4387337102248,1426.2248468410608,1438.972940534242,4336238
2023-02-08,1458.6912841796875,1470.1553778937687,1435.7630967515252,1435.7630967515252,7983338
2023-02-09,1482.9949951171875,1485.5170954490195,1454.6099470732718,1463.9187005529932,6904911
2023-02-10,1475.245361328125,1482.3530988577234,1464.1480299444947,1479.2806324268656,4786762
2023-02-13,1437.5511474609375,1464.6523040679722,1436.2213576521256,1464.6523040679722,4001199
2023-02-14,1461.2132568359375,1463.7353572321708,1447.3646552328803,1453.3717726405816,5043736
2023-02-15,1464.6983642578125,1466.48671791268,1445.3927876362625,1452.7298068628425,3465747
2023-02-16,1469.054931640625,1480.656505405374,1465.432210701752,1467.4040572945505,4290289
2023-02-17,1452.54638671875,1462.8181685754123,1444.934184696277,1461.901041196995,2857734
2023-02-20,1460.4794921875,1470.1552310976708,1451.3541192838827,1453.6010366458702,2417716
2023-02-21,1448.602783203125,1468.9171782738615,1445.3928371814657,1466.2115851689005,2723288
2023-02-22,1432.36962890625,1444.4756658959568,1426.4083007612826,1433.47013701294,3656244
2023-02-23,1422.189453125,1439.7524657040512,1419.850845363736,1439.7524657040512,4766854
2023-02-24,1422.1436767578125,1438.9729427671186,1416.9618843691512,1430.7187958678808,2790986
2023-02-27,1384.2203369140625,1412.376101427138,1377.525262560754,1412.376101427138,4920268
2023-02-28,1364.27294921875,1397.7021991611691,1358.5409027983055,1389.9983063812856,9679811
2023-03-01,1372.0684814453125,1376.4706257604705,1358.7242330919914,1368.7209440691638,5125043
2023-03-02,1350.1490478515625,1365.2357479456998,1345.701002604229,1361.9341118834534,4644499
2023-03-03,1356.7066650390625,1366.3365031467508,1350.9287173928365,1363.5392196767139,4615015
2023-03-06,1382.523681640625,1394.400548877502,1369.4088267341433,1370.6928275102962,6561742
2023-03-08,1368.99609375,1372.0226591031646,1358.3574377680816,1367.0243593044893,4137080
2023-03-09,1357.715576171875,1374.1779700489794,1352.396191879363,1371.1056153084942,5104656
2023-03-10,1349.598876953125,1352.1209773156488,1336.850783639018,1339.0060106489143,3699580
2023-03-13,1316.16943359375,1355.78940216574,1309.6578518193462,1342.8578170068272,8798403
2023-03-14,1302.32080078125,1328.3213380398465,1294.0666548608056,1321.5804745956207,7402784
2023-03-15,1301.9998779296875,1323.277187882345,1299.4318765422183,1318.829142580857,7556182
2023-03-16,1287.7386474609375,1300.3033608672233,1282.7861367735707,1300.3033608672233,7323117
2023-03-17,1302.962890625,1323.3231866747517,1294.4336727271848,1311.4922204768466,9090018
2023-03-20,1287.325927734375,1302.0457556788049,1270.0838874264853,1302.0457556788049,8221829
2023-03-21,1275.448974609375,1288.5639406373286,1274.8070302390654,1283.0611764780233,8536755
2023-03-22,1274.1192626953125,1290.6275561835369,1267.60768043243,1286.7297646654838,8356487
2023-03-23,1260.637451171875,1269.258358749589,1256.4644769231124,1269.258358749589,7607718
2023-03-24,1266.23193359375,1283.015297395886,1263.3429599696206,1272.972797414035,7559127
2023-03-27,1273.8441162109375,1280.0806276002397,1260.2247960834827,1271.3679168983215,4170193
2023-03-28,1263.434814453125,1282.1442377379633,1261.8298413372156,1276.7331631278034,6633366
2023-03-29,1268.8916015625,1274.715337897841,1251.466181751986,1264.7186272999518,8813966
2023-03-31,1309.6121826171875,1311.4464376364792,1278.384058086171,1287.6470235427857,8711975
2023-04-03,1293.9290771484375,1316.0777246615953,1288.7014961247696,1316.0777246615953,5242764
2023-04-05,1305.576904296875,1309.1995131593774,1283.9785067762718,1283.9785067762718,7506334
2023-04-06,1304.063232421875,1310.0245594246192,1293.470368120011,1298.652159367044,6948465
2023-04-10,1309.291015625,1315.160653204444,1297.7352331131717,1305.9434783219242,4993788
2023-04-11,1289.6187744140625,1314.564596044306,1273.8900163996034,1310.4834237107443,6942255
2023-04-12,1309.9329833984375,1312.8677460127374,1283.9782357092786,1295.9467919023184,5831169
2023-04-13,1274.0733642578125,1294.1126879036105,1268.3872190480308,1292.9203774786417,11267238
2023-04-17,1154.021484375,1156.6352751470652,1087.071182308468,1146.6844649704485,53171705
2023-04-18,1154.984375,1164.7059031013866,1149.2523287192262,1164.7059031013866,12430884
2023-04-19,1130.0843505859375,1150.3987451220048,1127.5164610086156,1150.3987451220048,11307230
2023-04-20,1122.013671875,1135.2661178854821,1120.1794170940875,1128.7086346529145,8621249
2023-04-21,1125.636474609375,1131.0475495380106,1118.895609516621,1126.3243202709632,8691352
2023-04-24,1124.67333984375,1128.0666663348547,1117.0611378828073,1126.2324115928468,8313774
2023-04-25,1123.3892822265625,1133.1108094759409,1114.3096993227584,1124.3521987449237,6808576
2023-04-26,1125.81982421875,1130.8181239428047,1119.3999321931217,1126.2324867816417,5680192
2023-04-27,1142.9700927734375,1144.3916851127638,1123.848007694374,1128.0667716038743,8020704
2023-04-28,1148.931396484375,1154.6634429645405,1141.7777576955154,1151.6368776414001,10118277
2023-05-02,1171.5841064453125,1173.6935438041753,1150.581982956658,1150.581982956658,8886401
2023-05-03,1163.9722900390625,1167.044644512001,1157.506496932256,1161.0833162689144,5549783
2023-05-04,1168.007568359375,1170.0711048738817,1157.8732664731895,1163.788693033167,4505401
2023-05-05,1154.7550048828125,1173.0058612365624,1150.3069596997327,1173.0058612365624,5373791
2023-05-08,1160.7164306640625,1165.0269966744686,1151.1782831849423,1157.8274569243922,5260842
2023-05-09,1165.393798828125,1166.5861092874693,1156.2225243840412,1161.083344621019,4969897
2023-05-10,1158.5611572265625,1170.621404606506,1154.800957377408,1170.621404606506,6515734
2023-05-11,1152.0035400390625,1170.162704744329,1149.2063690414109,1164.980913284401,6888461
2023-05-12,1142.0068359375,1151.9118552707967,1136.3665927698858,1149.4814456057363,8292212
2023-05-15,1154.067138671875,1163.742876662217,1142.4196665102663,1146.317457613311,5534710
2023-05-16,1159.524169921875,1168.3743594123644,1158.1025777274938,1160.1661142944206,5236469
2023-05-17,1143.566162109375,1156.4517347340925,1139.48487806171,1156.1307625392042,10465667
2023-05-18,1142.7406005859375,1155.2594104550697,1139.4847539326784,1154.2963820212844,6948732
2023-05-19,1163.7430419921875,1167.778425157087,1148.9773124596102,1151.9579766677468,11094136
2023-05-22,1185.662353515625,1188.2302430762331,1164.9810857591126,1167.4572849700612,7625947
2023-05-23,1192.3114013671875,1205.2428740172338,1189.5600194436024,1191.5317535922914,7436031
2023-05-24,1191.0274658203125,1196.851202152626,1184.2866021300276,1188.8722389198845,4824077
2023-05-25,1196.2550048828125,1198.685414686715,1182.4064046555832,1187.2213231154954,4334121
2023-05-26,1208.26953125,1213.7722960275548,1197.768466581114,1197.768466581114,5521606
2023-05-29,1205.47216796875,1222.2555306990143,1201.299193894401,1222.2555306990143,4419365
2023-05-30,1214.13916015625,1216.4778799505127,1200.657431335536,1206.022604561982,6274719
2023-05-31,1209.049072265625,1220.7882355808035,1205.24297124017,1210.4705525350664,17800782
2023-06-01,1210.1495361328125,1219.3208096161989,1208.8655354543341,1212.9468193268542,4277841
2023-06-02,1207.361328125,1220.28076764581,1204.619482886525,1216.6558726063317,10909311
2023-06-05,1212.47314453125,1217.0738979713722,1205.7811188985672,1212.0084173773478,5002553
2023-06-06,1188.772216796875,1197.6949566393228,1183.195490212996,1197.6949566393228,10008100
2023-06-07,1198.0201416015625,1202.7139314625765,1192.0252064148026,1199.4608412306454,5397578
2023-06-08,1192.3043212890625,1200.8552576161196,1190.7241805063895,1195.4643759367975,5034942
2023-06-09,1176.6427001953125,1192.0252152176977,1174.83030957908,1192.0252152176977,5339073
2023-06-12,1200.8084716796875,1204.2939254038927,1183.1953575768823,1183.6600847401096,4785588
2023-06-13,1212.798583984375,1214.332206477655,1205.5489075433659,1208.1978299633267,4846587
2023-06-14,1208.66259765625,1214.5180926556236,1201.970457495657,1214.19280628768,3457981
2023-06-15,1196.02197265625,1202.6674808789603,1192.1647141872293,1202.6674808789603,6161155
2023-06-16,1200.52978515625,1209.6848882031022,1190.677591317118,1196.2077995523568,8536287
2023-06-19,1202.714111328125,1207.826111028515,1196.2544479993342,1202.714111328125,4451787
2023-06-20,1211.450927734375,1212.9380321318201,1200.018592852604,1202.7140333935445,4009180
2023-06-21,1207.6866455078125,1211.822785983513,1203.6435412463507,1208.244295499256,4041529
2023-06-22,1191.142333984375,1198.4385283465883,1183.6601806665321,1198.4385283465883,6676607
2023-06-23,1175.759765625,1189.0974130017955,1174.2261432389498,1186.4019726655229,7239467
2023-06-26,1180.7322998046875,1184.1248308422635,1173.2037423317481,1180.6393770623117,3403244
2023-06-27,1188.91162109375,1191.5605434478787,1184.3107537282526,1189.7016346437479,3240024
2023-06-28,1202.10986328125,1205.2235129272265,1191.0029282361302,1198.9962136352735,5662358
2023-06-30,1241.286376953125,1244.446544670447,1212.4267718508554,1215.9122259231685,12821692
2023-07-03,1239.61328125,1251.0456156922185,1234.7336456761632,1236.1743453719541,7732412
2023-07-04,1250.255615234375,1251.0456287866502,1237.4756171691324,1249.4656016820998,5797775
2023-07-05,1252.2540283203125,1262.152627465157,1246.3984198903297,1262.059704711734,5414936
2023-07-06,1249.0938720703125,1252.3933673295787,1242.8200544623764,1247.8391312404847,5963897
2023-07-07,1236.360107421875,1250.8596857725443,1231.8522766020494,1239.89207926807,6295647
2023-07-10,1235.38427734375,1247.2348203575655,1226.229174648363,1242.26226225529,3940315
2023-07-11,1253.4620361328125,1255.599826389003,1233.3858461072232,1239.3807809101422,6126128
2023-07-12,1239.2415771484375,1256.52940602109,1233.3859691382677,1255.6928743826675,8102770
2023-07-13,1268.7982177734375,1279.6729026631901,1236.9644035943056,1240.728739413603,9977644
2023-07-14,1325.35546875,1329.1198044888868,1283.251252109647,1283.251252109647,12833381
2023-07-17,1322.5670166015625,1356.027373066275,1314.5273272735951,1325.3553796402884,11569884
2023-07-18,1371.131103515625,1373.6871031492155,1328.1903550548216,1332.8376271158952,16743977
2023-07-19,1370.898681640625,1393.0662591967148,1357.6539568295507,1381.1691978425513,13687062
2023-07-20,1347.244140625,1367.2274100444117,1339.0648965954,1367.2274100444117,8347221
2023-07-21,1237.6614990234375,1254.7634832648805,1212.9380338227177,1227.065695806331,45548305
2023-07-24,1242.30859375,1254.6703813141746,1240.124398838405,1246.3982153586667,8859789
2023-07-25,1240.4498291015625,1248.1178279606174,1230.829998679233,1242.6805423705,6801982
2023-07-26,1253.694580078125,1254.7634753600048,1244.9112811341217,1248.2572943766568,5528885
2023-07-27,1257.6912841796875,1267.5899965472738,1252.0216348505492,1262.7567654377913,9191861
2023-07-28,1245.9334716796875,1267.6362065886192,1241.7509273883345,1258.341663718946,6122735
2023-07-31,1260.061279296875,1261.7343425932213,1239.1950734898064,1253.6016166280715,7902180
2023-08-01,1268.89111328125,1272.4230854175687,1261.2696325139816,1265.9169045571427,6064652
2023-08-02,1261.1302490234375,1275.1649885403967,1253.322808944047,1272.7020250125254,7419145
2023-08-03,1268.0548095703125,1270.1460821785513,1253.834110450768,1254.7635649433187,6503741
2023-08-04,1281.1134033203125,1288.13082917061,1265.9168471204257,1272.3301049407662,5712345
2023-08-07,1294.7301025390625,1296.5890115161467,1279.85883072239,1289.989907339258,3729093
2023-08-08,1292.1275634765625,1295.241326729345,1286.7367956063742,1294.5906405227167,4161877
2023-08-09,1296.03125,1297.5183543619519,1284.970719846274,1286.3649014591272,4090828
2023-08-10,1291.105224609375,1297.3326378411728,1287.8521338559706,1293.4288608618067,3873025
2023-08-11,1275.072021484375,1298.3083819497344,1270.610708350301,1293.800550711213,5783517
2023-08-14,1295.2412109375,1296.5888744198694,1269.2628926543166,1275.0719825934739,4304135
2023-08-16,1318.4310302734375,1319.7786937329943,1306.2552006588273,1311.2742769730567,7735313
2023-08-17,1311.971435546875,1319.825280033983,1306.812918118155,1319.825280033983,5618346
2023-08-18,1290.8262939453125,1309.3223454207798,1288.3632171358356,1304.6750735005544,5134103
2023-08-21,1306.2552490234375,1307.742353385992,1289.2927060601864,1291.709264831686,3032722
2023-08-22,1304.7216796875,1306.8594702986447,1298.1225758070195,1305.6046160284368,2890714
2023-08-23,1308.6253662109375,1316.665170010188,1306.48768902064,1316.107520023971,2559125
2023-08-24,1323.1712646484375,1324.5190416072762,1314.6667341741827,1321.2194330950322,5171963
2023-08-25,1319.9180908203125,1322.148803936989,1311.8318834134902,1313.3189876716804,4307172
2023-08-28,1315.7822265625,1324.2867575475643,1311.83204511479,1319.9182535183484,3133464
2023-08-29,1317.6409912109375,1323.914808117441,1315.4567961648745,1323.5430036830764,3074444
2023-08-30,1333.906494140625,1335.30067572943,1323.5430549720845,1326.3314181496944,3070887
2023-08-31,1334.1854248046875,1342.9688379587094,1327.865202241298,1333.9066565282626,9792735
2023-09-01,1341.99267578125,1343.9910253779606,1327.446692130181,1330.0026916597724,3582133
2023-09-04,1361.7435302734375,1366.2978792292915,1333.4880956574837,1341.2026120597739,4609014
2023-09-05,1374.5701904296875,1375.639085724664,1353.7503883361237,1361.6507510555587,5496840
2023-09-06,1373.22216796875,1378.2877618234108,1360.070480794766,1377.3583075519618,5075786
2023-09-07,1362.76611328125,1369.4582536129653,1358.908967956038,1366.8557356852762,4411743
2023-09-08,1365.9261474609375,1370.7128602563196,1357.1892535120792,1360.25649837947,3125838
2023-09-11,1372.2928466796875,1373.7800644251438,1361.1859124430616,1365.9261069950462,4182226
2023-09-12,1395.2039794921875,1397.8994199484737,1372.8970738547118,1377.9161503149019,6793161
2023-09-13,1392.64794921875,1398.8288435447748,1383.6322871056639,1398.8288435447748,4804686
2023-09-14,1400.6412353515625,1405.846270656975,1393.3915592483722,1398.8288446904617,6444213
2023-09-15,1404.9632568359375,1411.2835921776357,1402.5466980730964,1410.9117877236317,8657816
2023-09-18,1386.5601806640625,1398.7360111511314,1383.0282084042437,1398.7360111511314,3991916
2023-09-20,1385.119384765625,1389.6272158004997,1372.0605053905272,1372.0605053905272,4169337
2023-09-21,1395.8082275390625,1398.4107453961012,1371.8747753272223,1381.680565209184,6779195
2023-09-22,1390.603271484375,1400.6413112772677,1380.425677376095,1386.6530901473643,5455613
2023-09-25,1370.1552734375,1384.7476626343905,1367.7387146063886,1384.7476626343905,4217863
2023-09-26,1357.6075439453125,1375.4995405113145,1356.0739215478982,1374.8024497360157,3996528
2023-09-27,1363.509521484375,1365.926080084956,1347.7553157505324,1353.2855237091,3863586
2023-09-28,1337.903076171875,1368.7145118891362,1333.7670495202924,1364.346121640076,5814602
2023-09-29,1334.1854248046875,1344.7348242112748,1316.1075800525987,1331.0717749023968,6068968
2023-10-03,1332.837646484375,1335.626009761539,1320.1041662355099,1334.7430734406207,4181867
2023-10-04,1342.45751953125,1347.6624417880482,1318.152262838638,1324.4725985168332,4510406
2023-10-05,1360.2099609375,1371.5493723980028,1347.8946904576385,1349.5677537176623,7384621
2023-10-06,1374.38427734375,1379.775158645182,1360.07076929426,1365.8333416160965,3598672
2023-10-09,1371.3634033203125,1385.8164641413844,1359.0481329313968,1361.5577278028998,3567552
2023-10-10,1389.673828125,1391.393296146582,1365.4614945887647,1379.2174656790087,5688951
2023-10-11,1388.9766845703125,1411.144149422588,1376.940181958551,1391.3932433298958,7220129
2023-10-12,1362.1153564453125,1398.2711535251433,1349.5677226602481,1386.6529740945282,11081662
2023-10-13,1330.188720703125,1336.555460811477,1301.2361927232737,1305.8834648401426,17973439
2023-10-16,1332.97705078125,1341.7603494799055,1329.1197923285388,1331.0716238772634,4850745
2023-10-17,1340.6915283203125,1350.8226045344618,1336.6020195003289,1338.6467739103207,3923764
2023-10-18,1338.925537109375,1351.426652993233,1336.8806694215968,1340.2732005613768,4264837
2023-10-19,1332.5123291015625,1338.0890555260446,1325.49490296724,1325.49490296724,6795691
2023-10-20,1326.5638427734375,1337.0202051704955,1324.7049339028495,1329.1198424704962,3928622
2023-10-23,1309.27587890625,1331.3039013836562,1306.1157114580749,1325.0300845878248,2636516
2023-10-25,1289.8812255859375,1320.4794799105882,1281.6432340369931,1317.137163082653,6940777
2023-10-26,1279.901611328125,1293.600262701033,1273.923205151914,1275.7591696776637,6357656
2023-10-27,1299.57861328125,1303.9565408986182,1283.8558619720413,1283.8558619720413,4634358
2023-10-30,1296.4716796875,1299.5785105468342,1283.3378978736482,1299.5785105468342,2667696
2023-10-31,1288.327880859375,1300.3318125956307,1283.2438397267852,1299.2019618287502,3451595
2023-11-01,1274.91162109375,1296.8481472235057,1272.5579091746342,1292.7057061877338,3090672
2023-11-02,1289.975341796875,1295.765495943668,1281.972721492604,1289.8340961001559,3758060
2023-11-03,1307.76953125,1310.54686548969,1297.1307068451297,1299.2961678955407,3349045
2023-11-06,1321.1856689453125,1324.9044879431974,1309.4171089173929,1312.335688818848,2736381
2023-11-07,1322.127197265625,1323.6335500133118,1313.2300966352614,1318.078766511828,2272209
2023-11-08,1309.6053466796875,1322.7861337778295,1305.3215449018542,1322.7861337778295,3550635
2023-11-09,1294.3533935546875,1315.725053279232,1289.8813406007866,1314.2187005328615,5498051
2023-11-10,1288.7513427734375,1292.7997730616912,1281.3607106679833,1289.7869529854245,2943649
2023-11-13,1293.176513671875,1301.5556365838725,1290.6344357148544,1299.1077990502322,3462092
2023-11-15,1327.9644775390625,1331.2596747537996,1311.488491465377,1317.1374009763547,8551860
2023-11-16,1360.3515625,1368.3541841941474,1328.0585842809098,1333.2367512594758,6673907
2023-11-17,1353.431640625,1366.094566340676,1351.0779284155915,1356.726837718172,4901251
2023-11-20,1352.5372314453125,1367.036122395586,1349.7598968645575,1357.6212730677928,3584210
2023-11-21,1354.796630859375,1365.152963687348,1352.6782900536532,1357.621085267004,3793135
2023-11-22,1372.49658203125,1373.5791976051314,1352.1604184890853,1352.1604184890853,3108786
2023-11-23,1364.4468994140625,1382.0056146017555,1362.9875519464238,1382.0056146017555,3186928
2023-11-24,1353.290283203125,1367.647926495402,1349.9479661707062,1360.9634073579093,2973195
2023-11-28,1358.2801513671875,1360.4456124998921,1343.5460053605395,1359.504127646951,3755373
2023-11-29,1374.1912841796875,1375.226894544369,1364.964801471109,1366.1886628376049,3875778
2023-11-30,1370.001708984375,1375.179875684024,1364.729416784748,1368.21286477539,10120867
2023-12-01,1367.3184814453125,1374.4737432561005,1361.5283266839235,1374.4737432561005,3489187
2023-12-04,1378.6632080078125,1385.7714640337215,1364.493931093046,1374.9913943979213,5511948
2023-12-05,1368.871826171875,1381.0641237085301,1357.621128395019,1380.0285133783032,5123039
2023-12-06,1388.03125,1390.5732132882843,1366.1417258233225,1371.5081438440814,5269178
2023-12-07,1380.1226806640625,1386.6659544767813,1376.2626157196041,1386.6659544767813,4424453
2023-12-08,1403.8951416015625,1407.2373438258442,1380.4521461092754,1384.3593311792147,6323433
2023-12-11,1401.400146484375,1410.3442522227704,1395.2804951896835,1402.812373706227,3862018
2023-12-12,1389.6787109375,1402.812378171591,1381.7702154844862,1391.0438179520306,6103494
2023-12-13,1364.2115478515625,1389.6787590187653,1349.2890359623277,1389.6316388053183,8549258
2023-12-14,1413.5924072265625,1422.5836336750658,1375.8388870549381,1377.7689770027378,12489858
2023-12-15,1486.0396728515625,1495.5957668241965,1431.9984208352303,1433.9285107001285,18395389
2023-12-18,1472.811767578125,1499.7853308836295,1468.9988229814394,1476.2010899731836,6467243
2023-12-19,1467.1158447265625,1481.8499902553428,1452.9464521784103,1478.225296674548,4221721
2023-12-20,1446.4974365234375,1490.8413527319508,1440.4719101230721,1473.471002139645,6592367
2023-12-21,1446.1207275390625,1456.1475641627426,1432.2338260213533,1432.2338260213533,5319038
2023-12-22,1471.44677734375,1474.3653575565068,1433.8815067423754,1445.1322053581507,6741060
2023-12-26,1453.6055908203125,1457.4186507029785,1433.8815277911087,1445.1793467888062,6878067
2023-12-27,1475.40087890625,1478.131207944611,1453.6526019531718,1453.6526019531718,4225849
2023-12-28,1471.2113037109375,1477.1425892283842,1464.0089217215004,1477.1425892283842,5702253
2023-12-29,1452.616943359375,1468.1984480838207,1449.8866144117019,1450.8752194379208,4388990
2024-01-01,1460.572509765625,1465.8919221925776,1445.4146265550125,1448.9451947683858,2808451
2024-01-02,1444.6142578125,1458.5011582059428,1433.8813084212525,1455.535458187299,5396313
2024-01-03,1402.8123779296875,1431.0098022399532,1400.9294082948825,1431.0098022399532,7550363
2024-01-04,1424.1839599609375,1430.8214735340546,1405.5426305452575,1416.8874530223693,7056038
2024-01-05,1442.8726806640625,1449.6042055294993,1418.1115826606078,1418.5823250946862,8895403
2024-01-08,1433.693115234375,1446.1206687605984,1424.701889324203,1439.483154876404,4440136
2024-01-09,1439.8128662109375,1462.1260117914826,1436.5646744337396,1451.6755526579025,4412074
2024-01-10,1430.962890625,1445.6029115375234,1416.9347429419645,1435.7173203076957,4096845
2024-01-11,1406.7667236328125,1435.7645051838629,1399.6114612154008,1435.6703796771912,11296088
2024-01-12,1518.3797607421875,1523.3225564289937,1464.3856251298819,1470.5994024363956,26754401
2024-01-15,1555.4271240234375,1567.5251815652139,1540.2692406673768,1548.6954842465418,13228305
2024-01-16,1536.0797119140625,1552.0378347627927,1529.9129399390588,1548.554386655104,6500917
2024-01-17,1544.223388671875,1551.0962739751476,1525.4408120839046,1525.4408120839046,9209876
2024-01-18,1546.4830322265625,1552.5085584102292,1532.9727472598277,1546.5301524412396,6375464
2024-01-19,1562.111572265625,1568.0429726211407,1547.9422946366542,1554.9563105966838,4522736
2024-01-23,1546.059326171875,1576.7045882258603,1541.8696497501444,1553.5440845490969,9401255
2024-01-24,1577.3636474609375,1581.694454529538,1548.7424867268392,1562.770633148314,8999681
2024-01-25,1571.4322509765625,1582.2123208537434,1560.9817927200572,1575.0569444579046,8865304
2024-01-29,1559.663818359375,1581.0825992301918,1551.1904544983925,1567.7135599982494,4253785
2024-01-30,1554.8150634765625,1591.1093493392334,1551.8023580167996,1565.171396519599,4995943
2024-01-31,1563.712158203125,1569.6905638157846,1542.2462583680392,1551.8023522623284,6763779
2024-02-01,1560.087646484375,1578.8702248339061,1553.7796285080506,1562.4413588052366,5760011
2024-02-02,1594.263427734375,1617.9417958851127,1567.5723538834523,1568.5609589964831,7858483
2024-02-05,1588.47314453125,1601.2303098308423,1583.436223722749,1595.581400903025,3634135
2024-02-06,1628.2509765625,1631.5932938509086,1575.998565824632,1588.0496182360184,7694265
2024-02-07,1594.639892578125,1627.8272320398985,1588.1436244214153,1627.8272320398985,4613877
2024-02-08,1593.08642578125,1606.50258433862,1584.3306859949523,1598.6412091518757,5919715
2024-02-09,1571.6676025390625,1593.8396151923025,1562.676491800521,1586.1193710004457,4600004
2024-02-12,1581.7886962890625,1593.8867538003944,1572.6092188693096,1572.6092188693096,3555808
2024-02-13,1585.978515625,1590.2622031833353,1566.1602114923992,1584.5191679841946,2696481
2024-02-14,1568.701904296875,1571.7617298510522,1539.798367340659,1563.0529955814704,3768579
2024-02-15,1578.258056640625,1588.9910065851047,1564.3711555313787,1578.870044759722,4834391
2024-02-16,1602.0777587890625,1608.9976496273255,1589.1793470591608,1590.1679521477781,4880654
2024-02-19,1600.2889404296875,1611.3513878778704,1588.9440015438006,1605.2317360980246,3690993
2024-02-20,1586.6373291015625,1595.1106926748687,1571.1028292171682,1586.401957891193,3706389
2024-02-21,1558.67529296875,1576.04564252021,1549.0250732340833,1576.04564252021,4300508
2024-02-22,1582.965576171875,1586.0254020244706,1548.1777559110003,1567.5723214065963,5841277
2024-02-23,1578.7288818359375,1599.064932049705,1574.0685776987198,1597.6998249586602,5373072
2024-02-26,1563.006103515625,1576.9400103998594,1548.742584990576,1576.9400103998594,2782438
2024-02-27,1566.254150390625,1573.315286661556,1556.0861831168934,1563.8063128021718,5159088
2024-02-28,1573.4566650390625,1589.0382863616267,1564.7950497873524,1572.2798088946804,3188916
2024-02-29,1575.9515380859375,1583.812913721107,1556.5569728576138,1567.5722998042163,7814722
2024-03-01,1557.8748779296875,1574.1154909938598,1554.3914300839626,1571.3381567596207,6387291
2024-03-04,1541.39892578125,1567.0543875331723,1538.0567235736469,1560.8406106080845,4445156
2024-03-05,1512.495361328125,1541.5401450012134,1508.2586796437324,1538.386193843857,4596579
2024-03-06,1522.89892578125,1525.3467635033348,1483.7801827337923,1509.0120236903088,6420684
2024-03-07,1521.8631591796875,1533.1609775234701,1510.3299696204092,1522.004404894455,6348359
2024-03-11,1506.9405517578125,1519.3682201060792,1495.0778662328694,1514.0488079869733,6752895
2024-03-12,1518.56787109375,1529.9128089712128,1504.1632225256892,1506.375688833194,4614222
2024-03-13,1517.108642578125,1529.4420705773052,1505.0105857809417,1518.5208697901078,5688997
2024-03-14,1556.5570068359375,1560.7465686045769,1513.9076955609466,1519.9332218123318,8803799
2024-03-15,1538.38623046875,1549.4957975654736,1523.6519697189988,1545.0707498555741,11809997
2024-03-18,1508.8707275390625,1537.1152732206572,1505.2930391151203,1534.6203153666463,4958904
2024-03-19,1470.0814208984375,1505.4342217324486,1466.8333442521293,1499.173324716635,6870411
2024-03-20,1463.9617919921875,1482.7914886121835,1461.5139544170574,1471.540790852675,4759059
2024-03-21,1463.7264404296875,1484.6744782005846,1453.087730653012,1472.4822954464403,11062497
2024-03-22,1420.5594482421875,1439.4362661905388,1410.5326112138532,1431.9985126005026,14673890
2024-03-26,1405.3074951171875,1419.241403039176,1400.8354417271594,1404.6955069309752,8351081
2024-03-27,1397.022216796875,1411.2857346994197,1394.8568706833632,1408.4612802603947,6857402
2024-03-28,1410.391357421875,1423.3367734843898,1400.129150066849,1400.129150066849,12499530
2024-04-01,1407.9434814453125,1440.4247089660325,1405.4486385196594,1435.7644049013911,6580002
2024-04-02,1396.080810546875,1405.7781506375063,1394.1978408148962,1397.9637802788536,7279400
2024-04-03,1394.009521484375,1407.613931160152,1388.690109266799,1392.4560485461666,8736248
2024-04-04,1399.7054443359375,1408.1318024819914,1382.0997240670574,1403.3302528566012,11186915
2024-04-05,1392.55029296875,1399.7055552251502,1389.6788329794124,1393.4447725803975,5072482
2024-04-08,1390.29052734375,1403.706685446096,1387.8426899035271,1396.221927423092,6610887
2024-04-09,1407.378662109375,1425.2198696967855,1400.2705201600338,1402.8124833871761,9423230
2024-04-10,1418.62939453125,1421.5008543199363,1397.6813569645744,1412.5567483925915,6744595
2024-04-12,1397.8695068359375,1418.6292919048578,1392.926711812608,1415.993088588146,12275616
2024-04-15,1382.240966796875,1404.6482366428452,1375.5564475345761,1393.3975389714133,8531224
2024-04-16,1331.6832275390625,1370.0017306796847,1330.3652406637968,1366.094545486242,16173541
2024-04-18,1336.2022705078125,1360.163012124985,1325.1398243718486,1337.9439943607726,22107945
2024-04-19,1328.67041015625,1343.3575498977523,1298.0721544750609,1303.9564344137511,20603621
2024-04-22,1348.9124755859375,1352.7725406478596,1330.3652692316007,1336.814417739945,5859087
2024-04-23,1357.997802734375,1362.1873644449943,1349.1478219496535,1358.562670672261,4856174
2024-04-24,1347.029541015625,1359.7867075742051,1343.546092803966,1359.7867075742051,4268213
2024-04-25,1354.2786865234375,1360.3513320897941,1336.908338935666,1336.908338935666,9089398
2024-04-26,1346.55859375,1360.8221110164066,1343.498768244188,1355.455578865194,8062444
2024-04-29,1350.79541015625,1355.549954695784,1344.6757585333085,1346.2762368329832,5055957
2024-04-30,1337.4263916015625,1352.4901496742034,1334.6019369629423,1350.7483107051714,6936588
2024-05-02,1331.6832275390625,1340.6744540126867,1329.2353898641165,1330.3181204493865,10076354
2024-05-03,1333.4251708984375,1341.4277929148773,1321.0916262018002,1338.885714612062,8842345
2024-05-06,1342.4632568359375,1361.1045877183944,1334.1781442699464,1336.9084732924218,6445422
2024-05-07,1356.6326904296875,1358.8922772913259,1332.7660699731557,1341.568931255247,6080661
2024-05-08,1343.781494140625,1355.5029356143054,1342.1809007941797,1351.266253405405,6234983
2024-05-09,1355.3145751953125,1365.1059257902893,1341.4746788069972,1344.0167568835536,6088406
2024-05-10,1341.521728515625,1351.9250667078657,1330.3180362931507,1351.0778223208927,8777481
2024-05-13,1340.1566162109375,1341.6159637564915,1328.623426347066,1341.6159637564915,3735954
2024-05-14,1341.33349609375,1349.8539804416741,1335.072713427135,1342.9340893861715,3463230
2024-05-15,1336.861328125,1348.0180152167325,1335.5433413149956,1342.5573572737128,4327544
2024-05-16,1368.3070068359375,1370.566593499511,1343.4989036055658,1350.0421774524657,9249145
2024-05-17,1359.7867431640625,1371.7435559166192,1355.0321982518835,1371.7435559166192,7542860
2024-05-21,1350.2305908203125,1360.1631875478636,1344.8170526513272,1346.3234055041823,6752663
2024-05-22,1369.6722412109375,1374.5207963720839,1344.4404006067602,1345.1465142625411,7173285
2024-05-23,1386.2423095703125,1391.6558474322132,1365.153026044568,1369.5779588477037,8641428
2024-05-24,1379.3695068359375,1389.1609728015073,1374.5679568215526,1382.3352072624964,5277938
2024-05-27,1385.253662109375,1393.0209118473929,1374.8032036291474,1385.7244045177397,5821844
2024-05-28,1381.2054443359375,1389.6316880724814,1374.8504213721912,1389.1609456307224,6186922
2024-05-29,1366.0474853515625,1379.7461367746178,1365.1531206572472,1379.6520112690093,7401634
2024-05-30,1343.9224853515625,1365.011768697552,1338.3678167520543,1358.3743695494225,9663150
2024-05-31,1351.076904296875,1379.7424895610318,1344.4506597427837,1353.8618612517012,37113815
2024-06-03,1350.11669921875,1382.8636553906256,1348.2920640058599,1382.8636553906256,10589244
2024-06-04,1338.3526611328125,1358.8555105856897,1304.4532506211224,1353.09357909204,13736134
2024-06-05,1373.3563232421875,1380.9428896837226,1344.594729280313,1344.594729280313,9233424
2024-06-06,1413.833984375,1415.8026912541518,1380.4627967662166,1387.6171483700416,12660930
2024-06-07,1472.749755859375,1478.607696455328,1418.6356360706318,1422.2368434730788,24075302
2024-06-10,1440.242919921875,1469.1006429210506,1437.8901779119085,1464.7791939197848,6810606
2024-06-11,1436.4014892578125,1446.6768867495505,1434.67286293827,1440.530920339611,4853054
2024-06-12,1426.2701416015625,1448.8857708643502,1423.9173996680136,1447.205207418443,9564320
2024-06-13,1434.6729736328125,1445.2845783914581,1430.2555159747842,1435.6813586014816,7307565
2024-06-14,1429.8233642578125,1444.0360586769375,1427.0864701658527,1444.0360586769375,4237727
2024-06-18,1438.7542724609375,1447.2051523581276,1436.0654413858667,1437.6019330325926,5420939
2024-06-19,1451.382568359375,1455.5119996711499,1437.3138282236787,1445.2845473689924,5493456
2024-06-20,1455.2718505859375,1457.2885031581282,1439.618556511379,1456.1361637531038,7927010
2024-06-21,1471.885498046875,1495.94161129154,1463.2425999556383,1483.6975056622882,17301941
2024-06-24,1466.5556640625,1468.428244941943,1455.271881344855,1464.0588504809766,5564989
2024-06-25,1480.768310546875,1482.6410085926723,1460.0253808999469,1465.451223093983,4551525
2024-06-26,1479.5679931640625,1487.3946405637594,1474.0942048965353,1479.8561366420593,4851004
2024-06-27,1510.9224853515625,1515.7721579895247,1471.2612599725667,1477.4072265440695,14757754
2024-06-28,1504.58447265625,1525.4714758668922,1502.1836676895095,1510.15438706981,8197544
2024-07-01,1527.68017578125,1536.4190819140294,1497.6220524294586,1497.6220524294586,6801771
2024-07-02,1556.72998046875,1568.9740856185726,1523.550809426941,1532.86588566981,10493173
2024-07-03,1562.8280029296875,1571.086748455425,1542.2770892539197,1560.5232067482063,7269965
2024-07-04,1585.1553955078125,1594.13438198508,1563.4040806456085,1563.5960981382616,8008311
2024-07-05,1582.0823974609375,1599.7523453204356,1568.5418810019864,1585.9236853770542,7065022
2024-07-08,1595.718994140625,1599.8963711842514,1574.9280004454815,1577.904975049744,5880533
2024-07-09,1591.3974609375,1600.6165277373964,1585.4914578037747,1594.0383461640054,5191182
2024-07-10,1582.8507080078125,1607.5789990626897,1572.575309683498,1591.2535253565572,9852770
2024-07-11,1587.1241455078125,1598.9361531696993,1576.8968098410567,1590.2932550444577,8857679
2024-07-12,1643.8310546875,1651.5136300854847,1600.520559326722,1613.340833576749,17078316
2024-07-15,1639.3175048828125,1659.436201288973,1635.092065184172,1657.707575021914,6942230
2024-07-16,1657.563720703125,1668.943512173137,1632.547287437264,1650.4092519603355,6886281
2024-07-18,1688.2940673828125,1695.3524103380762,1650.7934479826547,1650.7934479826547,11248896
2024-07-19,1721.8092041015625,1770.8336868455729,1715.5671113876276,1770.8336868455729,29819116
2024-07-22,1738.9990234375,1750.6669588687384,1721.8092366549201,1728.7236252048558,8462126
2024-07-23,1764.015380859375,1766.9442924167647,1712.494085746934,1738.1826974355533,7113056
2024-07-24,1761.182373046875,1769.249100779416,1747.4017766683005,1764.5915628208677,6002845
2024-07-25,1752.443603515625,1758.253598590097,1740.103489083107,1747.7860651938493,5815599
2024-07-26,1804.348876953125,1808.2861733754446,1752.9235913028444,1752.9235913028444,11369047
2024-07-29,1796.8583984375,1827.4926924499405,1790.040135957272,1818.4656425678857,4635931
2024-07-30,1802.6683349609375,1805.3571660297775,1786.1987904104494,1796.8583403917328,2721265
2024-07-31,1794.1214599609375,1810.350924152097,1791.048476651269,1802.5242769151237,5004209
2024-08-01,1779.092529296875,1793.7855029159562,1771.8901142339544,1782.453656326238,7475014
2024-08-02,1748.938232421875,1785.7186088193323,1744.0886770658112,1769.8732971519382,7400938
2024-08-05,1682.3880615234375,1726.1787193591779,1650.3613476722035,1714.1266318965754,10736703
2024-08-06,1681.619873046875,1725.6506144088735,1675.617860395926,1690.3587800212945,7690163
2024-08-07,1720.5609130859375,1726.5629255103806,1692.183351452448,1724.7382902879888,5094329
2024-08-08,1673.9852294921875,1709.3250068929763,1658.5720153140558,1709.3250068929763,6227910
2024-08-09,1700.489990234375,1710.0932091542359,1686.32524232758,1700.970151180368,4258524
2024-08-12,1726.0826416015625,1731.9405818653124,1697.9451624687292,1702.6988263064616,4315329
2024-08-13,1726.130615234375,1738.1827024097588,1718.0640047615366,1738.1827024097588,4176918
2024-08-14,1750.9071044921875,1752.5876680094568,1726.130749746865,1730.5002617824882,7450718
2024-08-16,1785.1904296875,1787.9753867685558,1756.9089953467567,1776.5955951852964,7335657
2024-08-19,1790.8084716796875,1793.449357119504,1775.8273550396493,1786.1988792940135,2585989
2024-08-20,1797.9146728515625,1810.8790189238414,1794.0733851264426,1805.405230806265,3870333
2024-08-21,1798.394775390625,1804.444850251852,1793.0169961955314,1800.6995713961778,1966902
2024-08-22,1805.6453857421875,1818.513723597305,1795.51394205871,1809.2465931329778,4300287
2024-08-23,1788.2154541015625,1807.9020537953018,1783.3178356718943,1803.67661383031,5015935
2024-08-26,1801.7080078125,1813.8080406542315,1790.0400729474454,1795.8020045127269,3728589
2024-08-27,1824.707763671875,1827.2526403543604,1799.5473747842314,1801.7080992308468,3830679
2024-08-28,1862.1602783203125,1873.588133022963,1822.1148997127973,1831.2379582795415,6514531
2024-08-29,1856.638427734375,1873.1079727033768,1844.6824662886909,1856.3023384955793,7228284
2024-08-30,1866.5777587890625,1872.6278340667684,1851.5007508106305,1861.1039704725115,13466759
2024-09-02,1886.552490234375,1897.3561122833119,1865.713550595146,1866.241657337013,5573739
2024-09-03,1864.22509765625,1888.9533893572925,1859.6155051280512,1888.9533893572925,4694322
2024-09-04,1846.1708984375,1850.7324277310104,1824.6597803927025,1844.8744872415468,4778310
2024-09-05,1856.4464111328125,1863.0245930805459,1833.8307821972226,1849.8201661965988,4081810
2024-09-06,1826.3883056640625,1859.6634851962026,1821.5866958391305,1845.7388167038994,5848106
2024-09-09,1819.4739990234375,1844.634387126065,1814.0481565814205,1815.0084785277315,4772612
2024-09-10,1836.4237060546875,1858.2229673598686,1820.7704114285846,1829.317300201853,6909600
2024-09-11,1834.3590087890625,1849.5800883553493,1829.4133272673625,1838.7284033553788,5312946
2024-09-12,1873.0599365234375,1878.773922571952,1834.9832642548035,1848.6197893164426,8555092
2024-09-13,1866.9619140625,1880.886582594913,1858.8472403257115,1873.0599351123685,3843127
2024-09-16,1872.867919921875,1874.548483367517,1856.3504289468578,1868.5464710616527,1570181
2024-09-17,1875.07666015625,1880.7424658489679,1865.0892884852562,1870.467067930622,2793127
2024-09-18,1817.0731201171875,1861.824097546446,1806.6536508696367,1861.824097546446,6385468
2024-09-19,1819.0418701171875,1848.5238256038056,1804.253005223771,1834.7911742292838,7976570
2024-09-20,1830.1336669921875,1839.0166455673825,1793.305341425795,1829.4134254860905,15242974
2024-09-23,1821.2025146484375,1842.761812755645,1803.9167195535472,1833.2546020080952,3636672
2024-09-24,1823.2672119140625,1835.0792186672709,1797.1465020357018,1813.0878227950013,7277616
2024-09-25,1820.0982666015625,1826.1482246431408,1802.3323102544668,1811.5033146813457,4268341
2024-09-26,1824.8519287109375,1841.8495816692773,1817.8895940269988,1822.4991866395028,8952803
2024-09-27,1831.0938720703125,1896.2516927156676,1827.7808082445556,1855.4380099764576,14908931
2024-09-30,1801.179931640625,1825.8122145485347,1796.282312853667,1805.40537191387,6986955
2024-10-01,1828.7890625,1833.2065199774477,1800.6036370139677,1800.6036370139677,4029072
2024-10-03,1818.2735595703125,1835.9914522282918,1806.3655442331449,1814.528280610594,7503887
2024-10-04,1842.04150390625,1876.565029844856,1811.1671309069884,1814.5763205944831,10001483
2024-10-07,1857.55078125,1864.9452133204372,1840.0249057901142,1846.8911139011777,6112575
2024-10-08,1871.2353515625,1880.2622839615105,1830.7096956078074,1861.007899519078,5637391
2024-10-09,1875.2686767578125,1898.5564839074102,1867.9221904384558,1875.07665925967,4857163
2024-10-10,1842.85791015625,1886.0723999723164,1838.1523089309171,1880.214459242611,4782119
2024-10-11,1858.319091796875,1869.7469471224404,1834.3110416283794,1841.8976089269854,4709431
2024-10-14,1881.1746826171875,1891.354071794841,1854.477685639696,1855.4860705732615,3751378
2024-10-15,1881.558837890625,1912.433094709219,1874.3083602991192,1882.2310163628915,5353705
2024-10-16,1843.914306640625,1881.7990810660253,1840.3130990275722,1877.4295689381306,3111512
2024-10-17,1890.0096435546875,1899.516854492198,1853.5654717255002,1858.415027332384,8162822
2024-10-18,1805.0211181640625,1859.9995499352583,1795.0818094027522,1818.6577602233042,10526196
2024-10-21,1779.2364501953125,1823.4593218230411,1765.071701772492,1816.0647726492866,4654601
2024-10-22,1778.1319580078125,1803.2924614363872,1773.6664378494722,1784.4700589292672,4125240
2024-10-23,1799.0672607421875,1811.167294513619,1770.8337704576425,1772.0341729593083,4311910
2024-10-24,1789.4158935546875,1809.2465653946333,1786.198838446931,1787.5433126309072,2906475
2024-10-25,1788.1676025390625,1801.9001366151979,1773.1385399992107,1789.5119595392343,4689120
2024-10-28,1791.336669921875,1807.2300463621355,1783.3180044404317,1785.9108270230458,7018940
2024-10-29,1786.4317626953125,1798.378144066303,1776.4277753656768,1792.9391324904534,4621252
2024-10-30,1750.301025390625,1786.1404080241402,1744.7163014394891,1779.3416136488445,5919715
2024-10-31,1706.740234375,1736.5092654474463,1696.2992285309076,1736.5092654474463,7395236
2024-11-01,1710.236572265625,1715.2385657478123,1701.6895882617994,1713.7816813488193,371966
2024-11-04,1712.9561767578125,1716.2098616116575,1668.6183034798119,1674.9314693544445,7336722
2024-11-05,1703.7777099609375,1717.6181118779048,1694.842199656711,1709.4110437798347,3160880
2024-11-06,1771.2801513671875,1774.679548579323,1711.985022561022,1713.296194916247,10421494
2024-11-07,1751.2237548828125,1773.22261567757,1735.6350435250165,1760.8390975998175,4550965
2024-11-08,1777.3504638671875,1787.694367437014,1761.0334287500186,1765.7439982122546,4210960
2024-11-11,1806.6337890625,1814.306737413767,1770.163186757311,1776.427742360696,3804234
2024-11-12,1815.083740234375,1826.9330191433785,1807.5078940062876,1817.3175584882076,5012450
2024-11-13,1814.6953125,1819.3572716489662,1802.943134866599,1807.605094015565,4257495
2024-11-14,1810.9559326171875,1822.0767695268303,1802.6516440521305,1811.975680567675,4311431
2024-11-18,1759.3822021484375,1796.047127993138,1743.4050832115965,1796.047127993138,4839244
2024-11-19,1772.2999267578125,1806.24528689049,1768.2206977377823,1773.0283689800722,4669769
2024-11-21,1781.3326416015625,1813.3354888516371,1768.26917339711,1789.0540816629436,5436504
2024-11-22,1847.572265625,1859.0331371970146,1781.2840242640295,1800.80625185363,6301486
2024-11-25,1835.383056640625,1864.1323391283017,1827.904430253904,1860.927145784527,12764638
2024-11-26,1868.8427734375,1882.8773790978912,1842.7645663309452,1850.194581938472,6850495
2024-11-27,1869.1827392578125,1885.5969943515,1856.7992214996743,1874.621750796134,4447143
2024-11-28,1803.282958984375,1859.8586361338635,1798.4266776839897,1859.8586361338635,8468790
2024-11-29,1804.448486328125,1823.0480681141644,1791.9678666332622,1797.8925063282472,5244346
2024-12-02,1825.7677001953125,1828.6814691911163,1782.4495729417774,1805.5655210664468,2868263
2024-12-03,1837.7139892578125,1845.1441235346933,1817.3662175546285,1832.760605927078,4715792
2024-12-04,1834.9459228515625,1858.935905488834,1821.1055208927776,1829.8468273930628,4705573
2024-12-05,1879.2352294921875,1893.8526842407528,1834.654541582606,1845.386971128795,9050038
2024-12-06,1867.1431884765625,1882.2461532385446,1857.4306251975142,1877.2442779990854,3573331
2024-12-09,1868.357177734375,1874.7188352688952,1842.6673778401903,1868.8912975545852,4274645
2024-12-10,1892.54150390625,1909.101352624084,1876.4671647750902,1883.2659588503623,6174921
2024-12-11,1917.4056396484375,1921.1449526741415,1895.8922889888395,1898.806057875605,5025612
2024-12-12,1929.88623046875,1941.3471020098962,1913.9091120699152,1918.4253589276038,6462130
2024-12-13,1942.22119140625,1948.7771714843159,1897.6406217246506,1913.132112410419,5362693
2024-12-16,1923.1361083984375,1942.1240981650324,1920.7564592966078,1938.0933607570853,3119221
2024-12-17,1919.7852783203125,1925.0300863243267,1901.7199339167669,1911.4324974199167,5811050
2024-12-18,1922.261962890625,1927.8951783904936,1905.216367108079,1910.2669710918078,3064095
2024-12-19,1890.259033203125,1903.4196039771014,1864.8121646312206,1878.4097533316565,5323592
2024-12-20,1866.9002685546875,1923.038809987995,1856.3135514684034,1918.3768510152895,11056720
2024-12-23,1868.988525390625,1884.2372017118134,1854.1282567360063,1874.5732490554924,2781793
2024-12-24,1854.1768798828125,1886.1797274213886,1787.111585198432,1871.6594932162752,2360544
2024-12-26,1852.5743408203125,1864.5693327398988,1847.6209572676305,1854.1769374712999,3623321
2024-12-27,1861.655517578125,1868.8428379280153,1849.1748978049127,1854.5168074679777,3937500
2024-12-30,1851.2144775390625,1860.9270403802957,1832.2749799986577,1860.6356160704356,7789055
2024-12-31,1825.9617919921875,1842.473148621904,1792.0164326986576,1837.9082915665463,3613063
2025-01-01,1828.3900146484375,1838.5395957247827,1820.134335963438,1820.134335963438,1838368
2025-01-02,1901.57421875,1906.2362966487788,1831.109641782825,1832.7607301511275,7083645
2025-01-03,1883.023193359375,1896.8149857004253,1866.7546499738073,1896.8149857004253,6218003
2025-01-06,1882.1490478515625,1916.288731426852,1872.5821967516326,1895.8923485784164,7164403
2025-01-07,1875.3502197265625,1902.2540906114118,1868.357221729347,1889.0935202054077,4294832
2025-01-08,1877.5841064453125,1882.8774057609294,1834.460303784991,1874.5246254427705,5482050
2025-01-09,1862.1898193359375,1895.74665458795,1855.6338390718154,1878.4583629543145,6833503
2025-01-10,1910.4124755859375,1920.9507009797642,1876.709930393327,1881.3233976824297,8036913
2025-01-13,1905.799072265625,1925.8070469770787,1892.9785364775742,1899.7773306055078,5804152
2025-01-14,1884.285888671875,1915.1232771204202,1875.5930733895989,1912.2579998126723,5792162
2025-01-15,1893.60986328125,1901.7684398888914,1881.420549328485,1891.036010381721,2985439
2025-01-16,1873.0191650390625,1910.41253260361,1861.7526156669912,1909.4412763032324,7533579
2025-01-17,1763.2672119140625,1804.5942151264314,1759.9164250856263,1797.7954209897873,16409953
2025-01-20,1761.17919921875,1775.4080099966866,1741.60835991682,1770.5517282126625,4333011
2025-01-21,1748.941162109375,1779.0016155615642,1741.5111463055791,1766.7638099629812,7169109
2025-01-22,1803.0887451171875,1812.1700865447272,1753.2633671133483,1755.448693830049,8373913
2025-01-23,1811.8299560546875,1825.5247642701754,1799.446438649042,1804.5941442893445,5907471
2025-01-24,1821.5426025390625,1840.4336089404926,1810.6645792715367,1811.8786496612856,4887027
2025-01-27,1769.6290283203125,1809.4505377391558,1759.9164650474238,1795.6101350752897,7652371
2025-01-28,1777.15625,1809.9361507719634,1772.4456805643415,1777.3990640797924,6999495
2025-01-29,1827.1759033203125,1834.36322360914,1787.5972093347696,1791.9678626583263,5145155
2025-01-30,1806.488037109375,1832.9547702492719,1790.9965471548646,1819.3086909049005,7336056
2025-01-31,1825.7677001953125,1842.910279604707,1817.2205970496623,1817.2205970496623,5820470
2025-02-01,1798.1353759765625,1836.2571867836969,1792.9391783431893,1826.2533177597818,1701402
2025-02-03,1809.741943359375,1822.6110895629577,1779.7300994439906,1783.2265984737837,4823228
2025-02-04,1844.2215576171875,1856.2650411997822,1821.1056096540206,1834.703198206104,7334787
2025-02-05,1842.521728515625,1864.5205878724964,1839.8507738106882,1851.2144245852517,4996744
2025-02-06,1860.587158203125,1868.6971246106148,1845.3869733680706,1861.898330498206,4765255
2025-02-07,1848.9320068359375,1868.40562375176,1835.140096778848,1864.13219104828,4126260
2025-02-10,1826.2532958984375,1850.2432794461592,1824.6020890265615,1850.2432794461592,3828734
2025-02-11,1821.7369384765625,1848.3007750893653,1816.249316561804,1828.9727506286142,4411601
2025-02-12,1809.5963134765625,1840.142278618334,1793.9104995274497,1830.8182412610952,5633947
2025-02-13,1790.268310546875,1819.6488158467762,1782.8867858202054,1814.792533979024,5237744
2025-02-14,1803.040283203125,1805.856950285683,1775.7964955938853,1800.7092442878504,5292961
2025-02-17,1789.345458984375,1799.4950394980904,1769.77462159192,1785.703248001718,4428956
2025-02-18,1798.7181396484375,1808.1393973263787,1784.780634818134,1789.3456107739096,4365260
2025-02-19,1758.7509765625,1796.0471240806544,1753.9917969230971,1794.2989338566194,4611411
2025-02-20,1772.6884765625,1778.3703022593725,1753.6518766132701,1753.6518766132701,2218020
2025-02-21,1762.8302001953125,1777.2533326664163,1754.2830972545896,1769.4347905187403,3379879
2025-02-24,1713.3931884765625,1756.0313630959042,1699.9413126430345,1748.309923055587,7594720
2025-02-25,1716.8897705078125,1727.330776075937,1694.9880113599872,1694.9880113599872,5092963
2025-02-27,1713.5875244140625,1724.8054634563641,1700.7668702151418,1704.748997302386,5757079
2025-02-28,1639.189208984375,1704.6519072727174,1634.0901134127998,1704.6034155946859,12182167
2025-03-03,1659.488525390625,1678.9136517994152,1643.6571185043986,1643.6571185043986,7504969
2025-03-04,1639.7720947265625,1650.1644899401717,1621.9980566215932,1646.2794646548505,6759673
2025-03-05,1662.30517578125,1683.1385762213686,1643.8026956375877,1643.8026956375877,8180782
2025-03-06,1666.5301513671875,1672.794825837321,1642.4915571816716,1665.7046071983816,10610547
2025-03-07,1637.5380859375,1655.9919552333556,1627.339895010843,1654.1465445914585,8019331
2025-03-10,1652.5439453125,1669.5895404009018,1628.0197243147556,1637.5380832553346,7558981
2025-03-11,1613.83935546875,1631.7104941166237,1589.9950857541564,1631.7104941166237,12671234
2025-03-12,1545.123046875,1589.84944650162,1518.850635339536,1589.84944650162,14870008
2025-03-13,1534.439208984375,1559.886194636392,1525.163782654934,1553.2816045131979,7822888
2025-03-17,1544.34619140625,1548.1826065260266,1500.736758011993,1500.736758011993,7526032
2025-03-18,1544.34619140625,1544.34619140625,1544.34619140625,1544.34619140625,0
2025-03-19,1540.94677734375,1556.9238965430377,1527.5920028100838,1556.9238965430377,7387068
2025-03-20,1569.11328125,1584.9932992405397,1546.240146235024,1546.240146235024,7186750
2025-03-21,1546.7742919921875,1557.7980274559397,1518.7049607743006,1532.59385494289,10074677
2025-03-24,1546.968505859375,1560.9060103586978,1527.4947691913153,1552.0189913058653,8857726
2025-03-25,1581.6422119140625,1589.1209562659596,1558.8663000022038,1558.8663000022038,9890140
2025-03-26,1553.4759521484375,1590.6751185099797,1549.153908730525,1579.2628561729366,6651302
2025-03-27,1557.4581298828125,1573.3866387891755,1540.4125339270274,1549.688079270318,9426573
2025-03-28,1525.5037841796875,1552.504639118573,1515.1598805138667,1544.2975705237486,6799047
2025-04-01,1482.6226806640625,1502.92196020728,1474.2212903040318,1495.0061979771754,12680733
2025-04-02,1505.593017578125,1510.9349273715397,1491.0726643663595,1491.0726643663595,6193478
2025-04-03,1453.4849853515625,1490.538435185599,1442.3641486583924,1490.538435185599,10459504
2025-04-04,1409.9241943359375,1429.6892358061361,1406.3790852223406,1418.5197886514006,9590254
2025-04-07,1356.602294921875,1365.489314158466,1269.4320382766355,1313.1385736419368,21715252
2025-04-08,1387.7310791015625,1414.6348317731379,1374.3276944448953,1389.8677955834949,12805001
2025-04-09,1363.3524169921875,1368.9371407012397,1342.1791008495861,1364.663707842691,8546854
2025-04-11,1368.937255859375,1397.4437254302495,1356.893771609889,1370.6855647660782,12567440
2025-04-15,1385.011474609375,1406.087688754894,1368.5001176189407,1404.0480742507405,10178530
2025-04-16,1372.4822998046875,1386.4684147056246,1356.6508927211694,1384.0402738742662,12022740
2025-04-17,1378.6982421875,1388.7022289531085,1338.6825322481727,1357.8162328834976,14264227
2025-04-21,1409.29296875,1429.4951483248678,1369.4714582615436,1369.4714582615436,15648970
2025-04-22,1381.903564453125,1398.6091260339042,1378.5041672717928,1398.6091260339042,9399738
2025-04-23,1432.505859375,1445.0350886470426,1398.2204665039803,1404.4365301839098,11136642
2025-04-24,1429.1065673828125,1440.2760150192205,1419.4911061400271,1427.6496829084983,7114292
2025-04-25,1437.653564453125,1458.535575435,1421.4336312546193,1433.0887071514799,8329979
2025-04-28,1439.4989013671875,1446.7833234291916,1423.1818670852326,1437.6534907325017,5886253
2025-04-29,1454.4564208984375,1466.4029217301106,1431.7289980215003,1439.4019470928108,8056743
2025-04-30,1456.9815673828125,1465.431568419441,1439.984581952398,1453.7764926957282,7704183
2025-05-02,1463.586181640625,1479.4175886205041,1453.1936678135066,1456.5930649551544,7402310
2025-05-05,1465.2373046875,1479.2234198282615,1459.6040889990923,1471.453369034679,4282493
2025-05-06,1468.0538330078125,1472.0359599506996,1456.0102317041706,1462.7119235923028,4270530
2025-05-07,1464.9459228515625,1475.1441139885928,1453.5821530190785,1456.8844481471906,5691799
2025-05-08,1467.9569091796875,1472.9102929808603,1458.0500230157727,1464.654613791716,8424409
2025-05-09,1464.2659912109375,1467.9568126185206,1451.1540310083215,1457.5642989506216,4478653
2025-05-12,1580.136962890625,1585.0903465111594,1487.96471253376,1492.8209942326298,11372857
2025-05-13,1523.5125732421875,1565.859323230766,1519.627548132014,1562.7513505672503,12846210
2025-05-14,1546.6285400390625,1549.1537826809642,1524.3867472838704,1528.75740058924,4870057
2025-05-15,1566.6363525390625,1572.0753639006625,1525.8435894847285,1544.103254657481,11151167
2025-05-16,1544.200439453125,1566.2479103864578,1536.0418626920532,1566.2479103864578,4576751
2025-05-19,1514.965576171875,1539.4411867318856,1510.9833306187809,1531.185508443418,8855798
2025-05-20,1515.7425537109375,1537.9843466293191,1513.2173110505078,1524.8723866170074,7143998
2025-05-21,1523.41552734375,1525.8436681268927,1507.4869000940212,1522.832797268108,4157309
2025-05-22,1503.01904296875,1515.936798484799,1495.7346211126817,1510.7890929485561,6158990
2025-05-23,1519.8218994140625,1541.5779455953386,1505.447258808557,1505.447258808557,5038421
2025-05-26,1535.070556640625,1538.275749801986,1517.782147363295,1521.5700705826603,3170102
2025-05-27,1524.9696044921875,1537.401733466409,1511.6634396332652,1534.487964353223,7775714
2025-05-28,1526.6207275390625,1542.063608140773,1524.8724187426308,1535.556238237006,3623370
2025-05-29,1540.0240478515625,1562.6543682753302,1531.2827406845122,1543.3263431603168,8609500
2025-05-30,1539.1375732421875,1548.297396005105,1531.652190030095,1547.3124739974683,13148092
2025-06-02,1530.371826171875,1536.4782943781508,1515.7949327230604,1536.4782943781508,4374509
2025-06-03,1519.734619140625,1543.6682714095227,1512.4461724234918,1535.4933708621093,6853403
2025-06-04,1527.8109130859375,1533.8190332918903,1518.158749909477,1519.7346010168856,4548307
2025-06-05,1530.8642578125,1544.0621159555858,1518.3556767230737,1524.5607331925255,6948539
2025-06-06,1540.2210693359375,1545.2441474823067,1519.8331118292815,1531.2581829658582,3960020
2025-06-09,1549.183837890625,1564.0561360451065,1547.3124620446238,1554.2069160448225,2903202
2025-06-10,1571.935546875,1583.2621501262925,1553.7144894707471,1560.116482612782,8591925
2025-06-11,1606.5062255859375,1609.9534525332194,1566.1244242034918,1566.1244242034918,10597410
2025-06-12,1584.345458984375,1603.452969273507,1574.0037782857437,1592.6188275892266,10483574
2025-06-13,1577.844970703125,1584.7394243828517,1546.5244044661895,1552.2369998927122,6968315
2025-06-16,1599.31640625,1610.1505483486199,1573.01891647278,1575.875214344727,5591842
2025-06-17,1615.173583984375,1622.5604988569514,1591.2399317053334,1596.2630097727385,7622083
2025-06-18,1608.2791748046875,1619.9011823893957,1596.5585788351507,1596.5585788351507,5629707
2025-06-19,1593.997802734375,1605.4228739879738,1587.2018168292147,1599.4148737815738,5147760
2025-06-20,1598.429931640625,1606.1122510729595,1584.6410236941556,1594.58871180959,9202821
2025-06-23,1560.116455078125,1576.8601291540897,1551.6461498856431,1576.8601291540897,7943676
2025-06-24,1557.7525634765625,1584.739449496533,1552.827953627288,1576.860073737694,8083992
2025-06-25,1590.550537109375,1595.4751470327865,1561.199813873949,1566.025955644839,7813533
2025-06-26,1591.6339111328125,1599.5132869304996,1582.3756205245834,1584.5425210067874,6519233
2025-06-27,1583.7545166015625,1605.0288069577266,1578.238977654369,1594.5886581952298,8912268
2025-06-30,1577.6480712890625,1590.648993297183,1570.064099926214,1590.648993297183,6294505
2025-07-01,1582.57275390625,1593.308307768125,1576.3676970723639,1584.7395342639384,4178937
2025-07-02,1586.2169189453125,1624.1364168524187,1579.2239966239758,1593.6038341220215,8653641
2025-07-03,1594.293212890625,1607.786716594206,1590.6490495377586,1594.0962765801005,5259695
2025-07-04,1615.96142578125,1618.6207872342948,1587.9897380569496,1600.4981989662078,4411273
2025-07-07,1602.4681396484375,1619.2118141254034,1598.5284515362102,1615.2721260131761,3294523
2025-07-08,1613.9915771484375,1621.378491891406,1597.0509674297891,1603.4529602070286,4590681
2025-07-09,1609.0670166015625,1613.3022292758048,1599.1193284889714,1613.1052929685202,4580828
2025-07-10,1591.43701171875,1614.1886858160015,1582.868118202301,1614.1886858160015,5330179
2025-07-11,1570.85205078125,1582.8680505457567,1539.433016356687,1555.2902357933656,11391755
2025-07-14,1546.623046875,1567.7988696310574,1536.2813659941348,1567.7988696310574,9173426
2025-07-15,1561.6922607421875,1579.4208563061295,1540.4179701114037,1541.5013602388092,7614807
2025-07-16,1583.6561279296875,1587.6942841349517,1554.6993967165145,1555.1918577227598,6223491
2025-07-17,1559.6240234375,1585.7244570472844,1556.2752645133157,1573.9053927711557,7374814
2025-07-18,1562.1846923828125,1575.1857343566385,1556.176692489401,1568.0942241264431,5161833
2025-07-21,1560.4119873046875,1565.041072656143,1543.1758521432762,1556.1767745731315,3682661
2025-07-22,1547.2139892578125,1561.889351060241,1541.4029254290974,1541.4029254290974,8473741
2025-07-23,1550.7596435546875,1567.897309898412,1526.629055261839,1552.5325511946266,8035026
2025-07-24,1529.0914306640625,1558.1466301517212,1524.8562179010848,1556.1767861186595,14169664
2025-07-25,1492.84619140625,1526.1366022975346,1488.512630894258,1520.12860228797,10851259
2025-07-28,1493.1417236328125,1496.392014262957,1460.14683725966,1491.0734115180542,6439855
2025-07-29,1490.8763427734375,1494.3235696797126,1473.5417400906863,1490.0884773327002,7070448
2025-07-30,1496.0965576171875,1498.7557989957106,1483.2925712781332,1496.9830114866083,5719051
2025-07-31,1486.247314453125,1504.0743788045277,1474.428250322285,1486.936711768862,6851407
2025-08-01,1447.4412841796875,1476.1024890867666,1443.4031282013243,1471.3749358302919,8702978
2025-08-04,1458.177001953125,1460.4423706154291,1429.1218033326475,1439.4634841975633,8610216
2025-08-05,1438.2816162109375,1456.4040844682859,1433.0614816224124,1456.4040844682859,10213323
2025-08-06,1415.037353515625,1434.14486387826,1408.7339490588547,1430.1067078263497,10566934
2025-08-07,1415.234375,1420.2574529025999,1392.876574581379,1408.4383894942564,9892020
2025-08-08,1401.6424560546875,1411.590144080286,1395.7329241309972,1403.5138318764698,10048009
2025-08-11,1406.66552734375,1411.7871937906966,1392.6796832838538,1398.4907470266712,6625368
2025-08-12,1402.62744140625,1419.2726477892124,1399.5742071536924,1406.6655976905836,9899184
2025-08-13,1405.0897216796875,1412.3781686321047,1400.953097311154,1403.5138705026145,10318063
2025-08-14,1425.8714599609375,1447.835267553816,1404.6956380205245,1404.6956380205245,12902347
2025-08-18,1414.1510009765625,1442.6151494914589,1408.0444126749926,1442.6151494914589,7254561
2025-08-19,1418.2877197265625,1427.5460108318366,1411.0977408332749,1411.0977408332749,3986094
2025-08-20,1473.6402587890625,1476.3980885005715,1418.9770874002822,1418.9770874002822,10413061
2025-08-21,1473.8372802734375,1485.262351237006,1461.9197483180794,1485.262351237006,6565539
2025-08-22,1465.0714111328125,1481.6181481033814,1463.6924963469764,1475.5115598317454,5543397
2025-08-25,1508.9989013671875,1515.7948868943363,1483.981859694785,1483.981859694785,10694531
2025-08-26,1506.53662109375,1515.2039825206518,1495.7024794249892,1500.03616013844,15994798
2025-08-28,1477.4814453125,1506.5366438633127,1475.413133190423,1506.5366438633127,5443364
2025-08-29,1447.4412841796875,1479.254311487481,1445.5699084151588,1479.254311487481,8169075
2025-09-01,1476.7921142578125,1480.7318023736236,1453.941851048263,1454.4343120627393,4546057
2025-09-02,1476.1025390625,1489.9900353122632,1463.8896025641538,1476.7920565936874,5218763
2025-09-03,1456.798095703125,1479.2543652339205,1450.7900955921732,1477.3829894013984,4623483
2025-09-04,1440.94091796875,1461.6242804276317,1438.0846200594328,1461.6242804276317,5787724
2025-09-05,1422.8182373046875,1450.4945202945664,1411.3931666312185,1447.835279098319,5466487
2025-09-08,1411.2947998046875,1436.0163186937275,1406.7641825159365,1429.1218644887508,3811567
2025-09-09,1481.6181640625,1484.474341584966,1450.297597398603,1458.6694341238242,13072640
2025-09-10,1509.491455078125,1511.756823802922,1486.5428442826578,1487.330709756259,7281071
2025-09-11,1486.9366455078125,1504.4683046125388,1483.7849433052634,1500.922609577238,8003662
2025-09-12,1502.596923828125,1519.6361218926327,1498.1647749913177,1513.8250582606502,12856963
2025-09-15,1485.6563720703125,1504.4683582651935,1478.5648615170796,1502.5969824151846,6167414
2025-09-16,1488.5126953125,1491.1719366717366,1480.8302554728903,1485.656397411633,8923112
2025-09-17,1499.4453125,1503.680405062861,1491.1719434573272,1494.028241371192,4795698
2025-09-18,1517.370849609375,1531.5537508334592,1515.302537400178,1526.6291407021617,9331945
2025-09-19,1516.976806640625,1527.9095369547413,1497.179898612735,1521.3104874589542,12988129
2025-09-22,1476.8905029296875,1491.8612688721596,1459.6543683506482,1460.3437656419162,15655204
2025-09-23,1474.920654296875,1490.186944875574,1470.4885054191882,1470.4885054191882,9832164
2025-09-24,1472.0643310546875,1474.1326431158677,1460.3437357350242,1464.7758845360097,4937004
2025-09-25,1462.4122314453125,1480.04223903444,1454.2373307659764,1466.5488557470633,9491867
2025-09-26,1427.053466796875,1456.404069373631,1419.4694954878144,1452.7599061754568,8597058
2025-09-29,1420.060546875,1442.9106885263222,1414.8404123331482,1437.9860786678707,10513117
2025-09-30,1420.060546875,1430.303639196793,1416.416263441906,1421.2424051491353,7556305
2025-10-01,1424.000244140625,1427.6444073679875,1405.877655696216,1424.197180444367,6250692
2025-10-03,1424.7880859375,1426.4625254104503,1411.5901076030302,1417.3027030735375,6877533
2025-10-06,1453.744873046875,1456.5027027407555,1420.5530497148675,1424.7881421800753,4630590
2025-10-07,1436.5086669921875,1460.5407866669368,1432.0765182081868,1455.4191203786977,5570320
2025-10-08,1472.4583740234375,1475.4131399913774,1433.061494450904,1435.0313384295307,4657192
2025-10-09,1486.5428466796875,1491.171932062491,1464.5790376333712,1479.352867871771,7028753
2025-10-10,1492.058349609375,1498.755747016607,1476.2011295853695,1487.2322078030077,3738353
2025-10-13,1470.6854248046875,1482.0120273618204,1461.0332617199265,1474.4281763502415,5859355
2025-10-14,1467.435302734375,1491.5658915845438,1464.0865439092208,1476.3980688327763,5600789
2025-10-15,1452.1690673828125,1466.1549121391147,1445.373081319078,1461.5258266826634,6986098
2025-10-16,1449.312744140625,1452.267510183725,1438.478601982591,1451.6765810210527,8005748
2025-10-17,1419.37109375,1436.410292725158,1412.3781714796953,1432.9630656678505,16959378
2025-10-20,1438.87255859375,1444.8805586841174,1428.136884861602,1431.781048131079,6994246
2025-10-21,1450.19921875,1463.5941342911037,1447.8353818357486,1455.7147580634262,1698704
2025-10-23,1505.4532470703125,1522.6893817276436,1483.292502510887,1487.2321904325627,20358624
2025-10-24,1502.4000244140625,1519.7346273554492,1495.111577657532,1516.2874003977408,8652257
2025-10-27,1504.5,1515.300048828125,1498.0999755859375,1510.0,7273211
2025-10-28,1500.199951171875,1506.5,1490.5,1499.699951171875,8211019
2025-10-29,1510.4000244140625,1520.199951171875,1496.9000244140625,1500.199951171875,4884976
2025-10-30,1493.800048828125,1508.199951171875,1489.0999755859375,1507.0,5608867
2025-10-31,1482.300048828125,1497.0999755859375,1480.699951171875,1490.0,4819814
2025-11-03,1485.5,1491.4000244140625,1474.199951171875,1482.300048828125,5470600
2025-11-04,1467.9000244140625,1481.9000244140625,1462.9000244140625,1479.699951171875,8691330
2025-11-06,1466.699951171875,1483.0,1461.9000244140625,1478.5999755859375,7944752
2025-11-07,1476.800048828125,1480.9000244140625,1449.0999755859375,1470.0,8765759
2025-11-10,1513.5,1520.0,1490.0,1490.0999755859375,9787975
2025-11-11,1530.300048828125,1533.4000244140625,1511.0999755859375,1525.0,13692989
2025-11-12,1551.699951171875,1559.199951171875,1538.0999755859375,1540.0,14635417
2025-11-13,1541.800048828125,1557.5,1530.300048828125,1557.0999755859375,19655689
2025-11-14,1502.800048828125,1530.0,1488.800048828125,1520.0,9739549
2025-11-17,1507.5999755859375,1510.199951171875,1492.5,1496.0,7910354
2025-11-18,1486.4000244140625,1506.0,1483.199951171875,1506.0,7525119
2025-11-19,1541.0999755859375,1543.0,1490.5,1490.5,10981126
2025-11-20,1536.5,1555.0,1534.0,1555.0,7387584
2025-11-21,1545.0,1551.5,1526.300048828125,1531.0,9186302
2025-11-24,1548.0,1585.0,1541.0,1563.5999755859375,19270381
2025-11-25,1530.5999755859375,1550.5999755859375,1525.9000244140625,1549.0,8107952
2025-11-26,1557.9000244140625,1560.300048828125,1532.0999755859375,1532.0999755859375,7575038
2025-11-27,1566.4000244140625,1574.300048828125,1552.199951171875,1564.0,7552252
2025-11-28,1560.0999755859375,1568.4000244140625,1557.0,1565.0,4453221
2025-12-01,1564.0,1574.0,1556.0,1562.5,5341800
2025-12-02,1561.0,1579.9000244140625,1556.0999755859375,1567.0,6335969
2025-12-03,1578.699951171875,1586.0,1554.0999755859375,1555.0999755859375,12895312
2025-12-04,1597.5999755859375,1599.0,1568.0,1568.0,12609619
2025-12-05,1616.199951171875,1631.800048828125,1600.0,1610.0,10344725
2025-12-08,1610.800048828125,1630.0,1600.199951171875,1617.0999755859375,7550413
2025-12-09,1599.0,1606.9000244140625,1582.4000244140625,1601.199951171875,6957599
2025-12-10,1584.800048828125,1608.0,1582.800048828125,1608.0,5116140
2025-12-11,1598.0,1607.4000244140625,1580.5,1598.0,5159319
2025-12-12,1598.199951171875,1601.800048828125,1582.5999755859375,1601.4000244140625,4633912
2025-12-15,1606.800048828125,1610.800048828125,1585.0,1585.0,4190558
2025-12-16,1592.9000244140625,1603.0,1585.5999755859375,1600.0,5499258
2025-12-17,1602.0,1606.9000244140625,1586.0,1587.199951171875,4817628
2025-12-18,1626.800048828125,1630.0,1606.699951171875,1610.5,6577293
2025-12-19,1638.699951171875,1654.9000244140625,1629.800048828125,1650.0,13149023
2025-12-22,1689.5999755859375,1693.199951171875,1664.0,1664.0,23098923
2025-12-23,1668.300048828125,1679.0,1656.4000244140625,1679.0,6593060
2025-12-24,1663.4000244140625,1667.5999755859375,1652.5,1661.0,4271167
2025-12-26,1656.0999755859375,1668.800048828125,1651.699951171875,1663.4000244140625,2006491
2025-12-29,1644.699951171875,1673.0999755859375,1637.0999755859375,1658.0,4062817
2025-12-30,1621.5999755859375,1647.9000244140625,1616.800048828125,1647.0,9395937
2025-12-31,1615.4000244140625,1628.5999755859375,1609.199951171875,1621.0,6538656
2026-01-01,1629.800048828125,1639.5999755859375,1614.0999755859375,1615.4000244140625,3658165
2026-01-02,1640.4000244140625,1643.5,1627.5,1635.9000244140625,2524526
2026-01-05,1606.4000244140625,1637.0,1583.0999755859375,1637.0,5917885
2026-01-06,1612.199951171875,1619.9000244140625,1599.0,1600.0999755859375,4466729
2026-01-07,1639.0,1642.0,1615.0,1615.0,4508079
2026-01-08,1613.300048828125,1644.300048828125,1608.5999755859375,1638.9000244140625,3942131
2026-01-09,1614.0999755859375,1631.300048828125,1607.0,1610.0,6816681
2026-01-12,1595.9000244140625,1613.300048828125,1592.5999755859375,1610.0999755859375,6985362
2026-01-13,1599.0,1618.0,1586.4000244140625,1618.0,8080618
2026-01-14,1599.800048828125,1617.0,1583.0999755859375,1588.0,7557157
2026-01-15,1599.800048828125,1599.800048828125,1599.800048828125,1599.800048828125,0
2026-01-16,1689.800048828125,1694.0,1653.4000244140625,1663.699951171875,19335957
2026-01-19,1681.199951171875,1685.0,1666.5,1685.0,5104958
2026-01-20,1658.9000244140625,1680.199951171875,1652.9000244140625,1673.0,6406503
2026-01-21,1654.4000244140625,1657.0,1631.199951171875,1651.0,6224582
2026-01-22,1663.5,1671.199951171875,1653.800048828125,1666.0,6228892
2026-01-23,1670.800048828125,1675.699951171875,1662.199951171875,1667.199951171875,5869137
2026-01-27,1682.699951171875,1689.4000244140625,1661.0999755859375,1685.800048828125,10673087
2026-01-28,1666.5,1688.800048828125,1650.0,1680.0,8588664
2026-01-29,1659.5,1666.5,1642.0999755859375,1658.0,4749582
2026-01-30,1641.0,1655.0,1618.0999755859375,1655.0,9207926
2026-02-02,1629.4000244140625,1662.0,1618.0,1662.0,6784887
2026-02-03,1656.0,1728.0,1653.0,1727.199951171875,8805868
2026-02-04,1535.800048828125,1584.9000244140625,1510.0999755859375,1574.0,28828622
2026-02-05,1520.199951171875,1551.0,1515.699951171875,1534.0,10628127
2026-02-06,1507.0999755859375,1525.0,1480.0,1522.0999755859375,13900866
2026-02-09,1497.199951171875,1528.0,1493.0,1522.0999755859375,8294615
2026-02-10,1497.800048828125,1515.9000244140625,1491.0,1500.0,8657000
2026-02-11,1471.9000244140625,1505.9000244140625,1469.0,1501.199951171875,7934411
2026-02-12,1386.0,1435.699951171875,1380.5,1428.9000244140625,26048896
2026-02-13,1369.0999755859375,1377.300048828125,1281.5,1293.9000244140625,45785709
2026-02-16,1365.5999755859375,1376.0,1338.300048828125,1373.699951171875,14621891
2026-02-17,1391.199951171875,1431.0,1367.0,1370.0,25347684
2026-02-18,1373.699951171875,1401.0,1345.300048828125,1390.9000244140625,20241373
2026-02-19,1370.5,1402.0,1363.199951171875,1385.0,14574228
2026-02-20,1353.199951171875,1365.0,1338.199951171875,1359.199951171875,12633552
2026-02-23,1327.5,1352.0,1318.0,1352.0,12887826
2026-02-24,1275.5,1303.5999755859375,1264.0999755859375,1301.0,27839061
2026-02-25,1290.0999755859375,1323.5999755859375,1286.199951171875,1286.199951171875,16669618
2026-02-26,1289.0999755859375,1314.0,1286.300048828125,1305.5,11493914
2026-02-27,1300.0999755859375,1335.0,1294.199951171875,1326.300048828125,23141724
2026-03-02,1288.9000244140625,1298.800048828125,1273.0,1291.0,9700361
2026-03-04,1307.4000244140625,1317.0,1292.0,1292.0,15154950
2026-03-05,1305.800048828125,1320.0,1290.0999755859375,1320.0,10362147
2026-03-06,1308.4000244140625,1327.199951171875,1303.0,1303.0,8724291
2026-03-09,1315.0,1318.0,1282.5,1290.0,10068514
2026-03-10,1295.5999755859375,1321.0,1284.0999755859375,1320.0,9600171
2026-03-11,1276.300048828125,1299.5,1271.300048828125,1288.0,7868891
2026-03-12,1265.800048828125,1278.5999755859375,1258.0,1272.5,7599940
2026-03-13,1248.300048828125,1269.5999755859375,1242.5999755859375,1251.0,7366098
2026-03-16,1249.800048828125,1254.300048828125,1224.199951171875,1240.199951171875,12313734
