Date,Close,High,Low,Open,Volume
2021-03-08,50.05268859863281,50.729077029564415,49.32798749821046,49.40045650244657,74599173
2021-03-09,48.579139709472656,49.7145042550479,47.92690748377173,49.49709719916873,44887903
2021-03-10,47.757808685302734,49.23136737706954,47.68533967338592,49.23136737706954,31741065
2021-03-12,48.94148635864258,49.424618639296966,48.41004140282588,48.43419774040704,52481499
2021-03-15,48.82070541381836,49.617875624192465,48.31341125883023,49.11058146920433,31646668
2021-03-16,48.50666809082031,49.56956356079647,48.289255517563056,49.327994649291895,41291265
2021-03-17,47.44377136230469,48.91733007242758,47.3471460118786,48.91733007242758,31383499
2021-03-18,46.984798431396484,48.0718502804851,46.62244781503361,47.78196868158848,32120652
2021-03-19,47.709495544433594,48.12015880364675,46.090993315619336,46.839850822837064,51668046
2021-03-22,47.90274429321289,48.21678219137881,47.46792471461043,48.14431318311689,31878691
2021-03-23,48.2016716003418,48.57532796933669,48.02729558732086,48.42586770235622,33229980
2021-03-24,47.10561752319336,48.20167670168079,46.95615438962286,47.828020293140625,28562503
2021-03-25,45.28715133666992,47.180343249333994,45.062958082680844,47.00597293572062,41865562
2021-03-26,45.28715133666992,45.93482390460715,45.13769106785847,45.73554069541998,28462275
2021-03-30,45.61098861694336,45.81027183048358,44.88858589882058,45.336972416593085,30887440
2021-03-31,45.76044845581055,45.98464169860766,45.31205911944458,45.61098534368856,20242771
2021-04-01,46.408119201660156,46.50776222894351,45.43661322681356,45.83517963440335,22265911
2021-04-05,45.21241760253906,46.33338663400698,44.86367130153505,46.33338663400698,25774072
2021-04-06,45.41170120239258,45.76044750651863,45.062954898266526,45.28714813641279,16560441
2021-04-07,46.183929443359375,46.28357247817168,45.41170661395911,45.41170661395911,20614233
2021-04-08,46.308475494384766,46.68213182935745,46.08427941278387,46.3333855366134,19175106
2021-04-09,45.68571853637695,46.30848107016296,45.48643532378158,46.23374808370723,15445974
2021-04-12,43.34413528442383,45.0629538721001,43.21958222128034,44.88858072400787,29943736
2021-04-13,44.24091720581055,44.465110469958454,43.393961390308206,43.44378148216951,23964055
2021-04-15,44.88858413696289,45.01313720957636,43.892168108370704,43.94198819710735,23591248
2021-04-16,44.91349792480469,45.41170740601172,44.41529129436973,44.41529129436973,15435475
2021-04-19,43.89216995239258,44.240916289744526,43.269410264705215,43.81743696537604,22902361
2021-04-20,43.742706298828125,44.838765388425905,43.51851304204038,44.01672249661353,16299066
2021-04-22,43.767616271972656,43.991809528391755,43.51851297048165,43.84234640718838,14235285
2021-04-23,43.86725997924805,44.11636328457899,43.543423686777444,43.6679767648289,12005517
2021-04-26,43.94198989868164,44.2409161442206,43.717796639913395,44.1910932027828,10600021
2021-04-27,44.26582717895508,44.390380259175565,43.94199088084501,43.94199088084501,13128622
2021-04-28,44.539833068847656,44.614566044762185,44.34054988436148,44.440192901990336,9505056
2021-04-29,44.29073715209961,45.08787002234865,44.19109411793247,44.96331694233273,13435744
2021-04-30,45.26224136352539,46.383210486017354,43.84234600139347,44.14127224103342,44723547
2021-05-03,45.5611686706543,45.78536193025111,44.6145726906451,44.76403581396696,20483677
2021-05-04,45.536258697509766,46.582494860879606,45.38679557395065,46.08428539927322,22283461
2021-05-05,45.9348258972168,46.55758559659495,45.735542679384906,46.23374929857862,34464111
2021-05-06,46.13410568237305,46.408119017464024,45.83517945248125,46.25865875328993,22084128
2021-05-07,47.18034362792969,47.4543598244933,45.93482427320825,46.28357060477727,27762753
2021-05-10,49.397369384765625,49.596655436409094,47.42944741981119,47.479267507336175,55456126
2021-05-11,51.664222717285156,52.01296906620572,48.72479164847357,49.12335808987648,115361688
2021-05-12,51.21583557128906,53.10902757071229,50.966729410310414,51.76386228358924,58626690
2021-05-14,50.343971252441406,51.63931071248567,49.820848898129306,51.21583424090304,32738629
2021-05-17,50.8172721862793,50.94182242347597,49.87067327895142,50.64289615265957,29540865
2021-05-18,52.58591079711914,52.76028111836778,51.04146514559794,51.36529574220255,53646370
2021-05-19,53.407958984375,54.27982207973211,51.86351318046487,52.06279356726896,111262026
2021-05-20,52.16243362426758,54.65347238979272,52.06278774047317,54.65347238979272,84723675
2021-05-21,51.96315383911133,53.258493469569366,51.589497408963574,52.71046669940683,57868768
2021-05-24,54.528926849365234,54.753117278700486,52.31189839444987,52.31189839444987,124798564
2021-05-25,54.952396392822266,55.749529221344275,54.603650067650925,55.00221648191193,61080268
2021-05-26,55.79935073852539,56.19791716298703,54.42928114886392,54.85275761850793,55487863
2021-05-27,54.927490234375,56.646311937292815,54.77802995653176,56.14809960806045,51485233
2021-05-28,54.72820281982422,55.799351889389854,54.03071583878853,55.55025143242854,45369177
2021-05-31,54.429283142089844,55.05203999599839,53.98089090929927,54.80293953505261,27328504
2021-06-01,54.753108978271484,55.276231303838664,54.32963252995836,54.553828626850525,25662061
2021-06-02,55.226409912109375,55.50042038884391,54.578737382195385,54.7032875988929,26079462
2021-06-03,56.0235481262207,56.27265428527747,54.877668917029986,54.877668917029986,31434373
2021-06-04,57.09469223022461,57.26906253531121,55.99863320790692,56.048453295074516,42494730
2021-06-07,57.1445198059082,57.66763649126344,56.94523372957882,57.219249946452635,28815546
2021-06-08,58.140933990478516,58.539500408729396,56.47193248154861,57.368705497227154,34179129
2021-06-09,57.26906204223633,58.71386736383124,57.04487165191237,58.340211011747854,31520341
2021-06-10,57.767276763916016,58.041287252605564,57.39362039597747,57.54308066253541,19462978
2021-06-11,57.34379577636719,58.46476490306959,56.99504944573463,57.991468347762485,22644016
2021-06-14,57.1694221496582,57.64271867754443,56.0484530879002,57.41852828611892,15977089
2021-06-15,57.66763687133789,57.99147318404232,57.06979004149795,57.06979004149795,18716286
2021-06-16,57.74235916137695,58.36512165509897,57.54307881237376,57.667629030500756,17840275
2021-06-17,57.09469223022461,57.9416451151608,56.82067604925931,57.26906253531121,14332735
2021-06-18,55.948814392089844,57.592900112153934,55.301141841106684,57.393619758955204,24316953
2021-06-21,56.1231803894043,56.54665680896113,55.12676159533086,55.55024371643089,22640152
2021-06-22,56.72102737426758,57.21923387282195,56.29755099526496,56.59647147347199,18181960
2021-06-23,56.247745513916016,57.04488418145125,56.14810531855338,57.04488418145125,8197572
2021-06-24,55.52533721923828,56.5964805068645,55.326051167082795,56.297559980946616,11987605
2021-06-25,55.50042724609375,55.99863957752639,55.40078706042488,55.550253040472334,7819713
2021-06-28,55.226409912109375,55.774436567121896,55.15167978209086,55.74952652378239,9776194
2021-06-29,53.881248474121094,55.7495303608905,53.70687815874307,55.22641371321261,22785070
2021-06-30,53.75669479370117,54.75310793490565,53.60722883144006,53.93106509787174,17106526
2021-07-01,53.58232879638672,54.27982154643744,53.48268860396363,53.75670483467167,13216218
2021-07-02,54.03071212768555,54.67837897284392,53.681965810349375,53.681965810349375,17907844
2021-07-05,54.205081939697266,54.5289182100857,54.03071163339617,54.5289182100857,9305578
2021-07-06,54.005794525146484,54.50400679080614,53.906154352631916,54.155260485461746,9301320
2021-07-07,53.781612396240234,54.00580281882697,53.38304594343063,53.63214641297146,11177004
2021-07-08,53.58232879638672,54.35455169075476,53.48268860396363,53.78161488277745,14297863
2021-07-09,53.4577751159668,53.60723539498399,53.08411871687964,53.58232534848113,10924398
2021-07-12,53.407958984375,53.955985749630855,53.23358294437681,53.48268912942653,9438729
2021-07-13,53.706886291503906,53.85634658446049,53.23358396071864,53.48269015052432,11227437
2021-07-14,53.35813522338867,53.881251904369805,53.133939102085776,53.58232564314736,9119790
2021-07-15,52.959564208984375,53.43286075587417,52.88482837396496,53.30831053341467,11451739
2021-07-16,52.859920501708984,53.50759308820137,52.536089910006744,52.83501045619343,11793582
2021-07-19,52.785194396972656,53.7567033509165,52.361717889318484,52.68555420729977,17532862
2021-07-20,52.61082077026367,53.20866757240492,52.087698404153045,52.85992122884585,19243816
2021-07-22,53.158843994140625,53.30830996103088,52.4115312643203,53.05920381724289,16258848
2021-07-23,52.81010437011719,53.407956910402476,52.53609384890211,53.158850735026206,10996716
2021-07-26,52.13751983642578,52.9346584290168,52.06278969692967,52.81010249497911,10937572
2021-07-27,51.788780212402344,52.486267229741195,51.440033852960774,52.18734666582924,11591373
2021-07-28,51.81368637084961,52.187342749241445,51.36529415554431,51.81368637084961,13733836
2021-07-29,51.763858795166016,52.062785027886626,51.41511817545958,51.938234806562896,15139800
2021-07-30,51.39020919799805,52.95957070108805,51.26565896027043,51.93824164708837,39367890
2021-08-02,52.561004638671875,52.73537497281705,51.63931576784256,52.06279228088245,19968907
2021-08-03,52.88483810424805,53.05921414931851,52.46136156842659,52.81010795702275,15159726
2021-08-04,52.46135330200195,53.557412393232724,52.2620729408021,53.05920578868923,17376739
2021-08-05,52.53717041015625,52.96676649208735,51.829598351468704,52.81514060297644,20246398
2021-08-06,53.5227165222168,53.69961244161618,52.461358357630516,52.53717419962264,13803814
2021-08-09,52.76459503173828,53.80068299353183,52.53716489783879,53.67433291914322,12460222
2021-08-10,51.677974700927734,53.01730882373236,51.50108457056151,53.01730882373236,12318604
2021-08-11,52.890953063964844,53.04257895998007,51.70324483420542,51.95595080493979,16287054
2021-08-12,52.612979888916016,53.32055193988638,52.436083984205325,52.8909500787045,13442644
2021-08-13,52.890953063964844,53.06784897865985,52.436086943792205,52.562442821127654,10050325
2021-08-16,54.179744720458984,54.306094808186536,52.714060567074355,52.94149650892021,32819128
2021-08-17,53.421634674072266,54.71042297010614,52.91622851985169,54.23028683439977,25693791
2021-08-18,53.67433166503906,53.825951750762776,52.916219668549445,53.7754117221882,18888795
2021-08-20,52.309730529785156,53.3205485066485,52.05702458958536,53.2952784910221,15736258
2021-08-23,52.05702209472656,53.017299994315316,51.652696080145915,53.017299994315316,10432123
2021-08-24,53.5227165222168,53.67434242226437,52.38554829957507,52.511898396334146,17847588
2021-08-25,53.62378692626953,54.053388745626606,53.27000093522795,53.82595282855143,11312487
2021-08-26,53.371089935302734,53.59852008189505,52.91622385818213,53.52271003303095,11929699
2021-08-27,53.54798889160156,53.80069488014678,53.21947284167387,53.446908809758256,8356207
2021-08-30,54.25555419921875,54.68515027688472,53.623792199390806,53.77541808699634,19240269
2021-08-31,56.02449417114258,56.25192436660307,54.28083375292606,54.584079797477266,33485407
2021-09-01,55.97394561767578,56.454081741254036,55.392723638657614,56.10029570705523,17700178
2021-09-02,55.67070007324219,55.77178014557009,55.08947808948396,55.49380416273196,17265598
2021-09-03,57.16166305541992,57.363823231125984,55.64543860187529,55.94868464937167,22906791
2021-09-06,56.40354537963867,57.515443590416105,56.22664945904806,57.49017357089412,11302936
2021-09-07,56.5298957824707,56.83314180230854,55.948679546390196,56.40354568417858,11374723
2021-09-08,56.90895080566406,57.06057092080217,56.15083866210027,56.15083866210027,12497221
2021-09-09,57.01002502441406,57.94503299016647,56.807864891669354,56.9342149746348,19983877
2021-09-13,57.61652755737305,57.74287766351105,56.85841535267077,57.01003548003638,13133424
2021-09-14,58.24828338623047,58.576793626829236,57.616521355667565,57.616521355667565,13852611
2021-09-15,58.82949447631836,59.05693040703105,58.22300830097783,58.34935838252045,19025859
2021-09-16,59.81504821777344,60.1435642453202,58.7031500414369,58.98112603150517,21129102
2021-09-17,59.76451110839844,60.37099737179113,58.67788289756287,59.99194128819438,52041975
2021-09-20,57.919769287109375,59.48653362240995,57.818683425782126,58.880041590193166,13756386
2021-09-21,58.121925354003906,58.45044136635444,57.288003206310535,57.89449519587095,14070891
2021-09-22,58.85476303100586,59.0316589247084,58.14719102406736,58.14719102406736,11751877
2021-09-23,59.63814926147461,59.96666527226903,59.031663058723275,59.13274312852579,13392397
2021-09-24,59.259090423583984,60.118288328230044,58.62733423314937,59.63814645141913,11883868
2021-09-27,59.9666633605957,60.06774342717589,59.385447193823545,59.71395741020917,14908830
2021-09-28,62.139915466308594,62.62005153536679,59.99192948714638,59.99192948714638,30580264
2021-09-29,64.41426086425781,64.69223685358686,61.65978834144898,61.78613843480922,29772804
2021-09-30,63.32762908935547,64.9449333276576,62.84749297809757,64.41425718194478,17995564
2021-10-01,64.38898468017578,65.1218267193667,63.17600654825369,63.50451675953461,20085250
2021-10-04,63.807762145996094,64.8691201705484,63.428706121794264,64.59114421041748,11345266
2021-10-05,65.65250396728516,66.0062899848043,63.80776382963591,63.80776382963591,30310881
2021-10-06,65.75358581542969,68.17954797041925,65.3745297709566,66.15791187727191,38136735
2021-10-07,66.84021759033203,67.1687336181353,65.62723933809139,65.95575536589466,19049433
2021-10-08,66.61278533935547,67.95211364352703,66.13264343006979,67.4972475361468,13639896
2021-10-11,66.48643493652344,67.69941903459831,66.30954479618401,66.78968096104215,9461719
2021-10-12,66.33480834960938,66.99184037469328,65.34926031198353,66.63805434456627,14989111
2021-10-13,66.33480834960938,66.89075452041679,65.85467223155712,66.68859437973639,13747222
2021-10-14,67.92683410644531,68.48278599172848,66.20844998961131,66.71385606210328,21061104
2021-10-18,68.91239929199219,70.75713972723584,68.58388323816118,70.75713972723584,22145724
2021-10-19,67.62359619140625,69.36725631396568,67.3961660345091,69.06401032083323,15474921
2021-10-20,65.98101806640625,67.8762981827985,65.52615199525928,67.32035204782686,16132831
2021-10-21,66.53695678710938,68.48278250252488,66.0568207535082,66.73912267616711,27519955
2021-10-22,66.05681610107422,67.54776990708454,65.70303015809203,66.99182387321817,16376905
2021-10-25,65.93048095703125,66.91602319088035,64.91966292216965,66.51169713372295,15055837
2021-10-26,66.46116638183594,66.91603253667465,65.72832421639808,66.2084661757794,15198604
2021-10-27,66.10736846923828,67.21926652855105,65.82939829236204,66.58751034262364,13412194
2021-10-28,65.02074432373047,66.41061842717262,64.56587822309335,66.10737243210245,13901230
2021-10-29,64.66695404052734,65.70303616896499,63.90884206248568,64.6922240541997,12613387
2021-11-01,66.53695678710938,67.14344867034735,63.9846507563264,66.76439268930743,26818699
2021-11-02,66.10736846923828,67.21926652855105,65.98101838883998,66.99183638383411,14533176
2021-11-03,66.99185180664062,68.23010023142017,65.90522351324489,66.1073836884233,31141038
2021-11-04,68.0531997680664,68.23009569351964,67.49725353936383,68.20482567330302,4986216
2021-11-08,70.98456573486328,71.21200169225968,67.85103707348044,68.23009314651665,37249699
2021-11-09,70.60551452636719,71.5152526346947,70.22645842721498,71.48998261368037,19382632
2021-11-10,70.47915649414062,71.4141587343809,70.10010043762281,70.45388647596853,15366904
2021-11-11,69.87632751464844,71.0819951537548,69.50938466804799,70.32189968572764,19049466
2021-11-12,69.69284057617188,70.6626200676859,69.22105871499049,70.24325774674337,14255041
2021-11-15,69.64041900634766,70.32188500765574,69.19484692827135,69.85010316022387,8808997
2021-11-16,68.670654296875,69.98116092882343,68.48717988896341,69.92874138342938,9738892
2021-11-17,67.33392333984375,68.8803237286603,67.176664723638,68.61822003595238,9331351
2021-11-18,67.80571746826172,68.27750540039114,66.88836337618308,67.33393553516507,10891344
2021-11-22,65.26332092285156,68.09401797994,65.02742700183101,67.91054959617084,11624364
2021-11-23,66.12826538085938,66.49520820335901,64.87017827473169,65.00122714025566,18446718
2021-11-24,66.88836669921875,67.77951106145507,66.25932009115014,66.41658474268382,12152407
2021-11-25,65.86615753173828,67.098040786756,65.26332678899443,66.88835661599803,9581943
2021-11-26,63.402408599853516,65.83995355488881,63.166520635901335,65.83995355488881,11587932
2021-11-29,62.275367736816406,63.40240595919012,61.777376056847885,62.66852032606154,15803560
2021-11-30,62.35401153564453,63.37620480730707,61.777384460164896,62.38022131189059,27563893
2021-12-01,61.698734283447266,62.878191813081095,61.06968786803007,62.720927209711185,19871665
2021-12-02,63.245147705078125,63.48103566063041,61.803586202795415,61.856005748473706,20686078
2021-12-03,64.05765533447266,64.39838834144216,63.29756001100955,63.42860886021637,14866089
2021-12-06,63.402408599853516,64.52944686916754,63.166520635901335,64.18871381109281,9379269
2021-12-07,63.218929290771484,64.66048459697389,63.035454906944345,63.84796975195912,14464680
2021-12-08,63.11408996582031,64.24112814364314,62.904411792661946,63.769346255004606,14700337
2021-12-09,62.747154235839844,63.6907180292529,62.61609937634249,63.428614309290474,19297434
2021-12-10,62.93062210083008,63.585878395600844,62.69472815498357,62.904412328961826,20332264
2021-12-13,62.013267517089844,63.585877810851834,61.77737357341267,63.428613182056324,20362045
2021-12-14,61.80358123779297,62.485047274929904,61.41042867775735,62.3802081919956,17422254
2021-12-15,60.650325775146484,62.065677214622404,60.54548670526864,61.69873447101869,17936938
2021-12-16,60.67654800415039,61.41043364208064,60.51928936703639,61.17454568640965,15950560
2021-12-17,59.156349182128906,60.80759464366954,58.894251489052344,60.78138487436188,17648721
2021-12-20,57.00712203979492,58.97288486875337,56.69259878735516,58.710781158548215,17713881
2021-12-21,57.4002685546875,57.819630847389064,56.954696493631566,57.4002685546875,12582459
2021-12-22,57.16438293457031,57.68859037577923,56.74502058102257,57.68859037577923,16343983
2021-12-23,58.789405822753906,58.946670436053125,57.505109142473536,57.60994821865195,15427636
2021-12-24,57.79342269897461,59.497081685888496,57.55752877814166,59.47087191679945,17403219
2021-12-27,58.0555305480957,58.18657940292946,57.16438033813005,57.7672170684294,6689944
2021-12-28,58.868045806884766,58.972884891394244,58.29141884401847,58.31762861514584,8475690
2021-12-29,58.44867706298828,58.97287842710766,58.18657338141289,58.920458890598866,6332934
2021-12-30,57.95069122314453,58.579737786912354,57.60995816768968,58.44868891905765,8269432
2021-12-31,58.44867706298828,59.02529796361645,57.97688923634629,57.97688923634629,8717971
2022-01-03,59.20878601074219,59.39225443088275,58.370055235858366,58.448690557808554,10026562
2022-01-04,59.78540802001953,60.230980189521226,59.366045625251296,59.60193959688532,8322088
2022-01-05,61.46284866333008,61.567693746053926,59.654350473517944,59.785399328132726,21374004
2022-01-06,61.46284866333008,61.672532829745755,59.26119791064156,61.48905843425303,10795557
2022-01-07,62.118106842041016,62.48504964526281,61.30559192041394,61.672534723635735,11303518
2022-01-10,62.747154235839844,62.98304218467696,62.013268619170894,62.38021142750537,9923601
2022-01-11,62.1705207824707,63.14030024609702,61.96084262754501,63.14030024609702,8919054
2022-01-12,62.45883560180664,62.90440768973805,62.03947328381051,62.48504537174192,10748385
2022-01-13,63.50724792480469,63.69072234090869,62.30158032980942,62.72094271071939,12559629
2022-01-14,64.63427734375,65.21090428790275,63.61208430489209,63.690713615722416,22431007
2022-01-17,64.87017059326172,65.52542684135578,64.58185712421651,65.52542684135578,14548522
2022-01-18,64.97502136230469,65.81374615129427,64.66049806667537,65.10607623491943,21395779
2022-01-19,65.57785034179688,65.8399480576379,64.47702193816806,64.79154519620947,14870110
2022-01-20,65.78753662109375,66.02343059345071,65.18470580134381,65.57785842258347,10007508
2022-01-21,63.795562744140625,65.78753559405519,63.2975710314202,65.0012303638512,14728332
2022-01-24,63.0878791809082,64.1887075694056,62.85199123989368,63.428612205850165,19665838
2022-01-25,63.66450500488281,63.79555385865329,62.53746686536069,63.009248737966416,9651480
2022-01-27,64.31976318359375,64.8701743848218,62.79957243854313,63.376193411304314,12890338
2022-01-28,65.05364227294922,66.60004277734777,64.63427993269131,64.63427993269131,14995069
2022-01-31,65.6302719116211,67.09804316178413,65.10607046471958,66.41657708148952,19787082
2022-02-01,63.8217658996582,66.04963248719743,62.642308176672536,66.04963248719743,34627617
2022-02-02,65.23712158203125,65.4992253140595,64.05766378645298,64.21492242625038,14749194
2022-02-03,65.34194946289062,65.9709959122043,65.07984577583801,65.73510199395379,13117138
2022-02-04,65.0798568725586,65.70890342913056,64.84396891311853,65.47300947065793,10723602
2022-02-07,64.42460632324219,65.31575060950287,64.21492213875186,65.26333106313842,13452373
2022-02-08,63.61207962036133,64.76532742470732,62.904403876939476,64.52943351055622,23545662
2022-02-09,65.61775207519531,65.97009937454715,63.828918620733994,64.2354722425221,17581473
2022-02-10,65.02146911621094,65.83457626964123,64.85884396341571,65.6448479586327,18120168
2022-02-11,66.1598129272461,66.48505078920941,64.53359880337123,64.77752719984372,26486850
2022-02-14,63.17842483520508,65.59064319436625,62.96159956436745,65.59064319436625,16463770
2022-02-15,64.37097930908203,64.50650130028913,62.06717990074267,63.42235638820789,12978223
2022-02-16,65.86167907714844,66.24112949362973,64.64201835349755,64.64201835349755,17673190
2022-02-17,65.8074722290039,67.18975188989408,65.31960918419061,66.59347621368121,16774602
2022-02-18,65.67195892333984,66.2953440433793,65.37382414755368,65.80748093403139,7978566
2022-02-21,64.61491394042969,65.6719494916208,64.28966984640354,65.04857066462618,8595442
2022-02-22,63.4765625,64.31677278802977,63.15131840706571,63.422356185096795,11409610
2022-02-23,63.503665924072266,64.12705095510653,63.151318672207054,63.856013175937484,8525215
2022-02-24,59.62786102294922,62.98870232796651,59.248410597849,62.31111095381998,19848141
2022-02-25,60.901737213134766,64.23547585877289,60.16993941201511,61.254084532322615,28048713
2022-02-28,62.33821487426758,62.988703097678346,59.95309965978204,61.14565726702481,24781798
2022-03-02,60.84751510620117,63.09710804807609,60.41385841125487,61.66062218466482,22390246
2022-03-03,62.14849090576172,63.151320166439554,61.25407427791062,62.3382130132085,28291584
2022-03-04,61.389591217041016,62.55504565227033,61.14565658510357,62.31111102033289,25005861
2022-03-07,60.84751510620117,61.769034807522715,60.2783364291678,61.769034807522715,25392553
2022-03-08,63.449466705322266,63.82891715719177,60.49517877567217,60.71200406044571,33483859
2022-03-09,63.395259857177734,64.45229551869409,62.77187476160387,64.45229551869409,23476054
2022-03-10,65.56354522705078,65.80747987957409,63.801814947933686,64.5336127019877,27592384
2022-03-11,67.05424499511719,67.43369545886345,65.26540532216592,65.48223681724208,18598243
2022-03-14,65.48223114013672,67.67761804443006,65.07567755019237,67.67761804443006,22317814
2022-03-15,64.50651550292969,65.61775761370055,64.07285868332038,65.48224179617154,16501842
2022-03-16,66.1056137084961,66.45795476342093,64.7504309908781,65.21119088160273,15176752
2022-03-17,65.78036499023438,66.62057523848604,65.10277367899344,66.3495374732867,41700111
2022-03-21,63.96442794799805,66.02429900951661,63.856015314106365,66.02429900951661,18166521
2022-03-22,65.40092468261719,66.05140673445368,64.23547017716194,64.50650798414468,30929289
2022-03-23,65.97010040283203,66.67479501251985,65.40092780486329,66.05140988775385,25271163
2022-03-24,65.37381744384766,66.21402776920927,65.23829544705312,66.02429945510306,12377631
2022-03-25,64.39807891845703,65.50932692684985,64.2896662942767,65.07567022661371,12238471
2022-03-28,65.02146911621094,65.42802269292609,63.80180838606548,64.72332817234908,15342876
2022-03-29,64.1270523071289,65.75326660939919,63.96442715479272,65.21119103963225,14627074
2022-03-30,63.53077697753906,64.8859598382976,62.934501233477384,64.8859598382976,159640347
2022-03-31,64.47941589355469,65.56355490057791,63.964443351526,63.964443351526,31701618
2022-04-01,66.1869125366211,66.3766346126025,64.50649219244308,64.56069849986635,16052676
2022-04-04,66.29534149169922,66.67479194070182,65.97009736348045,66.18692885013155,14095200
2022-04-05,66.48506164550781,66.94582776555649,66.32244268797223,66.5663773277912,13071195
2022-04-06,68.32810974121094,68.51783186451674,65.86168491714088,66.37665116962954,23580340
2022-04-07,66.9729232788086,68.70755010854056,66.81029813632443,67.37947682974671,30238785
2022-04-08,68.81596374511719,69.11410467445413,67.24395583126879,67.70471570196315,21699732
2022-04-11,69.84590911865234,70.17115323655197,68.62624832916546,68.78886728635749,19137451
2022-04-12,68.32810974121094,69.8188083812482,67.86734980966679,69.62908005442661,14583673
2022-04-13,69.3309326171875,69.92721449897603,68.1112718991821,68.32810336624571,17675811
2022-04-18,69.4393539428711,69.65617921419579,68.57204045054146,69.22252246803097,17471850
2022-04-19,70.63191986083984,72.09550922512874,69.65618741446443,70.08984421168145,30183165
2022-04-20,72.31232452392578,72.80018753604975,70.82162612800526,71.01135442375694,28690066
2022-04-21,73.20674133300781,73.39646342590022,72.31232477377112,72.88149725596317,22154311
2022-04-22,72.82730102539062,73.7488208683233,72.55626322308045,73.12544198758025,13678113
2022-04-25,69.24962615966797,72.06839813318113,69.05990404579937,71.98708865580888,16604310
2022-04-26,69.9543228149414,70.46928905735467,69.24962824941863,70.14404493453526,14133414
2022-04-27,69.03279876708984,69.9272153977534,67.8131380334081,69.16831455854938,14967738
2022-04-28,70.44217681884766,70.60480196105613,69.16830985520323,70.19824841080727,15773589
2022-04-29,68.3010025024414,71.22818708327152,68.08417102809472,71.22818708327152,13013304
2022-05-02,68.65335083007812,69.00569810412954,67.21685857460048,68.27390039675471,8623737
2022-05-04,68.21968841552734,69.7645931798557,67.81313485667857,68.76175775948738,8118435
2022-05-05,68.13838195800781,69.46645532137967,67.86734417228314,68.84307027526751,8015140
2022-05-06,68.43651580810547,69.24962295118598,66.45795426614083,67.75893065788182,13680673
2022-05-09,67.21686553955078,68.11128229523621,65.78037933874127,68.11128229523621,12361746
2022-05-10,66.1327133178711,68.46361580448864,65.7261597651045,67.43368344602122,15563373
2022-05-11,65.29251098632812,67.43369163670188,64.42519125869944,66.8916160314945,14615373
2022-05-12,66.1869125366211,67.2168447846915,64.80462688327101,65.29249605710882,30617643
2022-05-13,65.75326538085938,67.8944458512385,65.42802128577915,67.7589300630864,22601469
2022-05-16,66.1869125366211,67.2168447846915,65.40090867195535,67.2168447846915,12566889
2022-05-17,67.4336929321289,68.30100647290335,65.91589113401574,68.30100647290335,27391533
2022-05-18,63.99153137207031,67.43368834405592,63.828912420557835,67.21685687185727,64902469
2022-05-19,63.55788040161133,64.1812655127037,62.60925735796564,63.42236459638078,21865050
2022-05-20,63.395259857177734,64.61492068443829,62.961603087719475,64.50650804295267,24237945
2022-05-23,63.80180740356445,64.28967044740685,63.259738044130145,63.74760108797254,17487906
2022-05-24,64.34387969970703,64.8317427658159,63.53077252168709,63.80181031553222,18454173
2022-05-25,62.229793548583984,64.75042420617379,61.90454948229491,64.66911474048017,17317285
2022-05-26,61.90455627441406,62.77186974400282,60.630689228235866,62.338213009208445,23782918
2022-05-27,61.8774528503418,62.63635368385003,61.33538348505674,62.55504420958456,11616970
2022-05-30,62.93449401855469,63.01580349203493,61.82324593711261,62.47373413198485,12222628
2022-05-31,62.88029098510742,63.693398169382455,62.609253189177245,62.71766582614311,19925845
2022-06-01,64.0728530883789,64.53361303125975,63.286849008312785,63.42236481400834,16686021
2022-06-02,63.77470397949219,64.64201743237189,62.88028736892969,64.42518596739438,16274652
2022-06-03,64.1270523071289,64.50650272455965,63.88311768038226,63.99153031292955,13564659
2022-06-06,63.72050476074219,64.28967733898533,63.12422281828192,64.12705837477752,12162841
2022-06-07,64.0728530883789,64.77754148151175,63.23263648251862,63.61208694198213,14801011
2022-06-08,63.96442794799805,64.58781299990586,63.7747058386876,64.31677521166134,12953038
2022-06-09,64.1270523071289,65.42802250824208,63.36815147226741,63.96442715479272,32112393
2022-06-10,63.55788040161133,63.9644340208189,63.151326782403764,63.91022769872668,16173466
2022-06-13,61.579315185546875,63.042910614289426,61.281180430704595,63.042910614289426,15123129
2022-06-14,59.76337432861328,61.79614216291986,59.65496169838763,61.55220754139702,23524399
2022-06-15,59.1942024230957,60.16992851215704,58.706333175049856,60.16992851215704,14386729
2022-06-16,58.625030517578125,60.00731654189402,58.27268322125281,59.9260008554221,14897512
2022-06-17,56.48385238647461,58.54372373391499,56.13150507390352,58.54372373391499,23651413
2022-06-20,55.86045837402344,57.16143476869422,55.0473512291118,56.9717064596734,19163382
2022-06-21,57.32405090332031,57.59508867282916,56.131493402402256,56.4025311719111,14169558
2022-06-22,57.21564483642578,57.78481739378091,56.15860299731985,57.43247011407893,18641673
2022-06-23,58.16426086425781,58.32687980301354,56.998806525963836,57.45956638928659,16579252
2022-06-24,58.81475067138672,58.896060143038845,58.16426249113961,58.32688143444387,11807979
2022-06-27,59.3839225769043,60.0886170644713,58.977369019233336,59.62785719291287,17830735
2022-06-28,58.70633316040039,59.98020018883517,58.29977958947376,59.356821355289085,22631172
2022-06-29,59.51943588256836,59.65495786515735,58.54370986620418,58.868953939497146,18903900
2022-06-30,60.373207092285156,61.79614463318077,59.92599566945468,60.12927246101119,34424950
2022-07-01,60.617149353027344,61.10501247346392,59.23486327435487,60.98304514247574,22029311
2022-07-04,60.45451736450195,60.73910363572653,59.60075855082823,60.73910363572653,12798384
2022-07-05,59.844696044921875,60.57649385569394,59.68207706631315,60.57649385569394,17464685
2022-07-06,59.031578063964844,60.657792369878564,58.746991801133,60.1699293188075,21856830
2022-07-07,59.112892150878906,59.60076144353155,58.66568690396832,59.60076144353155,17846046
2022-07-08,59.112892150878906,59.56010360130525,58.70633854267887,59.35682679720523,11692575
2022-07-11,58.99093246459961,59.23486091333718,58.58437884652109,59.11289358721044,11548617
2022-07-12,57.44602584838867,58.95027295197736,57.24274904510599,58.90961510991453,16729806
2022-07-13,57.24274444580078,57.68994965498147,57.120777132927785,57.4460212327507,13704386
2022-07-14,57.52733612060547,57.730612926685346,57.08012466582341,57.2427498327968,8917897
2022-07-15,57.20209503173828,57.81192548240397,56.91750872879752,57.48668133467904,7310057
2022-07-18,57.852577209472656,57.93388668692665,57.20208898280974,57.48667525565646,6697658
2022-07-19,58.54371643066406,58.66568374726436,57.730609258015946,57.93388605117798,7585011
2022-07-20,58.82830810546875,59.43813854098539,58.70634077766223,59.35682905695304,10590222
2022-07-21,58.99093246459961,59.153551430424656,58.01520005910162,58.82830729525866,9537111
2022-07-22,58.66569137573242,59.316173476325716,58.54372404327236,59.27552183451651,8740051
2022-07-25,58.625030517578125,58.82830732672612,57.93389060717813,58.70634000053414,10124538
2022-07-26,58.259132385253906,58.66568598710004,58.09650722240606,58.62502814550916,8202210
2022-07-27,58.625030517578125,58.78765568700606,58.055857933370106,58.340444225474116,8726504
2022-07-28,58.584381103515625,59.07224422330186,58.462413772690034,58.584381103515625,11715079
2022-07-29,59.316162109375,59.56009672754914,58.746989604988734,58.95026638562884,16983013
2022-08-01,57.811920166015625,58.95027147661194,57.567991730290714,58.95027147661194,30168751
2022-08-02,58.503055572509766,58.62502288281789,57.93388306242531,58.05585037273343,15655719
2022-08-03,57.73060989379883,58.86896118874584,57.527333098398124,58.78765171128866,18893830
2022-08-04,57.89322280883789,58.21846688825009,57.364708158747256,58.13715741927575,25024630
2022-08-05,59.43813705444336,59.60076222195681,57.64930363640616,58.09650888915754,48935830
2022-08-08,59.64141082763672,59.9666549426048,58.86896148266361,59.438134031221104,16091607
2022-08-10,58.95026779174805,59.92599388068815,58.868958318255565,59.8853422456995,29085499
2022-08-11,59.66508102416992,60.001460509411714,59.370751380547745,60.001460509411714,16670568
2022-08-12,60.16964340209961,60.295780074063515,59.538934378664194,59.66507105062811,12294928
2022-08-16,61.51515579223633,61.59924904700364,59.91735828804108,60.33783097778172,26772067
2022-08-17,61.683349609375,62.06177892451641,61.557206504327866,61.64130618496252,18542371
2022-08-18,61.09468460083008,61.93563000093537,60.92649167126648,61.80948690773873,18850835
2022-08-19,60.67420959472656,61.17877553243179,60.37987999905717,61.09468227879825,13357442
2022-08-22,59.959415435791016,60.67421781234377,59.62303595979417,60.632167971879845,13714233
2022-08-23,59.749176025390625,60.21169216743785,59.496889827252474,59.53893966557701,11581331
2022-08-24,59.328704833984375,60.085550616085,59.07641862934771,59.91736409026368,19584234
2022-08-25,60.08555221557617,60.50602495722724,59.538942784153676,59.62303604930292,13090152
2022-08-26,60.46397018432617,60.80034959769408,60.295777269690376,60.421920351691305,10546886
2022-08-29,59.749176025390625,60.08554906836878,59.16051036836979,59.83326928613516,14387511
2022-08-30,60.127593994140625,60.421923590651424,60.00145090537771,60.085544159251654,14284488
2022-09-01,59.83325958251953,60.12758915534401,59.53893000969505,59.70711650390804,17854146
2022-09-02,59.959415435791016,60.16965180630094,59.58098611933025,60.08555212537308,13349456
2022-09-05,59.66508102416992,60.253746727319324,59.58098775683573,60.12760361836552,11658725
2022-09-06,59.454833984375,59.87530666153721,59.37074073212334,59.83326324336332,10545363
2022-09-07,60.04349899291992,60.169642078011904,59.454833401125285,59.53893306845582,19254652
2022-09-08,61.43106460571289,62.01972382480697,60.3798828459704,60.46397610356894,24401527
2022-09-09,61.01059341430664,61.725395745471076,60.84240047903566,61.64130248578781,9906299
2022-09-12,61.09468460083008,61.346964371319125,60.50601897121384,61.26287111448944,21463828
2022-09-13,60.758304595947266,61.47310689624816,60.54806824786441,61.431063476174096,11555561
2022-09-14,60.3798828125,60.758305679435814,60.211689881491864,60.506019490875744,9024753
2022-09-15,60.16964340209961,60.71625275635379,59.95940706095447,60.54806624979926,9985561
2022-09-16,58.824127197265625,60.29578162308904,58.44570433984411,60.16964494788462,25993505
2022-09-19,58.57184600830078,59.2025550326201,58.52979617365124,59.07641194457544,13595148
2022-09-20,58.10932540893555,58.992320638491464,58.067281988802144,58.866177546282884,20693245
2022-09-21,57.56271743774414,58.277526252038534,57.352481060811684,58.277526252038534,24710729
2022-09-22,57.01609802246094,57.39452086841861,56.76381184788654,57.35247103402156,15775504
2022-09-23,56.721763610839844,57.14223630303556,56.51152726474199,57.016099628100136,13578280
2022-09-26,55.5444450378418,56.67972002016436,55.41830194738283,56.51152709425103,19194238
2022-09-27,56.13310623168945,56.42743584260734,55.58649043089663,55.838776620771576,14140070
2022-09-28,55.29216003417969,55.83877582720414,55.1239735205895,55.83877582720414,15974881
2022-09-29,55.418304443359375,56.59562931416165,54.829638800006045,55.586490960943536,24560255
2022-09-30,56.30129623413086,56.51153260007743,55.08192787800261,55.460350770344554,16041026
2022-10-03,56.09105682373047,57.226338270946094,55.96492014373263,56.553579370070494,13288633
2022-10-04,56.59563064575195,57.18428988705095,56.42743770830614,57.18428988705095,10513995
2022-10-06,56.97405242919922,57.268382044176555,56.637672976694645,57.142238947499294,13000167
2022-10-07,56.721763610839844,57.05814304777724,56.38539058980657,56.8899565372606,14879891
2022-10-10,56.80585861206055,56.93199527662642,56.21719304183757,56.343336122307036,9042660
2022-10-11,55.460350036621094,56.93200457877757,55.334213351445676,56.93200457877757,14905741
2022-10-12,56.55357360839844,57.05813952469783,55.460342109829995,55.502391942814825,14459865
2022-10-13,56.217193603515625,56.9740456779907,55.880814190870744,56.59562284870499,9890714
2022-10-14,55.75468444824219,57.18428910962093,55.670584772710356,57.18428910962093,10119406
2022-10-17,55.5444450378418,56.09105440332385,55.12397234691462,55.92286789331462,10841451
2022-10-18,56.09105682373047,56.1751564982682,55.58649085602596,55.838777047830405,8153819
2022-10-19,56.34334182739258,56.55357817749479,55.880819290806016,56.175155313672505,7157066
2022-10-20,57.05814743041992,57.35247705438359,55.96492219628279,56.049015458000326,19426605
2022-10-21,56.76381301879883,57.22633554309141,56.51152683902031,56.67971976417401,9542021
2022-10-24,57.22633743286133,57.562710462468544,57.14223775955525,57.394523947664936,3745316
2022-10-25,57.100196838378906,57.394526460121696,56.51153117898877,57.058146999885125,12609170
2022-10-27,57.43657302856445,57.604759541155055,57.05814375137931,57.10019358747906,10404151
2022-10-28,57.56271743774414,58.193426568541504,57.226344367376264,57.604767279492656,9586976
2022-10-31,57.3945198059082,57.85704231209756,57.26837672095621,57.60475614219358,10549071
2022-11-01,57.604759216308594,57.73090230799229,57.31042961298274,57.52066596048751,7840600
2022-11-02,57.6888542175293,58.067283504029916,57.478617863663736,57.646810796298794,6785578
2022-11-03,57.77294158935547,58.151370837297584,57.60475508976145,57.60475508976145,6466688
2022-11-04,57.604759216308594,58.025231911318144,57.43657270466643,57.73090230799229,8971834
2022-11-07,58.95026779174805,59.11846071140428,57.77294301776983,57.89908610353605,13032194
2022-11-09,58.487754821777344,59.28665038111868,58.361611729274976,59.160507288616316,10410493
2022-11-10,58.52980041503906,58.740036771713704,58.36161389606113,58.403657317853394,5974147
2022-11-11,58.65594482421875,58.86618118559588,58.36161520147169,58.82413134695862,8792244
2022-11-14,58.403663635253906,58.992329347160286,57.89909760783782,58.86618623632998,10222979
2022-11-15,58.52980041503906,58.69799334992144,58.15137753938649,58.69799334992144,6477425
2022-11-16,58.277523040771484,58.6138960926042,58.06728667542369,58.571852669077465,5638631
2022-11-17,58.10932540893555,58.61389136186571,58.02523215276455,58.40365501348612,5264089
2022-11-18,58.235469818115234,58.44570617124923,57.814997111847255,58.31956307618797,6231903
2022-11-21,58.908226013183594,59.2025556108934,58.151373893426914,58.31956040185994,14820946
2022-11-22,58.86617660522461,59.034363114877905,58.403654079821926,58.90822644058997,13456815
2022-11-23,58.78208541870117,59.118464865747676,58.61389248722577,58.90822851333165,7949141
2022-11-24,60.59012222290039,61.1367316325327,58.99232458514038,58.99232458514038,29444796
2022-11-25,61.683349609375,62.1879156136587,60.2537448612537,60.71626102522008,22422462
2022-11-28,64.08003234863281,64.29026868365575,62.14586191596396,62.14586191596396,40695313
2022-11-29,63.32319259643555,64.50051104992856,63.070906404455975,64.29027469524704,17421133
2022-11-30,64.45846557617188,64.75279518017365,62.608381864338696,62.65043170029788,29122442
2022-12-01,64.08003234863281,64.87893427126228,63.911845846975964,64.75279118706776,15072561
2022-12-02,64.75279235839844,64.92097886309766,63.911847003094564,64.08003350779379,18220281
2022-12-05,64.79483795166016,65.34144726410862,64.50050196384517,64.79483795166016,10947250
2022-12-06,63.7436637878418,65.08917514258138,63.61752069485591,64.75279569992043,10369691
2022-12-07,64.50051879882812,65.42556400328247,64.03800261250609,64.54256864117792,20909569
2022-12-08,64.54255676269531,65.17326578643501,64.33232042144876,65.1312159518241,11996025
2022-12-09,64.75279235839844,65.8880673048779,64.50050618544572,65.17326503605038,24702723
2022-12-12,66.35059356689453,66.47673666050069,64.58460950412103,64.7527960183264,20455051
2022-12-13,65.38350677490234,66.64492491203872,65.1312205811133,66.60287507443907,16409283
2022-12-14,65.71988677978516,66.18240291774256,65.21532080387504,65.50965042183057,16268873
2022-12-15,65.6778335571289,66.01421299570185,65.42555379012731,65.71988339291458,9555282
2022-12-16,64.71074676513672,66.39263758596839,64.45846699155456,65.80397836503903,18672807
2022-12-19,65.55168914794922,65.71988207180674,64.4164141795031,64.9209801192676,12681354
2022-12-20,65.4255599975586,65.7198896282712,64.79485089635811,65.55169668507489,9368946
2022-12-21,64.24822998046875,65.71988443361344,64.03799363001951,65.42555482616535,8618706
2022-12-22,63.154998779296875,64.54255998395693,62.776575912527896,64.24823037470281,15215404
2022-12-23,61.389007568359375,63.15499143440544,61.22082107288967,62.73451877982764,15286836
2022-12-26,62.566341400146484,62.73452792012062,60.842400698841416,61.389016512614084,9571856
2022-12-27,63.154998779296875,63.239092036811726,62.524289724079054,62.98681226426717,5815217
2022-12-28,62.9027214050293,63.19705102550525,62.6083853686488,62.94476482743755,6599386
2022-12-29,62.86067199707031,63.19705145816197,62.31405617478444,62.90272183567099,10191269
2022-12-30,64.33232879638672,65.17327427084929,63.23909711322346,63.23909711322346,15567911
2023-01-02,65.59374237060547,66.05626491522148,64.2902744109817,64.7527969555977,16878293
2023-01-03,66.01421356201172,66.35059300347032,65.34145467909451,65.59374086416452,11509540
2023-01-04,65.6778335571289,66.85515838418213,65.08917435155438,66.35059243427479,11974831
2023-01-05,66.51878356933594,66.64492666955702,65.88807448413507,66.22445394608978,14449439
2023-01-06,67.31768035888672,67.94838939504405,66.43468514190482,66.68697132272939,19075518
2023-01-09,67.35972595214844,68.11657810314199,66.98130308460381,67.990435008659,16438468
2023-01-10,67.78019714355469,67.94839007107916,67.02334500945497,67.7381537236017,11953196
2023-01-11,70.260986328125,70.68145900174417,67.78019370422959,67.99043004103918,44099830
2023-01-12,68.62114715576172,70.5553242492016,68.28476769395854,70.42918114903733,16440461
2023-01-13,69.20980834960938,69.3359450257255,68.20067002935123,68.5790993054121,8018070
2023-01-16,69.16776275634766,69.5461856397166,68.74729003442457,69.33594927875507,9367702
2023-01-17,68.62114715576172,69.54618586379205,68.11658117100924,69.20981281789345,8776414
2023-01-18,69.08367156982422,69.71438067164993,68.3268193644524,68.4950058919107,7980164
2023-01-19,70.00871276855469,70.1348558765439,68.87343762846182,69.08367400314216,9857262
2023-01-20,69.71437072753906,70.26098648766595,69.58822764198611,69.96665048274112,9411562
2023-01-23,70.17688751220703,70.30303059900417,69.46208524156177,69.92460775451666,6972772
2023-01-24,69.92460632324219,70.47122207757195,69.54617707059676,70.47122207757195,7069973
2023-01-25,69.37799072265625,70.13484281372052,69.20980422059921,69.71437014267413,8188678
2023-01-27,68.1165771484375,69.84051777843248,67.27563175154322,69.42004507998534,10838959
2023-01-30,68.74728393554688,69.37799296247849,67.61200897025076,68.11657490861525,10783051
2023-01-31,68.74728393554688,70.05075182423383,68.24271799718237,69.37799296247849,21752061
2023-02-01,67.1074447631836,68.91547222097614,65.88807009678155,68.70523587324173,20031377
2023-02-02,66.05626678466797,67.27563510457661,65.71988732596418,66.93925564587282,10817457
2023-02-03,65.97216033935547,66.35058959753479,64.66869889248146,66.35058959753479,11116563
2023-02-06,66.64492797851562,66.93925760754264,65.67783941236569,66.01421888092715,9507602
2023-02-07,66.47673034667969,67.06538950639315,66.14035093431329,66.64491684491107,6876198
2023-02-08,66.64492797851562,66.77107108121426,65.84603235459878,66.4346916126528,6093832
2023-02-09,66.93925476074219,67.86429344801752,66.35059552772273,66.60287530648631,8609974
2023-02-10,67.1074447631836,67.6540541345697,66.85515857954064,66.98130167136212,6286269
2023-02-13,66.85516357421875,67.48587266454156,66.64492721077781,67.27563630110063,6470826
2023-02-14,66.56082153320312,67.14948067467517,66.14034888475068,66.81310127273252,5013825
2023-02-15,66.85516357421875,67.06539993765969,65.97216828140495,65.97216828140495,3686045
2023-02-16,67.1074447631836,67.317681110918,66.60287239589769,67.14948818318797,8603036
2023-02-17,67.7381591796875,68.15863190851013,66.9392571453817,67.19154334903715,9145422
2023-02-20,66.89720153808594,68.07451983164113,66.68696521196486,67.86428350552005,6867570
2023-02-21,66.60286712646484,67.4858622834509,66.43468062794543,67.2756259523498,4633296
2023-02-22,65.00507354736328,66.26649148360524,64.83688063965565,66.14034840680036,9878001
2023-02-23,64.92098999023438,65.50965568938382,64.54256708184937,65.34146273995326,6290065
2023-02-24,65.04712677001953,65.29941296166842,64.83689041561358,65.17326986584398,6103178
2023-02-27,64.62664794921875,65.08917045153106,64.08003219627794,65.04712061826494,6945215
2023-02-28,63.95390701293945,64.79485250204633,63.743670640662735,64.6687093954993,10000095
2023-03-01,64.71074676513672,64.92098311774068,63.78570809686016,63.911851191603404,6694749
2023-03-02,65.5096435546875,65.71987989060376,64.58460495983671,64.75279146220821,5273986
2023-03-03,65.76192474365234,65.9721610841575,65.34145206264202,65.71988132509368,5522499
2023-03-06,66.64492797851562,67.10745054977573,65.63579598873595,65.84603235459878,8582554
2023-03-08,66.60286712646484,66.72901020830624,66.01420796574324,66.22444429684434,5969771
2023-03-09,66.18240356445312,66.81311264447994,66.0562668811714,66.68697596119821,6135751
2023-03-10,66.35059356689453,66.64492317470608,65.17326871974412,66.01421412257952,6305111
2023-03-13,65.4255599975586,66.35059872947168,65.29941689413755,66.0142192589838,7151999
2023-03-14,65.3414535522461,65.67783298790366,64.96303069707139,65.46759664260568,8316642
2023-03-15,66.09830474853516,66.47673401428968,65.59373881009981,65.80397515243986,8183051
2023-03-16,67.19153594970703,67.65405205093548,66.22444749673268,66.43468383799215,27348566
2023-03-17,66.68697357177734,67.99043510758652,66.30854428777779,67.78019875511042,22904016
2023-03-20,67.78019714355469,67.86429039936485,66.18239961954511,66.60287231450005,18090005
2023-03-21,66.89720153808594,68.24271274208009,66.68696521196486,67.94838316869128,9942587
2023-03-22,66.93925476074219,67.23358437725192,66.51878204689845,67.10744769582234,8162089
2023-03-23,66.43468475341797,66.93925069621248,66.26649824445448,66.7290143520561,7065528
2023-03-24,65.93011474609375,66.60286715637719,65.5937353330002,66.3085375758842,10269895
2023-03-27,64.83689880371094,65.9301305544175,64.54256915264538,65.59375106066892,4845906
2023-03-28,64.668701171875,65.08917386295884,63.701612699201355,64.668701171875,7446988
2023-03-29,64.668701171875,65.21531695346481,64.45846482633308,64.62665133640498,9921198
2023-03-31,65.5096435546875,65.88806639297525,64.92097796457969,65.00507763166924,9748505
2023-04-03,65.17327880859375,65.80398795835434,64.66871277196633,64.96304242534022,11416090
2023-04-05,64.87893676757812,65.8039753940906,64.75279367853005,65.63578888596253,6867318
2023-04-06,65.3414535522461,65.46759664260568,64.66870109683506,64.87893744213302,5063531
2023-04-10,65.4255599975586,65.76193305214171,65.08918052707072,65.34146031800806,5706517
2023-04-11,65.5096435546875,65.67783005705898,65.29940721877124,65.42555030350175,2998570
2023-04-12,65.59374237060547,65.76192888724528,65.21531950021371,65.50964911228556,4182972
2023-04-13,64.92098999023438,65.71989206424325,64.75280345670882,65.5937489561466,6411454
2023-04-17,64.9630355834961,65.13122210602357,64.58461269985698,64.92098574491193,7736935
2023-04-18,65.59374237060547,65.67783562892538,64.92098347223752,64.92098347223752,5096362
2023-04-19,66.05626678466797,66.2244533060676,65.34145802895821,65.55169438866002,7940271
2023-04-20,65.76192474365234,66.51877685265171,65.67783149063106,66.35059034660917,7789377
2023-04-21,65.80398559570312,66.22445834711337,65.46760611139392,66.22445834711337,5001767
2023-04-24,65.80398559570312,66.09831523850929,65.55169937849497,65.84603543720615,7060879
2023-04-25,65.97216033935547,66.30853976354692,65.6357873310679,65.80397383521169,4656411
2023-04-26,65.97216033935547,66.30853976354692,65.7198805831398,65.88806708728357,5090493
2023-04-27,67.65406036376953,67.90634657064156,66.05626910659589,66.05626910659589,17036886
2023-04-28,68.45294952392578,68.57909260361892,67.61200421384292,68.07452028484637,11996476
2023-05-02,69.08367156982422,69.54618772828688,68.4529624679985,68.74729209900288,11768608
2023-05-03,69.54618835449219,70.30304056667882,69.33595198532394,69.33595198532394,12067736
2023-05-04,70.0507583618164,71.05989033272402,69.71437889954566,69.88256542272873,15811123
2023-05-05,69.63027954101562,70.17688890145091,69.2939001081988,70.05075222806063,5895640
2023-05-08,70.00871276855469,70.17689930193697,69.29391037782251,69.79847639387434,6051050
2023-05-09,70.63941192626953,70.89169810665355,70.21893923623222,70.42917558125087,7286472
2023-05-10,70.84964752197266,71.1439771187051,70.51326809031958,71.05988386476783,7349573
2023-05-11,70.59736633300781,71.01783904831079,70.47122965114049,70.89170236644347,4455253
2023-05-12,70.260986328125,70.76555225328724,70.09279340913503,70.5132660827542,4700410
2023-05-15,70.80760192871094,71.10193795897929,70.26099253742261,70.47122889281178,7167177
2023-05-16,73.1622543334961,73.70887016054797,71.48036342927779,71.81674289330238,44298431
2023-05-17,73.62476348876953,74.50775220311698,73.41452716403393,73.83499981350514,20861152
2023-05-18,72.32130432128906,73.79295876968739,72.1531178078338,73.66681567664382,16119484
2023-05-19,72.36335754394531,72.53154406527109,71.3121757458979,72.32130770566161,11201198
2023-05-22,73.28839111328125,73.41453420339856,71.73264344424537,72.36335247892781,9226502
2023-05-23,74.8441390991211,75.60099122712448,72.95201198706467,73.54067118889836,27392800
2023-05-24,75.39075469970703,75.60099104498458,74.63390257352707,74.92823217373481,19866440
2023-05-25,74.97028350830078,75.55894272048744,74.5077609730797,75.55894272048744,9684940
2023-05-26,75.85327911376953,75.9373787938106,74.84414711232482,75.01233364059735,9846321
2023-05-29,75.72714233398438,76.06351539012283,75.18052649390219,75.9373787020233,6891927
2023-05-30,75.9373779296875,76.48398734830549,75.51690519788613,75.6850917242448,9269698
2023-05-31,75.6850814819336,76.86240625483333,75.30665864088547,76.02146090503408,17157711
2023-06-01,76.10556030273438,76.6521761074266,75.60099433528939,76.10556030273438,11770478
2023-06-02,75.51690673828125,76.44194548393226,75.43280705748174,76.10556600844875,7123634
2023-06-05,75.05437469482422,75.68508372587316,74.54980875316588,75.60099047158077,9227005
2023-06-06,75.18052673339844,75.51690620651327,74.71800415587747,75.18052673339844,5740801
2023-06-07,76.39988708496094,76.61012343159864,75.26461209629815,75.30666193198735,11403972
2023-06-08,75.72714233398438,76.39989486216608,75.43280628600604,76.31580159813146,10809055
2023-06-09,75.9373779296875,77.07265302237023,75.81123482696614,75.85327825060345,9921823
2023-06-12,77.2408218383789,77.36696491217724,75.85326085840377,76.27373349379604,10813997
2023-06-13,77.28288269042969,78.29201459293307,77.11468976274301,78.08177824525286,19796495
2023-06-14,78.33406829833984,78.62839791645048,77.36697976805823,77.53516628814873,19246845
2023-06-15,78.12382507324219,78.7965775103742,77.87153889937773,78.46020449976015,8742159
2023-06-16,77.49311828613281,78.3761070882789,77.28288194049267,78.20792057812844,15146569
2023-06-19,77.28288269042969,78.08177824525286,77.07264634274947,77.49311903810991,6800507
2023-06-20,77.28288269042969,77.87154189757264,76.778316739178,77.28288269042969,9394894
2023-06-21,77.36697387695312,78.08177615676591,77.1146877001232,77.32492404218014,9499893
2023-06-22,77.36697387695312,78.08177615676591,77.15673753489618,77.36697387695312,9694937
2023-06-23,75.09642791748047,77.70335741356577,74.71799863223795,77.61926415547998,18134295
2023-06-26,75.3066635131836,75.64303654214336,74.59185478688342,75.0964271621316,10963542
2023-06-27,75.13846588134766,76.10555431885645,74.7600430394939,75.47484530516427,10668117
2023-06-28,76.23170471191406,76.65217742801298,74.84414346560675,75.43280270178344,14388441
2023-06-30,76.7783203125,77.32492970918486,76.23170449991068,76.48398427932574,12595671
2023-07-03,80.10005187988281,80.81485420927831,76.7783200113308,77.03059978975628,32972732
2023-07-04,79.5954818725586,81.06713629444356,79.34319569101667,80.73075685768902,11918401
2023-07-05,80.31028747558594,80.4784739929427,78.54430337972252,80.01595786225943,14283796
2023-07-06,82.9172134399414,83.08540636600137,80.73075672839487,80.73075672839487,32778334
2023-07-07,83.4217758178711,85.14571634479388,83.08540281194806,83.6320121545249,37546405
2023-07-10,81.90808868408203,85.31391393077793,81.65580248096174,84.93549104200217,24042759
2023-07-11,82.49674987792969,83.16950882481035,81.4876178735135,82.24447008477804,17508261
2023-07-12,82.32855987548828,83.547928197368,82.16036693791224,82.62288949636567,14979586
2023-07-13,80.8989486694336,83.00131226703742,80.7307621479871,82.74903248486768,11491737
2023-07-14,81.23532104492188,82.11831624528457,80.56256860189198,81.15122779153113,24048036
2023-07-17,81.86603546142578,82.3285580093955,81.48761258829013,81.9080852988428,19126927
2023-07-18,82.07626342773438,82.74902226221813,81.7398840104925,82.45469267809538,9527821
2023-07-19,82.62288665771484,83.29564555309614,82.16036411515216,82.41265030489623,15283446
2023-07-20,83.0433578491211,83.50588038325003,82.79107166397728,83.0013080129624,8940131
2023-07-21,83.54792022705078,83.96839290702175,82.91721120709433,83.12744754707981,18598910
2023-07-24,83.96839904785156,84.6832013728968,83.67406943352758,83.92635562632208,19073238
2023-07-25,83.25360107421875,84.30478290596393,83.00131486823801,84.0524966999832,11983867
2023-07-26,83.75816345214844,84.2627294264093,83.12745438034626,83.96839980941583,14912431
2023-07-27,82.9172134399414,84.47296111454736,82.49674074864768,84.43091769496046,16349608
2023-07-28,82.6136474609375,83.78454822748704,81.74631257945784,83.43761295144718,27278447
2023-07-31,81.31265258789062,83.43762059529125,80.66215136718749,83.26415625,25418124
2023-08-01,81.52947235107422,82.17997346025832,80.92234062939818,81.35600803552092,16132927
2023-08-02,81.39937591552734,82.09324645577631,80.66214260228774,81.87641273910349,16780965
2023-08-03,81.09580993652344,81.70294169556938,80.79224405700047,81.44274520622392,8703991
2023-08-04,80.05501556396484,81.44275010906837,79.83818183450367,81.13918421127076,10743670
2023-08-07,80.53204345703125,80.66214501437342,79.79481012174574,80.18510817653217,6947500
2023-08-08,80.09838104248047,81.05244816085718,79.75144574018698,80.66215008155233,14652588
2023-08-09,81.4427490234375,81.57285058282801,79.96827571241201,80.18510943898279,9339961
2023-08-10,81.39937591552734,81.78968057588234,81.09581003563338,81.44274530575785,6480305
2023-08-11,81.09580993652344,81.7896804759244,80.96570838323078,81.52947736933908,9294868
2023-08-14,80.3152084350586,81.1391805400741,79.36114139204486,81.09581114924802,6762888
2023-08-16,80.9223403930664,81.0524353207317,79.83817188092586,80.31520205592403,7026509
2023-08-17,80.01164245605469,81.0958110530202,79.7948087366616,80.9223467244017,6856243
2023-08-18,79.27440643310547,80.09837189183511,79.01420333180151,79.92490756912564,7603578
2023-08-21,79.79480743408203,79.9249089870421,78.71063885481462,79.18767567658823,7450923
2023-08-22,79.66470336914062,80.14174017587236,79.49123904882345,80.14174017587236,5274379
2023-08-23,79.18768310546875,79.79481491991977,79.10094431719818,79.66471335475441,6805550
2023-08-24,80.01164245605469,80.8789773336271,79.40451068864999,79.53460562649387,9936618
2023-08-25,79.62134552001953,80.8356090717871,79.4912439631187,79.7514404596803,7021529
2023-08-28,79.70808410644531,80.2284837587295,79.53461314419019,80.01165001884104,6866040
2023-08-29,79.70808410644531,80.14175158622223,79.44788097168292,79.8381856738265,6510089
2023-08-30,78.71063995361328,79.36114111025472,78.580538398837,79.36114111025472,10926964
2023-08-31,77.279541015625,79.40451556656102,77.14943945254885,78.71064497498183,15918998
2023-09-01,77.2361831665039,78.06014875648155,76.97598002375265,77.49637969201437,14735373
2023-09-04,78.10350799560547,78.49380604173469,77.45300684056346,77.45300684056346,13063008
2023-09-05,79.23104858398438,79.53461450156088,78.40708300524234,78.5371845748439,12849665
2023-09-06,79.23104858398438,79.53461450156088,78.49381517922981,79.31778075797185,8805552
2023-09-07,79.53460693359375,79.70807788230309,78.97084454769859,79.31777321063713,7697172
2023-09-08,81.52947235107422,82.35343777581163,79.4045047079686,79.96826704213657,29294769
2023-09-11,82.5702896118164,83.26416026088683,81.61622243227526,82.83049275952804,23997873
2023-09-12,79.40451049804688,83.17741588298236,79.23103955260481,83.17741588298236,21373206
2023-09-13,80.74888610839844,81.09582142725733,79.23104987847651,79.70808676906259,11716054
2023-09-14,82.09325408935547,82.4835521687631,80.79225166834267,81.1825497477503,16430876
2023-09-15,79.7514419555664,82.00651800483874,79.5779776212717,81.83304705330384,35184771
2023-09-18,80.3152084350586,81.00907898483585,79.62134450252132,80.4886793811229,17302409
2023-09-20,79.66470336914062,80.61877036536441,79.27440533980715,80.18510294733181,18228395
2023-09-21,80.44532012939453,80.7922554480099,79.62135453776875,79.7080867131124,15173388
2023-09-22,80.01164245605469,80.96570949793634,79.7948087366616,80.4886792856155,10983768
2023-09-25,79.7514419555664,80.31521096788448,79.62134701346547,80.22847880073714,10885789
2023-09-26,79.79480743408203,80.48867797170912,79.70807527118862,79.96827175986888,8786944
2023-09-27,78.40707397460938,80.14174372352888,78.14687086537548,79.83817784091596,17576586
2023-09-28,77.88668060302734,79.27441518971077,77.62647747298149,78.75401554685953,17116633
2023-09-29,78.88410949707031,79.05758045398731,78.27697769096179,78.58054359401605,7353379
2023-10-03,78.06013488769531,79.27440497606294,77.88667056817405,79.27440497606294,12491467
2023-10-04,77.279541015625,78.19024533991764,76.93260571983541,78.06014377684149,10554372
2023-10-05,77.7565689086914,78.71063589917286,77.36626426446745,78.45043280302355,9293183
2023-10-06,77.84331512451172,78.06014887137665,77.49637980607966,78.06014887137665,8500414
2023-10-09,75.84843444824219,76.84587090787556,75.45813638967441,76.71576934927293,10345543
2023-10-10,76.62904357910156,76.802514544132,75.71834582734436,75.84844077956633,9460129
2023-10-11,77.79993438720703,78.2769712076677,76.8892367534728,77.19280263138421,12124613
2023-10-12,78.32035064697266,78.66727934210624,77.93004593908633,77.93004593908633,9922340
2023-10-13,78.79737854003906,79.14431384197252,78.10351455341264,78.32034828996599,12881848
2023-10-16,78.84074401855469,79.05757774433881,78.23360561601505,78.9274761854203,8631278
2023-10-17,79.66470336914062,80.05500801571377,78.71063637291684,78.92747008193314,13355267
2023-10-18,78.71063995361328,80.22847598577663,78.4938062347328,80.22847598577663,11466227
2023-10-19,78.62391662597656,78.84075036922678,78.14687974392982,78.19024913947614,6724121
2023-10-20,78.32035064697266,78.79738091140169,77.6264800222241,78.5371843900515,8772287
2023-10-23,76.2821044921875,78.32034687269778,76.02190798337624,78.32034687269778,9592121
2023-10-25,75.9785385131836,77.36627307716259,75.28467453981429,76.71577187993115,9057651
2023-10-26,74.76426696777344,76.15200812448295,74.15713517464323,75.93517439590211,10108394
2023-10-27,75.37140655517578,75.8918061884485,75.06784065387005,75.06784065387005,6454064
2023-10-30,76.54229736328125,76.84586322484354,75.24129514180905,75.84842686493361,10175983
2023-10-31,77.79993438720703,78.060137492411,76.02190189244602,77.19280263138421,29025469
2023-11-01,80.18511199951172,80.66214886009662,78.45044213155265,79.79481392611709,54027867
2023-11-02,82.440185546875,83.6978185149707,80.92234945981595,81.39937968826182,63995437
2023-11-03,83.17741394042969,83.914647243931,82.74374651281248,83.69781353012239,34490201
2023-11-06,85.86615753173828,87.1671599185828,83.78455238933898,84.13148768261226,63500708
2023-11-07,90.24620056152344,90.46303429029477,85.64932286467516,86.7334915085318,79534919
2023-11-08,89.72579193115234,92.71810127891801,89.3788632681419,91.41709894090862,69412828
2023-11-09,89.29212188720703,90.63649357759847,88.90182384405591,90.28955830744198,32091128
2023-11-10,89.38328552246094,90.11256871499702,88.79073814694478,89.20095950805718,28403392
2023-11-13,90.24932098388672,90.4772233096036,88.92749027673959,89.61119725389025,23502134
2023-11-15,92.71066284179688,92.98414841325844,90.38606330448161,91.16092981692003,35721107
2023-11-16,94.89852142333984,95.85571391673437,92.71065783488564,92.9841433915774,43421272
2023-11-17,93.62227630615234,96.90407548962295,92.52834788168035,95.71898056725553,50796419
2023-11-20,93.75901794433594,94.76178681360153,92.98415140695013,93.89576073446925,16980763
2023-11-21,92.11812591552734,94.0780804181761,91.93579987584395,93.89576133351997,20429383
2023-11-22,92.30044555664062,93.62227631593467,91.47999576068725,92.07254322193286,16652996
2023-11-23,94.62504577636719,94.98968392330663,91.8446346982795,92.98414629503235,18589035
2023-11-24,94.30597686767578,95.99245959314645,93.89575547527996,94.89852428837952,26009963
2023-11-28,98.63612365722656,99.00076876889459,94.89852691144016,95.44549110142869,61127565
2023-11-29,98.95518493652344,100.04911323314403,97.95240921709032,99.09192075733115,36828919
2023-11-30,101.8723373413086,102.5560443033308,97.63335278576554,98.95519041869126,46269884
2023-12-01,101.41653442382812,103.87787674693494,100.8239869889981,102.87510790992947,24131009
2023-12-04,105.655517578125,107.70663847045476,103.10300879677054,104.37926318744776,50645500
2023-12-05,107.29641723632812,109.39312151402454,105.38203900083816,109.39312151402454,47272168
2023-12-06,108.75498962402344,109.34753009057454,107.02293060519054,108.29918498512146,31094949
2023-12-07,110.62378692626953,111.67213901002208,108.98289436281193,109.66660133634268,38173544
2023-12-08,108.2991943359375,111.62656292319359,106.97735659597497,111.35308428925569,22610433
2023-12-11,107.11409759521484,110.30473028954039,106.2936477970971,109.3019614051864,28917089
2023-12-12,107.15967559814453,108.39034675755836,106.5671281643447,107.56989699960681,15735665
2023-12-13,109.07405853271484,109.25637761805322,107.61548498492603,108.025706404451,23660687
2023-12-14,109.4842758178711,109.8489209298053,108.80056884112956,109.8489209298053,20038925
2023-12-15,112.85723114013672,113.9055762434161,109.07405125408916,109.66659867443849,43200717
2023-12-18,113.35861206054688,114.68044968354086,112.31026000231766,113.44977159712619,19345644
2023-12-19,113.67768096923828,114.817192634748,113.22187630303439,113.95116655097151,22074723
2023-12-20,109.4386978149414,115.22741540318724,108.48150528045602,114.49812519071963,27660494
2023-12-21,113.1762924194336,113.49535427337347,106.97734659277276,107.56989401010497,20805929
2023-12-22,112.76606750488281,113.95116237559985,111.30749401748054,113.26745540134625,12915880
2023-12-26,116.73157501220703,117.14179641999384,112.67490940674742,112.94839498195668,30770511
2023-12-27,115.40973663330078,117.50643386198995,114.36138454144266,117.0506292094453,16455934
2023-12-28,121.47193908691406,122.11006281417787,115.31857631890904,115.77438096839089,54672874
2023-12-29,118.37246704101562,120.37800461518046,116.95946991715405,118.2357173070626,30650133
2024-01-01,118.78269958496094,120.78823734758923,118.50921400140831,120.42359917622213,18629028
2024-01-02,119.0105972290039,119.83104003727102,117.2329618710558,119.42081863313746,17271309
2024-01-03,120.97055053710938,122.01890957128784,118.78269379543472,119.01059611894475,24221613
2024-01-04,119.60314178466797,120.33243203354887,117.4152849480798,120.33243203354887,23880980
2024-01-05,120.97055053710938,122.7026165418179,119.92220541298484,121.06171703053495,21903222
2024-01-08,120.92496490478516,124.0700280352207,120.56032675838428,122.155642991482,26199907
2024-01-09,120.24126434326172,122.97609231689212,119.92220942570414,122.97609231689212,15051378
2024-01-10,119.0105972290039,119.42081863313746,117.14179537677988,119.3752353859995,17547639
2024-01-11,121.47193908691406,122.06447956721887,119.5119846581637,119.73988698290462,21653666
2024-01-12,123.34074401855469,123.84213192754338,121.01613746601028,121.65426120924391,24471509
2024-01-15,125.4830093383789,125.80207814407002,123.24956942870139,124.38908100609332,22824583
2024-01-16,130.9071044921875,131.59081148519672,125.34628205169075,126.02998904469997,54350562
2024-01-17,131.3629150390625,132.5479960853249,129.03830837668124,130.3601391737043,43031636
2024-01-18,131.7275390625,132.77588415537738,127.53413087088343,131.08941535770273,26958686
2024-01-19,135.51071166992188,136.10326603816765,131.089415080975,132.27450990741303,23970656
2024-01-23,126.66810607910156,138.3822908361082,125.6653442218432,138.1088052713819,38167576
2024-01-24,130.7703399658203,132.4112393455729,125.84765573661531,126.66809847146521,40122151
2024-01-25,130.9982452392578,133.00378278881846,129.44851231050882,133.00378278881846,38252600
2024-01-29,133.7330780029297,135.2828109900696,130.81593110183334,130.9982501750168,28420760
2024-01-30,134.6446990966797,138.74694119860325,133.55077065151104,135.28282286385684,41378967
2024-01-31,133.9609832763672,136.83256090503917,133.1861237207349,134.73585674205341,27393172
2024-02-01,136.51348876953125,137.3795147977446,134.05214651195777,135.37397717713117,27883335
2024-02-02,148.50115966796875,152.05644452968477,137.69859706250332,138.47345667501665,94675914
2024-02-05,158.57443237304688,161.53716254984445,150.1420464852384,153.10477666203596,101043319
2024-02-06,168.19190979003906,169.5593236907711,156.20425349097638,160.94461889817003,97077698
2024-02-07,169.9695587158203,175.62153384363268,168.69331120343045,171.56487506133496,82890137
2024-02-08,175.3936309814453,179.40472041271744,170.24304378828478,171.2913889624505,83103687
2024-02-09,166.3686981201172,176.71546929325294,162.0385539224703,176.3052339780642,84137345
2024-02-12,159.89627075195312,168.05518537502505,157.84514976158286,166.36870255225438,54071070
2024-02-13,159.03024291992188,161.76507087696285,157.11587169602578,159.4860475794287,37121416
2024-02-14,167.32589721679688,168.05518747114684,155.7940307144032,157.708415893315,52764452
2024-02-15,173.06903076171875,174.43644470850066,167.2803061563204,168.6477201031023,70678699
2024-02-16,170.470947265625,176.94337916967862,169.69607375948667,173.20577529662432,54056644
2024-02-19,171.83834838867188,174.02620508530194,169.92396334658034,171.92951488022047,30664067
2024-02-20,172.06625366210938,172.93227970647743,167.553790454041,170.92674204845304,34936800
2024-02-21,166.18637084960938,173.84388306818718,165.09244251982017,172.84112122840267,22131487
2024-02-22,163.81619262695312,165.45709219102375,159.8962697544662,165.45709219102375,39618423
2024-02-23,160.30650329589844,164.72780011904194,159.57721306330185,163.81619080580975,31342100
2024-02-26,161.81065368652344,162.99574858004124,157.29819035164252,160.35207321603167,36264939
2024-02-27,157.93630981445312,162.5855227669521,156.8879646928376,161.81064930485095,27603342
2024-02-28,152.6033935546875,158.11863268477595,151.96526981708607,157.25260661874154,35971734
2024-02-29,150.91693115234375,153.56059271169218,149.8230027108911,152.60340010915058,52797150
2024-03-01,154.42662048339844,156.61449129999698,152.60340175792712,153.10478968944273,33401242
2024-03-04,159.759521484375,160.85344980525306,155.42937753544044,156.97911048252215,28643745
2024-03-05,160.30650329589844,161.62833401807424,159.1214084066858,160.8534605378052,21719198
2024-03-06,161.67391967773438,162.4487792595092,156.88797071186468,160.62556060584456,37730619
2024-03-07,159.1669921875,162.58552712357127,158.62002103370688,161.6739178072856,17880714
2024-03-11,158.84793090820312,161.81066132686402,156.88797634911097,158.57444531831575,22843402
2024-03-12,157.6172332763672,160.35206101795868,156.29540264994196,159.53161825950252,20208400
2024-03-13,148.91139221191406,158.52885968280057,147.4528116944999,157.7084168355393,26725350
2024-03-14,155.29263305664062,156.24981159027897,146.40444334103722,146.99698375805644,25912125
2024-03-15,146.7690887451172,153.78847716395998,140.02318588234428,151.3271349794376,108719847
2024-03-18,146.5867919921875,148.82023220498323,145.99423754549127,148.1821084170495,22670787
2024-03-19,141.52734375,144.8547121292151,140.61573445048307,144.8547121292151,50547948
2024-03-20,144.26217651367188,144.53566209476082,141.29944619032634,142.2110555205865,23956154
2024-03-21,149.95973205566406,150.18763438401615,145.67517106465593,146.76909945873504,26756447
2024-03-22,150.55226135253906,152.37547984380834,149.09369490555554,151.05364921964875,25141774
2024-03-26,152.64895629882812,153.83405102951036,149.09368601683371,149.82297615187298,21189137
2024-03-27,151.50946044921875,156.29540919749766,150.73460090267253,154.0619692303116,31466480
2024-03-28,152.92245483398438,154.51777105430912,151.96526231977884,152.01084556522738,17007401
2024-04-01,154.28988647460938,156.11310522172442,153.83408178783063,154.9280102540886,14548989
2024-04-02,158.8023223876953,159.0758079340624,154.33544280055935,154.4265953759799,29081495
2024-04-03,158.34654235839844,159.71395639242616,157.84515443057728,158.80234703640767,18996701
2024-04-04,154.65451049804688,159.48604251748154,154.10755327003122,158.62001647391634,17913673
2024-04-05,153.15037536621094,153.92524890083587,150.05090904782162,153.87966564996583,26551221
2024-04-08,155.2470703125,156.66006754355524,153.83407308144476,154.06197541193578,14541348
2024-04-09,153.97080993652344,155.74845925418254,153.15036710533803,155.42939042535795,10074537
2024-04-10,157.75399780273438,158.80234297129755,153.9708107260689,154.06197722335895,26458888
2024-04-12,155.11032104492188,158.11863459866072,154.7456828790372,157.6628299362777,23635268
2024-04-15,151.6917724609375,154.92798805537964,148.2732377999183,152.05642450414476,30165832
2024-04-16,154.0619659423828,155.70286540306978,150.8713335116234,151.69177628694013,19347109
2024-04-18,154.0619659423828,159.6227880285849,153.19593992175882,157.07027930196668,29756025
2024-04-19,151.91969299316406,152.69456650662258,147.8630341575364,149.0481290975092,28613815
2024-04-22,155.79403686523438,156.9791318365844,153.60617992586137,154.9280107396515,19022799
2024-04-23,153.2415313720703,158.34653518859025,153.10478162882654,158.34653518859025,19730937
2024-04-24,153.83407592773438,155.5205587685936,152.74014750314808,154.4266164339527,17496649
2024-04-25,155.15589904785156,155.88518926502033,153.8340683536385,154.47219207739096,14757776
2024-04-26,156.38658142089844,157.34377398764164,154.8368483609617,155.61170793590293,17306072
2024-04-29,161.126953125,162.26646481612448,156.97912778729597,157.70841805162658,40527426
2024-04-30,153.92523193359375,163.90735073136872,153.013622656901,163.63386516635018,67530236
2024-05-02,158.07305908203125,159.1670014533006,153.3782763938781,156.7968115289571,60555113
2024-05-03,155.65728759765625,159.4404606194635,154.42660948161804,159.34930803571686,30968452
2024-05-06,151.5550537109375,156.79680744830827,150.50670852748522,156.6600716104857,28686100
2024-05-07,145.8574981689453,153.33269216809276,145.40169348716736,152.69456839561462,40995072
2024-05-08,148.72903442382812,149.77739334286616,145.5384022451124,147.2248848178831,28458714
2024-05-09,142.75802612304688,148.5923202498154,142.2566382113587,148.5923202498154,27225782
2024-05-10,144.90029907226562,145.99422747757865,141.8008329388697,144.49007765903002,24021566
2024-05-13,144.21658325195312,146.49560641936722,141.0715340629324,145.72074688847854,28720880
2024-05-14,145.2649383544922,146.49560248581918,143.16823431475905,144.21657937959907,17592865
2024-05-15,147.49838256835938,148.22767276587737,145.62958078411123,146.40445422710914,17906679
2024-05-16,148.45558166503906,149.86856496718656,146.90583471033483,148.63790074498834,23017120
2024-05-17,149.5495147705078,150.0509026887191,148.27325335051043,148.45558634626335,13305287
2024-05-21,152.1475830078125,153.5149969254743,149.09370027106675,150.41553094279573,26148240
2024-05-22,152.19317626953125,153.33268794257364,149.7318338377706,153.33268794257364,20053145
2024-05-23,153.1047821044922,154.38104349512795,151.96527045752507,152.6945606935949,17423296
2024-05-24,153.87966918945312,155.3838191323757,152.5122550922306,153.05921238508628,17579600
2024-05-27,153.97080993652344,155.38380717694668,152.05643869373938,154.1531429301686,14367479
2024-05-28,152.28433227539062,154.79125778336305,151.1448206808577,154.15313407243534,12934677
2024-05-29,150.46112060546875,152.14758949647586,149.95973269893258,151.3271466749107,12374782
2024-05-30,147.63511657714844,150.64342991109012,147.08815936828393,150.14204203709093,13980050
2024-05-31,148.0453338623047,149.27601189076887,146.81466974389352,148.95694309522543,34520338
2024-06-03,159.80511474609375,160.80787664056606,153.15036400436927,155.70287285311957,62214295
2024-06-04,140.84364318847656,161.35485336155568,135.829791812835,161.35485336155568,88989411
2024-06-05,145.1737823486328,145.76632283501374,134.73585855047506,144.49007536739904,36919071
2024-06-06,149.1392822265625,153.24152394405294,147.81743765621718,149.50392037076244,35722401
2024-06-07,149.68624877929688,150.0053176079134,147.133739880528,149.2304441155901,33444357
2024-06-10,150.6069793701172,151.69178275841028,149.59509248536227,151.0536590270455,19825323
2024-06-11,152.858642578125,154.0619735453645,149.77741256605455,151.23597911749295,28559865
2024-06-12,153.91612243652344,156.10399326691947,153.61528967571692,154.06198327389419,28047986
2024-06-13,154.01638793945312,155.15589956065367,153.19594513621033,154.97358048327237,17279580
2024-06-14,155.3017578125,156.8879629705397,154.20782945628983,154.24428770714022,22000973
2024-06-18,154.59982299804688,156.7056383255794,154.06197683154508,156.7056383255794,17723479
2024-06-19,152.01084899902344,155.2470647582248,151.37272527848958,154.9735791894092,18053095
2024-06-20,154.0346221923828,154.71832915699002,151.41830799236968,152.5578196000484,15794096
2024-06-21,151.892333984375,154.5177731654836,151.5641540867364,154.23517651391637,19269862
2024-06-24,151.6006317138672,152.8677681040392,150.15117624288965,151.89233946114527,13445384
2024-06-25,149.84121704101562,152.36637871117594,149.54950929658656,152.22051788393435,14775324
2024-06-26,149.75006103515625,150.63432315378103,149.50392263356642,150.55226774654858,10441389
2024-06-27,149.1210479736328,150.30614282188486,147.84478663318686,149.95972684361251,24654739
2024-06-28,150.98985290527344,151.91057329123362,149.3216062160167,149.41275880004167,15335579
2024-07-01,152.84042358398438,153.10478416922197,150.98073276142435,151.3271487579914,19014104
2024-07-02,153.42384338378906,154.70921579676227,152.24785963232722,153.15035781995698,31012683
2024-07-03,154.34457397460938,154.79126755548577,152.92246564046178,154.42661547618223,20184032
2024-07-04,155.12855529785156,156.15867827391332,154.22605706935065,155.06474987909823,26156046
2024-07-05,156.14044189453125,156.74210737904912,154.70922250747967,155.79402590464747,26431264
2024-07-08,155.0373992919922,157.53519985486935,154.7456776411153,156.98824262455608,30322381
2024-07-09,156.49595642089844,157.43491282445004,155.42937528026368,156.14954045879287,28600182
2024-07-10,156.70562744140625,157.2434874806048,152.42106666829474,157.07027949425728,34673112
2024-07-11,159.02113342285156,160.26092266549688,157.0247067686602,157.61724726791635,55143055
2024-07-12,158.64122009277344,160.7401076382282,157.7579874617079,160.0183256658012,35355791
2024-07-15,161.16749572753906,161.75633203524805,158.0334165448078,159.07811443624436,32915517
2024-07-16,162.1551971435547,163.63675801692224,160.74010913420898,160.9775391329301,33837471
2024-07-18,161.08201599121094,163.02894496460266,160.17978485473506,161.4524062258306,22673600
2024-07-19,157.169189453125,162.30716434028992,156.84627359548418,162.30716434028992,26361146
2024-07-22,159.73341369628906,160.50268459968248,155.64012269763597,157.16917252111853,17140562
2024-07-23,157.4825897216797,160.8351004255967,152.58203065890336,160.8351004255967,21714840
2024-07-24,160.30323791503906,160.74011550629865,157.23564626759753,157.48258275066596,16076455
2024-07-25,167.95799255371094,168.63228565752576,158.16636690345757,158.49877470950324,75894556
2024-07-26,167.67308044433594,169.92391236202425,166.7233603789379,169.37307298510402,27261949
2024-07-29,171.3199920654297,172.56412296017646,169.05016182064702,169.05016182064702,42913186
2024-07-30,173.75128173828125,176.619440371504,169.34458124817772,170.94961046508573,75819147
2024-07-31,172.53564453125,175.55576190965908,171.0255930878346,174.27363400995722,32726809
2024-08-01,170.69317626953125,173.3144128167331,168.92669644094732,172.8490447868774,26184112
2024-08-02,168.37586975097656,170.27530994644468,165.85911728861277,169.05017739666235,27097002
2024-08-05,162.0127410888672,166.0870482497677,158.593757577702,163.3518498475731,37579908
2024-08-06,158.6127471923828,165.63117808571593,157.9194555835448,163.35185566378294,18084781
2024-08-07,163.56077575683594,163.82669619132758,160.56916362301632,162.63005423611511,15591095
2024-08-08,161.67083740234375,163.46580768774186,160.6926269262133,163.34235393753957,14932165
2024-08-09,160.58816528320312,164.30157428401725,160.3127528355533,163.4468320063387,14137851
2024-08-12,160.65464782714844,162.40212924868777,159.35352149877772,159.55296908643007,11563339
2024-08-13,155.8680419921875,160.20826935453485,154.81385221097227,159.8473711166988,16620160
2024-08-14,155.50717163085938,157.31163399220037,154.89935135731076,156.71330570251496,14369897
2024-08-16,158.7646942138672,159.0306146604918,156.5613513001806,156.94123351205081,10622879
2024-08-19,161.5283966064453,162.2216882229169,160.80661454625428,161.45241725933383,11457875
2024-08-20,163.57028198242188,164.68145271435438,162.4306208079971,163.34235844248374,15526789
2024-08-21,165.14682006835938,166.058557699022,163.45631952687776,164.30156979761855,15640289
2024-08-22,165.0518341064453,166.66636971616757,164.6814438823322,166.08703993059808,11809546
2024-08-23,164.42503356933594,166.66637342168195,163.98815597887477,164.87140314313714,13815705
2024-08-26,164.7384490966797,165.60268334351815,163.7317336533539,165.25129155624953,8952470
2024-08-27,164.53900146484375,165.84961979347045,163.11442136558102,164.11163033338056,11132430
2024-08-28,165.01385498046875,167.62558505929633,164.51999650792146,164.53899496613647,14449023
2024-08-29,167.94850158691406,168.38537921592226,164.45353852116412,165.14683014717605,21375638
2024-08-30,168.07196044921875,169.79095144194505,167.26469260028256,169.0501709532738,22288432
2024-09-02,169.74346923828125,172.0892790421604,168.10994950865904,170.23732774740807,26940504
2024-09-03,167.27420043945312,169.9144210727231,166.7708499620614,169.62001016989905,11874065
2024-09-04,168.1289520263672,170.66470301293722,167.25521125317886,168.10046158203554,23923887
2024-09-05,172.22222900390625,174.74848779456724,168.96469621456268,169.6674797713006,46162315
2024-09-06,167.75856018066406,172.17475290948272,165.91610084279137,171.98481178519847,31875186
2024-09-09,166.52391052246094,168.29989687485656,164.9188813151308,166.67586920883517,15121584
2024-09-10,166.72337341308594,167.8535426979168,165.77365327344043,167.25521437263475,14875095
2024-09-11,161.2054901123047,168.94570289642627,160.58816337104005,168.09096062892536,29731172
2024-09-12,164.54849243164062,164.96637157682773,161.51889761219022,162.8674983588353,18368650
2024-09-13,164.4820098876953,167.15072078152065,163.77921186744157,164.53899076930938,15061240
2024-09-16,163.180908203125,165.3557607714006,162.96246215466863,165.0613498704825,8492383
2024-09-17,161.936767578125,163.30436682848207,161.4999044513367,162.70605302513476,6417946
2024-09-18,159.9803466796875,162.45911670071953,159.1730932960279,162.02225357346342,10726650
2024-09-19,156.74179077148438,161.39542771427477,154.03509732227718,160.39821876284984,19197503
2024-09-20,158.65074157714844,159.31554273196167,156.703812523241,157.08369475696904,20652037
2024-09-23,161.19598388671875,161.64235348022783,158.6032521458094,159.12560108412623,9393577
2024-09-24,161.3479461669922,162.3546471478361,160.31275474265863,160.66414654008338,10027795
2024-09-25,161.28146362304688,162.34514542707484,160.02782621837588,161.07252405560172,8749024
2024-09-26,162.7440185546875,163.2568609745334,160.132288574346,161.65184635953915,11349547
2024-09-27,170.9591064453125,171.66190452173345,162.8769937785742,162.9719715832397,52095985
2024-09-30,171.09207153320312,173.28593715398895,167.31218956379692,170.67420685891793,33375167
2024-10-01,170.05686950683594,172.22223005733946,168.35687699690422,170.9496086707691,17390545
2024-10-03,162.71554565429688,167.3406778807491,162.145707800529,164.5105160546135,25392543
2024-10-04,160.1702880859375,161.91778407281873,157.27365339196743,160.97755596261746,25223563
2024-10-07,154.5574493408203,162.20268430769667,153.94962907595067,162.20268430769667,19798152
2024-10-08,155.98202514648438,156.7038071625073,152.67698896148457,153.90213593276593,14948163
2024-10-09,156.45687866210938,160.73061867973192,156.19095822033904,159.35351308079177,20278252
2024-10-10,156.12448120117188,158.79319227022023,155.76358293848384,156.86526169394764,10145184
2024-10-11,154.94680786132812,156.45687363261052,154.4244734692271,156.12446584529465,8750905
2024-10-14,157.15017700195312,157.6630194499474,154.6619151214138,155.89653958662387,14345120
2024-10-15,159.48648071289062,161.12000035486093,158.1283880001381,159.55296807221143,22551022
2024-10-16,159.92337036132812,163.01945273428564,159.18258982735927,159.790410124246,21433632
2024-10-17,156.02001953125,160.1228173892245,155.7540990580382,159.5529795228684,13215492
2024-10-18,157.0362091064453,157.6250308740519,153.60771929818574,155.08928019189085,11701011
2024-10-21,152.0691680908203,158.29932923142655,151.71777631350236,156.7987843215716,20627025
2024-10-22,147.5010223388672,152.65800987506952,147.07365120398546,151.9552118035101,15190259
2024-10-23,145.25018310546875,147.71944647829864,142.60045611745605,147.11162624127832,16503290
2024-10-24,145.5635986328125,146.5797915682262,144.85130858302207,145.25018927191533,8648491
2024-10-25,138.9535369873047,146.2093975264818,138.1367771717512,145.7820264060175,20505003
2024-10-28,139.6278533935547,142.2015867535823,137.70941473069877,141.12841289305794,21349891
2024-10-29,136.8736572265625,137.8043933656518,133.49265596323224,133.92002711320083,35275184
2024-10-30,136.18984985351562,138.1272868776298,135.09767758879627,136.37980545744765,17388536
2024-10-31,135.44908142089844,137.1395821069206,134.48037731424253,136.18986196908438,18657930
2024-11-01,137.6999053955078,138.1842573693192,135.80995741451989,137.0445962893309,4076745
2024-11-04,131.94459533691406,137.31052214137412,129.5038224227202,137.31052214137412,46651179
2024-11-05,133.7205810546875,134.00549995759752,130.74795276944633,131.05187013030434,18594095
2024-11-06,137.33901977539062,137.842370252699,134.2619215344673,134.4898595680247,18107864
2024-11-07,136.90213012695312,138.41219591764835,135.92391970111598,137.38649659421603,14637973
2024-11-08,133.28372192382812,137.13009141668098,132.96082055189544,136.57925199254788,15316464
2024-11-11,132.41946411132812,133.62561267342,130.74796198354684,131.82115031378768,17669364
2024-11-12,131.8116455078125,134.82227095924608,131.536233056768,132.58093095709938,10561738
2024-11-13,129.15243530273438,132.29600636141765,128.6870672595142,131.2893054232798,12503679
2024-11-14,127.9842758178711,129.95969537039917,127.02506373115,128.68707391080991,17425507
2024-11-18,127.39544677734375,128.9909839950857,126.62617585640194,128.33567484270478,12693551
2024-11-19,126.4267349243164,129.80773615764227,125.98036531852104,128.07925311331914,12696762
2024-11-21,124.13790893554688,126.69264359059524,122.98874134667007,126.4267231470097,15787410
2024-11-22,125.94237518310547,126.40774322003944,124.15689686919647,124.87869337477386,12070416
2024-11-25,129.54180908203125,131.02338453362762,128.38314946118032,128.9434953045333,22201129
2024-11-26,130.07366943359375,130.8239419256934,129.29489200664466,130.3965707850504,9265539
2024-11-27,132.01109313964844,132.72338321054582,128.44964278516153,131.1943332786896,18242345
2024-11-28,130.8239288330078,134.00549660125805,130.34906883724372,132.20101992240828,17331637
2024-11-29,131.65969848632812,132.25801227863127,129.98818188159987,130.11165012851592,14012364
2024-12-02,130.7289581298828,131.67867817293777,129.99768413066653,131.2703055103815,16069119
2024-12-03,132.4954376220703,132.7233756487392,130.98538623578068,131.06136557800363,13089770
2024-12-04,132.82785034179688,134.00550845240903,132.1535427118837,132.4954425187338,12745610
2024-12-05,132.42897033691406,133.33120151502803,131.1183519885849,133.33120151502803,14056789
2024-12-06,134.822265625,136.3228105619926,133.24572685290426,133.5781201778014,20687458
2024-12-09,135.1736602783203,135.9524232057239,134.20494174228227,134.82226848718756,16119047
2024-12-10,136.32281494140625,137.17757171483967,134.79376502133974,134.955230188754,13694082
2024-12-11,135.99041748046875,137.17756755346457,135.75298746586958,136.27533639630335,9714837
2024-12-12,134.36639404296875,135.9904217703521,133.78706420940844,135.09768256864487,14929334
2024-12-13,136.9876251220703,137.80438494409609,133.79656517689733,137.46248514669978,36825429
2024-12-16,135.9619140625,137.66190642849668,135.05017651715667,137.06359270308,12428446
2024-12-17,133.2647247314453,135.9999086285506,132.96080735866806,135.80996751635382,11896291
2024-12-18,129.83624267578125,133.61612465772632,129.4753443965054,132.15354757235065,12013629
2024-12-19,132.59991455078125,133.2457317486847,126.82561465491197,127.26249227333889,18879012
2024-12-20,130.1876220703125,134.5278350257496,129.73176051839016,132.6568854271711,19545043
2024-12-23,130.85243225097656,132.77087088177,130.36808022422835,131.1373511750078,12517478
2024-12-24,131.3177947998047,132.44796397304,130.50103498069512,130.97589500362912,7802858
2024-12-26,130.91891479492188,132.59990885084412,130.21611674038593,131.34628591945165,8620779
2024-12-27,129.39935302734375,131.81163550748602,129.2569008206419,131.1088519656535,6146307
2024-12-30,127.8418197631836,129.95019948715895,127.35746774232697,129.39936010515314,29229520
2024-12-31,129.5513153076172,130.33958468694522,127.47142608252892,127.75634499542475,8243910
2025-01-01,130.14962768554688,130.45354505379103,128.87700631207437,128.9719841125451,4144374
2025-01-02,131.02337646484375,131.26080646282966,128.82951111052915,129.55130757901563,10625223
2025-01-03,131.19432067871094,132.79934980297102,130.23510869232737,130.79544001630657,14567050
2025-01-06,126.19879913330078,131.51722247611465,125.4105297887149,131.1943211518006,19711596
2025-01-07,127.5759048461914,129.42785617298574,126.50271647843772,126.77814342719982,13658286
2025-01-08,127.83232879638672,128.687071073305,126.39824219837661,127.40494316634918,14259056
2025-01-09,125.55298614501953,128.02226404083876,125.36304503570521,127.87030535675622,9734279
2025-01-10,123.72952270507812,126.3127623116808,123.22617225519235,125.55298339946046,12948066
2025-01-13,115.8563461303711,121.93455586068985,115.0680840007076,121.59265606521144,30291583
2025-01-14,120.26304626464844,120.80438639855285,116.54964466963827,116.81556512197182,17430438
2025-01-15,120.56695556640625,122.39041629494166,119.87366399837452,121.81108649382539,11472116
2025-01-16,120.70941925048828,121.82059723737127,120.18707756031574,121.51667985951062,11843193
2025-01-17,121.63065338134766,122.02953406211832,119.94964484043155,120.6144459750493,24617689
2025-01-20,123.93846893310547,124.58427162369591,120.4339995618617,122.37143661678944,8234561
2025-01-21,124.48930358886719,126.9395830115053,124.08091643930534,125.07812537166399,20272605
2025-01-22,123.95746612548828,125.9328855866744,121.98204666430216,125.5529888682282,9202153
2025-01-23,123.30215454101562,124.1189143551372,122.36192648438033,123.84348742823394,7058477
2025-01-24,121.81108856201172,126.07533680929022,121.46919600967169,124.40383473598068,12630632
2025-01-27,117.9267349243164,121.53567395310276,116.34070420596724,121.53567395310276,18934026
2025-01-28,116.41668701171875,119.5222684282528,115.71388894843133,117.9267384332639,19861475
2025-01-29,117.42338562011719,118.13567565287225,116.72059481661977,116.99601449877972,12017314
2025-01-30,120.7284164428711,122.03902751509389,117.63232702339486,118.14517672447049,17776744
2025-01-31,122.02953338623047,122.37143318093705,119.80718472063774,120.72841432049773,9686000
2025-02-01,119.1138916015625,123.22618131826351,118.34462064955768,122.37143903638672,10535114
2025-02-03,114.87814331054688,117.95523442940552,114.06138343859837,117.86976309772666,26047332
2025-02-04,118.20215606689453,118.41109563636061,116.34070564605237,116.53064675695484,14405748
2025-02-05,120.07311248779297,122.02003434458909,119.15188283181222,119.18037327547525,11469878
2025-02-06,119.68372344970703,121.77311201082354,119.01892228004547,121.6116613333042,9804040
2025-02-07,118.81947326660156,120.37701353264687,118.17366335781774,119.69321395325356,8892600
2025-02-10,116.98651885986328,120.2535582290184,116.68260872639227,118.71500910256506,12773729
2025-02-11,114.41277313232422,117.51835444116149,113.96640355905836,116.98651354320496,14532810
2025-02-12,114.36528778076172,115.10606826755244,111.38316737477446,114.62171625436714,14799271
2025-02-13,114.04238891601562,115.86584973015655,113.91892066834235,114.91612965040117,10136689
2025-02-14,111.35467529296875,115.14405624426678,110.1675252365405,114.44126543968217,12351973
2025-02-17,112.49433898925781,112.82674680919554,108.64797706704218,111.35467780766557,12518983
2025-02-18,113.01668548583984,113.25411549736471,110.46193624317975,112.49433656216955,8678689
2025-02-19,113.84294891357422,114.12786059089028,111.97199919146304,112.17143953932104,9158990
2025-02-20,116.61612701416016,116.76807845592023,112.99769590491806,113.81444849023292,9940851
2025-02-21,115.22953796386719,117.48986912456805,114.75467792832413,115.86584867250549,9657933
2025-02-24,114.17534637451172,115.2105377583243,113.39657621785807,114.20383681688615,8764985
2025-02-25,112.68428802490234,114.6407090551418,112.44685800683293,114.1753482485467,7607411
2025-02-27,110.56640625,113.01668571284772,110.25299689516831,112.31389490614336,10709253
2025-02-28,107.78372955322266,110.366969323027,107.24238939894668,110.16752897627157,24161878
2025-03-03,108.7999267578125,109.55020646783098,105.15300523881473,108.93288698533081,18881646
2025-03-04,112.1049575805664,112.4943390402344,106.28317617821627,107.41333813083381,14145658
2025-03-05,116.10327911376953,116.41668847736051,111.82953877829334,112.10495846940762,19577861
2025-03-06,119.51277160644531,120.50048136093527,117.71780123164595,118.33512073392582,19384187
2025-03-07,118.56304931640625,119.94964698619472,117.48036902306714,119.42729805265871,14763396
2025-03-10,115.47645568847656,119.13288362336614,115.0110948997009,117.76528445300144,12727300
2025-03-11,118.54405212402344,118.95243202079264,114.28930326359577,115.09657107394068,18090217
2025-03-12,118.99043273925781,121.37423222991222,117.9362428438038,118.71501303951142,14079943
2025-03-13,119.351318359375,120.11109730669747,118.07869695526725,118.71500765732112,10882226
2025-03-17,117.86975860595703,119.66472896070447,116.95802820717968,119.12338880999951,13126112
2025-03-18,117.86975860595703,117.86975860595703,117.86975860595703,117.86975860595703,0
2025-03-19,121.32673645019531,121.46919590692673,119.00941720834538,119.00941720834538,11273526
2025-03-20,122.71333312988281,124.41332563052475,121.01332613766307,121.94404772214276,13947925
2025-03-21,124.8976821899414,126.74014145916351,122.27645999269723,122.76081201531174,42928510
2025-03-24,126.94908142089844,127.57590015200454,124.76472233744217,126.31277070595559,13965745
2025-03-25,124.44181823730469,127.48091952939751,123.89097886380378,127.26248797335377,12380949
2025-03-26,122.59935760498047,126.59768538618029,122.41890847708048,124.31834857442279,16379725
2025-03-27,123.80551147460938,124.36584284956102,122.05802998751687,122.56138047573832,13141045
2025-03-28,121.27925109863281,124.66975873406659,121.08930998129156,123.46361017700316,15396398
2025-04-01,124.64126586914062,124.88818786772849,120.8518776134483,121.56416765832127,12740476
2025-04-02,124.7077407836914,124.8881899166722,121.56416965273036,124.24238722134966,8531198
2025-04-03,124.47030639648438,126.50270670687462,123.34964370278612,123.55858327137017,9909642
2025-04-04,123.59656524658203,127.49991518498086,122.39992321488651,126.22729381120627,21497796
2025-04-07,121.6496353149414,123.09321381996574,116.19824436483057,116.29321491879008,24739154
2025-04-08,124.39432525634766,125.09712329429858,121.75410473684587,122.96974521381456,12634136
2025-04-09,125.00215148925781,125.83790979159382,122.30494995736395,125.36304975464441,14769184
2025-04-11,125.20159912109375,125.93288763587152,124.47031060631598,125.83790983181997,10020795
2025-04-15,126.18930053710938,126.69265101278305,125.36304871696169,126.69265101278305,10142685
2025-04-16,127.10103607177734,127.40493895225555,125.65745753766659,126.30327470749688,9200167
2025-04-17,127.54740142822266,128.02226143764153,126.21778470690337,126.787622514837,10404917
2025-04-21,131.70716857910156,132.67588708039605,127.55689662938448,128.37365644585282,20249817
2025-04-22,131.35577392578125,132.41945571312954,130.3015841216852,132.15353526629247,12648948
2025-04-23,130.7289581298828,132.18202863643066,128.94349430321242,131.9635970841698,12689457
2025-04-24,131.43174743652344,132.32448653626696,130.4060481192592,130.7289494344414,8177419
2025-04-25,127.87979888916016,132.4859469266089,126.14182395088352,131.4412490753593,14663542
2025-04-28,129.62730407714844,130.44406395800402,126.93008792937809,127.08204662618354,10943944
2025-04-29,128.95298767089844,131.29879736175107,128.71555765758603,130.39656620947957,15222917
2025-04-30,130.92840576171875,132.86582827394471,129.589297022557,129.63678592304217,39902398
2025-05-02,135.7909698486328,136.84515969278024,131.1658378030202,132.7613605446606,45858781
2025-05-05,141.0904083251953,142.2110855199417,137.47197725294134,137.709407265468,47549493
2025-05-06,136.83567810058594,142.26807840475078,136.40830694030433,141.79321833964252,18018626
2025-05-07,137.22506713867188,137.84237942806072,132.96081852749998,132.96081852749998,19316740
2025-05-08,133.90103149414062,139.0295138306874,132.48594344042553,137.27252598843066,12047287
2025-05-09,132.95132446289062,133.76808434358597,130.69098594598472,131.06137621213847,15348575
2025-05-12,135.19265747070312,137.1870609184717,134.584837206872,136.75968978620546,13526883
2025-05-13,134.5658416748047,135.79097421282617,133.91053249500635,135.1926604112708,9484801
2025-05-14,136.25633239746094,136.67421152481745,134.81275390975048,134.85075082582514,9987794
2025-05-15,137.70941162109375,138.65913170123923,136.35131886244335,136.75969154094827,10181275
2025-05-16,137.44349670410156,139.46640519374495,137.16806975446147,137.70941717794645,14529013
2025-05-19,137.4149932861328,138.48818155598482,136.85466194711776,137.70940417640927,6802870
2025-05-20,134.78427124023438,138.47868175054575,134.28092076005254,137.70941080881798,11330045
2025-05-21,136.18035888671875,136.40829691819226,133.48315739305005,134.48036635482686,8705960
2025-05-22,136.0853729248047,136.94962160596558,134.73677225882807,135.42057182067217,7157328
2025-05-23,136.81668090820312,138.1177928613517,135.8099798794973,136.07590035909584,9699995
2025-05-26,136.36080932617188,137.44348962580523,135.71499214325155,136.81667090191797,5996548
2025-05-27,136.19935607910156,136.8736492004597,135.33510735415945,136.3608067488856,4970656
2025-05-28,136.9496307373047,137.18706075401,135.5345571123511,136.180359801832,6390053
2025-05-29,136.47476196289062,137.54795020696753,135.44906261742884,136.99711086450228,7054326
2025-05-30,134.83175659179688,137.1395693562093,134.10997457111839,136.47476821985046,28315951
2025-06-02,136.17086791992188,136.2848296907206,134.34740712925145,134.83175914672418,7051525
2025-06-03,133.94850158691406,136.75967914564626,133.5306369624493,136.66470134960872,7002799
2025-06-04,133.59710693359375,134.290398456609,132.10605411081488,133.91051626383876,11904779
2025-06-05,132.23902893066406,134.53734978135537,132.03958133790968,133.5876297029749,9478214
2025-06-06,133.7015838623047,133.98650276791165,132.2390214011694,132.2390214011694,5702365
2025-06-09,136.1138916015625,136.27534227947058,133.7490833370952,133.91053401500326,9972191
2025-06-10,135.04071044921875,136.18986371545185,134.8602613020633,135.95243367794822,7906157
2025-06-11,137.85186767578125,139.79879679261884,135.04070427554115,135.2401373826422,28652440
2025-06-12,135.80047607421875,137.49097661519258,134.3853879732916,137.40549079652192,30425949
2025-06-13,133.28372192382812,135.99043013883775,130.12115209599708,132.0111004050962,23705826
2025-06-16,134.71778869628906,135.05018200356253,131.9161030843174,132.96080088792488,15176810
2025-06-17,134.5563201904297,136.25632707471354,134.10045865638386,134.1954364512828,9983651
2025-06-18,133.7395782470703,134.94571222117128,132.48594088276022,133.92951935002046,9045315
2025-06-19,131.6976776123047,134.09097619626988,131.37477627323975,133.68258903909418,5943647
2025-06-20,131.67868041992188,132.16304692475498,130.11164811877225,131.33678061892473,33690253
2025-06-23,132.88482666015625,133.12225667087515,129.54180805159257,130.11164587394902,14001242
2025-06-24,135.6580047607422,137.99432239625818,135.01220210032912,137.13956567964513,25393037
2025-06-25,134.84124755859375,136.75968610183065,134.54683666411032,136.10437695394026,15297425
2025-06-26,138.925048828125,139.5613595275523,134.86974012564846,134.95522594440823,24194161
2025-06-27,139.8177947998047,140.84349425059767,138.6591351141818,138.9250555838416,19189378
2025-06-30,139.5708770751953,141.98315983591195,139.05802008826285,139.85578152173647,10645295
2025-07-01,139.74180603027344,140.7485069534759,138.8395748910775,139.1434777680925,9899904
2025-07-02,140.47308349609375,141.46078588336462,139.6278333069371,140.5585548149623,7881728
2025-07-03,140.43508911132812,141.27084733285398,140.08369735526696,140.54906536344876,8006482
2025-07-04,143.99655151367188,144.34795779174044,140.4256092888271,142.17309072918232,22612766
2025-07-07,146.01947021484375,147.11164256941254,144.1770108411225,144.37645844502782,24354631
2025-07-08,146.08595275878906,147.17812507731333,145.14572464268664,147.01667439927974,13876094
2025-07-09,142.69544982910156,146.0004718307291,142.54349113000671,145.74405782903312,12440150
2025-07-10,144.67086791992188,144.97477082333378,142.45801829672328,143.1703083882069,14545796
2025-07-11,143.0753173828125,147.20660532899936,142.70492714906715,147.20660532899936,12767735
2025-07-14,142.55299377441406,143.97757393408546,142.09711768938251,143.07532823969723,8021902
2025-07-15,143.78761291503906,144.26247295041446,142.97085307453025,142.9803595498478,4853043
2025-07-16,144.3954315185547,145.0032517771756,143.05633724780952,143.59767014628565,7218210
2025-07-17,143.3697509765625,144.80382309363242,143.04683513278206,144.70884528812434,6727858
2025-07-18,142.51498413085938,143.98705306273973,141.12840101452682,142.9423552422885,9017783
2025-07-21,143.47421264648438,143.5976663967642,141.57477257644365,142.00214369388726,5030900
2025-07-22,144.3384552001953,144.77533281782823,143.07532574168408,143.69265249504411,11381024
2025-07-23,144.6898651123047,144.927295140719,143.14181668973822,144.3669492600613,7597121
2025-07-24,143.61666870117188,145.06973923434018,143.13231668730847,144.37644764785065,5879844
2025-07-25,139.5708770751953,144.11053815008742,139.20997878747093,143.40774003493448,11646131
2025-07-28,140.14068603515625,141.1663854118666,139.32392622545603,139.57086270914675,6023438
2025-07-29,140.5015869140625,140.7485089107946,139.13398771953203,139.13398771953203,4240012
2025-07-30,141.54627990722656,142.63846673707764,138.89656715623315,140.08371730286763,9331773
2025-07-31,138.29823303222656,139.79879249349216,137.06360852488223,139.18148023982,11960546
2025-08-01,133.93902587890625,138.93454843773807,133.58763407570842,138.0228252479332,8981850
2025-08-04,135.2211456298828,135.71498962294586,132.694886813793,134.59432691763595,8163596
2025-08-05,134.1669464111328,135.8099579284296,132.39096018395026,135.35409639302466,11034758
2025-08-06,135.11668395996094,136.07589605304628,134.58484301759367,135.32562354325933,7574568
2025-08-07,134.54684448242188,135.8099739511669,132.9608136584851,133.920025740053,8365458
2025-08-08,135.74996948242188,137.77782261415518,135.1678037465234,135.82759256754767,9551412
2025-08-11,137.2053680419922,138.69957170604786,135.20662173074945,137.38972101721953,11260944
2025-08-12,138.4084930419922,139.5728245408615,136.67172273782583,136.91428933257527,12858483
2025-08-13,138.19503784179688,139.13619744507508,137.48674750704097,138.4084976366697,4990372
2025-08-14,135.96343994140625,138.90334604785352,135.701463859172,138.7480998654117,11453732
2025-08-18,136.13807678222656,138.35999513833187,135.1095967627572,137.7778293738709,11766741
2025-08-19,137.7875213623047,137.90396339373348,134.67297461701838,136.2253919202008,8913748
2025-08-20,137.23448181152344,138.45701214414717,137.01132468523053,137.78752596017813,5531826
2025-08-21,137.23448181152344,138.65106246288408,137.0792356344978,137.43822946441557,8746473
2025-08-22,135.7887725830078,137.58377125071314,135.30363940850253,137.19565582805518,5874783
2025-08-25,135.79849243164062,136.19629040545166,135.0513831550607,135.7887802923418,8282860
2025-08-26,134.82823181152344,136.244812531424,134.43041901555628,135.3521691779723,10846493
2025-08-28,134.3721923828125,135.76936349304813,133.99378909783607,134.8670228923695,8420916
2025-08-29,132.5577850341797,135.3424595478791,132.40255366883596,134.37219319030473,10577763
2025-09-01,135.41036987304688,135.58502551525564,132.69362112328423,132.92649037786606,6229505
2025-09-02,135.46859741210938,136.47768281394542,134.96406951628248,135.41038379375175,3714758
2025-09-03,136.31272888183594,137.19566003463922,135.36185717098624,135.44919239694306,4902101
2025-09-04,135.5268096923828,137.48675205325523,135.206634794577,136.98220935731865,4768126
2025-09-05,135.49769592285156,136.51647859698906,134.3527886850273,135.30364560518018,4533550
2025-09-08,136.7105255126953,137.6710945481372,135.83729170235895,135.83729170235895,5069174
2025-09-09,136.7493438720703,137.87485640885777,136.32242430259302,136.94339418408094,3636766
2025-09-10,136.9434051513672,137.49646413023424,136.6232154486164,137.05983238687983,4302236
2025-09-11,139.6504364013672,141.06703186524499,136.68142357436494,136.85607922570702,15031791
2025-09-12,138.36968994140625,140.88267632868272,138.1853369591962,140.6692165392911,9001678
2025-09-15,139.7086639404297,139.90271425895966,138.07860869357935,138.49583094325456,8158591
2025-09-16,140.66921997070312,140.82446614951857,139.54372218701727,139.76687931588293,6389632
2025-09-17,141.60067749023438,142.862026741905,140.61100163983556,140.7274288674978,9549049
2025-09-18,142.77468872070312,142.89113075117552,141.18345248508413,141.7074046094857,8002633
2025-09-19,144.08456420898438,145.49144756515832,142.36718849015895,142.61946723608594,14995288
2025-09-22,143.8905029296875,144.66671897212777,142.88141763298827,144.08455323902518,9720233
2025-09-23,143.83229064941406,144.70552445206533,143.1628044916729,143.68674181224569,7296186
2025-09-24,142.406005859375,144.4629659213207,142.15372711624468,143.62853621230846,6288775
2025-09-25,141.8723602294922,143.7255726855735,141.40663648309956,141.67830990225283,8605676
2025-09-26,140.72743225097656,141.8723543025121,139.52431138930064,141.67830398337955,11925305
2025-09-29,144.87046813964844,145.4914380191173,140.72742662853355,140.72742662853355,16918652
2025-09-30,145.33619689941406,146.75279235139286,144.56969296104154,145.578763498342,13201863
2025-10-01,145.24887084960938,147.46107696171677,144.57938469369194,145.92805433927575,7658596
2025-10-03,145.91836547851562,146.35498240400477,144.2203992532097,145.53996216907964,5989839
2025-10-06,150.23605346679688,150.6726704079939,146.0445101041779,146.4908243800358,18473741
2025-10-07,149.78001403808594,151.11898635951002,149.22696990864324,150.15841732825928,11389659
2025-10-08,149.00381469726562,151.63322828940753,148.8194617167285,149.42102213314223,9953844
2025-10-09,150.6338653564453,152.52588196029066,148.77095556149825,149.44044177634146,13999206
2025-10-10,149.5277557373047,152.32212771143926,149.12994295944156,150.8861227774588,7992863
2025-10-13,150.6435546875,151.07047426878142,147.59691880891637,149.13965362401797,11375913
2025-10-14,148.2664031982422,152.11836191226928,148.06265554923866,151.10929139104172,5976061
2025-10-15,149.1202392578125,150.34276954174908,148.28580959589365,148.68362235677014,19147599
2025-10-16,149.100830078125,149.90615293522924,147.57751958836838,149.32398719596915,7119984
2025-10-17,148.36343383789062,150.00318636811426,147.50959469668783,149.17845403353522,7126668
2025-10-20,149.27549743652344,149.76063065561505,148.1693942891982,148.74184793450448,5564426
2025-10-21,149.5471649169922,150.39129194706615,149.12994266649207,149.32399298540568,1188949
2025-10-23,145.65638732910156,149.42102570128225,145.35560711371213,149.42102570128225,13612250
2025-10-24,145.89895629882812,146.79159962531986,144.7152300863935,145.53996246238322,8519673
2025-10-27,150.58534240722656,150.75028591871236,146.63636585555938,146.8013093670452,16809115
2025-10-28,149.92556762695312,152.7975478677187,148.8873754769864,151.7496583836263,22709449
2025-10-29,158.24073791503906,158.8617077964371,150.39128657539024,150.39128657539024,58449093
2025-10-30,158.64825439453125,162.1315220368988,157.32869149283505,158.24074428144584,33405636
2025-10-31,160.96719360351562,161.94717216569836,158.24074732454955,158.6482574454717,25385134
2025-11-03,162.74278259277344,163.68394220522606,160.96719326634496,162.0344922511131,19190570
2025-11-04,164.21759033203125,165.0908241813323,162.1606302749547,163.0047573162851,23469790
2025-11-06,163.36375427246094,164.97440010136575,162.3740931723693,164.9647027668871,19729771
2025-11-07,164.13026428222656,164.5086675779652,161.16125153026326,162.23824780353328,12104934
2025-11-10,164.35342407226562,166.2939568624477,163.4898875728382,164.11085747349287,12402893
2025-11-11,167.312744140625,168.33152684451255,162.3449847987384,163.87799271667166,20113006
2025-11-12,167.17691040039062,169.31149360516827,166.41039162273123,167.5650110539535,16003745
2025-11-13,167.3224334716797,169.2629662224213,166.35216709630885,167.55530273160105,11618468
2025-11-14,166.1581268310547,169.03012199008253,165.3333944400759,167.2739273081758,11051895
2025-11-17,167.97251892089844,169.21445876169287,166.07080501690916,166.07080501690916,13233156
2025-11-18,166.48800659179688,168.82635214892025,164.75123626496435,168.34121895309002,17543851
2025-11-19,164.2952117919922,167.1089784385771,163.82948806399057,166.4103854440295,10315121
2025-11-20,163.68394470214844,165.62447757308104,163.14059786710183,165.04232659485578,9529662
2025-11-21,162.37408447265625,163.59661478055185,161.25826925358064,163.00475169706723,9261908
2025-11-24,160.76344299316406,162.82040303387794,160.1424730862453,162.03448961474066,16397744
2025-11-25,159.2401123046875,160.48205207698373,158.2407391254974,159.99691889077147,9625540
2025-11-26,160.66641235351562,161.06422513749865,158.7064848518691,159.24011953686667,5855993
2025-11-27,158.9393310546875,161.06421676516277,157.71680076329028,160.66640400185858,4631417
2025-11-28,156.9405975341797,158.8326141415797,156.698030922844,158.63856381352937,5937318
2025-12-01,158.1243133544922,159.55060611949722,157.21226058720026,157.21226058720026,10208196
2025-12-02,157.51304626464844,160.2103857140571,156.92118315926936,158.64825619363637,13247668
2025-12-03,159.2304229736328,159.66703990215,156.21289381152945,157.37721055593886,11250522
2025-12-04,157.92054748535156,159.80286659329997,157.19284771506778,159.12368310205304,6382061
2025-12-05,158.79380798339844,158.96844883490076,157.08612958600227,157.87205783303529,6124074
2025-12-08,157.2801971435547,159.5312076042776,156.2128981287134,158.79381043362702,8744916
2025-12-09,158.16311645507812,158.47360880151376,155.56280967658444,157.3772030601616,10272407
2025-12-10,158.22134399414062,161.53965320149945,157.6197687775388,158.3959848342222,12155035
2025-12-11,156.9405975341797,159.12369703620072,155.72776447750132,158.41540667652606,8829634
2025-12-12,158.80349731445312,159.99692082151162,157.24136784379525,157.5227533860443,13492656
2025-12-15,163.5384063720703,163.97502329556704,157.61977534883317,160.25890116853,33661881
2025-12-16,162.7524871826172,164.6639131270696,161.07391569306498,164.46984800786615,26675256
2025-12-17,163.16000366210938,164.36312453970004,162.27705767252294,163.62572739520607,17416464
2025-12-18,161.75,163.8000030517578,161.27999877929688,162.0,10014354
2025-12-19,162.60000610351562,162.89999389648438,160.41000366210938,161.1999969482422,14335462
2025-12-22,163.66000366210938,164.39999389648438,162.1199951171875,162.60000610351562,9224512
2025-12-23,163.27000427246094,165.5,162.66000366210938,163.64999389648438,8439146
2025-12-24,161.1699981689453,163.41000366210938,161.0,163.3000030517578,7879339
2025-12-26,160.3000030517578,161.94000244140625,159.61000061035156,161.10000610351562,7762050
2025-12-29,161.97999572753906,162.8000030517578,159.52999877929688,159.55999755859375,8219066
2025-12-30,161.57000732421875,162.88999938964844,160.97999572753906,162.0,8132881
2025-12-31,166.4600067138672,167.3300018310547,161.42999267578125,161.57000732421875,24383706
2026-01-01,165.8800048828125,168.1999969482422,164.9199981689453,167.0,9679405
2026-01-02,166.7899932861328,167.35000610351562,164.91000366210938,166.6999969482422,9638213
2026-01-05,165.00999450683594,168.7899932861328,163.60000610351562,166.8000030517578,9692902
2026-01-06,164.0,164.88999938964844,161.3000030517578,164.6999969482422,11514726
2026-01-07,162.6699981689453,165.0,162.0,164.10000610351562,10582454
2026-01-08,156.3699951171875,162.6999969482422,155.8000030517578,162.6699981689453,13567688
2026-01-09,157.61000061035156,158.4199981689453,155.11000061035156,155.1999969482422,10896400
2026-01-12,158.24000549316406,158.61000061035156,154.77000427246094,157.0,6011542
2026-01-13,157.39999389648438,159.39999389648438,155.75,158.6999969482422,7763679
2026-01-14,159.16000366210938,159.58999633789062,156.08999633789062,157.0,10309941
2026-01-15,159.16000366210938,159.16000366210938,159.16000366210938,159.16000366210938,0
2026-01-16,161.32000732421875,162.14999389648438,159.85000610351562,160.0,15011308
2026-01-19,160.89999389648438,162.25,159.33999633789062,161.0,8651736
2026-01-20,158.42999267578125,161.35000610351562,158.0,160.89999389648438,10243937
2026-01-21,158.82000732421875,160.44000244140625,156.61000061035156,158.42999267578125,11797545
2026-01-22,159.0500030517578,161.9499969482422,158.05999755859375,159.8000030517578,8809678
2026-01-23,156.02999877929688,160.39999389648438,155.61000061035156,159.08999633789062,9542103
2026-01-27,158.89999389648438,159.89999389648438,155.63999938964844,156.6999969482422,11148012
2026-01-28,162.85000610351562,164.0,158.5399932861328,159.0,15795631
2026-01-29,163.08999633789062,164.64999389648438,161.77000427246094,162.72000122070312,16100725
2026-01-30,163.24000549316406,163.82000732421875,160.8300018310547,163.0,11627532
2026-02-02,164.61000061035156,165.39999389648438,159.0500030517578,160.5,14590517
2026-02-03,167.5800018310547,168.69000244140625,164.39999389648438,168.5,14585846
2026-02-04,172.77999877929688,173.6999969482422,166.32000732421875,167.0,28164545
2026-02-05,175.77000427246094,177.89999389648438,172.4199981689453,174.24000549316406,34830200
2026-02-06,175.1999969482422,180.89999389648438,173.27999877929688,176.99000549316406,34240417
2026-02-09,176.16000366210938,177.2899932861328,175.0,175.9499969482422,12380924
2026-02-10,178.2100067138672,178.89999389648438,175.1999969482422,176.7899932861328,21506950
2026-02-11,181.30999755859375,181.60000610351562,176.82000732421875,178.0,25578553
2026-02-12,178.11000061035156,182.25,175.3000030517578,182.25,24014261
2026-02-13,176.77000427246094,177.89999389648438,176.0399932861328,177.27999877929688,9835632
2026-02-16,175.14999389648438,175.89999389648438,173.4499969482422,175.89999389648438,6184219
2026-02-17,175.80999755859375,176.14999389648438,172.1699981689453,174.9499969482422,5249228
2026-02-18,178.74000549316406,179.0,175.86000061035156,175.86000061035156,8191312
2026-02-19,174.3000030517578,177.99000549316406,173.38999938964844,177.7100067138672,13677449
2026-02-20,173.7899932861328,174.44000244140625,172.3000030517578,173.60000610351562,8935995
2026-02-23,176.4600067138672,177.3000030517578,173.6699981689453,174.88999938964844,11422407
2026-02-24,180.19000244140625,181.0,176.50999450683594,176.99000549316406,22691029
2026-02-25,183.02999877929688,183.8000030517578,180.50999450683594,181.0,24353791
2026-02-26,186.47000122070312,186.8000030517578,182.42999267578125,183.5,17206460
2026-02-27,187.47000122070312,188.9600067138672,185.77000427246094,187.11000061035156,24422609
2026-03-02,179.11000061035156,182.39999389648438,176.85000610351562,181.30999755859375,31464579
2026-03-04,170.44000244140625,176.1699981689453,169.2100067138672,175.0,27718538
2026-03-05,171.5399932861328,175.4199981689453,169.27999877929688,171.0,32355154
2026-03-06,168.67999267578125,172.94000244140625,168.0500030517578,172.05999755859375,20979104
