Date,Close,High,Low,Open,Volume
2021-03-16,163.3933868408203,164.21880578296356,161.1136529951976,162.2535261465517,50641203
2021-03-17,165.55520629882812,168.14938216046383,163.9436828124423,166.8129858923604,81604999
2021-03-18,171.09730529785156,172.23716613060742,166.5771516192604,167.44188522829413,95536034
2021-03-19,175.26368713378906,177.7792463271207,169.44646428488895,172.1585464795081,139352860
2021-03-22,177.6613311767578,177.97577294603528,174.12381767258447,175.53881809141933,47823778
2021-03-23,174.6741180419922,179.31217829742732,173.96661774733556,176.8752356062962,43165463
2021-03-24,169.76092529296875,175.1458006402198,169.21064587854767,173.73079999087645,28672557
2021-03-25,166.34132385253906,169.76090629627717,164.336741899802,169.13202272564862,42248040
2021-03-26,165.79104614257812,168.5817450433417,165.35868556921488,168.4245241491266,27083832
2021-03-30,168.66033935546875,169.0140956894897,165.39797796367802,167.63839737455197,28862387
2021-03-31,171.76551818847656,172.39440182311318,167.20606200900866,168.26731871381807,37890481
2021-04-01,172.9839630126953,173.4163235749613,170.82216020136542,172.94466090442202,30182056
2021-04-05,167.088134765625,172.94467248825302,165.47661119052773,171.05799676555324,32586507
2021-04-06,167.16673278808594,168.97479163010058,165.2014530629073,168.07075598055022,26663018
2021-04-07,168.07073974609375,169.1712982790213,167.00949577297422,167.20601874367492,15790468
2021-04-08,167.63839721679688,169.87881662556248,167.32395544713162,168.896176752544,14660557
2021-04-09,167.52047729492188,169.7608966883879,167.08811675031316,168.0314545099531,16994483
2021-04-12,161.38880920410156,165.86964823150564,161.1529840943502,165.0835437705231,35840817
2021-04-13,164.0615692138672,164.84768603576077,161.93906874325683,162.7251855651504,21027436
2021-04-15,162.48936462402344,165.43728432160052,161.9390852839088,164.29742353338779,18205903
2021-04-16,163.47201538085938,164.4939699129989,162.33215451693823,163.5113299485406,13824608
2021-04-19,161.62464904785156,162.01770751242347,160.1703464317311,161.15298636461742,16400507
2021-04-20,160.0131072998047,162.7251892191932,159.18768835540698,162.09629325613926,22187707
2021-04-22,161.86048889160156,162.17493068484117,157.65478942148886,158.79465026479772,24030915
2021-04-23,161.42811584472656,162.72519748448318,160.56339475155548,160.56339475155548,20381213
2021-04-26,161.38880920410156,162.52868247242807,160.91714652751205,161.7818676631362,20652091
2021-04-27,161.46742248535156,162.68589994562547,161.1922828155183,161.38880581236214,11885588
2021-04-28,161.54603576660156,162.3321401945587,161.3888024239239,161.939081752037,13197445
2021-04-29,160.60272216796875,163.1575837432576,160.4061866885846,162.80383981170715,13601150
2021-04-30,159.26629638671875,161.7032511735352,158.79463374592484,160.28825079406764,17130954
2021-05-03,157.96923828125,158.67673857623163,157.22243587462708,158.16576129654413,21405441
2021-05-04,156.90797424316406,159.0697895953374,156.51492823102993,158.16575387041982,18962501
2021-05-05,158.32296752929688,158.79463015943796,156.82935051488846,158.3622696342039,14396547
2021-05-06,159.3842315673828,161.8997908247274,158.873254311111,159.03048766464627,14872429
2021-05-07,161.42811584472656,162.29283693789765,159.54144031682043,159.54144031682043,20213092
2021-05-10,161.58534240722656,163.07894709079335,161.1529818454481,162.84312198433295,16922951
2021-05-11,160.36683654785156,162.33211601058971,160.1703135844115,160.2882323453093,14277000
2021-05-12,159.77731323242188,161.34953488223482,159.46287139387707,160.28829056287387,17174525
2021-05-14,166.85227966308594,167.59909443438875,160.36685901871917,161.15297589680017,64021335
2021-05-17,167.12741088867188,170.58630753771413,166.38060861215132,170.42908666145115,39465392
2021-05-18,165.12281799316406,168.69963317210977,164.80837626187434,168.30657477945527,31653409
2021-05-19,163.3147735595703,166.18408886417703,163.1575526802486,165.1228323573984,25345241
2021-05-20,162.72518920898438,164.53324797415846,162.56796833250212,163.8650499062948,21688686
2021-05-21,164.33673095703125,164.96561448578402,163.03963687907816,163.19685776126636,23509878
2021-05-24,166.26271057128906,166.6950711491929,163.3147907453518,164.69048915553992,29977506
2021-05-25,165.79104614257812,167.75632600589725,165.28006889356385,167.44188421746705,26310600
2021-05-26,165.55520629882812,167.00952135024505,165.31938118928798,166.498544108249,18253046
2021-05-27,165.98756408691406,168.34590234243421,165.31937842113737,165.86964530557506,49385674
2021-05-28,167.36326599121094,167.83492866948632,166.3020218508196,167.04882420569402,26583388
2021-05-31,170.27188110351562,171.2938231197057,168.54242639486318,169.0141015231714,75852502
2021-06-01,169.2106170654297,172.47299088314995,168.42451264803438,171.37243224171044,40247686
2021-06-02,164.2974395751953,167.00953443259078,163.9829977664528,165.47661504361136,100377464
2021-06-03,164.33673095703125,165.6731146841739,164.06157884184444,165.6731146841739,48454441
2021-06-04,164.10089111328125,164.84769340751643,163.51130969903846,164.69047252752407,31286264
2021-06-07,166.223388671875,166.97019095260075,165.24074884688406,165.39796972403235,32643869
2021-06-08,167.95285034179688,168.424525485271,166.02688502956767,166.8129895068795,22080199
2021-06-09,167.04881286621094,168.81755713249416,166.26269599869443,168.22797571039973,25846432
2021-06-10,169.29051208496094,170.98908179647475,167.83459885145362,168.8051991289479,31902690
2021-06-11,168.15809631347656,170.2206374836206,168.03676810042165,170.09932208782885,22249404
2021-06-14,167.67279052734375,168.60295210008826,165.97422123736223,168.19852900953134,18358717
2021-06-15,167.4705810546875,168.5625221727644,167.4301425887627,167.87500416572573,15426377
2021-06-16,168.11766052246094,169.33091703778302,167.47058098162938,167.47058098162938,20878518
2021-06-17,166.33822631835938,168.23901394245323,165.81248773101163,167.3897291275854,22304032
2021-06-18,165.44850158691406,166.98530449810372,163.79038326088707,166.62131980179623,24475206
2021-06-21,165.3675994873047,166.6212944546946,163.70946859625408,164.27565838175786,19809308
2021-06-22,165.8933563232422,166.82353085247783,165.28672800523807,166.7022026254241,18737552
2021-06-23,164.96316528320312,166.49996785722158,164.6800704094961,166.33818837173553,13059519
2021-06-24,164.3970184326172,165.52939822292205,163.83082853746475,165.3676315124879,23299321
2021-06-25,165.85292053222656,166.29778216043277,164.80143057621777,165.003635746397,14411660
2021-06-28,164.68008422851562,166.54042029509029,164.47786626332027,166.54042029509029,15190488
2021-06-29,164.43743896484375,166.05511870995298,164.3161107409393,164.68009541265263,13839294
2021-06-30,163.9521484375,165.32717181490213,163.8308202065276,165.24629487243058,16556397
2021-07-01,164.19476318359375,164.84184269580436,163.5072580245274,164.11388625535668,10583793
2021-07-02,163.70948791503906,164.76097786194453,163.58815968707597,164.4374444655528,13187847
2021-07-05,164.7205352783203,165.08451995312015,163.95214027676212,164.19478390936425,10642939
2021-07-06,163.7903594970703,164.84184932729272,163.58814153381692,164.3969877523039,11515716
2021-07-07,164.80142211914062,165.97424024397768,163.6286039943036,163.79037068559862,18568033
2021-07-08,163.3859405517578,165.40804333224568,163.22417386739042,164.59919709314508,21730892
2021-07-09,162.86019897460938,163.66904526218303,162.4962271172863,163.38595034325868,12289809
2021-07-12,162.65798950195312,163.8308076157777,162.53666128030505,163.38594601457748,13589278
2021-07-13,163.2646026611328,163.54769754631897,162.8601795655436,163.38593087153586,11247522
2021-07-14,165.0845184326172,165.93380318206343,163.14329248609312,163.2646207099089,21269167
2021-07-15,166.82350158691406,168.6433862216671,164.11388104893993,165.32713747210863,29963443
2021-07-16,168.15809631347656,169.57357077034527,167.5919065307291,167.99632963515774,30137464
2021-07-19,168.03677368164062,169.4522481855233,166.9043940785345,167.26837872978874,17099088
2021-07-20,167.2683868408203,169.29048971091714,166.94485345774822,168.40076649883682,24567907
2021-07-22,167.43014526367188,168.44119664878863,166.49998362896045,167.43014526367188,19016769
2021-07-23,171.7978973388672,172.76851033180674,167.02573494803917,167.43015809653602,46241640
2021-07-26,170.78683471679688,174.18397356147904,170.50373981307337,173.092032413613,49084040
2021-07-27,168.76473999023438,172.28320722143818,168.1985501557249,171.47436093863482,25378089
2021-07-28,169.12872314453125,169.8566796656142,167.794125508159,168.48164356064405,15304399
2021-07-29,166.66177368164062,170.01846167475614,166.33822745191566,169.12873838185953,16204679
2021-07-30,165.77203369140625,167.51105458152006,165.48895157507897,166.7022082520376,15515733
2021-08-02,167.67279052734375,167.83455720011398,166.17642637400934,166.9852725551232,10046707
2021-08-03,169.7758026123047,170.58464894835848,166.98530454226992,167.83458934994684,19179805
2021-08-04,168.72430419921875,170.74640712105705,168.31988105139817,170.5846404253817,11421835
2021-08-05,174.1030731201172,175.31634241183545,167.3492471297339,168.72428309689533,48995450
2021-08-06,173.29425048828125,174.70971219049275,171.95965290291105,174.2244121340714,24489836
2021-08-09,172.9302520751953,175.63987268015504,172.0405289672414,173.9008649280826,21142199
2021-08-10,169.7353515625,173.45602392500396,168.68386165736254,173.09203925557318,18855165
2021-08-11,168.76473999023438,170.34198126961587,167.7941270143232,169.7353529661455,16012451
2021-08-12,168.9669647216797,173.2538143035047,168.52210309353998,170.05889314810815,28758718
2021-08-13,171.0294952392578,171.71701328147688,169.209597555093,169.7353489080718,19576945
2021-08-16,170.58465576171875,172.48543062837274,170.26112234128098,170.98907894589883,11621038
2021-08-17,169.2095947265625,171.06993084762374,168.88606135349025,170.50374103611537,8161139
2021-08-18,169.00741577148438,171.06995736612583,168.52211563664693,169.53316719717432,11149120
2021-08-20,168.9669647216797,170.4228778350942,167.18750539185598,167.43016184984666,20168965
2021-08-23,166.8639373779297,170.0184194083737,166.6212809702764,169.45222966869082,10319044
2021-08-24,166.41909790039062,167.43014930994136,165.56981317829633,167.43014930994136,12971124
2021-08-25,166.94483947753906,168.15809597109157,166.621293304297,166.94483947753906,10994627
2021-08-26,165.4889373779297,167.30882223724134,165.28671940427463,166.9448503922846,15407558
2021-08-27,166.54043579101562,167.30883080536913,165.73158948950118,165.81247924655847,10879860
2021-08-30,168.239013671875,168.40078037674223,166.62132098867215,166.62132098867215,12550267
2021-08-31,170.90818786621094,171.15084433830373,167.63237676202075,168.27945641517965,26802390
2021-09-01,169.45223999023438,171.71699908691517,169.29047331436618,170.66549646787738,16867486
2021-09-02,169.6544647216797,171.06993932055775,169.0478364128075,169.0478364128075,14872714
2021-09-03,170.34197998046875,170.86773134203847,169.65446192701546,169.65446192701546,10622796
2021-09-06,169.29051208496094,170.82731508355906,169.08830689813277,170.66553555337742,11041632
2021-09-07,171.27215576171875,173.37513558920222,169.97800939970418,170.58463770312193,38933378
2021-09-08,170.8677520751953,172.28322682251093,169.61404403939207,171.67658563275725,17897021
2021-09-09,172.00010681152344,173.0111582241085,170.3015373622372,170.705960490724,19784972
2021-09-13,173.21334838867188,174.02219457564252,171.31257394828,172.56628169290565,16661794
2021-09-14,174.7906036376953,175.72077810977382,173.25380088488862,173.81999069817195,20377545
2021-09-15,174.709716796875,175.6803297525725,174.14353979142086,175.5994528163351,21028598
2021-09-16,186.64013671875,188.98578586359022,174.95238073345806,175.47813211057587,154986538
2021-09-17,186.96368408203125,191.93805169133506,185.30555300075352,188.46003564837946,82563658
2021-09-20,189.06663513183594,193.59615324465207,186.23568631132585,186.8423273566228,73101936
2021-09-21,195.335205078125,196.1036001525386,187.40855940931817,190.03729086881285,58854434
2021-09-22,196.95286560058594,198.81320180251942,194.6881062560992,196.95286560058594,54648494
2021-09-23,196.14401245117188,198.65142815689327,195.4969456995431,198.16611527590777,22630330
2021-09-24,192.8682098388672,197.3572769737961,192.26156875258198,197.3572769737961,25779310
2021-09-27,193.0704345703125,195.6182889393184,190.4821417305409,193.9601578307468,23772123
2021-09-28,192.30203247070312,195.41606376775604,191.12920150622588,194.00058917033908,16319138
2021-09-29,192.58511352539062,195.2542830164171,190.64388769804088,190.8865441307755,16045073
2021-09-30,191.00787353515625,194.44543799487158,190.2799170496883,194.04102769414996,16987893
2021-10-01,190.36080932617188,191.69539418755454,188.37914486040498,190.2394810992708,16570661
2021-10-04,191.3718719482422,192.78734664914907,190.40125889372527,190.8865718296164,11098123
2021-10-05,189.83505249023438,192.05937334584604,189.67328579810587,191.21008859922316,9578825
2021-10-06,187.0445556640625,191.21008966571424,186.5188042987642,189.91594330420364,18179336
2021-10-07,188.4196014404297,190.03728127093544,187.89385004817768,188.46003991144445,10770973
2021-10-08,187.40853881835938,189.91594176592358,187.004115680426,189.8755032973095,10114327
2021-10-11,192.54466247558594,193.71748053978823,187.40852863639878,187.65117225216454,22000303
2021-10-12,195.1733856201172,196.54842159539214,192.50421623366066,192.98951626285375,30347455
2021-10-13,201.56326293945312,202.9382862550941,194.2432462940476,196.184472267883,52091422
2021-10-14,207.50820922851562,211.79507079789607,202.49339124332172,204.83903997628713,88696178
2021-10-18,212.36126708984375,214.5855748685813,208.15529513360923,211.10755935059385,62614961
2021-10-19,198.93450927734375,212.36127161570184,198.2065528235824,211.43109720312384,61336411
2021-10-20,199.46026611328125,200.997068909097,196.02268866993225,198.9345275699933,49663940
2021-10-21,197.9234619140625,200.8757262533177,196.62931565721811,200.5926313590935,23385990
2021-10-22,191.3718719482422,198.8132173374296,189.02623548231955,197.92349404464966,36905793
2021-10-25,188.7835693359375,191.41230060727338,186.43793299026947,189.3497591872732,23194065
2021-10-26,191.45274353027344,193.31307970091905,188.13649432473372,189.3497509147241,19663381
2021-10-27,192.8682098388672,195.17339469769658,191.04831221453878,194.32412281142447,26909428
2021-10-28,182.07020568847656,190.8461361450217,181.3017978011801,190.15861802064373,48064941
2021-10-29,180.53338623046875,184.61803049604393,179.80542969979925,181.9892992918077,27668175
2021-11-01,183.48562622070312,184.05181598167238,179.96717226376222,181.30175692150576,24090945
2021-11-02,182.47462463378906,185.4269024515563,181.5849012861659,184.41585086248156,14896284
2021-11-03,179.9267578125,183.48565070810776,179.32011668959925,182.79814546426087,18530527
2021-11-04,183.24301147460938,183.8496397948067,181.1804572417679,181.8679753193817,7295341
2021-11-08,185.87173461914062,186.59969113502424,182.5554854207232,185.79084486525838,21051238
2021-11-09,185.0224609375,186.76146898587723,184.29450437811568,185.91218419705137,11964518
2021-11-10,186.7210235595703,188.3387033182455,183.76874614401848,183.97096412464316,13948380
2021-11-11,186.0334930419922,187.2467623927212,184.86067497503865,186.3570264086145,8448263
2021-11-12,188.37913513183594,189.22841985901883,185.34598088501025,187.00411187158556,12312123
2021-11-15,192.58511352539062,193.3130700063309,188.54089518795593,189.2284132025283,40247848
2021-11-16,190.44171142578125,193.8388379128573,190.07772672148803,193.35353779106512,15241184
2021-11-17,193.71751403808594,198.3683614499821,190.60348242295095,190.88657737135102,48496295
2021-11-18,192.0998077392578,196.5484365388414,191.12919478981354,194.12191057386272,21005037
2021-11-22,186.76144409179688,194.72852671233866,185.66951580689974,192.423329112012,23443628
2021-11-23,187.32765197753906,188.2173752044726,185.34598754292787,185.34598754292787,13950744
2021-11-24,184.1731414794922,188.21734667417326,183.56651326374254,188.0151415413442,14684422
2021-11-25,187.0850067138672,187.8129632900906,182.59593902427855,183.60699053665914,24825493
2021-11-26,181.1804656982422,186.07395659282645,180.45250911657558,185.14379483407785,28067913
2021-11-29,179.15835571289062,180.8973637470813,178.10686576175002,179.56277886864154,22985358
2021-11-30,178.875244140625,182.15105473493767,177.94508250449095,179.56276215969913,24408641
2021-12-01,179.48190307617188,180.61426997534863,178.43040030103901,179.56278001748063,13496307
2021-12-02,182.353271484375,182.91944846524135,178.9965711619585,179.48188402736324,16517389
2021-12-03,179.27967834472656,182.95991228472909,179.0370347126625,181.98929930467966,14325920
2021-12-06,176.24652099609375,179.72453689667825,175.92298761400778,179.279675291994,13644352
2021-12-07,178.4708251953125,179.52231499767808,176.40827123799244,177.05535075909177,9246755
2021-12-08,181.94886779785156,182.51505765644038,178.75394663425175,178.75394663425175,10241656
2021-12-09,190.40126037597656,191.25054520313228,180.37163479210685,180.37163479210685,39714672
2021-12-10,190.96742248535156,193.27262016170295,189.06664792748114,191.0483122359532,36517117
2021-12-13,189.75418090820312,193.11086870344965,189.39019622769308,192.50424038653088,22903720
2021-12-14,184.90110778808594,191.77626211354763,184.0518231137221,190.07769276481994,38953007
2021-12-15,181.2209014892578,187.81294863246143,180.69515012963606,186.03350221107112,35987634
2021-12-16,180.2907257080078,182.91945685285543,178.59215623573184,182.79814144820494,25131188
2021-12-17,176.28695678710938,180.25028551789234,175.31635665559287,180.20984705006182,30827201
2021-12-20,171.7978973388672,174.911941483302,169.6949174743068,174.911941483302,38778895
2021-12-21,171.8787841796875,174.2648589259914,170.70596604102772,173.09204078733163,20142586
2021-12-22,171.47434997558594,173.25379630326893,170.74639349450987,173.0920296205035,17903428
2021-12-23,175.76123046875,176.69139219708129,172.44498107909934,173.01117093713225,23065082
2021-12-24,176.32740783691406,178.30905938239727,175.07369998046488,176.32740783691406,17220191
2021-12-27,175.96343994140625,176.6913965170659,174.42664984682762,176.65095804543625,8467106
2021-12-28,177.98553466796875,178.43039628695365,176.32741641852766,176.32741641852766,12014352
2021-12-29,175.3163604736328,178.18774809741282,174.95237580343928,177.94509165061714,11923119
2021-12-30,174.709716796875,176.2465195752907,174.30530648115976,175.19502968335578,10116360
2021-12-31,176.36785888671875,176.97448721569975,174.83105601167065,175.43769715791652,7875890
2022-01-03,177.21713256835938,177.8237608593242,175.5590015679738,176.36784783410297,8064567
2022-01-04,178.1472930908203,179.32011119706465,177.17669295843712,177.5406648037648,9398805
2022-01-05,178.38995361328125,179.15834860664458,176.85315080929033,177.6619970887096,11663111
2022-01-06,176.89358520507812,178.2686083680829,176.48916210398386,177.13622881192424,9295303
2022-01-07,176.65093994140625,178.4708376026762,175.92298344035106,177.78331956910634,9196075
2022-01-10,180.61427307128906,181.74665280714103,177.05537997834304,177.86421349161938,16451394
2022-01-11,179.5223388671875,181.38267511396404,178.91571054736713,180.65471856672667,8329596
2022-01-12,180.1693878173828,180.89734429254074,179.23922619472788,179.9671826698858,13665682
2022-01-13,181.1400146484375,182.6363789970961,180.16940166785685,181.09957617928208,11944029
2022-01-14,180.048095703125,181.82754224646007,179.80543924093746,181.14002414843878,10976796
2022-01-17,181.665771484375,182.47460497814987,179.0370401993933,180.04809167956049,12792728
2022-01-18,178.55172729492188,183.84964115279135,178.18775542702093,181.66577149359125,14948456
2022-01-19,178.22817993164062,179.88629807698356,176.89359515847232,178.55171330381526,11915686
2022-01-20,176.93405151367188,179.68411108971446,176.32742317519848,178.38996465291413,17997322
2022-01-21,175.5590057373047,178.34951644963698,174.70972098287874,176.73183669622463,17225050
2022-01-24,171.3125762939453,176.12517656570654,170.58461984260947,175.55898679052723,18023332
2022-01-25,173.3346710205078,173.6582043579796,169.49267098192772,171.47433510415152,19028606
2022-01-27,173.57733154296875,174.3052879781512,170.7463827298911,170.86771093863197,24041247
2022-01-28,176.00384521484375,177.33844269953968,173.98174257306155,173.98174257306155,15865353
2022-01-31,178.10684204101562,178.5517036079144,175.59943931692595,176.7318188753094,15618203
2022-02-01,184.21360778808594,185.06289254541718,177.25757585253209,178.75394020380048,44871108
2022-02-02,187.7725067138672,188.70268119324072,185.22465253411045,186.033498792934,42714702
2022-02-03,189.63284301757812,190.2394713035828,187.4894119653995,187.77250687450356,28918394
2022-02-04,189.5115203857422,192.90865939517457,187.28721233237408,191.89760794959554,58889867
2022-02-07,186.19528198242188,189.87551612377928,184.82025860127987,189.26888778453238,25101983
2022-02-08,187.0445556640625,187.89384041542235,185.26510922345955,186.27616066785018,16825239
2022-02-09,186.15484619140625,188.46004416754772,185.02246643929954,187.89385429149436,12351873
2022-02-10,187.8533935546875,188.78355520237838,184.21359826366677,184.98200604281706,20317032
2022-02-11,188.01515197753906,188.70266997494005,185.87172105462025,187.65116733752802,18793513
2022-02-14,181.7635498046875,187.18871229333118,180.97669898576711,187.18871229333118,23621214
2022-02-15,184.70388793945312,185.11802474819638,181.01809265433658,183.04735382959683,13371177
2022-02-16,184.496826171875,186.1119506539419,183.75138511285317,185.36650959492007,11664158
2022-02-17,184.41400146484375,185.8220509253525,182.92311938895574,184.74530567612612,14564261
2022-02-18,183.7928009033203,185.07660799015832,183.461483570317,184.41399957438608,9004891
2022-02-21,180.5625762939453,183.2958560634697,179.85854491387306,182.46759543260728,16750193
2022-02-22,177.95350646972656,179.6514635477479,176.42121462502428,178.07774883215708,26741024
2022-02-23,178.86460876464844,180.14842907519085,178.11916767710213,179.56864010430834,11438476
2022-02-24,172.69400024414062,176.669690308222,171.45160284135426,173.93641077204484,42933709
2022-02-25,177.2080841064453,179.3201651151258,174.3919717198317,175.17882259803994,24543858
2022-02-28,178.78179931640625,179.27875569432666,174.59903391638014,176.58688567829964,20806226
2022-03-02,178.3262481689453,179.40299352304177,175.96568246469477,177.58079393328015,20039140
2022-03-03,181.72213745117188,182.3847458944181,178.90601219202222,178.9474350635634,29631546
2022-03-04,186.7745819091797,188.3482836014619,179.7342946670046,180.31408364577752,69409780
2022-03-07,186.3190460205078,188.01699018094737,182.3019458115468,183.87564759436995,47001716
2022-03-08,187.93414306640625,189.21795015453642,185.32509289516338,185.449335254525,37424203
2022-03-09,189.88058471679688,191.66136136448705,187.27153436664327,188.59676441551395,43923809
2022-03-10,192.15830993652344,192.57244677099996,188.72099914809172,191.33004939268798,37523806
2022-03-11,195.7613067626953,196.38250551786706,190.62603834471227,192.07551085685895,43305144
2022-03-14,197.95620727539062,198.3289212537235,194.89161032800456,195.6784611573547,36465969
2022-03-15,197.0037078857422,199.94406271426962,195.3885832176057,197.95622403624276,34269168
2022-03-16,200.93795776367188,201.2692619716211,198.0390131313231,198.78445416176746,22462538
2022-03-17,202.84300231933594,203.25713919424518,201.02080269475897,203.13289681926054,35541798
2022-03-21,202.51165771484375,205.20354047724695,201.93188191806942,203.6712355586266,29052540
2022-03-22,206.86009216308594,207.68836587174258,201.7248240446749,202.55309775333154,38368305
2022-03-23,208.7237091064453,210.1317587127038,205.82476414485626,208.2681493623796,42051087
2022-03-24,211.08425903320312,212.45089878780126,208.2681337811327,208.68227061967937,39712133
2022-03-25,209.84185791015625,211.8297095741102,206.44595668226,211.4569824651995,30412482
2022-03-28,212.9064483642578,213.69329918097034,209.17924301520128,210.3802306762796,25876007
2022-03-29,210.87718200683594,213.27915727195392,210.1731507006442,212.90644330845788,18820674
2022-03-30,206.40452575683594,212.36805388659906,205.94897919831888,211.29130866875113,18281803
2022-03-31,207.60552978515625,210.67012670588494,206.65302684870818,206.73584634312036,26644916
2022-04-01,209.80044555664062,211.4983895869442,206.07324013940996,207.06715283392606,14856664
2022-04-04,211.5812225341797,213.6104839242411,207.97825947947808,209.63479376468163,16520039
2022-04-05,214.89427185058594,216.8821233148181,211.29130911870095,212.07815988052118,28230046
2022-04-06,215.01853942871094,218.1245462214208,213.11352035416803,213.27917247476498,20352716
2022-04-07,212.5751495361328,217.17203843753802,211.87111819534724,213.69330460668098,16679649
2022-04-08,221.81033325195312,222.68000351805244,212.0367540995224,213.69328826726553,39283623
2022-04-11,221.56187438964844,226.241582975269,220.3194769001305,222.597210005953,47924937
2022-04-12,219.32553100585938,222.5143835038909,217.91748143706013,221.06489793653932,24460888
2022-04-13,223.25979614257812,224.12946642307867,218.3730130479992,219.73965277463424,22239115
2022-04-18,223.71536254882812,225.70321425933957,221.35480997091346,221.97599558341022,25339139
2022-04-19,216.63365173339844,225.7031999791827,214.35591879788058,225.28905001348414,24280577
2022-04-20,214.9771270751953,219.86391051151287,213.32059276417755,217.75182959309313,25454589
2022-04-21,215.68115234375,219.03563061960256,215.01853076294887,215.10136338246824,24313956
2022-04-22,216.26097106933594,217.8346729307333,214.14887679463985,215.34986462969775,16274820
2022-04-25,211.4155731201172,214.52157986648876,209.13782696437372,214.35592774836314,25140992
2022-04-26,214.4801483154297,215.92960748296483,212.243812135271,212.53370659380144,21327644
2022-04-27,213.2791748046875,214.10744854183915,211.82971545235006,212.20242944648524,17219401
2022-04-28,216.26097106933594,218.41446197181224,213.8175725212004,214.9357408504583,28999835
2022-04-29,214.9771270751953,217.83464908982896,214.10744360875935,217.83464908982896,21206335
2022-05-02,217.9588623046875,219.0770303619953,212.9064274256212,213.6932781649496,19696250
2022-05-04,215.14279174804688,220.36087972603622,214.19028872929354,218.66293556757012,26951488
2022-05-05,217.0477752685547,219.65682539166832,215.68113559102144,217.0063655245704,18623544
2022-05-06,220.85781860351562,221.43760753455692,214.4387306170208,214.52156323221985,35818441
2022-05-09,217.793212890625,220.44368584152102,215.80537458384893,220.44368584152102,22228031
2022-05-10,215.14279174804688,220.9820916133961,214.60441248737467,217.00640115988833,18727774
2022-05-11,211.7468719482422,217.17203446004757,208.5166229144991,214.52157438749515,18012072
2022-05-12,209.46914672851562,212.36807851664443,206.3631399465158,211.20850055134554,20816708
2022-05-13,214.19027709960938,216.05387328514584,210.7943758419421,211.16708982900204,12380764
2022-05-16,210.46304321289062,215.30841656905153,209.5519500604742,215.30841656905153,8502159
2022-05-17,219.24270629882812,219.9053147566057,211.04284132056372,211.2084934350081,18483427
2022-05-18,220.98208618164062,221.81035992768204,217.95889882119633,220.3194776849025,20978307
2022-05-19,228.31222534179688,231.29398943974314,217.50332392418312,217.50332392418312,81302807
2022-05-20,231.91522216796875,233.86165095623062,229.43040102853226,229.43040102853226,33617466
2022-05-23,227.35972595214844,232.2879452728415,226.1587514014878,231.91521817081468,22535903
2022-05-24,224.3365478515625,227.77385850118154,223.63251657389583,227.77385850118154,16146766
2022-05-25,225.8688507080078,226.86278967717007,224.04666426485957,226.0759388267412,15877459
2022-05-26,226.28521728515625,227.60031278292823,223.86708295127815,227.60031278292823,19129574
2022-05-27,228.40635681152344,229.67904625095144,224.88522426485687,228.23665233747516,13986762
2022-05-30,228.2790985107422,229.93360294570672,227.04881495027382,229.50935518094212,12274291
2022-05-31,229.63661193847656,232.90318775314014,226.03065406815787,228.2790837158562,24102167
2022-06-01,230.65478515625,232.56380585935526,229.25479720158162,229.63661209830937,15265925
2022-06-02,232.05474853515625,232.8607842872208,227.2609130834946,229.67904722995524,14789457
2022-06-03,231.3759765625,233.92138255189266,230.44266910013675,233.32745717672793,12968807
2022-06-06,233.15774536132812,234.00621399779703,228.8305902726855,231.12145290212473,11345943
2022-06-07,232.39414978027344,233.32745724290135,230.99418858633157,231.80022440494028,11245578
2022-06-08,227.3033447265625,232.81835021869801,225.86095081454138,232.43653532017476,14915091
2022-06-09,229.80630493164062,230.52750184773086,225.4791368802319,227.21849335755937,10239939
2022-06-10,229.21241760253906,229.9336146380709,228.02456682522424,228.2791101189731,8693455
2022-06-13,224.5458526611328,228.32150175925312,223.14587807842375,226.03066603968242,11519902
2022-06-14,225.22462463378906,226.92154850603336,223.1883186761228,223.31557687430515,7708043
2022-06-15,223.4852752685547,226.7942706788968,223.1883125906239,225.6912856539169,5254329
2022-06-16,221.19439697265625,227.30334113661206,220.1762508162746,226.53971135162604,14843837
2022-06-17,223.40042114257812,224.1216181322031,219.37021532538816,219.7520302417075,17296080
2022-06-20,224.07919311523438,225.81854972629355,221.7459111682168,223.40041554051032,17738981
2022-06-21,229.00030517578125,229.80634100550807,224.0792110615894,224.8428274911029,14417711
2022-06-22,225.0973663330078,229.33969643278238,224.75798422746914,226.5397470041148,11756920
2022-06-23,225.26702880859375,226.751855583516,222.636797656635,225.26702880859375,9416459
2022-06-24,225.56402587890625,227.68519770580482,225.01253330453474,225.77614978416395,7283228
2022-06-27,229.04270935058594,229.63663472949503,226.11551530105876,226.53973619016412,8487729
2022-06-28,230.65478515625,230.9941672121413,227.85483613717997,228.15181224250156,11673046
2022-06-29,232.5214080810547,233.32744385340908,228.36393069229945,228.44876948668738,16635367
2022-06-30,232.05474853515625,233.07289471298512,230.78203220003644,232.4365365454252,20003893
2022-07-01,241.2605743408203,241.81206681830184,230.103264927556,232.05474535448027,36520000
2022-07-04,247.66644287109375,248.85429345250898,241.6423511768495,242.363548093442,41417701
2022-07-05,243.42416381835938,248.5997877519078,242.4484503928803,248.5997877519078,19283789
2022-07-06,245.46044921875,246.05437451682755,242.06660189699215,242.74536598329058,18997440
2022-07-07,247.70889282226562,248.72703900941576,244.7816990052252,246.9028570628217,14326277
2022-07-08,248.6422119140625,249.83006263342182,246.3937821160087,248.51494027339768,11538313
2022-07-11,250.2967071533203,251.9512115308867,247.79373416592824,248.599769933669,12828405
2022-07-12,248.34527587890625,250.59367890619419,246.8180161097546,248.59979228349496,14616684
2022-07-13,249.4906768798828,250.12700818356478,248.34525902104085,248.59977540835277,9634877
2022-07-14,246.77557373046875,251.44211047987065,245.33317986601148,249.7027674087541,13930984
2022-07-15,249.06640625,249.4482211313099,245.63015298900757,247.75131092037518,11450042
2022-07-18,250.55128479003906,251.39975351623775,249.2361622979718,250.29674148315235,11751684
2022-07-19,249.95733642578125,250.80580507409437,248.3452648171744,250.29671850705276,9542292
2022-07-20,253.0117950439453,254.11480694524707,249.10886088195596,250.21187278325772,16397373
2022-07-21,254.1572265625,256.40565643855683,252.84210415685135,253.69057282729588,16660697
2022-07-22,255.0056915283203,256.6601960000569,252.92696617265906,254.53903779989557,10351425
2022-07-25,255.47238159179688,257.0420474880511,253.52092760181753,253.69060522341252,11050533
2022-07-26,256.61773681640625,257.72074864777426,254.92082656460886,255.38748024513643,10114261
2022-07-27,258.0601501464844,258.7813471417001,255.04811741612986,256.9571382319894,9706094
2022-07-28,257.4662170410156,258.95104383009493,256.575342479782,258.6965005582375,11256515
2022-07-29,257.1268310546875,259.5449652101947,255.68443712966686,258.781335406266,17584873
2022-08-01,260.90252685546875,262.00553886116097,257.1692968212344,257.93289983265936,16501510
2022-08-02,262.9812316894531,268.66594198841216,261.4964317397,263.02366453297435,40483892
2022-08-03,261.4540100097656,263.7873055875137,257.63594130941976,263.7873055875137,18376724
2022-08-04,262.5994567871094,263.32065382141474,260.6055701764938,261.3267403205295,16514348
2022-08-05,263.744873046875,264.5509088770924,262.2600730322923,262.59945512447496,10477269
2022-08-08,265.6962890625,266.3750800407258,263.06607149908865,263.82967437547717,8627072
2022-08-10,264.04180908203125,266.5023761852095,263.6600210538475,265.69631350505483,9267241
2022-08-11,259.8419189453125,265.9508499218457,259.03588317622376,265.56903501324547,11305242
2022-08-12,261.7933349609375,262.51453183243063,258.35708194772474,259.8418816365106,6669853
2022-08-16,263.49029541015625,264.2963311353098,261.79335828016326,261.79335828016326,8941455
2022-08-17,265.187255859375,265.78118121807273,263.8721335015251,264.46605886022286,8283028
2022-08-18,267.81744384765625,268.1144199390537,265.22963226383513,265.569014303814,10264507
2022-08-19,264.7206115722656,268.24173100632373,264.04182050223625,268.24173100632373,10823811
2022-08-22,266.7568664550781,268.9628900632911,263.87210565318776,264.04178322904073,11793184
2022-08-23,268.02960205078125,268.11444084482474,264.80543208418464,265.52662905922335,9698555
2022-08-24,266.50238037109375,271.0416459497589,265.6114788807127,267.90234153713817,11783894
2022-08-25,265.0175476074219,268.453828070298,264.38121630446545,267.6477922857257,8057930
2022-08-26,265.48419189453125,267.6053499429559,264.72058898003723,267.053857455251,7224507
2022-08-29,266.0357360839844,267.2235599628373,262.04793599320465,263.0236763157559,11798961
2022-08-30,271.9325256347656,272.69612853216427,266.62960374215766,266.62960374215766,18516092
2022-09-01,269.47198486328125,273.12037590363923,268.11445651815694,271.08408338595274,13765474
2022-09-02,274.180908203125,275.11424239390976,269.8537537288708,270.40524616365155,26750910
2022-09-05,279.0171813964844,279.6535395795609,274.69002642236677,275.7506054673159,18144801
2022-09-06,277.5747985839844,279.9929057619507,276.9384404370111,279.9929057619507,12431779
2022-09-07,276.68389892578125,278.5505136483378,275.9627019847451,276.59906013573766,8397233
2022-09-08,279.9081115722656,280.5020369739865,277.87179206775534,279.1444816742229,11331350
2022-09-09,280.4171447753906,282.7928190396403,279.9928970605042,280.5019835622618,9770432
2022-09-12,280.75653076171875,282.0292201437466,279.9929009983427,281.68983810122353,9048240
2022-09-13,283.7261657714844,284.2352254054314,280.5019959352434,281.4353033027904,10925371
2022-09-14,284.5322265625,287.62909815011665,280.7989698733131,280.8414027174895,12739464
2022-09-15,283.4716796875,285.9746530827272,282.4535064337008,285.4231336068287,8742900
2022-09-16,281.095947265625,283.8958696274001,279.7383920388356,281.9868218751829,12973988
2022-09-19,284.744384765625,285.84739688680946,279.22937794024926,279.22937794024926,14918717
2022-09-20,285.08367919921875,288.1381444055758,284.2352106662829,287.4169474970936,9892945
2022-09-21,289.2835693359375,292.889553968105,284.65946546332907,285.08368629522374,21800547
2022-09-22,292.7623291015625,295.9016336736952,289.2412095855803,289.32604838745686,25111230
2022-09-23,293.9076843261719,296.5803614725286,291.277466907098,294.84099161846655,23718397
2022-09-26,282.1990051269531,293.5259680600406,281.47780799697057,292.5926604542452,16829922
2022-09-27,284.1080017089844,288.0958020043659,283.386804641424,284.23527336151096,10375837
2022-09-28,275.7082214355469,282.79286635563835,275.1567020029426,281.64744842530143,16151900
2022-09-29,282.5807189941406,284.1503845053013,278.0838597710169,279.1444387617436,18985406
2022-09-30,281.8594970703125,284.8715561955442,280.1201541333555,282.5806939469135,12906555
2022-10-03,275.2415466308594,282.5383559337637,274.2658331722687,282.4534902406312,9462192
2022-10-04,282.41107177734375,283.38678519272355,278.2960270021202,278.8899523763931,9142294
2022-10-06,285.6352233886719,287.88365330764236,282.1565367308051,284.2352621563399,23091432
2022-10-07,283.4716796875,285.80494857700336,281.0959779489977,285.7625157280045,10910698
2022-10-10,278.16876220703125,281.22322795270395,276.6415293341949,279.9929443291806,9750594
2022-10-11,276.8536376953125,280.3747571564123,275.8354645275837,279.14447354216315,11018577
2022-10-12,280.0777893066406,281.22323415422954,275.53852343376366,278.2536071442645,10735673
2022-10-13,278.8475036621094,281.09593338744793,278.29601116390967,279.95051554877637,7546587
2022-10-14,281.77471923828125,283.3019521043014,280.71414011214864,281.9444237301811,6672357
2022-10-17,281.9019775390625,284.02313569090956,279.6535477468832,280.9262372599377,7195922
2022-10-18,288.73211669921875,289.32604207994666,283.00500022741113,283.34438231778864,21691854
2022-10-19,293.8653259277344,294.79863337104103,288.30788722151016,291.10780955143014,16923690
2022-10-20,296.7076721191406,297.76825117172416,292.55019470373804,294.41680953384224,19186222
2022-10-21,293.2289733886719,299.6772868189587,292.2956659273252,299.6772868189587,28426343
2022-10-24,295.0107116699219,296.70764877666187,294.41678637158947,296.07129063906797,3292671
2022-10-25,293.8229064941406,296.5379901504789,291.5744765807541,296.4955573046579,17906260
2022-10-27,293.3987121582031,295.5622765758137,291.7442074851803,294.11988237055846,19273344
2022-10-28,293.3987121582031,295.7743870435813,292.8047867142905,294.88351232284856,13572499
2022-10-31,295.85919189453125,297.3864245947382,292.507750388103,295.2652665727693,14358449
2022-11-01,296.5379943847656,297.3864630814123,294.5865405837215,296.3258839331715,20422565
2022-11-02,300.9075622558594,302.2650905663757,295.6895056704918,295.6895056704918,17427813
2022-11-03,300.1015319824219,304.17414387918006,299.5076066130749,300.35607526789465,11149636
2022-11-04,300.0166320800781,302.0529512413714,299.0833247332908,300.3560410155152,8709851
2022-11-07,299.9317932128906,302.3499272582186,296.96216670558687,301.2044826045163,10437370
2022-11-09,306.0407409667969,306.67709914342777,299.6772667615574,299.93181003220974,21404869
2022-11-10,302.0530090332031,305.362018219568,300.4409372876355,304.5984151943989,20071989
2022-11-11,302.3499450683594,306.2528791521114,300.90755112409437,305.44681649600983,11372654
2022-11-14,294.5865173339844,302.8590125251536,294.07743077812114,302.34995285955847,18319254
2022-11-15,292.9320068359375,296.07131112129144,287.75635636940854,296.07131112129144,16046491
2022-11-16,291.956298828125,294.28956760127045,289.877546465465,293.31382724512946,7897812
2022-11-17,291.6168518066406,294.7985885772583,290.68354450514727,291.95623383534144,10379179
2022-11-18,289.36846923828125,292.50777368027974,288.3078901428437,291.61689907183046,8140173
2022-11-21,286.1018371582031,288.4775383927463,283.7261628139261,287.7139355046524,9553090
2022-11-22,288.68963623046875,289.32599435136825,284.82913533771836,285.9321471171892,6746019
2022-11-23,288.3078918457031,290.17450676225525,286.3564112400212,290.17450676225525,8067471
2022-11-24,289.1138916015625,290.59869140264954,286.39880836422697,288.3078558872429,8454385
2022-11-25,288.73211669921875,290.089671950998,286.6109584666575,289.32604207994666,7200274
2022-11-28,288.5199890136719,289.96238297928875,287.4169771181529,288.4775561710592,10284123
2022-11-29,290.4290466308594,292.71988240502225,288.47756604814566,288.47756604814566,10582296
2022-11-30,288.4775390625,291.99865808249206,287.629070492441,289.53811805250723,23425220
2022-12-01,288.0957946777344,289.91997683377264,285.7624990342661,289.91997683377264,17270904
2022-12-02,286.0594482421875,289.15634659950126,285.7200661727962,287.9260630689735,8711914
2022-12-05,285.7200622558594,287.5018382634382,283.5140384996567,286.48366517895465,10090597
2022-12-06,286.186767578125,286.9503706389579,283.47168368020493,283.47168368020493,6571118
2022-12-07,288.5624694824219,289.75029347867644,285.6352482254487,287.2049140877032,10191144
2022-12-08,287.12005615234375,290.30179362424616,286.35642625175734,288.6472890632461,6439244
2022-12-09,289.6654052734375,290.59871268365674,286.7806442482873,288.2654441581086,8445424
2022-12-12,291.1926574707031,291.87144854277307,288.5624395436589,289.3260425256171,11646572
2022-12-13,293.2289733886719,293.56835547550077,290.5138898037718,292.2956659273252,11105261
2022-12-14,293.05926513671875,294.7137695951809,291.65930396267674,293.56835170555905,7664099
2022-12-15,287.5018615722656,293.6531989684838,286.7806645423755,292.50778104584407,8469001
2022-12-16,284.32012939453125,287.5442727749147,281.09595912387766,286.35642198521447,12907968
2022-12-19,288.9017639160156,290.4714024115537,284.5321766719697,285.7624331444113,8113695
2022-12-20,288.6048278808594,289.28359202122505,285.7200668391714,288.51998908588064,5693354
2022-12-21,284.362548828125,289.5381731327225,283.8110562532934,289.3260626724235,7316532
2022-12-22,282.0716857910156,286.27156930728074,279.9080947667324,284.7867693372603,6838031
2022-12-23,277.1929931640625,281.60501372316077,276.04757535065187,280.75654512830334,10461859
2022-12-26,283.8959045410156,284.32015236605406,276.1749006744189,277.02334254395134,9934633
2022-12-27,282.66558837890625,285.4230776567746,280.12018263364325,284.74431354747776,6986433
2022-12-28,283.7261657714844,284.2352254054314,281.26559883129704,282.4110435107773,8035558
2022-12-29,284.5322265625,284.87160864510446,281.30805644235426,283.6837579108544,8417520
2022-12-30,281.3080139160156,285.7200341034306,280.4171394451391,284.574589496249,7228324
2023-01-02,282.41107177734375,283.38678519272355,279.69598819356304,280.7565672983169,6181118
2023-01-03,280.9262390136719,282.8352867403055,280.20504201070946,281.26562109325386,6228015
2023-01-04,277.4475402832031,282.11407728430135,276.5990716765669,281.56258479060807,6947412
2023-01-05,282.92010498046875,283.30191987610624,278.46567853549766,278.8474934311352,8486143
2023-01-06,284.2777099609375,286.3988683440139,282.6232053465271,283.98073380436574,8603181
2023-01-09,286.8230895996094,289.5806062569387,285.2110178314748,285.8897820611871,11027747
2023-01-10,282.8777160644531,287.12003234184647,282.15651907046407,286.6957845799462,7217255
2023-01-11,281.5201721191406,284.3201214106787,281.09595123056147,284.3201214106787,4760847
2023-01-12,279.8656311035156,283.04736802341336,278.380831297003,282.87769044623434,6894087
2023-01-13,278.93231201171875,281.9019383899516,276.9384257771048,279.865619317697,14967746
2023-01-16,280.1626281738281,281.8595385239895,277.91419843087994,280.2898998113737,8571826
2023-01-17,281.9019775390625,282.96255661498606,279.22932687262113,280.1626343082124,14240647
2023-01-18,283.93829345703125,285.55036502803495,282.02924576542426,283.38677405884465,13039078
2023-01-19,281.817138671875,284.7867654617728,281.3928909074505,283.38677741846726,8667564
2023-01-20,283.8959045410156,284.4049911749529,279.35663835598234,281.68990727774116,13608325
2023-01-23,286.5684814453125,286.90789037363754,282.5807088852788,285.0836816675179,7399204
2023-01-24,287.58673095703125,289.11396397972567,286.44131291257855,286.61099053161547,12776694
2023-01-25,287.8411865234375,289.32598624357445,284.4473124941001,287.54421044525157,12978859
2023-01-27,293.568359375,295.9864937498961,289.7502637894881,290.0048070805581,21850457
2023-01-30,292.5502014160156,298.44702215928777,290.0472283408259,294.33197749206926,14634225
2023-01-31,298.9560546875,301.20448427764336,289.3684379124326,293.5683209952064,17794183
2023-02-01,306.6346740722656,310.2830649667827,279.22932296558173,299.5075967647228,67003785
2023-02-02,321.2282409667969,326.403864253843,305.7862098950441,306.8043560384698,57892084
2023-02-03,322.96759033203125,324.3251185496889,315.62837609580293,324.0281693359263,23153980
2023-02-06,325.3008728027344,329.3735114120182,322.0767028112403,324.537269869911,26783409
2023-02-07,316.68896484375,325.7250896300786,312.6163531752021,325.7250896300786,21438758
2023-02-08,318.64044189453125,320.12524177355647,315.2465675020157,317.96165088186785,10821785
2023-02-09,317.5374450683594,322.4161195709826,315.7556689949735,317.3253346313471,12318006
2023-02-10,315.0769348144531,319.8283112385568,314.18603324787244,315.79813188111865,10674456
2023-02-13,317.4949951171875,318.30103086856315,313.9314431624316,316.47684894022876,10282470
2023-02-14,327.888671875,328.9068449329148,317.1131773170906,318.1737832158408,30246745
2023-02-15,329.5971374511719,330.1576679226677,326.44948650079726,329.2090652796974,12679568
2023-02-16,329.8989562988281,332.2273620190069,328.56228147159135,329.4246549728039,10151755
2023-02-17,330.6319274902344,331.62365824844454,327.0531039108078,328.60536506972716,7967611
2023-02-20,331.1925048828125,334.1676975795838,328.8209982383873,331.7530626940049,8105569
2023-02-21,329.6402282714844,332.7878791255196,329.1659269645161,332.01176213727604,8577674
2023-02-22,331.02001953125,331.92549387387686,327.69991050035287,329.4246300412966,9306194
2023-02-23,334.25390625,339.7730635557299,330.3732393743947,331.5374558356461,19555814
2023-02-24,332.0979919433594,335.46122933796937,328.5622689227143,335.46122933796937,13407431
2023-02-27,329.5971374511719,333.5640336540253,326.0614143293228,332.09800144908905,8455904
2023-02-28,324.85406494140625,331.3649527420199,323.3880602116682,329.85581977604465,16997837
2023-03-01,326.5787658691406,328.0447977238307,322.18069763601477,322.74122797359564,8065784
2023-03-02,323.8623962402344,327.4843212134342,323.12938013123113,327.26873467101,5212922
2023-03-03,331.9685974121094,332.356669529054,324.33664910026766,325.1127660032098,8495772
2023-03-06,334.72821044921875,338.4795199727342,332.22734654385846,332.78787699460906,11126980
2023-03-08,338.39324951171875,339.04003641351176,332.09797543504453,334.598839237063,9261146
2023-03-09,334.1676940917969,339.42813689578156,332.5723044881299,338.1345903151372,10005328
2023-03-10,334.598876953125,336.4960823043063,330.71820976683466,333.69340251949825,8684320
2023-03-13,330.8475341796875,337.09970743167725,329.8558306919474,335.6336753224757,9130473
2023-03-14,327.441162109375,333.2621343750582,325.28524240638916,332.6153748627302,10623744
2023-03-15,327.1824951171875,331.4081060043401,325.9751777208582,328.5622708095923,8748113
2023-03-16,328.9503173828125,329.72646164762585,324.9834215793122,328.21730135413816,16315136
2023-03-17,323.8623962402344,332.01177525909844,318.774411718077,332.01177525909844,50787703
2023-03-20,326.6650390625,327.1393403346496,320.8009381836736,321.9220263410037,10512002
2023-03-21,325.0696716308594,326.6650611683009,322.5688077238388,326.6650611683009,12057999
2023-03-22,325.75958251953125,326.7081851155626,322.698160870653,325.0696673607315,4958761
2023-03-23,328.2604675292969,330.0714436922185,322.8706672816555,325.11281653200797,10127917
2023-03-24,326.5787658691406,330.2869464050986,325.97510730138265,328.9934001401727,10317108
2023-03-27,327.87237548828125,331.4943275946929,324.5522663895454,325.9320420504929,11232922
2023-03-28,327.4842834472656,329.7264597565682,326.1045078701083,327.87235557744657,9523719
2023-03-29,330.0714111328125,331.14937107600696,325.24214184139754,327.8723630095542,10551626
2023-03-31,330.71820068359375,331.5805741825232,327.6999344337672,329.4246541006751,9877493
2023-04-03,326.7512512207031,331.14934714944366,326.40630734351794,331.14934714944366,7331070
2023-04-05,333.21905517578125,333.7795855891628,326.7512683146224,326.7512683146224,12055499
2023-04-06,334.038330078125,336.5822949482747,331.3218522485814,333.43467137499874,13394394
2023-04-10,335.0731506347656,336.3235962389909,331.796142451687,334.03831889161165,7044256
2023-04-11,341.4977722167969,343.3087482121327,334.5988394706166,335.0731407552796,18939829
2023-04-12,339.3849792480469,343.0500594617437,338.1345610164522,343.00693122477713,10122932
2023-04-13,341.1528015136719,342.0151748719387,339.51431126462745,341.06657237712915,6292395
2023-04-17,345.07666015625,346.6720224672601,338.82448631361916,338.82448631361916,11466474
2023-04-18,343.6536865234375,346.6719797998749,342.36014007094957,344.9472603068738,9860308
2023-04-19,343.8693542480469,346.1115036056961,341.4978201608352,341.5409484040227,10119480
2023-04-20,345.20599365234375,347.2325562475899,342.9638171942822,344.94727888172514,6924577
2023-04-21,352.0617980957031,352.7085850216558,344.1280333460661,345.205993335354,14801099
2023-04-24,352.4498291015625,353.570917198673,348.5691626608272,353.570917198673,6212135
2023-04-25,354.9076232910156,356.6323428269631,351.32877217565795,352.44986037223555,9180650
2023-04-26,355.5112609863281,356.15802052504404,352.751682560677,355.29564714247545,7914219
2023-04-27,358.74517822265625,359.9524956184329,354.4333381894397,355.46816995826964,13100076
2023-04-28,366.9808044433594,369.3091828721778,356.7617343086795,360.46991582908987,13208557
2023-05-02,366.03216552734375,368.23118634446615,363.22945871103417,367.3688402449391,10648421
2023-05-03,368.36053466796875,369.52475106941137,363.9624658109192,365.6440843931658,7607609
2023-05-04,366.1615295410156,368.2311930145085,365.6441000071677,366.7651882201884,8292456
2023-05-05,369.7403564453125,372.4568068586512,365.94594604814733,367.32572170858936,12890455
2023-05-08,372.0687255859375,373.7934724501675,370.2577769087297,371.68068077279236,7522610
2023-05-09,365.47161865234375,373.53476810451167,363.48818430101966,373.23295242687635,10377820
2023-05-10,366.80828857421875,367.670662019015,364.09183818751245,365.6009712176939,10130159
2023-05-11,362.5395812988281,368.5761681543761,361.2460347814821,368.4468107695465,16597954
2023-05-12,362.58270263671875,364.5230087103349,358.78826497218336,362.53957439894646,11564770
2023-05-15,368.9211120605469,369.6972290385542,361.3753921567857,362.194637373385,9503538
2023-05-16,365.6009521484375,370.81829345220825,365.212907349826,370.81829345220825,8302077
2023-05-17,368.7486267089844,369.9128158423285,364.4367867607991,365.77346151768853,9844782
2023-05-18,361.9359130859375,372.9310991903745,360.55613745867515,370.8183075120231,24919291
2023-05-19,362.06524658203125,364.86795322006907,354.73511388565686,363.01384909593236,26759905
2023-05-22,366.2909240722656,367.15327027486876,361.41852590660676,363.87628911069174,16015615
2023-05-23,370.0852966308594,371.85314442709114,365.81658497706684,367.3688462448959,9068926
2023-05-24,373.8366394042969,374.9145994733432,368.2312251804948,369.35231349144556,11921823
2023-05-25,380.4337158203125,381.5547766783347,374.9576595870935,376.81176382297446,18905572
2023-05-26,382.5464782714844,383.53820900402974,379.0107830185918,382.3739926667582,13496209
2023-05-29,387.28955078125,389.61795648566954,382.977710635322,383.7538549804455,20589822
2023-05-30,396.6940612792969,398.06075980006375,388.8465899847632,388.8465899847632,19627897
2023-05-31,392.81439208984375,398.5457120356545,390.1250920308218,396.16500689487293,14821960
2023-06-01,387.7003173828125,394.1370210863762,387.08309960226313,394.1370210863762,9142172
2023-06-02,390.9627380371094,392.28536752672613,387.7884831517181,387.9648430652818,9558309
2023-06-05,388.5379943847656,394.00478885145765,388.05303951544744,392.3735643160935,7427630
2023-06-06,390.4336853027344,391.1390690151177,388.317506220742,388.6701980769337,6703067
2023-06-07,391.4477233886719,392.94665691202545,390.3896197900168,391.4917924087194,7833952
2023-06-08,390.5218811035156,393.03484919494707,389.6401374232792,392.99075223023965,7294955
2023-06-09,386.5981750488281,392.1090385407523,383.6884458318554,383.6884458318554,7329661
2023-06-12,385.27557373046875,388.8025207793585,382.542176493777,387.9648739990424,9054977
2023-06-13,392.7262268066406,393.6079704879434,386.4658829976891,388.84658814272206,16732376
2023-06-14,391.93267822265625,394.79831026437284,391.2713634734976,393.4757087109002,9039402
2023-06-15,395.10693359375,395.68005441379864,392.15310761877413,392.3735365538048,7787525
2023-06-16,399.515625,401.71997024510654,394.9305745944466,395.9004842667059,12181426
2023-06-19,399.9565124511719,401.98452587577134,398.7661737553355,400.97051916347164,4350517
2023-06-20,399.2951965332031,401.0145589993537,396.9144913699615,401.0145589993537,4644353
2023-06-21,394.18109130859375,400.48553208235376,392.4176318908195,398.5457127503798,6292873
2023-06-22,394.71014404296875,396.4736314097722,393.1230165907835,395.0187389624948,6892713
2023-06-23,392.1531066894531,394.71014380840734,390.34555030370274,394.57788085873347,6325479
2023-06-26,392.99078369140625,398.0166923317774,391.49182210948834,394.04885942548816,5688287
2023-06-27,392.4617004394531,394.31335378452604,390.7423100436601,393.34344411970375,5052984
2023-06-28,396.2091369628906,397.3113096684264,391.9327091009996,392.37356700527516,12548096
2023-06-30,398.19305419921875,398.50164914384476,393.78433542362166,396.7822586020583,9456776
2023-07-03,408.46527099609375,410.84594822373344,396.8263269252858,398.19302545533765,11111199
2023-07-04,411.1986389160156,412.6535313723766,405.42327783509205,410.008300305656,8022597
2023-07-05,418.9138488769531,423.8075221771925,409.3910840683227,411.19864047327803,16878943
2023-07-06,417.85577392578125,420.94186288148336,414.85787890084566,420.89776591610007,9835812
2023-07-07,413.0061950683594,419.2665385039868,412.3007833984763,417.06219340460433,7605499
2023-07-10,410.7578125,415.210600305827,408.86206202643064,414.41702254158486,6772454
2023-07-11,417.1944885253906,418.4288961670022,410.89004764135507,410.89004764135507,8783282
2023-07-12,416.44500732421875,421.25045876818416,414.8137828842925,421.25045876818416,12816220
2023-07-13,416.1805114746094,420.3687733733142,415.29876771516933,417.85580505615246,8214385
2023-07-14,416.97406005859375,418.82571356446556,415.6073614272469,417.0622539956688,5277090
2023-07-17,416.48907470703125,419.53106669234575,414.9460442041412,418.38482504271707,6325310
2023-07-18,416.621337890625,418.12029937388587,415.29873632386034,416.66543485596026,5558415
2023-07-19,422.22039794921875,423.6311655117629,412.7417020883116,416.84176976869503,14401395
2023-07-20,433.9475402832031,435.3142389262866,419.9719868493442,423.1462420452844,21030102
2023-07-21,432.44854736328125,438.84115426116944,429.4065553495226,433.6388859893509,14510084
2023-07-24,415.60736083984375,440.60466916135977,412.7857975889099,435.0937776752237,40477929
2023-07-25,407.6276550292969,413.09442161717914,401.54364266044803,412.56536977340613,45211370
2023-07-26,416.40093994140625,417.06225474642486,407.4071983173887,409.9201666316123,18842179
2023-07-27,410.05242919921875,418.95797687745863,406.56955113754066,418.29669001792155,14528232
2023-07-28,413.05029296875,413.9320366591287,408.59753344133156,412.38900615959966,10362522
2023-07-31,410.6255187988281,414.15246561566977,408.68569944680746,413.5352478268591,8510403
2023-08-01,409.83197021484375,413.40298606230425,408.950226521892,410.8900458794789,6686176
2023-08-02,405.68780517578125,409.8319980193271,403.83615167841316,409.65563809083386,10715605
2023-08-03,402.11676025390625,408.9061279792718,400.57370181098145,405.6877760875922,11026824
2023-08-04,401.14678955078125,406.8340121262301,400.52957181348324,402.3371560086833,7097614
2023-08-07,401.102783203125,402.557647823029,397.6199051531631,400.39739937738614,9513953
2023-08-08,398.85430908203125,402.9544046394637,397.7080394977841,402.9544046394637,6638681
2023-08-09,404.4092712402344,405.5114438652784,394.0488317979139,398.8543111498685,10134166
2023-08-10,398.32525634765625,404.98238901293035,395.9004821797897,404.6296971289538,13702317
2023-08-11,395.6800537109375,400.2210071328504,392.15310692217804,400.2210071328504,12028396
2023-08-14,396.0768127441406,397.88436899489363,392.4176032810885,395.68002392475313,7854074
2023-08-16,397.00262451171875,403.3070648120905,395.1950682649093,397.6639392092551,15494896
2023-08-17,388.84661865234375,396.78225651702405,387.96487490185774,396.78225651702405,16896158
2023-08-18,389.4197692871094,390.9187309830503,386.64230280833857,388.84664838065794,20068497
2023-08-21,394.8424072265625,395.4596250108248,389.15518421837106,389.72833298258615,9940689
2023-08-22,400.52960205078125,401.32317974929236,394.1370232220497,395.9004826440001,10234488
2023-08-23,397.17901611328125,401.76403856600933,395.54779169239134,401.7199695458845,8770272
2023-08-24,397.5758056640625,399.86831689446626,396.16501017584454,397.31127976346886,6322751
2023-08-25,390.9186706542969,397.66396930020994,389.7724010734439,397.57580331548115,9628041
2023-08-28,389.1993103027344,394.0047899865427,388.8466183917457,392.3735654464792,7176903
2023-08-29,388.05303955078125,391.49182060438557,387.25948973948226,390.56600783372903,9845106
2023-08-30,390.4336853027344,391.49176087130934,388.40567219857934,388.8465579774507,7648569
2023-08-31,387.7003173828125,392.2853677447282,384.5260624956572,390.6100463718974,20666732
2023-09-01,388.8906555175781,392.37353326329537,386.46588136288614,387.9648428202756,11879159
2023-09-04,385.7605285644531,390.9187001502233,385.0110477755963,390.9187001502233,14128562
2023-09-05,390.6982727050781,391.932708368559,386.6422738029047,386.9949657146354,8701612
2023-09-06,394.5337829589844,395.4596236045077,389.7283315966505,391.4477219934921,13358433
2023-09-07,393.1671447753906,395.9005140826833,392.0208751014635,395.724182098908,8401953
2023-09-08,390.3014831542969,394.93060291197133,389.59609933204774,394.93060291197133,10322317
2023-09-11,394.3133850097656,395.1069627682871,390.3014830834986,393.25530927658383,9679540
2023-09-12,397.7962341308594,400.5737001941304,392.90258881017746,395.81231782358947,14961276
2023-09-13,399.8682861328125,402.9543748275861,397.7521070357045,398.7220166333701,12268130
2023-09-14,396.7381591796875,401.9845247095016,394.26931580340914,401.9845247095016,14986708
2023-09-15,395.3273620605469,398.63387991662444,394.1370234569155,395.0628361608855,15657801
2023-09-18,398.58978271484375,400.309173116776,393.431611509047,395.3273618255969,8513132
2023-09-20,399.3833312988281,401.2790535323377,396.3854085827855,398.28115876113765,10343224
2023-09-21,394.577880859375,399.91238403180046,391.93267775558206,399.25109722827455,11132308
2023-09-22,390.6982727050781,395.371489438992,389.9487919133328,394.5779116789628,7795399
2023-09-25,390.2573547363281,392.19717406361207,386.50997903087915,390.6982405483392,6005673
2023-09-26,390.1251220703125,391.93270653363413,387.7003477229867,391.13912877732025,5533023
2023-09-27,396.03277587890625,396.60589674176185,386.90679931722025,390.12512348770593,10894817
2023-09-28,388.6261901855469,396.7381600435319,387.6121834739812,396.7381600435319,10610213
2023-09-29,391.8445129394531,392.90261661546174,387.2594901595714,389.7283614771293,8474326
2023-10-03,387.74444580078125,390.5219120661356,387.30355995328506,388.8466185022516,7770032
2023-10-04,384.52606201171875,389.46380424989917,382.05719089262857,387.7444138594502,13912656
2023-10-05,384.48199462890625,388.40573054259727,383.60027882840217,387.9648726423452,10416552
2023-10-06,389.8605651855469,391.13909770977415,385.01101687608707,386.06909252228434,8742804
2023-10-09,388.3616638183594,390.78643817379213,385.54010058344306,388.80252172122107,5827256
2023-10-10,391.8445129394531,392.24130181795636,388.36166285884923,388.36166285884923,5207891
2023-10-11,395.23919677734375,396.29727243302307,392.19717687068186,394.3133561268852,7946195
2023-10-12,397.3994445800781,398.986572034128,393.3875429524582,396.4736318755676,12227957
2023-10-13,395.3273620605469,398.3693540169631,394.1370234569155,396.649963614009,7926432
2023-10-16,395.8564147949219,397.66397118708454,393.431612672195,395.0187401290674,4377288
2023-10-17,399.82421875,400.7500593993467,395.9004831074062,396.60586687701203,7203352
2023-10-18,398.2370910644531,404.0124800575382,397.66397024508717,400.52960228676164,7160492
2023-10-19,397.1349792480469,401.1028124607355,394.0048208274784,396.5618583409348,9830006
2023-10-20,386.46588134765625,395.90048001314057,385.6282346346906,392.37353324783265,13521824
2023-10-23,384.3497009277344,387.9207446466252,381.8808577610075,386.20135426141275,7555671
2023-10-25,381.5281677246094,386.2013844157009,376.5463560928988,385.23147468111733,11308597
2023-10-26,382.9830322265625,384.9669205734882,378.7506737448066,378.7506737448066,19525305
2023-10-27,382.4539794921875,385.1432795427069,381.0872809846565,382.98303128732067,13638258
2023-10-30,379.54425048828125,385.45187443929177,377.692597150259,383.1593632352452,7911426
2023-10-31,377.7366638183594,382.10128521111284,377.2958059550796,379.14745928157436,8952141
2023-11-01,377.4721984863281,380.11740178427897,375.17965915360094,379.1474920453739,8297973
2023-11-02,380.1614685058594,381.52813906932903,377.9571232846674,379.1915588441225,8465990
2023-11-03,382.01312255859375,383.0271292609687,380.1174000574718,381.6163616270962,14334179
2023-11-06,383.86474609375,385.1432786139572,381.39590292705253,382.23354963743043,7589690
2023-11-07,381.5281677246094,383.468015138623,381.0432128573176,383.468015138623,5321353
2023-11-08,385.27557373046875,385.7605286003805,381.1754778754311,381.92495866435775,7248663
2023-11-09,383.027099609375,386.2013544847034,382.58624174413,386.0250225165432,8085620
2023-11-10,384.9228820800781,386.2013867630515,381.3518380606581,383.02713162242185,4236307
2023-11-13,384.4378967285156,386.5540480245854,383.5561530493976,386.5540480245854,3888975
2023-11-15,389.6842346191406,390.16918945183164,385.7604989928791,386.2895507903037,7722827
2023-11-16,386.7745056152344,391.93267680548666,385.84866496975997,389.684234611322,11276031
2023-11-17,387.30352783203125,389.28744411911,386.46588111956004,387.30352783203125,6911592
2023-11-20,385.143310546875,388.2293996921755,383.1153250770185,387.832610813884,4502356
2023-11-21,384.6583251953125,387.3476252492101,383.99701045056537,385.4518749441646,6228803
2023-11-22,387.7003173828125,388.3175351633618,383.37979291896715,385.31964018986827,5074887
2023-11-23,388.2734680175781,389.94878951907117,386.42184247857244,388.80251985434927,6611803
2023-11-24,386.0250244140625,389.94876003547023,385.18737769907284,388.8465874220955,7084608
2023-11-28,383.776611328125,387.08312941901437,383.46801638650174,386.20138567247454,9082513
2023-11-29,385.4960021972656,386.64227186327514,382.8067019320691,384.43792646738143,14316126
2023-11-30,384.26153564453125,386.5981438118981,383.11529401552866,385.05511333677407,15710110
2023-12-01,396.6058654785156,397.61987210927634,385.67233325364487,386.11319112188283,20081576
2023-12-04,400.353271484375,402.4253537779579,397.66397140473475,401.1909182058432,13293194
2023-12-05,398.32525634765625,403.65978746180724,396.87039184693634,401.1909163291269,12603697
2023-12-06,408.46527099609375,409.56744362422006,398.6338833286502,400.2210107953583,21203900
2023-12-07,403.92431640625,409.831968383296,403.3070986184266,409.78787141814973,11746535
2023-12-08,396.03277587890625,407.01043387871886,395.45965501605065,405.55554132019086,19386851
2023-12-11,398.9424743652344,399.9564809977906,396.1650083117594,398.10482764719234,6854157
2023-12-12,399.515625,405.5996089341438,398.8543102485301,400.4855346722593,10549319
2023-12-13,401.7640686035156,404.5856318410862,399.51565417402054,402.3372174115911,11718443
2023-12-14,405.68780517578125,406.4813829367305,396.2973026736294,405.59963918395806,14924265
2023-12-15,404.0124816894531,408.20074324634294,401.19091865642844,407.2749025937947,16397959
2023-12-18,398.2370910644531,402.0726607198276,397.09082148087657,401.19091703591056,12490839
2023-12-19,402.1608581542969,403.83615172335817,398.58981411932143,399.7360837925379,10664235
2023-12-20,397.6639709472656,404.9382934765252,396.16500947644437,404.7178645413679,10766954
2023-12-21,398.060791015625,400.0887765009009,391.888612678095,395.900514625066,11584223
2023-12-22,401.3672790527344,401.9844968402244,397.2671834762267,399.4274317600194,11450973
2023-12-26,402.469482421875,404.6297308706893,400.9264238628531,402.1167905084878,6097422
2023-12-27,403.0426025390625,404.27703820604734,400.0887763319808,402.9544365470913,7833901
2023-12-28,409.2147216796875,409.7437454998367,402.1608006108841,403.1307102168076,21493169
2023-12-29,407.4512939453125,412.5653686044719,406.78997914247,409.21478145632807,13384631
2024-01-01,412.6976318359375,414.37295335595604,407.93624908688645,408.6857298823177,9706230
2024-01-02,414.7256164550781,415.6073322050578,408.7738674736452,414.4169935867092,10924918
2024-01-03,420.8096008300781,423.8515928269022,413.84387314079436,414.63742290547475,24961710
2024-01-04,420.0600891113281,424.5128762817951,418.1202698908769,423.2343438256743,12240910
2024-01-05,417.89990234375,422.7053820832455,416.18051179222624,422.7053820832455,9564086
2024-01-08,410.44921875,419.2666004502911,409.61154401480087,418.82571459836834,8311403
2024-01-09,409.61151123046875,414.37292155899934,408.8179614722768,412.2126453306293,5916180
2024-01-10,408.5093688964844,411.55138903884136,405.64373662767423,409.6115416025299,6123200
2024-01-11,407.93621826171875,411.3749990892165,406.5695197347844,409.21475080316065,6786448
2024-01-12,411.5072326660156,412.3889762925345,405.9082039521272,408.46524090764194,9714589
2024-01-15,412.3008117675781,414.8578768502671,410.97821020591323,414.4169910331489,7167978
2024-01-16,416.44500732421875,418.8256845634594,409.34701668229076,412.4771746656909,12531058
2024-01-17,411.4190979003906,420.5891708332484,410.18466231857855,415.651428506,11536527
2024-01-18,410.44921875,412.5213012139807,400.7941623145097,410.2287618516151,9495938
2024-01-19,415.7395935058594,417.06222301526753,411.2427370084064,413.1384873419948,12673308
2024-01-23,404.982421875,417.7235394762181,402.42538455004734,417.7235394762181,8728196
2024-01-24,408.7738952636719,412.12451035385544,403.9243465297125,405.6878060944037,22459072
2024-01-25,401.7640686035156,409.9642323963227,398.63391042262094,408.7298246781795,20435547
2024-01-29,396.6058654785156,403.17483215123497,394.5778801618387,401.98449355111694,18557346
2024-01-30,386.24542236328125,400.0446134334154,385.6723015926522,394.1369899377166,45190319
2024-01-31,389.3315734863281,390.1692202685137,386.8186051949246,387.96487486493197,20648695
2024-02-01,390.5218811035156,394.7983086105753,387.3476262105403,389.72833135269406,19903526
2024-02-02,388.05303955078125,394.31338382927,387.52401565819747,392.37356435182073,17816750
2024-02-05,386.24542236328125,391.183164217446,384.9228209222992,389.72829983788154,12505666
2024-02-06,380.38189697265625,388.7583920360094,378.70657560411007,387.96484228867234,19487043
2024-02-07,380.7345886230469,383.5561516187938,379.8528449472176,383.5561516187938,13376903
2024-02-08,371.1029357910156,384.12800816758073,365.7765333782061,384.03849666697397,50039587
2024-02-09,371.953369140625,379.74157904258544,365.77653649119355,367.11932249698526,33527317
2024-02-12,364.2099304199219,374.1913565530827,363.4937816638938,373.7885122385735,11326971
2024-02-13,364.12042236328125,367.74596448553467,361.0320059987887,364.25470380272145,16207766
2024-02-14,368.4173583984375,369.04399563612463,362.01670458696765,363.4490304322448,12618012
2024-02-15,361.56915283203125,371.10296536010526,360.8977455956946,369.7154093192213,21169031
2024-02-16,362.19573974609375,366.6269417755661,357.5407164214317,362.55381409855795,38963810
2024-02-19,366.3583984375,369.4915846526361,362.1957590434242,362.5538334149661,17602580
2024-02-20,363.5385437011719,367.4326485808488,361.9271948494633,367.4326485808488,14626643
2024-02-21,361.0767822265625,367.1193336213837,359.24161197934507,364.3442216530248,20162369
2024-02-22,371.0134582519531,371.64009555619225,361.1663127730457,364.2547293541822,19321180
2024-02-23,368.2830810546875,372.3114390234385,367.477392438148,372.3114390234385,11576964
2024-02-26,366.31365966796875,369.7601503452562,364.6127709260232,368.0145200385987,8289561
2024-02-27,368.05926513671875,369.49159101888046,365.73176749593637,367.0298119400418,8083518
2024-02-28,365.5079650878906,369.1335070788597,364.1651791134282,368.05925560223767,8949664
2024-02-29,363.7175598144531,367.9697389838581,362.10621099325186,366.1345972319124,15468800
2024-03-01,366.58221435546875,369.84968221119516,364.79184238551517,366.0451169501413,12873024
2024-03-04,366.22412109375,369.6706401545669,365.6422537799073,369.044002904538,7103794
2024-03-05,363.58331298828125,368.2831068378252,361.61388961617246,366.7164994308714,10108373
2024-03-06,365.10516357421875,366.9850755073165,358.704537384896,363.8966588926982,11534613
2024-03-07,370.2077331542969,371.46100763953405,361.34530025763866,365.10512371335005,23907135
2024-03-11,366.4927062988281,374.4599396612226,365.2394317224076,373.11715357829127,18298683
2024-03-12,362.06146240234375,363.89660411866976,357.4959505214604,363.89660411866976,36226074
2024-03-13,378.1749572753906,392.09522935851203,377.01122268812105,389.409657449551,105525827
2024-03-14,375.6684265136719,380.9053175233625,374.1913590552437,377.72738966516533,31949569
2024-03-15,375.1760559082031,383.6356443794862,371.7295653076996,373.47519557546644,76074975
2024-03-18,373.698974609375,376.6083677378852,373.20661882761476,375.08653045923944,16547358
2024-03-19,366.626953125,375.57889732766563,365.86603446321567,374.1913414368421,21803126
2024-03-20,372.1324157714844,372.9828459519357,366.62696200946334,367.02980631746095,20364534
2024-03-21,377.1007080078125,377.7720867527884,372.5799662911985,375.08651503025925,19968509
2024-03-22,383.680419921875,384.62036160072563,377.10074305597453,377.10074305597453,40358503
2024-03-26,382.8299865722656,384.2175424825222,380.9500748588195,380.9500748588195,10669833
2024-03-27,383.143310546875,383.9489991957222,381.75575456584926,382.24811039415033,12698464
2024-03-28,383.4566345214844,387.84306693740666,382.24810157609323,383.1433017081666,29009002
2024-04-01,381.97955322265625,386.14219254747997,381.1290946866631,384.127999416165,9743648
2024-04-02,381.2186279296875,383.76991837937226,380.0996349174438,383.76991837937226,9194659
2024-04-03,380.6367492675781,383.8594753883552,376.87695414075034,381.3529263895928,13152268
2024-04-04,378.44354248046875,382.561440456257,375.89225185348187,380.9500915414978,19065447
2024-04-05,382.740478515625,386.4555320406198,375.9369803377719,378.21973637562843,16768902
2024-04-08,384.1280517578125,386.18701510462495,382.9195470628775,383.4119029290598,8844633
2024-04-09,381.6662292480469,386.2764829149658,380.9500805003139,385.3365412299807,6967273
2024-04-10,391.15533447265625,391.9162532244859,381.12913762155324,383.4118938770422,14547618
2024-04-12,385.023193359375,390.08106107425925,383.411844554351,389.4096539174515,18785009
2024-04-15,381.2633972167969,384.1727906087181,378.5778251406515,383.14330901862525,9083087
2024-04-16,381.2633972167969,382.24810886947125,378.8463880225293,378.8911295886313,10357752
2024-04-18,374.9522705078125,382.1585846561629,373.87804738734405,381.35292440864043,22133191
2024-04-19,380.2339782714844,381.5767644305929,372.4010259101458,374.19139799851746,17221280
2024-04-22,380.7262878417969,382.7852225858655,378.9806575358475,382.24809683901475,7386048
2024-04-23,384.217529296875,385.3812638619412,380.5472174952533,380.72626885904805,12484384
2024-04-24,383.9490051269531,385.6498655834832,383.4118793527575,384.2623095810225,6070285
2024-04-25,391.69244384765625,392.36382269137283,384.0385150815419,385.82891540742,30337038
2024-04-26,393.8856506347656,396.83978556705586,390.662952822937,393.2142434359195,15342965
2024-04-29,392.2742919921875,396.07885703437194,389.05159426034965,395.67604109637887,12075706
2024-04-30,389.99151611328125,394.3332066804385,389.4991603284896,393.84085089564684,12528665
2024-05-02,392.9904479980469,396.2131457894124,389.27539438775926,390.3048759623476,24123523
2024-05-03,390.70770263671875,393.93042888789734,386.14221870213413,393.93042888789734,23786388
2024-05-06,389.1858825683594,394.2884921290817,387.93260805370363,392.0952475427761,10753860
2024-05-07,394.1989440917969,399.25681198237896,389.5886904450738,391.11052780582645,26969062
2024-05-08,394.7808532714844,398.09306260698986,392.27430420837044,395.00464621540885,10916481
2024-05-09,380.5472412109375,395.22843258972705,378.9806622581897,393.930416513751,24314298
2024-05-10,387.9326171875,390.6181892842415,381.8005259086496,381.8005259086496,14524604
2024-05-13,386.5898132324219,389.8125109477641,384.48608019612794,387.8430593472191,7584217
2024-05-14,384.6651306152344,387.88782832259807,383.6356490674802,385.38127935657843,11423749
2024-05-15,382.96429443359375,387.84308286683984,382.02432432634987,385.60509663039625,7856433
2024-05-16,386.2317199707031,387.2612015462776,378.5778198017074,384.9337038883544,23911954
2024-05-17,390.57342529296875,391.64764839572535,383.9489785643487,387.08216474486596,11894830
2024-05-21,389.2306213378906,391.28958447059944,387.7983238293244,390.30487284063116,11175153
2024-05-22,393.796142578125,395.63128444260855,389.7677560924288,391.51338645338825,11036895
2024-05-23,395.0941467285156,398.2721029063194,390.79722586221516,395.13891666458176,27244733
2024-05-24,390.4839172363281,396.0788828819043,389.6782569364502,394.78086674006835,13252938
2024-05-27,386.2764892578125,392.90093621140824,385.56034049832,392.81142470930064,12282545
2024-05-28,384.0385437011719,387.17173031929394,383.36713643610324,386.81365590169696,9668761
2024-05-29,385.78411865234375,387.08216305407205,380.905302219086,380.905302219086,10832067
2024-05-30,379.4282531738281,385.78413731361627,378.0854671434653,383.59092107640083,21314885
2024-05-31,381.7557373046875,384.53084914126174,379.7863140805311,382.02430017549347,29300711
2024-06-03,385.24700927734375,389.3201656528504,383.725200249957,388.514477016602,16116836
2024-06-04,378.535888671875,388.6557312027862,367.2764561221505,388.3822180405629,47791986
2024-06-05,392.3025207519531,397.499184347516,381.13424920337036,384.7354289238378,28197030
2024-06-06,396.9521179199219,399.04900387392235,393.0318302625804,397.4991442097778,32318523
2024-06-07,400.37103271484375,402.6502707286166,393.0318874662661,393.30540065100246,29543660
2024-06-10,398.3196716308594,402.05763661284067,397.36240447731143,401.14593572253284,11872688
2024-06-11,394.7640686035156,399.1402214325666,394.0803145887873,398.4108722591482,13158571
2024-06-12,394.1258544921875,396.04041761505835,392.2112913693166,392.5303996702627,10751658
2024-06-13,392.3025207519531,398.3196949708831,391.8010895670423,398.3196949708831,9641349
2024-06-14,393.0774230957031,393.7611770597148,391.1628599867876,392.9406665240471,9572809
2024-06-18,390.8893737792969,395.8581191738071,390.38794261342787,394.7640665251691,14641141
2024-06-19,386.23974609375,392.71275624893684,385.6927197561344,392.0290022211883,11329972
2024-06-20,385.9206237792969,388.8380493170652,384.2795737201941,386.6044066765355,15147549
2024-06-21,382.54736328125,387.74402663160475,381.5900672225091,387.47051347196447,26176371
2024-06-24,385.9206237792969,386.5132163607238,382.9120368199867,382.9120368199867,9723008
2024-06-25,385.9206237792969,386.5588115186297,382.68411881899715,385.64711062040146,10655609
2024-06-26,386.5132141113281,388.74688563312844,384.7810026407644,385.6471083760463,11511714
2024-06-27,388.0175476074219,389.5218411214756,383.9149079187151,386.51322519909763,38438054
2024-06-28,387.3793640136719,390.2055993306075,386.1029884921122,387.9263614555754,18554411
2024-07-01,391.1628723144531,392.25689602791135,387.1513942432347,388.6557165788598,13391362
2024-07-02,387.9263610839844,392.6215934135948,385.2368534593977,392.0290008128207,11177863
2024-07-03,390.4790954589844,391.70987576739714,387.9263445272619,388.4733708395652,7435499
2024-07-04,391.1628723144531,393.3965148981146,389.33947056442025,392.0289780327245,9478861
2024-07-05,395.356689453125,395.67576888063064,389.84091771413347,391.1172932126966,13427543
2024-07-08,404.4280090332031,405.29411470865244,395.3566536768295,396.7241904746056,21311436
2024-07-09,412.6332702636719,414.8213465379182,404.79269491641344,408.07479488064865,27489709
2024-07-10,411.5848693847656,415.1404827339749,407.0719599600082,413.6361603295421,12065662
2024-07-11,418.1490478515625,418.9239921454672,409.0776632126487,410.26287723172686,19556596
2024-07-12,418.51373291015625,422.3428593192128,415.5963073929136,418.14905833228465,19693114
2024-07-15,422.4796447753906,425.2603139042144,416.82711619633983,418.5137615167691,16876907
2024-07-16,424.4397277832031,425.53378036576675,420.6561966884638,422.52516465798533,13497253
2024-07-18,428.7247009277344,429.31732238979913,421.7958262702707,422.1149345797316,21907158
2024-07-19,432.6449890136719,437.0667368269077,427.94975694190003,429.40848412543824,25939326
2024-07-22,425.3514709472656,437.1123351198066,424.7132831753787,432.6906158768297,18762384
2024-07-23,448.7364196777344,453.4772470105013,425.21469253973703,425.3514491191427,56125835
2024-07-24,450.4230651855469,465.55721919731405,447.3233168036432,452.2008718247006,43693692
2024-07-25,446.68511962890625,452.20086227300567,441.8531309735649,446.7306858915952,18567567
2024-07-26,457.8534240722656,461.6825218161174,444.36031941248064,450.42308880903994,21534703
2024-07-29,452.2464904785156,461.50019873560984,450.42308858670805,460.8620109629043,12978187
2024-07-30,446.6395263671875,453.8419142238035,445.4999074868191,452.47437734621525,13891052
2024-07-31,451.6082763671875,453.97867557287424,447.1865573764219,448.9643640042543,11982586
2024-08-01,450.10400390625,452.88467297760064,447.59681911064166,452.155294892808,12114803
2024-08-02,445.9101867675781,455.3462174298525,441.9898988909283,441.9898988909283,22141163
2024-08-05,443.08392333984375,448.4629384481495,437.20347706841375,437.6593419676077,25022076
2024-08-06,443.3574523925781,448.28060277815945,441.3061325083515,443.31185723274336,14251363
2024-08-07,449.1466979980469,451.8362055853885,444.99849206153243,446.73070357474273,11320399
2024-08-08,451.0612487792969,454.02426944874264,449.00992900000904,450.3774947823807,21349889
2024-08-09,452.1097106933594,454.02427391323624,449.55695973352357,454.02427391323624,9556181
2024-08-12,450.92449951171875,455.84764972526483,448.5541002742936,448.5541002742936,9425644
2024-08-13,446.7306823730469,453.8875038800431,445.13522751757506,452.15526355477385,8056478
2024-08-14,448.7364196777344,454.93597422607183,446.6395336172972,448.5085016768149,9609981
2024-08-16,458.2636413574219,459.67677341741495,449.1466901515516,450.833335370804,13643352
2024-08-19,457.16961669921875,464.32640951224664,455.4829714833437,460.1782036565068,10591508
2024-08-20,454.75360107421875,458.94740189187496,453.75073880198227,456.7593256186916,6888634
2024-08-21,460.7708435058594,464.0529437527386,454.9815584669918,455.84766424126957,8801221
2024-08-22,459.9958801269531,463.5970596598946,457.16961601684477,463.0044670797505,8686423
2024-08-23,461.135498046875,462.18392662579055,455.80207815406663,460.45171515256504,8195369
2024-08-26,461.0443115234375,463.1412264870548,457.67104997039354,461.31782468341106,8126402
2024-08-27,456.3946533203125,462.77653044282096,455.847627025735,462.73093528684996,8260450
2024-08-28,453.3861083984375,457.94458422323976,452.65675920109425,456.2123437617104,8081932
2024-08-29,460.497314453125,462.86771368427515,453.4316541292554,454.02427560774544,19389694
2024-08-30,457.57989501953125,464.1896905333773,456.0300063539427,457.6254612839912,15523349
2024-09-02,465.0102233886719,467.6085696752679,458.85629248475635,459.49448026617716,16497266
2024-09-03,464.4176025390625,470.3892102248928,463.0500656317912,465.0101951235504,12481552
2024-09-04,461.6369323730469,465.0101939214988,455.8020812824538,455.8476475462073,8739052
2024-09-05,466.05865478515625,466.6968425307686,462.27512346983656,463.4603086443522,11318636
2024-09-06,457.3975524902344,466.7880172017965,453.2493464731528,466.7880172017965,14245025
2024-09-09,466.5600891113281,467.38059970737794,456.16676226622855,457.67105577087847,14265060
2024-09-10,468.2467346191406,469.52308122545986,463.8249866314957,466.6968459549575,11332248
2024-09-11,468.9305114746094,473.6257439602737,466.74243495355415,467.69973107275973,15497555
2024-09-12,473.6257019042969,474.5374027816373,463.6426451989518,469.61425271712204,19085324
2024-09-13,468.4746398925781,474.0815440167886,466.7879946924352,473.6257080193676,9165077
2024-09-16,465.9674987792969,471.3464850740398,464.69112327323506,470.34362273274417,7821668
2024-09-17,462.9132995605469,468.20112423719047,461.5457337870447,465.9218864737128,10889862
2024-09-18,462.5486145019531,467.15268536936793,460.4973235485926,463.0044794093549,5638729
2024-09-19,463.369140625,469.34074825372676,462.685357730768,464.96459551918156,14461616
2024-09-20,468.97607421875,471.6655817468218,463.14122316210313,466.78799784894,24725118
2024-09-23,471.3009033203125,473.580141232498,468.2467499449426,469.93336635185545,8105508
2024-09-24,469.7510070800781,472.07581107793266,468.74814478800965,471.34646193720454,7015487
2024-09-25,471.847900390625,473.44338416672934,467.061506850851,469.978932353214,8802667
2024-09-26,476.5887451171875,477.50044603773256,471.3464864947561,471.93907909068867,16086557
2024-09-27,476.54315185546875,481.83097676370437,474.30950915137026,474.30950915137026,17916386
2024-09-30,472.3949279785156,478.047427263378,468.6569629993216,474.6285705979751,10936940
2024-10-01,470.6170959472656,473.8536007022903,468.61137143493846,472.39490247305895,5285319
2024-10-03,467.4717712402344,470.161249819359,463.2323751658065,463.6426448944806,16481353
2024-10-04,459.0841979980469,471.6656015344404,457.260796130997,464.9646155648812,18930962
2024-10-07,465.14697265625,469.47753046957075,462.00162895956305,462.2295469719965,17114457
2024-10-08,463.09564208984375,467.28944322025905,461.317835402975,464.964610200732,9868331
2024-10-09,448.28057861328125,464.7822693286866,447.2321211477684,464.7822693286866,24874940
2024-10-10,448.5997009277344,451.88180111030306,446.22927276700216,451.60828794604396,13292273
2024-10-11,445.08966064453125,450.3319193215231,444.3603114582125,449.4658135509857,14949380
2024-10-14,453.0669860839844,454.9359830741221,445.4999233829581,447.64240464295625,6970606
2024-10-15,454.52569580078125,455.3006401045124,450.83332601593787,454.024264650634,8347216
2024-10-16,449.64813232421875,454.79922952979206,448.87318798542856,452.2008833474638,6939430
2024-10-17,445.72784423828125,451.2891822969338,444.9073336349127,451.2891822969338,7669729
2024-10-18,443.7220764160156,448.1437951165415,436.1550144021536,445.5910443421621,22616838
2024-10-21,440.9414367675781,444.54264518224113,435.1977471460307,443.72210571019014,7680088
2024-10-22,439.2547912597656,445.27199403454927,438.34309036731116,440.94143646609285,12772970
2024-10-23,437.932861328125,440.62234002608295,437.15791699336745,438.5254539217694,10553961
2024-10-24,430.04669189453125,439.80183106506763,428.4968032192426,439.43715647575334,13596626
2024-10-25,439.71063232421875,449.9216066412517,432.3258930580839,433.78459129154515,32154050
2024-10-28,441.39727783203125,442.9927616367931,433.96697181201,439.3915531808061,8946214
2024-10-29,444.8617248535156,446.00134374693727,438.7989558078247,442.1722173304157,7131161
2024-10-30,448.1438293457031,449.6937179905663,443.5397585692342,444.861729212034,6640080
2024-10-31,445.6366882324219,449.46581481275115,441.89872307707066,448.55411388015784,8111694
2024-11-01,447.00421142578125,448.6452614962307,446.09251052124927,447.6423991695266,1517892
2024-11-04,441.80755615234375,449.87605007209993,437.20348528133655,449.87605007209993,8754385
2024-11-05,437.7961120605469,442.21783124301106,434.8330912542778,440.30326795355165,7610046
2024-11-06,438.61663818359375,441.62525425585875,435.79040275620883,437.7961275415375,11749720
2024-11-07,435.69915771484375,440.0753102371216,434.0581077425567,439.20920454261847,9267980
2024-11-08,435.8359375,438.2519318787487,432.69059396011545,435.6991809205033,6325023
2024-11-11,434.8330993652344,438.98130545597087,432.2347819988186,435.83596174114274,5700343
2024-11-12,431.09515380859375,435.74479098776305,429.545265117447,435.4257115541998,5236095
2024-11-13,430.5025329589844,432.7817708396454,426.9013532883317,428.54240340663677,11548660
2024-11-14,424.8044128417969,431.1862900835361,421.4311513821743,429.59083522023593,12087836
2024-11-18,425.3514709472656,426.49108990461576,421.20326487713623,424.8500397618024,8448573
2024-11-19,426.0807800292969,431.9156308531127,425.0779177527912,426.67340147942747,7121472
2024-11-21,416.7815246582031,423.0722117400087,415.1860408616483,420.2915427797919,20313155
2024-11-22,432.7361755371094,434.4227918075198,415.27718911581206,415.9153768353446,20214206
2024-11-25,434.69635009765625,439.61950063345034,430.684900526477,436.7020748832458,14427013
2024-11-26,434.8786926269531,440.0297610711077,432.2347801116228,437.6137665685303,6791715
2024-11-27,434.8330993652344,437.7049588001279,431.23191962291025,435.33453055318853,7339184
2024-11-28,432.964111328125,441.0782002838839,428.9982282727063,434.8786745654213,14967609
2024-11-29,434.6507568359375,436.6108863385638,430.8671966230568,431.4142229467061,8668142
2024-12-02,435.0610046386719,436.9755679077777,431.5965815849029,433.966980868156,5689595
2024-12-03,430.8216247558594,431.5965690728606,421.886996425715,424.85001711458597,23073942
2024-12-04,425.8528747558594,435.97268813501296,425.2146870249997,432.5082652197201,13957078
2024-12-05,426.2175598144531,431.0039534664892,421.6590841659863,426.26315497287504,27432375
2024-12-06,429.5452575683594,433.009709482812,426.3999139761327,428.49680007286037,7842234
2024-12-09,423.8927001953125,430.3201724154078,422.0693273870647,429.86430754264455,12154116
2024-12-10,424.34857177734375,425.26027264301655,421.75022575488975,424.25741035905713,9163636
2024-12-11,424.1662292480469,426.8557367471317,423.6647980951895,425.94403586168113,7005617
2024-12-12,419.9268493652344,426.5822107292306,418.60487878705237,424.39416334324943,13380617
2024-12-13,428.4967956542969,432.508273854474,411.76718663458706,419.3798443995844,32976794
2024-12-16,428.58795166015625,432.50826838863884,426.67341734781934,428.7247082387903,9354160
2024-12-17,428.0865173339844,433.7846117539849,422.1605049160377,428.4967870668491,20608409
2024-12-18,428.9526672363281,431.9612542626298,425.67053815077026,430.9583919205292,12841386
2024-12-19,425.3514709472656,432.46269786421396,424.2118519899155,427.5851137017342,15161531
2024-12-20,423.6192321777344,426.17198310137036,418.74164832844355,425.3058484782107,20231570
2024-12-23,432.3714904785156,435.5168338433801,426.3086928429072,429.590821673927,19562956
2024-12-24,436.20062255859375,437.84167265770424,430.9127976719345,432.96411751939024,12009880
2024-12-26,434.8330993652344,439.3004137906353,433.9669935764291,438.11519966716565,9188830
2024-12-27,436.3373718261719,439.3459877026604,433.96697258814555,437.38582931183106,16906420
2024-12-30,434.8786926269531,438.93573727333114,433.96699168167027,438.2975495010603,13578360
2024-12-31,440.9414367675781,441.853137660656,432.6449962031207,436.20060946013535,13787501
2025-01-01,441.2149658203125,443.8588782795,439.57391571135923,443.08393393717887,18931186
2025-01-02,445.8645935058594,446.7306992540878,439.7106629516162,442.49133193531964,27131131
2025-01-03,439.0724792480469,447.6424042811121,437.47699542332975,446.9586213713376,38500784
2025-01-06,419.10430908203125,437.18833703154587,417.77878443999913,431.36547703293587,22009958
2025-01-07,417.63677978515625,423.7910283252627,416.7373011331246,421.8027268642203,14294780
2025-01-08,425.63726806640625,428.0042866384456,413.84953291421215,419.43569096537107,13482926
2025-01-09,426.1580505371094,436.1468578467629,422.32346292445044,425.4952737464954,19732649
2025-01-10,421.234619140625,427.95695766150703,418.96228709118776,426.01601399088287,9145729
2025-01-13,415.6957702636719,420.3824783707832,411.8612119173213,411.8612119173213,17799607
2025-01-14,413.3761291503906,418.0154797721792,412.6660235788637,417.54207605782796,18048459
2025-01-15,414.08624267578125,418.2995184778754,412.19262778200317,413.37613709061446,9786805
2025-01-16,409.82562255859375,416.0745576911416,408.1687094723871,414.74900410675934,15774070
2025-01-17,416.78466796875,418.2995368348359,409.4942387500577,409.96764249427747,11270061
2025-01-20,414.4176025390625,417.7314283751026,412.8080184324215,415.6484405775987,8742771
2025-01-21,414.27557373046875,423.2229153783908,412.0979282291825,414.7016486258057,15686500
2025-01-22,413.7548522949219,418.4415606921262,413.32877738816876,416.50058809880306,9619648
2025-01-23,416.78466796875,418.3468945458208,411.00913651041515,411.8612574711563,8888248
2025-01-24,418.11016845703125,421.32930795242055,415.69579216478695,416.0271805454013,9665384
2025-01-27,416.68994140625,421.3292918750087,413.3287578086634,417.3526892479191,10480203
2025-01-28,412.2873229980469,418.2995272971351,411.3878443468299,416.59528541451135,20813072
2025-01-29,410.29901123046875,414.2282563403287,407.221887040512,412.76071636128813,15158510
2025-01-30,412.9974365234375,414.701678438765,408.50010096959244,409.9676410136649,22496695
2025-01-31,423.6963195800781,424.3590963304251,411.9559133750371,413.2814379814617,13546181
2025-02-01,437.9457702636719,446.41970841807506,416.16919912132676,424.16973355524414,30393007
2025-02-03,430.1819763183594,440.4548430642073,428.24100368388565,437.4250476268326,16991730
2025-02-04,430.9394226074219,435.8628331052791,424.87986045993944,433.63782972847304,18923681
2025-02-05,424.3117370605469,431.6021657104411,422.7495106053608,430.9393889625346,12836283
2025-02-06,417.63677978515625,426.06336046890937,414.8910439076552,426.06336046890937,17469129
2025-02-07,407.9320068359375,421.8027305812478,405.6123169619012,416.59528946296075,18875982
2025-02-10,404.47613525390625,410.25163731299205,403.8133585122395,404.2867622150675,12227140
2025-02-11,396.049560546875,407.64795227119043,395.2921261144242,405.9910391677168,14288751
2025-02-12,394.22222900390625,397.97305679084684,392.01021063862936,397.34792371808146,13884574
2025-02-13,394.0298767089844,398.1173234410263,393.35663844827394,394.27031475204564,12989029
2025-02-14,394.558837890625,400.2812751894459,392.77959046029304,396.0014661827297,14124236
2025-02-17,392.9719543457031,395.6648487625189,391.1927069076455,394.12603937418936,11975265
2025-02-18,389.7500915527344,395.1359099155748,388.54790126416947,392.39491018757707,12998403
2025-02-19,390.8560791015625,393.1642784577035,389.02875583421536,389.3172697473528,7079032
2025-02-20,386.6724548339844,388.45170224904115,381.0462280233567,384.65279872265523,15355585
2025-02-21,385.56646728515625,387.8265909200422,383.93150608677536,386.6724764914858,8240986
2025-02-24,386.5281982421875,387.97082652327333,383.4986847219768,384.700874956215,7037625
2025-02-25,389.3653869628906,391.43314833834296,385.1817589914161,386.62438730224534,15760891
2025-02-27,386.2397155761719,390.9522958056036,384.2200299491726,389.3654104380863,19051003
2025-02-28,379.8921203613281,387.10526188717614,377.1992259318174,383.73912917511376,31954776
2025-03-03,382.2484130859375,383.7391172146777,376.23746200174764,380.8057848257319,10702826
2025-03-04,379.74786376953125,382.00798731989397,377.82435936077115,380.2768157418011,13404774
2025-03-05,389.5577087402344,396.9632122658291,379.4112349821189,379.4112349821189,15665018
2025-03-06,390.1828918457031,394.0299007695933,385.22984437591543,393.5009194323491,17869996
2025-03-07,388.45172119140625,390.3271497866334,386.33588388818345,388.11510203965406,11180761
2025-03-10,389.5096435546875,391.2888910064267,385.0855775356017,385.7107105996322,9785018
2025-03-11,390.6637878417969,392.77962524740065,385.8550264422196,386.1435403860541,11099475
2025-03-12,396.6265869140625,397.4921579923581,388.547874599392,390.85607392496263,13844306
2025-03-13,396.2900085449219,398.55013223484355,392.5872858097,397.2036849356402,8196569
2025-03-17,392.3468017578125,400.32933287132437,391.43312547418384,397.20363838043716,5257805
2025-03-18,393.4528503417969,396.1938501173774,392.1544789375377,394.31842149451984,13861897
2025-03-19,387.63421630859375,395.0397200620695,387.20144542451675,394.3184059049263,12830387
2025-03-20,388.49981689453125,391.0965302508203,386.5282072542035,389.50964497469676,16994037
2025-03-21,390.0386047363281,391.9140333230442,386.3358821349048,390.4233291082126,25302035
2025-03-24,395.1839599609375,397.05938842867533,390.08668521067875,391.4331323758087,14362572
2025-03-25,394.12603759765625,399.36759879824183,393.06813366389935,396.2419041658655,20338110
2025-03-26,391.769775390625,395.47252733324694,390.71184207125464,394.60692684899476,13891436
2025-03-27,393.7894287109375,394.99161889585264,390.1347529385877,392.3948763562974,18642328
2025-03-28,394.0779724121094,399.7042287729926,392.5391629889967,395.18398159578936,12981873
2025-04-01,391.0965270996094,398.55010666561213,390.08669902758044,394.1260406660441,15206240
2025-04-02,393.4047546386719,394.31843103609066,390.51949782621267,391.4812500970324,8001323
2025-04-03,393.7413330078125,394.51075235495847,391.1446197558559,391.4812095354885,7059566
2025-04-04,394.0298767089844,397.01128496266676,389.0287536731707,391.91401018990615,18627592
2025-04-07,390.51947021484375,392.49107984083315,375.2276160600784,375.2276160600784,26762866
2025-04-08,396.7708435058594,399.89653803876325,391.6735687769548,396.14571046934793,18600796
2025-04-09,400.37744140625,403.02226003741157,395.5206043873473,397.20367078899557,21785572
2025-04-11,405.4266357421875,406.292236218633,401.05067489059496,403.9359315444841,8939356
2025-04-15,404.32061767578125,412.78405461806295,402.97417047029376,412.78405461806295,11685880
2025-04-16,408.21575927734375,409.754539416005,402.01244544834776,402.01244544834776,13034594
2025-04-17,410.90863037109375,411.48568756526555,405.4266310519838,408.7446879057106,22410217
2025-04-21,406.67694091796875,412.6878924233474,405.3785695227371,411.6780349602343,27388236
2025-04-22,417.0157470703125,418.169832064902,407.3501201449234,409.6583488347964,32031936
2025-04-23,414.3709411621094,420.7185115509847,412.4474367624713,419.5163213012109,19566317
2025-04-24,413.6015319824219,419.372045323511,412.88021781478574,415.3327035949578,26064089
2025-04-25,411.4375915527344,416.1502009519827,407.10970652510946,413.60153406654683,22944377
2025-04-28,412.39935302734375,414.0343435923546,408.5042681552906,410.3315915600767,6287095
2025-04-29,409.7064514160156,413.16876532622075,408.7446991826447,412.49552702272155,11189930
2025-04-30,409.51409912109375,412.88023201920157,405.8594522861451,411.05290860172727,10026546
2025-05-02,413.07257080078125,414.99607520497585,407.87911477952554,407.87911477952554,9263372
2025-05-05,420.2376403808594,421.72834456792714,412.92831770641976,413.7938888263413,11525305
2025-05-06,418.89117431640625,422.834364350939,416.43871785669694,420.7666029152538,15026568
2025-05-07,414.6594543457031,418.362206178502,413.2649312686502,416.823396791454,9710361
2025-05-08,414.1304931640625,414.9960642530376,407.350122708005,412.59168381124715,19937960
2025-05-09,407.3501281738281,412.73594630577514,406.8211762096756,409.6583569091965,8226512
2025-05-12,418.84307861328125,419.5163168862086,411.7741941489348,413.072565475096,8031891
2025-05-13,411.53375244140625,421.1993794721109,409.08129611962823,418.2660177094136,14976369
2025-05-14,412.6878662109375,415.332684705315,409.6102474955229,410.7643618513902,9557309
2025-05-15,416.1020812988281,418.74689983509177,409.7064350721147,412.6878727466996,24263510
2025-05-16,419.03546142578125,419.51633754430964,415.573147502307,418.26604202592637,16402035
2025-05-19,418.6988220214844,421.72833555161463,416.10207936688846,418.362202884726,7543854
2025-05-20,418.26605224609375,423.9403847133091,416.3425477249801,420.28573786333305,9868414
2025-05-21,416.438720703125,421.4398441006694,415.4769684613164,419.90103464370577,5776672
2025-05-22,409.8026123046875,416.43869651769444,406.7249935694986,416.43869651769444,19451749
2025-05-23,419.61248779296875,422.20923056391143,412.59170822760365,417.40046939575757,18536884
2025-05-26,425.9600524902344,426.58518556334417,420.0452822056058,421.48791053602,13107662
2025-05-27,417.30426025390625,427.2103252046928,414.37092787863105,425.9600297748,26986022
2025-05-28,411.57440185546875,413.92513013654184,404.5221871211176,409.12572033536514,431851622
2025-05-29,410.1541442871094,414.12099629331436,408.04828421108533,413.337430183069,21478547
2025-05-30,409.468505859375,411.4274510468685,407.85238205791916,410.49697001748797,30656239
2025-06-02,410.6928405761719,411.8192579553598,406.0403458241328,409.7133679967952,14973380
2025-06-03,408.39111328125,413.04360813984886,407.1177809642176,410.3990201585084,13216486
2025-06-04,408.4400634765625,410.39900862513116,407.4116292300163,408.586978384479,12598933
2025-06-05,410.4969482421875,412.30897842272395,407.2157092489669,409.9092587388879,13212523
2025-06-06,412.40692138671875,412.6517895338172,410.39901453696416,411.67231694542346,8774988
2025-06-09,414.3658752441406,414.9046031137218,411.86823204786555,413.33744096123485,10473123
2025-06-10,418.23480224609375,419.75297282706833,414.3658735007135,415.78612073411426,13041075
2025-06-11,417.4022216796875,419.312205110815,416.12891931968926,419.2142518774774,20789182
2025-06-12,412.3579406738281,418.43068239792314,410.9376935297822,418.2347759328376,18508835
2025-06-13,405.4036865234375,410.7418239308055,405.01190347774315,406.48111231744474,17873926
2025-06-16,409.6154479980469,410.30106087453294,404.7670467340719,406.4321620890675,7006629
2025-06-17,408.83184814453125,410.44797192026425,407.1667626963428,409.5174909056936,9028406
2025-06-18,407.3626403808594,409.86031339660474,406.3831678000489,408.4400661979771,8036215
2025-06-19,407.4606018066406,409.66441515775824,406.2852227295919,407.11778041824044,12601006
2025-06-20,409.9582214355469,410.8887323090276,407.46057840418473,407.46057840418473,13203184
2025-06-23,405.4036865234375,408.9297937169475,403.2978264980913,408.4400574370469,14839890
2025-06-24,405.844482421875,412.0151479158747,405.25679287693885,408.3421256239387,16690068
2025-06-25,407.80340576171875,409.5664444107915,406.5790650634376,407.85236743319786,9946718
2025-06-26,411.67230224609375,412.25999175637196,407.70545036119364,408.635961243395,13703918
2025-06-27,410.0561828613281,413.3374219283217,409.2236252038625,412.3579493645105,21409935
2025-06-30,407.9013671875,412.1130873177171,407.26468609870335,411.18257641188427,12317124
2025-07-01,406.5790710449219,410.25209319380195,406.38316457386264,408.4400629554616,13670465
2025-07-02,404.47320556640625,408.3421042433258,403.2488648665335,408.3421042433258,15990899
2025-07-03,404.864990234375,407.4605865502793,402.80809187212105,405.5016414226337,14185298
2025-07-04,404.0813903808594,406.48111009570783,403.2978242937535,406.383156862037,8256733
2025-07-07,407.6075134277344,408.63597758463175,403.54270814671577,404.52218073930493,6845218
2025-07-08,408.635986328125,409.5175057020906,406.1383132289018,407.60752214922184,6807192
2025-07-09,410.83978271484375,411.6723104890166,406.9218924227146,407.65649685248883,9930533
2025-07-10,408.29315185546875,411.67231432927395,407.8523772370402,411.67231432927395,6220360
2025-07-11,408.2441711425781,409.4685119028319,406.9708687083669,408.44007762067145,8578844
2025-07-14,410.7908020019531,411.3295298660291,407.9992991168515,408.4890354163033,6896989
2025-07-15,413.4353942871094,413.72922411339215,410.3990232206159,412.26001519971453,8532755
2025-07-16,415.8840637207031,416.7166213924788,411.67231368924485,413.43538226908703,9780773
2025-07-17,415.2474060058594,417.1573595734722,414.3168951123935,417.05940633871836,7240795
2025-07-18,414.072021484375,416.4717411939595,411.4764251990089,416.4717411939595,6730256
2025-07-21,411.4764404296875,414.0720368111289,409.8113250726935,413.3374323697135,4822343
2025-07-22,407.4606018066406,411.77027527059994,406.6770356826959,411.47644544690354,9869507
2025-07-23,406.4321594238281,409.32158560296745,405.5016485154682,408.53801949465566,12196187
2025-07-24,401.5347900390625,407.3136721952123,401.04505375648824,407.3136721952123,9005157
2025-07-25,400.9960632324219,401.8286208931811,399.3799394739661,401.58375275125957,5824089
2025-07-28,401.4858093261719,402.41632024466196,400.21250691352043,402.36732868040224,8123337
2025-07-29,400.0655822753906,402.9550084157297,399.62480766342725,401.5837527990323,6811772
2025-07-30,399.2330322265625,400.898117688896,397.4210019633524,400.60428786940514,10915863
2025-07-31,403.4937438964844,405.50165074201533,397.2250954310459,397.61690837848414,19364174
2025-08-01,407.9013671875,410.74183168633,403.34679578552243,403.9344853107258,14324065
2025-08-04,408.29315185546875,413.8271659664987,406.5790748366726,411.57439098396185,18352458
2025-08-05,405.6485595703125,409.37057327725813,404.522172091142,408.6359688485212,8495104
2025-08-06,403.5426940917969,406.4811117672226,402.07348525408406,405.6485541142926,9080543
2025-08-07,405.10986328125,406.2362507650608,403.1998798022133,403.542701181929,11514878
2025-08-08,405.99139404296875,406.82395173394906,404.4732234643995,405.40370450279846,9814361
2025-08-11,408.29315185546875,408.4400667645679,405.5016490180602,405.99138530914485,8514272
2025-08-12,407.80340576171875,411.1825681542966,406.77494164048437,408.44005694659893,13635738
2025-08-13,405.599609375,408.92981023461243,405.1098730753178,408.6359804112558,10874910
2025-08-14,403.0039978027344,406.5300751148795,402.563223193151,405.74650902132066,9580361
2025-08-18,397.9596862792969,405.207807083524,396.5394690122968,404.5221643400549,30950814
2025-08-19,400.7022399902344,400.99606980890684,396.19666012675947,398.00869038492266,16681331
2025-08-20,397.7148132324219,401.82860986020313,397.1271536208501,400.7022224165175,18188129
2025-08-21,397.22509765625,398.49842996029514,395.07027588892424,397.7148339521601,15028966
2025-08-22,390.1239013671875,398.1555881648492,389.34033529035065,397.6658518940437,13087624
2025-08-25,391.1523742675781,392.327723409267,388.1160033420702,390.8095528920783,10440286
2025-08-26,395.0702819824219,397.07818887017044,390.22188062167817,391.1033999896865,13715752
2025-08-28,392.6705627441406,396.19667011274,391.78904337477377,396.19667011274,12471719
2025-08-29,401.3388977050781,402.02454048128317,393.6500318196282,393.74798505781916,25255050
2025-09-01,397.5189514160156,401.77966310485994,396.68639374720885,401.3388884886885,12268090
2025-09-02,398.4004821777344,399.4779080217149,396.14770714215564,398.20457570023547,19808255
2025-09-03,403.2978210449219,404.76702986475766,398.9391562562904,400.114535268611,12936588
2025-09-04,407.3626403808594,418.2347920060821,406.4811210363561,415.24741259106247,27274123
2025-09-05,398.9881591796875,408.4400635448862,396.09870312861307,408.3421103092152,16000675
2025-09-08,399.1840515136719,402.1224693529809,398.44944705384466,399.08612816526716,7419022
2025-09-09,401.6327209472656,402.51427018540727,399.0371245789613,400.1145503991436,8825896
2025-09-10,404.5711364746094,405.2078175633528,400.555322816839,402.56322964572416,9252397
2025-09-11,406.53009033203125,408.1462440335788,403.9834854870758,404.5711451336769,8274406
2025-09-12,405.25677490234375,408.48902241943284,404.37525556960406,406.82393698895356,7803379
2025-09-15,404.1793518066406,405.7954755760093,403.29783246799684,404.5711348581344,5707331
2025-09-16,404.6201171875,405.8444578774336,403.54269140213233,404.7180704209207,8239087
2025-09-17,400.8981018066406,406.08932424399245,399.6737611220478,405.45267306623015,14113882
2025-09-18,403.1019287109375,404.5711375822802,401.68171140331816,402.90605212943706,15647808
2025-09-19,402.22039794921875,404.13038138420126,400.55531254363956,403.101917268776,19505321
2025-09-22,398.59637451171875,402.56322646569487,397.7148252853857,402.2204050878021,8930779
2025-09-23,394.9233703613281,399.7227801970498,393.8459445065011,398.7433075819584,14936357
2025-09-24,392.76849365234375,396.34356249165154,392.4746638429711,394.9233452248436,12380865
2025-09-25,391.8869934082031,394.7274579712088,389.83009496908466,393.209287397003,22006368
2025-09-26,396.7843322753906,397.5678983516164,391.59310987422305,391.8869695711551,14414044
2025-09-29,398.89019775390625,399.6248021696593,394.9233458652918,398.5473763816621,19717660
2025-09-30,393.30718994140625,398.4004591506758,392.1808024887207,398.4004591506758,9465490
2025-10-01,397.2740783691406,397.665861416941,391.5441578852763,394.0907925326749,17643039
2025-10-03,396.0007629394531,397.1761420239669,394.04181772601805,396.58845248171,16987141
2025-10-06,392.52362060546875,395.60895312981853,391.5931097355416,394.7274338215943,13989077
2025-10-07,391.5931396484375,394.3356809060124,391.29930982029435,394.237727666254,12298968
2025-10-08,391.5441589355469,393.5031040709342,389.8300819420829,391.7890270774703,8402463
2025-10-09,391.6910705566406,393.1602793958562,390.7605895598157,390.80955123133737,15656267
2025-10-10,394.53155517578125,395.5600193505022,391.299307520674,392.22981845621223,15085738
2025-10-13,391.0544128417969,392.71952812155763,390.36877010515894,391.78901724913896,9508594
2025-10-14,388.6546936035156,392.6215753424221,388.0670339898672,391.78901770158024,10291102
2025-10-15,391.6910705566406,392.62158144459596,389.0954742522526,389.83007867186035,16043867
2025-10-16,396.83331298828125,397.665870666178,391.3482605181077,392.7685077269394,22962049
2025-10-17,403.6896057128906,405.35472100520315,396.9312510926241,397.0292043259007,21071344
2025-10-20,404.5711364746094,406.3342050500721,402.85705946273583,404.0814001855026,13083621
2025-10-21,404.3752746582031,405.4527005118031,403.88553835121513,405.0119258790611,1142130
2025-10-23,407.41162109375,411.8192475900064,405.0608630495091,407.46058276503413,24305990
2025-10-24,408.2441711425781,409.3705885549171,404.96296181800335,407.411643338511,14935678
2025-10-27,412.01513671875,414.02307345178554,408.048284707717,408.4400677633165,11603679
2025-10-28,409.32159423828125,412.9946164943518,407.3626490350436,411.86822898071654,17163147
2025-10-29,412.9456481933594,413.53333772312516,407.5095574069397,409.61544737952806,11470661
2025-10-30,410.1541442871094,413.04360036450976,407.60750959211543,412.94564712794636,12938674
2025-10-31,411.7213134765625,417.64711075138126,409.615453364337,411.8682283883677,18599864
2025-11-03,405.45269775390625,412.9946188955417,404.816016646247,411.3295333977877,7635440
2025-11-04,400.5063171386719,405.99136936159005,399.96761919609156,405.50163308974254,10085404
2025-11-06,399.13507080078125,404.8159997293463,398.20455990626584,401.58375221673697,10095563
2025-11-07,395.7558898925781,400.70224442999825,394.82540886238485,397.71483508178255,8411611
2025-11-10,397.22509765625,398.7432981082502,395.3641057100178,395.75588876851964,6650003
2025-11-11,398.4984130859375,399.673762211673,396.2945998476621,397.6658554399186,12005318
2025-11-12,398.64532470703125,399.7227504817627,397.22507756427666,399.624797249309,7987236
2025-11-13,397.3720397949219,399.1350784919307,396.1966607361619,398.64534219930255,6617185
2025-11-14,399.771728515625,400.3594180432725,391.8869861840081,396.3925660411311,64020258
2025-11-17,398.7432861328125,403.542695710365,397.6658603359422,401.3388824449565,7855399
2025-11-18,397.5189514160156,401.3878501610938,396.2456191310374,399.8696796229581,7661681
2025-11-19,395.2661437988281,397.2250889394812,394.5315393710832,396.5394760749311,7882450
2025-11-20,397.1271667480469,398.64533728000737,394.97231513062155,395.2661449461201,6693410
2025-11-21,399.4779052734375,400.1145564842314,396.39257256641207,396.68640238950724,5808131
2025-11-24,395.2661437988281,400.4083747930425,394.580530934278,400.01659174313806,11037491
2025-11-25,392.5726013183594,396.1966618504526,391.8869884414304,395.26615093538965,8199785
2025-11-26,394.04180908203125,395.6579627605675,392.71954500487413,392.7685066776832,11443953
2025-11-27,396.0007629394531,397.61691665344256,393.8459411393536,395.21719681053185,8679529
2025-11-28,395.9517822265625,396.68638664627787,394.23770524722676,396.0007438980914,6883500
2025-12-01,395.9517822265625,397.17612292608806,390.025985197311,394.5315350586607,13442658
2025-12-02,392.71954345703125,397.1761317458155,392.27876883896204,395.95179101910213,8093808
2025-12-03,392.2787780761719,393.94389346016385,390.66265425708065,393.45415715794644,10772192
2025-12-04,394.7763977050781,395.26613397807347,390.85850752111554,391.8869716290837,8057989
2025-12-05,396.6374206542969,397.0292036956514,393.7479646784384,394.7763988983853,4419747
2025-12-08,394.04180908203125,396.93126516491554,392.32773205787674,396.6374353457986,6056866
2025-12-09,392.8174743652344,396.19666679247575,391.78904009144696,393.7479852919042,9426717
2025-12-10,394.8743591308594,396.09869983875063,392.7684990915125,392.86645232636994,6969146
2025-12-11,394.6294860839844,395.70691187176226,392.86644744298803,394.8743542225189,6980147
2025-12-12,391.8869934082031,395.7069305716336,391.6421252580969,394.62950473294,12407516
2025-12-15,394.04180908203125,395.07027323120263,391.29929779983655,391.8869873292014,7756564
2025-12-16,393.4541320800781,397.4209839187486,392.81745101487064,393.16027238279855,12347384
2025-12-17,391.5931396484375,394.8254172136723,390.9075267523928,392.76851874327417,8087490
2025-12-18,392.1808166503906,393.69901709025,391.6421186856499,391.7890335950218,7227668
2025-12-19,392.8174743652344,394.38463650382647,392.0339082415041,392.0339082415041,10654835
2025-12-22,394.4336242675781,395.3641052941498,392.96441538139317,393.35619843948285,6847871
2025-12-23,398.9881591796875,400.50632971362984,393.5520684568217,394.2377112153877,10081997
2025-12-24,398.2535705566406,401.09403515706003,397.323059617528,399.5758645628573,5777430
2025-12-26,395.8538513183594,398.7922691629462,395.5600214903535,398.1556179415121,3152453
2025-12-29,394.3356628417969,396.4904845621106,393.2092753640043,395.80487169747335,6647710
2025-12-30,392.376708984375,395.1682117263742,392.0828492850893,394.7274371230106,12340527
2025-12-31,394.7274475097656,395.462051940615,392.62158745289,392.8664555965065,9945109
2026-01-01,356.381103515625,394.4336191525785,355.2547160290497,394.4336191525785,282626710
2026-01-02,342.8643493652344,352.6101130575833,338.1628931475851,352.6101130575833,118790358
2026-01-05,342.5215759277344,346.68433442609853,338.9464770691755,343.0113122216596,48358124
2026-01-06,335.42041015625,343.50105925874186,330.816876892923,343.06028462397126,72582738
2026-01-07,334.2450256347656,337.4772732668689,332.33504210325714,335.9591026893029,29440734
2026-01-08,333.9021911621094,338.06494956001615,332.09016094008854,334.48988067886347,36706319
2026-01-09,330.22918701171875,334.0001625673181,329.20075271979715,333.9022093273418,35193201
2026-01-12,331.4535217285156,332.5309475663088,328.9068869913131,331.306606816801,16156143
2026-01-13,327.8294982910156,332.5309549165941,326.8500256697591,332.0412186059658,24922339
2026-01-14,327.8784484863281,329.1027892200336,326.6051460797269,329.1027892200336,14913422
2026-01-15,327.8784484863281,327.8784484863281,327.8784484863281,327.8784484863281,0
2026-01-16,322.4423828125,330.5719932075216,321.805701727492,330.5719932075216,30526898
2026-01-19,326.3602600097656,327.7804772481891,320.58134815114005,323.22593594715954,15507440
2026-01-20,319.6018981933594,327.6335854891576,318.81833206792464,327.1928108616433,18771011
2026-01-21,318.0837097167969,322.54029785029536,317.6919266761261,319.3080504008492,14177965
2026-01-22,318.1816711425781,321.9526465247838,314.4596574325432,319.4060118581559,18622852
2026-01-23,316.76141357421875,319.69983119529894,316.0758007306446,318.86727355776696,11950089
2026-01-27,312.1089172363281,318.034744006556,311.32535116493864,316.95731824004827,47847784
2026-01-28,314.5576171875,317.0552902337236,312.7945784769798,313.38226801086364,28400238
2026-01-29,312.0599670410156,315.97785732428986,311.52123919238704,315.97785732428986,17719420
2026-01-30,315.5370788574219,318.4754965339916,309.95410320661756,312.25583980702623,41975824
2026-02-02,308.2400207519531,308.92563359629287,295.8007075190383,303.09778990932085,35227572
2026-02-03,310.1499938964844,318.08372796245794,305.2036692056378,314.60661217674976,33168353
2026-02-04,313.8500061035156,314.95001220703125,311.3500061035156,312.5,11196759
2026-02-05,310.20001220703125,315.3500061035156,309.29998779296875,313.95001220703125,15816704
2026-02-06,325.79998779296875,327.70001220703125,308.29998779296875,310.0,68057745
2026-02-09,322.79998779296875,328.70001220703125,321.6499938964844,327.95001220703125,20059198
2026-02-10,321.3999938964844,323.54998779296875,320.75,323.0,11489090
2026-02-11,318.25,322.20001220703125,316.29998779296875,321.95001220703125,24843366
2026-02-12,317.45001220703125,320.3999938964844,316.8999938964844,317.29998779296875,13294561
2026-02-13,313.75,318.3999938964844,313.25,316.0,8730618
2026-02-16,317.95001220703125,318.25,313.1499938964844,313.75,11693763
2026-02-17,325.45001220703125,328.04998779296875,318.1499938964844,318.45001220703125,39360672
2026-02-18,332.45001220703125,332.95001220703125,324.79998779296875,326.0,35473203
2026-02-19,326.0,334.25,325.0,334.04998779296875,19911747
2026-02-20,327.0,327.8500061035156,325.04998779296875,325.04998779296875,11282027
2026-02-23,325.3999938964844,328.1000061035156,324.3999938964844,327.0,13486092
2026-02-24,323.5,325.3999938964844,322.04998779296875,324.0,13135859
2026-02-25,319.75,326.6000061035156,318.1000061035156,325.5,13492101
2026-02-26,318.29998779296875,321.3999938964844,317.6000061035156,320.0,11270119
2026-02-27,313.6000061035156,317.75,312.6499938964844,316.0,13892595
2026-03-02,314.8999938964844,315.75,307.0,307.0,22194311
2026-03-04,311.95001220703125,315.5,310.5,310.6000061035156,24165489
2026-03-05,311.5,313.6000061035156,308.20001220703125,312.20001220703125,19938009
2026-03-06,309.70001220703125,312.29998779296875,309.20001220703125,310.04998779296875,21288269
2026-03-09,306.0,307.20001220703125,303.6000061035156,305.0,14084931
2026-03-10,309.04998779296875,310.0,303.75,309.0,18352950
2026-03-11,309.0,310.6499938964844,307.70001220703125,309.04998779296875,14842485
2026-03-12,304.1000061035156,308.0,302.8500061035156,307.04998779296875,23319679
2026-03-13,301.45001220703125,306.0,300.6499938964844,304.0,25659996
2026-03-16,308.25,309.45001220703125,302.0,302.54998779296875,37471007
