Date,Close,High,Low,Open,Volume
2021-03-08,796.662841796875,798.9106667206547,785.0597072270305,790.6402890796211,1836840
2021-03-09,799.4212646484375,801.2720142048296,787.5652609658315,799.3929309607289,1854340
2021-03-10,800.3974609375,803.6380037726806,793.4743466661438,801.2601668885284,1275760
2021-03-12,790.5173950195312,804.103599361182,787.092481395217,802.5506710104563,1698280
2021-03-15,795.7457885742188,797.9581242917601,786.147016835471,797.9581242917601,1379660
2021-03-16,791.4392700195312,804.5835047818065,789.2198362122361,795.8380319037434,1689400
2021-03-17,777.90966796875,793.7106307977049,772.4402282025872,793.7106307977049,3143460
2021-03-18,765.8788452148438,785.9083385762265,764.8742976977808,778.4841622890177,1927300
2021-03-19,777.6781005859375,784.4924964768395,759.6742644400608,765.8197314205966,3988320
2021-03-22,784.1640014648438,788.2743481624861,772.9579414905559,777.6852239383069,2175720
2021-03-23,788.5745239257812,791.8197986632188,780.3041457100766,783.5470544980806,2007160
2021-03-24,777.5481567382812,792.7557871425521,776.1843311623654,784.7288709366671,1511100
2021-03-25,764.40625,783.9960793883553,761.8487742177281,776.4560874963179,2174080
2021-03-26,783.3934326171875,785.601036533441,768.372481472147,770.4997585206822,2531560
2021-03-30,811.4381713867188,815.6241714794817,785.2017492999358,785.2017492999358,2978040
2021-03-31,811.447509765625,817.772616096616,801.3476752605868,817.772616096616,2206620
2021-04-01,807.568603515625,812.5511769395257,802.1062617760764,811.4473751182948,1663520
2021-04-05,797.9913940429688,810.7290326669895,790.5860867742625,810.7290326669895,1631140
2021-04-06,807.500244140625,809.3107725831359,794.1834684227034,799.3834792278521,1283860
2021-04-07,823.0126953125,844.5738215101352,804.8197575274245,808.3652190143295,3569300
2021-04-08,836.2515258789062,839.5180941797668,819.0891594161205,823.7313253490038,2360120
2021-04-09,831.642333984375,843.7725554628393,827.274330137734,832.5263333889077,1478880
2021-04-12,827.3547973632812,832.9471516195448,819.7627541961376,821.3724076887671,1150640
2021-04-13,811.6199951171875,831.9993017693631,805.533619280893,831.3870979498921,2210540
2021-04-15,797.759521484375,822.5470518640342,793.0015399436306,819.0015904335858,2366280
2021-04-16,815.555419921875,819.4743552641635,797.1521429494613,802.172514251201,1883800
2021-04-19,807.8901977539062,814.9834873169003,801.2743683307111,813.1422015856093,1018760
2021-04-20,808.1595458984375,823.4925125435959,798.4402842535337,823.4925125435959,2073740
2021-04-22,793.7320556640625,812.6198928412808,782.4243747172338,812.6198928412808,4088620
2021-04-23,785.9437866210938,794.1503998789309,784.9652645275365,793.4743730861006,1372000
2021-04-26,797.5208129882812,798.6742420224429,787.7376712093369,794.1384290875237,3047240
2021-04-27,793.1907348632812,800.3289198308927,791.8198114097727,798.8634738106945,893020
2021-04-28,786.3267211914062,795.6536403593781,785.2488869286585,793.0016417935202,1737520
2021-04-29,784.3660888671875,794.4448030028838,783.2942852034661,792.7527654212723,1604140
2021-04-30,775.1785278320312,787.5339466542642,772.6000026159127,784.2448503944976,1955660
2021-05-03,784.5656127929688,787.8071322811879,773.4388269214975,777.5905642001046,1280960
2021-05-04,786.4598388671875,789.9485242872082,778.5413253805337,784.7321188911797,2115920
2021-05-05,786.585693359375,789.4731169819961,782.2224148420746,787.1465147381527,706440
2021-05-06,794.5875854492188,797.0686376893027,785.4356810201901,785.4356810201901,1406380
2021-05-07,796.6668701171875,798.4136206058845,792.0873505505613,797.9596720300668,753320
2021-05-10,797.9003295898438,800.8804697605234,792.3250700835564,799.9298697964159,953160
2021-05-11,801.8358154296875,805.585939194668,794.242909933413,796.0799396951027,1201260
2021-05-12,794.6016845703125,801.2320953526745,789.948479712462,797.0898727290271,1211520
2021-05-14,818.6637573242188,820.3676890273184,789.2355432386224,794.5588793105169,1931640
2021-05-17,809.8135375976562,822.2687494147407,808.0382996010599,818.4663505735165,1214060
2021-05-18,816.59375,819.8424061544449,810.0060425223605,813.7229201221257,1108780
2021-05-19,829.3674926757812,830.1113092000089,816.8979482331958,816.8979482331958,1768740
2021-05-20,821.5725708007812,831.7582156861502,818.5615063270809,829.8736677321208,985060
2021-05-21,831.6370239257812,834.1513791278466,821.3301750896985,826.325582007444,1345200
2021-05-24,825.1348876953125,835.9598543692857,822.30443969789,827.0241931671899,1144120
2021-05-25,832.5401000976562,844.0756386358563,828.0698903490688,831.6322609893814,1439040
2021-05-26,833.7378540039062,837.3525006253697,825.5009272477378,832.5400889179755,916060
2021-05-27,843.50048828125,850.7868148080178,828.6996425405689,834.1513184290901,2393260
2021-05-28,832.2216796875,846.7160075898413,831.7749255770826,844.6080244288434,1063240
2021-05-31,841.0693969726562,843.431623710662,827.7467259495598,832.2026628135094,1140460
2021-06-01,844.061279296875,846.5090852799843,830.7838073351628,836.4802694278327,1155020
2021-06-02,839.0706787109375,846.6612042963344,832.2548942942823,832.5448202749759,1485240
2021-06-03,846.0053100585938,848.6456266377031,834.6266578462175,838.9043571176388,1007980
2021-06-04,828.2957153320312,841.5850829334255,826.0712861099038,840.8554812884099,4036440
2021-06-07,833.3219604492188,836.0525561586237,824.8117014885892,830.5651977155071,988720
2021-06-08,830.9478759765625,837.143426926873,827.1834795725741,833.2031718662595,948940
2021-06-09,834.4911499023438,837.7446218217024,828.9230278046366,829.8736276071648,837560
2021-06-10,834.4412841796875,840.0926071813453,831.299558676194,832.9631083933848,841060
2021-06-11,833.5049438476562,836.9556258470881,825.3582964013399,836.9556258470881,979940
2021-06-14,835.4584350585938,837.9537596406205,827.8583939732215,829.9402099453127,730460
2021-06-15,840.558349609375,841.7561146288068,832.2976351077455,838.7141836946957,943920
2021-06-16,853.8858642578125,858.7956917897114,837.1481929836941,838.9139160291815,2339240
2021-06-17,858.3465576171875,864.5373509796952,850.7868980978336,851.4998480124408,1515740
2021-06-18,839.8858032226562,860.2429353943113,836.5278372256697,858.3441145845908,2953400
2021-06-21,838.8639526367188,841.7585128202862,832.3927490544858,838.020283699092,803600
2021-06-22,828.7591552734375,843.560002804413,827.4972199706777,839.8550187755242,1410640
2021-06-23,827.725341796875,834.6267063053353,825.5960073191159,831.7725278049428,741680
2021-06-24,837.466552734375,839.8549464015731,823.3335167815238,827.7371774385545,1300900
2021-06-25,832.0933227539062,838.9043496459817,828.6854014774896,835.1138444293451,780000
2021-06-28,832.0672607421875,837.4785555968822,829.5647994124657,832.1100214943149,809000
2021-06-29,836.4923095703125,843.6574332957905,831.2829825285773,836.0526338970678,1421920
2021-06-30,838.0963745117188,843.4197104227538,835.3396117599267,838.4290612486546,1031340
2021-07-01,838.7238159179688,842.4691819361782,835.0782443252907,837.9538323009772,534000
2021-07-02,836.6228637695312,840.3302262108173,831.1093965137785,840.2827078246485,614460
2021-07-05,838.4932861328125,841.8512524467678,832.8823446661651,836.7703238054364,686440
2021-07-06,830.3536987304688,838.3268663085867,827.8298283638718,838.2175566127092,1251020
2021-07-07,842.0864868164062,846.0338782772858,825.1325753884545,827.0218810126277,1090380
2021-07-08,837.4260864257812,841.273624909619,833.5856844023216,837.2882308984779,597360
2021-07-09,838.2388916015625,840.3302227644801,834.1513240676825,834.3913528378583,538820
2021-07-12,838.49560546875,843.9116573250919,835.1780213196988,843.9092785046982,666020
2021-07-13,840.8958740234375,842.8494078368282,836.5801714501841,842.7067946466495,500080
2021-07-14,833.661865234375,840.8959167729503,832.7255382286362,840.8959167729503,1017220
2021-07-15,837.56640625,839.2750955149023,829.3983493836859,832.9630987363378,556780
2021-07-16,839.10400390625,841.9938065266288,833.578642347756,839.1420070125673,733700
2021-07-19,843.7738037109375,848.1727067889989,834.1513591564544,834.1513591564544,1028040
2021-07-20,848.7003173828125,851.1195778274814,841.3284106849986,843.6550131703386,891880
2021-07-22,855.292724609375,857.7476673597405,841.2808916964129,848.7003167788596,2266340
2021-07-23,862.3818359375,866.1866142427843,849.9432157356246,852.2294362754697,1504620
2021-07-26,860.35693359375,864.463531427078,856.0530677482528,858.9548221872565,1069900
2021-07-27,866.286376953125,876.8808306962675,854.2327779899042,856.1101894588013,2783140
2021-07-28,856.6116943359375,871.4149202271175,850.8344096495365,871.4149202271175,1752740
2021-07-29,851.4879760742188,865.0459189072486,845.0833207786198,853.16342002116,2710720
2021-07-30,841.40673828125,853.4460632006404,839.1443062397532,851.487830040858,1667400
2021-08-02,841.9771118164062,850.8248147156684,840.0925639793049,845.8341658207419,639480
2021-08-03,869.0431518554688,873.6012618892554,839.0944989485567,839.8644825060264,1262560
2021-08-04,858.2656860351562,872.1729662056184,856.3525922710837,869.5184347436997,816440
2021-08-05,865.4617309570312,869.04313205484,855.634882026484,862.6693439621125,759280
2021-08-06,856.521240234375,865.4260344380657,854.5891740947139,865.0457713305781,767480
2021-08-09,865.1552124023438,866.7094525107227,856.52137030709,858.8670033928577,612720
2021-08-10,868.5296630859375,873.1590790316961,859.5845453442976,865.5210358912099,1229340
2021-08-11,863.5153198242188,870.5117200512906,856.7446754335089,870.5117200512906,699700
2021-08-12,861.9017944335938,867.3249830455325,859.3422995910537,864.133302144047,489880
2021-08-13,868.3515625,869.3259505642508,861.7995947410627,865.0315994522151,822460
2021-08-16,869.572998046875,879.2572328065933,863.9596787856282,868.3514449013186,899420
2021-08-17,890.3580322265625,893.4427243369189,869.8654790159829,872.175429867836,1504020
2021-08-18,898.839599609375,901.596362146359,891.1896618962517,891.2348014604595,799760
2021-08-20,930.221435546875,933.5413988098267,881.9309711457364,881.9309711457364,2862140
2021-08-23,951.6004028320312,955.1152552666127,929.5750192622309,936.340907128752,2974840
2021-08-24,940.1361694335938,960.058385505863,934.6773564424022,955.3529043728596,1661680
2021-08-25,946.3150024414062,966.0470855447121,940.4284083019106,940.4284083019106,2003180
2021-08-26,953.1046142578125,956.2891002946151,941.3575937891823,949.4091460301757,1264080
2021-08-27,948.5726318359375,955.352791820888,945.6566623297493,955.352791820888,702080
2021-08-30,938.3489990234375,956.422290587479,935.5922942228676,952.9763660717581,2679160
2021-08-31,925.302001953125,942.9926508325989,919.7053338601294,938.4796804686437,4547400
2021-09-01,942.3700561523438,945.3715473179793,929.3111443454048,938.5652779460329,2096860
2021-09-02,962.0355834960938,964.3835372502427,939.2401598894454,944.6110721910559,1571540
2021-09-03,963.2738037109375,966.9027235159123,955.4028085914596,962.4824107179427,939560
2021-09-06,961.20849609375,967.1402877544516,958.204626167505,962.9647617663484,681380
2021-09-07,968.1122436523438,969.2648691568523,958.4969356331557,958.4969356331557,683060
2021-09-08,942.9760131835938,975.7907383126392,940.3808941800081,964.8588401240416,3447460
2021-09-09,972.3305053710938,975.5530526439717,943.0140397930751,946.322108557441,2207220
2021-09-13,972.0952758789062,974.364844620989,961.5317466674442,964.8588461368817,750060
2021-09-14,961.55322265625,979.5528297119062,959.1553134853316,971.9884123278013,1183700
2021-09-15,956.265380859375,968.1858812792336,954.7776898746553,968.1787448184435,752120
2021-09-16,951.923583984375,962.0878776016241,949.1739576511346,955.6404038981501,1025300
2021-09-17,958.9508056640625,964.811290636897,955.3551897253597,957.9669603876056,1902580
2021-09-20,965.9329833984375,968.9463685312605,955.400321325406,956.5410526941112,1830260
2021-09-21,959.609130859375,966.2847391352428,950.7020149838118,960.105840163891,2168220
2021-09-22,947.044677734375,958.863006500237,941.5739705985088,958.863006500237,2150460
2021-09-23,942.947509765625,956.3509441150375,942.0444283261944,950.5998267670983,1074480
2021-09-24,944.147705078125,949.6492786672037,941.093879760292,947.1301657810526,837880
2021-09-27,933.5936279296875,945.846874225105,931.6401521518552,945.846874225105,919480
2021-09-28,928.9618530273438,937.2273260744684,924.8885580072089,935.8655963668612,1153720
2021-09-29,927.1556396484375,936.3407868495043,923.1108329276038,928.9617444252805,925900
2021-09-30,924.246826171875,931.1101289049939,918.0964152715245,925.8033869344297,887460
2021-10-01,929.208984375,933.7243337102209,915.049780893204,924.2207139302064,797380
2021-10-04,926.4998168945312,933.9643815607167,920.2780989091149,929.209003342962,655920
2021-10-05,921.8704223632812,930.9723700125999,919.4606191195295,926.8349048246772,546560
2021-10-06,910.5391845703125,932.7404836424494,906.7772250969093,924.2159515912102,1452160
2021-10-07,905.2396240234375,917.5285530028121,900.9477095578144,912.6139097312798,953900
2021-10-08,902.42578125,911.6228226430347,900.1015577937745,905.6839527572217,1744920
2021-10-11,907.0933227539062,912.3620622689842,903.1958862863111,904.0680431473122,776040
2021-10-12,922.8280639648438,924.4583682613281,901.6463503329243,906.3446948049947,1444980
2021-10-13,918.310302734375,931.8278624919357,913.8139841033626,926.8348345623775,1078500
2021-10-14,918.5361938476562,923.4484003174899,913.7641637317761,921.7967445774262,843800
2021-10-18,923.9093017578125,931.587785413921,913.5263895742634,931.587785413921,1126060
2021-10-19,920.582275390625,937.8641738153399,916.5707718467412,925.6466100497433,1186040
2021-10-20,916.2666625976562,960.105948797293,905.4678610983639,917.3289510786018,4355380
2021-10-21,914.1514892578125,935.3902952284988,905.764870434,924.9336963997249,1519240
2021-10-22,903.3883056640625,923.8879932129277,895.9403351472796,923.8879932129277,910300
2021-10-25,888.6326293945312,903.1150043004575,884.2646508984063,903.0698647320235,1082920
2021-10-26,918.8181762695312,921.8015958525974,891.1521802415012,893.1100383997534,2133160
2021-10-27,908.6344604492188,928.4952898044316,904.1856524161227,917.8477057474706,1057640
2021-10-28,908.00341796875,914.0802147738742,901.4102218346617,908.8927010355928,629000
2021-10-29,908.4216918945312,917.9767712310559,896.8513246557717,908.4145131973991,985500
2021-11-01,905.5267944335938,913.143159493856,895.790028764864,913.143159493856,851420
2021-11-02,897.6068115234375,910.0425331965702,891.1809435529972,903.6812151391671,698980
2021-11-03,895.8473510742188,903.0573314013807,887.4253964928,901.720984753027,889580
2021-11-04,903.1195068359375,905.9762199743843,899.4212518922061,903.6334549001123,138100
2021-11-08,910.7693481445312,913.0020983016024,893.1150038583426,905.9762540769481,866240
2021-11-09,905.5816650390625,910.5660153521512,898.9024418530657,909.2248829917327,872960
2021-11-10,906.1626586914062,910.4513175948996,898.8522934371131,905.9236022303857,761180
2021-11-11,901.4340209960938,906.023892896931,892.6391253730762,906.023892896931,839120
2021-11-12,915.2252197265625,920.8072111416085,901.761544212011,906.0239393629242,1330240
2021-11-15,931.2013549804688,932.2723231703928,911.7540900995627,917.976736281662,1016660
2021-11-16,930.5081176757812,937.0535138314467,923.7619514483765,929.9367984222184,922400
2021-11-17,931.2229614257812,935.427985828047,925.7701275921503,927.730379012696,1085520
2021-11-18,927.802001953125,931.7846613585796,921.8040546731362,927.5390165154578,832140
2021-11-22,908.1922607421875,935.4685683780343,900.4061753361337,928.1845248937904,882760
2021-11-23,917.0947265625,920.1952819278988,903.858142004364,908.2233154150796,739200
2021-11-24,912.5693359375,922.2798375133059,906.0239979718583,917.9768211640992,687100
2021-11-25,916.9273681640625,918.4549132534797,903.9059115140847,912.4785017929547,594900
2021-11-26,919.0405883789062,929.1694385198252,907.5778428893188,915.5312559168593,1128820
2021-11-29,908.4336547851562,916.1742746353011,898.8522535760708,910.8050760970292,962140
2021-11-30,915.7081298828125,928.7295277854855,905.3283174404879,908.4336584092857,3395600
2021-12-01,927.4338989257812,929.9248485760197,916.1551730610065,918.4549242329371,1096240
2021-12-02,932.4730834960938,939.4918062322131,919.2557019954929,927.4338134439167,972000
2021-12-03,923.7787475585938,932.2628593219727,914.9647075185194,927.6442719920078,1508960
2021-12-06,909.2034912109375,928.2849951389277,905.0271816506312,927.5391109322014,698540
2021-12-07,924.8735961914062,929.6260105379324,907.2670531309002,919.2198759703234,1408580
2021-12-08,931.321044921875,933.5131741970018,919.1745710006601,919.1745710006601,671560
2021-12-09,922.0286865234375,934.6628422012476,916.1813755805601,932.3200775132806,810440
2021-12-10,921.3353881835938,923.2358750107451,909.8702518548486,918.9806591497746,788980
2021-12-13,907.5538330078125,925.1244811065266,904.7808133599258,918.942514336517,1089800
2021-12-14,919.8319091796875,923.8552481753816,904.2740957091618,906.172248403791,1381340
2021-12-15,918.125,922.9061289426477,910.805063574379,915.636385032782,1298180
2021-12-16,920.7091674804688,923.4918172437772,914.4100650369072,918.2158250470968,808340
2021-12-17,912.22265625,919.5569501041211,908.4145033710387,913.9151945799342,1085560
2021-12-20,902.7369384765625,911.6752336519202,889.2900128785998,908.4145292845913,1426200
2021-12-21,918.9569702148438,922.0861819542622,903.6358205328464,907.7929867329927,693560
2021-12-22,917.5274047851562,924.6679908692739,909.0026141013587,919.4111416683735,732240
2021-12-23,918.3855590820312,922.7555180577342,915.8252738019493,922.5188545031904,951380
2021-12-24,919.1337890625,929.166980903352,916.5949816406834,918.3855120520377,684400
2021-12-27,922.8703002929688,927.539080037072,913.1693703105216,917.307451708314,531760
2021-12-28,925.3875122070312,930.8164748146964,919.6501574426374,925.1484557585148,420980
2021-12-29,927.522216796875,929.9773310515143,920.4413955465639,925.3874591757098,585380
2021-12-30,927.8522338867188,936.3841448552213,923.8671230495639,927.06094300448,797360
2021-12-31,942.1549682617188,947.3783753533085,925.1580886638706,926.3437993889453,797740
2022-01-03,940.828125,947.3328411819315,938.920459340141,941.6432864229716,517380
2022-01-04,950.921142578125,953.7300558396201,938.4424076763308,940.8305792551856,700680
2022-01-05,953.1539306640625,957.4211117735038,948.0548961154321,950.2016184335582,648640
2022-01-06,939.374755859375,953.1539445836114,933.9935925908184,944.277806206206,614180
2022-01-07,951.5809936523438,954.3133926608223,936.4821502174927,939.5158210648709,979660
2022-01-10,942.2649536132812,954.7389031892754,940.8808073900534,951.5881554299165,412340
2022-01-11,944.8442993164062,947.8588268390324,934.710722053119,934.710722053119,635760
2022-01-12,942.221923828125,949.0541763482486,939.970030579676,949.0541763482486,474220
2022-01-13,942.5708618164062,944.2729717444593,937.1012782881722,944.2729717444593,707660
2022-01-14,927.5462036132812,942.8075883742694,921.3235572234454,942.5708664601905,743800
2022-01-17,924.3451538085938,933.037271518309,913.7262855771547,927.5389734796411,728060
2022-01-18,926.5636596679688,929.9295931699178,917.4030584993094,921.8972730814999,724160
2022-01-19,905.4024658203125,929.688234012405,887.9561290257653,926.1047798035092,1647660
2022-01-20,895.7015380859375,912.2394475784316,889.5314768717002,898.8522858739262,1581120
2022-01-21,907.1834106445312,911.3907692300548,889.7705174698901,892.1586891182836,1104820
2022-01-24,894.9197998046875,910.3269765881826,889.2900086418169,907.1834075642813,1068740
2022-01-25,898.4099731445312,902.8708038487509,875.5657831661093,888.0062317839389,1157600
2022-01-27,879.0321044921875,898.3741408893924,871.0141418050747,886.8994312665369,1085180
2022-01-28,878.9818725585938,891.6327798775854,876.2972732309519,879.7277567145845,748460
2022-01-31,885.5392456054688,891.1976933134571,881.0665085959239,881.0665085959239,595220
2022-02-01,892.718017578125,897.8098728906836,880.7316953902221,889.2899273313028,535820
2022-02-02,884.5399780273438,901.24288140619,881.6713004207458,899.8085426028911,1208320
2022-02-03,875.2621459960938,888.3169855718969,873.0867090349235,880.6839297429906,687080
2022-02-04,876.4598999023438,879.7277830724163,870.2994101871374,879.7277830724163,898480
2022-02-07,864.0814819335938,880.683940308258,856.3479826194615,876.459831616126,969380
2022-02-08,864.7699584960938,870.8468131486248,860.1251080094321,870.4045353703008,787700
2022-02-09,867.0601196289062,871.9416335635465,861.6287641976347,864.9062187231447,964860
2022-02-10,867.28955078125,870.7821909092299,861.0812622874645,865.4320776479999,1008440
2022-02-11,851.767822265625,867.0578656113807,842.4350478121053,867.0578656113807,1919600
2022-02-14,844.83740234375,851.052869628437,833.3411574206001,847.0247453697369,858340
2022-02-15,869.5487060546875,876.0582086117337,840.113712961813,844.8374708155584,1003400
2022-02-16,871.3034057617188,879.6034388614358,862.2049030928538,868.5876987576971,808200
2022-02-17,866.6273803710938,879.7276847404497,858.6978970629102,879.7276847404497,2276800
2022-02-18,861.0478515625,871.7145195279871,851.5716216314729,860.029468797226,1926560
2022-02-21,865.6759643554688,868.2529998111581,852.2362181516462,859.5035106637407,740720
2022-02-22,865.9103393554688,869.8475924372881,848.1556105488947,859.8861279466204,1261740
2022-02-23,857.0962524414062,870.622026251645,852.7143291803513,865.9102331148379,1184960
2022-02-24,848.3994140625,859.1067622695136,839.5662895171664,847.6942091765012,2242100
2022-02-25,846.9817504882812,855.580603608839,841.4786665848965,851.0409241597248,1619780
2022-02-28,843.3505859375,849.573232712811,828.5697060593528,846.2598844345381,3157460
2022-03-02,853.17333984375,855.3152763302096,834.644071787683,841.4787168080329,1732620
2022-03-03,833.6615600585938,854.865855254218,831.4167873357112,854.865855254218,1339280
2022-03-04,831.52685546875,838.803720179932,813.7959979582687,827.1353602382582,1034100
2022-03-07,829.145751953125,832.2869863563587,814.7043729723783,817.5730503419993,1330840
2022-03-08,825.3806762695312,838.1319691672273,811.118588529493,827.1353717394771,1954480
2022-03-09,819.7532958984375,830.9602344522257,815.9307271685192,830.9602344522257,1422440
2022-03-10,843.8262939453125,845.5546674901651,823.3582517294745,827.1353554879074,1329780
2022-03-11,828.4476928710938,842.3416810600844,823.7884852296785,841.4786616391376,1465580
2022-03-14,830.3482055664062,835.6194118592874,820.3461212450848,835.6194118592874,773300
2022-03-15,834.8616333007812,839.5662478696453,824.5080844999358,832.8726673057643,1244220
2022-03-16,852.1597900390625,855.1289110449011,835.3110949219767,841.9568763740992,967800
2022-03-17,874.1912231445312,878.5252886356117,850.3692125156888,850.3692125156888,2017800
2022-03-21,854.696044921875,878.2932950151279,851.6863035560647,877.3370693264887,806700
2022-03-22,833.31494140625,854.3853510227385,824.9192509501516,847.5507061734392,2804480
2022-03-23,829.2485961914062,839.088138652649,825.2706641839244,838.3709693033733,1185580
2022-03-24,832.3037719726562,836.6976016491739,825.2228916836995,828.4740828526077,863620
2022-03-25,820.4991455078125,835.6457885592448,816.3778144540065,835.6457885592448,1064340
2022-03-28,806.1007690429688,829.4757165030842,802.7515857328175,824.7447798624837,1602220
2022-03-29,809.0578002929688,812.789496973125,804.1858580969267,808.0107611080894,1675180
2022-03-30,827.0397338867188,829.4087623415771,813.8724856877665,817.9555886096429,1499400
2022-03-31,830.9866333007812,833.5325614273729,822.4929496963841,824.744843026273,1245620
2022-04-01,839.432373046875,841.8468665552548,824.7447586564506,830.9865482924356,623180
2022-04-04,852.0043334960938,854.2203913708296,834.8830831958301,841.9567842881625,795680
2022-04-05,861.7124633789062,863.471944627032,847.1395907279951,852.2840904824415,795640
2022-04-06,870.9664306640625,873.0342458253821,854.0531850747565,859.408026764033,941160
2022-04-07,869.6109008789062,872.5560928546208,859.8861002734441,867.7749635787051,749740
2022-04-08,882.252197265625,884.3176193398275,863.9332709217196,867.870523699356,685620
2022-04-11,880.9876098632812,885.477097210404,870.7870893352114,880.5884042491696,753380
2022-04-12,880.578857421875,884.4611321283143,871.2412977730046,873.7657480827254,1098000
2022-04-13,878.8862915039062,886.8516691119992,872.5560810969647,883.3136218228177,546600
2022-04-18,887.4493408203125,893.4018235482177,874.946675829092,874.946675829092,1075460
2022-04-19,858.145751953125,895.2664462111146,852.5829034380367,886.4452861478766,1318840
2022-04-20,875.1952514648438,880.6337858043709,860.1227303369043,870.1129089079631,1763540
2022-04-21,874.6066284179688,892.1415685584378,852.8915188315361,867.3057748829455,3706820
2022-04-22,873.8763427734375,876.8408373870909,856.7882108251686,866.7821190081153,2174140
2022-04-25,873.2493286132812,881.672073726448,857.6531209441558,860.0506877222573,1690140
2022-04-26,884.8311767578125,891.0029258615085,874.4649467970094,879.269699251938,1411860
2022-04-27,875.570068359375,887.2311533670901,872.0625755863937,872.1586471753395,1348600
2022-04-28,885.4053344726562,890.5512053331278,873.2661209472774,876.3147221552831,1579160
2022-04-29,880.7254638671875,896.8358112886633,877.6263636574752,884.554837108394,1267960
2022-05-02,886.0227661132812,887.918215067568,874.945384003269,877.7801995587829,831940
2022-05-04,869.0714721679688,887.5385045054628,863.4450681423461,878.3614406490996,1217140
2022-05-05,845.8165283203125,883.036523183105,841.1198715203984,879.7573034110957,1266260
2022-05-06,816.5892333984375,845.6219117585097,815.6066405136428,840.8219692702488,1799940
2022-05-09,792.9930419921875,819.4648066271241,790.3816313673211,816.493039635373,2302940
2022-05-10,793.77392578125,801.4326726899624,788.0274022257673,799.5107717962214,1343540
2022-05-11,793.3798828125,799.4675248512169,780.0466957056871,793.7739053305513,1235740
2022-05-12,779.330810546875,792.0393567156189,774.8504025597681,792.0393567156189,1435520
2022-05-13,788.12109375,795.7774356063295,783.410008580618,792.3036092749903,1108780
2022-05-16,779.2755126953125,793.745018433021,775.2202715695378,792.8801396253572,1049660
2022-05-17,784.2989501953125,787.4989317707001,776.6714056304194,787.4989317707001,1726100
2022-05-18,785.2695922851562,788.8611333674888,778.9465210111621,784.2990228096857,1920180
2022-05-19,773.2888793945312,780.5296153871084,768.7603768390092,776.9284558429237,1410040
2022-05-20,810.17724609375,814.8859264407258,780.7745924969026,784.1835499111041,3049540
2022-05-23,816.5339965820312,834.5854240754975,812.546028953322,819.68828812352,2063460
2022-05-24,825.797607421875,830.1795394049565,809.7497808132783,823.9670271977587,1848200
2022-05-25,830.4413452148438,844.9636967789845,826.5831151829285,830.2611670101975,1630020
2022-05-26,848.158935546875,851.8826187365016,832.2528117708234,837.708598853407,2111620
2022-05-27,847.6087646484375,856.5407829456847,840.2166483821592,852.8435517772906,850540
2022-05-30,850.7727661132812,864.2260742809739,847.3109627511957,850.441266314855,1041160
2022-05-31,850.0327758789062,872.427719600644,838.7655963986232,850.6838104396946,7190740
2022-06-01,828.413818359375,857.5738331156242,825.4612885652,844.6754891117266,1164940
2022-06-02,835.7289428710938,839.695267932174,817.7711825472296,828.3392320626548,1377980
2022-06-03,825.0240478515625,844.067689257657,822.8427300791209,843.8587130208467,1053720
2022-06-06,816.6588134765625,828.185466763518,814.5543885378214,825.0239026080582,720020
2022-06-07,804.6470336914062,816.7862473992072,798.0693559544167,809.6031661810927,1015240
2022-06-08,803.5347290039062,805.276451639463,790.2159702644299,799.0543211331433,1632720
2022-06-09,805.6679077148438,808.397032364199,792.0656867641825,801.4421663222937,574960
2022-06-10,805.9923095703125,810.6817520458087,794.5522259686412,800.519690200911,896200
2022-06-13,809.8145141601562,815.356812127593,794.7059969950384,801.91312514191,2369280
2022-06-14,810.63134765625,821.6125990623607,805.2764421219395,809.913039572146,1321620
2022-06-15,807.3088989257812,819.9309927992733,800.4717456803922,819.9309927992733,1295060
2022-06-16,810.7537841796875,814.3573478239746,798.3070612758994,814.3573478239746,1615080
2022-06-17,799.6260986328125,809.8386020761837,789.6610469731295,809.5046975953738,2912380
2022-06-20,815.2271118164062,817.9106058693309,794.5883193481197,802.3936371430002,978040
2022-06-21,815.4529418945312,826.4173603689311,810.0812032453592,815.8469057595611,1112620
2022-06-22,806.0043334960938,814.4054350310499,796.8945427966976,814.4054350310499,1047280
2022-06-23,815.6691284179688,818.9675860235511,802.3935960957749,808.1592985826907,633500
2022-06-24,827.9381713867188,828.8198247215532,813.0626174319941,814.407971622683,607600
2022-06-27,834.0208129882812,836.3727483987559,825.5861039763021,833.624444422097,1276840
2022-06-28,836.2142333984375,840.8243788276015,819.2582449631611,831.2220890738238,1044480
2022-06-29,840.7860107421875,842.0328298717662,828.9302611319335,833.6245134536459,1939440
2022-06-30,839.3901977539062,844.1372952080525,828.060613337322,840.7859923251625,2056840
2022-07-01,855.0081176757812,856.658519671382,832.7140541999719,836.026940454619,770940
2022-07-04,864.593505859375,865.9820862672758,850.6573199188934,855.2458816773607,974580
2022-07-05,864.1347045898438,871.7333922296522,860.0506651186101,864.5935373216834,828760
2022-07-06,883.5289916992188,885.4388688191397,855.3058841737529,864.134615651426,1567820
2022-07-07,874.7026977539062,891.2814968925795,873.1964033082571,883.5938936848806,1037580
2022-07-08,884.9945678710938,886.476815213605,875.521956312862,879.2696866346326,1176500
2022-07-11,888.369873046875,890.0803930752128,881.2876726140884,884.0744525011561,787640
2022-07-12,870.8685302734375,887.4377108136833,869.7105685975281,884.8792037870653,523780
2022-07-13,876.8504028320312,880.4659904254213,871.1015335134924,871.1015335134924,455020
2022-07-14,882.31103515625,886.0419322588523,871.2313071381194,876.8480342786079,1045880
2022-07-15,901.924072265625,905.0399470336473,882.9356821593158,884.0744060863021,990020
2022-07-18,894.9043579101562,911.5575872319137,891.4040794204609,905.1528735001782,879540
2022-07-19,883.0029296875,896.0141771656783,875.7357421887455,893.6790747001573,874560
2022-07-20,894.5054931640625,896.5667506036275,876.8672668015114,891.2815232420842,1093260
2022-07-21,905.2129516601562,907.6153278713623,893.3836535422482,893.683950568649,1013120
2022-07-22,912.3719482421875,916.9388672839384,905.001475226306,908.4704920328736,1264000
2022-07-25,901.2537841796875,913.38337856794,899.0675985030532,912.3719876303459,719180
2022-07-26,889.3355712890625,902.3324492504179,876.879286593634,902.3324492504179,2789420
2022-07-27,890.8922729492188,896.9991525559625,881.671982117412,890.9932126232826,899460
2022-07-28,918.303466796875,929.4793252524545,886.9572677260435,892.4827328283454,2609140
2022-07-29,930.1568603515625,933.229508968519,912.9534181685704,918.3035147850004,2276500
2022-08-01,925.1646118164062,936.9266352687293,917.947864964568,934.1398556620989,1171340
2022-08-02,934.9470825195312,936.9746737827664,927.326752902064,931.016769585176,1124380
2022-08-03,930.4834594726562,939.1488462046973,915.3052641913147,929.2414498381037,1026500
2022-08-04,953.7432861328125,957.289195507427,931.9345094434335,932.073866022061,1765600
2022-08-05,957.1787719726562,961.9114414100804,947.9320282198572,953.262886991808,1251200
2022-08-08,944.275634765625,960.3402943729872,939.3291209145116,956.3859924196089,1149180
2022-08-10,949.8754272460938,968.1575321450699,937.1668816123865,953.772132748324,1444140
2022-08-11,945.5559692382812,960.1047725771107,941.1356207962717,951.3409094969161,1009220
2022-08-12,939.0046997070312,949.248464120684,932.7801644205349,946.5361721517343,978060
2022-08-16,945.717041015625,953.9643586914304,936.1003219737156,939.3291015353064,1321660
2022-08-17,948.2322998046875,953.4526585143888,945.05636555563,945.671329277977,792000
2022-08-18,939.6965942382812,948.10971975111,935.9656972416096,947.4971021357568,978420
2022-08-19,934.0870971679688,945.0899919444877,929.7195936389492,941.7314746937159,733960
2022-08-22,934.6299438476562,943.1728068830081,929.719501435874,932.1699131976792,795880
2022-08-23,942.9638671875,946.0053130130185,924.9700927966711,927.3172190510217,857620
2022-08-24,945.1451416015625,947.3505063066794,930.5867784992508,942.6370751799191,675360
2022-08-25,938.2071533203125,950.6682475071984,935.1993737859464,945.142782541449,518180
2022-08-26,938.2769165039062,944.9050351493049,933.4673544803329,938.8486539079427,559780
2022-08-29,943.9583129882812,949.37087265991,926.6011479743229,932.1218028257226,969240
2022-08-30,957.3876342773438,960.7101389728863,944.6142201653886,944.6142201653886,2195020
2022-09-01,948.1193237304688,963.352768716665,940.5109591127957,946.5361368438055,1581240
2022-09-02,939.8960571289062,953.6472558054612,938.3681200973951,949.0490750294293,624820
2022-09-05,925.3809814453125,940.8979520712992,923.8098178606234,936.9268167559138,994480
2022-09-06,914.9160766601562,927.7015738169932,910.2627046755409,925.4288767697421,1187400
2022-09-07,921.517822265625,927.6558459983939,913.6235889560653,914.9160390857838,1114720
2022-09-08,918.8487548828125,926.2120138162943,913.1431119183137,922.5604140493665,1092940
2022-09-09,915.3653564453125,930.6805041320492,912.4608626164411,930.6805041320492,968680
2022-09-12,911.3748779296875,920.5880126920131,907.6223973847567,915.3796783186967,871200
2022-09-13,915.9610595703125,925.7075149950747,911.4614142128465,911.4854614324894,1022920
2022-09-14,918.1281127929688,924.1629098850071,906.702397651737,906.7048023739775,1232020
2022-09-15,913.3352661132812,925.253419908821,911.8337812008995,922.2240567945819,669100
2022-09-16,884.2762451171875,913.3353776829358,881.2180249662077,913.3305682384884,2323260
2022-09-19,901.6237182617188,905.2152585790736,877.6984350446739,888.6989239115283,1072620
2022-09-20,894.48388671875,909.0590832194592,892.487498175744,903.7738559914391,1676000
2022-09-21,896.0814208984375,907.5887782509801,893.2538197100151,894.4526029643226,925980
2022-09-22,895.5240478515625,904.9750159069378,892.7493505643864,896.0814154917086,1558620
2022-09-23,888.68212890625,896.384160613401,886.4791688328359,893.2514528540507,716840
2022-09-26,886.6353149414062,907.6128794296687,883.9566890556451,888.677334622568,2261700
2022-09-27,897.1744995117188,903.0531063367858,891.0748342193051,891.1877975008412,1386280
2022-09-28,905.260986328125,911.8939728457909,890.1139926049572,896.3265632861849,2110340
2022-09-29,911.9012451171875,919.1491958306427,902.8730959828837,909.7895469113284,1743900
2022-09-30,919.8602294921875,922.2722245849438,907.8099315692652,910.5005811870116,1619460
2022-10-03,912.54736328125,919.819360366347,901.8519802827195,918.5484940359559,1040920
2022-10-04,925.0037231445312,929.7195593197083,915.3629572669334,924.914807075162,745780
2022-10-06,927.3244018554688,938.135094458059,924.3021939104477,929.3399696250434,1340720
2022-10-07,928.3262329101562,931.1610486586134,920.9557588855797,926.1256773463311,792260
2022-10-10,918.6229858398438,922.7526562625501,913.1407471794151,917.7076664730386,692380
2022-10-11,886.474365234375,923.2162907777764,884.566892710945,922.7526486186929,1098520
2022-10-12,899.7091064453125,901.7006856590345,886.4743951130829,890.801076907672,774960
2022-10-13,901.546875,909.1384068821122,893.924140381657,902.8129318877365,605540
2022-10-14,909.4434814453125,913.5635328220027,905.6957514269806,910.9257286678122,441300
2022-10-17,909.0662841796875,915.7857227514869,902.9185829377699,905.6957436445713,348500
2022-10-18,931.5382080078125,933.5177636577713,912.4224840921096,913.8639098173736,1070220
2022-10-19,948.4148559570312,953.6472381301428,925.1309869611373,931.5381638896873,2609600
2022-10-20,963.8861694335938,967.8548995783057,946.536215685808,947.4491303652991,2257080
2022-10-21,975.1220703125,977.7670887881916,960.1096241626555,963.8861524157833,1143860
2022-10-24,1002.994384765625,1011.4003551872305,977.7694939412202,978.0073268330679,903960
2022-10-25,974.51904296875,1011.3426117417094,971.3767163018601,999.3884447277702,1427060
2022-10-27,967.3527221679688,983.7729858193319,956.6261366379925,983.460665204593,2029480
2022-10-28,974.5215454101562,978.8217755442664,963.360114458396,967.3528333866202,1298600
2022-10-31,984.2340087890625,989.3863744797667,973.9196602719735,980.3214275895097,1591100
2022-11-01,995.18408203125,1002.187599188559,984.5530755151628,985.9813087363974,794120
2022-11-02,985.3916015625,1000.5030717038662,977.4286722485016,995.1863887141355,866340
2022-11-03,987.136474609375,989.6280798570787,973.9221166713461,977.4432274830372,706560
2022-11-04,987.2258911132812,992.528059966391,981.396844822005,987.1364458505421,377460
2022-11-07,989.8817749023438,1001.4697747329446,984.5627317019593,988.4922462572526,1354440
2022-11-09,982.1315307617188,1007.3834154485455,976.5780183174855,996.4164585385612,1044900
2022-11-10,975.142578125,986.0030980893422,968.8422918088861,981.1503972949486,779820
2022-11-11,982.2572021484375,990.8363953274926,976.3411885861586,980.0193595394451,716740
2022-11-14,969.821044921875,985.6381659617194,961.4835188259178,982.2814314156278,969520
2022-11-15,969.3546142578125,975.6572603420111,959.4196408328016,974.5963663468979,786820
2022-11-16,971.4014892578125,973.6417508281967,958.21126337751,966.2901882279481,895520
2022-11-17,966.234619140625,973.4218054965587,960.9977052880398,972.9529848851049,555640
2022-11-18,963.0493774414062,968.8807831825111,956.0361851347349,966.4278827992429,733720
2022-11-21,955.15185546875,959.8836635480307,950.5070146223383,959.5163243405393,996880
2022-11-22,947.98876953125,959.3858427335945,944.9220241546273,955.1518248468501,948440
2022-11-23,945.6493530273438,957.6312413304779,942.9861736190963,952.1695346128241,1034440
2022-11-24,953.8831176757812,960.5990059958817,942.5440417377482,948.5446629059024,1193920
2022-11-25,943.9215698242188,958.1630146021896,939.6029446363658,957.0029991666689,1157160
2022-11-28,957.7496948242188,959.1900231141299,940.5695378072703,943.7112140640778,1060000
2022-11-29,972.5277099609375,984.7947507375197,953.6196531068106,954.586322800786,1474460
2022-11-30,975.5556640625,983.0546101729119,958.9555453837625,972.5275646185651,6267780
2022-12-01,969.0621948242188,983.5815927620558,963.5280343297077,975.8530731435565,1058520
2022-12-02,954.644287109375,973.3251900898208,951.1667189677469,969.0621438485762,1392340
2022-12-05,954.6925659179688,959.4195945034801,945.0500600924349,955.0599050923539,1699980
2022-12-06,962.372802734375,966.1863216091203,946.1279262380456,954.1512725863088,1362180
2022-12-07,962.3607177734375,970.4952807791929,958.3683673299287,962.8029880262164,1139120
2022-12-08,957.2615356445312,971.4546577861889,953.6679129697332,961.8362831544778,812480
2022-12-09,978.3543701171875,980.9256856285145,959.1393902745858,965.1230782398059,1535100
2022-12-12,990.2250366210938,991.8030729231152,973.6780167658945,978.7530324899163,1621200
2022-12-13,985.4376220703125,997.4074173311773,982.6198009890376,993.7848838035047,982680
2022-12-14,969.7388916015625,988.4511843220874,966.9911635829482,985.2853763666047,1633600
2022-12-15,953.9990234375,973.9172322644363,949.0012989745552,969.738793352603,791080
2022-12-16,954.0401000976562,959.9029538323048,945.8910821014155,953.3779337533842,1386420
2022-12-19,970.6160888671875,972.4696590238776,957.0005257309124,957.0029447650486,1308960
2022-12-20,973.2213134765625,974.7824755756604,959.4704018249355,973.9197063626933,933520
2022-12-21,981.8561401367188,983.4898143528283,969.6736470115682,974.6447626559868,1407560
2022-12-22,981.48876953125,987.9364399527819,974.2822303497163,985.7614331133556,753760
2022-12-23,973.0859375,988.6613905298625,969.3304164468542,976.3363524176594,1488080
2022-12-26,961.7155151367188,978.5427895726863,959.9030094542146,975.1256381529729,667640
2022-12-27,955.8429565429688,967.5251807286845,954.3446303567563,961.8363202886528,805820
2022-12-28,959.1103515625,961.6381834292362,952.6530049409208,956.519683804202,706920
2022-12-29,957.3896484375,962.6845602243058,948.8128742967581,958.936296282784,797020
2022-12-30,947.6262817382812,961.3530030847566,945.4923985262101,958.9145575606134,852880
2023-01-02,945.4778442382812,952.894602932251,942.563321097264,948.1410238313667,503280
2023-01-03,953.4891357421875,955.1155527694142,941.3405097388444,947.2879709445158,628300
2023-01-04,943.4647216796875,956.9062912176018,942.5028901170192,956.0362649494688,639680
2023-01-05,955.8429565429688,961.553588290845,943.4454062425989,944.4362662532802,1027860
2023-01-06,961.1234130859375,963.1147502430323,955.8695657976252,957.0029718237516,787720
2023-01-09,970.811767578125,974.6108310828251,961.6671107879325,963.5255189611123,722880
2023-01-10,967.8272094726562,975.804652815381,964.4970255751832,969.7170650866377,633360
2023-01-11,954.9873657226562,970.7730966303661,953.0105429334952,970.0529325066682,650200
2023-01-12,960.5433349609375,964.2529532561277,954.1029221692212,954.9874036379235,661240
2023-01-13,956.2465209960938,964.2529337016439,953.3803196488358,964.2529337016439,695420
2023-01-16,953.8903198242188,958.9363071523419,952.2179411841219,958.9363071523419,485300
2023-01-17,964.0474243164062,965.0358651603735,952.7833405531892,953.9046512581136,803740
2023-01-18,958.1315307617188,968.694804024774,955.714856613197,964.2505662260094,727980
2023-01-19,951.256103515625,961.5946425912144,947.8993690875545,958.1315296600977,619980
2023-01-20,928.0053100585938,950.6157279907316,925.5789597263027,950.2411316902812,1440440
2023-01-23,936.0794067382812,939.6029366309145,925.6369668749628,930.4195745959415,758000
2023-01-24,932.3865966796875,939.3128218271092,925.5281044822899,937.6694717774368,754240
2023-01-25,929.7188110351562,935.2771620296719,925.5862743041158,935.2046499991409,823200
2023-01-27,928.7931518554688,937.3796023854751,919.5952756715299,930.9053227504925,895540
2023-01-30,926.3546752929688,928.6626108814303,917.2728540560357,928.2928526603783,996600
2023-01-31,919.1941528320312,928.0029187370634,914.9045560071398,928.0029187370634,2350000
2023-02-01,922.6788940429688,926.89355942074,914.2398871511051,923.1694859546097,1376100
2023-02-02,916.1417846679688,924.5711744769933,911.1103117512829,924.5711744769933,1418440
2023-02-03,918.5440673828125,920.9776158519232,907.2243440487151,918.5972271357745,1111560
2023-02-06,919.3753662109375,921.236193521504,906.4606736078142,918.3361845177636,1382680
2023-02-07,917.2728271484375,923.1646501691974,912.5361224042692,919.4961554770105,797460
2023-02-08,918.0897216796875,921.4706466402329,913.0268008589738,915.9195528944795,465340
2023-02-09,918.3506469726562,922.4130901833385,915.9605233129599,918.2878110877494,694680
2023-02-10,919.4889526367188,921.7267953018713,912.2969278706005,918.8195291644727,527660
2023-02-13,919.6314697265625,927.9544807002031,915.9170135226826,922.9277870538159,649780
2023-02-14,922.3430786132812,930.9029199156231,919.6653846674204,923.8848884624183,771780
2023-02-15,930.9487915039062,932.7782303680215,914.955258391632,921.9611944396736,639960
2023-02-16,948.730712890625,956.9957268610541,925.1028844983015,939.1195948694879,3480140
2023-02-17,919.3656616210938,946.1303272231195,909.7351917522216,946.1303272231195,3768700
2023-02-20,909.7835693359375,925.3445078202158,907.7027869868714,919.7861574206689,1306220
2023-02-21,911.0232543945312,915.1364382277361,906.7360771149007,912.5892544131921,899080
2023-02-22,902.5867919921875,912.6715691877527,900.5084284811303,912.6715691877527,841600
2023-02-23,901.3228149414062,909.8367532551624,896.6344316880486,901.9003741031182,985360
2023-02-24,902.9129028320312,911.0377892557931,899.7277429750383,905.8298449116807,777500
2023-02-27,900.1023559570312,910.8444604387707,893.7827178395053,903.8361056091809,1032500
2023-02-28,902.3861694335938,905.044511121802,892.2433946360487,900.4625061611696,2183640
2023-03-01,907.647216796875,909.6554871421869,897.801688834229,903.8361170059038,1278520
2023-03-02,893.287353515625,908.6694605439144,892.0814355011598,908.667041509784,781400
2023-03-03,891.7479248046875,899.7108543423709,889.6019464762225,896.5377894984017,920360
2023-03-06,894.88720703125,896.7819008610217,890.5444505357391,895.2327749246568,1058980
2023-03-08,895.0515747070312,897.7365258782585,889.2177487691,889.5778308882905,914920
2023-03-09,895.8948974609375,897.9877749946725,890.7860743675518,894.1694181117584,1132300
2023-03-10,893.4806518554688,895.619432059614,887.1634916436717,895.619432059614,472680
2023-03-13,885.3461303710938,894.1645717309448,882.5717932467024,890.783647052305,729520
2023-03-14,882.7941284179688,891.0277537174682,880.2977441566799,886.919407687309,877580
2023-03-15,869.68115234375,887.9391351404153,864.2025715881356,884.5026319945683,1559160
2023-03-16,891.7841186523438,894.1694042754996,868.4439206472532,869.519328806283,1660860
2023-03-17,911.4800415039062,912.2944890105224,892.9586768317521,894.116273186418,2668600
2023-03-20,915.3321533203125,917.8527276239668,901.5208268761859,913.502714696839,1512900
2023-03-21,914.8271484375,930.854547693188,909.6385561911491,917.852829150448,1955240
2023-03-22,909.6216430664062,918.771197431211,903.7733033772072,918.771197431211,564960
2023-03-23,920.484619140625,926.5480761182628,904.3267680281112,909.621680108059,1133700
2023-03-24,916.0693359375,923.169496044796,912.9228215738462,918.5802343394129,525980
2023-03-27,913.0678100585938,924.5132047244897,909.3968962070329,918.3361714740589,717080
2023-03-28,915.7261962890625,919.3004669499394,911.0861935227479,913.5028677761239,709620
2023-03-29,920.8955078125,924.3779142176566,912.3525406127942,914.9528845040649,972120
2023-03-31,952.3870239257812,954.6780261357429,925.82780052083,925.82780052083,2968880
2023-04-03,952.4330444335938,956.5196191406583,936.9952994351451,956.2296300456837,1274800
2023-04-05,958.0687255859375,960.5313614628577,947.3846182729634,950.1879839754475,943020
2023-04-06,952.568359375,958.9363194718264,947.5779507684051,956.7613126988309,819560
2023-04-10,943.9625854492188,952.964696527533,942.5512265257685,952.1696013035701,448280
2023-04-11,950.9418334960938,951.9278553339018,941.2944901054957,949.656205453619,882520
2023-04-12,939.617431640625,951.9279557042313,935.9754871456611,951.9279557042313,1137640
2023-04-13,940.828125,951.2028900010442,938.4549346027833,942.5028635681078,923020
2023-04-17,978.4822998046875,986.4863526226028,942.6067851357639,946.852897985144,3887020
2023-04-18,998.6302490234375,1000.5031716273293,976.3364283513068,976.3364283513068,2797200
2023-04-19,996.5736694335938,998.7461981921329,985.423101564485,998.5625875925844,1797480
2023-04-20,989.5362548828125,1001.5036299423418,985.0363793144157,995.4280781148377,1044260
2023-04-21,995.6446533203125,1000.0236819706091,990.3280322391628,994.4909853254557,886100
2023-04-24,1004.9929809570312,1005.9499040016708,990.9911178870761,995.8438052168084,1157360
2023-04-25,1003.8223266601562,1016.6171547096797,986.4711741135785,1005.9498764122945,3369280
2023-04-26,1021.3604125976562,1024.408477205859,994.4617345891692,1000.6064867333378,2497880
2023-04-27,1027.240478515625,1029.7980445464523,1020.0876899788858,1023.3034444299622,2044640
2023-04-28,1057.07080078125,1061.3551929544683,1026.400283211845,1028.923813564598,3330320
2023-05-02,1056.3154296875,1073.4698376209797,1052.752436034175,1058.94581176814,1783400
2023-05-03,1062.623046875,1066.0305658535617,1048.1815609147673,1056.2741961278696,1140260
2023-05-04,1053.78466796875,1068.4156643108345,1051.0692550448716,1062.7759970358625,1270680
2023-05-05,1069.625,1072.483672181451,1056.511990232424,1058.9432550485174,1101520
2023-05-08,1067.8470458984375,1083.233355052492,1057.0220413642276,1071.0894833590783,1513120
2023-05-09,1067.2691650390625,1075.701922821712,1061.214187130998,1068.6608481726414,865740
2023-05-10,1071.0897216796875,1074.970899192776,1067.1793704058443,1067.2692635385763,1208820
2023-05-11,1069.62255859375,1080.0760134644447,1066.2465857781478,1073.4696994283352,1378740
2023-05-12,1058.6617431640625,1072.032101986671,1056.0313608869567,1069.5838778329933,1339220
2023-05-15,1058.2947998046875,1069.627500342983,1056.5776988095643,1059.9172639744702,1451400
2023-05-16,1057.99365234375,1068.1264334425862,1055.0596736870564,1062.588874857475,1545140
2023-05-17,1055.6669921875,1063.3807242132505,1049.230738812838,1057.9937774766154,1335760
2023-05-18,1053.0972900390625,1066.2321229568047,1051.6691989379442,1061.374573421694,1023500
2023-05-19,1053.6097412109375,1058.9458116213066,1044.6695255435059,1058.9458116213066,1464400
2023-05-22,1044.1204833984375,1054.0395609859543,1040.5890356174586,1054.0395609859543,1021900
2023-05-23,1039.6953125,1049.7163795506672,1037.67449613854,1041.9443008496905,1109180
2023-05-24,1038.5731201171875,1044.2758777356426,1033.4435200583637,1039.6952423661492,887280
2023-05-25,1043.15380859375,1050.7849992672038,1035.1849850514063,1044.3730581634923,1630040
2023-05-26,1048.3441162109375,1050.6392369824216,1038.058232375195,1043.6420419346719,1263180
2023-05-29,1055.518798828125,1061.3745414101843,1046.9038828067278,1055.3002328241407,1068740
2023-05-30,1047.9896240234375,1055.4775555718875,1044.9098949391534,1053.1167343280642,939620
2023-05-31,1052.7813720703125,1061.7799332266131,1045.1015594321336,1048.2589659560979,8495880
2023-06-01,1062.5548095703125,1065.0152482734445,1047.9093467465507,1058.2656744386707,1197320
2023-06-02,1070.9171142578125,1073.2754447950695,1059.917185129143,1068.660773274113,1164960
2023-06-05,1060.604736328125,1074.9611916603003,1058.460109101058,1068.6148312627517,1630180
2023-06-06,1054.3505859375,1065.3359295734012,1050.083152730536,1062.5477008570572,1570460
2023-06-07,1086.5244140625,1089.2933119813144,1056.512089014861,1056.512089014861,3136240
2023-06-08,1075.8935546875,1096.715432501582,1072.9087001085302,1091.0054409139846,1458580
2023-06-09,1072.228759765625,1082.262042618942,1070.6476843073028,1073.562214045056,1418300
2023-06-12,1082.71630859375,1085.613761160364,1070.07695448256,1071.089734644597,1247040
2023-06-13,1092.589111328125,1101.5950264803694,1082.861916534638,1085.6136185267046,1666940
2023-06-14,1104.0604248046875,1105.1412771452656,1092.948778886013,1094.1631664181086,1447540
2023-06-15,1115.594482421875,1117.236277069862,1099.3847843818978,1104.0601753239837,1475140
2023-06-16,1115.708740234375,1125.749257677576,1111.2762260612074,1115.5946542263864,1470820
2023-06-19,1107.2713623046875,1124.5229001011164,1105.639173214969,1118.4509621956029,866620
2023-06-20,1115.0771484375,1117.2339905020913,1103.635224028095,1107.2711519358484,1377540
2023-06-21,1111.9708251953125,1120.6221498347609,1105.821209853591,1115.1040396843355,1292840
2023-06-22,1094.5467529296875,1111.929450529277,1092.5940086098865,1107.5212482268767,998060
2023-06-23,1094.7386474609375,1098.7752994636444,1090.6971331651432,1094.5467647727544,870300
2023-06-26,1099.3023681640625,1102.6637545234,1093.1915328435734,1093.9225371308637,700300
2023-06-27,1099.6156005859375,1110.921498879772,1093.1963066430949,1099.3289624906495,882660
2023-06-28,1104.805908203125,1107.5213211531193,1096.8347119139225,1101.2065066026848,1112480
2023-06-30,1112.1019287109375,1114.6254588973827,1099.020581034081,1105.0925179458716,737240
2023-07-03,1099.38720703125,1114.8075540662583,1096.9803720182106,1114.8075540662583,1105380
2023-07-04,1098.9744873046875,1109.7072291374022,1094.1873815619956,1104.9954296461747,602980
2023-07-05,1112.3739013671875,1114.5160378650373,1096.834606263951,1097.126106652132,777760
2023-07-06,1122.067138671875,1136.2997809982446,1112.621601410342,1114.0788661142194,1807340
2023-07-07,1112.68017578125,1129.2273914052982,1109.950175754979,1124.768075115644,1129280
2023-07-10,1096.8468017578125,1119.2960100429705,1095.3774404332637,1110.8729762999458,727760
2023-07-11,1110.0616455078125,1115.2860010541992,1095.3918714462843,1098.2918139286533,1370520
2023-07-12,1120.1533203125,1122.0939683206507,1108.347079102807,1114.2732659529227,961800
2023-07-13,1108.5291748046875,1123.140721268069,1106.3967628106768,1120.1532572482079,864320
2023-07-14,1123.942138671875,1126.9514236318294,1107.5212266726599,1108.5291444214147,909140
2023-07-17,1120.673095703125,1136.4406826606935,1115.0505057843152,1126.9515022520632,835900
2023-07-18,1116.12646484375,1126.4657161427247,1108.517094664387,1126.4657161427247,651680
2023-07-19,1114.367919921875,1118.4507042590772,1107.5940343507636,1114.8075423559533,557620
2023-07-20,1117.62255859375,1121.34102708807,1105.1411701340721,1114.370514484318,755840
2023-07-21,1116.3887939453125,1128.503613703413,1113.0007239960278,1117.9627539847575,736860
2023-07-24,1108.4976806640625,1119.5972289335732,1103.0401715094733,1116.2721318720037,841620
2023-07-25,1106.2049560546875,1124.0370020519351,1101.4614923546135,1124.0370020519351,1251520
2023-07-26,1107.5164794921875,1112.3788915303069,1102.760919317348,1107.079347452176,689240
2023-07-27,1084.46240234375,1112.3787222469427,1072.354937729177,1110.3968043031196,3587480
2023-07-28,1092.0208740234375,1099.3533306671354,1077.7590566963831,1084.4624986376245,1344220
2023-07-31,1095.5377197265625,1100.4291865542598,1089.5337365261105,1100.2349320165163,972180
2023-08-01,1097.5003662109375,1102.1781300854298,1089.3056221756617,1098.2095495587082,1300380
2023-08-02,1111.51904296875,1114.2319653975508,1093.4635693745881,1102.1779847406106,2093220
2023-08-03,1091.7730712890625,1111.7933842387904,1088.185766493212,1111.7933842387904,899420
2023-08-04,1090.7384033203125,1102.607853708942,1088.6739448309609,1092.751867028505,820200
2023-08-07,1090.9715576171875,1095.4550662195297,1075.9471905505281,1090.7384047337246,824920
2023-08-08,1079.796875,1092.8976721228848,1073.5184683838213,1091.4914020173967,1160640
2023-08-09,1079.269775390625,1085.9658644013284,1076.5592249340668,1082.2619830634205,745700
2023-08-10,1068.1629638671875,1080.539989639688,1063.5603886010017,1076.578644068536,1411580
2023-08-11,1061.0054931640625,1069.1467516825019,1056.5171217216907,1068.1631452475656,767260
2023-08-14,1063.779052734375,1070.6039336524327,1054.537612041738,1061.0953040128395,815760
2023-08-16,1066.130126953125,1074.9757056283413,1058.2341185633763,1074.9757056283413,578600
2023-08-17,1052.507080078125,1070.0355270420946,1049.3471827184123,1063.8032535931316,1399840
2023-08-18,1060.4029541015625,1062.8317286185152,1041.9442677727218,1052.507065071352,1313340
2023-08-21,1070.3294677734375,1077.215067786334,1055.8053238699663,1060.4030370836551,741920
2023-08-22,1069.9215087890625,1073.1518506607501,1064.097311143758,1070.3295856780994,810440
2023-08-23,1077.5574951171875,1081.7665808574482,1066.232146587282,1073.518471051432,1227560
2023-08-24,1080.5570068359375,1082.747766369376,1075.621779315554,1082.4077616282746,920400
2023-08-25,1077.8173828125,1082.2838140443089,1074.0648785101025,1077.8901986155995,839280
2023-08-28,1070.33447265625,1079.082925060093,1068.6610134542732,1077.9631743843743,830140
2023-08-29,1071.7210693359375,1077.3946534136383,1066.232015197513,1072.082895071626,1048560
2023-08-30,1078.3031005859375,1082.2619557248574,1069.1538071010496,1071.7210977381394,1296640
2023-08-31,1068.000244140625,1082.6991941262406,1052.6333810780884,1080.8047971996182,4661300
2023-09-01,1064.5587158203125,1073.9896676771768,1061.8603801279526,1071.089724694481,716980
2023-09-04,1055.9439697265625,1067.6871205969885,1050.809506158884,1067.4563395344476,1481820
2023-09-05,1066.4482421875,1068.5928691313711,1056.7380060927635,1056.7380060927635,1246260
2023-09-06,1068.860107421875,1073.5185405240657,1057.7120539887846,1066.4484097673817,1125840
2023-09-07,1063.62353515625,1072.7946501157737,1060.0314864705788,1067.6068205487795,823180
2023-09-08,1062.9896240234375,1067.6577810399415,1060.403002762686,1066.0378073375955,609540
2023-09-11,1074.8323974609375,1078.3735698659696,1062.5112284381373,1064.2890487838786,939540
2023-09-12,1084.0958251953125,1087.8483300333103,1069.491629481386,1075.1846638897066,987580
2023-09-13,1077.394775390625,1096.3076731975605,1075.9496069493646,1082.0458554084971,1016500
2023-09-14,1091.8653564453125,1093.4343353644986,1076.2871628062067,1079.8331974745804,1621120
2023-09-15,1098.8895263671875,1102.7124751492713,1084.15416738743,1092.9487521926715,2322820
2023-09-18,1108.463623046875,1109.464306706897,1090.6485365225592,1098.7776977981616,1150640
2023-09-20,1101.704345703125,1108.8110024359457,1095.671307049607,1095.671307049607,1149000
2023-09-21,1094.5760498046875,1101.2041861043056,1085.6623983365914,1100.7184311162357,923660
2023-09-22,1094.5274658203125,1099.7469602772865,1087.1197019886206,1093.9202720636165,766020
2023-09-25,1099.6884765625,1103.086389328575,1090.5684749033942,1096.3489113142566,688540
2023-09-26,1117.505859375,1120.2917159785281,1097.6142194292172,1102.6636512313978,1320020
2023-09-27,1111.0672607421875,1117.5058853316848,1104.6771404895558,1117.4792020167831,833060
2023-09-28,1094.8162841796875,1112.7649047673729,1090.4129442890999,1112.3787675553137,1039620
2023-09-29,1093.28369140625,1102.9065246485832,1089.5482646054932,1095.4234560187986,904580
2023-10-03,1083.9742431640625,1097.5486981446932,1081.0548512360317,1093.283755547798,1000260
2023-10-04,1116.5660400390625,1134.6651546537878,1095.4259762646764,1107.7664757442794,4269760
2023-10-05,1113.2872314453125,1122.4436409103096,1106.3068760319572,1117.4792396537948,1360000
2023-10-06,1112.973876953125,1120.5200370297512,1108.2450005712442,1116.7482022128052,776240
2023-10-09,1111.4970703125,1116.3036243883441,1107.5211381154422,1108.1065107016343,475100
2023-10-10,1115.684326171875,1118.0621060573526,1108.7525937875278,1115.2933266565424,793260
2023-10-11,1127.051025390625,1130.5410843397158,1113.8360249211873,1115.6842891748684,1346760
2023-10-12,1120.8865966796875,1131.8088471124565,1115.3927992302251,1128.068558331915,1084440
2023-10-13,1144.164306640625,1146.3745155120685,1115.0700027059145,1120.8819851264595,1815820
2023-10-16,1122.50927734375,1143.9529397073213,1116.024401140248,1143.9529397073213,1732160
2023-10-17,1133.0379638671875,1134.8303711010558,1123.5511558300502,1123.5511558300502,763320
2023-10-18,1130.00927734375,1138.956964196409,1126.951487872598,1133.0380116481153,713420
2023-10-19,1172.240966796875,1176.838561765537,1122.1183109176673,1129.7154665947064,5848240
2023-10-20,1179.3983154296875,1202.0005052556746,1165.899167725424,1170.666942219876,4158680
2023-10-23,1175.4176025390625,1198.597932440807,1172.0464917462384,1180.3844941954708,1584600
2023-10-25,1178.5726318359375,1191.5422648401845,1173.2487767402774,1179.4129783833812,2227000
2023-10-26,1143.7392578125,1178.4707383857476,1137.6867698230706,1178.4415646251591,2538800
2023-10-27,1168.578125,1176.8869527759014,1138.626403052558,1143.9770594938975,2608740
2023-10-30,1174.152099609375,1177.9555983155988,1159.256407058349,1170.6692750270486,1452280
2023-10-31,1177.2174072265625,1181.841803879163,1171.7405675535256,1180.38453901618,1032780
2023-11-01,1166.365966796875,1182.3594782751013,1161.8368455812886,1182.3570926436998,1273800
2023-11-02,1178.0479736328125,1179.904591533009,1161.4999197997158,1172.1069156337708,2141360
2023-11-03,1172.5391845703125,1182.3571316451223,1171.4545572178815,1179.5673741922842,954280
2023-11-06,1186.732421875,1191.6645958535014,1175.453632963269,1179.916672494566,1485520
2023-11-07,1190.6385498046875,1196.0373533811266,1178.4509544041734,1186.607786665229,1059300
2023-11-08,1186.3416748046875,1192.7493626549153,1183.336852216123,1190.616727068359,726100
2023-11-09,1183.6641845703125,1192.8616295554382,1181.9835070722847,1189.6858767018193,844460
2023-11-10,1179.2890625,1184.7757773217809,1175.3046993713433,1183.664311416538,566340
2023-11-13,1176.7801513671875,1187.14536361591,1174.1491573562312,1187.14536361591,570560
2023-11-15,1181.0892333984375,1184.751058270179,1172.976416797681,1184.555675060957,1533940
2023-11-16,1176.6361083984375,1185.8995169958384,1174.8332863852888,1182.1154277047754,1388360
2023-11-17,1190.81201171875,1196.2767781303332,1175.741857329135,1177.4714402725137,1401020
2023-11-20,1187.3675537109375,1192.3143996431675,1180.696134609143,1190.9097396871023,1082300
2023-11-21,1190.83154296875,1193.098608663099,1181.392195198451,1187.4872453326109,906580
2023-11-22,1189.7274169921875,1197.991722367554,1185.288710629562,1190.6654473811934,736420
2023-11-23,1191.8013916015625,1201.406779089232,1189.7419951882525,1192.8151657177932,736280
2023-11-24,1179.37451171875,1195.6880580565335,1177.864764663602,1194.5717016775234,808240
2023-11-28,1183.26611328125,1185.2887712313554,1166.876703302927,1179.3281508135506,1753940
2023-11-29,1175.883544921875,1188.9529891211728,1173.1255162202817,1183.3832550068146,1254300
2023-11-30,1184.12353515625,1189.2071974227672,1170.892820718978,1176.4944036678487,2944060
2023-12-01,1189.12890625,1190.4186979535045,1180.2269220797846,1189.1948689626643,1273000
2023-12-04,1192.265625,1198.7246036596682,1179.3598344025474,1191.5913261881456,1987840
2023-12-05,1202.3353271484375,1205.508694990718,1192.2658125450084,1194.6207892894884,1343740
2023-12-06,1219.904541015625,1226.1777985536964,1206.883881607382,1208.1932356535374,1592160
2023-12-07,1220.234130859375,1229.7516083484427,1212.321706348035,1219.9044365646039,1201700
2023-12-08,1211.163818359375,1230.0278443497984,1209.5393223527255,1221.1992172896505,1401520
2023-12-11,1223.5662841796875,1227.3063582755635,1203.8057389733376,1215.5805013493639,1078740
2023-12-12,1218.861328125,1233.2058928114673,1211.7818468538453,1223.566270910453,1282460
2023-12-13,1223.61279296875,1225.3521571942642,1212.8934331079588,1219.411098767424,891440
2023-12-14,1211.3446044921875,1228.4789274783382,1209.2339167929829,1228.4789274783382,2094520
2023-12-15,1190.487060546875,1219.105574222589,1183.3343406332183,1214.1170992870593,3190820
2023-12-18,1189.8934326171875,1200.9523849262732,1187.193971379746,1194.571536557412,1326480
2023-12-19,1245.3690185546875,1255.8881034254703,1197.5471238303544,1200.4247919958168,7057320
2023-12-20,1226.21923828125,1259.4767337225496,1224.1403987978974,1255.350664376173,2889760
2023-12-21,1227.103515625,1233.560108199844,1216.933806786003,1226.2191620003275,2212760
2023-12-22,1239.445068359375,1241.4727360538664,1226.3292229165145,1233.1693062315867,1776560
2023-12-26,1248.904052734375,1250.7581658296258,1239.2765967292366,1245.1884310850533,1235700
2023-12-27,1256.642822265625,1258.9635645493213,1249.8052446582892,1250.7579465815975,1428320
2023-12-28,1282.5107421875,1288.5739445803042,1259.317988087646,1263.9424159676134,3155440
2023-12-29,1298.6534423828125,1302.0588126559674,1277.4173820710473,1282.5157160307372,2068160
2024-01-01,1337.353515625,1340.9127588244455,1301.5701138137854,1302.0586911838357,2632200
2024-01-02,1330.0614013671875,1353.01726032032,1320.3338694058732,1343.5876937406608,2831540
2024-01-03,1301.335693359375,1339.5473129446946,1298.296756227958,1336.0149078652196,2026920
2024-01-04,1324.8458251953125,1326.4898831972753,1302.158826733488,1311.8814682295333,2647800
2024-01-05,1302.7425537109375,1345.5419758177713,1291.041150435504,1345.5419758177713,5154128
2024-01-08,1279.730712890625,1313.7845312920456,1275.6754969146639,1310.85306710917,2064756
2024-01-09,1266.685791015625,1289.9909086989016,1263.9252571888367,1289.8443116253536,1626054
2024-01-10,1259.601318359375,1281.2451996183554,1255.8636300492426,1265.4153411330299,2052936
2024-01-11,1249.3900146484375,1265.390923361495,1245.9211869238698,1260.529602433234,1551334
2024-01-12,1245.6768798828125,1250.7335839700297,1236.1007159517396,1249.3899962352996,2214110
2024-01-15,1244.6751708984375,1258.6484106307073,1236.418142651505,1252.7122439269117,1787668
2024-01-16,1241.9881591796875,1249.2434617416734,1236.760405042669,1249.2434617416734,1386740
2024-01-17,1242.5010986328125,1249.3655149315982,1233.8531841672886,1241.988068562244,1603238
2024-01-18,1222.4205322265625,1245.8722450750338,1219.5623070105232,1238.5435848098864,1269820
2024-01-19,1228.3568115234375,1232.1432863396099,1221.2968920128278,1226.3292630441879,1882782
2024-01-23,1203.317138671875,1220.5639434285015,1195.0602289563144,1211.6718592852249,1381076
2024-01-24,1228.259033203125,1230.9217559650683,1199.4574216197334,1210.6457954774028,1318076
2024-01-25,1212.7222900390625,1235.123610513583,1205.6623707893982,1233.6823311060493,1571546
2024-01-29,1220.735107421875,1223.88640784924,1210.0108571655028,1212.7223663564207,1265438
2024-01-30,1217.559326171875,1236.66263082753,1215.5805638575089,1227.306421386681,1336068
2024-01-31,1224.3748779296875,1227.184197781282,1212.50242409185,1225.8406100261716,1432188
2024-02-01,1205.7113037109375,1226.7689175953167,1203.219511315889,1226.3292456581146,1641132
2024-02-02,1212.355712890625,1219.48898946793,1203.3903906467733,1205.8088245219758,1508122
2024-02-05,1203.219482421875,1223.8863293242666,1200.2880181600206,1223.8863293242666,1065954
2024-02-06,1200.263671875,1210.6703947837755,1194.9382257063348,1203.048658596005,1540366
2024-02-07,1221.248046875,1227.0865226146145,1195.4022323248964,1206.7861089498497,3094808
2024-02-08,1183.8475341796875,1228.210387501912,1177.0319030685025,1223.373399504403,3308894
2024-02-09,1197.0635986328125,1204.783026534965,1182.3818231316004,1193.5214122958585,1677638
2024-02-12,1201.436279296875,1205.7845704441318,1191.7868756471114,1201.7782596205482,890538
2024-02-13,1200.605712890625,1210.0108277723782,1194.547281605632,1208.7404788289596,621970
2024-02-14,1215.0919189453125,1220.148742436428,1189.7103484352406,1197.0145562589528,1018616
2024-02-15,1202.1324462890625,1222.4411134077982,1194.5136009972794,1222.4411134077982,1680952
2024-02-16,1218.8402099609375,1220.2366337995493,1199.707504792335,1203.847613193756,1493232
2024-02-19,1231.383056640625,1237.3850231954236,1215.7778957508385,1222.4413513651086,955040
2024-02-20,1244.1953125,1245.3712797048568,1223.470251172212,1234.2002491591984,1262888
2024-02-21,1246.2532958984375,1249.8789258446395,1233.7838083328852,1244.195383077769,1786364
2024-02-22,1255.831787109375,1257.2036890494849,1237.1399969824727,1254.2884721881703,1504742
2024-02-23,1263.59765625,1265.557482006107,1250.344310650672,1256.7382661036254,1211238
2024-02-26,1265.9984130859375,1268.0072823620274,1257.595707883591,1268.0072823620274,1323894
2024-02-27,1273.2496337890625,1274.5970138478265,1257.5955512118016,1266.5372552381443,1261744
2024-02-28,1259.62890625,1276.336467938653,1254.4109182494958,1274.3766422681138,985574
2024-02-29,1272.02490234375,1276.9244668082265,1247.9435908481569,1259.8984802941704,2774576
2024-03-01,1274.59716796875,1281.9955581242239,1265.3125172738798,1272.024896636441,1511456
2024-03-04,1268.546142578125,1274.4256192830687,1262.813557096197,1271.3877939575732,1268620
2024-03-05,1243.8277587890625,1271.5348169495282,1240.5695965979087,1268.9870676100252,678604
2024-03-06,1241.0841064453125,1257.5956135143285,1228.933163571565,1244.489279566142,1983280
2024-03-07,1254.7540283203125,1257.2283324774105,1234.2003778295389,1239.5898991301046,1297304
2024-03-11,1279.521240234375,1289.075390793276,1248.6785063281407,1254.7539183234155,2990598
2024-03-12,1269.060546875,1281.2605332488135,1257.3751582733441,1276.8509255610345,1726470
2024-03-13,1265.5328369140625,1300.1727298533876,1250.7852213077113,1271.4123136093344,3627604
2024-03-14,1280.133544921875,1283.6612069702594,1261.0986915171266,1268.9870371630107,2245994
2024-03-15,1275.675048828125,1288.5364054957763,1266.6353763510876,1282.1914934633896,2533984
2024-03-18,1264.2591552734375,1279.1783050359595,1253.6760482595798,1275.6750446982915,1285192
2024-03-19,1222.9559326171875,1266.4150497768887,1209.2860746429956,1264.0877564268778,3497728
2024-03-20,1249.5113525390625,1251.8386455199704,1223.9356514935796,1231.750432421607,1399290
2024-03-21,1251.17724609375,1255.2929520624728,1237.2134872084994,1249.8789093429575,1807754
2024-03-22,1260.853759765625,1269.9669967096893,1243.0193945418525,1244.5872311079652,2027126
2024-03-26,1267.0762939453125,1272.1717926582412,1240.6430504694931,1258.2080352576018,1941704
2024-03-27,1257.448486328125,1269.2564825465488,1250.2461517017546,1267.0762006506352,1801192
2024-03-28,1284.8372802734375,1292.8479960595027,1257.742666019292,1257.742666019292,4365832
2024-04-01,1266.8314208984375,1294.758938017835,1265.3125080849861,1284.8373200938386,1486064
2024-04-02,1285.3026123046875,1288.5852961697572,1265.5573460100695,1272.4167354193382,1445766
2024-04-03,1251.32421875,1285.6211693508951,1246.9391325611111,1285.3027455140523,3850278
2024-04-04,1249.19287109375,1259.1879336928796,1231.7994190913776,1259.0899663376451,2782752
2024-04-05,1243.337890625,1262.1277676214863,1241.549597497223,1261.6378111899562,1532454
2024-04-08,1223.9356689453125,1248.0415010834133,1221.3879194640651,1240.079709193098,2436980
2024-04-09,1226.262939453125,1235.768046057342,1223.4211683223157,1227.8307760575583,867882
2024-04-10,1238.4139404296875,1241.0596573473517,1221.9758780125458,1231.7504850261516,989760
2024-04-12,1242.62744140625,1253.7984716423082,1232.828313062035,1241.892506780434,2479930
2024-04-15,1251.17724609375,1262.617777097923,1229.7906948062812,1229.7906948062812,2293646
2024-04-16,1247.47802734375,1265.8757943136447,1245.616169115834,1249.4622550523702,1537722
2024-04-18,1206.542236328125,1245.787674785828,1181.0890235928634,1244.5383815780328,6077666
2024-04-19,1194.3668212890625,1210.853927699814,1180.7950514676331,1190.5941805254556,3702024
2024-04-22,1204.6558837890625,1216.0718928470183,1189.5407992770563,1193.7788746663014,2504706
2024-04-23,1225.5035400390625,1229.7906588697838,1188.6097963493148,1199.9033161641835,2248818
2024-04-24,1224.9644775390625,1242.431495425264,1219.134044074408,1232.264899860291,1447036
2024-04-25,1255.5867919921875,1263.0586275169576,1210.8048223336593,1234.6656764464847,6481728
2024-04-26,1216.439453125,1265.4596229695733,1210.7069862213227,1261.6134167466564,2643128
2024-04-29,1229.692626953125,1236.8459187984822,1219.9914660703582,1225.8709430152758,1243124
2024-04-30,1228.5167236328125,1243.3135037410448,1225.160593806647,1233.563298863097,1625278
2024-05-02,1230.9176025390625,1244.9793286079496,1227.3408965615558,1228.5167441840063,2223826
2024-05-03,1203.3822021484375,1236.184765753977,1193.6565178193523,1232.2896355199478,2257460
2024-05-06,1204.018798828125,1215.0673394737316,1198.898778417213,1212.3480575542105,1431992
2024-05-07,1229.1292724609375,1238.7815107860897,1205.0724811273938,1209.7025459275185,2146918
2024-05-08,1243.9993896484375,1248.4089975676325,1217.8601659690128,1226.0914580084973,1398140
2024-05-09,1231.48095703125,1249.3398448646658,1225.870979867978,1243.9993676597903,1404310
2024-05-10,1241.1575927734375,1248.898928217624,1226.5813891192695,1231.4809533727714,1394832
2024-05-13,1232.8529052734375,1245.4202402459055,1227.8553734558943,1240.9371866194929,680762
2024-05-14,1218.693115234375,1234.1756659047428,1216.0718006129846,1227.8797978538325,1113494
2024-05-15,1207.74267578125,1224.4011954471982,1205.292893477434,1219.0116743788033,868812
2024-05-16,1209.384033203125,1215.067456167563,1185.8416022073993,1210.1924134862827,1944988
2024-05-17,1198.1884765625,1209.384029087565,1192.4560101259904,1209.384029087565,1442356
2024-05-21,1205.684814453125,1219.7955836495555,1191.5740452566943,1208.2325639815,2574902
2024-05-22,1209.77587890625,1218.7666273006805,1206.2236947663787,1211.172302587852,1574654
2024-05-23,1212.2255859375,1218.7665517610906,1203.112468617902,1215.5818351434234,1563326
2024-05-24,1209.08984375,1217.5415912141627,1204.3372908387307,1213.5974184739023,907544
2024-05-27,1205.2437744140625,1214.6019900751805,1202.8430357541622,1213.6220772150957,1071662
2024-05-28,1201.2261962890625,1209.040977689221,1198.4334684669032,1205.8562607860997,1043344
2024-05-29,1213.22998046875,1223.421097232787,1197.9433651318238,1199.266223451876,1739200
2024-05-30,1178.2471923828125,1211.7112389302845,1176.1648776514621,1207.7670659272503,2548428
2024-05-31,1153.79833984375,1188.4383548596766,1148.9478190732214,1188.4383548596766,5065946
2024-06-03,1153.8719482421875,1170.481423859093,1151.3976442744538,1163.5485880185365,2145030
2024-06-04,1189.49169921875,1194.5137525261302,1140.349046345806,1158.2324556842816,3117062
2024-06-05,1229.7171630859375,1261.1723411856403,1190.5940952765598,1190.5940952765598,4057558
2024-06-06,1210.878173828125,1233.71018943867,1201.6914915199538,1233.71018943867,1944280
2024-06-07,1226.0914306640625,1232.8528532463547,1208.7224993378072,1213.3525636260474,2022404
2024-06-10,1248.5068359375,1256.738127126542,1228.3451785484456,1229.790525960086,1590348
2024-06-11,1245.444580078125,1261.6376621509366,1241.5494508312518,1254.2883165461737,1138822
2024-06-12,1243.16650390625,1251.716219893405,1235.1801899799486,1246.449188143193,960816
2024-06-13,1250.2462158203125,1280.9664574916185,1247.0124558051186,1271.0203188697585,2162544
2024-06-14,1245.7142333984375,1256.5423184367407,1241.5986472002992,1256.5423184367407,858944
2024-06-18,1249.560302734375,1251.8385520561765,1241.5494680666736,1248.8988137734614,519108
2024-06-19,1237.6544189453125,1254.092480498061,1233.6368002889778,1249.3888510936965,1568614
2024-06-20,1244.3668212890625,1249.952276645888,1224.8910535378113,1237.1399640731895,1314826
2024-06-21,1224.10693359375,1248.4088171276812,1219.2564134310182,1240.8635369593756,2543088
2024-06-24,1239.6143798828125,1240.5697710672064,1217.2968389480545,1224.1071859735057,1448402
2024-06-25,1232.4609375,1243.656490314028,1227.3409164826396,1242.03961009321,625460
2024-06-26,1241.6719970703125,1247.918941121865,1228.5411417284954,1235.9640529018848,958712
2024-06-27,1241.4271240234375,1251.348741886871,1228.835267498191,1240.1777111836473,1732622
2024-06-28,1250.1973876953125,1261.0009518590934,1238.7569758106379,1241.427214667421,2364066
2024-07-01,1258.257080078125,1269.5260772905813,1252.8185161848087,1254.1904180299775,1849028
2024-07-02,1246.669677734375,1268.007305268715,1241.1331458704046,1266.7333706386776,1162200
2024-07-03,1250.1239013671875,1258.9676393491134,1244.8323477022957,1249.438010173967,631912
2024-07-04,1247.0125732421875,1256.7382563285294,1245.4937800639807,1254.2884741524504,627352
2024-07-05,1261.22119140625,1263.8915494219852,1240.8145556434647,1249.6828141352487,1583026
2024-07-08,1275.5526123046875,1283.6859374657126,1254.998962534951,1261.2213857127515,1448552
2024-07-09,1290.1043701171875,1293.5340652506382,1270.7510904355727,1287.2625987972451,1665146
2024-07-10,1281.9464111328125,1298.3599506899955,1272.9312611337843,1292.455952089804,1069980
2024-07-11,1270.55517578125,1289.3695772100457,1256.1014589868282,1283.6860339452635,2107598
2024-07-12,1278.29638671875,1283.6124620846106,1266.953942671641,1276.3365609054595,1451786
2024-07-15,1276.385498046875,1283.440822539546,1272.416803258332,1278.3208019525907,695922
2024-07-16,1283.004150390625,1288.687715882199,1264.1820325547824,1281.6755543355125,1514138
2024-07-18,1292.72265625,1296.5854237265537,1267.10979158111,1267.10979158111,1733594
2024-07-19,1278.35400390625,1301.8016398964214,1272.7442025876264,1296.5610198488573,1077872
2024-07-22,1273.1624755859375,1294.174331387512,1262.3366826998063,1278.353959383749,1490342
2024-07-23,1270.3328857421875,1282.6102938388008,1254.8076920348904,1277.738735559847,1936998
2024-07-24,1250.5758056640625,1270.062280022218,1239.4055802701282,1270.062280022218,2622088
2024-07-25,1220.681884765625,1258.080077535405,1210.249781336208,1252.2489840344708,6938362
2024-07-26,1218.8365478515625,1226.5623230583747,1206.3377265390302,1226.5623230583747,3239386
2024-07-29,1215.5888671875,1223.7819755260691,1210.0283226048043,1222.1335747003338,1605802
2024-07-30,1209.364013671875,1220.5588674567032,1206.0917198511424,1215.613544641642,3429516
2024-07-31,1208.7242431640625,1218.885676424605,1206.583640933844,1215.441106487192,1644722
2024-08-01,1222.330322265625,1226.4146223295954,1208.7243182227712,1212.9807747120635,2653524
2024-08-02,1227.79248046875,1237.0927718683006,1212.9807806902788,1220.362002479469,2310948
2024-08-05,1235.5672607421875,1244.4247268134552,1217.9262128991559,1224.2986436285703,2651820
2024-08-06,1234.3863525390625,1243.9819410878015,1230.6957415587783,1237.0435443900367,1898862
2024-08-07,1241.4232177734375,1244.4494709083685,1235.247570992924,1239.3318714227871,1299940
2024-08-08,1224.840087890625,1242.505765371168,1219.377935283071,1239.3318637801117,2850012
2024-08-09,1232.516357421875,1236.0593197586702,1225.381176549509,1233.4513842391168,540012
2024-08-12,1216.9666748046875,1235.0998040469894,1214.6292879311031,1231.0893883081942,950040
2024-08-13,1222.6748046875,1226.2670234465204,1217.1635162499874,1217.4095569850288,623692
2024-08-14,1217.7047119140625,1226.242252342112,1210.8155721363087,1223.757217180581,1123752
2024-08-16,1242.7271728515625,1246.6638247650953,1216.1056363685452,1225.2829080871359,1719668
2024-08-19,1231.753662109375,1252.839400786236,1230.4743223919172,1244.9660974034473,955402
2024-08-20,1239.3072509765625,1242.9978622063913,1229.7362898812896,1235.419855202643,969464
2024-08-21,1255.6688232421875,1257.2680879332963,1240.8571237404738,1244.916795648673,1249546
2024-08-22,1255.2998046875,1262.2135732291679,1252.347315926965,1262.1889451287484,1269810
2024-08-23,1244.5723876953125,1255.4720639684701,1240.0452623522349,1255.2751593049002,1023074
2024-08-26,1239.823974609375,1252.3474248302605,1234.1157811211297,1244.5725130573353,1266798
2024-08-27,1240.7587890625,1246.3439617593306,1235.8626025006731,1244.3017515921242,782130
2024-08-28,1226.512939453125,1239.5530970842215,1225.2827359030216,1239.5530970842215,1130322
2024-08-29,1232.442626953125,1239.7745925468923,1225.6026226752101,1229.6622946618493,1799588
2024-08-30,1230.57275390625,1238.7167263799913,1226.1686487134475,1232.4426875467195,3808974
2024-09-02,1235.0751953125,1238.0769402415242,1228.7520207007447,1230.2036369649484,1751182
2024-09-03,1245.335205078125,1259.2365068833042,1231.1878625330312,1231.1878625330312,1975054
2024-09-04,1247.303466796875,1250.6003885146183,1236.9451281522104,1242.5303007156283,1005886
2024-09-05,1232.6148681640625,1247.426568970777,1226.3408292077006,1247.3035485990836,2238592
2024-09-06,1231.7783203125,1239.6762519887875,1224.3233340445647,1234.4356323513769,1673400
2024-09-09,1238.446044921875,1240.0453097062184,1224.667763702917,1227.8170370695618,1167196
2024-09-10,1247.6724853515625,1253.7742471245238,1237.0927344404765,1244.4739560063504,3044078
2024-09-11,1243.416015625,1260.5158454024158,1239.7745409426761,1253.3314084339115,1959876
2024-09-12,1243.908203125,1249.8869449841677,1224.2987083152004,1244.9168740378636,3109758
2024-09-13,1245.6549072265625,1260.2205658827688,1244.104898747798,1244.9660412664605,1465434
2024-09-16,1254.6109619140625,1257.5634507292316,1230.203672987166,1244.966117063012,788794
2024-09-17,1253.2576904296875,1272.1781981765482,1249.2471545253281,1255.3735445574644,1390374
2024-09-18,1278.0093994140625,1279.9532174179215,1252.839479142833,1254.7831770096088,2354058
2024-09-19,1296.2408447265625,1317.3019534030796,1278.0092041979976,1280.887928542479,5068578
2024-09-20,1328.3985595703125,1330.711318457476,1294.7401148588742,1301.0634098184585,4645516
2024-09-23,1340.9957275390625,1343.3086064846357,1323.6991124699812,1331.1540984500664,2144494
2024-09-24,1326.8485107421875,1361.4911204818004,1315.8259331787701,1340.9220897203247,3080066
2024-09-25,1327.31591796875,1330.8835084026484,1308.4691748215691,1321.3616845001052,1437914
2024-09-26,1355.9305419921875,1359.3504843109317,1332.5320431791683,1332.5320431791683,2317212
2024-09-27,1351.1080322265625,1367.0022873123607,1343.8744588373136,1353.2240065187157,2194334
2024-09-30,1323.6744384765625,1348.3031384452854,1321.140267128838,1338.4615096975097,1766384
2024-10-01,1332.0892333984375,1333.5408497794524,1315.2845782829888,1323.699219891781,1105518
2024-10-03,1316.244140625,1326.1595339838152,1304.1881448615106,1321.2387193864727,1624730
2024-10-04,1278.50146484375,1317.9664961320873,1274.638697260755,1310.412997266873,2066068
2024-10-07,1266.5438232421875,1289.253332941269,1263.1237612302664,1281.8474834708154,2205716
2024-10-08,1270.4312744140625,1276.4592721332733,1255.595066857936,1264.9446143407934,2404340
2024-10-09,1238.0770263671875,1269.570241664286,1214.9245682815135,1269.078160175269,4733190
2024-10-10,1236.3299560546875,1245.8025235153655,1233.1560548809905,1244.4739276911512,2060004
2024-10-11,1236.01025390625,1241.0294608465724,1228.2845988950883,1240.045297911722,1256928
2024-10-14,1231.2125244140625,1239.897714716506,1226.8329270411743,1239.897714716506,1340768
2024-10-15,1222.453369140625,1231.212443171342,1216.425371245094,1231.212443171342,1590308
2024-10-16,1211.6275634765625,1226.7836963292705,1196.4714306238545,1225.2828238629875,2473286
2024-10-17,1170.51416015625,1217.8770012995963,1163.7726680936514,1217.8770012995963,5255508
2024-10-18,1156.514404296875,1172.9498763371498,1144.6306855763517,1171.153827136076,3278370
2024-10-21,1158.6796875,1168.2015128393516,1148.0261707894722,1161.312371651588,1497408
2024-10-22,1156.514404296875,1173.6142343359415,1151.495197636563,1158.6057504167609,1934262
2024-10-23,1145.1473388671875,1168.644228936812,1141.678260631491,1156.4160765535048,1414522
2024-10-24,1111.4398193359375,1151.4706969625236,1090.4525916533985,1150.9786154680953,5910994
2024-10-25,1112.4486083984375,1125.1443349589576,1110.627930899789,1116.5329088221627,2683018
2024-10-28,1118.03369140625,1141.1368916403771,1110.1603881435308,1117.4923537521086,1751130
2024-10-29,1115.7454833984375,1124.79985458042,1112.473189659071,1121.9457580106964,1859662
2024-10-30,1120.125,1130.4340820862906,1112.202440802898,1121.3305754942364,1787546
2024-10-31,1113.5556640625,1125.3902466522163,1112.104047850463,1125.3902466522163,1319530
2024-11-01,1123.0775146484375,1128.3181340234441,1116.2130024649405,1128.2935059235892,243228
2024-11-04,1105.313232421875,1125.3901778557208,1097.78436286705,1123.4218522276392,1926320
2024-11-05,1113.3096923828125,1115.9915123539101,1100.441810059457,1110.1357909440978,1451860
2024-11-06,1119.780517578125,1121.7979793001778,1111.1444647055134,1116.0406507641248,1613946
2024-11-07,1113.5067138671875,1124.3325072904686,1103.0991176530067,1118.501293232638,1783914
2024-11-08,1129.646728515625,1130.8031679737342,1111.5135992315359,1117.0248874240108,1669990
2024-11-11,1121.478271484375,1129.2531825523638,1109.2499991916804,1121.945724842311,1547190
2024-11-12,1110.234130859375,1127.0879203305533,1102.754516931697,1127.0879203305533,2210678
2024-11-13,1099.925048828125,1108.1427849239317,1093.4049696884435,1102.8775374951504,1526776
2024-11-14,1074.115478515625,1104.6982944412046,1071.9502479214893,1101.7950617641873,2318476
2024-11-18,1089.0745849609375,1091.904053152553,1067.1769615649582,1078.0027529067906,1383330
2024-11-19,1089.5421142578125,1104.058517296551,1084.4982793036745,1094.8812461421446,1612040
2024-11-21,1088.090576171875,1107.1833621781866,1076.1822280371973,1085.3103637839054,1655768
2024-11-22,1105.854736328125,1108.5858125752131,1084.6459764412452,1089.566791251465,1543916
2024-11-25,1110.603271484375,1123.7418229638,1105.3380236794615,1111.3906499066582,4059604
2024-11-26,1114.6876220703125,1125.8578481349366,1107.4294199179951,1117.0250092041097,634244
2024-11-27,1118.9686279296875,1120.371108165559,1107.4047134544387,1120.272715899568,874722
2024-11-28,1100.4171142578125,1126.620450796316,1096.3574423997345,1119.0178166167839,2492756
2024-11-29,1099.6298828125,1113.5804414797742,1095.8655073687394,1095.8655073687394,2698320
2024-12-02,1108.09375,1110.6279216156681,1093.9464071792422,1103.6403884933536,936544
2024-12-03,1112.940673828125,1115.4749655654812,1107.1833444643269,1113.0883223014698,1532464
2024-12-04,1111.0216064453125,1119.485384002442,1102.9760260702865,1112.5962431778116,1937738
2024-12-05,1114.8104248046875,1120.4693609712087,1092.9128022472792,1111.0214220075595,2375568
2024-12-06,1115.9423828125,1127.8261022700863,1109.6929721646486,1115.2780247725027,1291202
2024-12-09,1096.7757568359375,1120.2726454082049,1089.2960228980419,1117.0248598753255,1939702
2024-12-10,1089.6898193359375,1102.2625252924709,1087.500080757304,1096.8496289629097,1830596
2024-12-11,1102.7791748046875,1109.15160565448,1093.8970804657981,1094.881243381197,1469722
2024-12-12,1094.4136962890625,1109.1515106574755,1090.0095916472721,1107.158556897071,1931220
2024-12-13,1108.905517578125,1111.046119882549,1086.6388325679586,1094.8811966324952,1109322
2024-12-16,1101.6473388671875,1110.8738659933783,1096.628132137954,1108.9055402064575,1331372
2024-12-17,1084.0308837890625,1099.285409830194,1082.5792674351453,1095.373386050288,2997812
2024-12-18,1076.698974609375,1089.4438376946293,1072.9837351723947,1084.0309410714253,1932332
2024-12-19,1063.0927734375,1079.7497794665567,1056.6957142450356,1075.19802581038,3107980
2024-12-20,1064.6182861328125,1070.2772231748866,1055.7115632552375,1062.8960009460943,3303524
2024-12-23,1058.7625732421875,1072.7376393885636,1056.843383364702,1067.816824528983,877434
2024-12-24,1066.1929931640625,1070.2772937607742,1058.811770448471,1058.811770448471,645132
2024-12-26,1057.9259033203125,1070.7692777302723,1056.2036181769045,1062.010203544953,1047852
2024-12-27,1065.6517333984375,1067.349390528407,1058.4672955181438,1062.4039474773,925334
2024-12-30,1062.8466796875,1071.2613205681055,1057.4830399177117,1069.7850762127061,2470980
2024-12-31,1067.84130859375,1070.055674981874,1056.8678689096334,1060.4354592016111,1271114
2025-01-01,1067.44775390625,1072.3685687219986,1061.5674042288465,1067.816815017431,908580
2025-01-02,1082.6776123046875,1086.3928513826922,1064.445970048882,1067.3246946660897,1258328
2025-01-03,1098.6702880859375,1101.2537158364617,1081.6197129873103,1082.6776401065028,2022900
2025-01-06,1075.197998046875,1104.6736296639017,1067.8167760923197,1103.9847636696402,2276932
2025-01-07,1088.8040771484375,1090.600246696167,1072.6884081088663,1077.7568715594155,1191638
2025-01-08,1092.3714599609375,1094.8564950769032,1079.8972684600403,1093.8969603671512,899000
2025-01-09,1110.160400390625,1117.910683375364,1084.5721645045023,1090.1818450862454,2294636
2025-01-10,1106.14990234375,1120.9616028328523,1102.8776085817078,1118.0337420767496,1619708
2025-01-13,1100.95849609375,1112.6699386630303,1093.1835850441817,1104.7228711857224,1609062
2025-01-14,1091.953369140625,1110.4310516746082,1082.2101323720638,1107.7737397538697,1405098
2025-01-15,1082.406982421875,1092.4701448253809,1068.8993697859194,1091.9534352425353,1447250
2025-01-16,1067.472412109375,1091.559777284287,1061.1737449401849,1085.0889536739392,2651618
2025-01-17,1091.04296875,1095.5455861073265,1069.0715800253274,1073.057367694796,911802
2025-01-20,1089.468505859375,1094.8814026816212,1083.7358040979238,1092.0273057842912,802216
2025-01-21,1080.8323974609375,1102.262571027756,1078.4212461416487,1094.8813484539094,1528828
2025-01-22,1086.41748046875,1088.9516519540375,1079.700496401531,1080.8323077963776,896072
2025-01-23,1082.0625,1087.3032396194294,1065.3563584980802,1079.7004849699103,992014
2025-01-24,1086.466552734375,1093.7740101019974,1077.7075992973807,1083.563320321493,1327200
2025-01-27,1070.1541748046875,1098.276582705754,1067.1279218248944,1073.7463935561284,1099972
2025-01-28,1061.0751953125,1073.647899684176,1054.3337038519915,1070.1540735297697,1442066
2025-01-29,1073.08203125,1075.1487493843515,1048.7486267299453,1061.075291507899,794290
2025-01-30,1091.1168212890625,1098.6701992571716,1073.0819645589147,1077.1662645093195,1149120
2025-01-31,1138.2828369140625,1174.5984735722411,1087.2540122990645,1091.116899908794,6279774
2025-02-01,1145.171875,1168.2013098535062,1110.7508031452514,1138.1843427511203,2493130
2025-02-03,1140.2020263671875,1168.2014140578885,1137.54471433721,1145.1719771501405,2281742
2025-02-04,1131.5167236328125,1143.0068741286045,1123.7664404017578,1142.809969456362,2487034
2025-02-05,1106.66650390625,1130.7538657888624,1095.0041980854996,1123.8155897335878,2950590
2025-02-06,1101.9918212890625,1116.5328527196805,1095.8654310298496,1116.5328527196805,1973914
2025-02-07,1101.9422607421875,1108.3307138131295,1093.2509032153193,1106.3497831360728,1585116
2025-02-10,1099.9366455078125,1115.5116902086866,1092.5823913296604,1106.8451176987412,1520362
2025-02-11,1087.283447265625,1105.4090133553293,1078.5920887643615,1099.936667565169,953674
2025-02-12,1086.416748046875,1096.4452103365384,1075.4968427057347,1096.4452103365384,1006516
2025-02-13,1078.39404296875,1094.5633430543944,1075.967330075851,1086.4167889210353,1022294
2025-02-14,1087.456787109375,1101.8927721436544,1074.6797590982899,1078.3940043976506,1921722
2025-02-17,1097.683349609375,1099.4166641700035,1074.655027589598,1087.456842064239,1603030
2025-02-18,1100.605224609375,1104.1214255268897,1089.4872734584894,1097.683399722068,906118
2025-02-19,1091.96337890625,1101.397586551477,1088.298705083353,1092.4833974516898,852958
2025-02-20,1092.854736328125,1096.9156201961857,1082.9748683649673,1091.9632933067414,1316934
2025-02-21,1096.9156494140625,1098.4757049696427,1084.2129789668518,1097.906114818334,1188490
2025-02-24,1099.6146240234375,1108.2565312480936,1087.5557804834307,1089.0166927476246,968084
2025-02-25,1114.4715576171875,1117.4429536516163,1096.3709001659236,1100.6298286047563,1285668
2025-02-27,1128.2391357421875,1130.0220218607592,1114.2735975014539,1119.3249469621758,1502006
2025-02-28,1084.38623046875,1124.1782261763717,1082.0834467821023,1119.7211318875668,3687132
2025-03-03,1082.35595703125,1089.5120460615954,1065.1466190309588,1083.6930612701299,1043550
2025-03-04,1063.0169677734375,1071.7331114692508,1048.9028361258518,1069.7026090801887,2085044
2025-03-05,1088.0262451171875,1094.1424173428409,1044.9410000897888,1044.9410000897888,1693328
2025-03-06,1090.106201171875,1097.633714072804,1074.8035590186282,1083.0739209737233,2514922
2025-03-07,1108.5535888671875,1112.2926198516234,1085.1786301201555,1090.007148839458,1051212
2025-03-10,1113.481201171875,1126.1592071879243,1067.2760850427355,1108.9250843214413,1013160
2025-03-11,1114.966796875,1125.3914688719758,1106.2259885179944,1109.7174030603528,957110
2025-03-12,1087.283447265625,1116.304133300601,1085.3767529126317,1113.7783980416264,717178
2025-03-13,1085.525390625,1095.3310231518985,1081.6378861227452,1090.5520755278471,584340
2025-03-17,1076.809326171875,1091.1710752262911,1067.7217572869406,1077.4035812618067,820010
2025-03-18,1076.809326171875,1076.809326171875,1076.809326171875,1076.809326171875,0
2025-03-19,1081.5882568359375,1096.1480503923126,1079.681562507791,1092.7309929983955,845086
2025-03-20,1100.1842041015625,1103.7498552800168,1080.1767309280706,1091.4928462309174,953748
2025-03-21,1123.6087646484375,1126.6543974041263,1105.3346053950409,1109.7669138980498,1585274
2025-03-24,1120.9840087890625,1133.3896121775324,1119.2506943289768,1125.7135052828667,861902
2025-03-25,1116.675537109375,1129.130591543879,1104.467978126241,1119.2259372320905,1484284
2025-03-26,1111.02978515625,1124.1040010803927,1109.370828142377,1116.7001754334624,1066938
2025-03-27,1110.3365478515625,1123.1878127981931,1102.0166139458463,1109.4203189538612,1731172
2025-03-28,1114.64501953125,1133.067652120625,1110.8317518540916,1110.8317518540916,1432302
2025-04-01,1106.349853515625,1133.018182814548,1098.475701935983,1120.1667975044827,2040110
2025-04-02,1094.8109130859375,1104.3689284416268,1063.7598467679886,1104.3689284416268,2601704
2025-04-03,1112.1192626953125,1113.8031264165954,1087.0357748411589,1088.546258755138,635716
2025-04-04,1120.2906494140625,1130.517277628005,1098.0547486440948,1106.3498967057878,1183470
2025-04-07,1113.7783203125,1117.913561638433,1069.7026108826144,1069.7026108826144,1474570
2025-04-08,1126.8525390625,1130.5915704667184,1104.9880617439544,1116.7498394319853,1747016
2025-04-09,1161.2464599609375,1170.0368404995097,1125.2677312972378,1130.7152910676207,3706748
2025-04-11,1169.4425048828125,1174.6920201143596,1149.955169757402,1161.6673753053308,2236634
2025-04-15,1172.6614990234375,1179.3471406847032,1161.6179061895975,1179.3471406847032,1561748
2025-04-16,1180.2880859375,1183.6556923870428,1162.3111152359502,1162.3111152359502,1354424
2025-04-17,1196.7794189453125,1200.0478822972814,1168.0559216789884,1174.6919916503628,1815842
2025-04-21,1188.2613525390625,1198.9584277664642,1183.853829647143,1189.0537732619912,953130
2025-04-22,1192.173828125,1198.4632598943988,1183.6062773337244,1191.0347686140617,975908
2025-04-23,1205.0992431640625,1209.3087212515024,1188.5585188065743,1198.1165344099288,1165112
2025-04-24,1205.0001220703125,1245.5101791150594,1178.1585352344837,1205.891565067662,4674476
2025-04-25,1195.244140625,1205.9906662061196,1182.2690678581284,1201.8802105488924,2256568
2025-04-28,1191.5299072265625,1197.6707445038971,1181.6252529686526,1188.5585109491894,1961052
2025-04-29,1182.3680419921875,1191.5298467154778,1168.3529327477086,1191.5298467154778,1952120
2025-04-30,1182.7147216796875,1191.7279327277263,1170.8787083949583,1176.177674156188,2040862
2025-05-02,1154.7835693359375,1181.0309009652353,1152.4064283278503,1176.1775965958936,1265148
2025-05-05,1153.000732421875,1164.7872947043336,1150.772185301905,1163.2520249924532,1827594
2025-05-06,1167.015869140625,1175.7814638363993,1153.8922024602828,1157.3588313947128,1742026
2025-05-07,1158.0521240234375,1166.76826810701,1152.5551134705227,1154.3874503214943,1353304
2025-05-08,1159.191162109375,1163.8464220549163,1146.5132774741614,1152.9017309713568,2693092
2025-05-09,1151.614013671875,1163.3015531602741,1134.9246967116078,1140.0256174435722,1816458
2025-05-12,1180.5357666015625,1183.1109525304319,1161.815945850311,1168.6501814777741,801500
2025-05-13,1173.800537109375,1183.5071465221918,1159.8349989632625,1178.6538418157834,2333552
2025-05-14,1173.8995361328125,1178.257608045939,1165.4311295613797,1171.225327932659,1203066
2025-05-15,1187.6175537109375,1195.9373661179718,1159.5873352959466,1173.7014668594463,1928224
2025-05-16,1192.9166259765625,1195.7889999961133,1177.019606957387,1195.7889999961133,1369102
2025-05-19,1192.42138671875,1199.5032389107862,1186.6766387110943,1190.5394781709713,845862
2025-05-20,1168.00634765625,1198.3641369896773,1165.926394453538,1198.3641369896773,1555350
2025-05-21,1184.893798828125,1187.5680070285068,1168.006315503225,1168.006315503225,1350296
2025-05-22,1169.591064453125,1181.130010752029,1158.8445388510472,1181.130010752029,2161612
2025-05-23,1195.6898193359375,1200.444101764903,1164.8369179010303,1166.7682771279337,1154460
2025-05-26,1215.3011474609375,1220.6991359799154,1191.232787865031,1195.6898825378707,1248708
2025-05-27,1218.718017578125,1229.1674751776961,1204.504864266418,1213.3696015184366,1584098
2025-05-28,1197.9678955078125,1216.6381440262576,1196.4821974149959,1214.3601461611242,1447242
2025-05-29,1205.8917236328125,1208.2688649695144,1191.7775905225312,1199.1565099965621,1862596
2025-05-30,1186.6766357421875,1216.786809712033,1183.8538333807955,1205.8916897227514,2134920
2025-06-02,1191.678466796875,1196.383177433474,1184.1013823271737,1188.558476614478,2052718
2025-06-03,1184.2994384765625,1201.632583094514,1179.6442994274528,1196.333617349739,1468888
2025-06-04,1187.3204345703125,1190.4404248570377,1181.0804539968622,1182.8137684998844,1174082
2025-06-05,1189.202392578125,1193.0156604622434,1178.9015274928895,1191.0347295191764,1467916
2025-06-06,1197.0765380859375,1199.8993404828923,1183.6062319289524,1190.4899185554236,1004606
2025-06-09,1196.135498046875,1202.0782901167574,1189.0536466489823,1200.9392307887472,678874
2025-06-10,1204.1087646484375,1207.823009979351,1192.9660286556978,1196.1355905485977,1351562
2025-06-11,1198.0670166015625,1213.3202091261487,1192.5204341125575,1209.6059635880074,1751374
2025-06-12,1181.42724609375,1202.4746370660737,1171.8692302473858,1201.9298327018657,2717158
2025-06-13,1177.0692138671875,1178.6539344717455,1162.2122314998967,1169.7397450513708,829756
2025-06-16,1183.5072021484375,1186.0823881627452,1171.2749779006544,1173.7511415502634,532308
2025-06-17,1169.73974609375,1182.0709931070173,1165.282651379591,1178.7035071592427,1531068
2025-06-18,1159.24072265625,1170.779668690946,1151.6140665697994,1170.6805254262956,1308554
2025-06-19,1148.3951416015625,1159.240811049217,1143.9876186196689,1159.240811049217,1474774
2025-06-20,1168.947265625,1187.5680642866437,1148.3951077151185,1157.903672678084,22941194
2025-06-23,1168.303466796875,1188.0136307871358,1164.2424620851532,1175.1871527042574,1297744
2025-06-24,1171.62158203125,1180.436748544824,1167.6101486747734,1176.1776988306988,1100860
2025-06-25,1190.7374267578125,1202.870627614762,1174.691936027924,1174.691936027924,2300288
2025-06-26,1204.1087646484375,1210.1507004451953,1190.1432263854883,1198.4631601080187,3115098
2025-06-27,1217.628662109375,1220.1048257045486,1201.4841480126986,1212.8249289160235,2375672
2025-06-30,1220.897216796875,1225.998137860462,1209.8535032490518,1222.2343209245437,1658010
2025-07-01,1193.5604248046875,1223.9180937639178,1191.1337119369591,1223.224816319667,1077220
2025-07-02,1182.61572265625,1195.4422016038968,1178.6538609388087,1193.7584587365538,1475052
2025-07-03,1182.813720703125,1193.0651342176009,1181.1299779022265,1188.5088966972028,1263638
2025-07-04,1189.9752197265625,1192.0639182039135,1177.1942499762101,1186.0463588285445,790114
2025-07-07,1204.5465087890625,1206.485988399062,1187.5880215568675,1193.257363043616,868414
2025-07-08,1202.457763671875,1211.3099940253194,1197.0370793069835,1204.5465835843777,711576
2025-07-09,1207.3812255859375,1211.7078412450428,1200.7669126559226,1203.5021448032028,790360
2025-07-10,1194.2520751953125,1211.9067559621665,1192.3623755126587,1205.9887566090497,569850
2025-07-11,1195.29638671875,1207.8286981733916,1192.1136198592378,1195.545044173861,741064
2025-07-14,1190.02490234375,1200.8663926009767,1182.1176431577876,1196.1916806091774,942914
2025-07-15,1201.662109375,1203.5021503632606,1183.6593328963238,1190.0248669730329,1064608
2025-07-16,1223.394775390625,1238.3142238709984,1197.2359604891237,1201.5129176194105,2810630
2025-07-17,1217.9739990234375,1228.3678321138764,1216.4820542880764,1222.4000531724323,546708
2025-07-18,1229.4619140625,1231.799269890468,1208.972563756088,1222.897381438182,899652
2025-07-21,1229.660888671875,1232.5452180031384,1215.934948660959,1229.8099860122854,957974
2025-07-22,1215.1890869140625,1232.0977953057459,1212.4538546742315,1229.7604393110287,774548
2025-07-23,1219.6649169921875,1227.8706136814315,1210.2657129867848,1223.3947791236621,720228
2025-07-24,1154.8150634765625,1230.8544687583912,1148.7975041744985,1219.814101442787,5372012
2025-07-25,1131.192626953125,1151.2343221843544,1126.9156698432353,1151.2343221843544,3178714
2025-07-28,1108.6641845703125,1143.7745453626287,1105.083541399776,1131.2422335583633,1879938
2025-07-29,1105.879150390625,1122.9868562874594,1103.9893294337664,1109.0122586329464,1801922
2025-07-30,1109.75830078125,1113.7368203448843,1104.8845900328415,1109.0123283630685,929698
2025-07-31,1117.814697265625,1126.8658043312419,1104.5364134712797,1106.5256731083284,1346218
2025-08-01,1132.137451171875,1137.7073541690092,1115.527180884661,1117.814756740116,1410024
2025-08-04,1132.5849609375,1137.1603553765274,1122.937099964302,1136.861917855799,812794
2025-08-05,1127.5621337890625,1135.0715161748567,1119.008341513333,1133.7287901840648,1135934
2025-08-06,1110.6534423828125,1130.0983830331204,1107.0727992183497,1128.904875783225,1127544
2025-08-07,1111.300048828125,1117.1682681749041,1101.5526271282547,1111.996241200351,1014230
2025-08-08,1090.6116943359375,1120.351152873928,1087.5283659034894,1115.9747569949127,1242852
2025-08-11,1099.0660400390625,1102.9451209339215,1081.1627018302813,1091.1090008351598,1038967
2025-08-12,1085.2406005859375,1103.641252735213,1083.1519021924885,1102.0498692647172,758197
2025-08-13,1091.009521484375,1094.8886022347256,1080.7647853250874,1085.240619710543,813725
2025-08-14,1083.5498046875,1097.0767466368754,1078.874971449518,1093.9934183227558,941698
2025-08-18,1137.9560546875,1163.6175549074978,1114.482813116333,1114.482813116333,3478231
2025-08-19,1155.1630859375,1161.7276184023674,1124.1305630080258,1143.4264056103345,1851158
2025-08-20,1183.907958984375,1186.3945336092982,1150.488298893585,1158.743775214241,1652532
2025-08-21,1173.0665283203125,1183.90801851306,1162.5234756634727,1183.6095809771525,991563
2025-08-22,1156.655029296875,1184.6041026499095,1151.7813189492822,1168.6900257041507,921658
2025-08-25,1146.8082275390625,1160.5341681605148,1142.6308306967653,1156.6550874270804,931358
2025-08-26,1155.958740234375,1172.6685699496952,1142.8296750400336,1142.8296750400336,3619892
2025-08-28,1156.15771484375,1161.926494889977,1148.7974299705086,1159.340481668236,1065888
2025-08-29,1149.990966796875,1178.0396009960516,1143.8243103850568,1154.0690462526763,1593255
2025-09-01,1168.0933837890625,1169.6847673528443,1149.9910466835413,1151.681990369571,643866
2025-09-02,1194.4510498046875,1196.042433333235,1166.1040981622782,1168.0933579266577,1773623
2025-09-03,1188.3837890625,1200.0209096996446,1184.9025846000477,1200.0209096996446,827824
2025-09-04,1206.088134765625,1231.5506347047078,1201.512861727433,1223.394718480747,3346196
2025-09-05,1202.0101318359375,1209.867731660062,1184.6041100675232,1205.4913361896204,1434458
2025-09-08,1181.32177734375,1204.496700493893,1178.8352028175445,1202.0101259676876,1112974
2025-09-09,1195.7440185546875,1197.5344009426078,1181.520883817611,1188.7816092468818,1295618
2025-09-10,1210.9619140625,1212.652736341684,1195.2467129362683,1201.7118073439942,1015673
2025-09-11,1214.244140625,1218.3220986302517,1205.5907882865274,1205.5907882865274,783400
2025-09-12,1211.061279296875,1216.4323047619353,1203.0048018066727,1213.6472926201184,632659
2025-09-15,1205.9886474609375,1213.4483710534794,1203.1041967222002,1205.690209951327,523120
2025-09-16,1197.7332763671875,1208.4753278472988,1194.7493866687992,1205.4914381489104,1137133
2025-09-17,1197.832763671875,1206.088118486698,1189.1794112237224,1200.518215671261,1005661
2025-09-18,1202.60693359375,1206.784451834298,1193.5558261947288,1198.628414173101,1345158
2025-09-19,1188.0853271484375,1205.4913491033121,1184.6041227574626,1205.4913491033121,2395784
2025-09-22,1181.918701171875,1194.7493291251474,1177.6417442442664,1192.4617533154308,1107323
2025-09-23,1162.1256103515625,1188.0854267022848,1158.7438443768622,1183.4107146943174,2114020
2025-09-24,1172.270751953125,1178.8352848763102,1155.1631665878808,1161.6282608060503,1395188
2025-09-25,1167.1981201171875,1185.9966484224817,1165.3082991335739,1178.1390483841574,1273981
2025-09-26,1156.356689453125,1172.6686439831756,1153.9695534266914,1163.716974945136,1011036
2025-09-29,1146.3109130859375,1155.8593354542834,1143.0285859836415,1153.7706370322667,2130382
2025-09-30,1146.708740234375,1153.3727114419714,1140.2436464242578,1149.394192174207,1409305
2025-10-01,1160.1363525390625,1162.9212434411497,1138.8512481595,1151.6819982950838,727804
2025-10-03,1163.6175537109375,1165.0100598651647,1148.2007901361587,1153.7706933382833,1159975
2025-10-06,1175.35400390625,1177.3432635363968,1157.2517898378244,1157.2517898378244,639965
2025-10-07,1170.48046875,1185.7976714744277,1168.6900864346571,1175.3540579360754,922441
2025-10-08,1174.1605224609375,1176.1497821347384,1152.3781047498635,1163.7169091734831,893579
2025-10-09,1181.42138671875,1182.7143326774262,1166.6013776416564,1168.789514750048,922191
2025-10-10,1193.0584716796875,1195.5450462350848,1178.0395856480416,1180.0288452923596,1110822
2025-10-13,1181.7197265625,1194.3515987849366,1175.5530699224173,1192.5612164495426,1062394
2025-10-14,1169.1873779296875,1187.8864675037457,1164.7115436458223,1183.708949323273,1293553
2025-10-15,1214.8409423828125,1218.4215856167714,1169.1874072591957,1169.1874072591957,2283392
2025-10-16,1269.7445068359375,1279.5913671349344,1209.9672740922251,1214.8409848881713,6927367
2025-10-17,1282.5751953125,1304.5564907785995,1254.5266820266756,1257.112695361256,3171952
2025-10-20,1278.4971923828125,1298.5886661411737,1273.9219195028143,1282.575150353794,1246633
2025-10-21,1280.3870849609375,1285.0617968013464,1270.4407862240848,1273.1262383171234,245138
2025-10-23,1265.9649658203125,1296.7984922462133,1263.9757060508996,1280.0886616172322,1751448
2025-10-24,1275.115478515625,1277.6020531617164,1252.636867997915,1267.5563158744628,1433533
2025-10-27,1276.110107421875,1285.260653546752,1268.9488210123866,1275.1154775641805,1107997
2025-10-28,1264.174560546875,1281.9784594433547,1256.913713954219,1276.9058714062562,1343829
2025-10-29,1266.163818359375,1274.1208572807222,1259.6987242357804,1268.153078089712,836932
2025-10-30,1273.0267333984375,1274.5186781313644,1260.8921767217676,1271.1369124537753,728703
2025-10-31,1264.7713623046875,1277.1047974036921,1262.7821024956475,1273.0268390781168,943037
2025-11-03,1259.8975830078125,1263.0804713781406,1248.757777248606,1262.7820338570928,847050
2025-11-04,1258.206787109375,1262.1853065943058,1243.9835313848357,1259.2014169806077,770668
2025-11-06,1259.30078125,1272.0320914151678,1253.3330023753474,1258.2067127392681,1171263
2025-11-07,1255.9190673828125,1264.0751050299518,1249.6529721549566,1257.2121347582056,596683
2025-11-10,1256.1180419921875,1266.3626564363824,1253.4324685907732,1256.3169193931333,737986
2025-11-11,1261.2901611328125,1263.3788596551337,1248.2605336304632,1261.1907224250417,729912
2025-11-12,1271.3358154296875,1279.9891679036207,1254.8249843360766,1263.1798992915108,824792
2025-11-13,1268.3519287109375,1282.3763066454585,1263.4783396063588,1273.1262005288309,691337
2025-11-14,1264.7713623046875,1272.1316478810922,1255.6208157490166,1268.3520056780028,675047
2025-11-17,1263.4783935546875,1271.1369951158424,1257.3116154086997,1265.1692157960497,774802
2025-11-18,1258.30615234375,1263.080424012819,1245.87327967927,1255.3222629042748,810387
2025-11-19,1272.131591796875,1273.1262216575449,1256.2175140261556,1261.091224626394,726287
2025-11-20,1272.3304443359375,1281.6799891264577,1268.3519249710162,1281.0832355046746,796864
2025-11-21,1273.8223876953125,1281.9784252332868,1266.163786492181,1268.1530461724517,673231
2025-11-24,1262.3841552734375,1278.8951078919692,1252.7362943079568,1278.099355447181,2636542
2025-11-25,1256.4163818359375,1264.075104553466,1244.0830687896535,1260.5939000677104,1065974
2025-11-26,1269.9434814453125,1275.8117006151708,1250.3491999281139,1250.3491999281139,810809
2025-11-27,1259.5992431640625,1272.6288696765455,1253.730902874002,1269.1476652655506,708607
2025-11-28,1254.32763671875,1262.8814288536962,1251.443185969294,1259.4997846109952,626947
2025-12-01,1253.830322265625,1257.2120879243255,1244.8786539180626,1253.830322265625,644563
2025-12-02,1252.1395263671875,1255.023977178099,1244.2819263701444,1244.2819263701444,911551
2025-12-03,1235.2308349609375,1251.2443512625023,1229.4619332651996,1250.249721412532,642993
2025-12-04,1235.7281494140625,1238.3141627400423,1226.577481948965,1235.2308344892674,664641
2025-12-05,1240.2039794921875,1242.2926778862227,1227.5721075967606,1230.8544346550846,911699
2025-12-08,1208.2763671875,1241.29802900868,1206.287107525627,1240.2039604776048,1534927
2025-12-09,1209.27099609375,1214.9403375598429,1200.816642537255,1208.375804963637,810028
2025-12-10,1202.805908203125,1215.2387811423998,1198.5289513461046,1209.271002131548,514862
2025-12-11,1208.4752197265625,1213.8462449860792,1199.3246740361055,1202.9053170708594,339626
2025-12-12,1231.650146484375,1233.340968601226,1208.8730994748335,1212.453742520076,841766
2025-12-15,1236.822265625,1241.2981001206274,1218.918927642491,1231.3518012414556,857798
2025-12-16,1233.937744140625,1257.2121064705827,1227.77108775391,1229.859786116199,1086329
2025-12-17,1227.969970703125,1234.7335021508634,1217.725356245691,1230.3571065914311,526222
2025-12-18,1226.8759765625,1237.2201517625622,1220.9081971872467,1228.0694838716379,707432
2025-12-19,1237.7174072265625,1239.5076681042303,1223.096275611005,1224.1904655757078,754446
2025-12-22,1250.4486083984375,1253.1341818628018,1233.3410234137705,1239.308802559321,880387
2025-12-23,1249.75244140625,1254.7255907950532,1244.3814157833865,1253.2336459784121,663261
2025-12-24,1252.9351806640625,1257.3115763121143,1241.198621215625,1244.381388187966,598956
2025-12-26,1265.7659912109375,1270.1423870703306,1244.6798858176567,1257.2121983217683,1433973
2025-12-29,1273.126220703125,1279.591314792633,1263.9756745577324,1268.1530714035034,888206
2025-12-30,1267.2579345703125,1282.0779444014315,1260.892278910964,1277.1047948886253,2043408
2025-12-31,1281.083251953125,1287.3494685992414,1263.577790805665,1267.357311402002,738631
2026-01-01,1288.045654296875,1292.0241736923865,1277.104725959218,1286.0563945991191,932297
2026-01-02,1272.8277587890625,1292.0241632836676,1270.7390604062011,1285.0617543976125,736473
2026-01-05,1307.5404052734375,1312.9114308644753,1271.6342911819938,1272.1316061179273,2397082
2026-01-06,1312.81201171875,1316.3926550278604,1291.4274691550181,1311.916820537777,866154
2026-01-07,1307.7393798828125,1325.5431571277572,1297.196206304414,1305.4516826539652,676669
2026-01-08,1299.8818359375,1308.0377525223769,1292.024235472685,1302.0699731437503,555817
2026-01-09,1292.1236572265625,1303.760899711072,1283.1719882760692,1299.8818188829023,1194489
2026-01-12,1305.352294921875,1310.9221980357322,1284.6639445963697,1286.0564507285294,1032516
2026-01-13,1311.618408203125,1314.8012967505322,1301.9705466828477,1305.3523126455,1316337
2026-01-14,1300.0806884765625,1321.0673546069077,1295.206977794309,1313.9060680554846,904110
2026-01-15,1300.0806884765625,1300.0806884765625,1300.0806884765625,1300.0806884765625,0
2026-01-16,1308.83349609375,1313.8066455420774,1298.2904435462522,1311.1210719911116,1491989
2026-01-19,1308.5350341796875,1313.2098674228805,1298.4892967641995,1298.9866116997662,867546
2026-01-20,1288.7418212890625,1310.0269239195488,1284.6638632717893,1307.9382255609235,1173676
2026-01-21,1276.3089599609375,1304.655910352938,1264.4729620167993,1291.9247212713608,1046054
2026-01-22,1298.986572265625,1304.9543513112558,1265.4675951919091,1278.9945367457171,994359
2026-01-23,1286.8521728515625,1304.8549491943372,1283.3709683106754,1302.9651281606143,744221
2026-01-27,1296.3011474609375,1306.9436384163773,1283.3709592574269,1293.0188203510581,1159495
2026-01-28,1285.4595947265625,1298.9865359016962,1266.1637520695706,1290.2337449805539,940426
2026-01-29,1280.9837646484375,1287.4488584541489,1255.5212656350518,1279.5912586227143,1151521
2026-01-30,1325.244873046875,1332.4061595988705,1276.1101328160523,1279.094022448514,5292100
2026-02-02,1301.2742919921875,1303.9597440432992,1267.059000588645,1290.5322409581852,1254558
2026-02-03,1300.975830078125,1333.2018611611804,1284.1665615074633,1322.857686547329,1232271
2026-02-04,1296.2015380859375,1320.8684062873333,1288.1450607943987,1306.5457125386122,875783
2026-02-05,1296.5,1303.5618476004356,1280.0886075949368,1297.7930673614608,854891
2026-02-06,1303.300048828125,1305.199951171875,1278.699951171875,1291.0999755859375,835646
2026-02-09,1295.5999755859375,1307.0,1290.300048828125,1301.0,746303
2026-02-10,1308.5999755859375,1310.300048828125,1296.5,1296.9000244140625,936331
2026-02-11,1305.300048828125,1324.9000244140625,1296.699951171875,1315.0,911500
2026-02-12,1305.5,1312.0999755859375,1295.0999755859375,1312.0999755859375,534672
2026-02-13,1282.5999755859375,1310.4000244140625,1278.0,1305.0,522586
2026-02-16,1289.800048828125,1295.5,1274.199951171875,1276.699951171875,456222
2026-02-17,1285.300048828125,1289.5999755859375,1278.0,1281.0,396198
2026-02-18,1300.9000244140625,1303.4000244140625,1278.0,1286.5999755859375,446022
2026-02-19,1278.5,1300.0,1271.9000244140625,1299.800048828125,659360
2026-02-20,1293.800048828125,1301.0,1276.4000244140625,1278.5,754146
2026-02-23,1315.0999755859375,1318.5,1295.5,1299.0,933582
2026-02-24,1320.0,1323.9000244140625,1305.5999755859375,1305.5999755859375,1120203
2026-02-25,1323.4000244140625,1334.800048828125,1315.0,1328.0,991399
2026-02-26,1318.0,1329.199951171875,1310.5999755859375,1329.199951171875,438946
2026-02-27,1291.699951171875,1322.9000244140625,1286.0,1311.0999755859375,1640870
2026-03-02,1279.699951171875,1288.0,1261.300048828125,1261.9000244140625,1161869
2026-03-04,1245.300048828125,1270.0,1240.0,1259.699951171875,1112032
2026-03-05,1250.9000244140625,1254.4000244140625,1222.699951171875,1249.5,935711
2026-03-06,1252.4000244140625,1264.0999755859375,1234.199951171875,1250.0,830769
