Date,Close,High,Low,Open,Volume
2021-03-08,92.14066314697266,94.4327193808883,91.26551185955013,92.22400937460586,28163362
2021-03-09,91.26553344726562,93.22419887503659,89.55690676153777,92.84913758251638,20611697
2021-03-10,91.39056396484375,92.18236292203977,90.80712746472575,91.97399410605013,13207045
2021-03-12,90.93212890625,93.43255411737829,90.51539137106195,92.51573281174662,21763020
2021-03-15,92.0989990234375,92.51573657557975,89.76526618787673,91.64058517251686,20350674
2021-03-16,91.30721282958984,92.89081065933392,91.09884402473811,92.14068804899674,15360040
2021-03-17,88.8067855834961,91.59892624680322,88.47339422991215,91.43222739055567,18850429
2021-03-18,86.51471710205078,90.22367871826764,86.01462695967118,89.51522616177694,20023557
2021-03-19,90.43205261230469,91.30720405211706,85.01446420695925,85.30617923392649,72249183
2021-03-22,91.55724334716797,92.14067976363653,89.05681791378746,90.68209826083121,31980425
2021-03-23,90.55708312988281,91.84896589419604,90.0986692193422,91.68227339522376,14060206
2021-03-24,88.34837341308594,91.18219043585398,88.01498205295242,90.01532385484228,15196366
2021-03-25,85.84793090820312,88.76509360896732,85.55621590990872,88.34835608028672,22543755
2021-03-26,86.84810638427734,88.13999538502158,86.43136881744509,88.13999538502158,17402475
2021-03-30,89.76527404785156,90.59874922511634,87.18150227011296,88.22334624169393,36129962
2021-03-31,88.8067855834961,90.84879729096713,88.43171792612247,89.76527698154709,23063667
2021-04-01,89.93197631835938,90.64042897419151,89.14017105450247,89.5985849629939,13753303
2021-04-05,88.59841918945312,89.84863203017592,86.47305481665984,89.51524066753424,15666099
2021-04-06,88.39004516601562,90.09866546548305,88.18167637152611,89.80695042497993,17393454
2021-04-07,87.88996887207031,89.47357323242271,87.72327635368036,89.09851188658934,15692013
2021-04-08,87.514892578125,88.72342902730618,87.26484748433742,88.34836774553571,11394998
2021-04-09,85.6812515258789,88.30669327040661,85.34786018023556,88.30669327040661,19751417
2021-04-12,82.55572509765625,84.59773689288546,81.72224985733226,84.59773689288546,20221362
2021-04-13,83.84760284423828,84.30601674231374,82.72241260949338,83.0141276542182,19192856
2021-04-15,84.47270202636719,85.84793724429578,82.76408184801635,84.34767948675359,13865351
2021-04-16,85.38951873779297,85.76458633621971,83.76424488800764,84.93111126270719,14654851
2021-04-19,82.55572509765625,83.68091540031135,82.22233372974436,83.34752403239946,11652043
2021-04-20,82.55572509765625,84.09765302047335,81.80559610958237,82.68074129657569,16528675
2021-04-22,82.47235107421875,83.13913363692593,80.88875361588133,81.72222863981041,18614270
2021-04-23,85.47286987304688,85.84793110616026,81.6805558097447,81.6805558097447,29484794
2021-04-26,85.34785461425781,86.63973725087276,84.05596561873227,86.63973725087276,24369413
2021-04-27,85.05613708496094,86.3063497435802,84.76441571082145,85.05613708496094,17763436
2021-04-28,86.34801483154297,86.63972983038029,85.139478539684,85.72290853735866,15160578
2021-04-29,85.88961029052734,87.51488416721145,85.55621898382257,87.18149286050668,11588556
2021-04-30,85.38951873779297,88.05664278837912,85.0561337955161,85.22282626665454,15321193
2021-05-03,86.88977813720703,87.18149314694078,84.22266039262666,84.51437540236041,12186212
2021-05-04,86.4730453491211,88.39004070524419,86.26467656514731,86.93145921742769,12992684
2021-05-05,86.59805297851562,88.05663421515455,85.68123175869593,87.30650545024406,14956169
2021-05-06,85.88961029052734,87.59823040416006,85.55621898382257,87.51488416721145,13547274
2021-05-07,87.55657196044922,87.93163325541498,86.13966031065512,86.6814204603143,13229291
2021-05-10,89.76527404785156,90.01531914459538,88.01497744737773,88.34836879006583,23980945
2021-05-11,93.93264770507812,94.51608413066462,88.9317967601637,90.01531700845949,45613487
2021-05-12,94.43273162841797,97.30821818761414,93.14084267636728,95.1828541333141,62158914
2021-05-14,92.84913635253906,94.97449424685072,91.80729237721638,94.97449424685072,16227312
2021-05-17,92.9741439819336,93.55757397092773,91.64057882038706,92.68242262852657,12832920
2021-05-18,93.43254852294922,95.18284479415509,93.14083353756654,93.84928603318441,14892142
2021-05-19,93.30753326416016,94.30770718195623,92.47405817878521,94.30770718195623,12610425
2021-05-20,93.14083862304688,93.97431368902492,92.43238608874756,93.34920738954139,10303689
2021-05-21,94.05766296386719,94.30770803530632,92.72410408698254,93.5992554781092,12171685
2021-05-24,94.09933471679688,94.97447970674109,93.39088219382013,93.64092089427133,11341268
2021-05-25,94.43273162841797,95.72461422155827,94.22436285285562,94.93281541798551,15289982
2021-05-26,92.59908294677734,95.01616202444443,92.432390469246,95.01616202444443,17466748
2021-05-27,91.93231964111328,93.05750992038895,91.09884441810739,93.01583361567414,34169451
2021-05-28,90.80711364746094,92.51574022215509,90.30702983696115,91.93231016972378,13383166
2021-05-31,92.0989990234375,92.80745159029725,89.8486187854335,90.80711006823236,14754293
2021-06-01,91.84896087646484,92.89080483540347,91.26553080302357,92.47406725182802,10271211
2021-06-02,92.64075469970703,92.80744716905873,91.72393340045245,91.76560333833534,6492771
2021-06-03,93.18251037597656,93.51589529898258,92.05731400464695,93.01581155556376,12140851
2021-06-04,93.14083862304688,94.18268245551944,92.55740862042629,92.93246985655236,8930671
2021-06-07,97.01651000976562,97.30822504432619,93.3492180296748,93.47424057560386,28407410
2021-06-08,96.84980010986328,98.76679530491512,96.68310764025448,97.93332023905086,43191813
2021-06-09,98.43341827392578,100.85049758705051,96.51642915993177,97.09985924703625,49807823
2021-06-10,98.76679992675781,99.9336663453539,97.76663234448138,99.47525249411281,22144392
2021-06-11,99.01686096191406,99.64196739132284,97.97501691289945,99.10020721405296,13871562
2021-06-14,98.51675415039062,99.10019053499038,96.8914802510342,99.01684429687909,14179055
2021-06-15,98.18338775634766,99.14187921416492,98.01668888970566,98.51677277180849,8148417
2021-06-16,99.85032653808594,100.517102849581,97.39157100501124,98.18337622098207,21585917
2021-06-17,97.84998321533203,100.51710113360215,97.47491558504014,98.5167595154442,14466025
2021-06-18,94.64110565185547,98.47509006301598,94.09934553357054,97.84998370166663,43927941
2021-06-21,98.35006713867188,98.72512841046692,94.2243677132834,94.3910601987677,34597018
2021-06-22,98.6001205444336,99.10020440198797,97.47492391629721,98.7668130439813,16712010
2021-06-23,97.72496795654297,99.05852701508455,97.47492285104278,99.05852701508455,12590251
2021-06-24,98.35006713867188,98.76680471129336,96.43307176104872,97.6832844789132,14046692
2021-06-25,96.72479248046875,99.26688784054292,96.43307109452145,99.26688784054292,12768348
2021-06-28,96.80813598632812,98.22504113983435,96.68311344715747,97.43324232327096,10709748
2021-06-29,98.01667785644531,98.80848307631406,96.18303504216865,96.89148765864323,33488455
2021-06-30,97.01651000976562,98.72513027442656,96.80814121952082,98.22504644962119,16739618
2021-07-01,97.80831146240234,98.18337911013397,96.43307613854171,97.34990392705613,12479506
2021-07-02,97.93333435058594,99.22522343239213,97.51659675760472,97.97501065344848,17215972
2021-07-05,98.85015869140625,99.26689629664735,97.72496842903753,98.2667285876332,16409169
2021-07-06,98.058349609375,99.14186345521753,97.55826580676225,98.43341087160692,14979094
2021-07-07,97.89165496826172,98.51676133806903,97.39157114419802,97.55826999149313,14545289
2021-07-08,97.89165496826172,98.93349891794058,97.68328617832594,97.80830872406958,12037089
2021-07-09,98.18338775634766,98.68347163845048,96.89149856524641,97.51660500760283,9585144
2021-07-12,98.22505950927734,98.97518852567534,97.6416293625854,98.35008207182896,7651672
2021-07-13,99.93367004394531,101.68396655716353,98.43341225609502,98.47508855644502,30663035
2021-07-14,100.64212036132812,100.80881284113673,99.85032154387152,99.97533772427272,9539611
2021-07-15,100.26705169677734,101.01717415942399,99.35022404881363,100.64211292810067,11278872
2021-07-16,99.26689910888672,100.68381082219442,98.60012273695787,100.14205064825063,17198632
2021-07-19,101.18389129638672,101.55895259558231,98.7668119268174,99.26689577871525,14364285
2021-07-20,98.72512817382812,101.68396747591281,98.51675938801682,101.68396747591281,11360716
2021-07-22,99.3502426147461,99.76698022027591,98.80848881468629,98.97518131333374,9520328
2021-07-23,98.76679992675781,100.10035882276317,98.60010744934854,99.51692879292033,10442400
2021-07-26,99.47525787353516,100.01701799277818,98.39174399395984,98.5167601793222,5370055
2021-07-27,99.05853271484375,99.68363915565124,98.51677252769495,99.43360039467517,5280342
2021-07-28,97.34990692138672,99.64196374535086,96.51643171267249,99.64196374535086,11010096
2021-07-29,97.3082275390625,98.55844031258366,96.05801476554136,98.10002641872816,11897018
2021-07-30,98.51675415039062,99.97533557352448,96.8914802510342,97.47491027672359,14546264
2021-08-02,98.1417007446289,98.9751759101884,97.5165943704593,98.8501533635723,11742555
2021-08-03,98.058349609375,98.76680219298561,97.09985194500273,98.76680219298561,21122697
2021-08-04,98.22505950927734,99.05853478107251,97.14154547129066,98.3917583789834,9432176
2021-08-05,97.099853515625,98.18337373790439,96.64143964645048,97.5582673847995,11045322
2021-08-06,98.058349609375,98.93349467421967,97.05817564523893,97.09985194500273,8434733
2021-08-09,97.26654815673828,99.26688980281972,97.14153197047321,98.76680598102706,7816050
2021-08-10,95.3078842163086,97.6832871740066,94.72445414210588,97.43324843888153,9774255
2021-08-11,97.47490692138672,97.76662828309998,95.47457183993097,95.59958801333934,8056886
2021-08-12,99.30856323242188,99.51693201538586,97.09985286122141,97.47491412699236,8640167
2021-08-13,98.55844116210938,99.55860884598285,97.68328966953679,99.55860884598285,9744939
2021-08-16,99.05853271484375,99.51694664833386,98.43342627403626,98.55844883398008,8768804
2021-08-17,97.84998321533203,99.60027974662871,96.8498092267977,99.47525720319808,8758578
2021-08-18,97.14151763916016,99.10018269491702,96.76645005896638,97.84997014542415,9357721
2021-08-20,95.14118194580078,97.51658465930961,94.5577455726639,96.93315464508296,11684504
2021-08-23,94.5160903930664,96.47475587115204,93.51591632246799,96.2663870679746,6271685
2021-08-24,94.97447967529297,96.93315113551719,94.72444097492456,95.1828484383883,11791078
2021-08-25,95.01616668701172,96.05801061998334,94.84947420130055,95.59959674591154,9491958
2021-08-26,93.97432708740234,95.43290866082101,93.30754439598941,95.09951731511454,11668986
2021-08-27,94.5160903930664,95.09952049839873,93.43257007297926,93.93265392882286,8095717
2021-08-30,95.8079605102539,96.26637436029567,94.39105537925094,94.39105537925094,9915170
2021-08-31,96.64142608642578,96.97481736641814,95.59958231076828,96.05799611562148,11386659
2021-09-01,96.18303680419922,97.2665507201537,95.6412766667665,96.68312063917136,7508413
2021-09-02,97.099853515625,97.26654599955536,95.84964080941523,95.93298705138042,5700524
2021-09-03,97.51659393310547,98.2667228505269,97.09985635219476,97.51659393310547,9364904
2021-09-06,97.05817413330078,98.05834808185648,96.59976663759272,98.05834808185648,7005043
2021-09-07,96.55809783935547,97.43324931746189,96.05801400568507,97.26655046696445,7723357
2021-09-08,97.7147445678711,98.18596474123082,96.3010709745027,97.54338642939469,10508654
2021-09-09,98.14311981201172,98.31447139586547,97.24350765516976,97.62905198716264,5757417
2021-09-13,98.5286636352539,98.95704912932023,97.80040960266993,98.22879509673625,6322443
2021-09-14,99.29975891113281,99.51395165833688,98.35731213076372,98.74285646107347,7369292
2021-09-15,106.41096496582031,106.96786747224189,99.3854447611551,99.3854447611551,48721413
2021-09-16,106.2396011352539,107.69610918132165,105.3828301583567,106.66798662370252,17684303
2021-09-17,106.0254135131836,106.83934336589988,104.14051988760686,106.36812322782775,15763396
2021-09-20,105.12580108642578,106.19676485681173,104.3547124010632,104.95444949782168,7431359
2021-09-21,106.32528686523438,107.43909185398023,104.6117447512527,104.78310288463751,8629222
2021-09-22,106.58230590820312,108.80990903787018,106.239596225952,106.75365748100693,11698183
2021-09-23,108.12451171875,108.80993122300164,106.79652041714908,106.92503739127687,11053966
2021-09-24,106.45380401611328,108.55289049473099,106.19677008391157,108.38153889769279,8598140
2021-09-27,108.68140411376953,109.49534051624518,106.66799349567795,107.35341293601068,8490460
2021-09-28,113.0509262084961,114.50743423422786,109.10978107712452,109.2382980291935,35900138
2021-09-29,120.50486755371094,123.58924919268905,111.89432720203885,112.57973372333053,75859390
2021-09-30,121.53297424316406,122.68960727454322,119.1768539415209,121.44729191197084,34614825
2021-10-01,119.86226654052734,123.67490823129431,117.97737281570225,120.7618787717565,22452069
2021-10-04,124.70305633544922,127.95878965528793,120.3763589678538,122.90383150590131,58612212
2021-10-05,124.57450866699219,126.67360825248694,123.54638599502297,124.703032171794,24390676
2021-10-06,122.77528381347656,126.20236772691185,122.34689832429714,125.4741071659918,14421296
2021-10-07,122.34690856933594,124.78869821815564,121.87568187712165,123.54638281016435,10035682
2021-10-08,120.89041137695312,123.28936007646,120.20499185996978,122.98949802566659,10686586
2021-10-11,124.0604476928711,125.73114858582747,121.19025951457773,121.66148619548554,17449923
2021-10-12,123.84624481201172,125.30275282852341,123.20366659237826,125.08856008864558,16030831
2021-10-13,125.3884506225586,126.15953935193053,123.97477052099143,124.66018998781591,19100941
2021-10-14,128.00157165527344,129.0297072294418,125.81681624338287,126.37371211831834,29263867
2021-10-18,128.13011169433594,129.97216420170594,127.40185108074951,129.5866198482202,25346029
2021-10-19,128.21578979492188,130.31488944706754,126.88780504949352,129.3295948387913,20234486
2021-10-20,125.30276489257812,129.07255224806505,124.48883501733535,129.07255224806505,16129487
2021-10-21,126.71644592285156,127.27335500583106,125.00290364898858,126.54509431012328,20818539
2021-10-22,124.1461181640625,126.88779594401016,123.37502945925755,126.67360318453228,11379569
2021-10-25,123.2893295288086,125.30274640983689,122.64675134209148,123.97474887596418,14079380
2021-10-26,122.68960571289062,124.78869206752417,122.04702745698516,124.48883005874113,16224116
2021-10-27,121.06175231933594,123.84625823964878,120.67620796041192,123.37503154616886,15072448
2021-10-28,117.67749786376953,121.53296722565555,116.77788573133863,121.06174057787865,19999659
2021-10-29,113.65066528320312,117.29194194870031,110.13791210869607,112.23699839532516,29217522
2021-11-01,115.06434631347656,115.92111730155415,112.15131711004013,114.12189299727612,10043407
2021-11-02,117.07775115966797,120.63335863052895,115.66408424817213,115.66408424817213,21525811
2021-11-03,117.16343688964844,119.04833051745679,116.13531428114281,118.19155949815406,9808728
2021-11-04,117.50614929199219,118.49144388550644,117.33479768933863,118.49144388550644,1026849
2021-11-08,120.20496368408203,120.46199757686361,116.99207270752933,118.83412497143814,12765483
2021-11-09,118.66279602050781,121.14742695335434,118.27725164448533,120.59053097390957,9556650
2021-11-10,117.72032165527344,118.44858218190922,117.16342577487222,118.40574102035058,5479056
2021-11-11,117.07775115966797,118.02020448285711,115.1071883311072,117.8060117342494,11418813
2021-11-12,116.90640258789062,118.40575186678002,115.36421214351816,118.40575186678002,9306659
2021-11-15,117.50614929199219,117.93453483527075,116.52086777176723,117.63467279894934,3991733
2021-11-16,115.06434631347656,118.0630447717481,114.80731240239574,117.97736244362522,5762128
2021-11-17,116.90640258789062,118.23440027813602,114.8073162121031,114.8073162121031,15264066
2021-11-18,115.92112731933594,117.89170337686703,115.44990062051279,117.0349323147482,9942974
2021-11-22,111.50873565673828,117.29193965966459,111.12319133786734,115.66408005852622,15990636
2021-11-23,114.37893676757812,114.59312953306049,109.79520635694014,111.4230792185794,11510010
2021-11-24,115.96395874023438,117.63465955628455,114.42176834338504,115.23569816932869,7570759
2021-11-25,115.83544158935547,117.12059814487337,113.35081081133629,116.09247551511676,13919886
2021-11-26,110.39495086669922,114.85015754435354,109.66669027229447,114.12189694994879,13323593
2021-11-29,108.38153839111328,110.82334112568314,107.139222976782,109.4953433765888,16077669
2021-11-30,109.02410888671875,110.90900245713608,106.83934023936072,109.49533554764506,22883512
2021-12-01,109.40965270996094,113.90770040341627,107.82462768721497,111.38022859984655,17010938
2021-12-02,110.26641082763672,111.63724947969925,108.46719326760858,109.4096399384192,12916313
2021-12-03,108.80992126464844,111.59442712378313,108.29585995182933,110.26642940707659,12827354
2021-12-06,106.53948211669922,109.32398811692512,106.23961354708072,108.80992677805848,8158812
2021-12-07,107.39624786376953,108.2958600646231,106.23960827456082,107.18205510515146,8701301
2021-12-08,109.02410888671875,109.36681859133388,106.9678571956719,106.9678571956719,12093435
2021-12-09,107.9959945678711,109.36682695451398,107.65328483704927,109.02411722369214,11518172
2021-12-10,108.08164978027344,108.55286985083703,106.58230071307048,108.03880862083894,8389566
2021-12-13,107.78179931640625,110.1807608401649,107.52476539005916,109.32398326455599,13223189
2021-12-14,108.25300598144531,109.19545269958279,107.09636653024734,107.09636653024734,11649242
2021-12-15,108.55288696289062,110.05223626644792,107.86747406039382,108.08166681804487,11916145
2021-12-16,109.15262603759766,109.83803891140576,108.16733808631432,109.28114299413791,10758513
2021-12-17,107.5676040649414,109.40965652673013,106.32528216523362,109.15262914298117,13041775
2021-12-20,104.3118667602539,107.48191676993264,102.04142235711674,106.66798695401734,14185935
2021-12-21,104.69740295410156,106.83933023660481,103.54076352887847,105.85404891596798,10168470
2021-12-22,104.99728393554688,106.15392342612267,104.22618876294845,105.42566941625226,7885198
2021-12-23,106.71083068847656,107.43908473131032,105.21148143814189,105.46850881621287,9836979
2021-12-24,103.88348388671875,107.09637514094716,103.5836153436529,106.92502355537924,8509575
2021-12-27,104.39754486083984,104.65457877504976,103.32658111270517,103.883483569064,5097217
2021-12-28,106.32528686523438,106.7536723937298,104.48322778537518,104.5260689528825,6511374
2021-12-29,105.51134490966797,106.88217713675859,104.69740857662028,106.75366018557804,8960770
2021-12-30,108.72423553466797,109.5381653275438,104.7402492852027,105.59702024050088,32394253
2021-12-31,106.58230590820312,108.63855746506637,106.239596225952,108.63855746506637,9155163
2022-01-03,107.9531478881836,108.4243745610833,106.8393429540447,107.43908658652106,9034081
2022-01-04,113.8648681640625,114.20758443058922,108.595731396619,108.8099241607149,33986738
2022-01-05,113.0937728881836,113.82203347321818,111.97996796477872,113.60784072153602,16122852
2022-01-06,112.15131378173828,113.39364213621256,110.78048808546866,113.39364213621256,8037648
2022-01-07,112.53687286376953,113.26512034898835,110.90900016631038,112.49403170033604,8820039
2022-01-10,112.96524810791016,113.35079239727538,112.02279489098501,113.05091735372109,7324926
2022-01-11,113.3508071899414,114.80731529167065,112.23700226275264,113.22228369452263,11971883
2022-01-12,114.67877197265625,114.97863389603842,113.3936158268586,114.2503865907237,10439580
2022-01-13,115.62123107910156,117.0777390037506,114.37891588082111,115.15000446643339,15114699
2022-01-14,115.96395874023438,116.64936507368934,114.20757559585842,115.15001584100291,9344382
2022-01-17,117.03491973876953,117.67749796631045,115.1928543091797,115.3642058885331,9803141
2022-01-18,115.66407775878906,118.02019786128292,115.15000996165737,117.03491650228217,6473378
2022-01-19,115.49274444580078,115.92112998671747,113.9077127150933,114.89300730317524,21136414
2022-01-20,115.57840728759766,116.82073574585428,114.93582901192913,115.23570410322317,8466412
2022-01-21,114.89299011230469,116.60653201958269,113.56499251950679,114.85014894996529,12437749
2022-01-24,113.60784149169922,115.87827944560657,112.23700264232504,113.9505446673987,14284658
2022-01-25,115.92112731933594,116.22098934710418,112.2798503053309,112.40836073533316,10007486
2022-01-27,115.66407775878906,116.52084870515047,114.07904627870562,114.97865838704251,18760325
2022-01-28,120.07645416259766,123.37502784470547,118.23440168450941,119.9479437379081,34009553
2022-01-31,121.7043228149414,122.86095581764505,118.70562432355813,121.66148165040691,27928927
2022-02-01,120.93321990966797,123.50353287755283,120.33348283181905,123.37502245847371,17413984
2022-02-02,120.93321990966797,122.30405872185501,120.5905167432651,121.66148047988379,10783943
2022-02-03,120.49234771728516,122.21178832758294,120.18374017652957,121.24184816046998,9571728
2022-02-04,118.33203887939453,121.1977552363506,118.06750852476097,120.80096643168662,7213085
2022-02-07,119.1697006225586,120.22782198336947,118.33203242405999,118.33203242405999,10562489
2022-02-08,119.03743743896484,119.61057527443498,117.09757077902194,119.43422620618044,8721631
2022-02-09,119.08152770996094,119.56649773712458,118.02341984905844,119.30196740825609,5144026
2022-02-10,120.31600189208984,120.66871353268436,118.42022559672272,119.16971260566103,6081460
2022-02-11,120.93323516845703,121.41820528410865,118.55248868339096,118.55248868339096,8426925
2022-02-14,116.83304595947266,120.31599067640666,116.21581746418609,118.7729127109042,7705072
2022-02-15,119.3460693359375,119.7428581395139,115.20179185204063,116.48035298683627,12674466
2022-02-16,117.45028686523438,120.5364431223404,117.1416793122679,118.9492743563426,12946623
2022-02-17,117.05348205566406,118.94925811579152,116.78895172168608,118.59655997353534,5811964
2022-02-18,116.7007827758789,118.2438606787092,116.30398055149388,117.05348091469722,6760078
2022-02-21,116.34807586669922,118.28794261744262,115.64266610609104,116.74486465248754,12212740
2022-02-22,116.4803466796875,116.83304482941922,112.77695556193054,115.55449721842676,13578566
2022-02-23,114.80500030517578,117.67071658580015,114.49639277846735,116.39216893612837,9263264
2022-02-24,109.6907958984375,113.74688502680438,109.02947679944445,111.98336742948958,18045779
2022-02-25,114.93727111816406,115.51040898703418,110.21985590365857,110.21985590365857,10424521
2022-02-28,117.7148208618164,118.1116097018965,113.57055645122904,113.70281491306443,13262687
2022-03-02,115.4663314819336,119.03745791015295,115.02545200819229,117.09759091660595,12587947
2022-03-03,116.4803466796875,117.67071302596104,114.84908746439135,116.4803466796875,15628119
2022-03-04,114.80500030517578,117.5825487729859,114.40821151108072,116.39216893612837,15883138
2022-03-07,114.67274475097656,115.06953355507953,111.89520294039667,113.74689523835448,14985637
2022-03-08,117.93525695800781,119.74286545650321,115.06954043379454,115.06954043379454,28572640
2022-03-09,115.9512939453125,118.11160053322693,115.59859577141447,118.11160053322693,14286413
2022-03-10,117.22984313964844,119.03745157672819,116.34808423908008,117.1857525037054,13101323
2022-03-11,116.34807586669922,117.62662348960473,115.9512870809109,117.18574407104613,8669803
2022-03-14,116.52442932128906,117.18574847397419,115.28997228477256,116.34808023815422,5670284
2022-03-15,115.55448913574219,117.22982541164114,115.20177755610959,115.77492882754841,6895190
2022-03-16,117.05348205566406,117.2739217582171,115.9953741743238,116.74486109026113,5561866
2022-03-17,117.18575286865234,118.42022340603634,116.30399396533797,117.71481359247022,13995384
2022-03-21,117.18575286865234,117.62663232030954,116.12764487558971,117.18575286865234,9172207
2022-03-22,117.14167785644531,118.28795368832296,116.17173766300832,117.53846667937015,10343712
2022-03-23,117.67070770263672,117.93523803025437,116.56850921637266,117.18573767776626,11892811
2022-03-24,119.39013671875,119.65466705095068,117.58254193361712,117.71480037243167,11276181
2022-03-25,118.8170166015625,120.05147372987916,118.33204649594752,119.9192152713358,7266868
2022-03-28,118.8611068725586,119.47833543481265,117.97934793946034,119.47833543481265,7778682
2022-03-29,118.46430969238281,119.30197792885963,118.06750743680252,119.03744757666362,5116935
2022-03-30,119.30198669433594,119.87512462072694,117.6707272814176,119.0374563227041,24047012
2022-03-31,119.03743743896484,119.56649809829995,118.42020897278822,118.42020897278822,11615450
2022-04-01,126.04741668701172,126.48829608322691,120.62460549539331,121.6827133553955,32589741
2022-04-04,127.23777770996094,128.73676474553616,124.7688507636532,125.07747167740521,15437496
2022-04-05,131.47023010253906,132.79286817820014,127.63457430129382,128.2077120855855,23958626
2022-04-06,134.9091033935547,136.93715142960102,130.76483950963444,132.57244783425338,52737388
2022-04-07,135.3499755859375,139.31789017966204,134.2036864568361,134.8650055557902,37738903
2022-04-08,134.0714111328125,136.58441531958664,133.32191086656752,136.58441531958664,17585569
2022-04-11,134.99728393554688,136.31992219701374,133.8950853843245,134.42413261616792,15583159
2022-04-12,134.55642700195312,135.43818599028944,133.01334877236454,134.6445948280421,11306524
2022-04-13,135.7467803955078,137.7307379268131,134.6886724030596,134.95320276481493,19454061
2022-04-18,143.9030303955078,144.3880004160638,136.2317316902709,136.5844298209091,82098517
2022-04-19,141.65455627441406,146.68059256835895,140.64053896153607,145.40203145050515,38522118
2022-04-20,141.52227783203125,143.90302374016065,140.19963972145152,142.9771743718407,20047692
2022-04-21,143.462158203125,144.07938668999688,141.39003303615706,142.49223156791828,21966151
2022-04-22,141.4781951904297,143.7266827962547,140.94914798907587,142.1836049134728,9922564
2022-04-25,137.64254760742188,141.87497888529526,137.02530571270867,139.84694450405215,12008027
2022-04-26,138.4361572265625,139.71470503232612,137.55439826333597,138.965217986328,11735823
2022-04-27,137.24575805664062,140.72871623810724,136.84896926957683,138.25978879532826,17873048
2022-04-28,140.81689453125,141.16960616622848,136.8930700923047,139.31790708266757,29123808
2022-04-29,137.73072814941406,141.96317327332196,137.2898487293106,141.4341125873689,28941216
2022-05-02,138.8770294189453,139.62652988017848,134.90911429268974,136.31993394163214,13368198
2022-05-04,139.89102172851562,142.75673769516308,138.70065547665078,139.3178839170145,24511385
2022-05-05,139.6706085205078,141.74274737879233,138.4361514057256,140.72872999554792,33396072
2022-05-06,140.19967651367188,141.39005650741007,137.5984902378236,137.95118844470758,22604305
2022-05-09,140.19967651367188,140.905086382014,137.51030895881553,140.15558587416783,22958742
2022-05-10,137.0694122314453,142.18361631541023,136.23174400453257,140.15556824449297,20322427
2022-05-11,134.51229858398438,138.39203166121553,132.30790173224608,135.83493669502735,13794764
2022-05-12,130.98529052734375,134.9091150385301,130.50032042942783,133.2337784689006,11818556
2022-05-13,127.10553741455078,132.2638322542975,126.53239952327795,132.2638322542975,22913410
2022-05-16,130.7207489013672,131.29388676935878,124.90113513674555,126.44421311703151,16286682
2022-05-17,132.70469665527344,132.9251363507141,129.0013124627847,130.0594203099856,13925542
2022-05-18,130.94119262695312,133.05740854010514,129.7949034012572,132.70471037277068,17611218
2022-05-19,130.50033569335938,130.98530584799968,128.51637788721033,130.05945618088182,11701170
2022-05-20,131.9111328125,133.10149921857598,130.19169224610252,133.10149921857598,17841739
2022-05-23,132.3960723876953,136.98122870181174,130.85299455821368,136.1435471164364,26055890
2022-05-24,129.53036499023438,133.89508190325677,129.00131777214534,132.39608114890834,16581141
2022-05-25,134.60049438476562,135.04137384682457,129.97126003314673,130.85301895726462,19926619
2022-05-26,135.92312622070312,136.76080792190533,132.7928929545917,135.04136733907788,22698086
2022-05-27,132.66062927246094,136.67263512345116,131.82296097390935,136.67263512345116,10245727
2022-05-30,133.05738830566406,134.46820766959956,131.20570302689063,132.30790145041192,12513990
2022-05-31,137.5543670654297,139.31788459190955,132.57243543495244,133.2337545073824,124665699
2022-06-01,138.25979614257812,141.25777097589986,137.77482606391857,137.9511751503658,16084988
2022-06-02,140.2437744140625,140.46421416842142,136.01132843945618,137.1135272112508,17646975
2022-06-03,136.67262268066406,140.59644689896865,136.40809233294829,140.1996581046812,14063328
2022-06-06,136.84896850585938,139.89103379580106,136.31992127758414,137.37802918870665,18485464
2022-06-07,138.65658569335938,139.05337450363405,135.34998985011552,136.8489772748048,14911957
2022-06-08,138.480224609375,140.8609707193511,137.64255642590197,137.64255642590197,16416591
2022-06-09,136.80490112304688,139.3179196117983,136.40811227076358,136.9371730435242,13821409
2022-06-10,136.89306640625,138.08344627856826,135.79086780394525,135.87904907395875,7908849
2022-06-13,131.2938690185547,136.58442137854325,130.27985186471838,135.79084390637314,19208167
2022-06-14,133.498291015625,134.42414054417054,131.29389378317035,131.29389378317035,17034328
2022-06-15,130.63255310058594,135.5263168416344,130.10350592466523,134.51229966352497,15172295
2022-06-16,126.04741668701172,132.39607730159634,125.20974852511712,132.35200012563195,18494040
2022-06-17,123.8430404663086,127.37007622728326,123.04946280191875,124.41619185021118,21387729
2022-06-20,121.02142333984375,124.68071782584887,119.03746558017417,123.8430494626811,16578770
2022-06-21,123.40215301513672,124.54844225423183,121.46228616297653,121.85907496950908,51398446
2022-06-22,121.37411499023438,123.40216328126355,120.4041882107501,123.40216328126355,8317317
2022-06-23,120.36007690429688,122.6967323561414,119.6105765380825,121.59453384969179,11257409
2022-06-24,120.4482650756836,121.5945408244855,118.99335489097193,121.5945408244855,21879039
2022-06-27,122.12361907958984,122.60858921089297,120.58054086017265,121.02142035143471,12872030
2022-06-28,122.21179962158203,122.82902821470633,120.93323834098439,122.12361834203246,14272044
2022-06-29,124.98932647705078,126.17970639675679,120.6246225290843,121.50638144602999,53487394
2022-06-30,126.00335693359375,126.92920658343937,124.46027866870926,125.47430960123532,19270932
2022-07-01,124.0194091796875,126.26789752386873,123.22583138977687,125.20978931912927,9592229
2022-07-04,124.6806869506836,125.38609667035323,122.87309220315501,122.87309220315501,17526429
2022-07-05,124.19576263427734,127.19373790319872,123.62261120183001,124.68071932882727,11370649
2022-07-06,122.52037811279297,125.20974504589003,120.00737369693852,124.76886566192563,15929985
2022-07-07,123.8430404663086,125.87108871978376,123.00537216399184,123.44625163411366,18144208
2022-07-08,126.70875549316406,127.14963495796601,124.32800907414827,124.32800907414827,15375888
2022-07-11,127.67869567871094,129.61856263263846,126.62058765425716,126.97328584421726,16779135
2022-07-12,129.7067413330078,130.58850024498048,127.01737396057655,127.01737396057655,19138561
2022-07-13,131.02935791015625,131.6906769841552,130.0594178864627,130.2798575777957,13644449
2022-07-14,130.76483154296875,131.64659033495832,129.618542422468,131.38206000644718,9775869
2022-07-15,132.04339599609375,132.39609417619062,130.63257636656,130.8971067289192,11518139
2022-07-18,132.08749389648438,133.63057206477373,131.64661441983029,133.49830014903318,8286352
2022-07-19,132.9251708984375,133.32195976244327,131.60253238203515,132.08750252896428,6798359
2022-07-20,132.74880981445312,134.24779730693274,132.39609816914563,134.1155388490509,7271345
2022-07-21,133.0133514404297,133.3660496610091,132.2638509034801,133.1456099095033,7521568
2022-07-22,131.33798217773438,133.49828873776437,130.6325723844706,133.14559056841884,6800124
2022-07-25,132.35198974609375,132.6605972264994,129.92715325707488,131.5583988223999,7996687
2022-07-26,132.2638397216797,133.10150801566894,131.51433924809407,132.2638397216797,5774871
2022-07-27,131.99928283691406,132.74878315994917,131.4261450284078,131.86702440558827,5403197
2022-07-28,132.5724639892578,133.10151128840877,131.42617465923658,132.30793361239537,6030744
2022-07-29,134.86500549316406,136.18764369045806,132.66060849767408,133.10148789677206,11771461
2022-08-01,137.99526977539062,139.05337777923936,133.14559575772512,134.82093230927117,14221965
2022-08-02,140.68458557128906,141.16955548617142,138.03930980418704,138.52427971906943,18278835
2022-08-03,140.77279663085938,141.91908583988533,138.6124901145638,141.12550824763713,10147608
2022-08-04,136.40809631347656,141.52230051845362,134.95319954044305,140.81689072215113,15754128
2022-08-05,137.2017059326172,138.56842162045956,134.90912714826777,136.14358436779463,33864055
2022-08-08,140.55235290527344,141.08141358805747,136.62852878077,137.11349883089335,16964235
2022-08-10,139.96824645996094,141.22638251611224,139.29424206288246,141.00171438375276,14055597
2022-08-11,138.0810089111328,140.95677156409135,137.3620819605458,140.37262627592364,15810624
2022-08-12,142.4395751953125,142.8889113946668,137.1374135279928,138.12594493898072,17998843
2022-08-16,142.6642608642578,143.6078697416389,141.0466476048409,142.8889289916031,8309725
2022-08-17,145.09063720703125,147.06771348518262,142.88889285834787,142.88889285834787,19674110
2022-08-18,144.50656127929688,146.1690974129782,143.69774768675865,145.09069300225,9585888
2022-08-19,141.7655792236328,145.2703962994093,141.22637026767333,144.73120105610317,9599472
2022-08-22,140.64224243164062,142.84398725433363,140.19290619383986,141.3611831546526,11400211
2022-08-23,142.57435607910156,143.068628590685,139.87833915699323,140.59727974541903,14362373
2022-08-24,144.50656127929688,146.4836383177413,141.99027517916028,142.79907505904245,20602844
2022-08-25,142.7990264892578,145.5399798140516,142.39462668686397,145.00078464841027,12889454
2022-08-26,146.8430633544922,148.0113402065173,142.799037590857,142.88891031510988,30724938
2022-08-29,144.64134216308594,146.84308713735376,144.41667402871872,145.40521930499636,10928330
2022-08-30,147.3822784423828,148.68535072266596,145.18053373257294,145.40520183995463,24663153
2022-09-01,144.41665649414062,147.60694635733196,144.05719300785978,145.13559717935533,14554158
2022-09-02,145.4051971435547,149.53908195826668,144.91092458074874,146.48360128162508,25106698
2022-09-05,147.8316192626953,148.3708282222711,145.76466986785945,146.12414707846114,15226001
2022-09-06,151.38137817382812,151.74085539736316,148.1012290709128,148.99990156076947,27866331
2022-09-07,150.347900390625,152.9091085903916,149.7637550831093,151.4263045648769,19415892
2022-09-08,149.8985595703125,152.05536785255765,149.13468254266382,150.97696371143508,11595205
2022-09-09,149.71884155273438,152.19019088758492,149.1346962096319,150.66243669228146,16415150
2022-09-12,149.53909301757812,151.06684718153807,148.73029328237288,150.48270185041997,15469466
2022-09-13,150.43775939941406,151.83070440939352,148.8650826458428,150.0333595481692,15644741
2022-09-14,154.88621520996094,155.51528323509714,148.2809666643943,148.2809666643943,38751148
2022-09-15,157.35751342773438,158.30110830193078,155.15575548754268,156.72843189473673,29483891
2022-09-16,155.29061889648438,156.99809125107816,153.94261007570353,156.32408684068776,26126152
2022-09-19,153.67298889160156,156.45887897060422,153.26858903178592,155.91967001574778,13304030
2022-09-20,154.48179626464844,155.60513688237467,153.58312377046747,154.48179626464844,15395199
2022-09-21,151.5161895751953,154.61660696974016,151.1117759784969,153.67299809853412,7370283
2022-09-22,151.56109619140625,152.4597685998051,149.9434968264105,150.07829220260922,7447846
2022-09-23,147.3373260498047,151.42628790185086,146.16904927598412,150.2130747689119,12264388
2022-09-26,142.5294647216797,147.24749537106334,140.7321197123907,145.98934563696852,21951865
2022-09-27,142.88893127441406,145.27040797725917,141.5409224888064,143.24839479884764,8367800
2022-09-28,141.94529724121094,143.29330578806508,139.29421650826154,141.81050187158635,14261815
2022-09-29,143.38316345214844,145.31530334800752,141.99021869081602,142.6642228934623,17623352
2022-09-30,143.47305297851562,145.18053888278044,141.45103994035057,143.78759382506937,12015533
2022-10-03,144.10214233398438,147.47216424345405,142.84399259352315,143.65280607938843,10528629
2022-10-04,146.07920837402344,147.38228067403762,145.00080418479283,145.5399994230815,9013773
2022-10-06,146.39373779296875,148.37082816893354,145.9444015643683,147.60695109525136,6456408
2022-10-07,147.65188598632812,148.146158575384,145.0008050065873,146.57348179098565,8825983
2022-10-10,147.3373260498047,148.82014362480245,145.450122380696,146.21398563510252,10484521
2022-10-11,144.73121643066406,147.74176123539183,144.05721202044302,147.74176123539183,13805741
2022-10-12,148.2809600830078,148.55056457114406,144.82106552934275,145.49506989335643,12496248
2022-10-13,148.05628967285156,149.89857098187304,147.60695343712212,148.14616240505893,9447511
2022-10-14,148.37083435058594,150.52764285266701,148.14616622692526,149.40430223436354,9588164
2022-10-17,151.38137817382812,151.9205871528037,147.38228833649666,148.3708335604006,13426449
2022-10-18,150.03335571289062,152.28003673198947,149.53908314615833,151.8307005281697,20635735
2022-10-19,147.42721557617188,151.0668416772898,147.2474838318587,149.62896029747802,6947654
2022-10-20,150.03335571289062,150.88709175761764,145.1355938337857,147.38227485288454,12020720
2022-10-21,148.32589721679688,151.38137819773047,147.83162460476686,150.5276420747626,7414335
2022-10-24,150.03335571289062,150.93202812053016,149.4042877700735,150.03335571289062,685185
2022-10-25,152.19020080566406,152.5047279684592,148.6853696566047,150.48271474453625,8131380
2022-10-27,153.3584442138672,154.1223212620347,150.572567917189,152.6844398934793,16225577
2022-10-28,156.4139404296875,156.9980720287782,152.6844415878945,153.3584459157622,16185760
2022-10-31,155.56021118164062,156.36901092550414,151.92058490894726,152.68444828645087,24233760
2022-11-01,163.378662109375,164.41212999214545,155.91967766857792,156.36901391546144,41101936
2022-11-02,162.6147918701172,164.187468800607,161.76105570752506,163.46852803270932,22146420
2022-11-03,160.09849548339844,163.4235946016174,159.2896957432474,161.17691342047146,16719953
2022-11-04,159.02008056640625,161.3116979596166,158.48088534677913,160.90729811673307,14881752
2022-11-07,158.03155517578125,161.31170411989893,157.13288272943083,159.82890006848208,12799401
2022-11-09,155.8297882080078,159.73901862135517,154.79632043616556,159.73901862135517,14929008
2022-11-10,154.6615447998047,156.54874884740653,153.26859966367795,155.91968083153927,10668583
2022-11-11,154.077392578125,156.00954662047027,152.45977938603357,155.4703376522219,16963169
2022-11-14,154.077392578125,155.82980115595169,153.76286544052488,154.88620603049756,10224241
2022-11-15,154.6615447998047,156.5038124792758,154.0324630712831,154.8412765596733,13899999
2022-11-16,152.72935485839844,155.42537176221006,152.01041427485177,154.66150853372073,9781274
2022-11-17,151.24658203125,153.4932632446891,150.5276413004187,152.72938614705825,12778124
2022-11-18,149.04481506347656,151.92056384733107,148.3708107994801,151.47122767133342,11134908
2022-11-21,147.7417449951172,149.35935814436513,147.51707688307312,148.28095394908428,12788632
2022-11-22,150.1232147216797,150.52761452563618,148.14613834805238,148.50560179320226,15198091
2022-11-23,151.0218963623047,151.2016280959656,149.40428333405217,150.84216462864381,12004998
2022-11-24,152.32496643066406,152.7743026148253,150.61749441591215,151.60602579347565,10986350
2022-11-25,152.54962158203125,153.8976300201641,151.5161539311898,152.99895772807554,12358833
2022-11-28,153.13375854492188,154.4817670311013,152.23508622080226,152.7742951003346,5471921
2022-11-29,152.90911865234375,154.21220473265933,151.92058714116948,153.67299575372502,7693168
2022-11-30,154.7513885498047,155.33553385254174,152.5496438552492,152.86418468846554,9133076
2022-12-01,154.7513885498047,156.05446082105973,153.53818900594086,155.91966544262584,9214914
2022-12-02,154.7064666748047,155.33554840015262,153.80779416734103,154.9311348016706,6376672
2022-12-05,157.4024658203125,157.8518020215839,154.03244431077695,155.51526200256416,9861212
2022-12-06,157.44740295410156,158.1663436221875,156.23420343231842,157.80688014447088,7008295
2022-12-07,154.43687438964844,157.26768727554665,153.94260177282305,156.4588875117626,7718718
2022-12-08,153.0888671875,154.97607122627153,152.77432632471096,154.43687594918862,4225180
2022-12-09,152.32496643066406,154.34697925938968,150.97695787818031,153.8527067142819,6174919
2022-12-12,151.7857666015625,152.77431175089416,150.57256705936774,152.77431175089416,7153044
2022-12-13,152.0553741455078,152.77431484022776,151.02190632429696,152.5496467301686,5166993
2022-12-14,154.2122039794922,156.0994079712373,152.28004990829248,152.72938615099187,8562333
2022-12-15,154.6615447998047,156.41395345566866,154.3020675674132,154.57167206354325,10644546
2022-12-16,152.59457397460938,155.56019559267494,151.92056968471502,154.4817777587221,9433166
2022-12-19,154.39190673828125,154.7963065382311,152.32495766751916,152.59456210503618,7706855
2022-12-20,152.54962158203125,154.0773617360516,151.47121757405517,153.80775730589485,7387632
2022-12-21,150.93202209472656,153.71791193224647,149.71882262044053,152.774303199367,8454254
2022-12-22,149.08975219726562,151.56110140538135,147.87655263178254,151.4263060245454,6979001
2022-12-23,146.48361206054688,149.49417030881588,145.8994804422994,147.65188900969545,5313321
2022-12-26,148.86508178710938,150.75229936556963,145.49506019175385,145.58493291935787,8321609
2022-12-27,148.46067810058594,151.15669530718006,147.87654652421827,150.07829116707293,9244387
2022-12-28,149.04481506347656,150.6174916794683,148.10120635135115,148.28093807921982,9652984
2022-12-29,149.8536376953125,150.4377693287034,147.38228834801347,148.2809608379404,19571340
2022-12-30,149.58401489257812,150.79722809051015,149.17961506415156,149.85361934907993,8626291
2023-01-02,150.97695922851562,151.47123177804417,149.53907794127838,150.12322321350388,7322962
2023-01-03,150.61752319335938,152.05539102980757,149.89858241880793,150.97698672430775,9629995
2023-01-04,149.71884155273438,151.42631378993318,148.01135560288165,150.84218215948462,11995082
2023-01-05,152.68443298339844,153.08884652745093,150.21308392048928,150.97696093408578,18887530
2023-01-06,151.87562561035156,154.70643799909328,151.47122579948154,153.17869776211123,13216749
2023-01-09,153.13375854492188,153.6729674244542,152.28002257953852,152.9989631813645,6012344
2023-01-10,150.93202209472656,153.40337111706927,150.21308145478733,153.13376666301053,7557693
2023-01-11,149.2245635986328,151.69591284496994,148.7302910068347,151.38137200128386,8463293
2023-01-12,149.1346893310547,150.2580298859928,148.7752258385358,149.98842541027702,7628932
2023-01-13,150.7972412109375,151.11176834367882,148.73029181478742,149.3593597929235,5090393
2023-01-16,149.1346893310547,151.5611021871904,147.96641241138838,151.5611021871904,10321015
2023-01-17,150.70738220214844,151.1567184721087,148.99990986136123,149.71885063582863,13015434
2023-01-18,152.28004455566406,152.5047126691167,150.16817251680138,150.5276360132642,5536057
2023-01-19,151.60604858398438,153.13378909726313,150.3479125642617,153.13378909726313,6812613
2023-01-20,151.60604858398438,152.68445284555443,150.66243971286528,152.68445284555443,8545359
2023-01-23,149.94349670410156,152.32497309935488,149.17961967252452,152.23510037352722,7787735
2023-01-24,149.2245635986328,150.57257227845307,148.64041827645198,150.258031434767,7033092
2023-01-25,149.08975219726562,149.71883387490854,147.7417435382934,149.17962492625838,9257370
2023-01-27,149.44920349121094,150.12320770384778,147.38225449659438,149.40426713450498,13756671
2023-01-30,151.74082946777344,154.79630992610174,150.16815287926443,150.61748904740986,30768122
2023-01-31,153.80780029296875,155.1558091078507,150.39285559872496,152.63953695686155,24990701
2023-02-01,152.77430725097656,156.1892650967642,150.25802180078293,154.79632014106303,13878016
2023-02-02,149.98843383789062,153.53820116107352,148.73029783072855,152.77432405573325,19898080
2023-02-03,152.66265869140625,153.49259199560794,149.89619558278866,151.6943937891983,11730514
2023-02-06,153.12376403808594,153.8614904835888,151.27945495980958,151.69442168822945,7588936
2023-02-07,152.3860626220703,154.64533879985376,151.5100184801907,153.5387559853235,8699758
2023-02-08,152.6165771484375,152.84711578461338,151.32556641423722,152.70879823129252,8839686
2023-02-09,153.07765197753906,153.67704679364485,151.8327377336745,153.0315414368475,5507650
2023-02-10,152.15550231933594,152.89322878113722,151.3255688441607,152.2477234036718,9468345
2023-02-13,154.78366088867188,155.106406567876,151.97108644180798,152.24773564609941,9829152
2023-02-14,153.12376403808594,155.38303984478213,152.01718140531244,155.38303984478213,12916373
2023-02-15,152.8932342529297,153.53873965349666,151.41778127652313,153.07766235723992,11855678
2023-02-16,154.36865234375,154.64530149839396,152.7087855578073,153.07764171669223,7923121
2023-02-17,154.9680633544922,156.44350208159432,153.49261055642936,153.9997983351985,10182025
2023-02-20,154.82972717285156,156.76625715431845,154.23033240623388,154.64529909627385,6679716
2023-02-21,159.7632598876953,160.68541434592154,155.8902139773372,155.8902139773372,26883881
2023-02-22,157.22735595703125,159.71717050990028,155.38304679624494,159.486631864802,12225021
2023-02-23,156.3974151611328,158.28782070590916,155.84411681034462,157.64231534396396,11184381
2023-02-24,157.6884307861328,157.87285888514057,156.21297785214676,156.99681486163223,8338893
2023-02-27,158.9794158935547,159.99379138083725,157.22732812929542,157.8267228720789,17669762
2023-02-28,157.22735595703125,159.53274240801412,156.62796110816058,159.34831430612792,19044910
2023-03-01,158.8411102294922,159.57883663255862,156.7201520972865,157.64230658337934,9318790
2023-03-02,157.50401306152344,158.7950239105754,156.9968252026234,158.7950239105754,7725981
2023-03-03,159.16387939453125,161.37704466440124,158.14950377111322,158.61058104158295,12962719
2023-03-06,163.03689575195312,163.68240099803526,159.25605719910786,159.44048525928002,12402804
2023-03-08,164.92733764648438,165.20397273920082,161.79200390974208,162.0225425343131,22099710
2023-03-09,165.48062133789062,168.0165461995135,164.1435001341362,164.51235630380606,18874546
2023-03-10,166.679443359375,166.90998200855807,163.959090113207,164.14351821836098,12399692
2023-03-13,165.71115112304688,167.4171424764387,165.48061251155934,167.18660386495117,13669178
2023-03-14,164.05126953125,166.9099539285765,163.40576423632598,164.74288536244575,9217542
2023-03-15,164.3279266357422,165.5728408205654,163.91295993112138,165.480619743556,8548173
2023-03-16,165.6189727783203,165.98782899214,163.17525463113623,164.3279478880261,9405016
2023-03-17,163.17523193359375,167.55546570048827,162.20696691829863,167.55546570048827,47276890
2023-03-20,162.2991943359375,163.72853664570192,161.33092928280928,163.72853664570192,5627841
2023-03-21,163.31358337402344,163.7285501249667,161.65370229928806,163.0830447267258,12894327
2023-03-22,160.77764892578125,163.9590792597164,160.27046111695992,163.9590792597164,7893205
2023-03-23,161.00819396972656,162.16088718522872,160.17824641198774,160.50100614071317,5759884
2023-03-24,159.25608825683594,161.56147463597645,158.93334260633333,161.56147463597645,4977283
2023-03-27,157.91896057128906,160.40877494566604,157.41177277424012,159.20997126290342,12077986
2023-03-28,158.61058044433594,159.532734981803,157.22734863813534,158.01118562336697,8750986
2023-03-29,160.4548797607422,161.7458904062949,158.33392163936782,159.20996558249007,20272070
2023-03-31,161.46922302246094,163.45184913249736,161.00814587399128,161.19257391918757,8125121
2023-04-03,163.95907592773438,164.23572509701134,161.7920071845196,161.9303388046387,9098662
2023-04-05,162.20697021484375,164.42014944777705,161.51535434285728,164.42014944777705,10829323
2023-04-06,161.56146240234375,162.85248711948154,161.23871677627983,162.66804496634705,7159274
2023-04-10,163.77464294433594,164.14349911170825,161.56146372721955,162.1608725879006,10968456
2023-04-11,164.2357177734375,165.75726703017025,162.80637552171123,164.2357177734375,9208605
2023-04-12,162.11476135253906,164.42014756611056,161.65368410982475,164.1434984062898,7591360
2023-04-13,159.57882690429688,162.39140072961177,158.8872110818896,162.29917965824015,9944382
2023-04-17,156.3974151611328,160.40877895598192,156.07465544467942,158.93334013881594,17401126
2023-04-18,156.85848999023438,157.45788480179812,155.84411438655275,156.7662689095501,16199789
2023-04-19,154.09202575683594,156.72015769346973,153.8153765869373,155.61357508483647,16314641
2023-04-20,156.48960876464844,156.95068599381415,153.8153664638715,154.09201561556299,15498083
2023-04-21,156.48960876464844,156.7201473792313,155.29080515462553,156.4434982275398,6672391
2023-04-24,157.64231872558594,157.91896790691453,155.10639369350412,155.38304287483268,8088991
2023-04-25,157.78065490722656,159.02555515270552,157.0890389694175,157.9650830097832,9175412
2023-04-26,156.62794494628906,158.3339223014054,156.30518524807098,157.78063805283827,9032416
2023-04-27,157.64231872558594,158.01118899101132,155.65969205616125,156.7662747105137,9054900
2023-04-28,158.61058044433594,159.07165771306947,156.3974151827996,158.51835936220462,21552892
2023-05-02,161.93032836914062,162.29918452376504,159.1177544595083,159.20996146268422,8893428
2023-05-03,162.6219482421875,164.74289229027715,161.46925514172108,161.93033238190765,11194149
2023-05-04,162.6219482421875,163.63630972802153,161.192605983417,162.7141552476484,4671155
2023-05-05,160.68540954589844,162.66803594347533,159.5327165075491,162.62193947870932,5958697
2023-05-08,163.2674560546875,163.7285333019072,160.91595927967487,161.19260844219886,6287186
2023-05-09,162.2991943359375,164.7428981677248,161.56146791112738,163.4057769376721,7918748
2023-05-10,163.2674560546875,163.5441052172115,161.3309259879804,162.29919102133394,6231734
2023-05-11,165.57286071777344,165.98782747226159,163.17525313701134,163.7746620676831,12125975
2023-05-12,161.3309326171875,165.29619992040486,160.91596589183067,165.15788236893974,8920297
2023-05-15,162.25308227539062,162.99080869328654,160.31656625824505,160.45488380555506,7980565
2023-05-16,163.63632202148438,164.1435098379851,161.8381234638561,163.12913420498364,7874923
2023-05-17,162.2991943359375,164.00518581387587,161.423150362521,163.6363155659902,6639494
2023-05-18,161.46922302246094,163.86681575192847,161.0542423320719,163.22131055826253,6921939
2023-05-19,159.80935668945312,161.69977598053063,159.48659702843045,161.37701631950796,6657753
2023-05-22,160.547119140625,163.2674723566514,159.67106102666602,159.80939265722063,13339834
2023-05-23,160.59317016601562,161.97640165433947,159.34827026909915,161.33089644064668,8359389
2023-05-24,161.3309326171875,161.6536923318881,159.9477008186904,160.45488862566498,8507023
2023-05-25,160.9159698486328,161.884234945582,159.90159420974095,161.33093658419338,7986243
2023-05-26,160.9159698486328,163.45189487490066,160.54711365501495,161.37704712613606,6926193
2023-05-29,162.5758514404297,163.95908327786222,161.19261960299715,161.33093715835565,9943211
2023-05-30,163.03689575195312,164.14347818394523,161.93031331996104,163.22132381212532,9727639
2023-05-31,160.3165740966797,163.22135529990342,158.56447200964038,163.22135529990342,41785992
2023-06-01,160.82374572753906,161.10039490300878,158.4722629134505,160.08603335423527,11602551
2023-06-02,160.96209716796875,162.2069975044088,159.90161087659763,162.2069975044088,7262018
2023-06-05,160.547119140625,162.48363532972886,160.03993130384936,162.11477912350782,12239684
2023-06-06,161.74588012695312,162.0686398033095,160.0399028873889,160.91594677483644,4889564
2023-06-07,163.5441131591797,164.1435079812885,161.74590055093,162.25308836169373,6270083
2023-06-08,167.8782196044922,169.9991776431703,164.23571235924075,164.83510712038535,27382635
2023-06-09,168.56985473632812,169.9069760210805,166.4950069965863,169.6764373833314,10235269
2023-06-12,171.2440948486328,171.935710751956,168.43152069425946,168.56985231750107,17450400
2023-06-13,170.92135620117188,172.12014589257925,170.59859647135474,171.52075104687557,8332566
2023-06-14,172.62730407714844,173.733886563542,170.9213268479883,170.9213268479883,15061573
2023-06-15,172.16624450683594,172.71954284219746,170.92134435871426,172.4428936745167,9840499
2023-06-16,173.5494842529297,174.01056152994116,171.56685759016503,172.35068051850746,8562558
2023-06-19,171.38243103027344,173.54948580908146,170.78302212220675,173.54948580908146,5363723
2023-06-20,172.9039764404297,173.3650537109375,170.1836233586259,171.52074462890624,6035600
2023-06-21,172.9039764404297,174.01055907545611,171.98182189941406,172.9039764404297,5906854
2023-06-22,170.1374969482422,173.318927003814,169.07702495337168,172.90396031325426,6683123
2023-06-23,172.16624450683594,172.9039709303309,169.44589151172428,170.18361793521927,15255365
2023-06-26,170.50637817382812,172.8117646503318,170.09141142224993,172.8117646503318,7231775
2023-06-27,171.5668487548828,172.39678218237916,170.41415562171503,170.5063626297918,6787438
2023-06-28,174.3794403076172,175.76267220618328,170.87525001705725,171.5668659663403,32476741
2023-06-30,174.425537109375,176.73092361132794,173.36506494686165,173.45728603532478,9579059
2023-07-03,176.36204528808594,177.60695947144495,174.01054853671928,175.20935218162785,7352149
2023-07-04,178.944091796875,179.6357077037908,174.2872085427829,176.22373871053185,13258826
2023-07-05,178.34469604492188,179.58961039750014,177.37644496065286,178.89799443961505,6558910
2023-07-06,181.4338836669922,181.80273980972282,177.7452659558462,178.43688177668608,16276609
2023-07-07,177.60696411132812,182.35605420561842,177.19198332539347,181.4338996963612,12652336
2023-07-10,176.63870239257812,178.29858335472704,175.02493197095362,177.6530639293081,10238356
2023-07-11,177.42251586914062,177.9297036460336,175.94707714749646,177.6530544885501,11236383
2023-07-12,175.94708251953125,179.5895900032221,175.4398947271528,178.6674354974289,9191559
2023-07-13,173.27279663085938,176.86920703623952,172.3967528130858,176.86920703623952,10612659
2023-07-14,172.85784912109375,173.68779657002764,170.3680349162126,173.31892634684803,12369394
2023-07-17,171.9818115234375,174.24108719842724,171.3363061978634,173.78000995573706,9058800
2023-07-18,172.7656707763672,174.42553780764817,171.7974056274782,172.44291103641666,7177677
2023-07-19,177.5608673095703,181.2955961752106,175.39379841676507,176.13152489544103,31761232
2023-07-20,177.8835906982422,179.1285048545732,176.91533976660745,177.69916261940512,8936996
2023-07-21,179.91233825683594,181.06503131570608,177.14587491554758,177.79138021432283,11031250
2023-07-24,180.6500701904297,181.66444582085978,177.9297170900457,180.28121399988876,9981788
2023-07-25,185.03028869628906,185.6758080817755,180.65005496570248,181.203353275845,18028061
2023-07-26,185.90634155273438,186.4135152402043,184.4308888138396,185.8141204799434,13857423
2023-07-27,186.22911071777344,187.19737582069354,184.98421050341494,186.0446826198272,16013422
2023-07-28,193.65243530273438,194.06740199276248,183.96981353759767,186.13688213246476,39630520
2023-07-31,201.35243225097656,201.9057164851741,193.3296771809884,195.68117387146904,43494779
2023-08-01,207.6230926513672,209.00632448534287,201.81353020543875,202.45903558043503,63510580
2023-08-02,202.0440673828125,207.62309114938535,199.96921964685876,207.53088413703114,22647784
2023-08-03,202.96620178222656,206.19374238440034,200.9835612554579,202.0440473244626,29868065
2023-08-04,200.98358154296875,204.9027383840696,200.66083589274928,204.44166110864597,12879897
2023-08-07,200.98358154296875,204.1189154584265,200.7069323635222,202.59735200695147,12929354
2023-08-08,200.61471557617188,203.2428474754552,197.3410642659786,203.15064046744027,15314866
2023-08-09,201.6751708984375,202.5973253278505,199.60032343225816,201.44463229108425,12554174
2023-08-10,200.4763946533203,203.65783912523182,199.64646118210277,202.1362756667172,10970619
2023-08-11,199.16729736328125,202.43999943263094,198.8400214492068,200.9439013509316,7970536
2023-08-14,199.16729736328125,200.10235509738118,198.0452309359311,199.44781753708097,9283695
2023-08-16,203.32830810546875,203.79583698787627,198.279001882607,199.1205481638009,9687712
2023-08-17,201.73873901367188,205.5257263075914,201.17769857462784,205.1984503401739,11865239
2023-08-18,201.1776580810547,202.58024462849735,199.44780989991764,201.78545414565542,14101163
2023-08-21,204.5906524658203,205.29194582600854,201.69196753656894,203.0945542569454,13336739
2023-08-22,207.30230712890625,207.86334750446952,204.6374010146044,205.01141841974692,16930149
2023-08-23,207.30230712890625,208.42437361218333,206.69452527858726,208.42437361218333,13507905
2023-08-24,206.50750732421875,207.95683540510146,205.38542662336286,207.58281801671538,11182959
2023-08-25,203.74908447265625,207.44257411644563,203.0945468804902,207.44257411644563,7413549
2023-08-28,204.49713134765625,205.0581717165277,203.09454469332684,203.74908227844404,4851793
2023-08-29,206.74127197265625,207.3490537963742,204.0763517071417,204.9646537063636,8799235
2023-08-30,206.08673095703125,207.58282912634292,205.47894910141378,207.58282912634292,5490930
2023-08-31,205.99322509765625,207.25554449895105,204.54388273215577,207.25554449895105,18532999
2023-09-01,215.7178192138672,216.60612121926604,202.11272615188298,203.70233573484285,29859815
2023-09-04,220.4866180419922,221.14115560670865,215.53080916425515,218.52299107999391,21895573
2023-09-05,219.3645477294922,221.51516908013835,216.65287176952975,221.51516908013835,13952922
2023-09-06,216.8398895263672,220.53337910439103,213.56718735596067,220.2061031802107,14623019
2023-09-07,218.8970184326172,222.5437378413657,214.45549425301007,217.86844923125295,30334731
2023-09-08,224.64764404296875,227.7800934859837,219.73859042704538,220.67364825864982,28856420
2023-09-11,227.31256103515625,228.06059587452665,222.6840134264144,227.78008994368776,22493483
2023-09-12,219.83209228515625,229.04240296218984,218.8970344945224,228.34110961921445,21174310
2023-09-13,221.7489471435547,222.964525112899,218.00871601809496,220.76714788740105,9151928
2023-09-14,222.49697875976562,223.66580089473797,220.62686334380987,222.49697875976562,7568464
2023-09-15,220.8606414794922,223.75932626128258,220.29961538059192,220.29961538059192,14098284
2023-09-18,225.53594970703125,226.4242518075763,220.72040750502094,221.608709605566,11163399
2023-09-20,226.0502166748047,230.0242122109698,224.74114149944296,225.81645223150085,18936709
2023-09-21,223.4320526123047,227.1255279721276,221.70220428826073,224.46062187254117,10134737
2023-09-22,222.49697875976562,223.75931237267508,220.67361908277843,223.10477483066023,7209300
2023-09-25,224.0865936279297,224.6476340089733,221.74894915333059,223.61906473300988,8027642
2023-09-26,224.6008758544922,227.40604919389347,223.52556511486145,224.1801027071519,10681642
2023-09-27,223.7593536376953,224.8814202406272,222.4035225646588,224.32037980523577,9679279
2023-09-28,221.6554412841797,225.53592521841128,220.34635188059815,224.03984138726668,32887087
2023-09-29,229.6034393310547,235.16703023452425,223.94633694301612,223.9930926853006,35038887
2023-10-03,225.53594970703125,230.67876786243468,224.9281678139874,228.48139048401802,14885044
2023-10-04,219.87881469726562,225.34890800536505,216.46585976448966,225.34890800536505,25424437
2023-10-05,218.6632843017578,221.9827282606264,216.98017731532343,221.8424752900279,22472389
2023-10-06,220.2528533935547,222.0762131320162,218.47623512778927,219.03727547863073,8825123
2023-10-09,219.4580535888672,220.95415171316876,215.530813847387,218.6632630529594,10659145
2023-10-10,220.5801544189453,221.46847084433188,218.5697856272682,219.6450965125185,11665907
2023-10-11,223.1982879638672,224.13334573855272,220.6736348257861,220.9073992694575,14313043
2023-10-12,225.9099578857422,226.98526859004878,223.10478463849134,223.43204628996122,13170027
2023-10-13,226.33071899414062,227.9670699680964,224.03983048417217,224.92813244503566,11880728
2023-10-16,227.63980102539062,229.08914335734354,225.3489124453869,227.0787749493063,6936948
2023-10-17,229.97744750976562,231.1462696807523,227.49955021441343,228.94889256000664,10084205
2023-10-18,226.28399658203125,230.77227705375728,225.90997915432501,229.93071643964285,6987265
2023-10-19,223.9463348388672,226.09697055310255,223.01127707336045,224.60087242115208,11485237
2023-10-20,225.3489227294922,226.42423345861354,222.12297627427884,223.43205144606566,9040953
2023-10-23,221.1879119873047,225.25540460914345,219.73856963190744,225.1619073955413,7058625
2023-10-25,216.98016357421875,220.95415919181306,213.5204525960007,220.67363900053059,23949207
2023-10-26,216.60614013671875,218.14899411354094,212.95942031486658,215.8581052886415,17410264
2023-10-27,221.2346649169922,222.964513159065,216.9333936461785,216.9333936461785,10519462
2023-10-30,219.3645477294922,222.91775566595902,215.67105830588557,222.0294536818423,8812268
2023-10-31,220.4866180419922,221.79569317142514,218.38273812607213,219.27104012589083,6583581
2023-11-01,217.4944305419922,221.32815861852688,217.02690168379175,221.32815861852688,6718059
2023-11-02,219.97235107421875,220.39312423758136,218.56976435111002,218.99053751447263,6057787
2023-11-03,221.2468719482422,222.09654478452845,220.2555773688219,220.2555773688219,6825146
2023-11-06,222.66299438476562,223.93750359019216,221.43567801960648,222.1909507370605,5338605
2023-11-07,225.77847290039062,226.15611646521924,222.0493309321857,223.08783272842814,7002346
2023-11-08,223.4654541015625,227.43061775751872,222.75738864851218,226.43933764775107,9777991
2023-11-09,224.6455841064453,226.2977369840593,222.80461663822996,223.93751858746788,13987058
2023-11-10,229.17718505859375,229.64922869414184,222.61578140560113,224.55116319247395,9589671
2023-11-13,231.9622344970703,236.58827066650812,229.696430858802,231.25416905940793,18792969
2023-11-15,233.4727783203125,235.03051651064783,232.19825477867224,235.03051651064783,10965645
2023-11-16,238.2404327392578,240.03419282307848,233.80321096394468,234.88891998783933,22145147
2023-11-17,237.53237915039062,238.9485101523072,236.96592098737221,238.8540956565943,5618928
2023-11-20,237.01312255859375,241.119893722414,236.30505707459415,236.96591531186795,6283832
2023-11-21,236.0218048095703,238.66525190456304,233.4727721987525,238.47643734184092,6851869
2023-11-22,239.46774291992188,239.79817924412416,235.40817896903263,236.77710270170198,5275418
2023-11-23,238.61807250976562,241.40312725041545,237.62677793275347,239.798181671535,8200025
2023-11-24,239.70375061035156,242.48881956415394,238.8540778348505,239.137306895227,7149443
2023-11-28,243.149658203125,243.85772363622814,239.46772371323976,240.60063993070733,6151585
2023-11-29,243.95213317871094,245.0378277252141,241.78074408570464,245.0378277252141,8637363
2023-11-30,246.6899871826172,247.02042348274637,241.68633627639747,243.5273179405054,21687673
2023-12-01,253.9123077392578,260.04887559720873,247.1148672028698,247.68132538277877,29121320
2023-12-04,259.4351501464844,263.40032789739877,257.97182651600076,260.5680663071041,20464526
2023-12-05,269.48974609375,270.5282191317144,257.54701804456386,259.8128507378741,18883076
2023-12-06,265.3829650878906,272.1331840114384,263.3531830075595,271.8971621692776,13415314
2023-12-07,267.9319763183594,272.1331765176366,265.571757961745,266.0910232869557,25133786
2023-12-08,269.1120910644531,275.5790952576272,265.28854877213445,270.4338364205108,20815064
2023-12-11,271.2362365722656,272.36915271812524,268.49838949956825,270.05612759168446,8071675
2023-12-12,267.55438232421875,272.4636486759987,265.1469708084258,271.3779538514501,8640883
2023-12-13,277.6088562011719,278.41133616021585,268.592834102889,268.82885592547507,23629670
2023-12-14,278.88336181640625,281.8100379899432,277.18401632790386,281.10197256785796,24900443
2023-12-15,288.0410461425781,289.83480628239994,278.50575847983055,281.3380204304729,28843558
2023-12-18,286.2472839355469,289.4099533752507,284.8783458114525,288.89071687921944,13307504
2023-12-19,292.33660888671875,295.0272632901764,285.58639086489075,287.9466089712122,15650536
2023-12-20,281.007568359375,295.8297499282572,278.647350199442,295.02726999162854,23497233
2023-12-21,285.0671691894531,286.2000566524847,276.80640538892885,279.2610092977928,17868637
2023-12-22,285.8696594238281,291.67582010933756,282.8485969647639,287.00257585301574,15207726
2023-12-26,292.2894287109375,293.32793048495756,287.5689922938076,289.31555953039714,9917180
2023-12-27,288.9378967285156,294.7912493122202,286.57767855948265,294.17759835052306,12630732
2023-12-28,296.3489685058594,297.85951379926354,290.5428379452405,291.81736143690193,37591916
2023-12-29,293.7527160644531,296.7738065214485,290.92045456524016,296.7738065214485,12682889
2024-01-01,292.4310302734375,295.7825285389935,290.59004858256446,294.55522661924937,8024960
2024-01-02,288.8907470703125,293.42235510769524,285.16159028133825,293.42235510769524,13506040
2024-01-03,289.0795593261719,290.7789050389084,286.34168295049915,290.0236466801943,14259987
2024-01-04,299.37005615234375,303.76005585938935,291.3453149719092,293.5167040021131,40057506
2024-01-05,297.3403015136719,307.44201816209477,295.2161051254336,304.8457781320258,27456415
2024-01-08,298.75640869140625,300.5501686255278,295.1216671759791,298.75640869140625,10136462
2024-01-09,301.8719177246094,303.47687767798476,298.3787831490316,300.07815759576874,12229517
2024-01-10,295.8298034667969,301.871957287468,290.7789299281943,301.7775427817324,14455000
2024-01-11,295.4049072265625,299.55888553957715,294.8856707416573,297.34030345747516,10316319
2024-01-12,295.16888427734375,297.6707098235999,292.38384406972176,297.576324143983,12341629
2024-01-15,299.55889892578125,300.21977158269954,292.2894437559744,297.29309509118247,9706124
2024-01-16,294.08319091796875,299.5116928370003,292.80866731385765,299.5116928370003,10162832
2024-01-17,292.0061950683594,296.5378314680977,289.9292202616637,292.43104588470493,13502940
2024-01-18,282.5653076171875,293.89435482634315,279.969067631756,291.6757727968891,32481018
2024-01-19,291.2037658691406,292.1478532555716,284.8311760107315,286.8137364732281,28651237
2024-01-23,285.68084716796875,297.67073961635,283.5094289055577,295.92420101102726,21652362
2024-01-24,291.58135986328125,293.3279270795942,281.57402901289345,286.0112507179851,23922028
2024-01-25,297.1514587402344,299.4644840023494,291.91178608361434,292.6670443509854,32525422
2024-01-29,306.4035339355469,307.5364502653257,298.4732060608724,300.030944405874,24694773
2024-01-30,297.8123474121094,305.83708938403726,296.915452961332,303.85450031107416,20918448
2024-01-31,299.74774169921875,302.1079601377953,295.12171932186084,300.7390219189168,20931224
2024-02-01,303.9960632324219,308.6693061637571,299.37004194548354,302.15508175977385,24020951
2024-02-02,313.90899658203125,315.0419127558519,305.0345825912865,305.8842553160244,32346639
2024-02-05,317.3077392578125,321.98095398772887,314.42825577896815,319.1014993201417,19651482
2024-02-06,318.5947265625,320.3106649160913,313.63752606367274,320.3106649160913,12024661
2024-02-07,315.2581481933594,322.1219305055961,314.25715993834564,322.1219305055961,8080437
2024-02-08,315.44879150390625,319.595676344339,312.6842113078097,318.35639080240543,17754869
2024-02-09,309.7289733886719,319.3573654490851,304.67646551262766,317.4031006706812,18304439
2024-02-12,301.38751220703125,311.4449021603439,299.814564033004,310.9205667072858,11714289
2024-02-13,306.5353698730469,308.8233263320677,301.14919965196634,303.67545339184574,15426888
2024-02-14,312.6842041015625,313.9711723454955,303.48481184208947,305.915729230849,14085723
2024-02-15,323.4089050292969,324.9818533546234,314.7338187811085,315.5441343100877,21973316
2024-02-16,321.9789123535156,326.9361122784451,321.0732605485046,325.9351241109213,20307449
2024-02-19,322.9322509765625,325.9351576025525,321.74061905413976,324.50519929564524,8496898
2024-02-20,329.5577392578125,330.3203720584349,322.0266021619284,324.6958751492596,19340526
2024-02-21,320.4059753417969,331.7979582903083,319.07135349791184,330.79699918053814,17751633
2024-02-22,323.69488525390625,324.36221077055296,315.16281810578874,323.170578842667,16083122
2024-02-23,321.9789123535156,324.12384959347247,319.214332396086,324.12384959347247,9665454
2024-02-26,321.8359375,322.69390661783973,318.9283383156978,322.2172538754205,7711995
2024-02-27,320.4059753417969,322.21724992225325,318.49936439551135,320.4059753417969,8882923
2024-02-28,317.7366943359375,320.7872834080509,316.3067361632419,320.0246506863093,12977628
2024-02-29,319.9293212890625,320.31063765823603,315.1627939429578,317.7367012543099,13149469
2024-03-01,327.46044921875,328.27076473693313,319.3573522220706,319.92934135799845,13027254
2024-03-04,337.3271789550781,341.5693712507195,329.60539808383936,331.75033559848475,38075510
2024-03-05,341.5216979980469,343.14232899752415,337.0411504766042,338.32811873000367,15918221
2024-03-06,335.515869140625,342.6656601088789,328.89038453968016,342.6656601088789,13120921
2024-03-07,335.7542419433594,337.374843998093,333.3709779576529,335.56356918747167,9172926
2024-03-11,331.7026062011719,336.65977653621326,330.51097452074316,335.8018075448186,10664917
2024-03-12,328.6520690917969,333.132616551108,326.55478536774166,331.7503119476296,9637912
2024-03-13,307.4410400390625,328.41376215025434,304.5811233875363,327.794119360939,23722232
2024-03-14,306.8214111328125,311.6832754789121,301.7212203883019,306.0587492023506,20859127
2024-03-15,301.530517578125,310.8252461897208,291.473156204659,307.5840133129101,43285007
2024-03-18,302.3408203125,307.8223266982901,300.24356575956807,302.29316667660964,13690352
2024-03-19,298.8135986328125,303.0557903402333,295.620019624201,299.6238849741519,13388060
2024-03-20,299.0042419433594,302.6268200285703,293.9040520804449,301.24451551969446,10026655
2024-03-21,309.8242492675781,311.11121735228085,302.1978062086839,302.43613255427437,23370426
2024-03-22,309.5859680175781,311.96923182063875,306.15406232265565,309.34764163727203,14709219
2024-03-26,313.7328186035156,314.87676764855553,305.15306984914,305.15306984914,11208959
2024-03-27,316.1160888671875,318.49935246073903,311.0635525933144,316.4974052236411,45209520
2024-03-28,320.1199951171875,324.1238901025438,314.8768145419993,316.4021092551149,19868037
2024-04-01,326.3641357421875,328.31840033224563,320.45363015006274,323.17055657696807,8580656
2024-04-02,328.69970703125,329.4623688456532,324.8388316015551,326.9837688608464,9745257
2024-04-03,334.84857177734375,337.56549839177484,326.03049550989766,328.27076935311544,21679943
2024-04-04,338.08978271484375,345.7639092855542,336.1831717545541,338.4234454514093,28962927
2024-04-05,337.99444580078125,341.47403407173266,335.1345293649797,339.75806675470704,11208130
2024-04-08,346.5265197753906,348.9097833226767,336.75513923151783,338.99541278448123,11447140
2024-04-09,345.95458984375,349.7678121712481,343.523672247001,347.956537384202,10010148
2024-04-10,345.5732421875,351.15008515579945,344.4769466859719,347.09853679911845,12886638
2024-04-12,344.8582763671875,357.0129219060448,344.1432972178429,345.5732555165321,30924494
2024-04-15,344.2862243652344,348.9097611719561,336.32611880413594,338.90005490882623,18126999
2024-04-16,342.4750061035156,345.0489426298416,338.0421412793547,344.14329075398507,15328939
2024-04-18,334.75323486328125,344.38162664473583,332.8943065141011,342.7609955882007,22966560
2024-04-19,334.1812438964844,335.94486495601234,326.98379873911165,327.07913511119517,12867942
2024-04-22,326.888427734375,338.42342931255706,325.9351222996917,338.42342931255706,37382916
2024-04-23,330.94000244140625,332.36996070840866,327.93709589921633,329.84370692188617,14651106
2024-04-24,335.2298889160156,336.65984723281304,331.083003978788,333.4662678401169,11132307
2024-04-25,342.4273376464844,343.7619594905899,332.7989465476369,334.61022112839254,19865014
2024-04-26,339.3768005371094,344.52464506381943,338.4234949176231,343.8573485857263,10986589
2024-04-29,346.0498962402344,346.66953899625423,340.28240960659383,342.9039997296259,13652173
2024-04-30,346.2405700683594,348.38550744850943,342.5226553353725,347.908854697365,14566548
2024-05-02,351.8173522949219,355.2016039787771,346.2405388828888,346.2405388828888,27892188
2024-05-03,347.9088134765625,362.63736428631825,343.5236028670854,354.9155848141521,26844664
2024-05-06,340.1393737792969,351.6267219362613,337.85144651205155,350.62573375569707,15319437
2024-05-07,332.8465881347656,341.71234617104994,330.65399726257954,341.5216734462628,10028071
2024-05-08,338.85247802734375,341.76004839197395,329.0810958906137,329.0810958906137,9595776
2024-05-09,329.8913269042969,341.28333823954534,328.74737786294804,339.8533801184299,9043486
2024-05-10,338.9001159667969,339.71043148593594,331.3213253651082,331.41666173663793,11699095
2024-05-13,334.514892578125,339.3767564240634,330.3203542161179,338.9001036762768,10691781
2024-05-14,339.18609619140625,340.5684008479736,333.94291577247316,334.18124215515195,10891985
2024-05-15,344.4769287109375,346.5265296012057,339.99638147796406,340.80669692553244,8538183
2024-05-16,344.57232666015625,346.8602543208368,336.56453620890636,346.8602543208368,13114162
2024-05-17,348.3854675292969,349.3864265549768,343.52360420619755,345.52555135012926,8509179
2024-05-21,354.629638671875,356.63158599902147,348.29016304639,349.8631112703713,10939593
2024-05-22,356.3932800292969,359.7298494013384,353.29503704097255,357.489575575881,14001806
2024-05-23,354.9156494140625,358.06157522703177,352.24640547509796,357.53723971191505,15370357
2024-05-24,357.44189453125,360.4924545534,351.4837353951282,355.5829372437504,13317821
2024-05-27,352.38934326171875,362.7327129041763,350.8163951346567,362.20840655934654,21891930
2024-05-28,348.33782958984375,355.82128370599327,347.09854405656506,355.2016409393539,10200096
2024-05-29,347.5751647949219,349.2434492935744,343.18995400852066,344.61991215022283,18146672
2024-05-30,342.9039306640625,347.7657644571127,340.4729846749682,347.0031318483199,14425073
2024-05-31,342.2366943359375,349.52947601511,338.90012489255093,346.47891569384547,30515612
2024-06-03,373.505126953125,374.8397780833037,356.01199225595406,367.02266043187905,39261174
2024-06-04,315.782470703125,373.60044782240436,299.29029594569835,373.60044782240436,84042244
2024-06-05,325.0771484375,326.26878021329725,300.5771874900787,324.12384301686217,46418629
2024-06-06,333.4186096191406,342.95166493348347,328.8904083448278,331.5596521958134,33171039
2024-06-07,343.761962890625,345.0965847479308,331.4643279819346,335.5635299206399,23930193
2024-06-10,347.8611755371094,352.8183758369218,344.9059226311664,347.9565119068318,16072588
2024-06-11,350.24444580078125,354.5820034165549,347.8611819764801,351.53141408441905,11235777
2024-06-12,353.9623107910156,356.53624720734973,348.3378143140135,352.29402621183687,12134524
2024-06-13,352.6754150390625,358.8242186456677,350.7688038569999,358.8242186456677,11243702
2024-06-14,351.24542236328125,353.53334973988905,349.0051486245418,352.7230342481014,10298434
2024-06-18,352.38934326171875,354.86794317629335,351.4837205667789,354.4389440995616,10228382
2024-06-19,345.5732421875,353.5810025327781,344.66759032956486,352.5323606690045,8337334
2024-06-20,340.9497375488281,347.86120305816195,340.377748377816,345.57327546669114,14338604
2024-06-21,342.99932861328125,346.00226439926183,340.09175829432684,343.14234772124365,17931844
2024-06-24,345.8115539550781,347.6228285018691,338.9477430389954,340.90203667815894,9335598
2024-06-25,344.00030517578125,347.67053727259895,341.0450522240874,347.24153814849427,14983828
2024-06-26,348.0041809082031,349.76780200191007,342.8563367342674,346.04991615921074,15918394
2024-06-27,359.5391540527344,363.30472231575226,347.09852924187913,348.0041519875216,55378829
2024-06-28,360.68310546875,371.31245490621586,359.1101573704602,360.30178912561496,25141039
2024-07-01,352.48468017578125,364.16267160824464,350.62572296378863,363.92434525248007,23389211
2024-07-02,353.1043395996094,355.20162326666025,348.0994858916041,355.20162326666025,13702830
2024-07-03,355.249267578125,356.7745621057088,351.43604580545207,353.247320328957,9207317
2024-07-04,355.5353088378906,363.0664167018712,354.3913305655444,356.4409316353034,14916930
2024-07-05,362.0653991699219,363.4477037128757,353.67632282616887,356.8699019100951,15946104
2024-07-08,359.8251647949219,363.44771397919294,358.5858502163006,363.06639760599194,8898299
2024-07-09,359.44384765625,362.49443706741806,357.5372365474141,361.49347787230994,8355819
2024-07-10,363.5906982421875,365.87862553784595,352.7230217683793,361.11209821665165,17715196
2024-07-11,359.49151611328125,365.40199286040774,357.1082523218813,364.54402371401886,19873143
2024-07-12,359.5391540527344,361.6840913713352,354.62963667534063,361.2551213631596,16151583
2024-07-15,367.64227294921875,370.7881986633759,359.3008495362337,360.92148057921554,22951140
2024-07-16,362.6850891113281,370.5975131242828,362.2560899992989,368.59556575577164,11893034
2024-07-18,360.11114501953125,365.0206624223283,356.7269222030353,365.0206624223283,15709153
2024-07-19,347.62286376953125,360.34949870912277,345.95457905328533,360.1111723210876,13330099
2024-07-22,356.05963134765625,359.634527244721,345.4302800322323,347.7182075878383,18715538
2024-07-23,364.5917053222656,367.6422655103149,344.66759681347804,359.1101986189316,49882257
2024-07-24,374.26776123046875,376.5556887104473,363.8767366516577,366.1646641316363,36868466
2024-07-25,373.8387451171875,377.79495711426136,368.2142484990822,372.6947959754538,25973101
2024-07-26,377.7949523925781,380.84554158422503,371.5031594602401,376.50801326078374,20381410
2024-07-29,375.50701904296875,389.2346120008067,374.3153872047437,385.1354101143421,27751449
2024-07-30,387.94769287109375,393.4291996092578,378.4622913132404,378.4622913132404,34447139
2024-07-31,396.5751037597656,397.90972569428806,389.47296586549896,390.3786177635193,29727771
2024-08-01,403.6772155761719,404.53518468632683,396.1937617687037,400.29296367976303,28803487
2024-08-02,400.102294921875,406.39408739639924,394.0487997088912,396.81337959808707,24233263
2024-08-05,393.9534912109375,396.2414185537202,385.75505823110603,388.6149746827281,42489503
2024-08-06,395.6217956542969,405.10719733171345,393.95351097382695,393.95351097382695,18230579
2024-08-07,399.9935607910156,404.50947401123557,398.74449338399705,404.50947401123557,15556736
2024-08-08,391.7304382324219,400.66614631340633,389.9048376091993,400.04161262124416,16447385
2024-08-09,394.56488037109375,400.04162374868645,392.2108641855873,397.59148936514947,10954753
2024-08-12,385.1487121582031,393.940300811881,384.428089656718,393.940300811881,26254763
2024-08-13,380.6808776855469,388.6557553747369,379.52786989622024,387.21451029918165,11355664
2024-08-14,380.8249816894531,384.33200537405037,378.2307289242963,383.2750864948307,9424614
2024-08-16,382.4584045410156,385.2448352520981,377.8944616261004,382.4584045410156,13844122
2024-08-19,387.31060791015625,391.53825436276065,385.72524415570547,386.5419262591875,10677045
2024-08-20,390.33721923828125,392.21084961950777,387.3106103566289,388.70379637658596,10126083
2024-08-21,392.93145751953125,393.6520800512417,389.32834486097903,391.5382422293421,9726854
2024-08-22,387.55084228515625,393.9883866207234,386.49392326820976,393.74817908606326,10445288
2024-08-23,386.20562744140625,390.0008883206909,383.8996120002865,387.5507835672566,11513586
2024-08-26,398.6003723144531,399.6572912874761,386.20566990553044,386.68608495488564,13772637
2024-08-27,393.6040344238281,399.89748900943385,393.07558961137426,399.22489622794086,8441188
2024-08-28,393.0275573730469,398.16800449086924,391.39416372698025,393.9883875138657,15884745
2024-08-29,393.84423828125,396.43849118894053,387.9351392384066,393.0275268605173,19014705
2024-08-30,399.8974609375,402.77995096062796,395.38154817238427,396.5345559105174,22633988
2024-09-02,393.9403076171875,402.68386665069295,391.730410303339,401.43477003321783,11107165
2024-09-03,390.4813537597656,395.4296229988296,389.7127013949004,394.420763104668,7538160
2024-09-04,389.2322998046875,392.25890891410836,384.2359712935543,384.33206017303945,11052003
2024-09-05,387.4547119140625,392.4029807337067,386.10955572846103,389.4724608535676,14246871
2024-09-06,379.335693359375,388.79987524995437,377.3179737049684,387.4547190396146,17956121
2024-09-09,374.57958984375,377.3659910423845,370.2077956514635,375.8767162375538,12293356
2024-09-10,380.7769470214844,383.75552611864373,374.48352175865654,374.8198181493725,15852309
2024-09-11,374.3874206542969,383.6594247113386,372.32164192483253,383.3711874271179,11492592
2024-09-12,388.9920654296875,390.3372216830461,375.3482665059757,375.68456289986716,24028069
2024-09-13,385.6771545410156,391.34604565313725,383.70746477804096,388.99202975619244,12017217
2024-09-16,394.99725341796875,395.8619946291736,386.25369378865963,386.6860790553656,11479712
2024-09-17,399.9935607910156,401.2906872965858,394.03643173619383,395.7178844191384,14432501
2024-09-18,397.9277648925781,403.3084191120582,396.8228161841097,402.10738153280846,10303840
2024-09-19,407.3439025878906,414.9344539537507,404.0770570310093,407.391932360466,59601773
2024-09-20,407.3439025878906,413.0127938954466,400.2337369144011,411.28328224964963,36084164
2024-09-23,411.57159423828125,413.6373731643233,408.3528074212251,410.75488275899704,14139629
2024-09-24,411.33135986328125,414.550146470297,410.2744409191886,414.550146470297,12539885
2024-09-25,419.0179748535156,419.8827160014345,408.97728948112103,411.3313347436495,19443168
2024-09-26,417.5767517089844,420.795538288058,413.6853723561796,420.795538288058,20041825
2024-09-27,419.7866516113281,425.16730586639505,416.51983523860395,418.92191041299037,53885913
2024-09-30,425.8399353027344,430.8842936031918,416.61595997459904,419.78668774886,20903229
2024-10-01,422.861328125,430.21167244300176,421.61223141570485,428.5302197868873,15984996
2024-10-03,418.29736328125,425.1672921946432,415.0785767866347,415.0785767866347,13563784
2024-10-04,413.5893249511719,422.1407069080299,409.60185661044045,415.94334108393554,18347292
2024-10-07,399.1768798828125,416.03943654026097,393.0275437371532,413.73345014674265,23431004
2024-10-08,404.46142578125,410.94702869098626,395.1893922377137,397.7836451304908,18706355
2024-10-09,402.059326171875,408.11254345719044,400.6661109397255,407.82430618539627,13916492
2024-10-10,406.14288330078125,413.0608422281992,404.02904541278286,404.22122315613063,15866037
2024-10-11,405.95068359375,409.93812231372095,403.16428239920435,407.34389885212545,8639087
2024-10-14,407.8723449707031,409.3135900059353,403.5486098650066,407.96843383749297,8483177
2024-10-15,409.89013671875,410.4666406575297,406.95958724754024,409.9381664960615,9365964
2024-10-16,407.6321716308594,412.58044080212534,404.7496813187967,408.6410315111982,6219440
2024-10-17,401.38677978515625,408.92930203814,400.28183101942926,407.05567158853614,11968387
2024-10-18,408.3047790527344,409.26560919115974,398.21606259926824,401.3387605491506,8828971
2024-10-21,408.352783203125,411.9558959960937,402.6838916066289,409.36164305627346,9139781
2024-10-22,399.465087890625,409.60183305229253,397.2551905343637,406.2869870179006,14242323
2024-10-23,392.3069152832031,398.50428111257094,385.9654601265195,397.7836585427471,22522821
2024-10-24,395.7658996582031,398.9846862546203,390.86566044060453,393.21970583914117,9400171
2024-10-25,383.27508544921875,391.5382294066592,376.26103809915935,386.73407935258973,19642277
2024-10-28,388.0792541503906,390.5774181629838,382.2181849383622,383.27510386548306,11716022
2024-10-29,396.006103515625,398.07188228097175,388.60772964412655,392.9794946899117,20284308
2024-10-30,392.49908447265625,398.55230219830895,389.9048315489726,397.9277685158538,12264297
2024-10-31,394.57757568359375,396.9944419189493,390.08221038638476,395.3993161041669,12204072
2024-11-01,397.6711730957031,401.63483959064007,396.70442660926784,398.29955241133376,2145479
2024-11-04,387.6170654296875,400.5231090825983,380.6081525008754,400.08809080936567,13866505
2024-11-05,389.6955261230469,390.66227263811135,383.94337255730824,386.6986060257945,6665326
2024-11-06,395.3026428222656,397.1394552943553,389.7438503787435,393.1758181977058,9700643
2024-11-07,390.3722229003906,397.2361289158033,388.63209101040394,397.2361289158033,7589295
2024-11-08,384.4267272949219,390.75893436519493,382.3965538105384,389.74383287162277,7536509
2024-11-11,379.496337890625,387.5686773026435,378.77127799438557,384.91012434976545,12243693
2024-11-12,367.6536865234375,381.67151094022915,366.4452533840589,380.07638509680186,10549517
2024-11-13,368.66876220703125,374.7109274801806,366.73526931962346,371.23063438229457,20602407
2024-11-14,360.1130676269531,372.3907598545337,359.00131506369064,367.4119918274149,15086601
2024-11-18,354.5060119628906,367.36373073759995,350.59067028889564,367.36373073759995,16383636
2024-11-19,354.5060119628906,365.91361074784623,352.9108563719482,355.76277081957045,17055094
2024-11-21,344.3067626953125,352.2340958567601,343.0016490098256,351.6057165275293,21276150
2024-11-22,353.29754638671875,354.89267232928063,343.8717673137683,345.17685158319637,15949254
2024-11-25,356.1494140625,364.6568011878135,355.27934809017864,361.5632005053791,18388844
2024-11-26,349.6239013671875,358.0829341021321,348.27046203014936,357.69624136337336,11222231
2024-11-27,357.01947021484375,359.2430048637975,349.33385325084475,351.7023644713081,14225274
2024-11-28,350.01055908203125,359.48469249879605,347.6420478549115,357.406193421034,16837860
2024-11-29,351.5573425292969,353.2491488258794,348.2220849605476,351.17064984777295,14280017
2024-12-02,346.28863525390625,351.7990730343275,345.1285275618364,351.5573863903766,12510350
2024-12-03,355.2309875488281,357.69617914453113,346.2885830702148,347.06196841320724,14205760
2024-12-04,360.3547668457031,362.6749526029096,355.76272085638834,356.6811418553563,22035954
2024-12-05,356.8744812011719,361.51488231902454,352.2824351122292,360.35477466387056,18758283
2024-12-06,357.2128601074219,358.8563410889947,355.8110657700354,357.16453457969027,9736086
2024-12-09,357.5511779785156,360.8864355064634,355.5210045469004,358.56624994294316,10878679
2024-12-10,356.8744812011719,358.85632932016296,354.21592820231035,356.72947511996847,7913822
2024-12-11,353.3458251953125,358.4212440250673,352.5724398414063,356.97112435942313,9998662
2024-12-12,343.77508544921875,354.7959904228358,341.26153847210094,353.8292438549262,22538216
2024-12-13,345.27349853515625,346.385251083718,336.47609968944107,343.9200593672219,14269143
2024-12-16,341.16485595703125,346.96533533120385,340.004777783855,345.27352884707017,12168143
2024-12-17,337.4428405761719,342.0832412929004,335.70270874662407,340.29475443862253,15646176
2024-12-18,330.3856506347656,339.3280566870599,328.6938440843316,337.92626231559433,14672392
2024-12-19,326.1802978515625,329.27389878131925,323.9084374346566,325.79360511103414,14513129
2024-12-20,322.16827392578125,332.46411833973616,319.99309428187127,326.56695873791665,20375797
2024-12-23,322.55499267578125,327.00203287410466,319.5097468289478,324.7301724953429,8884187
2024-12-24,324.15008544921875,325.64856020646164,320.71814721978757,323.95675385338063,7755462
2024-12-26,323.5216979980469,326.1802507717542,321.2015123869999,324.15007729855284,9030212
2024-12-27,323.8600769042969,328.69380939540576,323.08669150682414,325.45520272581047,9090597
2024-12-30,320.3797912597656,325.6002165742575,316.5128051745475,323.8600846370144,36657549
2024-12-31,322.2649841308594,323.4734173775607,315.3527518602808,319.12305768943594,8580998
2025-01-01,322.55499267578125,323.5217392622531,317.86626583083984,321.9266132951274,7843971
2025-01-02,326.7603454589844,327.34039931005617,319.02637278539896,322.5549919171694,16543382
2025-01-03,328.5487976074219,333.04416284542174,325.84188975781973,326.8086362392288,8689629
2025-01-06,316.6094665527344,330.3372781249801,315.5943945679444,330.3372781249801,10538077
2025-01-07,317.67291259765625,319.3647190088551,314.28929977525866,316.1261122640077,13891401
2025-01-08,314.57928466796875,319.5096973967305,311.147346618064,319.5096973967305,8993608
2025-01-09,309.6972351074219,315.11102119701246,309.1655068514849,313.2741793163801,12403467
2025-01-10,297.9996032714844,310.3256209250494,297.37122395832546,309.6972416118905,15941143
2025-01-13,288.2838134765625,299.64308466934125,286.9786998219463,291.08737238103646,29630336
2025-01-14,300.0780944824219,302.30162903614274,290.2172983184006,290.4589849327554,22732888
2025-01-15,310.66400146484375,313.51588600969205,302.15661434988056,302.15661434988056,21894626
2025-01-16,314.6759948730469,316.41612682239185,310.95401483958733,313.90260945172975,14865186
2025-01-17,315.30438232421875,318.0596159005053,312.59750377723475,314.48264185371033,7129232
2025-01-20,324.8751220703125,325.79354296880604,313.7575382598043,315.35269345221514,17991880
2025-01-21,313.5158996582031,327.00202605954723,313.03252637504045,326.56697830359525,12774630
2025-01-22,311.6790771484375,316.12611711234416,306.7970189452083,316.12611711234416,11068145
2025-01-23,312.8875427246094,314.289337147395,308.9238756179287,310.3256700407143,6477347
2025-01-24,312.8875427246094,318.92970919736473,311.38909724047244,313.9992954550431,7492600
2025-01-27,311.4857482910156,314.24095233932104,304.52516137281737,312.88751307821667,13803855
2025-01-28,307.6670837402344,313.0808702187769,297.90293786866414,311.77575650031605,22008929
2025-01-29,310.56732177734375,312.16244764623127,302.8816750871184,309.35888861867704,16056888
2025-01-30,312.2591552734375,315.9327805931954,310.4706681429902,311.53409531537227,10375720
2025-01-31,315.6691589355469,317.8613058725993,309.384992489505,314.159025160958,13195557
2025-02-01,309.5311584472656,322.2943012327426,308.60557340577117,317.66643549106175,10097627
2025-02-03,303.24700927734375,305.9750026082059,296.18342432228917,302.1265845069146,15881217
2025-02-04,310.8951110839844,312.210405002783,302.3213642401468,306.75438968995746,12141064
2025-02-05,311.3822937011719,314.7435677661699,310.21313679767115,312.7462902666593,12226722
2025-02-06,304.7571105957031,314.4025803942938,303.3931140758996,314.3051457001162,13384442
2025-02-07,308.8004150390625,311.04126425092375,304.07511502320597,305.4391114883777,8937447
2025-02-10,302.5162658691406,308.7029973818034,301.0548346330578,308.36199081347183,6806132
2025-02-11,297.7422790527344,304.3187199672192,296.3295502223903,304.3187199672192,13241830
2025-02-12,298.37554931640625,299.5934087013712,292.2862523915816,298.3268468341657,7616083
2025-02-13,298.8139953613281,300.6651357094654,295.3065543300232,298.2781193836465,9086906
2025-02-14,292.62725830078125,300.32412364968485,290.67868328926664,298.96012708820365,7446248
2025-02-17,294.5758361816406,295.40398651618,285.27137257129044,289.8505357861115,6464173
2025-02-18,303.1982727050781,304.36739982991213,289.8505224664086,293.40666578706475,15793327
2025-02-19,306.7056884765625,308.2158519185008,302.61369887807547,303.19827731582916,13079903
2025-02-20,316.7895812988281,318.7381563395503,303.4905625924784,304.5135525956993,22888146
2025-02-21,317.8612976074219,321.27130386527926,313.28213445371256,314.98713758264125,10809296
2025-02-24,311.86944580078125,317.0331578414788,311.2361648498121,313.81802087016086,6034113
2025-02-25,310.50543212890625,313.2334251829092,307.63127216641857,311.8694286559077,10686112
2025-02-27,307.5825500488281,311.08996097065614,306.4133932529572,307.24154350562475,7302366
2025-02-28,303.44183349609375,307.5338228829829,298.66780127871704,305.92625456195884,21127180
2025-03-03,306.3159484863281,309.6285196551184,299.78824083401315,303.29565164044317,9779703
2025-03-04,305.6827087402344,306.80313343923706,300.0805555123257,303.29569242822816,8734999
2025-03-05,317.8125915527344,318.8842840068403,305.4391285201632,305.48783100157,10493615
2025-03-06,329.21173095703125,330.08858373555825,314.889722953373,320.54057839978606,26294903
2025-03-07,321.076416015625,330.0398724142012,320.2482954726346,327.2144447666804,8992315
2025-03-10,320.9302673339844,326.3375803064068,317.90997041239154,320.9789995442844,11383132
2025-03-11,321.80712890625,324.6812887417573,315.3768556012048,318.59199225372737,10299324
2025-03-12,321.6610107421875,326.1914416503799,318.0074326335009,322.48916106006874,6984859
2025-03-13,323.3659973144531,325.9478530992446,320.0047234661789,323.46343200561176,8965150
2025-03-17,323.1224365234375,325.8991617856791,322.00201186895947,324.38902808610794,4353561
2025-03-18,323.1224365234375,323.1224365234375,323.1224365234375,323.1224365234375,0
2025-03-19,332.5242919921875,335.05744528743855,327.7015869950278,330.28344276921143,30582397
2025-03-20,332.9627685546875,335.83692870603574,331.5500397210629,335.83692870603574,15002119
2025-03-21,342.2671813964844,344.75163232158565,332.96274781308057,333.20631968419474,36406837
2025-03-24,357.5148010253906,358.53779098150085,344.5567597615945,347.82062875107556,24588471
2025-03-25,357.5148010253906,361.89909466511006,354.78677825427314,359.51207845699406,23189083
2025-03-26,345.5310363769531,359.51206715743194,344.21574237979854,357.5147897886035,18668095
2025-03-27,351.37677001953125,355.0790802443258,341.97490188300185,344.8003295987043,37930538
2025-03-28,348.40521240234375,354.93292074620217,347.28478773532055,352.6920714121557,11327077
2025-04-01,343.0953063964844,353.56889608181143,341.82874465327615,343.290175772159,18736320
2025-04-02,342.70562744140625,344.36192808126043,338.1264643073824,343.09533649404995,13593404
2025-04-03,349.6717834472656,352.058799753951,342.7056336564081,342.7056336564081,10317410
2025-04-04,341.39031982421875,349.6230607492348,339.5878820777657,349.6230607492348,10872963
2025-04-07,340.8057556152344,342.3646215618517,315.66915000777334,319.5663000078693,18025165
2025-04-08,343.8747863769531,349.03849825419917,341.00062634743813,347.6745016953884,17506712
2025-04-09,340.3673400878906,345.67718906100674,339.24691542258313,344.8977709632871,7462119
2025-04-11,350.8409423828125,352.204938966116,341.97491999199644,341.97491999199644,11246077
2025-04-15,353.17919921875,358.9762214163254,352.25361425177806,357.5634927262931,17497327
2025-04-16,350.0614929199219,353.66636862551644,348.6974963428764,353.1792248670791,11541484
2025-04-17,354.640625,356.05335366856923,348.0641848385989,350.0127597012363,12288196
2025-04-21,355.17645263671875,358.7326253615424,352.4971623405806,356.39431186223607,7375594
2025-04-22,350.987060546875,357.6122034398902,350.4512143323274,357.6122034398902,12077119
2025-04-23,354.44580078125,354.8842420743632,348.6975101506468,353.6176801454308,9719205
2025-04-24,353.8612365722656,357.0276709891354,352.30237060507375,354.3970828111932,7491123
2025-04-25,347.2847595214844,356.3943230274272,342.0723159263955,353.861199545306,9785640
2025-04-28,352.20489501953125,353.56889143264124,344.60546519442426,344.60546519442426,5315840
2025-04-29,347.7719421386719,354.98166383970954,344.99521676024034,354.64065726114853,9472828
2025-04-30,345.4336242675781,351.7177905909625,342.9492030139025,347.8206405567136,16739088
2025-05-02,339.7340393066406,348.7949005277519,338.66231718525614,345.4335969954307,8221620
2025-05-05,339.6366271972656,342.94919873850176,336.66503249345936,341.97491124208557,9492646
2025-05-06,333.01141357421875,340.5134382704729,331.257708188729,340.02629458196003,8904223
2025-05-07,333.2550354003906,334.86263359990505,328.33489530164,329.3091828247903,8465490
2025-05-08,331.2577209472656,334.2780178789515,329.6988551374059,332.28071083938704,14286109
2025-05-09,326.1427001953125,330.03984971220945,322.09941351811017,325.60685402989566,11322011
2025-05-12,339.587890625,340.22120127585947,329.40660425783733,331.64745357768135,7978210
2025-05-13,332.7191467285156,340.80572024633017,331.74485932960346,339.6365932073706,14738980
2025-05-14,329.8450012207031,335.0087424971646,329.06558316114706,333.64474602649494,22485535
2025-05-15,333.1576232910156,334.9113289019259,324.09673168025927,330.7706070173203,43307763
2025-05-16,334.27801513671875,338.6623084662309,333.20629304292623,334.1805804494845,6920351
2025-05-19,336.27532958984375,338.759780590867,333.59603892571175,334.27805207883074,6218209
2025-05-20,333.7908935546875,340.708340546268,332.76787387026775,337.980317787376,9986143
2025-05-21,337.2496032714844,338.4674626143201,331.11160407675004,333.74216241753874,5930972
2025-05-22,332.62176513671875,338.0777813881208,329.5527652868353,337.24963102027374,8717514
2025-05-23,335.73944091796875,336.08044745143036,331.4038501344387,333.20628775454304,4045937
2025-05-26,334.6677551269531,342.1697807449365,333.74217011190115,341.97491135243246,16655082
2025-05-27,329.8450012207031,335.6420233871655,328.1399981991428,335.15487966671975,24937330
2025-05-28,331.3064270019531,331.93973761456283,328.4322969377317,329.8937280753369,10985957
2025-05-29,330.62445068359375,333.44987832987596,329.35785916429944,332.23201902260837,15884093
2025-05-30,325.3145751953125,331.9884502069465,324.2915852609797,328.8220159790005,19143010
2025-06-02,323.9992980957031,326.19144498331383,321.8071512080924,325.31459217484854,29479727
2025-06-03,319.8098449707031,326.14271318794476,318.59198569815663,324.43771020637973,14081719
2025-06-04,320.7841491699219,321.466162291383,316.4972902528783,320.5405773026706,15654279
2025-06-05,320.1995849609375,323.07374501529193,319.1765949662122,320.7354609324231,16270360
2025-06-06,324.2915954589844,324.9248763779097,320.5892851747618,321.1738636125753,11402511
2025-06-09,328.43231201171875,328.8707235333864,324.19415557156725,325.3145802152433,19416373
2025-06-10,330.47833251953125,332.13460343293355,328.1400187287834,330.0885937324766,12061248
2025-06-11,329.4065856933594,333.7908791238844,328.7733048110843,332.232013290897,10807496
2025-06-12,325.1197204589844,332.8652875251476,324.09670083922475,329.4552815917332,11881618
2025-06-13,323.41473388671875,324.34028913297107,318.2022900348364,318.39712968688724,11711773
2025-06-16,325.1197204589844,326.04527565831876,322.0994235428103,323.4634199695977,8065112
2025-06-17,326.5811767578125,328.23744764203144,324.53516709340613,325.412019883039,6796992
2025-06-18,323.8531494140625,327.26315556256503,322.2455810334901,326.58117217260093,17835507
2025-06-19,321.56353759765625,324.5838344196216,320.10210652892056,323.85311888525376,11610604
2025-06-20,326.5811767578125,327.36059485239855,321.22259559207384,321.51486994431997,16592862
2025-06-23,324.0480041503906,327.0683011205164,321.8558574397515,325.119726266615,8277787
2025-06-24,321.4661865234375,323.1711897227192,313.0873077118169,322.489176549848,100814893
2025-06-25,322.343017578125,325.1197428330004,320.9302888439042,322.97629849133307,17963666
2025-06-26,328.4809875488281,329.11426840566673,322.7814003714975,323.85312244693523,13754087
2025-06-27,329.6014404296875,332.52430285052264,325.85045744259764,330.23475107385036,50845169
2025-06-30,326.28887939453125,328.57846097727514,325.0710200135925,327.11702972014865,11858890
2025-07-01,324.0480041503906,326.62985988523155,323.60956291510576,326.62985988523155,8903292
2025-07-02,325.1684265136719,327.0195666655982,322.78141044086397,324.09670440480113,11326880
2025-07-03,325.9966125488281,327.701615721434,322.4891715043168,325.9966125488281,15786429
2025-07-04,326.8734436035156,327.3605873346684,323.7070093510226,327.06831298913426,5899185
2025-07-07,328.7732849121094,330.2834184425102,325.1684097498165,326.87341264738103,9454556
2025-07-08,334.37548828125,335.0574717045421,328.3348937726892,329.50405068818344,12092302
2025-07-09,335.1548767089844,336.71374254723264,333.98571989707494,334.4241611347642,9079872
2025-07-10,332.67047119140625,336.1291798444743,332.4268993219537,335.1548923666643,6426072
2025-07-11,333.8883361816406,335.1548980310419,330.7706043067986,331.7448918010749,17234194
2025-07-14,333.30377197265625,336.129199880142,331.20905971708385,334.2293272920089,11516965
2025-07-15,333.206298828125,335.252308363999,332.18330892663425,334.32672341854163,8450777
2025-07-16,333.6447448730469,334.96000912738907,332.03714681481887,333.20630363300415,6001484
2025-07-17,333.839599609375,335.6420373968367,333.20631869294095,335.34976304552697,7562006
2025-07-18,333.30377197265625,335.0574776440899,331.8910431524654,334.18062480837307,6370338
2025-07-21,332.76788330078125,333.98574267420366,330.5757364286209,333.303759264824,4463318
2025-07-22,332.0859069824219,333.79091014162015,331.3064591270511,332.7678904063639,4728372
2025-07-23,334.2292785644531,335.15486348176,332.18329882369756,333.01141932215023,5058422
2025-07-24,330.1860046386719,334.76516746057104,327.8477207492971,334.76516746057104,9098453
2025-07-25,324.6325988769531,331.16030712602645,323.99928823127567,330.1860196500847,7790739
2025-07-28,324.3890075683594,327.9451506958595,321.8558543361358,324.87615127713724,4605823
2025-07-29,325.9966125488281,326.873465376732,320.0534526863084,323.4634590315202,7551356
2025-07-30,330.0885925292969,333.49859877333046,323.95059318319426,326.38631192893257,12537358
2025-07-31,325.65557861328125,331.35516611524565,324.4377193065749,327.4092841217811,8935384
2025-08-01,322.3917236328125,326.14273640586663,321.7097402313719,324.43773330292333,7107542
2025-08-04,323.46343994140625,324.7300017588626,318.7868719799893,322.39171777815415,8193399
2025-08-05,325.0223083496094,325.7530239575299,322.78142931225005,323.90188369737683,9855535
2025-08-06,323.5608825683594,326.7760194040539,323.07373882156355,325.02231380874684,13872826
2025-08-07,321.2712707519531,323.9018586300387,320.1995486633667,323.5608520928214,8731389
2025-08-08,326.1427001953125,328.82199048817915,321.17382861469065,321.5148351439974,11247218
2025-08-11,327.5067443847656,330.3809044661656,325.3633296773396,326.3863196816912,11993280
2025-08-12,331.3551940917969,333.0601972651404,327.1170374000495,327.604181163862,7221182
2025-08-13,331.20904541015625,334.1806103730856,330.42959757538017,331.55002224667015,5417151
2025-08-14,330.62445068359375,331.6961728205679,327.65285613412476,331.20902909766085,5689423
2025-08-18,327.4092712402344,333.01142383067327,326.82472258232826,332.6704470245254,6511340
2025-08-19,326.43499755859375,331.89101321396157,325.55814480197415,330.18601017996497,10316115
2025-08-20,333.206298828125,334.57029527441017,327.84771799901773,329.11427975637696,10824544
2025-08-21,330.0885925292969,335.4959059845728,328.2374522291147,333.54733098798215,11135121
2025-08-22,328.3348693847656,330.1860095860536,326.87343821539724,329.79630055413406,8534844
2025-08-25,329.16302490234375,332.6217334984358,328.38357709319916,328.38357709319916,7142387
2025-08-26,324.6325988769531,328.72458843617204,323.21987014367994,327.50672909124484,13113388
2025-08-28,322.2942810058594,324.34029062561814,320.24830111899445,322.73272225755545,10486948
2025-08-29,319.1278381347656,322.976285404538,318.59199193750806,322.4891416859791,11813425
2025-09-01,322.1968688964844,323.07372164752593,319.56628091046656,319.56628091046656,6897558
2025-09-02,327.6528625488281,329.55273499851813,322.5865855711445,322.5865855711445,9224639
2025-09-03,325.65557861328125,329.3091565334003,324.92486302925744,327.8477253653527,10778333
2025-09-04,324.81903076171875,329.59216919528404,324.08091749984493,328.2143637799006,7934237
2025-09-05,323.490478515625,326.5413228978578,320.7840629911934,324.8190584732195,5678244
2025-09-08,321.5221862792969,325.70482858302927,321.1777273769136,323.5396840828277,5239184
2025-09-09,318.9633483886719,322.94914796612073,318.52046842055296,322.40787692411345,9735495
2025-09-10,320.4888000488281,322.85075668455676,319.9967244983052,320.3411833904529,6509477
2025-09-11,325.8031921386719,328.21437421770185,320.8332413642303,321.27612134900113,10309925
2025-09-12,326.44293212890625,328.2143920966744,323.1952154761205,326.7381654455649,5257048
2025-09-15,325.8524475097656,328.5096375596649,325.40956748449446,325.754026389271,6566824
2025-09-16,329.73980712890625,330.47792043843276,325.9508495004629,325.9508495004629,8784889
2025-09-17,331.06842041015625,332.1017970741923,329.2477348882994,330.1826904366309,7936518
2025-09-18,331.6097106933594,332.24940287367366,328.804874173928,331.65890623265017,6497322
2025-09-19,333.28277587890625,334.1193103504831,331.1176614021352,331.6097369696617,10646331
2025-09-22,333.8240661621094,334.95583392381485,331.5113050632019,333.77484058661287,6966213
2025-09-23,337.5638427734375,338.6464150398427,332.7415081691703,334.0701182218535,10738268
2025-09-24,342.0909118652344,344.84652279874786,336.82569772743255,337.85904431902344,14653575
2025-09-25,335.10345458984375,345.24019905873377,334.6113790324431,343.7639723865318,13228081
2025-09-26,332.5446472167969,335.34948382934107,331.1176461570167,335.10344605690574,6337702
2025-09-29,335.54632568359375,338.301936718208,332.64306795855805,333.72564016283786,16922231
2025-09-30,335.05426025390625,337.61302913447474,333.77484577971336,335.6939524740484,8308029
2025-10-01,334.857421875,337.6130330245518,332.69227737613147,334.9066174179206,6022078
2025-10-03,336.57965087890625,338.0558774178488,333.3811600445307,334.85738658347327,8506827
2025-10-06,333.7256164550781,336.3828061852815,330.33028342692836,335.2018429831596,8436245
2025-10-07,332.64306640625,335.98917408521186,331.511298666383,333.7256386054779,16130172
2025-10-08,328.5096435546875,333.873279363479,327.03341682205604,333.873279363479,13223442
2025-10-09,330.5271301269531,331.0684011810283,325.9508338346163,328.5096024908693,6824759
2025-10-10,334.3161315917969,336.5304715065776,330.62556506716226,330.67476060726113,8970962
2025-10-13,336.2844543457031,336.6781087923391,330.87162311120863,332.59388759491145,6663149
2025-10-14,331.314453125,337.5638184529958,329.88745208774424,336.5796673787888,7545848
2025-10-15,333.8732604980469,336.3336382467429,331.4128827493509,331.6097249828098,8121744
2025-10-16,336.08758544921875,337.1701576170371,334.26689998978424,334.8082010906468,6788416
2025-10-17,335.59552001953125,338.7448155054184,334.75898559041366,336.0875955620819,7032129
2025-10-20,336.5304870605469,338.9908648573518,334.9066136875287,335.9891859249046,6896835
2025-10-21,336.57965087890625,338.0558774178488,335.6446953906803,337.5146063671322,346988
2025-10-23,337.2193603515625,339.7289636169493,335.64471262240147,338.3511280827413,8710859
2025-10-24,334.21771240234375,337.8098578335593,332.790681324371,337.0225489839997,7584711
2025-10-27,336.3336486816406,337.4654164743728,335.0542642261885,335.3003020086915,6752390
2025-10-28,333.77484130859375,337.46540795294777,331.9541557572641,336.9733324003672,13186584
2025-10-29,341.99249267578125,344.45287032093074,333.77482533420056,333.8732464467879,15423201
2025-10-30,339.67974853515625,343.46873630345164,338.00670967379386,343.46873630345164,6721032
2025-10-31,331.6097106933594,339.5321146892116,330.2811007595333,339.5321146892116,18651312
2025-11-03,329.887451171875,332.1509866227039,328.11596122287625,331.51129443302676,10242245
2025-11-04,325.3603515625,330.6747613633437,324.4746216013439,330.0842647112706,11887651
2025-11-06,321.4729309082031,327.67310047474126,319.45543329165474,326.78734051244567,11587302
2025-11-07,323.6564636230469,324.6489703926429,318.4458030826677,321.96918999917244,8578167
2025-11-10,323.0113525390625,325.79035948383523,321.5722055529706,323.6564759060022,5246998
2025-11-11,324.20233154296875,324.9963551352011,320.43081791879985,323.50759497478134,6103758
2025-11-12,324.6986083984375,325.7903719861034,323.1105913880966,325.045991852091,6850550
2025-11-13,324.5001220703125,327.4776425776202,323.11058826911164,324.6986052641234,7276001
2025-11-14,325.9888610839844,327.4279777287404,323.75572084900506,324.5497141503254,9169855
2025-11-17,327.72576904296875,328.96640258675814,326.0881085340428,326.53474872536896,6283156
2025-11-18,325.9888610839844,327.2791077708557,324.6985841082101,326.58434091552317,6776200
2025-11-19,324.1527404785156,326.4851376137269,322.6143367009101,326.4851376137269,6935056
2025-11-20,324.1527404785156,327.52725768169756,323.7557437997128,325.5422439987782,5155775
2025-11-21,324.20233154296875,325.93921839679183,322.5647014242876,324.4008450132526,6142545
2025-11-24,321.0263366699219,324.64898043320596,319.6368029183904,324.25198377087,13719726
2025-11-25,321.27447509765625,323.16023202926664,320.08345477826816,321.02634838852583,8074651
2025-11-26,323.6564636230469,325.3437069580184,321.5721933491146,321.8699332644323,7101095
2025-11-27,324.8970947265625,326.2865981361298,322.5646977771625,324.6985812585232,6755179
2025-11-28,324.00384521484375,325.6910885402578,321.8203182185401,325.5422185834422,8930988
2025-12-01,324.64898681640625,325.79036360140253,323.0113566215068,324.64898681640625,6936186
2025-12-02,326.13775634765625,327.4776466503896,324.3016126208665,324.99637953010756,5806943
2025-12-03,320.53009033203125,326.5347444905355,318.8924298443442,326.5347444905355,8546132
2025-12-04,320.53009033203125,321.86995031082324,318.69394665325495,320.48044681758057,5965357
2025-12-05,320.87744140625,321.72107825739164,318.54507462043483,319.8353213653072,6574010
2025-12-08,317.1059265136719,320.7782138345562,315.4682963312413,320.7782138345562,7906928
2025-12-09,317.45330810546875,318.99168153992724,313.1855106643288,315.0712978277346,7152584
2025-12-10,319.190185546875,321.2744558363941,317.1059152573559,317.45329868709297,5484712
2025-12-11,320.1827087402344,321.0263456017354,316.7585480683971,319.2398151381619,6317942
2025-12-12,322.61431884765625,323.5075991866605,320.48043531438657,320.48043531438657,4261023
2025-12-15,321.5225830078125,322.8624429276532,319.1405425083109,320.6293026760478,10219819
2025-12-16,318.5946960449219,321.3737030848919,316.6592955889,319.63681611268436,5241263
2025-12-17,318.8428039550781,319.984180697448,317.1555303088596,317.6021704766537,5043027
2025-12-18,316.1134033203125,319.7360469395152,314.62464317908655,319.5871769831731,5554193
2025-12-19,317.5029296875,318.1976965858744,315.12091934706694,316.56006636988315,10833662
2025-12-22,318.29693603515625,321.224812858892,317.1059157851905,317.55255595115347,8925871
2025-12-23,320.82781982421875,322.3165800090179,317.8502994546204,318.6442927709519,6024641
2025-12-24,320.133056640625,324.202340583696,319.8353167157995,321.4729468801477,5678004
2025-12-26,321.67144775390625,323.3090778540973,319.88491740823196,320.1330440988337,4174183
2025-12-29,323.06097412109375,323.35871405541303,320.6293202648354,321.6714706127625,14043845
2025-12-30,322.4654541015625,323.11057746546095,320.9270806731198,322.5647108396016,8035909
2025-12-31,327.0805969238281,328.1723604385753,322.2669632765072,322.316576499899,8497983
2026-01-01,333.780029296875,334.37553944281365,327.1302518191223,327.32873500849905,10357315
2026-01-02,349.4616394042969,350.35488943856933,333.43266114357067,334.276267666054,23128940
2026-01-05,347.972900390625,352.14141090010577,345.78937325072695,347.7247736833141,18248271
2026-01-06,348.17138671875,351.4466774580942,343.5562359789838,347.278136622167,8641743
2026-01-07,346.2359924316406,348.7172593541995,343.7050819972889,346.93072899661536,7165806
2026-01-08,341.8193359375,347.1788666008996,339.6358391503614,344.15173297579446,8805975
2026-01-09,333.4822998046875,341.8193512420237,331.8942827954556,341.8193512420237,10161744
2026-01-12,334.9214172363281,338.09742068511275,331.1995168978991,334.22665039092703,9406174
2026-01-13,335.3680419921875,336.7079322312866,332.5393915516236,334.9214321050904,5583379
2026-01-14,346.484130859375,347.87363432529014,334.9214326664008,336.36054935688634,20389924
2026-01-15,346.484130859375,346.484130859375,346.484130859375,346.484130859375,0
2026-01-16,343.7547302246094,351.3970142775835,342.81183666554153,350.0075108396703,14275582
2026-01-19,340.7772216796875,345.3427590957348,339.4869446442261,340.9260916444588,9974363
2026-01-20,336.211669921875,345.6900975044803,335.16954992402526,340.4298237142528,7718407
2026-01-21,336.1620788574219,339.04034263593076,334.2762916301079,336.2613053103078,6948955
2026-01-22,339.88397216796875,340.6283522819688,334.5740546303211,336.1620715979687,5885972
2026-01-23,334.17706298828125,342.8614977822708,333.581552830341,341.37273753187264,10084314
2026-01-27,342.1170959472656,343.9035960188152,334.5243949209227,337.94855539511275,12203590
2026-01-28,345.4419860839844,350.6030336560542,342.1171124729344,342.1171124729344,13566973
2026-01-29,355.46630859375,357.798705659296,344.69760362777674,347.37738413523886,20624409
2026-01-30,353.3324279785156,356.6573318838472,348.4691506174911,356.30994843900874,22641103
2026-02-02,347.7247619628906,350.10677221500646,335.2191702781529,342.3652313234041,12622760
2026-02-03,355.8633117675781,363.20788654042616,351.1489043252551,363.20788654042616,11559806
2026-02-04,364.49810791015625,365.78835458365774,354.92042372604976,356.7565672913423,15515053
2026-02-05,364.25,367.92228731992134,362.2649863760218,366.97939373297004,18789794
2026-02-06,365.04998779296875,365.95001220703125,361.0,361.79998779296875,7328789
2026-02-09,361.8999938964844,368.6000061035156,361.0,366.54998779296875,7983235
2026-02-10,366.8999938964844,368.1499938964844,361.25,361.8999938964844,8319282
2026-02-11,368.45001220703125,369.0,366.0,369.0,5782448
2026-02-12,368.25,372.0,366.8500061035156,370.0,6763353
2026-02-13,363.0,368.0,362.3999938964844,367.54998779296875,7111972
2026-02-16,369.1000061035156,369.6499938964844,362.5,362.6000061035156,6292850
2026-02-17,368.3999938964844,369.5,366.04998779296875,368.75,4442793
2026-02-18,368.3999938964844,370.70001220703125,367.3999938964844,368.45001220703125,4871319
2026-02-19,363.20001220703125,370.8999938964844,362.20001220703125,367.0,5375352
2026-02-20,372.95001220703125,373.6499938964844,362.70001220703125,362.79998779296875,16736731
2026-02-23,375.45001220703125,376.5,372.1499938964844,374.0,16135451
2026-02-24,382.75,385.0,373.54998779296875,374.95001220703125,20774629
2026-02-25,384.8999938964844,388.54998779296875,382.70001220703125,382.75,12750016
2026-02-26,381.8999938964844,385.8500061035156,378.3999938964844,385.0,10721570
2026-02-27,381.8999938964844,385.20001220703125,380.1499938964844,381.0,11548959
2026-03-02,377.54998779296875,378.95001220703125,365.0,365.0,14732253
2026-03-04,365.79998779296875,373.8500061035156,364.1000061035156,370.75,11433169
2026-03-05,378.04998779296875,379.8999938964844,366.6000061035156,366.95001220703125,16158714
2026-03-06,380.6000061035156,385.54998779296875,374.6499938964844,377.0,14940896
