Date,Close,High,Low,Open,Volume
2021-03-08,86.549072265625,89.54992693138111,85.78055818523842,87.06141126316521,63866178
2021-03-09,85.45121002197266,87.50057746383922,83.58482161655571,87.39078892515404,26817643
2021-03-10,83.73120880126953,85.63418967728262,83.1456736467684,85.56099917898925,23841269
2021-03-12,84.20695495605469,85.92695678489505,83.43844076798193,85.45121017247273,20691698
2021-03-15,83.69462585449219,85.52441656221646,82.56015896615,84.90228883840582,19679802
2021-03-16,84.24356842041016,85.12187136637999,83.03590535975066,83.29208054237422,20680669
2021-03-17,80.03504180908203,84.06058123379567,79.5958931704743,84.02398877129048,31017863
2021-03-18,80.65715789794922,82.12099020523742,78.68098651674097,80.51077690085123,26710696
2021-03-19,80.87673950195312,82.8895090370696,76.4486442910659,77.76609567495493,50386785
2021-03-22,80.21802520751953,81.42568821699169,79.44951644445777,80.8767509930569,15825065
2021-03-23,78.4248275756836,80.73036488797686,78.02227140315952,80.21802016075732,15815643
2021-03-24,76.70481872558594,77.58311591743539,75.27757880873386,76.85119972953505,31083656
2021-03-25,74.65545654296875,78.82737688085649,74.14311740816773,77.58312150543811,37295495
2021-03-26,74.94823455810547,76.11929958880991,73.37461330555955,75.38738324660982,26637085
2021-03-30,75.75331115722656,77.80267833037625,75.09458559556585,76.15586721826264,31843017
2021-03-31,74.7652359008789,76.26566065916815,74.58225686322824,75.24098251558605,19587582
2021-04-01,76.3754653930664,77.03419118509906,74.03333544814838,75.38737949705656,22299747
2021-04-05,75.71672821044922,76.48524244955418,72.75247096835314,74.7652405064993,24878516
2021-04-06,76.08268737792969,76.41205302106692,74.14311389934622,75.13119966060293,15156974
2021-04-07,76.59502410888672,77.10736316617282,75.71672140258309,76.04608701147579,10330347
2021-04-08,75.82650756835938,77.36353027624352,75.6069360867055,75.97289414020538,26105970
2021-04-09,75.972900390625,76.77800705774688,75.38736522322152,75.38736522322152,17645822
2021-04-12,71.76439666748047,74.83844294605889,71.32524241275928,73.81375899183998,27005598
2021-04-13,74.69204711914062,75.02140716085006,71.76438244944892,71.76438244944892,25505623
2021-04-15,76.92440795898438,78.13207106414521,75.97292004588694,76.30228017271324,28659714
2021-04-16,78.53460693359375,78.93715747489934,76.26566234918488,76.55842993272898,21627285
2021-04-19,75.4239730834961,77.54652577746236,74.58226826481399,76.08269325247711,19166492
2021-04-20,75.277587890625,76.85120900127626,74.80184119427769,75.60695356536301,23082015
2021-04-22,75.46056365966797,76.44864947251538,74.39928733921663,74.94822452236274,14844968
2021-04-23,74.94823455810547,75.86312998585558,74.36269925071397,74.65546690440972,12790334
2021-04-26,75.24098205566406,77.36353441217574,75.02140497819462,77.03417438004863,11797791
2021-04-27,75.53375244140625,76.11928765701435,75.24099041767987,75.24099041767987,8886250
2021-04-28,76.04609680175781,76.41205491381238,75.60694818410784,75.93630825132591,6887787
2021-04-29,76.1558837890625,77.50992765905669,75.78992568451933,76.77801144997036,14990087
2021-04-30,79.15674591064453,82.4869615968313,75.60695310929027,76.22908082349413,81358264
2021-05-03,78.82738494873047,81.02313389531436,77.58312944596426,79.15675064116506,33975507
2021-05-04,80.2546157836914,80.73036245028779,78.82737578390227,79.04695288666296,30811922
2021-05-05,81.3158950805664,83.4384533438483,80.87674644294067,82.26738844882038,47588366
2021-05-06,80.69375610351562,82.59673699004843,80.10822094577765,82.19418645517102,26083818
2021-05-07,81.57205200195312,82.2307776482618,80.25460629341279,81.13290343243969,28016564
2021-05-10,83.3652572631836,84.13376593164566,82.34057345448998,83.32865921912837,33477142
2021-05-11,86.43930053710938,86.87844913233755,81.05971768139014,82.37716905115202,48355326
2021-05-12,84.24356842041016,88.6716644481355,83.21888444215124,86.87846609016279,49718697
2021-05-14,82.669921875,84.90226823020062,81.64524379465551,84.90226823020062,23626454
2021-05-17,83.62140655517578,84.46311110777616,82.15757449294077,83.40182951221007,19960145
2021-05-18,84.97547149658203,86.00015531502335,83.65802565922395,84.17036477640583,29395737
2021-05-19,84.09716033935547,84.75588594094265,82.99928619806904,83.80439278486375,25295575
2021-05-20,81.82823181152344,83.950784283223,81.3890776327523,83.03588905091203,21131045
2021-05-21,82.52354431152344,83.47503752169507,81.2792891142931,81.2792891142931,20562816
2021-05-24,82.74312591552734,83.40184600654688,81.13290697817101,82.88950691707007,24785960
2021-05-25,83.87760162353516,85.70739225923215,83.21887587786865,83.73122060631054,25820379
2021-05-26,82.96270751953125,84.46313809638706,82.70653794360116,84.46313809638706,12045621
2021-05-27,81.86483001708984,83.18228147773058,81.46227943706131,82.7065348067171,22821449
2021-05-28,82.23079681396484,84.57293237071801,81.8648386567295,82.85292456444925,19331994
2021-05-31,83.18228149414062,83.69462062666992,81.53546996005369,82.34057670434731,16430926
2021-06-01,86.0733413696289,86.6954690037784,83.58482524895366,83.69461379241,51620011
2021-06-02,86.1831283569336,87.39079114499269,84.90227506925093,86.36610739803112,27162991
2021-06-03,89.65973663330078,90.61122994957093,86.69547371914021,86.95164886249742,64241347
2021-06-04,91.81887817382812,92.7337733552496,90.28185538585545,91.19675056727692,72354379
2021-06-07,91.59931945800781,93.31932152218947,91.41634039619959,92.91676535258027,28709907
2021-06-08,91.34313201904297,92.14823861668238,89.76951127852061,92.03845008425958,15261479
2021-06-09,90.7942123413086,93.68527927273452,90.06229609699035,92.95336302841628,29718157
2021-06-10,90.72100830078125,91.34314152120365,89.62313403049794,90.5746272983744,12245640
2021-06-11,90.4282455444336,92.6605865250107,89.65973132799134,90.7210075468142,18360366
2021-06-14,91.34313201904297,92.07504812309276,88.74482761603558,91.05036446060771,19547491
2021-06-15,91.74569702148438,94.05123423032738,91.37973891163874,91.92867607640719,32779493
2021-06-16,92.7337875366211,93.86825996870442,92.29463889919711,92.95336464737203,31654780
2021-06-17,91.56272888183594,92.95337098184454,90.39166390754174,91.92868703530777,18124616
2021-06-18,88.0129165649414,91.16015822667408,87.02483088456205,91.16015822667408,87912730
2021-06-21,88.52526092529297,89.29377515823661,87.06142854564975,87.3907941815159,15669821
2021-06-22,89.33036041259766,90.9039755281695,88.92780433219578,89.80610140061152,23629008
2021-06-23,90.2818603515625,91.05037457985738,89.1107955717472,90.3916488961871,21978870
2021-06-24,89.29376983642578,91.08696216098548,88.81802322458023,91.08696216098548,24358397
2021-06-25,88.4886703491211,91.45292763052602,88.08611420252262,89.98909521973519,34557609
2021-06-28,89.54994201660156,91.12356289424125,89.14739147474401,89.69632860061293,23728169
2021-06-29,87.39078521728516,89.62312601680921,87.17120814923115,89.14738500948685,20857415
2021-06-30,86.14653778076172,88.52526552117614,85.67079669994098,88.08611690129977,19094044
2021-07-01,86.98824310302734,87.6469688289961,85.85377629326567,86.1831363642112,16012542
2021-07-02,86.69548034667969,88.45208051957589,86.36612025729579,87.82995280402962,20014124
2021-07-05,88.52526092529297,88.89121902020378,87.02483608660509,87.2078151340605,12050022
2021-07-06,88.92781829833984,91.48952499829203,88.59845824197697,90.02569259831935,30193164
2021-07-07,87.75675964355469,88.12271776918746,86.21973663271261,87.75675964355469,18479814
2021-07-08,85.6707992553711,87.39080132523719,85.52441265499404,87.39080132523719,17151883
2021-07-09,86.29291534423828,86.84185245764428,85.34142211403704,85.70738018964104,11240925
2021-07-12,86.76866912841797,87.35419874731627,86.36611297836238,87.09802919004342,8420962
2021-07-13,88.12271881103516,88.41548643181824,86.8052673095502,87.0980349303333,8580799
2021-07-14,88.41548919677734,89.11080743181323,87.90314444836524,88.04953105537359,12709481
2021-07-15,85.56100463867188,87.39079513315127,85.04865994977119,87.24440854314646,28589465
2021-07-16,85.48780822753906,85.92695679904853,84.71929403933972,85.78057021916067,19691248
2021-07-19,83.87760162353516,85.30484166982554,83.58483400500806,84.02398822483764,14395883
2021-07-20,82.41377258300781,82.88951928512436,81.68185629792944,82.01122197666157,18634406
2021-07-22,84.53632354736328,84.75590064735111,83.40185117088883,83.73121682087059,11710140
2021-07-23,84.38994598388672,85.45122231433079,83.9873898121581,84.53632700047285,7841690
2021-07-26,83.84101104736328,84.60951978119775,83.51164537508166,84.0605825781397,8149770
2021-07-27,83.9141845703125,84.82907972353424,83.43843797382183,84.42652362248593,9704729
2021-07-28,83.69462585449219,84.31675357830282,83.03590008289584,84.09718204382277,11020097
2021-07-29,83.98738098144531,84.75589519791296,82.92610476258736,83.6580209367176,14142749
2021-07-30,84.38994598388672,85.45122231433079,83.2920716072572,83.65802973280037,12236156
2021-08-02,85.70738983154297,86.00015744177732,84.0239858448314,84.13376881260129,10895726
2021-08-03,86.29291534423828,86.51248683915443,84.28014592841629,85.01206207962429,15163353
2021-08-04,85.89036560058594,86.7320703537458,85.3414284464483,86.14653515570133,14304543
2021-08-05,85.52439880371094,85.81716637297143,83.95077800500312,85.04865220167227,11033147
2021-08-06,85.37802124023438,86.51248793857762,85.01206315997969,85.01206315997969,6606584
2021-08-09,84.17037200927734,85.63420456596043,83.6580328480695,84.90228828761889,8294214
2021-08-10,84.06057739257812,84.68270506751693,83.36525921189553,84.24355644897646,14300982
2021-08-11,85.63419342041016,85.85377050896521,84.06057250997178,84.53631914578952,11308648
2021-08-12,85.08525848388672,86.2929213340219,84.38994032560637,84.97546993676943,13519139
2021-08-13,84.97547149658203,85.59759916289647,84.42653433499677,85.48781619784147,10342014
2021-08-16,84.53632354736328,86.62228366093724,83.9507883367808,85.56100737384381,14771886
2021-08-17,83.32865905761719,84.902280019624,82.48695430267611,84.902280019624,16025745
2021-08-18,82.85291290283203,84.3533433699414,82.6333413898427,83.36525760129555,10074307
2021-08-20,80.65715789794922,81.7916301697284,79.41290267038508,80.98652351753532,23878081
2021-08-23,81.79164123535156,81.97462029851789,79.4129134141892,80.76695736480451,16886027
2021-08-24,82.85291290283203,84.31674532573774,82.0478061870494,82.81632044270592,17368602
2021-08-25,84.64610290527344,85.78056957447367,82.92610108907651,83.07248208378718,18637317
2021-08-26,84.57291412353516,85.08525319949266,83.73120942668174,84.60950658091662,8779246
2021-08-27,85.37802124023438,85.63419077959723,84.13376041692214,84.53631653883316,9706825
2021-08-30,87.93973541259766,88.12271446856057,85.45121913468634,85.45121913468634,15933414
2021-08-31,88.23250579833984,88.56186587581713,87.13463142797848,87.82994962890956,13376290
2021-09-01,87.61036682128906,89.47675536310756,87.39079531194876,89.14739530705839,10964080
2021-09-02,86.84185791015625,87.93973220590013,86.36611126518508,87.0248369594469,13031666
2021-09-03,90.09888458251953,90.39165218414198,86.95164822129148,87.79334739784939,21326802
2021-09-06,89.03759765625,91.01376895863629,88.67163959402461,90.6112184406345,12505630
2021-09-07,87.79335021972656,89.84271791287746,87.50058819277163,89.65973885399177,8530847
2021-09-08,88.42522430419922,88.83408638463156,87.34732343258752,88.46239564662055,7801721
2021-09-09,90.8040542602539,92.03063490874999,87.86769383851468,88.536738344199,27242637
2021-09-13,91.47309112548828,91.73327350275807,90.02349387232726,90.84121234583965,9921031
2021-09-14,92.14212036132812,93.22002677203074,91.28723630619658,91.658926998532,16593684
2021-09-15,95.48735809326172,97.15996658539278,92.36515784323753,92.36515784323753,42437332
2021-09-16,95.67317962646484,97.56880438018548,94.70678725267666,96.37938965621582,22431820
2021-09-17,94.96697998046875,96.41657153542523,92.73683563650471,95.67319008743722,25968166
2021-09-20,95.5245132446289,96.19355199081417,92.95984959345155,92.95984959345155,29857432
2021-09-21,100.5051498413086,101.09985715199888,95.9705307013795,96.34222135267362,51537119
2021-09-22,99.35291290283203,100.54232760022222,98.460857551339,99.98479158765167,16424387
2021-09-23,102.40078735351562,102.84682072859304,99.91045513834987,100.20781450276813,18688982
2021-09-24,101.1741943359375,103.99903405818993,99.98477977902225,103.25565279589237,33667173
2021-09-27,104.07339477539062,104.63093081883021,102.21494129725865,102.62380333106765,34196564
2021-09-28,105.70885467529297,106.7495956564109,104.81679907940784,105.41150659103204,46109879
2021-09-29,107.60446166992188,110.61515872101644,103.59020649719604,104.70527863885326,68003697
2021-09-30,107.41860961914062,108.57085302900394,105.07696280482139,107.60445496450247,26714630
2021-10-01,108.71954345703125,111.24703599844987,107.12127778276673,107.9389906200015,42893182
2021-10-04,109.72311401367188,110.39215282689732,109.27708057612057,109.87178804515514,16099471
2021-10-05,121.65435791015625,122.36057929337427,110.76382526527357,111.50720664289285,131238378
2021-10-06,124.96241760253906,128.41913656770026,123.25263811767762,123.4013121287308,101221817
2021-10-07,119.23839569091797,126.48636577959971,118.56935683535748,126.48636577959971,59769140
2021-10-08,119.64726257324219,123.84737528998622,119.31274313214642,121.84023595720627,30561341
2021-10-11,122.65796661376953,123.55002228415812,120.94818662871451,121.72873959396824,18143592
2021-10-12,121.58003997802734,123.28981960361259,120.98533254176715,122.73228350895006,11619888
2021-10-13,118.94102478027344,121.76587638742494,118.71800809019042,121.65436237083341,16690451
2021-10-14,118.23481750488281,120.24194507680289,117.93745813005371,119.68440900998618,14821875
2021-10-18,120.50215911865234,123.02965196313116,119.83310888821777,121.72873419312826,22899876
2021-10-19,117.90029907226562,121.54286353390079,117.45426567802032,121.54286353390079,10331930
2021-10-20,115.1497802734375,118.45783674887029,114.22055347541719,118.38349406778843,17118996
2021-10-21,115.22412872314453,119.16405281262067,114.88960932772983,117.15692509703129,31555789
2021-10-22,116.74805450439453,117.71445262087519,114.85242961112485,116.71088316470292,27317028
2021-10-25,119.98176574707031,121.13400930404669,118.1233120561733,118.19765474104965,34568006
2021-10-26,121.2454833984375,121.87735063937255,119.16401368155711,121.5800026840028,33022684
2021-10-27,117.3799057006836,121.61718829230104,116.71086705100649,121.24549763290293,21652522
2021-10-28,111.65589141845703,116.59938486226062,110.54081924448488,111.50721739721422,24815027
2021-10-29,110.80099487304688,112.88246496650673,108.53367943808347,111.43286222829933,18736450
2021-11-01,113.84886169433594,114.18339241298351,110.31779989479308,111.50721472240559,11444653
2021-11-02,113.7001953125,115.07545559034247,112.51079174811038,114.44357679390647,20609479
2021-11-03,112.99397277832031,114.62940958938654,111.3585359672541,112.39926538981443,11591857
2021-11-04,113.03113555908203,113.62584290256125,112.43642821560283,112.9939642232835,1114216
2021-11-08,115.1497802734375,115.63298501426841,112.77096193912561,113.70018873714592,16568525
2021-11-09,116.45069122314453,117.5657633178817,115.22411645617363,116.33918855091079,13601954
2021-11-10,117.23126983642578,117.9746513970158,116.30204288568825,116.48788827583576,13900618
2021-11-11,114.10903930664062,116.59937141181032,113.77451996165797,116.41352607092004,14158749
2021-11-12,114.96392822265625,115.67014962252836,113.96037014506415,114.48073485304893,10552485
2021-11-15,117.30560302734375,120.61364843537946,115.9675140580536,116.30203346460075,45750584
2021-11-16,116.82240295410156,118.71802812506317,116.56222622434728,118.49501139734382,12956283
2021-11-17,117.00823974609375,118.38350001347504,116.41354363997321,116.71089169303347,11420415
2021-11-18,114.70375061035156,116.71087809236462,114.25771723963763,116.71087809236462,18351511
2021-11-22,112.9693374633789,118.48097210365778,112.54536285357986,116.59237076441065,21558590
2021-11-23,113.0849380493164,113.85579653876283,110.54110268166981,112.39117011376148,21216047
2021-11-24,118.2882308959961,120.13829829747831,114.85791302718769,114.85791302718769,36294271
2021-11-25,119.56016540527344,120.25393339297804,117.59447375695308,118.71221629819627,11554142
2021-11-26,113.39329528808594,117.36321204135204,112.73806082789974,117.36321204135204,23135841
2021-11-29,111.08070373535156,112.58387531146467,109.38480579064333,111.77447161282957,18736522
2021-11-30,109.53900909423828,113.89435537310153,108.76815051303285,110.50258232074506,22980651
2021-12-01,109.65464782714844,110.73384528007745,107.65041054328593,109.7702719248301,14278744
2021-12-02,111.00365447998047,111.50470793761554,108.22855841303277,108.30564898914761,8561767
2021-12-03,112.46825408935547,113.20057909797876,110.34839314566574,111.00362759684417,10690334
2021-12-06,110.50257873535156,112.42972512583646,110.04005889668794,112.39117984555314,7749262
2021-12-07,112.46825408935547,112.73805927804486,111.38905685933321,111.77448612182225,10253663
2021-12-08,114.3954086303711,115.89859227209789,113.1620419591095,113.31621132272114,12266948
2021-12-09,113.58599853515625,115.55167819392284,112.81514007685826,115.24333951555029,7989291
2021-12-10,113.74018859863281,114.08707261559839,112.19847140112473,112.7380700677788,10324085
2021-12-13,112.50679779052734,116.01420638247089,112.04428973944628,114.81937333303507,13595587
2021-12-14,113.2391128540039,113.66308739611272,110.9650825529791,111.19634246343551,12331999
2021-12-15,110.96510314941406,113.8558231607519,110.69530967244444,112.77662572813371,10361033
2021-12-16,112.04429626464844,112.73806426285722,111.427607064925,112.00575098422169,12156709
2021-12-17,107.45767974853516,111.85158299906716,106.76391174180289,111.1578032299666,17667617
2021-12-20,103.29505157470703,106.10868073727956,101.48352917423298,105.99305665315087,17238729
2021-12-21,104.87532043457031,105.49200969969158,103.14088849274953,104.10446179376108,8615570
2021-12-22,105.45346069335938,106.33994339405518,104.29717277295492,105.91596880409976,4968143
2021-12-23,108.3056411743164,108.69107050233889,105.72325997161795,106.76392386222649,6324169
2021-12-24,106.76390838623047,109.15357457852288,105.7617899261605,109.11502929883405,5657495
2021-12-27,105.87742614746094,106.41702477794882,104.83676240394517,105.26073695731708,4404298
2021-12-28,107.53478240966797,108.3056410649344,106.76392375440153,107.26497717537687,8738089
2021-12-29,107.07223510742188,108.57541851036137,105.9544926958352,108.07435345525934,6571286
2021-12-30,108.3056411743164,108.84523988107395,106.76392386222649,106.95663852623773,11556524
2021-12-31,109.77025604248047,110.19423060991963,107.4962256055938,108.26708417825833,6393760
2022-01-03,110.27130889892578,110.57964758872612,108.84521599327336,109.73171031059167,3765911
2022-01-04,113.93291473388672,114.5496040275321,110.30988130697885,110.30988130697885,16351836
2022-01-05,115.89859008789062,116.476734012315,113.6245479085934,114.47249703602981,12977680
2022-01-06,116.24547576904297,116.70798385784168,114.35687460778591,116.09130640611006,9012777
2022-01-07,121.0633316040039,121.41021558176404,116.66944044018499,116.78506451198255,30889365
2022-01-10,122.06548309326172,122.87487533987125,120.56229917842546,121.98839251626528,16418985
2022-01-11,124.06969451904297,124.60929320919143,121.48732515820059,122.41235316450785,14457548
2022-01-12,127.15313720703125,127.73128121836577,124.41658653424052,125.41870517302769,21220614
2022-01-13,126.38224792480469,127.57708094473638,125.68847998413064,127.15310641993905,7445346
2022-01-14,124.14676666259766,125.8811983279052,123.49153221742334,125.61139314168813,11646259
2022-01-17,127.84688568115234,129.65839608103735,125.11033568040921,125.26450502642986,32577835
2022-01-18,126.30518341064453,129.81258055009926,125.95828763872615,129.7355017492929,11175409
2022-01-19,131.2386932373047,131.8168372603765,127.11459450111089,127.42294503750468,36648534
2022-01-20,128.61778259277344,131.7397510099413,128.347977334869,131.7397510099413,14474454
2022-01-21,126.15098571777344,128.27084654064225,125.11033382578529,127.42290926891489,8625926
2022-01-24,127.73125457763672,129.73549143719018,126.2280828141554,127.34582531713548,28783449
2022-01-25,127.30728149414062,128.50211456782873,125.64994035998363,125.64994035998363,14249846
2022-01-27,127.73125457763672,130.0823754191678,126.80622670490726,127.26874652245577,25936832
2022-01-28,130.12094116210938,134.66900244636093,128.15524927193067,129.1573678593129,32790065
2022-01-31,133.05018615722656,134.78461783896253,130.69906530284428,132.27932763201056,24031034
2022-02-01,131.7782745361328,134.82316363560406,129.88967332980522,134.12939560466535,14220953
2022-02-02,132.04808044433594,134.167941592921,131.4313912122738,131.46993649472182,12478192
2022-02-03,129.11880493164062,132.00952444503557,127.96251712628265,131.0459512739039,12529302
2022-02-04,130.7376251220703,133.127279758594,130.31365053357402,131.04596386150274,17434362
2022-02-07,132.66476440429688,133.58979233444506,130.42926749720644,131.58555535048376,11723574
2022-02-08,128.69483947753906,133.35853630782995,128.34795546389415,132.58767771645523,13231599
2022-02-09,126.38224792480469,130.73760547973413,125.72702526136078,129.42713662811198,17938632
2022-02-10,130.3521728515625,131.35427945935442,127.30727246485569,127.84688280734902,26763203
2022-02-11,129.61984252929688,131.43136457590546,128.8104505737665,129.46567319311805,12884995
2022-02-14,128.11668395996094,135.94090501299647,127.34582543822546,130.19799961617318,44604164
2022-02-15,126.53642272949219,131.045949825493,120.56226913450648,131.045949825493,31146458
2022-02-16,129.92822265625,130.19801611562667,126.80624289511233,126.80624289511233,15960268
2022-02-17,132.39498901367188,132.89604249130798,129.8896981007494,129.92824339034547,24640791
2022-02-18,129.42715454101562,132.39496486297898,128.50212657130263,131.97099027950296,11829998
2022-02-21,127.28497314453125,130.51773828290195,127.01233803476451,130.40088447620897,14222260
2022-02-22,128.4923858642578,129.69980383274518,127.16812598015404,129.69980383274518,29399172
2022-02-23,125.22068786621094,129.62190791073763,124.36380748711758,129.5050659891606,21301826
2022-02-24,122.02687072753906,126.50599319176979,121.52053989912932,125.22068454349385,28766189
2022-02-25,124.24696350097656,124.94803879130632,122.14372574372895,124.16906096371399,20225258
2022-02-28,125.14276885986328,126.07755165450374,121.36473396217662,125.02592695366172,20210070
2022-03-02,126.93443298339844,131.14092032962105,126.11650389777809,129.03767071338063,41103406
2022-03-03,132.659912109375,133.82837872474894,126.89546967510921,131.1019566222097,42345653
2022-03-04,128.72608947753906,133.20521210686343,127.63552524403313,132.50413679764657,32658756
2022-03-07,145.6298828125,147.8499740756456,130.1671821559868,130.1671821559868,132538155
2022-03-08,139.51490783691406,151.86169698576464,138.5022344713483,148.0057598305874,73127816
2022-03-09,136.63267517089844,143.17609456817846,135.42526932138318,142.55291007040097,51977091
2022-03-10,135.81480407714844,137.8011882490856,128.5313558258466,131.06303404665874,62112814
2022-03-11,136.86639404296875,137.41167611360655,133.7504829121726,134.37366751558338,26187452
2022-03-14,133.82838439941406,136.7105997956317,132.89361344472962,135.54213313071176,20214021
2022-03-15,127.55760192871094,132.0367238284977,125.92174395863393,131.10195293970662,42333127
2022-03-16,130.3229522705078,130.75139231925482,126.07752681202503,129.3102790333571,25545119
2022-03-17,132.659912109375,133.59468302442275,128.21974134820536,129.77769683537065,66314748
2022-03-21,134.41259765625,136.32109054665196,132.6598979206502,133.75046189052108,20614652
2022-03-22,136.6716766357422,141.1897510464816,135.38636779451272,137.25591008834832,39742745
2022-03-23,136.7884979248047,138.42434407128292,136.20426461115022,137.48957314668718,10994784
2022-03-24,138.2296142578125,140.52759649072388,137.48958769280827,139.3591297397935,20332589
2022-03-25,136.94430541992188,139.6317765665451,136.3990233140685,139.0475431917897,13608989
2022-03-28,137.3727264404297,138.58013240413868,136.04845480006006,136.7105906202449,15253027
2022-03-29,133.20518493652344,136.47688885595872,132.8546473534154,136.2821444335369,14210783
2022-03-30,126.19440460205078,128.41449610418266,125.53226871228989,126.97338240823628,95239532
2022-03-31,127.67444610595703,128.72607080348374,125.53225733313052,126.07755125703737,33523683
2022-04-01,130.82931518554688,131.0630108957477,127.40181772345977,127.67445281347943,28335224
2022-04-04,130.90719604492188,131.6861736924534,128.8039587738379,130.05031587813497,17745513
2022-04-05,133.86732482910156,134.56840001679933,131.88092928228244,132.62095573290932,20054934
2022-04-06,134.60736083984375,135.1526429008088,132.65991641764188,132.8936121255576,12969222
2022-04-07,131.53041076660156,135.3863486307469,131.0240680475924,132.89362196305507,24550313
2022-04-08,133.12730407714844,133.43890233548416,131.41355525820563,131.64725098039287,9529874
2022-04-11,133.36097717285156,134.56839496074917,132.07566874827887,133.2051840132452,9724979
2022-04-12,131.56935119628906,134.13998042160242,131.02406909061858,133.20520939955895,13184429
2022-04-13,135.73687744140625,136.2042688614177,132.97150395989652,133.51678602573818,23458303
2022-04-18,136.94430541992188,139.43703210829332,136.3990233140685,137.10009860927164,23916912
2022-04-19,137.99591064453125,140.060208918298,137.10009094118004,138.1127644447017,17880666
2022-04-20,136.71060180664062,138.15171546907698,136.16531973224176,137.80116595543836,10076403
2022-04-21,135.65899658203125,137.64539260503776,135.46425210695728,136.86641470474183,12246720
2022-04-22,135.54214477539062,137.33379619277682,135.30844904507788,135.6589866974177,10267952
2022-04-25,132.153564453125,134.76314455007125,131.10195167075992,133.2051891217467,12583497
2022-04-26,130.0503387451172,133.75048322149485,129.0766165144915,133.28310368254915,20086229
2022-04-27,128.4144744873047,131.56932456227227,127.24600797472232,130.8292981482213,13981957
2022-04-28,128.37554931640625,129.31032033919695,126.54494665348653,129.31032033919695,13030499
2022-04-29,124.98697662353516,130.43982083048752,124.24695014412876,129.69979435108112,15964743
2022-05-02,121.79317474365234,124.05220544145867,121.4426252506677,123.19532517056273,23405519
2022-05-04,126.38912200927734,126.8175620882548,123.03951578216558,123.85744468089429,23661920
2022-05-05,128.4144744873047,131.1798357247448,127.28494734947024,127.90813186676539,26878516
2022-05-06,130.0503387451172,130.4008763708909,125.49332583754352,127.67445412513894,16768573
2022-05-09,128.3365936279297,130.32298941186548,126.77863801484405,128.7260825312011,9952775
2022-05-10,120.3131103515625,125.9217477389434,119.10569246942497,124.98697682208943,22602956
2022-05-11,123.54589080810547,124.63645503515968,119.76784351034875,119.9625879713412,15084514
2022-05-12,121.9100341796875,125.41543452351237,119.96258954422923,123.85747881514575,21459069
2022-05-13,119.61205291748047,124.87015347851299,119.1446614464407,124.6364577429931,12934346
2022-05-16,119.57305908203125,121.71524743692106,118.24879956716848,120.11834101329772,13205775
2022-05-17,127.09022521972656,127.5186653933976,121.17000098277688,121.52053862077751,17843200
2022-05-18,127.1291732788086,128.14184678567338,124.79223990277806,126.19440230564794,12616832
2022-05-19,124.63642883300781,126.23333545468195,122.92268031380519,123.5069135739599,8932407
2022-05-20,126.11646270751953,127.59652720911672,124.714312602986,125.9217183167505,7235654
2022-05-23,120.8194580078125,127.90814864914057,120.4689084990386,125.99965547210061,18029557
2022-05-24,117.35301208496094,122.88375975058437,116.96352314755813,122.61111273989879,19141394
2022-05-25,118.87200164794922,119.3783323979076,114.97711315209578,119.1056854486953,19366472
2022-05-26,118.32672119140625,119.41729722588818,115.36661510729556,119.027808332057,12824105
2022-05-27,112.01699829101562,121.13103521968253,109.91376082843968,120.74154636045525,52469252
2022-05-30,112.21174621582031,114.74342387965473,109.95270363018304,113.45810347241532,40261336
2022-05-31,117.82040405273438,119.18361533929493,113.26337871172827,113.26337871172827,57675204
2022-06-01,116.65190124511719,119.10567604936038,115.87292360742025,117.78141644252666,22780094
2022-06-02,118.75517272949219,119.10571039027278,113.73076789494667,115.13293042432792,25429955
2022-06-03,118.09305572509766,120.11839115616212,117.74250615714034,119.92364667896787,16747177
2022-06-06,119.92362213134766,121.52052889471555,119.02780247412666,119.26149817617562,30327268
2022-06-07,126.07756042480469,126.93442886448857,120.11837318259089,120.58576461242414,61411715
2022-06-08,127.28497314453125,129.62190664328955,126.27231147074275,127.36287568232657,45994327
2022-06-09,128.9597625732422,130.36192483181506,128.1418335985533,129.31030016632127,31122996
2022-06-10,128.25865173339844,129.8166068683866,127.24599040465965,127.75232106902905,17812698
2022-06-13,124.28591918945312,127.71341699824441,123.4290387941259,126.19441255767234,12237777
2022-06-14,121.4815673828125,125.06486948195294,120.97523664296394,124.28589179833598,12844437
2022-06-15,117.93722534179688,122.4942498853575,117.46984582851952,122.26055418559031,16223385
2022-06-16,111.822265625,118.0540880282183,111.08223909186943,116.18453417549804,25130676
2022-06-17,110.18639373779297,113.06860886231378,109.56320919799636,110.96537144097462,22922034
2022-06-20,104.69461059570312,108.20001066323235,101.26711306195546,107.96632683440333,28656582
2022-06-21,108.3558120727539,109.21268048413444,105.16199847565692,106.01887877329487,20581784
2022-06-22,105.045166015625,106.68101234066157,102.0460965903369,106.68101234066157,31824106
2022-06-23,105.0062026977539,106.25255996149521,102.98085580057075,104.38301812275469,26829020
2022-06-24,106.99260711669922,109.83587137291323,105.31779769096022,106.71996012829158,25461812
2022-06-27,110.225341796875,111.08222199997506,106.91468665456603,109.05687527606007,24188349
2022-06-28,116.34033203125,118.20987388179697,110.73168270709473,111.23802537771672,54387675
2022-06-29,120.07942199707031,122.61109982349014,113.88655092200266,116.3403381009027,165860322
2022-06-30,118.05408477783203,120.31311558229754,116.26243350898477,119.18360018006479,38725546
2022-07-01,102.08504486083984,117.74249178417936,101.2671157792176,116.02874297132115,125788305
2022-07-04,98.15120697021484,101.22816703369608,96.67114789870482,101.22816703369608,85993413
2022-07-05,99.24176025390625,100.17653706058645,98.15119028434346,98.93016798501286,44595740
2022-07-06,94.21736145019531,96.20375719462331,93.36048706866656,95.81426829909852,59092334
2022-07-07,96.20374298095703,96.71007965895609,94.45104321004891,94.45104321004891,36229792
2022-07-08,94.64580535888672,98.42384660639753,94.2563164479448,98.42384660639753,42778692
2022-07-11,97.76171112060547,98.0733034203726,94.29526238640922,94.64580000919175,31521678
2022-07-12,96.671142578125,98.73543491084335,96.20375709261661,97.29432718755545,25216226
2022-07-13,96.94378662109375,97.2943302034377,94.56790785314273,95.38583099235377,27166975
2022-07-14,99.04702758789062,103.29246012644586,96.43745316945753,96.90483865672289,38464081
2022-07-15,98.57965087890625,100.02075279280923,97.06064048111845,99.39757406867248,18088858
2022-07-18,101.189208984375,101.81239358634633,98.89122690797225,98.96912944056528,21010247
2022-07-19,99.6312484741211,103.75982669568066,96.94377185793176,101.65658929442655,33778758
2022-07-20,103.2535171508789,106.40837984373375,102.98087014687883,105.16201052010308,60317150
2022-07-21,103.68195343017578,103.99353980617785,102.66927987878157,103.60405089304611,20853780
2022-07-22,103.17559051513672,104.22721512924443,102.47451536323558,104.22721512924443,11630255
2022-07-25,101.11132049560547,103.17560690453557,100.02074444731994,102.82506927290225,21705935
2022-07-26,99.86492919921875,102.51346025733694,99.51439164503914,101.92922703828583,22172845
2022-07-27,100.17654418945312,101.42290146746485,99.55335960731861,100.56603306750503,20187969
2022-07-28,101.46184539794922,101.6565898228973,99.90388999836459,101.5786872984155,25736737
2022-07-29,104.49987030029297,104.77251729310548,101.18921454939559,101.61765472970455,19738642
2022-08-01,107.8105239868164,108.27791542661437,103.75984175818029,104.46092891787724,20592826
2022-08-02,106.48625946044922,106.75890643618995,104.85041326477747,106.48625946044922,15037928
2022-08-03,105.66832733154297,107.8494674149568,104.22722562172572,105.94097429931615,15853543
2022-08-04,106.13569641113281,106.83677148613566,104.38299683737098,104.65564374779137,14311959
2022-08-05,106.33045196533203,107.88840730548341,104.0714214766149,105.23988798172844,66480753
2022-08-08,106.33045196533203,107.10942963540772,105.20093672097346,106.17465880856808,12451233
2022-08-10,104.22721862792969,106.52520046547288,103.9545716784515,106.2525535159947,15829467
2022-08-11,103.44825744628906,105.94098410684553,102.86402407805278,104.77251737037298,19479706
2022-08-12,108.4336929321289,108.82318178022295,103.99352244110814,104.30510876508083,40876891
2022-08-16,109.01793670654297,110.53694098319214,106.01887941905767,108.66739908674046,31230003
2022-08-17,108.78424835205078,109.68007998128185,108.04422179660479,109.01794407647012,15694770
2022-08-18,108.10633850097656,110.29956922162928,107.42842595589555,110.25968986554142,42597708
2022-08-19,107.34867858886719,110.45907362830181,106.91003001421082,109.66153519055233,35382493
2022-08-22,105.19532012939453,107.26892503503507,103.52049663127384,107.26892503503507,31231393
2022-08-23,106.67076873779297,107.02965860993245,103.75975823441921,105.19531772297712,24268146
2022-08-24,108.4652328491211,109.58178184889701,107.26892513387342,107.4284303953455,22730039
2022-08-25,108.90387725830078,110.17993147048898,108.58485457815054,109.26276712518275,14620592
2022-08-26,108.9836196899414,110.25968602346224,108.54498329667217,108.86399379531716,12105053
2022-08-29,108.3854751586914,108.94376183333068,106.67077228507506,107.02966216914925,9198908
2022-08-30,110.53883361816406,111.53575667687957,109.70141581494886,109.98054696970664,21720398
2022-09-01,107.42841339111328,108.66460026842782,106.9897648643927,107.66767733018536,20349294
2022-09-02,105.87322235107422,108.26583754544878,105.51433250581206,107.42841979352364,17495310
2022-09-05,106.3916244506836,106.7903936760152,105.79347061268618,105.99285522535199,14865879
2022-09-06,105.35482788085938,106.98977187107269,105.03580521804756,106.9499046865077,10870488
2022-09-07,105.67384338378906,106.03273324817947,103.71987663813393,104.47753572284051,12042788
2022-09-08,105.15544891357422,106.98977760276281,104.8763055898433,104.99593148888746,14629497
2022-09-09,106.8701400756836,107.02964531354442,105.23518400630347,105.67383253752296,12327341
2022-09-12,106.8701400756836,107.98668891017901,106.55112959996193,107.66767843445734,13500202
2022-09-13,106.79037475585938,107.78729764256256,106.47136429990188,107.02963868256191,10846178
2022-09-14,106.23212432861328,106.94991627058343,105.27508057545798,105.63397046170726,8597956
2022-09-15,105.75360107421875,107.18916051791498,105.27507314667285,106.55113950714808,10810473
2022-09-16,104.67692565917969,105.27507952008928,103.68000255766368,104.55729975478634,20909579
2022-09-19,104.11864471435547,107.14929318935074,103.44073217947879,105.35483171764614,19411428
2022-09-20,106.23212432861328,106.55114702597943,104.71680606690668,104.79655261414453,13080582
2022-09-21,104.39777374267578,106.23211453259789,103.71987339104336,105.43457611693354,11156865
2022-09-22,102.60332489013672,104.35791935534846,102.16468844330574,103.99901728870937,11366882
2022-09-23,102.5634536743164,102.96222291539934,101.6861564761454,102.28431033776978,10407849
2022-09-26,98.45611572265625,102.72295114643916,97.81808863615241,101.52664351391728,12848954
2022-09-27,99.253662109375,102.00517353582336,98.77514023491226,99.17390947775384,14465123
2022-09-28,97.73834228515625,98.85489127939763,96.90092445473954,98.85489127939763,15267018
2022-09-29,101.00823974609375,102.24442061732277,98.49599256493977,98.49599256493977,20597761
2022-09-30,101.12787628173828,105.5940842288565,100.09107387937254,100.09107387937254,33530494
2022-10-03,105.59407043457031,107.66767496841638,104.15851117056678,105.03579603529458,50966493
2022-10-04,106.79037475585938,107.66767176394572,105.11555160787928,107.58791306522193,14137567
2022-10-06,105.79346466064453,108.90387174491916,105.5940800591963,108.86399239073545,14570735
2022-10-07,106.91002655029297,107.06953179878069,104.63703720856421,105.314949726475,13532236
2022-10-10,106.27200317382812,106.87015703784591,105.4345853303089,106.07261855248886,10183057
2022-10-11,104.55728912353516,106.47137641603534,103.87937661564497,106.27199181600531,13176461
2022-10-12,104.75668334960938,105.27507848953445,102.96222178444685,104.55729873125799,9401804
2022-10-13,103.56037902832031,105.15545602732735,101.80579067857106,104.63704870096701,13320136
2022-10-14,101.76589965820312,105.91310303122903,101.32725718458236,105.27506987084499,13205955
2022-10-17,101.9254150390625,102.24442554719019,100.48984341354624,101.2873818533363,9320940
2022-10-18,102.64319610595703,102.96221878771685,101.76590502769173,102.44381149340876,6490293
2022-10-19,101.9254150390625,102.64319476708522,101.60639844619939,102.64319476708522,7381712
2022-10-20,103.36097717285156,104.47752601823566,100.33032894606224,101.28737255202999,18748363
2022-10-21,104.91618347167969,106.3916222735313,102.6830734216259,103.16160135001984,11945173
2022-10-24,105.9131088256836,106.87015253388388,105.59408614330283,106.07261408213847,2154912
2022-10-25,104.27815246582031,105.99285526764196,103.56037272772544,105.63396539859453,10232002
2022-10-27,105.1155776977539,105.43458823289038,103.91926993678433,104.27815983118083,13865026
2022-10-28,106.63088989257812,108.14622027145077,105.11557168317663,105.35483565557453,22918037
2022-10-31,106.91002655029297,107.82719085620013,105.91310353540675,107.18915769277888,8753855
2022-11-01,107.78730773925781,108.22595628439024,106.9499021715604,106.9499021715604,11630848
2022-11-02,108.8241195678711,111.01735031543323,107.94683457052885,108.34560379735834,21117499
2022-11-03,108.78424835205078,109.02351233994776,107.86708392949635,108.78424835205078,7561534
2022-11-04,109.940673828125,110.37931021462485,108.50510226743657,108.78423340707553,7498344
2022-11-07,110.49895477294922,110.85784464185238,109.06338312786556,110.49895477294922,9987481
2022-11-09,110.57870483398438,110.85784816838395,109.26277121632089,110.8179688106881,12033732
2022-11-10,111.53575134277344,112.33328975160421,109.58177250556173,109.66153121423295,15908521
2022-11-11,112.01427459716797,112.69218715791764,111.01735151928382,112.13391266819676,18492513
2022-11-14,111.0572280883789,112.45292036238007,110.53883296868109,112.13390985325387,12743505
2022-11-15,113.52960968017578,114.32714817552096,111.65538934832593,111.65538934832593,24636519
2022-11-16,113.96823120117188,114.28725385924008,112.61241837042465,113.88848466375737,11460200
2022-11-17,114.20750427246094,114.68603221304134,113.01119659048096,113.21058120414429,13368536
2022-11-18,113.05107116699219,114.24737879838892,111.81488418065477,114.16762008850759,19958908
2022-11-21,113.42791748046875,114.18159903451877,112.54862872304976,113.88849852273063,16348881
2022-11-22,113.21855163574219,113.80473981930967,111.2924937943541,113.00919780032922,11198874
2022-11-23,114.30718231201172,114.43278948908959,112.67422512028581,113.51164037531888,9010911
2022-11-24,116.77758026123047,117.23816130767115,113.46979183706743,114.30720727497936,11803087
2022-11-25,117.6987075805664,118.3267689734425,115.35394249157402,116.40071147970082,9789098
2022-11-28,116.9031982421875,118.24305525313963,116.44261720363244,116.81945158865193,8925344
2022-11-29,117.447509765625,118.15931796629161,116.8194482160762,117.2800292413343,13558920
2022-11-30,118.1593017578125,118.74548990139215,116.90317883102333,116.90317883102333,17720938
2022-12-01,117.28002166748047,118.91297903526322,117.07066783115079,118.45239803974908,27727625
2022-12-02,117.9918212890625,121.25774892006585,117.69873357442339,118.78737611809117,24518337
2022-12-05,120.37844848632812,120.54592898950304,117.74059542197897,118.49426407523777,18440387
2022-12-06,119.2898178100586,119.87600601793723,118.20117526517278,119.62479162737823,10977472
2022-12-07,117.7824478149414,118.70360968558322,117.32187965756293,117.90806776708844,9731670
2022-12-08,119.4572982788086,119.75039877159523,117.53125313630645,118.28492186355123,10150945
2022-12-09,117.8243408203125,119.70852541587595,117.48937978116794,119.33169105235218,9438307
2022-12-12,119.20608520507812,119.3316924016915,116.56821907469495,117.23815393850393,8946335
2022-12-13,120.88088989257812,121.13210423159913,119.37353996874226,119.79224757103322,12593054
2022-12-14,123.60253143310547,124.43994692309141,120.67157721815462,120.8809310906511,17692988
2022-12-15,123.47689819335938,124.64928742030625,122.80696331766758,123.64437871779609,11426194
2022-12-16,123.26753234863281,126.03100545574283,123.100051840493,124.23056763183827,20540447
2022-12-19,122.09516143798828,123.56063831071941,121.42522659772234,123.14193063279623,10635055
2022-12-20,122.13701629638672,122.43010395985664,119.83412441596623,121.84391585497444,6714207
2022-12-21,120.16910552978516,122.93257880487434,119.49917067855984,122.68135163842179,10011408
2022-12-22,119.12235260009766,121.55085239254154,118.5361643168815,121.42524518111887,9123323
2022-12-23,117.07066345214844,120.16909755834276,116.65195579515073,117.74059825893349,8007752
2022-12-26,118.32678985595703,119.62478618589525,116.81943969144635,117.65685502973629,7150680
2022-12-27,121.25775909423828,121.76020069489624,118.99673994641338,118.99673994641338,8765357
2022-12-28,120.50406646728516,121.1321279939276,119.49917058024614,120.12723210688858,9534858
2022-12-29,121.13211059570312,122.26262629246115,119.3316729224364,119.54102673458102,36752195
2022-12-30,122.89070892333984,124.56553970934787,121.04839761431997,121.80206635684564,9644998
2023-01-02,125.98912048339844,126.2822209289965,123.30939426713744,123.35126758478609,9631496
2023-01-03,125.23546600341797,126.1147546614489,123.93746967755746,125.36107319258926,14991139
2023-01-04,122.47199249267578,124.64927747038982,121.42522332607172,124.60740414813687,13535874
2023-01-05,122.68133544921875,123.10004307873827,120.7134044792999,122.13702064202049,16320559
2023-01-06,123.3931884765625,124.02125014961331,122.51389957870187,122.84886069314999,16804116
2023-01-09,124.0630874633789,125.77979160369854,123.76999973763095,125.02612284840946,18660445
2023-01-10,125.06798553466797,125.8635275482276,124.4399240327087,124.4399240327087,18490715
2023-01-11,122.93257141113281,125.61229787691833,122.47199042999537,125.1935902173286,12538238
2023-01-12,122.38825225830078,124.14682966147934,122.05329121862134,123.68624864846166,13270422
2023-01-13,123.05816650390625,123.51874743977866,122.17887794959391,122.59758556803384,8854484
2023-01-16,123.60253143310547,123.77001197551338,122.2626615379494,123.68626531533627,9696320
2023-01-17,123.81187438964844,124.77489700704825,122.80696566790667,124.18870877132902,18484595
2023-01-18,124.9842529296875,125.40296064469482,124.10496417258302,124.14683749967284,12139643
2023-01-19,127.07777404785156,127.37087451927118,123.97933993802316,123.97933993802316,18437610
2023-01-20,126.9521713256836,127.70584002448653,126.07288265845077,127.2871323522751,17512691
2023-01-23,127.58021545410156,128.20827687685966,126.74280022375746,127.74769594458192,16742252
2023-01-24,127.41275024414062,128.2920389852248,126.95218198838026,127.58024354944823,8276792
2023-01-25,127.66397857666016,128.4595206722724,126.57533597205881,126.65908262546864,9827342
2023-01-27,123.6443862915039,129.08758672575675,122.76511028986579,127.66398301392593,13052535
2023-01-30,121.34149169921875,124.64929289742794,119.95976133947111,123.51877694640132,12688399
2023-01-31,121.34149169921875,123.85373800999302,120.79717677639587,121.55084555844995,19050398
2023-02-01,120.79717254638672,122.26264950968778,119.2060883831236,122.09516898375666,11526089
2023-02-02,120.12723541259766,121.42523182563303,117.78246975968612,119.75040104183121,11886667
2023-02-03,120.83903503417969,121.71832368888504,117.3218931933022,120.16910021259733,9250428
2023-02-06,120.16910552978516,120.75529373287814,118.57802143882643,118.6617553090143,6436143
2023-02-07,121.13211059570312,121.3833377258652,119.08044579227432,120.50404915926924,8681511
2023-02-08,120.50406646728516,122.17889720499834,119.87600494064272,121.76018952057004,10325869
2023-02-09,122.43013000488281,122.59761053077187,119.9178837827117,121.13213356783872,8078404
2023-02-10,122.84883117675781,123.10005834120629,121.2577470984914,122.38825017159299,6396208
2023-02-13,124.0630874633789,124.60741514481663,122.76510380459716,123.47689923393794,6563018
2023-02-14,124.31429290771484,124.94235435330243,123.10004333516741,124.48177340428298,6991500
2023-02-15,123.5187759399414,125.10986014595572,121.84394507973882,124.77489908509335,12631259
2023-02-16,130.5530548095703,131.0136358318457,124.27243935475562,125.61230909629403,30949761
2023-02-17,131.13925170898438,132.98156296256008,129.29692767746423,130.2180896932243,19874561
2023-02-20,129.67376708984375,132.14413972209528,129.29691997442842,131.64168542017063,8348393
2023-02-21,129.04571533203125,130.55305279557777,128.50138766757752,129.71563741452096,7599927
2023-02-22,128.6269989013672,129.38066758192906,127.03590211870663,129.17131375089033,9599697
2023-02-23,129.50628662109375,130.80428304790823,128.33391017116483,128.71074454593162,18675946
2023-02-24,133.24575805664062,133.54664082172056,128.73259528375442,130.45189538771106,14648507
2023-02-27,133.46066284179688,134.14838546700176,131.52645033684328,132.38610033904487,11904749
2023-02-28,130.7097930908203,133.63259802209183,129.97908529939303,132.51505033052842,17607584
2023-03-01,133.07382202148438,133.33171964376137,130.5378571563994,130.66679940892894,7707977
2023-03-02,132.42910766601562,133.28875781234845,131.22558959081752,132.81594760842134,8219892
2023-03-03,132.6010284423828,133.84751846880246,131.91330573625555,132.38611591654427,8260104
2023-03-06,135.9966583251953,137.28613361864006,131.999290162405,132.9878826404909,14491522
2023-03-08,136.03964233398438,136.55543769398736,134.4492842383259,134.5782396369371,7339476
2023-03-09,134.36329650878906,136.81329111813352,134.14838401057193,136.72733398917742,5314022
2023-03-10,133.9334716796875,134.7071514273486,132.55802644249232,133.76154430434258,4689681
2023-03-13,133.9334716796875,135.82469904291744,133.41767643643482,134.27732643037734,8785721
2023-03-14,131.78436279296875,134.8361232676965,131.56945026823044,133.93348804035173,7177342
2023-03-15,131.13961791992188,132.77294777013896,130.4948803815911,132.38610787058425,9832270
2023-03-16,130.83872985839844,131.87030725452254,127.22820241335499,129.97907984209198,18551936
2023-03-17,131.6553955078125,133.159783045003,130.6238181057541,131.95627826213794,16593429
2023-03-20,130.92471313476562,132.51505795285112,130.32296068691653,131.52646558261472,8749355
2023-03-21,130.27999877929688,132.17122671700642,129.76420337936614,131.65543131707568,6148489
2023-03-22,130.27999877929688,131.35456159813432,129.6782462241923,131.0106936257732,4329409
2023-03-23,131.3545379638672,131.65540762867386,129.2054127128786,129.89313541663884,4484564
2023-03-24,128.4317169189453,131.698389851828,127.9159347404181,131.26856481111238,8301726
2023-03-27,129.1624298095703,131.05365743957765,128.3027796943652,128.56067735237067,7437261
2023-03-28,126.54047393798828,129.1624089901843,126.06766382739265,129.1624089901843,8964539
2023-03-29,128.38873291015625,129.67820791179605,125.93872516015342,126.58346266097332,24012834
2023-03-31,129.8501434326172,131.52645841644178,128.99049337760778,129.033478503802,7998472
2023-04-03,132.08522033691406,135.69576091498396,131.61242331965005,132.81592810086116,20016785
2023-04-05,131.44049072265625,135.26594403568905,131.13962106787758,134.75014874575544,15880397
2023-04-06,129.4633026123047,131.9132973813588,129.29136210874825,131.698384869132,10670936
2023-04-10,135.09402465820312,135.39490747726327,128.94753093072694,129.54928345162608,17431401
2023-04-11,136.7273406982422,136.94225320700485,134.44926023502697,135.05102575333723,13305621
2023-04-12,135.52383422851562,136.72735224959632,134.62121210922967,136.6843671207685,7333339
2023-04-13,136.46946716308594,137.97385499008058,135.82472952294538,135.95367180408513,11610851
2023-04-17,137.67294311523438,137.93084074029295,135.8247008505477,136.77032110335648,9358885
2023-04-18,137.62997436523438,138.0168142533663,137.02820885345315,137.67294637274583,8008560
2023-04-19,137.62997436523438,137.9308440039066,135.86768918905733,136.08260169548822,11374283
2023-04-20,136.81329345703125,137.6299714579922,136.25452619900148,137.20014645420986,5733670
2023-04-21,137.20016479492188,137.41507732554223,136.4264718143567,136.598399215409,3512214
2023-04-24,137.75889587402344,138.18872082214833,136.94223109602947,137.2001286883477,7028440
2023-04-25,138.10276794433594,139.09137331961486,137.54400068842645,137.71592806584334,10169778
2023-04-26,138.5325927734375,138.91944576866493,137.32908801580436,137.54400051661156,9177783
2023-04-27,137.58700561523438,138.31770035373103,137.20016568106323,137.71594788755144,6456825
2023-04-28,136.64138793945312,137.37209580967223,133.11683021489455,137.37209580967223,12656744
2023-05-02,141.19752502441406,141.6703351897966,136.98524489766623,137.11418716221638,16612560
2023-05-03,138.5325927734375,140.42383327431537,138.2747082662433,140.03698027908794,8029435
2023-05-04,138.40367126464844,138.57559866762014,136.856298403463,138.23174386167673,9929482
2023-05-05,137.80189514160156,139.22031236916834,137.28609990400395,138.4466326299897,5488707
2023-05-08,141.84226989746094,142.14315268655562,137.54401929450756,137.80191695412876,9699470
2023-05-09,142.05718994140625,143.13175264898118,141.32648205336707,141.84227739989126,7600834
2023-05-10,143.51858520507812,144.12033766686903,141.84227009108204,142.05718262152308,10901429
2023-05-11,143.6045379638672,144.9799701207417,142.78787307115758,142.78787307115758,7877677
2023-05-12,142.2720947265625,145.28087014374057,141.84226966696565,144.55016229553794,16373574
2023-05-15,142.35804748535156,143.21769749886886,141.32645697535622,142.27207723711254,8559162
2023-05-16,144.42120361328125,144.85102862403505,143.34664108639672,144.6791012431772,12249266
2023-05-17,143.77647399902344,144.42121155058857,142.78788166684453,144.42121155058857,7360259
2023-05-18,143.00279235839844,144.80804960940267,142.70190959128828,143.99138467795655,7433090
2023-05-19,141.7563018798828,143.34665987500932,140.98262200600615,142.87384967776467,5969632
2023-05-22,142.35804748535156,143.04575700239081,141.06857246507562,141.06857246507562,7331865
2023-05-23,141.84226989746094,143.6045552681158,141.3694597076921,142.3580652167033,10119254
2023-05-24,142.91680908203125,143.08873645447588,141.5413638680389,141.84224660773026,6107980
2023-05-25,142.70188903808594,143.90539369874926,142.05715158761268,142.91680152157704,8077606
2023-05-26,140.7677001953125,143.9054177314043,139.52121020633984,142.74489799707217,14873707
2023-05-29,136.68434143066406,137.75890386329507,134.53521656540204,137.54399137676887,43253971
2023-05-30,136.555419921875,139.00541476998046,135.17997455235604,137.28611461669135,16117505
2023-05-31,133.1597900390625,137.02821533787963,128.99049508733543,136.68436055820573,83741017
2023-06-01,132.08522033691406,134.10540313096658,131.6983804513261,132.98785548143155,13982606
2023-06-02,132.9878692626953,133.2457669188855,131.87032149735106,133.2457669188855,9851058
2023-06-05,133.58961486816406,134.10541015410593,132.77294992977195,133.67558512156072,11850547
2023-06-06,132.08522033691406,134.01943288207224,131.6983804513261,133.67557812093145,8118800
2023-06-07,132.2571563720703,132.8159236193747,131.13960876024365,132.04224387430432,12180164
2023-06-08,134.19139099121094,134.66418807052509,132.55804786838556,132.81594553169694,13850599
2023-06-09,132.6010284423828,134.87909596938357,132.21418851931736,134.70716857215663,11764248
2023-06-12,133.2887420654297,133.46066945094046,131.18260207918064,133.11681467991892,11017643
2023-06-13,133.80450439453125,134.2773144725379,132.600999757075,133.41766455515008,10073644
2023-06-14,135.69577026367188,136.168567313509,133.976470105081,134.19138262490486,9695952
2023-06-15,135.52383422851562,135.73874675543507,134.27734419582677,135.39489195925182,7426254
2023-06-16,134.96505737304688,136.3834747036468,134.40629008940903,136.03961993174948,11466647
2023-06-19,135.6527862548828,136.21155356414485,134.53523851913937,135.73874339318962,4718221
2023-06-20,135.17996215820312,135.65277228045125,134.57820978316823,135.43785978099464,6059738
2023-06-21,137.7159423828125,138.01682516248547,134.6212099159249,134.96506470650596,8284206
2023-06-22,136.64138793945312,138.36068822964373,135.394897852509,137.71595062082224,10629027
2023-06-23,134.87908935546875,136.68435973087736,133.589614263668,136.68435973087736,8722650
2023-06-26,134.87908935546875,136.039622184977,133.97646728498339,134.96505960847637,4273205
2023-06-27,135.69577026367188,136.55542034296732,135.26594522402416,136.55542034296732,9730174
2023-06-28,136.29750061035156,137.67293264402036,134.57820073035273,135.69574827579538,40243993
2023-06-30,137.80189514160156,138.40364750732027,136.6413624156158,138.40364750732027,7840112
2023-07-03,140.0369873046875,140.33787006779997,137.54400741713934,137.80190505449022,9548822
2023-07-04,138.57557678222656,140.03697915251522,137.54399941009444,139.69312440087717,5394282
2023-07-05,139.95103454589844,141.32646679274094,138.70454456315332,139.2633118638676,8795342
2023-07-06,142.18612670898438,142.52999463241403,139.73613170099574,139.95104423418175,9845699
2023-07-07,140.55279541015625,142.70192072223816,139.9510429462173,142.27209565982176,7597171
2023-07-10,139.9080352783203,142.18610249525838,139.69312278173302,140.89662751573468,5437687
2023-07-11,141.49839782714844,141.9282228349864,140.03698230672472,140.3378650590986,6343183
2023-07-12,144.12033081054688,145.28086366660568,142.0571758633526,142.658928296516,15614026
2023-07-13,144.24928283691406,145.53875792821444,143.73348755350634,144.97997751831957,11350009
2023-07-14,145.4957733154297,145.92559834738074,144.5931381248887,145.28086079945416,9448062
2023-07-17,143.04576110839844,144.7650611847841,142.83084859885022,144.24927903219955,4968847
2023-07-18,143.4755859375,144.55014848381808,142.74489127633487,143.04576091897277,4322257
2023-07-19,143.34664916992188,144.3782266304595,142.78788187131957,143.7334890779711,5968174
2023-07-20,143.73350524902344,144.507198269387,142.7019276724259,143.56157783912727,5217131
2023-07-21,146.61334228515625,147.00018224657148,143.13175639797748,143.8624643051558,7842863
2023-07-24,147.00015258789062,148.07471510680796,146.35541507654023,147.55891985084034,8451631
2023-07-25,148.71945190429688,149.02033465503678,147.25804950902776,147.8598018932894,10480578
2023-07-26,148.67648315429688,149.83701604385573,147.85981817734267,149.45017611974265,9103949
2023-07-27,147.00015258789062,149.27821988110807,146.7422549599068,149.10629250152493,7731146
2023-07-28,147.68788146972656,150.39577388503807,145.19488845006921,146.74226116619812,9004252
2023-07-31,152.2010498046875,152.5878897185583,147.3440189658497,148.54753695227132,9277749
2023-08-01,151.90016174316406,152.15805938251037,149.83700686283112,150.69665691583964,5584773
2023-08-02,151.2554473876953,153.57650026314332,149.57913215082849,152.1580827051531,8975495
2023-08-03,147.94578552246094,151.12648822742858,147.4299902223173,150.65367805516678,6152393
2023-08-04,149.02032470703125,149.9659317856836,147.9457622650054,149.02032470703125,4605271
2023-08-07,148.67648315429688,150.00894344154824,147.94578843479874,149.83701604385573,2240015
2023-08-08,149.02032470703125,149.4071645627171,148.37558724181577,148.6334717341281,3631238
2023-08-09,152.0720977783203,152.37298056087135,148.9773652818304,149.02035041036908,4852294
2023-08-10,153.5764617919922,154.5220820052535,152.07207434548764,153.1036648025791,10430692
2023-08-11,152.3300018310547,154.47912717606735,151.90017676205215,153.7914044422193,4112277
2023-08-14,153.01771545410156,155.12385554336862,152.45894814455576,154.73701562774315,12876956
2023-08-16,153.92034912109375,154.26420390547702,151.12648636701746,151.55631140610612,8371665
2023-08-17,152.80279541015625,153.96332821712087,152.24402812811772,153.61946032898902,5199363
2023-08-18,151.1217498779297,153.1476182320069,150.1303557370565,153.1476182320069,6734650
2023-08-21,151.76829528808594,151.98381402233366,150.25966414835193,151.1217390853428,3599820
2023-08-22,151.85450744628906,153.36313871077365,151.38037671511333,151.7683078379938,5348036
2023-08-23,151.29417419433594,152.75969917677008,150.86313666101876,152.58728679428754,6379611
2023-08-24,149.22518920898438,152.32865134655168,148.9665640756319,151.29416396736258,7976333
2023-08-25,150.6044921875,151.07863604416016,149.00966141137746,149.22518015038483,4757915
2023-08-28,151.03553771972656,151.5527879826154,150.47519423011417,150.94933811205883,4354221
2023-08-29,151.46658325195312,151.81142116357026,150.82002696617,151.38038363971484,4596468
2023-08-30,151.50967407226562,152.50105501361097,150.86311785289607,151.46656769346367,5937955
2023-08-31,150.13038635253906,151.72523068678834,149.18211155328058,151.55281828276165,15823452
2023-09-01,156.68215942382812,159.26838488887068,150.34590177278469,150.34590177278469,22460960
2023-09-04,157.71661376953125,159.00972622976934,156.72523281170342,158.49248913820622,10998180
2023-09-05,157.845947265625,160.34595965446303,157.2424842059139,158.19077202469873,13506519
2023-09-06,157.80284118652344,160.9925162538819,157.1993912798699,159.39767214309197,11954407
2023-09-07,156.68215942382812,159.65631607778246,156.03560305756747,159.48390367762423,11137801
2023-09-08,159.0097198486328,159.44075731808113,156.8976388791801,157.3286763486284,9737214
2023-09-11,158.10455322265625,160.30284715194688,157.1562785942903,159.87180964244757,10845871
2023-09-12,155.94937133789062,159.39767153909747,155.3459214335237,159.35457830995946,15524470
2023-09-13,158.5355987548828,159.2252614358264,155.94937356701053,156.8114486296346,10578786
2023-09-14,161.98388671875,162.84596171598488,158.79421185982497,159.26835573914826,17746404
2023-09-15,160.9062957763672,165.25977721911696,160.00112753687233,165.25977721911696,19924829
2023-09-18,160.9925079345703,161.63906419133565,159.57008943137484,160.17353930684502,5022956
2023-09-20,162.2425079345703,163.36320803478228,160.51835798169662,160.73387672580583,12687099
2023-09-21,160.94940185546875,162.4580331240871,160.38905836024165,162.414926742711,7814108
2023-09-22,159.5701141357422,161.81150161367066,159.48390135980455,160.86322684947032,7814821
2023-09-25,159.9149169921875,160.9494043904033,159.69939823613333,160.3459545042958,5540062
2023-09-26,161.85458374023438,162.1994084838515,159.69939620707547,160.34595246702315,12446655
2023-09-27,161.4235382080078,163.1907945281785,160.60456961696875,163.1907945281785,5630907
2023-09-28,161.59597778320312,163.36323440097104,160.7770090542538,162.84598406993865,14890642
2023-09-29,165.38909912109375,165.73392387005828,162.19941099917747,162.5011425201872,10085766
2023-10-03,159.13905334472656,163.19080329237795,158.32007155548376,163.19080329237795,22118500
2023-10-04,157.54420471191406,159.13904870803202,156.98386122907286,159.0097295667622,9360058
2023-10-05,157.07005310058594,158.62179063986335,156.03556579247427,156.2510845297567,11128340
2023-10-06,156.4235076904297,158.1907640890259,155.69075182560152,158.1907640890259,5759904
2023-10-09,156.63905334472656,159.2252788148791,156.25112215504828,157.67354090194297,14622727
2023-10-10,158.1907958984375,159.05287108044536,156.94078951537082,157.1563083108728,11819690
2023-10-11,157.9752197265625,159.22522565562883,157.54418229211075,158.96660056411406,8499601
2023-10-12,159.0097198486328,159.35455771672324,157.75971381807668,157.9321261750121,8677885
2023-10-13,159.39767456054688,160.56148116220317,158.66491864643353,159.05284979557842,7435899
2023-10-16,160.8201141357422,162.24253280320409,160.56148897232487,162.02701402606004,12376549
2023-10-17,160.56149291992188,161.2511556545835,159.95804295992642,161.20804926725043,4381065
2023-10-18,161.16493225097656,162.1132200928739,160.38906994704,162.0701137083837,10181113
2023-10-19,160.60458374023438,160.90630211387597,159.52698993246872,160.34595859552635,9148124
2023-10-20,160.51837158203125,161.466659398146,159.61319014923467,161.20803425245822,7912216
2023-10-23,159.35458374023438,160.3028584353475,158.79422704591036,160.3028584353475,4723090
2023-10-25,158.92352294921875,160.21663537954853,157.759716500234,159.35456042599534,6812004
2023-10-26,155.94937133789062,158.75111525137117,155.0872962875889,158.19077173036362,8474867
2023-10-27,159.2683563232422,160.17353770450256,155.43212520232214,156.03557507175555,6422123
2023-10-30,162.75978088378906,163.10460566077174,159.1390681085828,159.48389288556547,7352638
2023-10-31,160.47525024414062,163.62183177404188,158.79420668515726,163.10458153086847,9404675
2023-11-01,160.94940185546875,162.75976463949908,159.5269833496026,160.47525796877312,9167869
2023-11-02,160.51837158203125,161.76837777293065,160.13044044061024,161.20803425245822,11471209
2023-11-03,163.79425048828125,164.35459397826344,160.1735381083318,160.90629396798383,7464912
2023-11-06,166.63909912109375,167.4149613547042,163.4063178906828,163.96666137559916,8962124
2023-11-07,166.55291748046875,170.6908808594205,165.8201614905252,166.72532988079527,13921916
2023-11-08,168.4063720703125,169.44085953504197,165.77704044655133,166.9839402963654,10186886
2023-11-09,166.12185668945312,169.5701568310265,165.69081917175646,169.39774445479208,5303833
2023-11-10,168.88050842285156,169.39775874942418,166.1218707076494,166.1218707076494,6025889
2023-11-13,168.79429626464844,170.08740883079096,167.32877132053116,168.88049587652517,11181086
2023-11-15,171.98399353027344,175.0012565746642,170.38914923083485,171.1219183747332,19769385
2023-11-16,173.96673583984375,175.34604793311127,173.27707321609975,174.57018570278706,18629240
2023-11-17,169.2684326171875,173.49259488308743,168.57876998183917,173.14777014252363,13199928
2023-11-20,170.56153869628906,171.1218821671382,169.82876970743692,170.6908446805711,6423265
2023-11-21,169.76243591308594,172.20410278658156,169.58486285005932,171.36062057623795,10720353
2023-11-22,169.5848846435547,170.33958719335055,168.47503592206544,169.76245772940135,7538825
2023-11-23,169.2741241455078,170.25079645439033,168.34186204370693,169.5848872114136,6541617
2023-11-24,167.6759490966797,170.33958600974557,167.05442297859798,169.4517070387236,5751331
2023-11-28,172.20408630371094,172.648025692763,167.27635637564185,167.6759126641527,9277764
2023-11-29,170.47274780273438,173.58032393455505,170.20638142470125,173.58032393455505,8791333
2023-11-30,173.09197998046875,173.7134924690465,170.5171367215226,171.04985590546517,14965403
2023-12-01,172.73684692382812,176.02199622447918,172.47048053773054,173.3583594594177,9935740
2023-12-04,179.39593505859375,182.8142607063287,174.06866164065752,174.46820443741134,28615290
2023-12-05,179.39593505859375,181.0828995550908,176.82107811115043,179.5291114748594,14557746
2023-12-06,179.30712890625,180.90531352675237,176.7766823427475,180.90531352675237,12662213
2023-12-07,176.59909057617188,178.37484820307338,174.06864408661056,178.37484820307338,16425880
2023-12-08,173.97987365722656,177.84215242264912,172.3373057651864,177.44260961366408,10414387
2023-12-11,175.6224365234375,178.33046968364664,172.47046394509428,174.95652739623637,10108266
2023-12-12,173.49154663085938,175.62246430374935,172.73685762942674,174.8677617543587,10719911
2023-12-13,171.49380493164062,173.49153246614412,170.51714626576862,173.49153246614412,10892122
2023-12-14,173.97987365722656,174.290636701969,171.58260325535892,173.9354770011266,15257294
2023-12-15,178.508056640625,179.30714223630386,174.7789679475288,175.13411409050676,22863981
2023-12-18,176.68789672851562,179.04077033611978,175.2229019989442,178.50805113807405,8061011
2023-12-19,177.84214782714844,180.72775427563602,176.9542689199215,179.35153925984287,16739742
2023-12-20,180.41697692871094,188.2303134021656,178.41924954590493,179.12955532493825,57762576
2023-12-21,179.92864990234375,183.56895873538406,178.64122823386344,181.0828951577924,22823936
2023-12-22,181.08290100097656,181.5712371111113,179.17396676348997,181.1272976560719,9910694
2023-12-26,184.10169982910156,185.12275516984832,180.8165369805275,181.5712394831366,17052969
2023-12-27,182.50352478027344,186.36579016649486,181.57124915326898,186.01064399809218,20361303
2023-12-28,184.9451904296875,185.47790967792702,182.32595020229257,183.34700558905334,22010872
2023-12-29,182.05958557128906,184.67882582410667,181.3492796854509,184.67882582410667,12171663
2024-01-01,182.325927734375,183.8797157258607,181.793195003826,182.90304356917295,4820168
2024-01-02,183.83531188964844,187.12046080510544,180.81651578110115,182.32592060935258,21141219
2024-01-03,184.90077209472656,186.8541028718503,181.57122637873508,182.45910523633282,11650902
2024-01-04,190.58319091796875,191.249100059608,185.83304716971585,186.8984990867474,31054419
2024-01-05,192.18138122558594,193.1136567609196,189.1625984471266,191.29350234392652,20743811
2024-01-08,193.51319885253906,196.04365907535586,192.75850993461506,193.5575955060538,19310595
2024-01-09,192.3589630126953,196.62078454745645,191.7374504769495,196.22124174218823,11951525
2024-01-10,188.319091796875,190.89393480058467,186.1881746284677,190.89393480058467,16500666
2024-01-11,188.09715270996094,190.00608694938174,187.2092737989825,190.00608694938174,12586419
2024-01-12,198.35215759277344,199.55079962818823,188.54110575754035,189.828527561679,39228118
2024-01-15,207.31971740722656,209.05107850467635,199.4619839407037,202.88032303019816,57884916
2024-01-16,208.7403106689453,212.15863590985137,205.1887954796682,208.60712072057424,34505065
2024-01-17,206.0323028564453,210.649270458268,204.83366091410696,206.1654792731687,26010955
2024-01-18,207.3641357421875,208.2076180524245,199.46200479607128,204.25655935334532,19232183
2024-01-19,214.9110870361328,215.35502647907134,208.65153818110824,209.5394170669853,26391844
2024-01-23,204.12335205078125,218.10744461342557,202.43638757351795,217.53032875224517,20282617
2024-01-24,208.07443237304688,208.65154825755508,202.52518906832466,205.10003254253286,14458601
2024-01-25,207.8080596923828,210.87123919424468,206.6982110650447,208.6515419395684,18291957
2024-01-29,224.18942260742188,226.36472320629855,212.2918507476365,213.97881524114325,54127939
2024-01-30,221.25942993164062,233.77851490174803,220.7710938032984,227.74094892646886,51491099
2024-01-31,223.9674530029297,225.83200411609124,218.68457624624781,222.36926826992791,33293192
2024-02-01,219.88319396972656,226.09834598152693,217.92986318989483,226.09834598152693,29758133
2024-02-02,228.4068603515625,230.8485274690233,221.08185899918,221.96973795098395,30482663
2024-02-05,233.46778869628906,237.99594981885414,226.49793328210797,230.89291797681807,34001868
2024-02-06,241.7694091796875,242.74608137088578,231.02609636424606,235.5986671958639,36708949
2024-02-07,241.41427612304688,244.74382211710116,237.55199735076096,244.166706230648,23756939
2024-02-08,242.52410888671875,244.74380607055457,238.9282102872699,242.43531558018276,25252940
2024-02-09,237.55198669433594,244.74381113805566,230.09380942140615,244.16669527749153,26743792
2024-02-12,228.9839630126953,236.70852028517226,228.00729080299274,232.5798888171575,30906374
2024-02-13,230.4045867919922,232.97943031961756,226.14276513595922,229.07276837122924,20711842
2024-02-14,238.7062225341797,239.41651474097807,227.29697445207128,229.07273206497808,36168962
2024-02-15,246.20883178710938,248.47293945719056,238.83944704743243,241.19232093931123,32831246
2024-02-16,247.4700469970703,250.4429195777976,243.55124041884838,247.87542371672208,27044984
2024-02-19,247.42498779296875,251.38882708049883,245.3980217092047,247.47004797921127,15322964
2024-02-20,249.18170166015625,253.280666503854,246.88445694625403,247.56011230460993,18968785
2024-02-21,245.89349365234375,253.23560899517722,244.6773086279824,248.64114751008105,16340579
2024-02-22,247.4700469970703,248.64117195493574,241.8846183692038,246.70429875885662,16791453
2024-02-23,245.21786499023438,248.64117451188133,244.2268982889722,247.65020781061915,9464646
2024-02-26,243.10081481933594,244.94759522166518,241.2540069245185,244.94759522166518,8661999
2024-02-27,242.65037536621094,243.4161236320653,238.68653595133208,241.47922287358423,19582774
2024-02-28,239.40725708007812,243.50622263892097,238.37125751501264,243.23597144542276,9118196
2024-02-29,238.3712158203125,239.94774498910758,235.578501508521,238.73155984611114,17179832
2024-03-01,243.7313690185547,245.8934878968044,240.08284152335455,240.08284152335455,12930057
2024-03-04,251.52398681640625,252.74014450492393,245.48812109881638,245.71333955854007,22280353
2024-03-05,255.62294006347656,256.7039996175678,249.22673060215746,252.24466332254954,18544484
2024-03-06,252.4698944091797,256.1184224750112,246.43402866627372,256.1184224750112,16807149
2024-03-07,250.5330047607422,256.16346590921046,249.7672565460533,252.46987789731807,11386963
2024-03-11,246.83941650390625,252.69509609250258,246.1187284746119,250.53300451213346,10684598
2024-03-12,243.5962677001953,248.28082241254933,242.38008258328742,246.8394188477876,13780189
2024-03-13,230.03814697265625,244.13681746425286,227.695869424686,243.95663169422107,20079496
2024-03-14,237.15504455566406,238.146011303967,226.29951175173048,227.47065052347645,21404057
2024-03-15,233.10108947753906,239.99276836359522,224.22747728781962,237.78564410847812,34961065
2024-03-18,235.66860961914062,236.97486023364334,232.02005395434847,233.2812993648872,9246173
2024-03-19,233.55154418945312,237.78566225564958,231.20926669522717,236.02894726185812,8758348
2024-03-20,237.695556640625,238.37121198781696,231.70475139402035,233.7317174355962,10484778
2024-03-21,236.88479614257812,240.48829163823257,236.3442663197322,238.46132542192694,12163200
2024-03-22,237.15504455566406,238.95679228258268,232.83086100805477,236.88479339362166,13025089
2024-03-26,239.1820068359375,241.3440985743749,233.59657797686012,235.7136370198566,10830926
2024-03-27,235.8037109375,241.61435779140695,233.91187050884525,238.73155071036294,28563001
2024-03-28,241.47921752929688,244.13680630712582,235.98390919681634,236.43434610882213,18888942
2024-04-01,243.14584350585938,244.58724714591665,241.2540029465647,241.4792214061834,6440401
2024-04-02,245.4881134033203,246.88445681283983,242.74045927781918,243.32602175624714,14439120
2024-04-03,248.05560302734375,251.34378685508688,246.70429234532713,247.7853243954487,22600929
2024-04-04,242.33506774902344,251.02849497832528,239.0468836665399,251.02849497832528,24624383
2024-04-05,241.38914489746094,244.94757990003527,240.0828668948471,241.29905201926576,13029904
2024-04-08,243.5962677001953,245.03767126495703,240.17295828981176,241.0287718961645,13011300
2024-04-09,242.29000854492188,245.6232249586232,241.43416747664858,243.23591499513103,13173933
2024-04-10,245.03768920898438,246.11874883484285,242.47019321693668,243.19090879833846,11137195
2024-04-12,239.36219787597656,245.48812918525533,238.73157517098227,244.94759936561576,21894584
2024-04-15,252.10951232910156,254.90222631848584,240.6233725681932,242.425119981669,75063828
2024-04-16,255.08241271972656,263.55062099926664,247.96551514944775,249.5420443102526,79082544
2024-04-18,246.97454833984375,259.18140490285185,246.25386029226186,257.64990843613185,34136482
2024-04-19,247.96548461914062,252.96532263081662,246.92948536809322,249.31679516202425,32658724
2024-04-22,249.36190795898438,250.4429677375823,246.61425330274517,249.81234495131815,14184019
2024-04-23,249.36190795898438,251.118623226083,248.2358154781499,249.40696815371305,8799147
2024-04-24,251.6591033935547,252.60500989357024,248.91142178769957,250.08257423187098,9253985
2024-04-25,254.0013885498047,254.58695104353743,250.44292590771795,251.65911108238606,17050557
2024-04-26,254.8572235107422,257.7850637167515,254.2266282695572,254.9473164001943,11070290
2024-04-29,255.12745666503906,256.97423685314214,254.18152273327883,255.80311197665995,8952420
2024-04-30,254.81214904785156,257.9652072144513,253.55093127970875,256.2985852564658,10658906
2024-05-02,254.7671356201172,256.388725184603,251.38885839305152,253.14557354812186,15677336
2024-05-03,257.739990234375,263.91098103675455,255.8481498251986,255.8481498251986,28913016
2024-05-06,254.18157958984375,260.12735316058394,247.96555483099817,260.0823204600634,15491865
2024-05-07,246.47911071777344,256.7490679367452,245.03770694313926,255.75810112340355,13179001
2024-05-08,249.4069366455078,252.46990230792693,245.35300422664724,246.3890036796361,12797721
2024-05-09,238.956787109375,250.93839823699693,237.11000672626002,249.7672732368491,14869187
2024-05-10,243.4611358642578,244.3169769410709,238.23607900551588,240.53329611750908,9530738
2024-05-13,240.44322204589844,244.9475912393116,236.0739784297901,244.9475912393116,7163239
2024-05-14,245.8484344482422,247.4249634695203,240.03781540816493,241.38912599783188,9123849
2024-05-15,246.34397888183594,248.64119632918582,245.48813768008384,247.2898854795707,6368662
2024-05-16,250.12759399414062,251.65909038331012,246.65922451924644,248.6411577884675,23757779
2024-05-17,249.94744873046875,255.30763138622618,249.18170049607863,251.16360637583847,11529157
2024-05-21,252.33474731445312,255.8481495027901,250.75821822420707,253.23562108030802,17559555
2024-05-22,250.44293212890625,255.84817526837907,249.4519653881719,255.84817526837907,17935064
2024-05-23,255.35264587402344,256.343584890321,251.43384001668042,252.19958811403188,17719819
2024-05-24,255.17251586914062,257.60488624070484,253.91129798823204,255.84817125096535,11041667
2024-05-27,250.12759399414062,256.02833361830744,248.3709066574307,255.84814786929266,13719808
2024-05-28,247.1096954345703,251.61406485548838,245.98360307934078,251.61406485548838,6927361
2024-05-29,244.9025421142578,246.65922948634298,243.46113857056946,246.65922948634298,8327205
2024-05-30,240.2630615234375,247.83039619900117,238.73156501502535,245.9385556569884,15390964
2024-05-31,238.14599609375,241.83958419652402,236.92981095725912,241.83958419652402,24167379
2024-06-03,255.9382781982422,258.14540273799804,246.11875827460977,250.39790926131792,30195397
2024-06-04,212.87648010253906,256.74903108627916,200.89485590259739,256.74903108627916,72779900
2024-06-05,222.96627807617188,224.99324424050073,207.60637617056457,222.51584115076548,37078551
2024-06-06,227.2904510498047,233.77673933410355,224.54278334884512,228.82193368347708,30881233
2024-06-07,234.58753967285156,234.9478837061073,226.8400329879035,228.37151574860596,22010688
2024-06-10,233.46144104003906,237.8306844922771,232.47047435615724,237.8306844922771,14138524
2024-06-11,246.43402099609375,247.74029902430763,238.95677933162764,240.3981829335392,47270206
2024-06-12,248.1907501220703,251.43390153867855,247.3799691410404,250.44293478742483,20560662
2024-06-13,249.13665771484375,250.44293582314702,245.48812953887614,250.44293582314702,16013386
2024-06-14,248.10064697265625,250.62311018898833,247.3799589065542,249.5420505973478,10642648
2024-06-18,248.46099853515625,251.34380587190097,246.83943659104253,251.29877317608768,17044769
2024-06-19,244.63226318359375,249.18169225360919,244.22688647937522,248.55106961262143,13361607
2024-06-20,244.9025421142578,246.83941523898625,242.42513922408548,244.85748192985403,12826509
2024-06-21,242.92062377929688,247.5150858300538,242.2449684039646,244.54221317558688,17406416
2024-06-24,243.14584350585938,244.36202868629795,240.17297083588753,242.92062504624067,7282347
2024-06-25,240.5333251953125,243.95663493143374,238.73157744104049,243.3260397129319,14425434
2024-06-26,241.20895385742188,242.47017164706807,237.92077006897378,240.4432056482662,10650910
2024-06-27,240.9837646484375,241.52429447885706,237.38026910229263,240.89367176128601,22830930
2024-06-28,247.0196075439453,248.14569979662105,241.74949030292552,242.33505277581958,19532912
2024-07-01,245.89349365234375,248.46096176851484,244.6773086279824,247.74027378721843,11750972
2024-07-02,247.6051788330078,252.0644878168888,244.5872459898837,246.11874250504746,24470518
2024-07-03,247.4700469970703,250.1726684313631,246.8394243320739,248.64117195493574,9125400
2024-07-04,249.58709716796875,251.25371934253653,245.9836016521418,247.74031671310303,13444669
2024-07-05,259.6318359375,260.62277510740614,249.09160165180356,249.76725699082291,39781962
2024-07-08,269.49639892578125,272.9647686463528,258.86609880057495,261.2534089354532,53136198
2024-07-09,267.9649658203125,271.9288056780846,264.2713771489261,270.98287154075274,18686252
2024-07-10,268.59552001953125,270.0819563023679,260.2174046126431,269.99189091567047,19278800
2024-07-11,274.5412902832031,276.74844208805285,265.89289631311027,270.26213973736157,36020507
2024-07-12,276.6583557128906,280.8474134787922,274.04582713251557,276.3880770713081,31788101
2024-07-15,290.5318603515625,291.5678599364882,278.0547501526946,280.89249770879286,51435537
2024-07-16,290.66693115234375,295.12626753728733,288.0544025851742,291.5227722742984,37468292
2024-07-18,298.81988525390625,300.2612615077621,289.7660860141195,292.87411198303687,48189915
2024-07-19,287.96429443359375,300.17115048509896,286.52289090634224,299.99096473451044,26579496
2024-07-22,289.0002746582031,291.29751911011715,283.3247812922673,288.27958668847543,22234557
2024-07-23,283.009521484375,289.540857058546,267.91988412335917,288.324671832444,37871058
2024-07-24,287.8742370605469,293.4596661077905,281.1627431569519,282.01855684657716,28259305
2024-07-25,302.513427734375,304.089956971361,284.7662293906541,286.52291690208847,42054664
2024-07-26,298.729736328125,304.945759607446,297.37842572425154,303.14401213561473,25703985
2024-07-29,299.9009094238281,305.89171523273035,297.9640360785801,300.71169041806115,26721790
2024-07-30,299.0000305175781,304.72058506308423,298.1892495369723,299.0901234026429,19792253
2024-07-31,301.0720520019531,303.99989201771047,297.06315236799776,299.13515122830773,21393361
2024-08-01,307.8736572265625,310.5312462449728,303.72963176246924,304.31519430258805,36044960
2024-08-02,297.37847900390625,304.49537729423815,296.0722008557961,304.49537729423815,22939377
2024-08-05,279.4961242675781,291.2525175306691,275.6674102365154,288.5949560516603,37986023
2024-08-06,275.75750732421875,290.4868011430386,274.90166611900844,283.5950937881623,28386636
2024-08-07,296.4775695800781,298.1441915889094,281.0726222833583,281.432966300609,66110716
2024-08-08,290.7120056152344,296.38749993616557,289.81113175524604,296.38749993616557,23478224
2024-08-09,299.5855712890625,302.55847132550764,295.6667922517953,300.84681660345615,29814474
2024-08-12,307.4682312011719,310.53122425720073,297.19827490342243,299.76577085098177,34754596
2024-08-13,302.603515625,310.8014730205616,299.94595430770806,309.99069206770116,28943385
2024-08-14,295.62176513671875,303.1440677091282,294.40557987178005,302.55850517193244,17812763
2024-08-16,296.9280700683594,302.4684395610765,296.0722287881666,299.5856318206829,16584396
2024-08-19,302.06298828125,305.1710140337177,300.48645905745957,301.79273712559535,19636518
2024-08-20,297.37847900390625,302.6936294995977,295.531671018906,302.5585039134976,14972714
2024-08-21,295.21636962890625,298.6396792385674,294.1353100192828,297.8739309727914,11835143
2024-08-22,292.19842529296875,297.73879371688855,291.5227699365764,295.98207879327373,13387819
2024-08-23,289.52020263671875,294.8766387018133,288.29457062627245,294.5134956595428,13229612
2024-08-26,297.6456604003906,298.7804997128017,293.06089295462704,293.69641405199246,21346682
2024-08-27,298.55352783203125,301.9126355279345,295.9660886933512,299.05284604035654,20165503
2024-08-28,297.6002502441406,299.86992886926686,294.74046071768913,298.3719465178911,12446738
2024-08-29,299.2344665527344,299.7337848197002,295.012869412803,296.0569161475756,13799961
2024-08-30,300.2784729003906,303.59219805029863,299.1890161113077,300.0061225561384,19666466
2024-09-02,296.14764404296875,301.36790428062415,295.7844733398693,299.59754407413584,8975511
2024-09-03,292.5162048339844,297.78184838769255,292.0168588914181,296.8739768987057,10321111
2024-09-04,285.43475341796875,287.06893850891356,279.987525193557,285.97948178161704,25397204
2024-09-05,282.7111511230469,287.7498540648661,281.5763118621917,287.7498540648661,15571640
2024-09-06,280.3506774902344,284.29992362500064,275.72055551089085,282.801941354858,27946491
2024-09-09,271.36279296875,280.2599505271268,267.504338991944,280.2599505271268,30369085
2024-09-10,268.3667907714844,273.7232264781074,267.8220623915147,272.45221206220236,15618589
2024-09-11,259.0157165527344,265.4616094623597,257.1545911414516,265.4616094623597,44826300
2024-09-12,266.9595642089844,267.595085247882,260.10514647504056,261.4669535246481,21964895
2024-09-13,264.5991516113281,269.8647950668015,264.23598085767736,268.45760536753977,13672371
2024-09-16,265.5523986816406,268.1852203410374,264.5083520570913,267.64049193073924,10971110
2024-09-17,267.5043029785156,269.27466329430354,265.2346244741908,266.64184177049407,11873436
2024-09-18,263.6458740234375,270.3641174794004,261.3761953081771,270.182559805803,13421760
2024-09-19,258.9703369140625,262.55644030431506,256.4736903706316,260.92225503408264,17067311
2024-09-20,259.8782043457031,262.4202333407306,258.9249503990774,260.5591079378753,16585530
2024-09-23,268.23065185546875,269.0931131764526,261.05844467758163,261.8301410113336,14621229
2024-09-24,271.86212158203125,274.1771827379663,267.5497321184374,269.0023042992383,16986759
2024-09-25,271.1812438964844,273.4509227784233,269.3655007909332,271.8621475610661,10609614
2024-09-26,268.003662109375,271.18121217236404,264.6445266746572,269.68320212069614,27812412
2024-09-27,269.81939697265625,270.95423624709366,263.0103613260317,265.73397558468156,35706130
2024-09-30,270.18255615234375,273.9955997187971,266.6872454368992,269.63782772683936,16294341
2024-10-01,265.0530700683594,271.5897276173655,263.9182308022781,269.63780962091306,10919818
2024-10-03,265.14385986328125,270.54570635787604,263.7820526165134,267.8220918643404,28124665
2024-10-04,268.0490417480469,272.08908072471695,266.1879163847938,269.63781676264153,23104209
2024-10-07,262.7834167480469,269.0023143579936,255.5658272408884,268.7299639904191,20917962
2024-10-08,266.4148864746094,266.82341200101735,254.70332267556788,261.60315119507044,10572360
2024-10-09,261.9208984375,265.00765565084214,260.4229161713524,264.41754478309144,13147475
2024-10-10,262.1478576660156,265.2346147778456,261.05840094135306,262.1024751800028,7237212
2024-10-11,265.5978088378906,266.59647307645764,262.8288117139937,264.4629694090737,7011704
2024-10-14,260.1051330566406,265.91550396067817,258.8795012340151,265.73394632038463,12690951
2024-10-15,257.5631103515625,260.01434634699956,254.975671490239,260.01434634699956,15087155
2024-10-16,259.10650634765625,260.78607407174536,254.79411695917656,256.92762040836885,18188885
2024-10-17,255.65660095214844,261.10382954755204,255.0664900621872,258.74335828166966,13343303
2024-10-18,257.199951171875,258.2894079115613,253.47770067435775,256.01972945891134,14028398
2024-10-21,251.1172332763672,257.8354760549003,249.2560802938985,255.24803703919846,10299773
2024-10-22,245.85157775878906,252.52443846241485,245.1252916806689,252.38826328602207,10028511
2024-10-23,245.89697265625,249.11990502319273,240.6313019463545,245.12527642998538,18823321
2024-10-24,244.30821228027344,247.34958717330514,243.62730869404416,246.8502412531143,7488521
2024-10-25,239.7234344482422,245.39763075411838,237.49916611996073,245.125280413851,12961181
2024-10-28,239.08795166015625,240.6313164999936,231.7795837243444,236.63668766518683,13835091
2024-10-29,240.5859375,241.08525572182998,235.5018517701131,239.0879551284718,9122757
2024-10-30,237.5445556640625,241.67538732106536,236.99982726131034,240.58593051556105,11166643
2024-10-31,241.62998962402344,243.58190777098116,237.09063220968505,239.13334304613733,16173656
2024-11-01,246.7140655517578,248.75677630609619,243.89965852679515,244.9437051489161,2955757
2024-11-04,240.85824584960938,249.07449777377525,236.18271417558833,248.75673727619386,14355959
2024-11-05,242.7648162841797,243.8542730890721,239.31491591208282,240.7675157499269,11676017
2024-11-06,244.26280212402344,245.67001949274922,240.0412054299218,243.03719783344138,19244545
2024-11-07,240.7675018310547,245.5792090780815,240.40433111306064,245.5792090780815,6766663
2024-11-08,238.3616180419922,241.94772104991165,235.72879659991693,241.44840287687578,7836093
2024-11-11,233.23216247558594,238.18007280164235,232.41508373802685,238.18007280164235,8450657
2024-11-12,232.55126953125,238.95177996420668,231.87036593451236,236.81827648655445,22445400
2024-11-13,229.28292846679688,233.27757100178454,226.05998217522117,232.5512572466758,17483332
2024-11-14,227.69415283203125,230.87170277307987,226.05998152031685,229.28292780255555,12454540
2024-11-18,227.55796813964844,228.87439279412496,224.33503564908494,227.96652136511696,14636541
2024-11-19,230.67393493652344,237.55694183413758,229.8368174626488,232.53420860536636,17397559
2024-11-21,225.23263549804688,230.67394181886283,223.97695924977086,230.67394181886283,16189440
2024-11-22,228.4416046142578,229.6972807833126,226.48831164982423,227.69749233291353,9637581
2024-11-25,239.8822784423828,242.30063983375905,230.62741998977998,231.13899807558207,31973671
2024-11-26,236.48728942871094,240.207836755023,234.90605965358063,238.99867022818094,9242451
2024-11-27,236.53379821777344,237.64995957290992,233.0457851124959,237.18489115887292,11689970
2024-11-28,234.58050537109375,239.41721404201866,233.65036854234813,237.18489133013384,14202863
2024-11-29,238.76614379882812,240.57989364817968,234.627023409252,236.06873838371857,11476347
2024-12-02,239.55673217773438,240.2543348088699,235.04557701204834,237.64996300684004,13677959
2024-12-03,244.02139282226562,246.20721995845574,240.7659140534146,242.20761472541116,15345326
2024-12-04,242.4866943359375,245.8351643729501,241.83558717011576,245.41661981108587,10713838
2024-12-05,243.0447540283203,244.85853228837,238.9521574563509,242.48669461186634,12896743
2024-12-06,241.882080078125,244.62599518055774,241.4170116462228,242.5796827259783,8783386
2024-12-09,240.8124237060547,243.09127033252665,239.69627652238333,241.88207540164453,6800856
2024-12-10,238.9521484375,240.67290726801858,236.71982569936515,239.64975106726237,11318782
2024-12-11,238.67312622070312,240.62641932236593,237.78948484109804,239.5102437255516,5353032
2024-12-12,236.30126953125,240.53339503641044,235.8827107873906,239.97530724942328,7123877
2024-12-13,236.48728942871094,238.8591269950255,232.06913947871536,235.3246183892384,11143128
2024-12-16,234.20846557617188,238.394067278244,233.65037777975573,236.25476384176065,7283872
2024-12-17,230.11585998535156,234.81305409955246,229.27874246481628,234.16196111771805,10066884
2024-12-18,227.09291076660156,230.20887495317368,226.39530811522832,230.115855589219,8430930
2024-12-19,224.95358276367188,226.90686145860792,221.88412859418867,223.2328240677123,9518542
2024-12-20,220.53546142578125,227.09291512019274,218.861212191836,224.62805804852513,15556528
2024-12-23,224.02346801757812,225.3721636236746,220.30292058406394,221.60510650868906,7722901
2024-12-24,222.25619506835938,226.25578631871218,221.93065569003272,224.16297842881661,3577400
2024-12-26,223.46536254882812,225.09310192223268,222.30269156782484,223.23282835262745,6330006
2024-12-27,220.3494110107422,224.162977719591,219.79133742419282,223.23284088258023,6487888
2024-12-30,216.3963165283203,220.44241720475245,215.00111135613835,219.5587901009227,19401112
2024-12-31,222.5352325439453,223.1398157953823,216.1172942103781,216.3963239001112,12004845
2025-01-01,220.39593505859375,222.5259565021495,219.83786143566397,221.19585335827955,9418453
2025-01-02,228.87876892089844,229.53915810017998,220.44242134223762,220.4889310207355,19745810
2025-01-03,240.80313110351562,244.3934455462421,230.66463141201095,231.09248639442148,49760410
2025-01-06,236.58961486816406,241.37051781320847,233.88291316966053,241.0077508087842,19265884
2025-01-07,245.08172607421875,248.71856421601646,240.02177982350202,241.04493593771335,52956766
2025-01-08,252.37400817871094,254.39241754612925,247.1838572683139,247.83496438955146,42237794
2025-01-09,244.7934112548828,253.54600248702272,243.4261089394364,253.025128117855,14706472
2025-01-10,244.6445770263672,247.88146338998536,240.41246583489377,245.55612133191795,13053552
2025-01-13,237.86387634277344,249.83474643133005,236.8221276839926,247.44428807845344,20416370
2025-01-14,242.17971801757812,243.69584556794788,238.8777436780231,239.52882241731075,8470150
2025-01-15,240.14271545410156,245.99328395304758,239.68695749931467,242.6726887196845,9344731
2025-01-16,244.7934112548828,247.07225790913486,241.83558286163932,241.83558286163932,14195450
2025-01-17,247.9465789794922,248.34653099966272,243.0447397701798,243.69584689854545,12148143
2025-01-20,250.54164123535156,251.57410787024835,246.4955687602137,249.36968813951168,9676264
2025-01-21,247.23036193847656,250.53236476809423,246.3095355456976,249.3231698388097,8989218
2025-01-22,245.60260009765625,247.77914509508332,243.42608348575038,247.4163781336717,7919682
2025-01-23,244.6724853515625,245.39799095414006,242.9238519294574,244.62598986359262,5026675
2025-01-24,238.58941650390625,247.0815706294252,237.88250340260694,244.61668522690235,6306281
2025-01-27,233.2597198486328,238.52429786519056,232.07844206634238,237.18489852035134,6944911
2025-01-28,231.30642700195312,234.76653724864104,229.47407044929537,232.53421446686397,8029472
2025-01-29,233.83641052246094,234.39449833846714,229.74381384762455,231.51106827703964,5651586
2025-01-30,238.7847137451172,241.27747348679105,233.40852432707885,234.3944670366293,12588155
2025-01-31,244.26321411132812,245.0817390460205,237.38022158543913,239.0544706824183,8850307
2025-02-01,239.55673217773438,244.16092089743842,236.02222353419046,241.41700586076246,10921673
2025-02-03,231.6040802001953,238.44059185911323,227.74401787396363,237.7429892079078,25719512
2025-02-04,236.34779357910156,239.51025338356584,234.39450039867413,234.76654948410658,8402532
2025-02-05,243.3702850341797,244.62597537576045,239.74275723613025,240.90542822175647,11590755
2025-02-06,238.25454711914062,244.57949469511416,236.53380247191254,244.30043661035901,12327998
2025-02-07,236.12008666992188,240.81593777479367,234.79197623086444,239.96214008512692,10098454
2025-02-10,230.00125122070312,236.78413871359692,229.38463166467506,236.1675046822518,7582536
2025-02-11,226.6809539794922,230.00124420364347,224.6413529176402,230.00124420364347,6711630
2025-02-12,225.21054077148438,228.8628658718984,222.1274140809821,226.72839354770454,5985956
2025-02-13,222.88633728027344,227.1552818675857,222.1748465157214,226.25406312754978,10079210
2025-02-14,218.6648406982422,225.73231313160343,215.10738667386732,222.93378552749203,8065352
2025-02-17,221.65309143066406,222.2697254665649,213.49467239876125,218.38023669503318,6692422
2025-02-18,224.45162963867188,224.9733779617011,217.76361343789318,220.2775417272197,6170974
2025-02-19,226.06434631347656,226.5386735132634,222.45945670003303,223.88243829939358,6168581
2025-02-20,229.4794921875,230.190982983214,224.35676424848603,224.64136346183508,8929816
2025-02-21,227.58218383789062,230.57045387084366,225.87461750513728,229.4794926301209,5697387
2025-02-24,222.31716918945312,225.73231641737354,221.985134352218,224.1670424139914,6883143
2025-02-25,221.03646850585938,224.54648678449416,220.60957693385134,222.93377724839894,5519036
2025-02-27,219.13917541503906,221.84284635639077,216.7675393174737,221.51081151260442,9664032
2025-02-28,213.6844024658203,218.6648380393855,211.69222244626732,218.1905108419031,17237276
2025-03-03,213.57057189941406,214.39589660379607,207.14817749230878,213.21007859160696,11928529
2025-03-04,215.1168670654297,216.05604013486897,204.4160465649641,208.79883974702997,12428265
2025-03-05,217.18492126464844,219.37631041697938,215.11684733009375,215.45836346262038,7466729
2025-03-06,220.65701293945312,221.5772088392448,215.06943926176103,219.60400600646042,10439208
2025-03-07,220.93212890625,224.32831349165966,219.30044213392318,220.6570254915832,9079049
2025-03-10,211.7301788330078,222.93378503286394,211.05662783674757,220.93212366057745,16489167
2025-03-11,215.0789337158203,215.5912007393287,208.79884601582694,209.55775798023672,10941588
2025-03-12,212.87803649902344,217.09006425074185,210.94278793826157,215.43941489826418,6994310
2025-03-13,213.8551483154297,218.56996170634332,213.32390418270427,216.4354893675106,16105085
2025-03-17,217.94386291503906,218.6173994200297,214.62357257829433,214.88919464720854,8788971
2025-03-18,217.94386291503906,217.94386291503906,217.94386291503906,217.94386291503906,0
2025-03-19,220.62855529785156,223.0665895183701,219.7083593945916,220.56214254334225,8626593
2025-03-20,223.4934844970703,224.86903046892888,220.09730004032127,221.49182315308832,18955995
2025-03-21,229.97279357910156,235.2662867684293,223.6927062014974,223.6927062014974,29285333
2025-03-24,231.31040954589844,233.74844388424924,230.28586103269015,231.65192571696787,10566066
2025-03-25,229.81153869628906,232.77133592479584,228.198829039098,231.4811653039794,8915800
2025-03-26,227.41143798828125,231.94600494325695,227.07940315222316,230.8550581538963,7543985
2025-03-27,229.7356414794922,230.9024823748127,226.39637383420686,226.60507896674457,9935664
2025-03-28,233.72947692871094,241.81200203683025,230.76966534198738,230.94043066204713,32905564
2025-04-01,235.33270263671875,239.25063544353637,234.03303627278973,234.31763548625756,11258957
2025-04-02,237.770751953125,238.58659536320076,235.26630477166518,237.21104929891393,15337906
2025-04-03,230.8170928955078,236.80309966574592,230.05816650297515,235.26628421547207,11141370
2025-04-04,214.40536499023438,228.82492272800505,212.6883029283175,228.2082887137107,38336194
2025-04-07,208.55218505859375,209.4628996746011,194.4741568831757,197.3201201546368,27024128
2025-04-08,215.0220184326172,215.57223974380145,207.92607281278,211.5499397147914,11309092
2025-04-09,210.5443572998047,212.5554999713238,208.95061039995926,210.60127424706394,16889575
2025-04-11,218.54150390625,219.51861675523296,213.68439813458204,216.5777968756409,13886447
2025-04-15,220.7423858642578,221.98512076273354,218.28537454014804,221.98512076273354,12102239
2025-04-16,228.8344268798828,229.57437619057077,219.8222096327323,220.74240560441416,18748952
2025-04-17,230.9878692626953,232.0503575778924,226.9750506555794,228.62571455267573,12891813
2025-04-21,236.95489501953125,237.68536296106885,229.33720134087724,231.48115507507998,11698653
2025-04-22,235.05758666992188,237.73279903285675,234.5642823275823,236.1864877248348,9896443
2025-04-23,239.22216796875,239.77238923400057,232.34442386609322,235.96829046557616,16555874
2025-04-24,236.56594848632812,238.4632573295605,235.26629656081562,237.16360540404798,6538518
2025-04-25,233.6820526123047,237.80869078826512,231.85114199501922,236.2149582590077,15616265
2025-04-28,237.7327880859375,239.01346278502257,231.8321568166594,233.36897224568816,7669983
2025-04-29,233.06539916992188,239.1557729765744,232.51519237242871,238.33992963762384,8030552
2025-04-30,231.8985595703125,234.73504136875113,229.7830643626208,232.8946495612591,9822483
2025-05-02,230.2763671875,233.62511595852072,226.7283946294646,228.62570337113374,10203190
2025-05-05,226.91812133789062,228.7679944555959,222.45944871499879,227.6770477253719,20086323
2025-05-06,224.8311004638672,230.5135457246802,223.88244603153018,228.74904790152067,11350559
2025-05-07,226.41534423828125,227.76243175119058,220.15423387442024,220.3724203336468,16689539
2025-05-08,221.24517822265625,227.05093846335956,219.51862028291822,225.45720603466344,15026122
2025-05-09,222.89584350585938,223.21838252678867,216.72009411669865,217.33672815998773,11184507
2025-05-12,231.4906463623047,232.040867640935,225.88409549027978,226.72839731129662,11374237
2025-05-13,228.77748107910156,232.69541360820676,227.95214197101515,231.61394825393972,9336026
2025-05-14,233.37844848632812,234.2227502681574,228.7774836320985,228.7774836320985,8234859
2025-05-15,234.8963165283203,236.13905147608597,229.85896398111507,232.3728923506168,16812750
2025-05-16,234.5737762451172,236.5849189299045,233.5587090945729,234.37455245307822,8030229
2025-05-19,233.91920471191406,236.64183821971795,232.33495359402457,235.2662922287665,8043270
2025-05-20,236.4615936279297,239.72496712269475,234.11841607123446,234.11841607123446,13183059
2025-05-21,235.91136169433594,239.0134655361529,235.03860141130363,238.58657396487754,7158307
2025-05-22,229.26129150390625,237.61893388290557,227.30706588899173,235.91135318408632,18502235
2025-05-23,231.69935607910156,232.11675185621687,227.81934857831044,230.04869221047707,8725218
2025-05-26,233.3120574951172,234.44095850866765,232.24007342757486,232.7049192788359,7159571
2025-05-27,231.9839324951172,234.17533624175735,230.44711705295632,234.17533624175735,9712093
2025-05-28,230.2099609375,232.74286644215235,228.91030904483904,232.07881125887002,7385958
2025-05-29,230.5609588623047,232.04087188464342,228.95774508657644,231.0922174852382,12938112
2025-05-30,227.10784912109375,232.60056599893355,226.62404060620648,230.5609504296201,10108840
2025-06-02,226.07382202148438,227.76242565268655,225.45720246723036,226.72839585695476,6278145
2025-06-03,225.0872344970703,228.67314698627487,224.45163778340893,228.15138416899538,9515918
2025-06-04,225.82717895507812,226.25407053271795,223.408107381363,225.77974334082546,6733580
2025-06-05,225.5615692138672,227.31657123459996,224.09115194357037,225.82719129781938,8941808
2025-06-06,227.7339630126953,228.12291477380285,225.31489150316764,225.58051356555407,5985346
2025-06-09,230.33328247070312,231.58549870399904,228.15137453847348,229.36565096634936,7719525
2025-06-10,232.11676025390625,232.42033662131934,230.13407595843742,231.70884579492756,7659657
2025-06-11,234.6212158203125,237.5430586672112,231.0447846386127,231.94600343378272,20842417
2025-06-12,235.15245056152344,242.09659304324748,234.08046648815912,238.58657475895447,35613271
2025-06-13,238.5960693359375,242.8080973010238,236.32878583810452,242.42864132096753,39320377
2025-06-16,243.60496520996094,244.27850171044133,239.24114929219132,240.94873006328888,41444122
2025-06-17,239.35498046875,243.88954717450866,238.6340083626097,243.74725480991415,18781097
2025-06-18,237.50511169433594,242.75116926960558,236.94540908294297,240.98667153979204,12691905
2025-06-19,238.64349365234375,240.00955827637068,235.45601435472,237.63792232502314,10790997
2025-06-20,238.95654296875,240.24671346012505,236.54696729568312,239.30754044515905,15907673
2025-06-23,238.4727325439453,242.37170245909323,237.47664259220514,240.01902927442853,16776881
2025-06-24,231.39578247070312,235.26629420924823,230.98786802163792,234.79196700318118,22215004
2025-06-25,229.48898315429688,232.70492090406742,229.10003138676916,231.47166732244997,13056178
2025-06-26,232.16419982910156,232.77133809896148,229.13798981320107,229.57437722996826,15769123
2025-06-27,230.3617401123047,233.57767781559713,229.57435525600022,232.42979967017774,21691960
2025-06-30,231.6708984375,233.0843842356688,230.5230202391858,231.47167464346228,8783448
2025-07-01,230.87400817871094,232.70491863033175,228.9103011703192,232.70491863033175,8470489
2025-07-02,228.69212341308594,231.23451025978994,227.86678424094285,230.42814822875704,10419419
2025-07-03,231.5191192626953,233.5587205210844,229.38464677006195,229.5743747632324,13891239
2025-07-04,232.64801025390625,232.8472195717172,230.05817331982476,232.61005597173067,7717259
2025-07-07,229.1190185546875,232.89465907644274,228.4644446917416,232.89465907644274,9222263
2025-07-08,230.75070190429688,231.1870748229459,228.29367600240056,229.963317013767,7537067
2025-07-09,230.8550567626953,232.031378968416,229.8305082615299,230.8550567626953,9590680
2025-07-10,230.6083984375,232.12625129274087,229.88742629268526,231.00683155505428,8012201
2025-07-11,229.34666442871094,230.60837641815198,228.43596438277754,230.5704366142865,5608382
2025-07-14,231.68038940429688,232.31598614455376,228.75853198058883,230.42815859042855,7568906
2025-07-15,231.15859985351562,232.7713093264252,230.2384039914117,231.92700754808737,7843083
2025-07-16,230.38072204589844,231.61396116003434,229.85895924167022,231.47166879311624,5656962
2025-07-17,231.3483428955078,232.00291674472808,230.3522673600689,230.52301820317822,7006298
2025-07-18,233.66305541992188,234.6496640703136,230.9593991522172,232.17367558707093,10293817
2025-07-21,232.45826721191406,233.65358101705795,231.87958745038245,233.36898180272286,5424455
2025-07-22,233.7579345703125,234.19430748886697,231.53808674466384,232.4582681969159,5869862
2025-07-23,232.9420928955078,234.50736687936057,231.71832060240035,233.36898448425697,7357753
2025-07-24,232.25906372070312,233.5587156458764,231.24399654168624,232.9515773952132,4590999
2025-07-25,227.95216369628906,232.2306043850006,226.96556947086373,231.47167795565622,7427827
2025-07-28,227.69602966308594,229.15695104763108,225.5900157692294,227.95215592494517,6865890
2025-07-29,229.04312133789062,230.05817402176504,227.5063058373904,227.69603382289503,6157824
2025-07-30,229.39410400390625,231.19655593796062,227.77191318610545,230.08661762011818,8767763
2025-07-31,228.62570190429688,230.34276398844028,227.35450852961043,227.866775517435,10254214
2025-08-01,224.63186645507812,228.35060439911317,222.03256269280894,227.77192464267418,12629251
2025-08-04,222.7725067138672,226.14971394394564,221.98512185231027,224.35675776953582,16174972
2025-08-05,222.4404754638672,223.88243417776192,221.08390664560332,223.40810698670734,9562689
2025-08-06,221.76693725585938,223.28477557038872,220.95109391449745,222.5068865101973,7568954
2025-08-07,221.91871643066406,222.17485717127605,219.43324653939325,221.17876715806716,5560413
2025-08-08,221.45388793945312,223.0476204012018,220.73290132315176,221.89026086217677,5249568
2025-08-11,221.78590393066406,222.93378211409325,219.6893858305773,221.4538835786632,4699743
2025-08-12,223.42709350585938,224.22395974620366,221.6151600858983,221.7954067421157,7036778
2025-08-13,226.41534423828125,227.62962071401128,224.1670379391325,225.53310259315816,8501906
2025-08-14,224.77418518066406,226.4153533076872,222.39305327363883,226.26356512331148,7258450
2025-08-18,225.93153381347656,226.33944825449936,223.40810965287537,225.0682548413787,8501972
2025-08-19,225.7228240966797,226.29200803596785,224.5275103210723,225.30541385601154,5538059
2025-08-20,225.7133331298828,226.81377570155288,224.83109149117104,224.83109149117104,7438061
2025-08-21,226.0548553466797,228.61623386063945,225.0492839776461,225.7797519340511,8111371
2025-08-22,224.1575469970703,226.37740934571087,223.77809101841123,225.77975242777097,5423818
2025-08-25,224.60340881347656,225.29593694240356,223.55040185852496,224.16703589899487,8854258
2025-08-26,222.1653594970703,225.1156750375799,221.79538488798528,224.50853684638096,14671897
2025-08-28,221.4064483642578,223.1994045893189,220.4483126377453,222.2697273365917,13870643
2025-08-29,221.71002197265625,223.2847772454379,219.4522199115343,221.4064456222828,9928988
2025-09-01,226.46278381347656,226.90865254794326,221.1028921421287,221.98513380267917,4366396
2025-09-02,227.19325256347656,230.04869716041517,225.2105538217598,226.49124308061494,5921193
2025-09-03,226.7947998046875,229.51743312589807,226.2161200788037,227.2027142223628,4364007
2025-09-04,224.7921600341797,228.25388001685536,224.51559611553148,227.98686181696087,8778730
2025-09-05,223.27587890625,226.1654087675379,222.20779153656213,224.82077202575817,7210683
2025-09-08,221.7500457763672,224.0864623173586,221.30183353384794,223.27587654469662,8418326
2025-09-09,220.60568237304688,223.714545499405,220.06210024482493,221.75004818602895,11665314
2025-09-10,220.99667358398438,222.23639469875044,220.29097431520637,222.1982554781086,11775053
2025-09-11,222.92300415039062,224.31532572116092,221.33997193607323,221.33997193607323,11047708
2025-09-12,222.43666076660156,224.4965278698952,221.91215554797586,223.63824263448944,6073522
2025-09-15,221.4925537109375,223.33308757910552,221.24461240106112,222.34129323679934,6153784
2025-09-16,224.1913604736328,224.3630233447716,221.6451418710445,221.70235797762393,7319921
2025-09-17,225.89837646484375,226.92830999737222,224.27717590074903,225.0591681306206,7628371
2025-09-18,224.66818237304688,226.68036459344052,223.62871762567306,226.68036459344052,6497852
2025-09-19,225.71719360351562,226.39427027371585,223.86712853046046,224.21043972495937,16484017
2025-09-22,226.46102905273438,227.39559274408467,224.7253962173977,225.05917624000872,9962796
2025-09-23,225.68858337402344,226.5754621296114,224.24857678393056,226.25122782443302,7014239
2025-09-24,227.46234130859375,228.9977031305754,225.30710441667196,225.68856935618888,8299331
2025-09-25,228.5590362548828,230.91452965357823,227.46235540751957,227.8438058192806,10150654
2025-09-26,226.98553466796875,229.12168025184423,225.8602312181197,228.87373893983025,6349466
2025-09-29,228.8546600341797,229.97996347409776,227.12857292979888,227.92009634948184,10631271
2025-09-30,228.3969268798828,229.72248675028206,227.44328626660564,228.8737471865214,7167687
2025-10-01,231.77279663085938,234.8721284686589,227.41466681335862,227.53864474331868,10375310
2025-10-03,232.36407470703125,232.87903423421838,228.5876514858554,231.25784810622812,10702610
2025-10-06,234.46206665039062,236.02603657330522,231.47716706677315,231.47716706677315,9465503
2025-10-07,233.94711303710938,237.93332365923317,233.31770676475287,234.462072545419,12498420
2025-10-08,230.59982299804688,235.3584946621665,229.96088556482363,235.12008452060257,5073558
2025-10-09,232.10658264160156,233.16512427866502,229.40777802545958,230.6284368166714,9292031
2025-10-10,234.91981506347656,235.6255143254089,232.30684920854407,232.7359845557541,9050771
2025-10-13,232.7741241455078,234.29040916537696,230.18976633952715,233.64194055992363,12607116
2025-10-14,233.3463134765625,237.20856069658456,232.59292927723604,233.92803480650556,13865005
2025-10-15,236.23585510253906,236.68406735720123,232.9648602154133,233.34632519353056,8520238
2025-10-16,236.83663940429688,237.17040487017232,234.59557826293235,236.50285938702123,6083826
2025-10-17,236.20724487304688,237.02737637919572,233.42261603973708,237.02737637919572,14250215
2025-10-20,237.2085723876953,237.64723892287242,233.63242007279032,236.2072468292417,10920554
2025-10-21,236.61729431152344,237.74259775436883,235.92114076763963,237.2085613617237,569979
2025-10-23,240.61305236816406,241.49994567413228,237.53279736971194,238.4101449569856,13879042
2025-10-24,243.1402130126953,245.46708384618876,241.1280307709779,242.22471163696292,17882209
2025-10-27,241.52854919433594,244.21780801224972,240.2315974480555,243.5788705819248,7889080
2025-10-28,238.92510986328125,242.02444181771637,238.27664123902568,241.36644202595141,8529692
2025-10-29,243.78866577148438,245.40985177061228,238.9346389409463,239.3160893343647,8806213
2025-10-30,242.73013305664062,244.60880614317784,241.66206027495866,244.60880614317784,5266883
2025-10-31,243.53118896484375,245.94389845531867,241.57623742734617,242.892251525805,7199008
2025-11-03,245.61012268066406,246.51609288363935,242.51080530992996,243.17835081364808,5450040
2025-11-04,240.6511993408203,245.56244236761256,240.31741932675092,244.22735141413506,6006851
2025-11-06,239.84060668945312,243.65516902248618,238.83928116675185,241.79557279541268,6987258
2025-11-07,240.50816345214844,241.84326906208273,238.4101569809959,238.4101569809959,4449104
2025-11-10,239.7452392578125,243.65517150964297,237.93332795168658,240.3174294341684,7418162
2025-11-11,237.88563537597656,242.41542804729232,234.59557834603777,242.41542804729232,16183880
2025-11-12,242.0816650390625,243.7505360401749,238.31477313828856,240.88961432398222,11917811
2025-11-13,239.2207489013672,241.9386158642892,235.83532188131284,241.9386158642892,13057927
2025-11-14,241.9075164794922,243.91037368298927,239.46499315036962,239.8557909198375,9185042
2025-11-17,242.34716796875,243.9592274045859,241.76095640591186,241.90751675061105,6281588
2025-11-18,241.2724609375,243.71498436247566,240.63741081019828,241.3213143875955,7708871
2025-11-19,243.27532958984375,244.54544473395694,239.75808994583485,241.2724574288937,7075882
2025-11-20,242.34716796875,245.32704941521513,241.90751675061105,243.27532385326097,6918642
2025-11-21,241.2724609375,242.59142955017882,240.5397039100073,241.37016783769099,7589240
2025-11-24,240.1000518798828,241.76096482176922,238.68339127968494,241.27246013839206,15875282
2025-11-25,239.70925903320312,241.8098232517943,238.97650199304616,240.10005682476142,8983620
2025-11-26,242.00521850585938,242.2983242991075,239.4161496327907,239.70925542603885,7232643
2025-11-27,238.39028930664062,243.0799373237771,237.2178810293515,242.29832683625767,5600832
2025-11-28,237.65753173828125,239.70925739993325,236.97362815372392,239.36729815366456,3804191
2025-12-01,239.20120239257812,240.1977561098247,237.42303820902012,238.43913628761888,6307936
2025-12-02,237.94085693359375,240.59832362964534,236.9247737417999,237.90178311805474,5413988
2025-12-03,234.5017852783203,238.74200222366053,234.0523544237178,238.439131714419,11829802
2025-12-04,236.6609649658203,237.12016054187865,234.17936783621036,234.97074300533836,10825420
2025-12-05,235.6839599609375,237.60866956192592,235.37132472289798,237.12016488975587,7645591
2025-12-08,233.03627014160156,236.43625844416778,232.23511533319206,235.68395708397486,5285903
2025-12-09,234.325927734375,234.67765170991547,231.38513484720352,232.23512824310123,9026401
2025-12-10,233.78855895996094,234.82420138550393,232.93856560271152,233.81788295557112,3492031
2025-12-11,232.92880249023438,235.75235891273405,232.6650057917506,233.78856057999187,8868641
2025-12-12,232.5477752685547,233.89603806663862,231.5707658949965,233.01673559362823,4252781
2025-12-15,229.9391632080078,233.3000629475615,224.65353889206648,232.52823209800792,12334408
2025-12-16,226.87135314941406,229.8903085352076,225.44491290478487,228.7862831727476,7238404
2025-12-17,227.5552520751953,228.0535214785498,223.35410887403685,226.4219176473517,5848233
2025-12-18,226.66616821289062,228.7472028898814,225.8943373892629,227.64317755863584,3964839
2025-12-19,227.53570556640625,228.13168186266645,226.17766317433527,226.66616784641806,5070902
2025-12-22,228.79605102539062,229.87076731397062,227.41847912018557,228.41501796089048,4614185
2025-12-23,230.07594299316406,232.43052425590307,229.20640524608268,229.20640524608268,5810236
2025-12-24,228.39547729492188,231.13110642503094,227.779956640953,230.12477309077252,4114036
2025-12-26,229.13800048828125,229.8707574970251,227.6920308319277,228.46386165496023,3710774
2025-12-29,229.4213409423828,233.52477719894176,228.62018612577006,229.13799988461315,12621499
2025-12-30,229.2845458984375,230.18340761474056,227.946047866518,229.54834259578686,6236729
2025-12-31,234.853515625,235.45925665996174,229.21616742201886,229.29432996007517,11514802
2026-01-01,232.4696044921875,235.56672230766347,231.9517907351887,235.36154378697555,5840586
2026-01-02,235.90869140625,236.97362805231785,232.46961421511622,232.46961421511622,5925943
2026-01-05,232.61614990234375,241.12590780299902,230.28109817887704,241.12590780299902,21201434
2026-01-06,236.32879638671875,236.78799198417764,232.6161577916805,232.6161577916805,10840459
2026-01-07,233.56385803222656,236.12361781573415,232.6845555608174,234.68742775456045,8253161
2026-01-08,226.09950256347656,233.39776361918936,225.6891604243898,232.72362478069692,9218488
2026-01-09,228.70811462402344,232.77247708835003,226.66616866525584,226.94949481657642,12706408
2026-01-12,230.29087829589844,230.7305295176939,226.33398748378042,228.70811302626356,9807980
2026-01-13,238.1753387451172,238.5368274349664,230.3788082868825,232.52822588065396,22527192
2026-01-14,242.5230255126953,245.22934557232938,237.9799380220571,238.38051543138516,33094088
2026-01-15,242.5230255126953,242.5230255126953,242.5230255126953,242.5230255126953,0
2026-01-16,241.48739624023438,242.08337253262428,236.82705752459444,241.2235995447885,12287680
2026-01-19,237.520751953125,242.29832724481855,236.72937673731994,239.36729909266347,6459249
2026-01-20,234.86328125,239.69947463738478,234.19892203595015,237.52074792215913,6496057
2026-01-21,236.79776000976562,238.86903004459805,234.00351257071955,234.48225253652112,9610477
2026-01-22,238.40005493164062,240.8035045809201,236.99317393838206,238.97650179949548,10746306
2026-01-23,239.8264923095703,240.6374118792223,235.99661735115197,239.6604025048917,8080247
2026-01-27,242.2494659423828,243.26556401733228,240.23682906174545,240.9305122614502,15915509
2026-01-28,262.4051513671875,263.4505585006787,243.4707207877218,243.4707207877218,73427983
2026-01-29,269.0586242675781,271.3838815188969,262.8252997268123,263.7925294603933,48267023
2026-01-30,262.77642822265625,270.14308712044925,261.84828722339125,267.5931070111898,24420043
2026-02-02,248.1115264892578,251.09140804886562,241.9075259355621,245.81556341492188,17015974
2026-02-03,251.09140014648438,255.97644684194125,243.6172846656271,253.72933728841463,19213406
2026-02-04,260.8126525878906,263.79251911821297,252.11724569752343,252.11724569752343,26628393
2026-02-05,263.01092529296875,264.23218696350455,259.8844834900137,261.8385021628709,15268335
2026-02-06,262.7666931152344,263.7437025266077,258.61440311689785,261.8385222480453,10013728
2026-02-09,260.470703125,264.6718314754195,259.64023920011437,263.2551857832825,10824044
2026-02-10,265.8930969238281,266.77239940303303,260.861504577749,261.1057569228592,13459684
2026-02-11,268.2867736816406,268.77527835702017,260.2264465378781,266.0396342853192,18388416
2026-02-12,269.9965515136719,273.8557207235144,267.16323023931596,269.6545922631895,22753270
2026-02-13,261.2522888183594,265.1114875973499,259.8844817198676,263.79251903896335,20748628
2026-02-16,265.306884765625,265.9419647143231,259.5425353965288,261.4965541532367,13247757
2026-02-17,265.6000061035156,266.72356092811606,261.9362209259316,266.72356092811606,21292868
2026-02-18,264.6000061035156,266.1000061035156,262.54998779296875,265.0,11621040
2026-02-19,274.6499938964844,276.45001220703125,267.8500061035156,270.29998779296875,37728943
2026-02-20,278.6499938964844,280.79998779296875,274.3500061035156,277.3999938964844,31971956
2026-02-23,275.6499938964844,279.8999938964844,272.20001220703125,279.8999938964844,13113050
2026-02-24,276.5,278.1499938964844,273.29998779296875,275.6499938964844,16311581
2026-02-25,277.45001220703125,278.95001220703125,274.0,276.5,7573116
2026-02-26,280.1000061035156,281.04998779296875,275.6000061035156,277.3999938964844,13301761
2026-02-27,279.70001220703125,282.5,277.0,278.5,18554482
2026-03-02,282.20001220703125,293.0,277.6499938964844,288.0,65843426
2026-03-04,276.95001220703125,288.3500061035156,275.1000061035156,287.0,53722773
2026-03-05,276.3500061035156,287.6499938964844,275.3500061035156,278.0,40569479
2026-03-06,278.95001220703125,280.95001220703125,271.1499938964844,279.95001220703125,30723067
