Date,Close,High,Low,Open,Volume
2021-03-08,95.71539306640625,97.34579342964443,94.34585794068458,94.71541653575032,15749448
2021-03-09,93.91109466552734,96.56321405591244,92.71546760319734,95.86757531297644,12585004
2021-03-10,93.5415267944336,95.19366938290207,93.04153852440723,94.78063226153692,10661165
2021-03-12,95.67192077636719,96.04147939550717,93.65022537365046,93.78066094940174,18173078
2021-03-15,97.45447540283203,98.4761940238387,95.54147371283585,96.08494043709564,30092241
2021-03-16,97.58491516113281,98.78054200604043,97.17187807409535,97.8892530016416,14767699
2021-03-17,95.84584045410156,97.82405744666923,95.36758844250492,97.80232113127552,12571132
2021-03-18,96.10669708251953,97.17189444625075,95.71540213765653,96.0849607677465,14232655
2021-03-19,100.08487701416016,100.91093951651828,95.2806267153448,96.47625373721851,70334403
2021-03-22,97.1936264038086,101.91092543343046,96.60668696132304,101.91092543343046,29180881
2021-03-23,95.21542358398438,97.389291163802,94.99803682600262,97.19364072282112,38455903
2021-03-24,96.10669708251953,97.3458026554129,94.302388355601,94.36760319691273,24398959
2021-03-25,94.08501434326172,97.12842905464252,93.62850449535196,96.10671007928029,20272124
2021-03-26,93.30239868164062,96.51972074066555,92.23720146687945,95.3675723819799,25184863
2021-03-30,96.23712921142578,97.25884801198322,93.6502247905455,94.30238497426399,53328751
2021-03-31,93.7589340209961,96.1284521149555,93.32416049160857,95.6067215208931,20694060
2021-04-01,95.0849838256836,95.36758540175511,93.36762626056868,94.19369467408256,11229344
2021-04-05,93.10675811767578,95.21541056109088,92.75894171127413,93.56327378519441,14484908
2021-04-06,90.95462799072266,95.21541144202183,90.65029010655358,93.56327465083983,25301732
2021-04-07,91.54158020019531,93.99805515377287,91.10680670710094,91.69375210217693,22841720
2021-04-08,90.86766815185547,92.82414853720233,90.65028144237249,92.15024619960994,20468881
2021-04-09,90.5633316040039,91.93286680329348,90.43290192673533,91.04158358230931,11773021
2021-04-12,87.4547119140625,89.84596616352901,86.30256331871814,89.84596616352901,18544315
2021-04-13,90.75896453857422,91.0415660495611,88.01988877049283,89.19377922781217,19831072
2021-04-15,90.34595489501953,91.91114068075616,90.01987476869911,90.38943342459419,10159348
2021-04-16,91.23722839355469,93.38935331830746,90.10681630432504,90.21550966103958,22020846
2021-04-19,87.47643280029297,89.99812219312541,86.95470823063216,89.49812803883653,18404990
2021-04-20,88.56338500976562,89.43293203931877,87.67210166327092,89.12859411717109,14467660
2021-04-22,88.4546890258789,89.0851129625348,87.47644864644302,88.69381799015905,11626459
2021-04-23,91.80243682861328,92.56329036986394,88.69380782518768,88.82423750203371,38318040
2021-04-26,93.82414245605469,94.10674994842884,90.51986267923121,90.51986267923121,19139358
2021-04-27,94.19369506835938,95.86757411408692,93.82413643795314,93.93282980589659,15270611
2021-04-28,96.0414810180664,96.38930332895363,94.04152189569064,95.1284555603522,16383579
2021-04-29,95.71539306640625,97.23710007209522,95.23714111379131,96.99797704428377,14761969
2021-04-30,95.67192077636719,96.65016105803583,94.1936921967997,94.67194418056954,16897105
2021-05-03,95.99799346923828,96.88928252868409,94.23716345678383,94.56324352553406,15528063
2021-05-04,94.80237579345703,96.3893036670228,94.21543633007522,96.25886808861041,20857434
2021-05-05,94.86759948730469,95.80236129192151,94.25891189639816,94.80237874756989,23178237
2021-05-06,93.65023040771484,95.38932433527552,92.86764049910964,94.9762930656755,18823613
2021-05-07,93.28067016601562,94.25891048346095,92.82416037667154,94.06326595816748,12509591
2021-05-10,95.5849609375,95.71539060440732,93.45457236373187,93.65021686409284,17845577
2021-05-11,97.12841033935547,97.91100608111132,94.95454310724301,95.65018180091745,22995780
2021-05-12,98.23709106445312,102.17178859198076,96.97624328936277,97.12841518259704,55645370
2021-05-14,99.49790954589844,99.99790366387118,97.32404848471812,99.01966353269385,18820793
2021-05-17,99.30228424072266,100.43269049261836,98.73707521778249,100.4109541789251,10996347
2021-05-18,101.345703125,104.28043550550775,99.34575010955501,100.38921103569038,52885042
2021-05-19,101.62833404541016,103.47612150827264,100.60662098942198,101.82398448851055,28081040
2021-05-20,99.54138946533203,102.15002969731029,99.30226646953054,101.73699263511723,10707136
2021-05-21,99.10664367675781,99.6718468588643,98.25883300660519,99.15011630846377,21702883
2021-05-24,100.43269348144531,101.91092797236318,99.30228719590929,99.56314655596067,22028927
2021-05-25,101.2587661743164,101.93266267209552,100.49791262656923,101.30223880230804,9165363
2021-05-26,98.08490753173828,101.65004600891484,97.80230599040597,101.3891866766031,18322114
2021-05-27,99.25879669189453,99.8239998000339,97.06319319836221,98.56316391172058,51194207
2021-05-28,98.01970672607422,100.43269717421947,97.73709924730662,100.43269717421947,15307498
2021-05-31,98.10665130615234,98.51968844204966,97.28058293135003,98.25882319290358,13102261
2021-06-01,97.56317901611328,99.12836452611398,97.34579230352963,98.38924734453278,15733731
2021-06-02,98.8892593383789,99.19360314968932,97.43276692195285,97.4762454517105,7995532
2021-06-03,98.38925170898438,100.62833966551337,98.1066501494881,99.58487868123133,10291328
2021-06-04,98.32404327392578,99.19359611644443,97.7370979062972,98.25882843240986,6142487
2021-06-07,102.71524810791016,103.38914457665153,98.6501152914262,98.82402348687636,18058790
2021-06-08,101.75873565673828,103.88913003763041,100.88918885539184,103.88913003763041,22511761
2021-06-09,105.2586898803711,106.73691263187918,101.65006057119318,102.6065645833369,39865778
2021-06-10,105.06304168701172,107.82384861838159,104.45435408618127,107.82384861838159,32690784
2021-06-11,107.08472442626953,108.17165807626036,106.08474782707495,108.17165807626036,29142097
2021-06-14,108.128173828125,108.60641986513345,105.25867401810694,107.80209376816914,18732629
2021-06-15,107.64993286132812,109.34554217656999,107.41079803757721,108.93250505570884,15026686
2021-06-16,105.28043365478516,107.60646721354134,104.75870308447,107.32387150869422,30706682
2021-06-17,104.28044891357422,106.10648807812198,102.93264406118735,106.10648807812198,22261167
2021-06-18,101.30224609375,106.51952793954118,100.04139826342286,106.0847544523919,49278209
2021-06-21,102.10657501220703,102.36743436363048,99.30228391147435,100.82399098074183,11719831
2021-06-22,101.75873565673828,103.04131954752096,100.88918885539184,100.88918885539184,10961545
2021-06-23,100.97616577148438,102.60656634495336,100.86747239991978,102.49787297338877,10721151
2021-06-24,100.49790954589844,101.28049938365186,99.17184111100063,100.9761556150854,12964208
2021-06-25,100.36746215820312,101.21527267992501,99.73705013890734,100.62833328472418,7736431
2021-06-28,100.80223846435547,101.08484591102432,100.30225609699747,100.86745919635108,9989595
2021-06-29,102.6065444946289,103.43261866019952,100.71528494974766,101.12831023854984,61089570
2021-06-30,101.04138946533203,103.30221401875393,100.86747534815113,103.10656358542191,17437744
2021-07-01,100.3457260131836,101.2804935786351,100.08486668021207,101.10657949399825,15924813
2021-07-02,99.10664367675781,100.47617310332515,98.95446587781535,100.34574341422147,9549992
2021-07-05,100.12835693359375,100.3892281064796,99.2805462611899,99.69358343943648,6849185
2021-07-06,99.4761734008789,100.21529052668559,99.25878670469946,99.73704451268408,5343938
2021-07-07,100.41095733642578,100.62834406816351,99.47618967235952,99.47618967235952,7228897
2021-07-08,100.49790954589844,101.36745643095433,99.80226496146305,100.04138799605653,8740010
2021-07-09,100.10660552978516,100.62833600293672,99.99791217262792,100.45442191389151,2990856
2021-07-12,99.56314086914062,100.75876782339051,99.21532447761025,100.30225807238287,5578309
2021-07-13,99.41097259521484,100.82398623589437,99.25879481905893,100.17182609404227,8264289
2021-07-14,99.9761962890625,100.62835656526794,99.32403601285708,99.41099307514843,9228746
2021-07-15,100.1718521118164,100.62836197088599,99.69359414051584,100.432711518717,5376823
2021-07-16,101.67179870605469,102.82395316307398,100.21531224362106,100.71530647077712,15903784
2021-07-19,101.3674545288086,102.01961468036282,100.65007364450524,101.67178649767985,13725925
2021-07-20,100.56311798095703,102.73698518268174,100.41095199443005,102.12830944258945,14178067
2021-07-22,101.41093444824219,101.95440128029081,99.43271753838224,101.95440128029081,10378326
2021-07-23,101.30224609375,101.71528326533893,100.88920892216106,101.62832620911195,6660369
2021-07-26,101.17182159423828,102.32397611185768,100.8892140955056,101.49790172632079,12963701
2021-07-27,100.80223846435547,102.10657054637899,100.28051978432696,101.30223262569756,10832912
2021-07-28,99.17185974121094,101.04139533047558,98.86752181246445,100.86748120319949,13828088
2021-07-29,97.04144287109375,100.60658775767234,96.89651837809451,99.12835321148584,28609665
2021-07-30,99.21529388427734,100.40366745426314,97.50518396985025,97.99792480589235,34142169
2021-08-02,99.12834167480469,99.70803957933572,98.14285405770354,99.4181906270702,9575755
2021-08-03,101.1282958984375,101.56306933186842,99.18631025457624,100.02687930226654,20959435
2021-08-04,101.5920639038086,102.3746537633862,100.78048442966025,101.82394543842024,23323277
2021-08-05,101.56307220458984,101.88191078238458,100.4326659632895,101.59206181856555,6621382
2021-08-06,101.44712829589844,102.31667510986328,101.18626896930238,101.73697723388672,5340311
2021-08-09,102.28770446777344,102.6065430762827,100.89643874260558,102.6065430762827,16415005
2021-08-10,100.05585479736328,102.08479743957973,99.33123242514311,102.08479743957973,11925263
2021-08-11,102.229736328125,102.60654237360484,100.02689108237116,100.25876083898746,31279965
2021-08-12,108.40351104736328,108.8092948737971,102.20074802053571,102.60653184696953,58107755
2021-08-13,107.09917449951172,108.57740868922251,106.43251963368171,106.780335974207,26776843
2021-08-16,104.75139617919922,106.83831786246772,104.5774939015821,106.66440379086771,21308655
2021-08-17,106.22965240478516,106.51950138815428,104.92533197962409,104.95432159555513,15962459
2021-08-18,104.69343566894531,107.82380660664464,104.4325763382969,106.49049675359267,25227527
2021-08-20,103.5340576171875,104.37462677065157,102.63553281808744,102.78045731413445,18720467
2021-08-23,101.8239517211914,104.28766811623937,100.98338258060727,104.05578656732011,13112745
2021-08-24,102.37464141845703,103.93983274285715,101.70798650958199,102.78043700359041,11029463
2021-08-25,101.73699951171875,102.8674058998101,101.47614012800108,102.72248139908115,12001351
2021-08-26,100.345703125,101.679012999224,99.47615628371928,101.679012999224,12115246
2021-08-27,101.07035064697266,101.36019966620343,99.56313810577,100.75152380221088,8051699
2021-08-30,101.73699951171875,102.22974045539995,100.17181962144058,101.5630853932496,14512401
2021-08-31,101.6500473022461,102.63554103061283,101.41816573121942,101.73700436562943,43248333
2021-09-01,101.8239517211914,103.07030472689513,101.244253745886,103.07030472689513,11817591
2021-09-02,101.88190460205078,102.08479650561942,100.98336815112481,101.67901269848215,13545023
2021-09-03,101.76597595214844,102.49059836196442,101.09932097632084,102.02683530208837,12286475
2021-09-06,100.92539978027344,102.2297200261833,100.28773446329203,101.85291404079038,13950485
2021-09-07,100.2877426147461,100.9543975978607,99.96890403334812,100.92540798355738,12485031
2021-09-08,101.96903991699219,102.41148586282998,100.40573450899967,101.02515763296113,25370295
2021-09-09,102.35247802734375,102.73593351547673,101.40859590417112,101.7035598177946,5078350
2021-09-13,102.58846282958984,102.82443638683642,101.8805421578501,102.79493519138798,7522483
2021-09-14,102.70643615722656,103.29636400649508,102.35248184808802,102.588455388218,8434427
2021-09-15,104.94818115234375,105.59709947495128,102.49997784230607,102.64745982481298,20064238
2021-09-16,105.862548828125,107.16039731099619,105.18414139624993,105.56758490048786,16214883
2021-09-17,105.4791030883789,106.42298523639067,104.26974620985237,105.92154897045748,21219226
2021-09-20,104.417236328125,105.71507288277037,103.2963709388693,104.53521710505144,7833069
2021-09-21,103.7683334350586,105.24315337585784,103.50285864444548,103.85682503192963,9481007
2021-09-22,104.2697525024414,104.6826972164572,103.70932581883235,103.70932581883235,9165634
2021-09-23,105.1546401977539,105.44960412537735,104.41723037869532,104.41723037869532,10295913
2021-09-24,103.91578674316406,105.89204251786617,103.70931440887199,105.184133942547,7093411
2021-09-27,103.82731628417969,104.50573580805036,103.29637874366722,104.1222802508961,5205649
2021-09-28,108.5172348022461,111.43738517304598,103.88630308533122,104.3287490201087,38873626
2021-09-29,115.06544494628906,115.8028548421199,107.6323435946229,108.25177270796647,53686662
2021-09-30,112.02729034423828,116.80570306938156,111.28988060263866,115.00641849903378,23618199
2021-10-01,113.17765045166016,114.1510337601146,111.87981404179575,112.55823343872535,16994903
2021-10-04,113.05967712402344,113.88557853103642,112.11579494548566,113.26614947524841,10757286
2021-10-05,112.05680847167969,115.09493979210005,111.70285410472431,113.05969318052053,17200858
2021-10-06,110.67046356201172,113.3546401119458,110.16902728403309,113.23664733928949,8929507
2021-10-07,111.08341979980469,113.00068532687116,110.67046310039953,112.6762202060609,6733699
2021-10-08,110.72945404052734,112.17478449252162,110.31650934116496,111.49636505604373,8165175
2021-10-11,114.12154388427734,115.09492728925136,111.67335277755117,112.08629749378817,12982042
2021-10-12,114.06254577636719,114.82945677131532,113.0596732464621,114.38701089010202,8539966
2021-10-13,117.63163757324219,120.64026776751012,114.53451578458971,115.09494254549985,33075614
2021-10-14,120.728759765625,121.49565891458688,116.95321841021888,118.10357313471924,19185455
2021-10-18,120.22728729248047,123.8553335657842,119.25390404754788,123.76685399979065,38546365
2021-10-19,117.1891860961914,120.81724527853717,116.21580260793554,120.34529813207538,16174177
2021-10-20,114.65247344970703,118.13305011056569,114.06254560895513,117.98556815037772,21909934
2021-10-21,114.47550964355469,116.4222644416731,114.15104450947825,115.77334617563362,16946547
2021-10-22,114.71146392822266,116.21578472422907,112.82369963710056,115.56686649928788,7705870
2021-10-25,113.64962005615234,115.03594831490909,112.38127258456502,114.71148314702117,7862419
2021-10-26,112.32225799560547,113.82656671748799,111.90930132523827,113.62009438336044,8525850
2021-10-27,112.23377227783203,113.17765442744646,111.23089974426284,112.17478189387727,9862679
2021-10-28,109.6676025390625,112.73522291692002,109.28414699130175,112.49924934890461,11095238
2021-10-29,109.16616821289062,111.28990635979743,106.95393847608885,110.25753248262328,12988035
2021-11-01,110.75894927978516,111.20139514907856,108.87118503831151,108.90067422833033,5475153
2021-11-02,109.4316177368164,112.8237029227285,109.22514538679218,111.28989289126041,10946890
2021-11-03,108.5172348022461,110.49350291261017,107.95680808570692,109.43162786829855,13957727
2021-11-04,109.16616821289062,109.63810335547299,108.6942210681938,109.10716581821768,830214
2021-11-08,111.58486938476562,112.29277809373332,108.90069252587728,110.67047630041085,11947323
2021-11-09,110.05106353759766,112.29278253948961,109.31365360234739,112.29278253948961,10381150
2021-11-10,108.78270721435547,110.02155340454689,108.28127089952963,109.69708825854049,13857851
2021-11-11,107.45536041259766,109.28413434946711,106.59995782775786,109.13665238678227,8851354
2021-11-12,107.36687469482422,108.36974729497442,106.364002094674,108.36974729497442,9590673
2021-11-15,111.08341979980469,111.34888253347641,107.36686951572295,107.48485028577419,24821341
2021-11-16,110.67046356201172,112.88269302554652,110.02154531979744,111.49636496215398,23206330
2021-11-17,112.70574951171875,114.32805151619348,110.31653630428231,110.31653630428231,18359498
2021-11-18,113.56114196777344,114.71149678686028,112.70575115379768,113.17768636070578,10742933
2021-11-22,114.56399536132812,116.21579831075297,113.26615875971864,114.68198814463793,25095721
2021-11-23,119.0769271850586,119.4013922845015,113.94455998989808,114.00355037103893,19671538
2021-11-24,119.93234252929688,122.38053362398132,119.1654314862135,119.28341226109707,18120478
2021-11-25,120.49276733398438,120.93521323606755,118.72298372565167,119.51938394897874,18537454
2021-11-26,119.1654281616211,120.90571055422528,118.45751952784285,120.37478507994813,12814537
2021-11-29,118.133056640625,120.34528616573033,117.10068286224251,117.39564679892321,16066147
2021-11-30,121.96759033203125,123.5898920172215,118.16256027124861,118.16256027124861,37739647
2021-12-01,122.2330551147461,123.14744815337716,120.7582353763823,122.1150743365225,20332817
2021-12-02,126.53952026367188,127.42441201376748,121.8200975964953,123.29491717998799,33758843
2021-12-03,121.58415222167969,127.6899043110129,121.2301978400879,125.74314921120035,47614182
2021-12-06,119.1654281616211,122.70499533473856,118.78197265077743,122.32153982389488,11322446
2021-12-07,121.40718078613281,122.08558834859551,119.25394129947897,119.51940408460652,8049102
2021-12-08,120.8172378540039,122.49852995651818,120.0798279842947,121.02371021709975,8788449
2021-12-09,119.87332916259766,121.79059459262318,119.22441095593454,121.23016796007603,5755422
2021-12-10,119.54888916015625,120.49277138255896,119.07694204789809,120.49277138255896,6164402
2021-12-13,120.5812759399414,123.6783976918126,120.1683191717563,121.23019428752954,21648126
2021-12-14,125.21220397949219,125.74314152046418,119.87335137645837,120.40428891743036,48042035
2021-12-15,123.79637145996094,127.21795819261615,122.58702642671061,125.71363719761283,15207306
2021-12-16,122.82296752929688,124.94671728655108,121.70211427110544,124.71074375773259,13410737
2021-12-17,123.8553695678711,124.17983474453416,120.96473218501099,122.82299564481677,15209414
2021-12-20,123.79637145996094,125.44817443478364,122.41004325008166,124.32730898773355,22539246
2021-12-21,121.87908172607422,124.91721231261207,120.81721888170874,124.74022917082854,17566511
2021-12-22,123.06982421875,123.95521363262782,120.90212955300645,122.00124479088251,14750231
2021-12-23,127.22198486328125,127.98525572569957,123.37510717050989,123.64987971176915,15932489
2021-12-24,125.42068481445312,127.4357126658373,125.08484062770755,127.13040428626122,8975969
2021-12-27,125.84811401367188,126.55032578490098,125.17643805020361,125.42068724320026,8648187
2021-12-28,125.54279327392578,127.40517921134509,124.13838229270111,126.18394578956949,15736206
2021-12-29,124.93215942382812,125.72596600829294,123.77198534769767,123.95517530504404,17172943
2021-12-30,125.39012908935547,129.08436486461707,123.13085240858531,124.93216659273764,87481206
2021-12-31,124.81005859375,125.90916122308563,124.29103687242244,124.56580942399914,9842223
2022-01-03,125.17644500732422,126.3671428076938,124.65742320775364,125.42069421389587,7410054
2022-01-04,128.5958709716797,130.06135349567322,125.48172837258612,125.97022668826003,14784090
2022-01-05,127.40518188476562,129.05384206954602,127.038814335151,128.22951197715582,9565107
2022-01-06,125.75648498535156,127.43568065116872,124.96269085169034,126.85559984491528,5615931
2022-01-07,125.29856872558594,127.31360923667384,124.87114191318848,126.36714817961077,11908249
2022-01-10,124.56580352783203,126.5503077507019,124.22995938244276,126.5503077507019,11085710
2022-01-11,124.47422790527344,125.66493807805287,124.2605145172454,124.90166710435972,7208789
2022-01-12,125.14586639404297,126.21444543715442,124.77949892101003,125.78701878912041,11018139
2022-01-13,127.00830078125,129.1454596886268,126.12291134597781,126.76405156437212,20522807
2022-01-14,126.85564422607422,128.0158186675013,126.1229090120313,126.97776262073769,14183654
2022-01-17,126.00077056884766,127.95475172642666,125.66493879233191,127.71050252885051,7574539
2022-01-18,125.26798248291016,126.91664212981239,124.93213842523285,125.93965817523976,8475422
2022-01-19,124.96273040771484,126.6419266050691,122.76451241578448,125.78706060180991,13724367
2022-01-20,131.0688934326172,131.49632020653866,125.42068825549582,126.45873180532229,30170343
2022-01-21,131.34365844726562,133.8777204059174,130.06136577633023,130.61092332759665,29509593
2022-01-24,130.67198181152344,132.96179457691227,129.14543996793086,132.13746446597816,12850189
2022-01-25,133.63348388671875,134.45781408020852,129.4202254918447,130.36668649887073,27389035
2022-01-27,131.19102478027344,133.90827715533365,129.66448268968838,133.1144702990169,28512473
2022-01-28,128.3516082763672,132.80911456190867,127.77152745783629,132.80911456190867,18932049
2022-01-31,131.52685546875,132.35118562819503,128.96225756677316,129.4507559546821,19907759
2022-02-01,130.03082275390625,132.53436119040288,129.0233151260313,132.503825385849,8622355
2022-02-02,130.67198181152344,132.99233038299585,130.21401925844566,131.19100355373905,9921099
2022-02-03,129.02333068847656,131.28260780710775,128.84014068511505,130.67199102660956,4594389
2022-02-04,128.04629516601562,130.2750482252207,127.67992769315246,129.45071830552197,7329263
2022-02-07,130.458251953125,130.85515526691162,128.22949865850262,128.87065112100623,7869237
2022-02-08,128.26004028320312,131.52683707938706,127.3135794475948,130.6719712315841,9074237
2022-02-09,127.8326187133789,129.23704225796882,127.43571532703567,128.5958896782582,9833985
2022-02-10,129.4812774658203,131.71001850411335,128.26004405392115,128.26004405392115,19180334
2022-02-11,126.88615417480469,129.4507393242819,126.4281916536103,128.35162430420397,20071130
2022-02-14,123.25298309326172,126.36712589697458,122.88661554394768,126.36712589697458,12109375
2022-02-15,124.2299575805664,124.47420673521336,121.51271834556769,123.34456837087775,19046061
2022-02-16,123.1944808959961,126.14411428187358,122.81792108656333,124.63791334874816,20270061
2022-02-17,123.63378143310547,124.79480677617197,123.00619878623692,124.41825974169117,16405551
2022-02-18,122.81793212890625,125.61068286954719,122.53552501464283,123.50828332946665,14600643
2022-02-21,124.35547637939453,124.88891895697805,122.7237644139984,122.81789157553759,10682638
2022-02-22,124.35547637939453,124.5437434706717,120.37033001154278,121.87651781455533,13606058
2022-02-23,124.29273223876953,125.20272185171503,124.0103124232968,124.48099934755136,6493463
2022-02-24,119.9310302734375,123.00618751495138,119.1779362734833,121.7510223362274,13145037
2022-02-25,123.82205200195312,124.1985990080535,120.58999906054022,120.84103465400737,10920938
2022-02-28,131.2589111328125,131.94924948013846,123.0375811385821,123.9161866161598,31938385
2022-03-02,132.357177734375,133.76923863601868,129.4075317455764,130.38028991843362,20502615
2022-03-03,136.71888732910156,137.66026137006605,132.23166851353034,132.23166851353034,19805555
2022-03-04,134.96165466308594,136.499227055976,132.38855557068774,135.52646883634236,12794317
2022-03-07,133.5496063232422,135.05579461863425,131.07064694802037,132.10616097725466,17635653
2022-03-08,133.2671661376953,140.20195916133673,131.66683812560956,134.3026800091632,28410490
2022-03-09,130.59994506835938,135.55785048703476,129.65857110664385,135.02440779570293,22830958
2022-03-10,131.07061767578125,132.67095834248204,129.94097670652195,132.41992275991328,16516553
2022-03-11,133.3299102783203,133.6750857949299,130.38027734223797,131.35303542126508,12992850
2022-03-14,133.92616271972656,134.30270981978612,131.54134313900957,133.32995144044537,12598659
2022-03-15,131.5726776123047,134.96162576726474,130.72544376561441,133.80058789299395,14528285
2022-03-16,131.38442993164062,132.92201514015656,131.13339430900515,132.57683956300752,11933774
2022-03-17,132.76510620117188,133.51820022559878,130.38028717681854,133.04751326828173,28464621
2022-03-21,128.59165954589844,135.55782289081438,128.34062398690529,135.55782289081438,17797415
2022-03-22,130.9764862060547,131.4785574036593,128.05823727060582,128.65443564558547,13285297
2022-03-23,131.85508728027344,132.16887854594196,130.72544638478632,131.47854031511108,9408783
2022-03-24,132.26303100585938,132.545438064428,130.53717888122776,131.79234406277803,11188958
2022-03-25,131.5726776123047,132.29440006252196,129.72130152103438,132.26301582930418,9842670
2022-03-28,133.23577880859375,133.51818584528752,130.22337749892907,131.57268251822055,12823578
2022-03-29,132.60821533203125,134.58509040950977,131.60407290564055,134.20854338371393,10470515
2022-03-30,136.2481689453125,137.252298470891,132.9219890938212,133.73783874726638,54218485
2022-03-31,136.05990600585938,136.34231305450353,134.7733566327026,135.2754277949589,10326026
2022-04-01,141.23748779296875,141.67679056340378,135.6206151241073,135.6206151241073,39663961
2022-04-04,142.71226501464844,143.15156766340544,140.6098661643991,141.83364694893564,9907530
2022-04-05,146.25814819335938,147.23089368319287,142.39851217059476,144.3126316772878,17167487
2022-04-06,148.5174102783203,149.64705118661436,145.06570631683397,145.19121771724463,17153675
2022-04-07,145.1912384033203,150.5570749788611,144.34400440934053,148.07811593786687,11913911
2022-04-08,145.9757080078125,146.91708189363442,144.7205428267166,146.22674359767177,6746769
2022-04-11,144.9088134765625,147.82707489027862,143.33985710017745,145.912943003809,12413822
2022-04-12,146.28952026367188,146.63469584521073,143.4653982015616,143.8733294975069,14769907
2022-04-13,144.0302276611328,147.70158385179568,142.8064465203127,147.4505482216216,11015439
2022-04-18,145.03433227539062,145.47364774410104,142.80642176823181,144.03020269693874,19069923
2022-04-19,142.9947052001953,146.4464097981593,142.14747117069905,146.03847851930502,15036942
2022-04-20,142.46127319335938,143.71643859594403,140.2333494964905,143.24575156997477,9814641
2022-04-21,142.61813354492188,143.49675166275492,141.36296845321738,141.89641106355188,11134333
2022-04-22,141.488525390625,144.46954344280977,141.01783832975372,141.23750250605661,12032249
2022-04-25,139.8567657470703,142.39848012793266,139.00953187618268,140.5471039837862,11042683
2022-04-26,145.34812927246094,145.7246762831371,140.79815537030535,142.46125183300927,15389155
2022-04-27,143.9047088623047,146.13261964155075,142.74367072821943,145.1912456527477,12680209
2022-04-28,147.85845947265625,148.2663907203418,144.3753836690354,146.4777828462445,18378146
2022-04-29,142.93194580078125,148.32915393380054,142.49264306147327,147.54467563632093,9026331
2022-05-02,145.31675720214844,146.3836425226862,141.77091293252468,141.77091293252468,12634353
2022-05-04,149.1136474609375,150.27467290614783,146.1640138684353,146.2267695850029,23124643
2022-05-05,146.6974334716797,151.0277559866229,146.1326065752609,149.61569512967625,16481935
2022-05-06,149.6156768798828,150.08636377478499,145.25397065953632,145.25397065953632,17715186
2022-05-09,153.8518829345703,154.66773268541877,147.8898480024111,149.99224724063754,54118806
2022-05-10,152.91049194335938,155.86012484195544,152.18876945211147,154.25979698904897,30997494
2022-05-11,150.1177520751953,155.64048403534255,149.80396077673697,153.13015364767574,15412618
2022-05-12,148.0467529296875,151.81224891212193,145.693317940666,149.99225663363822,26538994
2022-05-13,148.29779052734375,150.52570135242001,146.2895183156641,150.52570135242001,15074553
2022-05-16,147.60745239257812,149.30193341765664,146.22677549943558,147.79573231809906,7960529
2022-05-17,149.77261352539062,150.18054483298732,146.06987305122493,147.41917840641278,15470937
2022-05-18,143.0260772705078,149.52155463490004,142.52400608260666,149.050867684318,19181550
2022-05-19,143.27713012695312,144.1243641864382,139.103702775324,139.95093683480906,15085602
2022-05-20,143.747802734375,146.2895046582164,142.3043576159952,144.81468807008113,15148281
2022-05-23,140.95504760742188,145.59916134179153,140.7040120169856,145.59916134179153,11572501
2022-05-24,142.46127319335938,144.1243699054246,140.95507215661723,141.2061077907747,16336858
2022-05-25,141.11196899414062,143.96747541581985,139.66853643020178,143.3398927093587,11062614
2022-05-26,142.58676147460938,143.77917096709453,140.51574655753578,142.46125006201123,14150454
2022-05-27,141.01780700683594,143.49676597105312,140.20195727679805,143.4653817333513,8430491
2022-05-30,143.24571228027344,144.2812260070237,140.7667663973797,140.8922777959316,9305758
2022-05-31,146.16400146484375,147.57606242469868,143.21435535444806,143.24573959416995,26351545
2022-06-01,143.84193420410156,146.22675331392682,143.18298010116132,145.6933106301558,10282009
2022-06-02,141.55128479003906,143.96747566037817,140.92370208251185,143.96747566037817,10071898
2022-06-03,141.83367919921875,143.15160021335876,141.2060965478948,141.83367919921875,16082518
2022-06-06,141.08056640625,142.74364999703815,140.2960881961801,141.83366038063707,12693293
2022-06-07,141.20608520507812,141.99056345621744,140.39022271661295,140.5471183668408,9103195
2022-06-08,140.92367553710938,142.14745647898602,139.98230165314257,139.98230165314257,11240130
2022-06-09,141.11196899414062,141.64541174099202,138.69577812790592,141.0178290345309,9468041
2022-06-10,140.86093139648438,142.7436794896512,139.35474313651304,139.35474313651304,9019239
2022-06-13,139.54298400878906,141.51987168800434,139.00954136981358,139.2291927190152,10186775
2022-06-14,140.54713439941406,142.64954656685558,139.32335329531716,139.5430046770522,17023962
2022-06-15,139.48020935058594,142.02192355964206,139.2605580312326,140.73537433911764,5898563
2022-06-16,135.77749633789062,140.766785793069,135.33819361423008,140.1705746473,11883333
2022-06-17,132.63958740234375,136.12267613515405,131.9492490572304,134.42819535911062,19675226
2022-06-20,130.694091796875,132.3571884358058,129.50168216321504,131.22753451587485,7402273
2022-06-21,132.01202392578125,133.76926066673207,130.09790427145606,131.1961740424995,9459619
2022-06-22,132.2002716064453,132.57681859674872,130.66268664108958,132.29441154607122,10257637
2022-06-23,130.8823699951172,132.8592451768475,129.37616904430197,131.85511546570473,13114525
2022-06-24,131.1333770751953,133.04750908200435,130.38028307446416,133.04750908200435,9499105
2022-06-27,132.76510620117188,133.89474723781223,131.57269668899522,133.89474723781223,17545390
2022-06-28,131.9806365966797,132.76511491033517,130.7568427664561,131.50994960848638,6770087
2022-06-29,132.48269653320312,134.93027145273024,130.8195999360756,131.22753121736378,41502918
2022-06-30,132.98477172851562,134.77337980323003,132.04339771359201,132.73373610422888,22260722
2022-07-01,129.5958251953125,133.61235695597478,128.77996259285518,132.45133153571055,11133663
2022-07-04,132.23162841796875,133.1416307092231,128.68579748673915,128.68579748673915,20178279
2022-07-05,134.3968048095703,135.52644573170298,132.38853300100183,132.41991723558868,20083997
2022-07-06,132.07473754882812,134.3968005569921,130.66267686469297,134.30266062440992,19203527
2022-07-07,133.39268493652344,135.118537063225,133.1102651094156,133.83198764331271,14069302
2022-07-08,137.31507873535156,137.69162574376278,133.45544317068473,134.30267713166018,17142257
2022-07-11,136.216796875,138.85263846398567,135.68334149571993,138.0681602805733,10826079
2022-07-12,133.9888916015625,136.15404656934234,133.76924023454447,134.99302125664587,8503695
2022-07-13,134.58509826660156,135.99715927192327,133.9575155975697,134.616482507334,10210005
2022-07-14,134.83612060546875,137.59748663083374,133.58095539104838,137.59748663083374,10898403
2022-07-15,131.35305786132812,136.18543931021625,131.03926652651197,136.18543931021625,22067479
2022-07-18,131.9492645263672,133.2985699039397,131.10203042312025,132.01202024360717,15155654
2022-07-19,131.79234313964844,132.73371701921735,131.54130755145664,131.7295874346506,14922395
2022-07-20,131.32167053222656,133.23580273687068,130.85098354107163,132.60822008199742,14181034
2022-07-21,133.23577880859375,133.80059288198132,131.44715834886813,131.76094961994988,12461554
2022-07-22,131.79234313964844,134.27128924856643,131.4785518464588,134.27128924856643,9272199
2022-07-25,130.4744415283203,132.41994527973762,130.16065018879488,131.79236260068672,6635194
2022-07-26,131.22752380371094,132.41993334003394,129.9723585587817,130.47442976403386,11451315
2022-07-27,132.2002716064453,132.41992295343897,131.41579338989652,131.72958467651603,9209354
2022-07-28,134.42819213867188,134.80475192535027,131.82373447941995,132.41993286132558,13192642
2022-07-29,134.2713165283203,136.68752019133825,133.5809780966879,135.8089018382593,15433067
2022-08-01,137.40921020507812,138.1623170136345,134.39682127545612,134.9616481898231,12136557
2022-08-02,139.69989013671875,140.2019613453123,136.4050813468518,138.036793622479,17748747
2022-08-03,140.32748413085938,141.0492067636017,137.84853766209477,140.17058846148942,12406038
2022-08-04,138.5702362060547,140.7040067239939,137.50333817888503,140.5784953175975,9712267
2022-08-05,140.35885620117188,141.04919453289844,137.34645450319994,139.13506242528277,14099223
2022-08-08,139.2605743408203,142.02194019262882,138.75850317932785,141.20607774725357,8392041
2022-08-10,140.2646942138672,141.14331230173258,138.41333087402867,138.5388422716384,8585266
2022-08-11,139.8567657470703,142.39848012793266,139.1350432762403,140.98641942038677,5040626
2022-08-12,143.12022399902344,143.46538678489264,139.32334397705296,139.95092660758021,13279062
2022-08-16,143.6222686767578,144.31260695053066,142.49262771100223,143.84192002274915,11298246
2022-08-17,143.40261840820312,144.940190609895,142.90054724085056,143.6222697558448,11225465
2022-08-18,145.1912384033203,145.41088976943342,142.93194349664046,143.0574549149333,11360485
2022-08-19,144.5891876220703,145.57148642466726,143.03650180852262,144.77930373212206,9829530
2022-08-22,143.19493103027344,146.26861003517342,143.00481492993597,144.55748777054902,9190493
2022-08-23,144.20892333984375,145.0327854944223,142.0858636911449,142.561173243493,8903751
2022-08-24,145.41305541992188,145.7299285089987,143.54350935180813,144.08219102451895,13007225
2022-08-25,143.416748046875,146.395349568978,142.6562449882803,146.07847651796288,12124365
2022-08-26,146.04678344726562,146.522093021809,143.60686354332893,143.60686354332893,7966045
2022-08-29,143.8920440673828,145.06447166696526,142.9731045698535,144.6525341607346,7517013
2022-08-30,145.50808715820312,145.92002465995805,144.55746810504377,144.62084012986853,7214498
2022-09-01,143.2899932861328,145.82497773310055,142.59287514193622,142.62456760496238,13109081
2022-09-02,142.08587646484375,145.03279853305315,141.83238832901333,144.17724384063055,6897237
2022-09-05,141.57887268066406,142.9414292912508,140.50149664023883,142.59286380007862,18055474
2022-09-06,142.62457275390625,144.4941186935991,141.9591341551149,141.9591341551149,14103701
2022-09-07,142.212646484375,143.8286915198707,141.35709171339505,141.35709171339505,7866745
2022-09-08,142.212646484375,143.79701194678205,141.61057987250084,143.22663780159567,7187735
2022-09-09,141.2620086669922,143.32168349779923,141.008507647558,143.25831146634005,9162027
2022-09-12,141.92742919921875,142.40273875835024,140.81837356124532,141.67394108255957,8778919
2022-09-13,143.73365783691406,144.17727506428696,141.83241904485755,142.14929217686696,11278383
2022-09-14,147.377685546875,147.78961026641002,142.40276750867963,142.592896528157,25072958
2022-09-15,150.57806396484375,150.99000148991544,147.25089709045946,147.9480151901825,23606369
2022-09-16,149.34228515625,151.1167666677763,147.91635629650273,151.0850870959411,29399642
2022-09-19,147.7578887939453,150.8949264705853,146.8072697533155,149.53236993363006,13920046
2022-09-20,147.47271728515625,149.7225211734558,147.09247219105436,148.29659240037526,20162973
2022-09-21,143.8920440673828,148.51838244019928,142.14924245098842,148.20150941903665,14468837
2022-09-22,139.48751831054688,143.48012402047297,138.88546465451574,141.9591307550917,26264530
2022-09-23,128.3652801513672,139.26570812103532,125.54510221662562,138.34678141601478,87162722
2022-09-26,127.28791046142578,132.6747526861768,118.09859137214468,126.74922881767036,167547134
2022-09-27,129.82289123535156,131.75582207564608,127.54140776217632,130.42495779076035,54127095
2022-09-28,131.62908935546875,133.3402119456725,128.3653065228214,130.04472374987282,52877873
2022-09-29,131.81918334960938,134.4175396734544,130.58338366314553,132.42123696227702,36761869
2022-09-30,134.48089599609375,138.60024499467036,131.1854219546706,131.1854219546706,62897614
2022-10-03,133.5937042236328,136.0336245168524,132.45295590528627,134.9879407073013,11740863
2022-10-04,132.10433959960938,134.5759514110099,131.81915907635315,134.41751492173543,19179333
2022-10-06,130.7418212890625,133.65705067449952,130.29819129748918,132.3578660547736,20692745
2022-10-07,132.70645141601562,132.92825999819868,129.28421949765212,129.28421949765212,14282850
2022-10-10,132.4212646484375,134.3225032673302,131.53403027450057,131.78751844213994,16834226
2022-10-11,132.04100036621094,134.0056107422756,130.90026509636584,133.08668403376723,17807162
2022-10-12,136.60398864746094,136.85747679417344,132.6747547566364,133.37187294729281,35288330
2022-10-13,135.5899658203125,137.71302545874897,135.14634873103736,136.22371188704656,16436903
2022-10-14,134.76612854003906,138.1566680440517,134.06901031670174,138.1566680440517,23365190
2022-10-17,134.25912475585938,136.223735321993,133.7204430851839,134.3224967947155,9520537
2022-10-18,134.5759735107422,136.25540315156218,134.06898439796413,134.9562185687249,13256574
2022-10-19,135.55831909179688,137.45955775256934,134.95625244639234,134.98794491484514,11595367
2022-10-20,137.8397674560547,138.1566404846893,134.5759726823989,134.70272963001068,16371066
2022-10-21,137.71304321289062,138.7270344716708,135.6216757656078,136.4772304872786,11634491
2022-10-24,138.69532775878906,139.5825748541752,138.5368912379557,139.297394274114,1132859
2022-10-25,138.47352600097656,139.04390008267495,135.78010501468754,138.69533456230437,20622687
2022-10-27,141.895751953125,142.49780558043685,137.74470991135223,138.98052252147255,24298489
2022-10-28,143.73365783691406,145.12789446031522,141.45216097156563,141.83241904485755,11669879
2022-10-31,144.5891876220703,145.92005196682655,143.67024796255876,144.46243065510396,11755682
2022-11-01,149.02540588378906,149.50071548395408,145.63486664799828,146.173548282799,15220278
2022-11-02,147.85296630859375,149.9126410781662,147.56777283511008,149.02539398332326,12884449
2022-11-03,144.5258331298828,148.0431169755998,143.67026540319483,147.6628718157385,9358215
2022-11-04,143.32167053222656,145.41302474277043,142.59286000238401,144.49409813574914,8059667
2022-11-07,144.49412536621094,146.96573798408954,143.48013408271166,144.05050820892959,14862038
2022-11-09,138.6319580078125,146.39534765625,138.1883408996264,146.39534765625,22831150
2022-11-10,136.19203186035156,139.51919869947938,135.30478479119813,136.88914995268757,16217631
2022-11-11,135.65335083007812,138.06157814907556,135.33647779650502,136.88915050357448,12123886
2022-11-14,137.14584350585938,138.67076510697518,136.43205182044179,136.88627929243907,18460862
2022-11-15,140.1632537841797,140.48770576053195,136.0427163249028,136.26983006795248,15258103
2022-11-16,140.8770294189453,141.1041431360833,138.50852762140175,140.13078731807772,9825807
2022-11-17,141.6557159423828,143.05084866033135,140.32545776714971,140.74724791066137,9449665
2022-11-18,141.68817138671875,141.9801860782881,140.71481548545623,141.68817138671875,5828998
2022-11-21,142.14239501953125,142.43439647410648,140.4876849049843,141.13658876135835,4712051
2022-11-22,141.3312530517578,142.23970781101434,140.7472369908203,141.78548043138608,4366445
2022-11-23,139.6116943359375,141.98019651009577,139.02767811187329,141.62329403928283,13510578
2022-11-24,143.24554443359375,143.40777041822975,139.57923454042313,139.7739110027801,7622243
2022-11-25,143.148193359375,143.3428698042659,140.5525778380736,143.24553158182044,10989671
2022-11-28,143.60243225097656,144.18643517458287,142.2072862848416,142.2072862848416,4526153
2022-11-29,142.3370361328125,144.21885966421527,141.8179210495853,143.602406377264,6476054
2022-11-30,145.3544464111328,145.97089972003042,141.23391005728487,142.33704120014832,17317951
2022-12-01,143.99179077148438,145.9060521648081,143.0833225908282,145.35448644147627,13241961
2022-12-02,142.62905883789062,143.73219000408199,141.81792909746127,141.81792909746127,12880949
2022-12-05,143.99179077148438,144.21890451615224,140.9419342508518,142.56419414417186,16477957
2022-12-06,145.03001403808594,145.451804191345,142.36951082811945,143.7646567802918,11299945
2022-12-07,143.44021606445312,145.41936508915808,143.05086315285374,144.60823519329932,5813973
2022-12-08,141.3312530517578,143.95930552300413,140.7472369908203,143.92686825416305,11176439
2022-12-09,140.94190979003906,142.0774915182801,139.9685540229753,141.7206023248796,6020031
2022-12-12,139.87124633789062,141.46105567361232,139.25477968784722,140.1632478233957,8194429
2022-12-13,140.35792541503906,140.68237738021298,138.24898764140846,139.87124746727815,8235450
2022-12-14,142.23971557617188,143.11574631639326,140.35790501328148,140.35790501328148,10055353
2022-12-15,140.39036560058594,143.018431853767,140.09836410667006,142.43441566395072,5385778
2022-12-16,138.3463134765625,141.59083314723222,137.95697375647902,139.51434583879734,11166617
2022-12-19,142.0450439453125,142.23970716341765,138.5409607976227,138.89786316712113,7758862
2022-12-20,141.00682067871094,142.04506426305733,138.80054481073523,142.04506426305733,6541929
2022-12-21,140.19566345214844,141.6232464517402,138.76806725057583,140.8445672159594,7005861
2022-12-22,139.51431274414062,140.81212030455123,138.11916697630298,140.22810426197023,6961415
2022-12-23,137.08091735839844,139.70898282996708,136.561789076959,138.47606306303388,4554651
2022-12-26,137.47027587890625,139.0276477354761,136.88625978244477,137.24316217527746,6864331
2022-12-27,137.98941040039062,139.64410734535642,137.4378447520687,138.184073639925,13115851
2022-12-28,140.00100708007812,141.72060494069348,137.8920695458475,137.8920695458475,16815549
2022-12-29,140.00100708007812,140.4876849725929,138.54097340253387,138.89787580450445,22536873
2022-12-30,138.67074584960938,140.64990784985827,138.37874440130233,140.19568044094007,4643134
2023-01-02,139.54676818847656,139.83876961918568,138.21651011084245,139.2223162868079,5959394
2023-01-03,139.90367126464844,140.29301094495236,139.09254142985574,139.6765575513031,2873110
2023-01-04,136.95115661621094,139.77388559537894,136.59425423409388,139.77388559537894,9954542
2023-01-05,135.49111938476562,137.5027185342271,134.06352309658075,137.5027185342271,21273509
2023-01-06,135.0369110107422,136.46450763944154,134.68002175505598,135.06936148943404,11510471
2023-01-09,135.68577575683594,137.5351488621696,132.53859511063922,135.75066349348288,52485126
2023-01-10,137.43783569335938,137.85961261887547,135.62089969889706,136.20491578297296,17248326
2023-01-11,137.53518676757812,138.24899167336594,136.33471710182036,137.6974127548963,9164361
2023-01-12,138.5409698486328,138.80053402504547,137.1782744249444,138.5734203214278,21179555
2023-01-13,138.8654327392578,139.7414503521228,138.41120529613775,138.60586854233915,6560245
2023-01-16,139.9361114501953,140.09833740522637,138.0218372596395,139.51432132671815,8362194
2023-01-17,141.72061157226562,141.9152748171908,139.44944796758824,139.93612588287624,13000571
2023-01-18,142.3370361328125,142.8561644180204,140.42277533482218,141.6556951107054,11171369
2023-01-19,143.24554443359375,143.56999640286577,141.88284880304818,141.98018703422667,11586815
2023-01-20,144.8677978515625,145.2895880332964,143.40776405462626,143.40776405462626,10112645
2023-01-23,146.06826782226562,148.14476826002868,145.06247468074105,145.35447616009054,14393610
2023-01-24,143.3752899169922,147.041599042419,143.08328848658772,146.81448535188423,6150893
2023-01-25,142.3695068359375,143.56997631387168,141.33126331993992,143.21307391681816,5790331
2023-01-27,142.2721710205078,143.69975422886003,140.81213733842733,142.30462149423605,10458603
2023-01-30,137.47027587890625,142.0126027594119,136.6267088080018,141.46103713574698,24288177
2023-01-31,140.5850067138672,142.88860721391467,137.66493970103258,137.95694112152356,20997546
2023-02-01,140.52015686035156,146.00339000415826,138.60588227021728,146.00339000415826,20246369
2023-02-02,138.0218505859375,140.87703031055426,137.1458329845848,140.1632386798959,12820663
2023-02-03,139.4169921875,139.61166862700094,136.52937528079426,138.34629817421057,10815686
2023-02-06,140.84457397460938,141.03923719190536,138.24895879481087,138.5085097512055,6948201
2023-02-07,140.7147979736328,141.59081553535268,139.5792162301486,141.46104004546183,10035526
2023-02-08,140.814453125,141.64472702314268,139.78490808587404,141.3790366730225,12432719
2023-02-09,141.3790283203125,142.10966660479727,140.81444480564573,140.81444480564573,7011082
2023-02-10,142.2092742919922,142.44174822145092,140.7147816565971,140.74799800947795,10892159
2023-02-13,143.47132873535156,143.80343829260931,142.14289050632053,142.2093097150576,7710133
2023-02-14,142.8070831298828,144.16873746747945,141.31259039945382,144.16873746747945,6010681
2023-02-15,142.47499084472656,142.93993878937397,141.4786622374208,141.6447170053051,8107497
2023-02-16,142.54141235351562,144.06912164817703,142.14288360686496,144.06912164817703,3963115
2023-02-17,142.01004028320312,143.4048976050133,141.4786596303367,142.14287868963405,6491149
2023-02-20,143.3384552001953,144.1355125369072,142.2756940664872,143.2056033016972,6841917
2023-02-21,144.26837158203125,145.29791651016026,143.504530488949,144.5008590593044,6701434
2023-02-22,142.5746307373047,144.33481403303873,141.47866653327617,143.47132380839275,9128659
2023-02-23,141.6446990966797,143.40488211642156,141.2129540520532,142.80708232490565,10345874
2023-02-24,142.84030151367188,143.0727754612154,141.08011845900785,141.08011845900785,9808830
2023-02-27,145.5968017578125,146.09496601589842,142.5081941685362,143.7701994781642,17763618
2023-02-28,147.6226806640625,148.12084494076913,145.2979140394316,146.52671655259377,36559278
2023-03-01,145.3975372314453,147.62266810877364,144.40120876276967,147.15772022881956,12896085
2023-03-02,146.36065673828125,146.79240179922834,143.33846833879232,144.79974476122976,79708558
2023-03-03,147.52304077148438,149.74817177268096,146.3938738495549,146.3938738495549,9951869
2023-03-06,150.87734985351562,151.9733139156786,148.1208382770361,148.78505728276272,15659957
2023-03-08,151.47515869140625,151.67441629686058,149.91423312403964,150.74450693069377,11591495
2023-03-09,149.98065185546875,153.06925931738832,149.78138075502306,152.10614719689704,13941653
2023-03-10,150.47882080078125,151.5415685047437,147.62267367741,147.62267367741,9605434
2023-03-13,150.179931640625,152.80360512097593,149.7149836889536,151.47516695783273,13209653
2023-03-14,149.58212280273438,151.27588676469392,148.78506535803047,149.54891995878813,9583405
2023-03-15,151.64120483398438,152.80358809723438,149.91422460344242,150.51202441297076,12228069
2023-03-16,154.19847106933594,154.69663540823308,151.67443301349485,152.4050713411628,18437817
2023-03-17,152.5711212158203,155.4272687391045,151.6412252906321,155.39405237881687,33711025
2023-03-20,151.1098175048828,152.3718362658793,149.64854115861513,149.64854115861513,9281411
2023-03-21,148.22047424316406,151.24266261948995,147.75551282971912,150.94376947150914,11272787
2023-03-22,148.85147094726562,149.24999963317276,146.65955641799147,148.1208327708409,7589846
2023-03-23,147.5562744140625,149.11718658202855,146.95847452683216,148.78507703507526,17091298
2023-03-24,147.72232055664062,148.95112310585876,146.65957277119713,148.12084928698553,10371666
2023-03-27,146.19459533691406,150.2795447817621,145.8292830047025,148.0544138932323,19983733
2023-03-28,147.52304077148438,148.18725978757712,145.26469341405493,146.95845731051963,8689166
2023-03-29,147.7555389404297,148.5858128466213,146.4935334138766,147.52306494941058,19743258
2023-03-31,149.91424560546875,150.6116810665531,148.1208594392121,148.78507853983638,10202058
2023-04-03,149.18360900878906,151.01021155645884,148.6854446776064,151.01021155645884,7643214
2023-04-05,149.88104248046875,150.51204521946207,148.58580712851148,150.51204521946207,12019382
2023-04-06,149.61534118652344,151.04341484839873,149.21681245877414,150.9105629301015,4282875
2023-04-10,152.13937377929688,152.37184773639873,149.44928131028348,149.58211971046433,4145643
2023-04-11,153.6670684814453,154.09881354970818,151.74083060935985,152.03973727826673,5106602
2023-04-12,150.9770050048828,153.79993614565572,150.8109502318962,153.7003005791493,9118795
2023-04-13,153.5674285888672,153.86633524933387,150.77771417259962,150.9769852795774,11428621
2023-04-17,157.18743896484375,159.34615085097062,154.2980888353574,154.49734643978033,21815047
2023-04-18,152.96966552734375,157.75203768543105,152.53792040570076,157.35350892451916,13482833
2023-04-19,152.73716735839844,153.7002931030168,151.87369068901148,152.1061646571706,8264190
2023-04-20,153.36817932128906,154.69661740373664,152.5379055197593,153.33496296379948,7308750
2023-04-21,153.7999267578125,154.33129389079224,152.50469149943376,153.96598152066326,5030650
2023-04-24,154.06558227539062,154.2980697221085,152.73714435617683,153.4345796691918,5725067
2023-04-25,154.6966094970703,155.36082850434536,153.20211673070148,153.63386178814432,8338703
2023-04-26,158.28338623046875,159.0804435904209,154.09880130679605,155.46045560308133,13581018
2023-04-27,156.7224884033203,158.28341407092955,155.09515704319946,158.08414293910695,9794457
2023-04-28,157.58595275878906,158.05090063863474,154.82944129338188,157.38668165967252,10585487
2023-05-02,159.47898864746094,160.17642404421662,158.25018612736037,158.5490792896437,6732907
2023-05-03,159.21327209472656,160.74098103895403,158.6154858686598,159.41254317912797,4789217
2023-05-04,158.64869689941406,159.87749928049308,156.05824023627187,159.18007747621172,9189783
2023-05-05,160.1099853515625,160.40887847745924,158.2169505089855,158.6154926949402,3896441
2023-05-08,162.5675811767578,163.5639095598636,160.14317940848673,160.64134360003962,8758321
2023-05-09,161.67091369628906,163.99568028822625,161.20595226975922,162.10265876607727,9166941
2023-05-10,164.4938507080078,164.69310831519556,162.4679771967197,162.833303080254,9689409
2023-05-11,165.09164428710938,165.52337584307276,163.7964090785072,164.52704730425754,12616726
2023-05-12,160.574951171875,165.7890678763965,160.17642245492783,165.29090360181985,13853807
2023-05-15,161.57127380371094,163.16540212668772,160.97347399339836,161.67090935769141,12187763
2023-05-16,159.8111114501953,162.4347849818797,159.41258269616932,161.7705658873123,11418509
2023-05-17,158.615478515625,160.67455440018782,157.7187721909566,160.0103355010664,11560929
2023-05-18,156.52322387695312,160.07679313809277,155.82578845992708,160.07679313809277,14497723
2023-05-19,155.2279815673828,157.7520192813121,154.0988146242712,156.5232167812034,10071694
2023-05-22,155.6597442626953,158.74836579787896,154.53057719173765,155.89221824629576,12566129
2023-05-23,155.49368286132812,157.12102770433617,154.9955185547368,155.46048001569838,12458561
2023-05-24,156.62283325195312,157.98447398641295,155.99181714358184,157.95127114717388,8877971
2023-05-25,158.0509033203125,159.61182875821402,156.95495279728542,157.88484857275446,12502747
2023-05-26,157.61920166015625,158.01773042711235,155.95865386986202,157.98451406587748,6811801
2023-05-29,155.7593536376953,158.31659405440615,155.49366333815794,158.2169585028834,13638297
2023-05-30,156.15786743164062,156.68924798001785,155.22795822876483,156.68924798001785,9469926
2023-05-31,155.32760620117188,156.2242991239454,152.7703658237919,156.0914607330048,48104157
2023-06-01,154.7630157470703,155.49365389123108,152.8035752449707,154.72979939405744,8804790
2023-06-02,155.82577514648438,156.15788464744173,154.82944664361227,155.42724644804957,6617781
2023-06-05,156.49002075195312,158.08414933026697,155.95865356823018,157.05460429684672,27428302
2023-06-06,156.29074096679688,157.41990789649117,155.72614398837916,157.05458202969976,6898603
2023-06-07,158.88119506835938,159.44579208491356,156.85533502664836,157.2206474045447,11153571
2023-06-08,160.508544921875,163.03256934190404,158.91441641189397,158.91441641189397,19300834
2023-06-09,162.667236328125,163.06576502669822,160.60816012418826,161.77054337794274,11037141
2023-06-12,160.508544921875,163.69678842826514,160.20963822486937,162.7336761584703,8188909
2023-06-13,160.9070587158203,161.7041161399441,160.37567809069068,160.74100395966363,6443218
2023-06-14,163.72999572753906,164.19494365683383,160.8074292065645,160.8074292065645,10297426
2023-06-15,163.69677734375,164.02888686444217,161.9366076949382,164.02888686444217,9732749
2023-06-16,163.69677734375,164.29457718371012,162.40155561847885,163.66357449982337,9702361
2023-06-19,161.4716339111328,164.9255807703731,161.00668602314371,163.69676482691486,10431647
2023-06-20,165.22447204589844,165.85547467441464,161.903377130403,161.96979632599894,13426365
2023-06-21,171.50135803222656,172.06595505114734,165.2244932421252,165.25770960096932,31172093
2023-06-22,168.41275024414062,171.36851969389744,167.84815322498955,171.36851969389744,7430965
2023-06-23,166.12118530273438,169.14338745116493,165.75587292545944,168.4459520281205,5593393
2023-06-26,165.05844116210938,166.22082455057492,164.16174810800743,166.05476978079415,7305362
2023-06-27,165.755859375,166.08796888004824,164.49384055310264,164.7927337022179,11142907
2023-06-28,166.15438842773438,167.71530040202927,163.69676997706736,166.58613348791903,17808717
2023-06-30,169.47549438476562,172.49768297328495,166.85182101248765,170.37218740523682,17659979
2023-07-03,166.38687133789062,169.34264069275605,165.72265229063356,169.07696388471012,12467239
2023-07-04,165.7890625,167.71530033527765,165.5233721927944,167.71530033527765,8637967
2023-07-05,168.2134552001953,168.67840307666336,165.72263404718154,165.8554724365811,5340907
2023-07-06,174.49032592773438,175.088125730562,168.97731633482869,172.66372367738722,16705046
2023-07-07,169.67474365234375,174.39070951628372,169.17657938617296,174.39070951628372,13149183
2023-07-10,166.0547637939453,170.30576844978455,165.05843521118163,169.6747522392248,15319047
2023-07-11,168.3795166015625,169.64153540503776,166.08796645560835,167.38318810096155,7486045
2023-07-12,167.41641235351562,169.2097983337641,166.81861252224252,168.71163405996498,9390877
2023-07-13,161.4716339111328,167.5160240228409,160.54172462158465,167.21713088250075,30591450
2023-07-14,159.44578552246094,162.33513563586462,157.22064093367436,161.4052262796872,72085831
2023-07-17,160.0767822265625,162.70044192401784,158.88118259703552,161.07311074664483,11474161
2023-07-18,160.1764373779297,161.87018796114782,159.146892375791,160.07680181101753,14940593
2023-07-19,161.57127380371094,163.53071447318908,159.7778878863435,160.07678103471463,22954874
2023-07-20,162.2355194091797,163.29826729420188,160.9402975358046,162.03624826855005,10249082
2023-07-21,162.13587951660156,163.59716964392754,160.87386052459297,161.57129598463177,18466409
2023-07-24,164.3610076904297,164.8259691595229,161.30560259261486,162.1026736052439,14825562
2023-07-25,166.81861877441406,167.05109274151903,164.8259616045351,165.35732874169338,10500017
2023-07-26,166.71897888183594,169.80760011762,166.05475984246607,168.64521679872274,12898171
2023-07-27,166.51971435546875,168.31311394089295,165.855495289809,167.383204546255,10836773
2023-07-28,171.50135803222656,173.46081239188413,166.12118628162946,167.25036680589946,17518458
2023-07-31,176.71546936035156,177.34647200137036,172.13235558344482,174.0253770200713,24269734
2023-08-01,167.2503662109375,174.0253952781705,166.3868760197775,174.0253952781705,31395702
2023-08-02,165.09164428710938,168.57879417296263,163.7964090785072,167.98099434695936,20825405
2023-08-03,165.19126892089844,166.45328779257127,163.46430212924813,165.390540037215,10882019
2023-08-04,164.29458618164062,165.42376672197855,163.79642187331936,164.72633128490008,7406390
2023-08-07,164.693115234375,165.35733431338207,163.39789343573992,165.25771226238842,6345966
2023-08-08,163.54188537597656,166.08135564578987,162.9662748703205,166.08135564578987,15171726
2023-08-09,162.7631072998047,164.8962650237864,162.35679482321476,164.55766899704352,18442141
2023-08-10,163.74502563476562,164.3206360600138,162.55993967439926,162.89853566307536,9962450
2023-08-11,165.43804931640625,166.7585685103575,164.4222610818254,166.25067439306707,23866073
2023-08-14,165.5734405517578,166.11519965147772,163.03397060464496,165.81045499132043,9188486
2023-08-16,167.97747802734375,168.38379046438354,164.59151808950176,165.641157403729,9191471
2023-08-17,165.0316925048828,168.48538288626898,164.01590445800622,167.97748886283068,15301142
2023-08-18,163.2032928466797,164.9978546314083,162.59381721332736,164.9978546314083,12292241
2023-08-21,167.40187072753906,167.74046675552964,163.6773144196427,164.08364067523752,9129526
2023-08-22,167.80819702148438,169.39959559790228,167.06327473772876,167.94362992170852,11107830
2023-08-23,169.02713012695312,169.29800969797134,167.40186647835114,169.29800969797134,8487619
2023-08-24,166.7924041748047,171.09257085298225,166.45380815640476,169.2980091999612,18982087
2023-08-25,163.88046264648438,167.53730217178324,163.47415020534146,166.69081217877454,12851343
2023-08-28,168.2822265625,168.6208225918008,164.2529393248235,164.55767024019113,11908665
2023-08-29,170.07681274414062,171.32961547730676,168.34996723524296,169.02715939127975,12363321
2023-08-30,167.33416748046875,170.3815319728276,166.89398985384852,170.1783826065089,6748007
2023-08-31,165.6073455810547,169.02715766766187,164.93015343192343,167.84207140668215,20715819
2023-09-01,170.787841796875,171.05872139188168,166.04749710553818,167.2664483943139,13120723
2023-09-04,172.95484924316406,173.69975772938707,169.8397686241814,171.73589806388475,10240031
2023-09-05,172.20994567871094,174.03835872237877,171.32959049323668,172.88713773599645,10893186
2023-09-06,172.34539794921875,174.20767631605705,170.75399919124058,173.83521513168571,10018473
2023-09-07,174.03834533691406,174.51237422955282,170.75396686718568,172.00676932130807,13760453
2023-09-08,175.15573120117188,176.95029293746228,174.10607798442433,174.88485161838142,16781751
2023-09-11,179.11729431152344,179.45589033101592,174.44466648702573,176.30694459423438,17683806
2023-09-12,172.72911071777344,184.42195661941494,172.14220271172175,183.2933032741309,29826173
2023-09-13,174.44468688964844,175.70878711010414,172.72913903457652,174.44468688964844,10692151
2023-09-14,176.2053680419922,176.65682941414948,174.89613281823756,175.34759419039486,10941807
2023-09-15,175.25730895996094,177.15343844329055,173.54174749122546,177.1082895508882,20516593
2023-09-18,180.6748504638672,181.03601405821703,175.2573138835714,176.29566955045826,25627043
2023-09-20,184.78314208984375,185.9569444636259,179.1850235889308,179.41075428475395,33369524
2023-09-21,182.02923583984375,185.5957780238209,180.94571749445132,185.09916774510071,20332556
2023-09-22,179.81704711914062,183.20300718624097,177.33400973660034,181.08114714402882,21193988
2023-09-25,179.5913543701172,181.17146940175098,177.60492680013664,180.58457504386232,11951847
2023-09-26,179.09474182128906,180.62970781661915,178.41754972533386,179.77193391724427,7440011
2023-09-27,179.9976806640625,180.22341138283983,178.1466860145863,179.9525317648051,6736870
2023-09-28,181.26174926757812,184.60256081987242,178.59812980470193,180.67485496775242,50185120
2023-09-29,180.35882568359375,182.30010415366542,179.77193138636508,181.4423302663665,16293959
2023-10-03,180.17823791503906,180.58455039793284,177.78548435576175,179.45589695794575,10830728
2023-10-04,179.681640625,180.0428042408809,176.4311129720367,179.59134283227536,14120040
2023-10-05,177.51463317871094,180.13310386423,176.38597964572705,180.13310386423,14575590
2023-10-06,177.92092895507812,178.28209254064868,175.93450167942478,177.87578006250487,12857229
2023-10-09,177.19857788085938,177.78547211825185,174.94127115626245,177.42430855331907,7853369
2023-10-10,178.73355102539062,179.2753101725064,176.7019748899675,177.19858514523906,7440527
2023-10-11,179.23016357421875,179.81705784318166,178.19180793605125,178.19180793605125,10031916
2023-10-12,181.26174926757812,182.39040274994161,178.19181730655274,178.19181730655274,21872719
2023-10-13,182.20982360839844,182.75156902133702,179.95251661071637,180.99087231864672,13105921
2023-10-16,183.33847045898438,184.06081142755068,180.67485105380993,180.85543285157448,18336656
2023-10-17,187.04043579101562,188.71084833271482,182.9321484402279,183.78992226805698,19378328
2023-10-18,186.45355224609375,188.21424889436878,184.19624531817493,188.21424889436878,14923328
2023-10-19,185.82151794433594,187.2661861807565,182.5709903017493,184.19625412304262,13192888
2023-10-20,183.15789794921875,185.2797582911917,181.3971874435809,185.2797582911917,22081120
2023-10-23,180.35882568359375,185.23460319482527,179.68163359717224,182.39040194285826,6988219
2023-10-25,180.1331024169922,180.99087633966658,178.5981363799682,179.68164100742578,16817158
2023-10-26,179.636474609375,180.58454623259763,177.24373488279608,179.4558928186439,11070090
2023-10-27,181.44232177734375,182.20981161705004,179.81705809047062,179.90735587543875,9995487
2023-10-30,181.35205078125,182.57098830072857,178.46268678505945,181.4423347951881,7679981
2023-10-31,182.5258331298828,183.24817410409682,181.08116495896292,181.93893883818225,7474770
2023-11-01,181.44232177734375,182.70642187935957,181.03600930000238,182.70642187935957,5598615
2023-11-02,183.3836212158203,183.88021772034085,181.39718008770546,182.16466995788693,12924797
2023-11-03,184.55740356445312,186.45354683993008,183.38361501797547,183.6544808194656,8684015
2023-11-06,187.98851013183594,188.6657021811419,185.05401125151008,185.09916014363196,9804415
2023-11-07,187.80792236328125,188.80114284832067,185.7763462800246,187.98850414851375,10730361
2023-11-08,186.9049835205078,189.2525878583378,186.58895509050942,188.71082877191367,7435543
2023-11-09,189.43321228027344,190.06525550507354,186.09240056846517,187.17590520776662,13777877
2023-11-10,190.6521453857422,192.32255809143655,189.25262605544054,190.06525107158402,12066023
2023-11-13,191.6905059814453,194.21869248180155,190.24582404481086,191.41962639613786,11352269
2023-11-15,189.74920654296875,194.12838730242171,189.43319185339953,194.12838730242171,19182861
2023-11-16,190.7156982421875,192.23443691394812,189.33503438322643,190.25547695586715,27533260
2023-11-17,192.8326873779297,193.93721547518436,190.43953146318057,191.17588820962928,16705395
2023-11-20,192.6486358642578,194.39747115795637,192.23443950994385,193.3849927412822,11156900
2023-11-21,192.3264617919922,193.43099000729424,191.40601927176746,193.29292924719584,9608081
2023-11-22,194.765625,195.68606743564303,191.6361122919115,191.6361122919115,13079580
2023-11-23,194.12132263183594,196.1463074198616,192.602598085655,195.1798399610018,11382709
2023-11-24,193.70712280273438,195.22586136629346,192.8327052299908,194.48950455167432,7250200
2023-11-28,193.47702026367188,197.38890108221955,192.83271329076118,197.38890108221955,15629209
2023-11-29,194.25941467285156,194.62758609706478,192.46455440134295,193.56908271882213,10062023
2023-11-30,192.3264617919922,195.87017111279275,191.68215483680254,193.66110063735042,60354322
2023-12-01,193.47702026367188,195.5480159911383,192.7866883545164,194.67359838184242,20719909
2023-12-04,195.9622039794922,197.06674622295733,194.8576757808651,194.8576757808651,27914088
2023-12-05,204.61436462402344,205.4887821646929,194.7196080360259,196.69855373569038,40709207
2023-12-06,206.54730224609375,208.25012657859452,204.79846702204324,208.0200159414911,29544730
2023-12-07,211.70175170898438,213.91080784801312,206.40920791625976,207.0995397153108,24534268
2023-12-08,210.4131622314453,214.83127501895567,208.43420241906983,213.3585754380649,22206320
2023-12-11,212.576171875,214.3710317663303,208.52623088713486,209.86086957326066,19106395
2023-12-12,212.9443817138672,214.7392418112625,211.24155744117732,211.7017786992191,14355329
2023-12-13,218.09884643554688,218.6050926168904,212.25404501774537,212.62221639790184,26878281
2023-12-14,213.6347198486328,218.69715383514222,212.7142773056311,218.37499332715618,29972018
2023-12-15,218.46702575683594,219.15735760897064,209.07850133193375,216.30398033554548,41341690
2023-12-18,213.4045867919922,218.05280990992446,213.03640138657096,218.05280990992446,29051897
2023-12-19,214.96932983398438,215.75169746347825,212.4841381108706,213.68070202007732,12612164
2023-12-20,209.07850646972656,216.67215702981113,208.20408891116924,216.25796071731955,20400245
2023-12-21,213.86483764648438,214.64720540733333,204.9825583821568,206.5933328863529,17755207
2023-12-22,213.31253051757812,215.56761163425506,212.1619774942902,214.46308354086602,9735375
2023-12-26,214.7852783203125,217.04035979727067,212.66825761027135,213.54267523870342,6772092
2023-12-27,215.42958068847656,217.08638008015362,214.00289193328692,216.30399829816096,10231881
2023-12-28,220.0778045654297,220.86017225356414,215.475592124035,216.39603461231394,39164340
2023-12-29,218.32894897460938,219.295416367779,216.07386775377176,218.88122006923126,12665999
2024-01-01,219.29541015625,220.44596320009182,217.5925860334293,218.9732496860395,5952776
2024-01-02,218.92723083496094,220.9982262385275,217.36246751639703,220.9061763804344,9128513
2024-01-03,218.19090270996094,219.7096272537495,215.93582133939924,217.22443525262355,8284439
2024-01-04,222.2408447265625,223.75958331885636,218.19090323678884,219.06532082607654,19663959
2024-01-05,222.05674743652344,225.50840672310153,220.26188741647036,222.74707929383905,16345257
2024-01-08,223.06924438476562,225.73852200356993,221.27437028281187,223.1152552736667,13585746
2024-01-09,223.02320861816406,225.1862399504512,222.28685184862147,223.29934416234718,8688409
2024-01-10,220.1238250732422,222.83914176819286,219.0653217834006,221.82664936890563,16872195
2024-01-11,222.70108032226562,223.759597720448,220.16986321703357,221.13633073890819,18812468
2024-01-12,220.4459686279297,223.34535675186524,219.8016617164815,223.20729600113967,11296498
2024-01-15,221.9647216796875,222.28688219936134,218.14489060558444,221.27438974739135,12597366
2024-01-16,220.0317840576172,223.11525802846788,218.78918105551264,222.4249261483738,7478450
2024-01-17,220.16983032226562,222.01071521466724,218.7891666529644,219.52552341889248,13620300
2024-01-18,214.87730407714844,216.9482997528553,208.06603502831462,209.1705632463906,25522629
2024-01-19,216.6721649169922,218.09885364069706,213.91083734008146,216.30399352467276,20931080
2024-01-23,219.019287109375,227.16520874234408,217.45453768946598,221.82663950544466,27492163
2024-01-24,226.61293029785156,227.34928707304752,216.30397757962012,217.36248078813864,28309825
2024-01-25,225.9686279296875,228.9140410448544,223.75957160452174,225.2782960724685,20651484
2024-01-29,233.7463836669922,234.71285115719547,225.6464863867173,225.92262196175236,26181011
2024-01-30,233.88446044921875,236.50772736691485,231.4913041718525,233.79241057515125,16031367
2024-01-31,238.67074584960938,239.31506688092918,232.31969776955106,233.79241149136928,34369455
2024-02-01,244.6536407470703,249.393942781313,237.75032099585863,238.39464207517705,29929092
2024-02-02,255.0546112060547,259.0125025469763,242.9507984786855,243.45703059566105,33900724
2024-02-05,260.39312744140625,266.3760025382098,253.02958886072503,255.42274451738052,27440927
2024-02-06,252.43133544921875,260.39315681992844,250.63646148180516,260.39315681992844,29668277
2024-02-07,246.63258361816406,252.56942099785624,245.57405225207833,250.4524144450376,27335466
2024-02-08,254.22622680664062,265.13344783422536,249.25581489216967,249.25581489216967,69776717
2024-02-09,251.28079223632812,257.21765735470467,247.69107225088695,256.4352756437262,24496638
2024-02-12,248.7956085205078,254.0421422595654,245.0678274514829,251.46491437106388,19140023
2024-02-13,248.74957275390625,249.30184384326517,243.22691803966597,248.79558364065517,22031847
2024-02-14,251.8790740966797,253.121677038257,245.75813734259862,248.05924349749185,13546941
2024-02-15,263.5769958496094,265.1679211829919,253.93794064424642,254.54622554489833,25475670
2024-02-16,256.93255615234375,264.7467557788312,255.76276664416642,263.9045130448063,25129188
2024-02-19,258.6170959472656,260.4419506262549,255.7627921273332,257.4473063225352,11429901
2024-02-20,269.4259033203125,270.22136586676123,259.88043844086667,260.48872324956994,43053543
2024-02-21,262.1264953613281,270.8765284856252,261.33103261197016,269.09842520141785,24651085
2024-02-22,264.46600341796875,265.30824610644413,255.71597265815117,262.1264245281412,26793590
2024-02-23,263.8577575683594,266.89921057410527,261.09704264710945,264.4192337373513,14313526
2024-02-26,269.33233642578125,272.79492494138776,263.9513044586698,264.7935757879309,31012494
2024-02-27,273.7307434082031,274.57298613759633,265.8697636683432,265.8697636683432,36510093
2024-02-28,261.6116943359375,274.80692469888646,260.53549378193117,272.794892609342,18824161
2024-02-29,264.7000427246094,266.71207547686885,256.7922522209526,261.6585892323293,35043015
2024-03-01,269.2388000488281,270.82969685367067,266.3377159749979,266.7120429550009,15149735
2024-03-04,275.7427978515625,277.94200800386034,269.5195229128343,269.5195229128343,23131460
2024-03-05,276.0703430175781,276.4914786933653,271.15722674353646,273.3096281636759,13220556
2024-03-06,274.8537902832031,275.9767712226256,268.1157904093969,271.67193955654477,15969436
2024-03-07,273.87109375,279.7200408596417,272.326977424917,275.13447203754504,14908694
2024-03-11,267.2267150878906,273.21606046966036,266.1505144068685,269.89384099081695,19020659
2024-03-12,266.8524169921875,270.1278281072644,264.6064265108556,266.61845905539633,17906155
2024-03-13,247.34030151367188,265.68260814711294,245.00072231449104,265.12110342744626,39389523
2024-03-14,249.25880432128906,251.1772480773971,243.97136039116597,247.1063740571006,26005940
2024-03-15,248.8844451904297,254.5462153959138,241.1170251585676,250.89647757820327,43817794
2024-03-18,247.90182495117188,249.53953051425344,242.84833921124095,248.88446542461196,12423655
2024-03-19,242.38040161132812,249.39913910972564,241.72530802108463,245.32826564879187,20031514
2024-03-20,247.6678466796875,248.13576251643707,242.33362327633205,243.2694549498312,11308487
2024-03-21,256.1839294433594,256.88580322265625,249.96065431212384,250.61571937054396,23559105
2024-03-22,258.0555725097656,260.39515158963655,253.93791904105572,256.18390924586885,22097588
2024-03-26,252.72132873535156,256.5114640995812,249.0248108084402,252.76813745401068,28477120
2024-03-27,252.9085235595703,255.29488303344507,251.9259116725202,253.61039735298263,18094214
2024-03-28,259.13177490234375,261.5649428734951,254.2186588018577,254.54620558708646,26646830
2024-04-01,262.1732482910156,263.53021569655294,259.8336690120322,262.7347530298351,8945400
2024-04-02,261.6116943359375,263.6237549847939,260.62908264734733,261.3309562990009,13229425
2024-04-03,262.1264953613281,264.9339907877772,260.67593892207054,262.1732755280408,14499308
2024-04-04,259.8336486816406,268.3029421444806,257.4004807100149,264.6531759073845,23722104
2024-04-05,260.5355224609375,261.9860786362818,257.4940696356444,261.9860786362818,9308711
2024-04-08,263.67059326171875,265.9633924529393,261.14383613503975,262.54758374779067,14473340
2024-04-09,263.1558532714844,266.10371705400445,262.9686755306553,264.69996967572695,5780865
2024-04-10,264.4192199707031,267.0395657132801,262.03286069877964,262.03286069877964,8809693
2024-04-12,257.5876770019531,266.1973401183883,257.02617226665217,263.4366251627604,17731780
2024-04-15,256.46466064453125,258.47672160527304,251.17721736100808,252.9085116819802,13378690
2024-04-16,256.6518249511719,257.86839464845417,253.84433005653736,255.4820354117408,9662195
2024-04-18,262.1264953613281,271.2976356640004,259.8805047320329,269.42597204636763,51039603
2024-04-19,263.5769958496094,264.1385005884101,257.07298258984304,260.25480469729075,18755469
2024-04-22,265.4486389160156,266.4312792733896,263.6237843540043,265.7761857018069,14965203
2024-04-23,267.03955078125,268.7240362249676,262.6879395855513,265.44862564938376,11464036
2024-04-24,271.7655334472656,273.1225009032958,266.1505429687712,266.7120477284843,19324163
2024-04-25,274.47943115234375,275.6024406363888,270.68932412249734,273.26286134405956,22022414
2024-04-26,273.4967956542969,277.1465333232782,272.74814176913173,275.36845892652474,15581578
2024-04-29,274.8537902832031,275.69603312759943,271.01687448171117,273.5436030149001,9804396
2024-04-30,282.48077392578125,284.82035292374314,274.24543871736705,274.8537521042883,33288857
2024-05-02,293.476806640625,296.89258639875555,282.48078492215257,282.57437379757704,44059506
2024-05-03,290.9032897949219,295.8164062222536,288.4701216619037,291.9794905385692,27074447
2024-05-06,287.15997314453125,290.8564913563709,283.6506041438061,290.2950151637093,16855909
2024-05-07,276.3042907714844,288.5168822082761,275.6024170438684,287.30031250413447,13857464
2024-05-08,282.6211853027344,283.4166479930991,273.2628679086041,273.2628679086041,18754452
2024-05-09,277.14654541015625,284.82037658468664,276.30430261278497,283.3230401897397,11196567
2024-05-10,284.25885009765625,284.91394364506374,277.24011305820795,277.24011305820795,11786977
2024-05-13,286.879150390625,287.90857080806825,278.5034751489871,284.67996909433424,11710605
2024-05-14,289.40594482421875,292.91531359734995,288.0021973149663,288.236155233175,9957875
2024-05-15,294.6466064453125,296.00354522861596,289.03161643609957,290.1078171426688,11397656
2024-05-16,292.4473571777344,295.34844067279994,285.7093586446345,294.31902026367186,19843532
2024-05-17,293.0556945800781,295.72282066822146,290.80970418560065,294.693400074285,9069551
2024-05-21,304.75360107421875,306.4381153454307,291.04367176561226,291.04367176561226,21976662
2024-05-22,304.84716796875,306.7188313177523,299.6533135989951,306.7188313177523,10287081
2024-05-23,299.3725280761719,300.12121050413447,289.17196917943966,298.95142098480017,35705284
2024-05-24,298.3431091308594,302.2268332025944,297.0329505742894,297.5944552583378,15058182
2024-05-27,297.5477294921875,300.86992092784953,294.3190983882074,300.86992092784953,12857918
2024-05-28,292.7281188964844,298.99820216530424,291.9794650252736,298.5302863559688,10935739
2024-05-29,297.3137512207031,298.24958294810943,289.2655926531455,289.2655926531455,16812268
2024-05-30,287.01959228515625,297.26693220999215,284.30565752215614,294.41265696391986,22768893
2024-05-31,290.10784912109375,291.5115967781313,286.08378392798045,288.7508816288964,36929443
2024-06-03,315.9835510253906,326.3245078972354,304.7067910625215,313.50360286385313,55218939
2024-06-04,276.9593811035156,313.4568145129152,261.7988973405007,313.4568145129152,73262478
2024-06-05,279.6264953613281,281.73211664736016,261.28421722823555,277.2869161546258,45312613
2024-06-06,281.1706237792969,291.4647716771544,278.9714137438007,283.93130994358796,36508044
2024-06-07,289.49951171875,290.7160813773226,277.754807980975,278.9245974831848,38016104
2024-06-10,295.5356140136719,302.60115987646884,291.60513834737,292.91529690280396,25478964
2024-06-11,296.2375183105469,299.18541106374397,294.9273596198579,295.91000005736277,12238518
2024-06-12,303.8177185058594,306.1105173139477,296.5650237185889,299.3725184749517,20346144
2024-06-13,300.8231201171875,306.9060263436846,300.0744375998741,306.0169747791617,11756503
2024-06-14,300.8699035644531,305.0811463826181,298.85787104097125,305.0811463826181,14159988
2024-06-18,310.5089111328125,311.1640046716362,301.33777294516347,301.33777294516347,21653702
2024-06-19,306.2976989746094,313.36324532959264,304.51962448556577,312.56778268574465,14235150
2024-06-20,303.7241516113281,307.23352031070095,301.61853039170444,306.4848664118943,11749507
2024-06-21,305.0343322753906,308.450112024821,302.273617533633,305.7362060003139,17209541
2024-06-24,311.585205078125,312.5678170312919,301.85253164047333,302.3672562592005,18044357
2024-06-25,306.3913269042969,313.5036543262489,304.8939903060985,313.5036543262489,13979671
2024-06-26,305.7362365722656,309.01164761609755,304.09853105034966,304.8004048454565,12946277
2024-06-27,310.2749938964844,311.1640454500687,303.5370226794719,307.46749874956646,27061015
2024-06-28,309.7135009765625,315.7028179211071,308.4501225168633,311.63194446621674,21676594
2024-07-01,308.45013427734375,310.46216672208163,304.37926066724054,309.76029294652307,11959181
2024-07-02,309.5730895996094,312.94208915574075,306.99955263523765,308.87121588205343,12684459
2024-07-03,313.64398193359375,315.28168737408174,307.98221169163327,309.853875052191,9369793
2024-07-04,313.5036315917969,316.96622043907536,312.47421097022885,315.3752950639867,12878827
2024-07-05,317.6212463378906,318.0891621482173,311.4915606463369,313.5035929188787,10894118
2024-07-08,317.6212463378906,319.11858264279897,315.2348871289504,319.11858264279897,7828162
2024-07-09,319.2589416503906,320.38195098364184,316.4046667207382,318.1827410322912,9214579
2024-07-10,323.8445739746094,325.48227957913787,313.9715601824652,320.9902984875874,10662609
2024-07-11,320.80303955078125,326.3712486212339,320.0543857446939,326.13729073691763,12642065
2024-07-12,321.0838928222656,323.70421041022274,318.27639745260313,320.8031261497075,11380570
2024-07-15,321.7857360839844,323.23626379673215,318.36995608737533,323.23626379673215,5277531
2024-07-16,320.4755859375,324.73360886634305,319.58653437422527,320.75632403152474,11363095
2024-07-18,319.35260009765625,322.5812312146792,315.32853480220496,320.0544739440247,13908161
2024-07-19,310.88330078125,319.91407093422737,309.76029132251716,317.7616408982089,12937990
2024-07-22,316.8725891113281,317.6212429762013,308.3565157416533,308.8244315470276,10678640
2024-07-23,312.80169677734375,318.65064398709217,300.4955175598957,317.34048552397104,15954324
2024-07-24,315.51568603515625,317.0598027951374,309.1052324856322,309.66673727816715,12573882
2024-07-25,317.6680908203125,320.61595504540355,309.2456052861565,309.2456052861565,16271884
2024-07-26,322.1133117675781,323.376661829664,316.7790591702305,318.5103536840587,11468068
2024-07-29,320.3819885253906,323.70417963996675,316.07715698924727,317.99560055242785,31849674
2024-07-30,327.3539123535156,334.0451317561641,321.27100639424725,322.8619316842441,25813219
2024-07-31,325.8565673828125,328.149337616839,320.6159048261167,325.9033475380589,17976593
2024-08-01,337.9288330078125,339.2389916776005,327.6814644561692,328.6172961573488,26792459
2024-08-02,335.2616882324219,337.8820054257251,331.28440372443083,335.0277303201871,13771470
2024-08-05,320.80303955078125,332.0330179979635,319.5864699760613,330.11457477029467,13566586
2024-08-06,318.8846740722656,328.2897718911683,317.48092642411183,320.8031177676815,12273667
2024-08-07,329.4595642089844,329.9274800954106,321.36462508567433,323.6574243528906,12441847
2024-08-08,320.6627502441406,332.2202783142611,319.35259147814537,332.2202783142611,15489731
2024-08-09,323.7977294921875,326.5584441008897,322.20680436864495,325.57580379776743,8720610
2024-08-12,319.2589416503906,321.7388896553972,317.7148252366555,320.99023580610555,12521136
2024-08-13,315.3284912109375,320.4755653727706,313.6439770769298,315.3752713705005,10435954
2024-08-14,312.0998840332031,316.6386736657895,311.16405229697165,315.3752951100133,12385993
2024-08-16,319.50726318359375,320.4036779626853,311.95836164964834,314.22302635047714,13013828
2024-08-19,321.1113586425781,323.94219646357095,320.16774603558054,323.3288540283768,5891370
2024-08-20,321.3000793457031,323.32884060718095,319.69592646168604,321.2529102360198,6393840
2024-08-21,317.66717529296875,321.7247267416092,317.1953689940644,320.8282832549824,10118601
2024-08-22,315.16656494140625,318.6579425986856,311.86392129681064,317.05378988117513,18370039
2024-08-23,317.28973388671875,317.95027421946645,314.55326313076745,315.7799479809891,7494822
2024-08-26,319.1769714355469,322.24371247668665,316.91230688759805,317.4784802237783,7993675
2024-08-27,316.44049072265625,322.1965333338851,316.1102205537682,319.8846709484401,9589690
2024-08-28,315.5912170410156,319.7902754531152,314.93067676205817,316.4404625448405,8790600
2024-08-29,314.50604248046875,316.95944080027215,310.2597861258444,313.7511639805764,17653536
2024-08-30,318.3748779296875,321.6303528411853,315.21377003530586,316.11021350275325,22713812
2024-09-02,316.6291809082031,320.73390127657825,315.3553269979917,319.31848244588133,9789776
2024-09-03,315.77996826171875,318.89390729167116,315.16662579721645,317.05385110139144,8434423
2024-09-04,314.1286315917969,315.82715156505975,312.33577339510674,312.52450743550423,9025610
2024-09-05,312.5716857910156,315.4496928131749,311.0147307003922,313.60966545035535,13912371
2024-09-06,311.2033996582031,314.31733827308625,306.6740710506246,314.2701403687094,23755639
2024-09-09,310.0238952636719,310.63726646547246,305.30583246071376,309.22184762458505,18597200
2024-09-10,315.30810546875,316.3932540649623,308.56128197393343,308.56128197393343,15472387
2024-09-11,314.4117431640625,318.23336283732135,313.27939647736304,317.9030926539696,10134008
2024-09-12,319.12982177734375,319.8847004070875,314.4589274650794,315.96871352134076,18410837
2024-09-13,318.23333740234375,322.00778766063695,317.14818871243847,320.63953792329755,10417461
2024-09-16,319.1769714355469,322.24371247668665,318.04462476318645,318.23335880750386,7748570
2024-09-17,317.9031066894531,320.82831176193133,315.63844201284127,317.7144014311868,11451846
2024-09-18,315.44964599609375,319.7902692384509,314.31732827858843,319.4128299992825,6583254
2024-09-19,316.015869140625,319.27134428550585,314.31737789785313,317.2425828575359,10589610
2024-09-20,321.6303405761719,323.6119326729625,315.87429831283504,319.0825751950454,31236123
2024-09-23,321.9134216308594,323.1873043562893,321.0641760794962,322.7154980725575,6542941
2024-09-24,330.31158447265625,331.2080279759151,323.04578461278606,325.1217150884182,26145769
2024-09-25,343.2391052246094,345.5981368756376,332.4819266552752,333.89734564589213,40770462
2024-09-26,344.84326171875,345.4566041948038,337.0584571924117,343.52218094352844,18733959
2024-09-27,334.2747802734375,342.8144632119609,333.4255346503048,341.77651233745024,33148043
2024-09-30,332.9537048339844,337.2943284642278,329.9813309643599,334.2747566875096,16356171
2024-10-01,331.019287109375,335.9260841265613,330.2172394403099,331.302388166196,9856291
2024-10-03,324.7442321777344,330.1700039869404,323.28164433917726,323.6590835752467,19350466
2024-10-04,319.7431335449219,327.85820762051003,318.7051539311656,323.659120054448,20121706
2024-10-07,310.4013366699219,320.82824305035126,306.6740558569534,320.82824305035126,13851446
2024-10-08,308.7028503417969,312.3357645406724,304.17352146837453,308.8443864696968,21148292
2024-10-09,311.1562805175781,313.0906749884397,307.1459266367602,308.5613456535195,9228363
2024-10-10,315.49688720703125,319.0354345539096,311.48653354723575,311.5809005691736,20773976
2024-10-11,311.4393310546875,316.4404951760742,310.9203556368248,315.59124958467544,6098468
2024-10-14,312.05267333984375,312.8075518406612,309.3161739816506,311.43930216156457,5944216
2024-10-15,311.2506103515625,314.6476213452107,309.0331150642664,314.6476213452107,12415489
2024-10-16,308.75006103515625,313.892732540298,306.62693263842027,312.9963178286282,22085298
2024-10-17,312.4773254394531,313.1850349318255,306.2966740581104,309.9767576590921,17039729
2024-10-18,313.3265380859375,315.0250579668857,309.7408218874413,312.807562698208,10569021
2024-10-21,312.4773254394531,314.9307241056986,310.8732012014729,314.2230146133262,8745904
2024-10-22,304.5509948730469,316.7235927817395,302.9468417856799,314.1286578912643,11219831
2024-10-23,299.03082275390625,303.7488856840618,296.1528158852197,301.2011489798403,12541589
2024-10-24,301.1539306640625,302.71088556614893,297.4738475872849,297.4738475872849,8327779
2024-10-25,297.9928283691406,303.3714313614416,295.58662791281984,303.3714313614416,12979410
2024-10-28,300.3518371582031,302.38062700257683,293.2275745408413,296.7661212971668,9610615
2024-10-29,302.47503662109375,303.0884079077436,296.4359211572549,298.2759774236563,15856332
2024-10-30,300.493408203125,307.0514977140632,298.8892554554541,300.5877464144733,14498110
2024-10-31,302.71087646484375,304.5037632403153,299.9272368864473,302.3334372267116,9900390
2024-11-01,303.89044189453125,304.5038131534014,301.95604748404565,304.26790999130446,847672
2024-11-04,297.66259765625,306.3910139560511,294.02968349103276,306.24944903269204,9249409
2024-11-05,298.7477111816406,299.78569064903104,294.40708809776885,294.7373582187704,7518195
2024-11-06,300.54058837890625,302.2862773046681,296.1999650165918,299.50260884493144,11019250
2024-11-07,295.3035583496094,301.01240274503147,294.1240426648718,301.01240274503147,14504208
2024-11-08,298.4175109863281,299.6441959554675,291.29324674868417,294.2656209406557,15740539
2024-11-11,311.2033996582031,313.65679798596193,295.1619867109397,295.8696961056719,22838987
2024-11-12,304.5037841796875,313.7511757352826,303.6545098395294,312.8075631766802,12069181
2024-11-13,300.06878662109375,306.2966351216401,299.2667102056772,304.45657915667095,12918639
2024-11-14,298.7287902832031,305.14172647630943,297.29305437592416,301.60026209776106,12500377
2024-11-18,298.680908203125,302.03095857840174,296.8144690915435,300.54737652482765,9408101
2024-11-19,301.5523986816406,304.6153137561682,298.87236989902124,299.63808406259164,13157158
2024-11-21,311.9375305175781,312.75111999232894,299.59020828645436,302.46167993137243,25406386
2024-11-22,322.51416015625,323.1363065519668,310.11896158181673,311.8418330176668,31523269
2024-11-25,328.0656433105469,330.60210414911484,321.7483996979914,327.20420763840764,29419152
2024-11-26,324.28485107421875,329.8363804184665,323.42341542721545,327.3477658303637,13997179
2024-11-27,324.715576171875,326.67773672409066,322.08339390371685,322.8012617950327,12177260
2024-11-28,319.3554992675781,327.10847855898857,317.9676388304884,324.71558551905446,16920231
2024-11-29,315.2876281738281,318.2548218283884,312.5118776750942,317.15409670769856,13890537
2024-12-02,313.8040466308594,317.7283976527965,312.22474282730985,314.09118215509585,16003524
2024-12-03,315.5268859863281,317.15406501789136,310.35824260683535,310.35824260683535,23174488
2024-12-04,311.12396240234375,317.0583492266345,307.3432086697145,314.95259152508044,17880011
2024-12-05,314.2825927734375,316.29262886536577,305.8595913430051,311.07611010418543,19785053
2024-12-06,314.80902099609375,318.4940823362232,312.7032925232497,313.08614959011936,8802058
2024-12-09,315.0004577636719,316.4840398215819,312.70328619879257,313.7082896302644,9376929
2024-12-10,313.85186767578125,317.632650632765,311.41112828489753,317.632650632765,14994365
2024-12-11,313.516845703125,314.90473540033605,312.8468531538778,313.22971021203637,5013051
2024-12-12,315.09613037109375,315.7661228179306,311.8896482301591,313.9475301620639,10414162
2024-12-13,319.54693603515625,319.9776392477004,311.12393517615186,316.4840213209511,14973536
2024-12-16,320.6476745605469,321.8441211074146,317.39334579509085,319.54694957945276,12695136
2024-12-17,315.6704406738281,321.1740947097826,313.9475693553166,318.25477686171575,17360248
2024-12-18,307.7738952636719,315.00044986782,306.9124595997002,313.94757107402324,15037099
2024-12-19,307.86962890625,309.97538657645197,303.2752857114188,304.37601072579275,10234715
2024-12-20,302.270263671875,311.6504227384428,300.1645351378377,307.53462882215234,13973399
2024-12-23,301.79168701171875,304.6631589308031,298.20234711286327,304.37602342294383,5984169
2024-12-24,296.814453125,303.08382109172123,295.52228506487864,300.64308191936277,4833589
2024-12-26,297.005859375,299.6859169879721,295.5222774395131,296.8144454662927,3775101
2024-12-27,296.1444396972656,298.9201898089065,295.5701395200005,297.436607793582,3981693
2024-12-30,294.3736877441406,298.6330490053482,293.17724123370255,295.7615773802968,12489142
2024-12-31,295.47442626953125,296.4794296010808,292.07650083358504,294.1822582645973,8402716
2025-01-01,297.1015930175781,298.010904053806,292.7943855598842,295.47444328185463,4239498
2025-01-02,301.6481018066406,303.6102916972374,295.5223012423458,296.57518006045615,10766571
2025-01-03,302.509521484375,304.3759897090918,300.2123500455756,302.7966861705497,7636948
2025-01-06,292.8901062011719,302.9402569041533,291.7415058653546,302.2702351732399,6722495
2025-01-07,291.9808349609375,297.3887973014811,290.01867409746296,292.89014611822995,10137739
2025-01-08,293.51226806640625,294.66086846296133,290.01864990788994,293.03368943619523,6907996
2025-01-09,292.1722412109375,293.75154478086444,290.64078381793064,293.51225547602337,8244909
2025-01-10,286.8600158691406,292.1722264848171,285.7114155797474,291.02362619542384,6540783
2025-01-13,275.2784423828125,285.7592971798324,274.4648528444749,282.3614004851616,19474228
2025-01-14,277.8149108886719,280.4949396886477,274.5127064653774,275.42201759936376,15954608
2025-01-15,285.85498046875,289.54004138292,278.6284555827443,282.36136267094673,12198882
2025-01-16,284.8978576660156,288.67864059433373,283.8928542091827,286.1900258320308,11694289
2025-01-17,289.63580322265625,291.9329748879467,283.03142373115014,284.89786292977004,7593230
2025-01-20,293.12939453125,295.5701337241153,289.01363022677754,289.6357765690648,9435937
2025-01-21,289.396484375,296.6708849147273,288.5828949154698,293.8472594993341,13911546
2025-01-22,284.8021240234375,289.34862089660356,283.1270988596395,289.06148540971503,9723333
2025-01-23,281.7392272949219,286.7643025883743,281.02135939585725,284.7542666289694,12228286
2025-01-24,283.17498779296875,289.5400778778457,281.73925186960753,282.64853376166303,11142914
2025-01-27,274.7041320800781,282.36139011715346,271.5933710025163,282.36139011715346,13477947
2025-01-28,271.7847900390625,276.42697894433195,267.3818612161158,274.84767545624203,11298068
2025-01-29,275.5177001953125,276.76199284567264,271.1626174988139,273.12480724452837,4800024
2025-01-30,282.6964111328125,284.37143638847147,275.5177314657026,275.5177314657026,10969499
2025-01-31,288.72650146484375,290.4494021772343,283.2228468418883,284.27572574221756,14141459
2025-02-01,277.4320373535156,292.2679748674991,276.28343695870706,288.7264813252738,6945157
2025-02-03,271.6412048339844,279.48990564927925,266.08970469349185,277.5755912270239,14978897
2025-02-04,273.41192626953125,274.1297941115885,260.4424589404097,268.96115149079947,19836427
2025-02-05,272.98126220703125,278.293473315418,272.3590866200002,273.36411926896625,15337191
2025-02-06,269.1047668457031,278.48492583483807,267.76475247871883,275.1827214928746,21418561
2025-02-07,269.3468322753906,272.9781486269869,261.4547773149336,264.45667140926554,17193482
2025-02-10,260.1959228515625,267.2648732583572,259.61490634717717,266.29652226829074,16709670
2025-02-11,253.17539978027344,260.29275652329574,251.77127890415463,260.19594505740855,22083955
2025-02-12,248.9146270751953,253.80481763807177,245.96116817566727,251.2870989826207,17861265
2025-02-13,250.94818115234375,253.0785653887716,247.99472212394767,249.10831997637257,12257226
2025-02-14,249.20516967773438,253.22382096433645,246.68745082472165,252.15862880901594,11339563
2025-02-17,254.8699951171875,255.64466409678988,244.21811933729094,248.76936608384136,8332653
2025-02-18,258.5013122558594,259.4212279783289,251.96494298094876,255.49941823407346,10483635
2025-02-19,254.72471618652344,260.00224090453156,253.99845294377334,254.19213496253084,14602009
2025-02-20,257.3393249511719,258.01718259487836,253.03015039846485,254.43427142397144,15312926
2025-02-21,253.6111602783203,257.33931811622057,251.1902824032853,256.9035482780215,10757038
2025-02-24,250.94818115234375,253.51430565186118,249.10831997637257,249.83458329991885,14599185
2025-02-25,247.65579223632812,251.72287865093057,246.83268789626214,250.60925125169004,21287363
2025-02-27,248.13995361328125,249.30198668016166,245.42856775033403,245.96116377667684,13614799
2025-02-28,242.91087341308594,248.8662266223009,239.47322413686564,247.80103452796848,38512868
2025-03-03,244.50863647460938,245.76749577598812,240.63523233243734,244.99281199238087,9873539
2025-03-04,245.96116638183594,249.01146627504443,241.55516615486243,242.0877621868464,11947033
2025-03-05,256.0320129394531,258.7434136235141,247.65578222706532,248.81781531333843,14536637
2025-03-06,258.2108154296875,258.84023773562126,252.4491441040102,256.758288776734,11926868
2025-03-07,254.96681213378906,260.1474960090282,253.3206331283176,257.5813717124639,10043068
2025-03-10,262.7136535644531,265.5703012601409,252.7880543377751,252.7880543377751,30233763
2025-03-11,258.8402404785156,263.24625577020277,257.43614909681986,261.45480030223024,9255499
2025-03-12,258.6465759277344,263.77882476257304,255.2573471929502,262.1326456795726,11875548
2025-03-13,259.1791687011719,262.0842220313962,257.0972197248572,261.26111767748654,9270442
2025-03-17,258.888671875,262.0842186766507,256.5646351509149,261.454796373505,11987667
2025-03-18,258.888671875,258.888671875,258.888671875,258.888671875,0
2025-03-19,268.4269104003906,269.49207286448365,261.2610893221769,263.39147335381784,13089950
2025-03-20,271.47723388671875,274.57593964248076,268.2816575599182,274.52753390869157,13710249
2025-03-21,274.1401672363281,276.1252749165851,271.1866790282726,272.1066242762316,26003527
2025-03-24,282.61328125,284.64682451930895,275.44748884781086,275.98007014494203,19966817
2025-03-25,281.7901611328125,285.90565317684843,278.5461791406971,281.7901611328125,16983852
2025-03-26,281.6449279785156,287.358193652155,280.38605379676846,282.46803233740206,20367015
2025-03-27,286.1477355957031,287.8423499351024,279.85345376364876,279.85345376364876,37203166
2025-03-28,281.1607360839844,284.9372993063308,279.1755986806343,284.5983705251023,10834900
2025-04-01,280.1439514160156,287.55186070814506,277.9167557861563,280.4344744666903,11603556
2025-04-02,277.6746520996094,280.5797051294222,275.49586232724977,277.77149311094865,11679536
2025-04-03,289.6338195800781,290.45692392445716,276.07690419600505,280.1923963661701,23478876
2025-04-04,284.5983581542969,291.3768152773064,282.855338143357,290.50530527183645,21020875
2025-04-07,280.24078369140625,284.59836335003746,273.3654854307757,274.62435950763955,22847548
2025-04-08,279.8050842285156,284.6952458484161,275.64115643914886,282.7101377575811,20831596
2025-04-09,284.11419677734375,290.02114418869473,280.14395149746986,280.7734033315833,21342531
2025-04-11,294.4755859375,295.3470960482798,283.96897021691166,283.96897021691166,19831004
2025-04-15,294.91131591796875,300.62461105387973,294.0882411237009,297.4774699763862,16563441
2025-04-16,296.0733337402344,297.2837725535632,293.21668632008675,294.8144891950639,7032401
2025-04-17,299.220458984375,299.9951279636436,292.44200198472896,295.78282475524543,8528993
2025-04-21,309.8723449707031,311.80904712677,298.6879018401087,300.18883419036865,13369014
2025-04-22,302.6581115722656,309.63025101551136,302.22237132689344,309.63025101551136,10027268
2025-04-23,304.982177734375,306.095775541447,299.65624691194205,304.20747915643824,8225575
2025-04-24,304.4495544433594,305.85367524150877,302.9486221846986,304.9337299528277,8021180
2025-04-25,296.7995910644531,305.41790933183546,293.79769695737076,303.0938727672882,11475773
2025-04-28,298.78472900390625,301.10879535467075,293.9429733593657,294.57242523454096,7314824
2025-04-29,293.36199951171875,300.9635325739952,291.66738495994684,298.7847424360028,14678005
2025-04-30,297.7195739746094,300.18885759542735,292.3452073414585,294.81452051400845,17619987
2025-05-02,293.45880126953125,299.22050237544687,292.732537914251,295.8312733841392,5688285
2025-05-05,298.44580078125,300.86667836853553,295.00813687626754,295.153383621159,4342960
2025-05-06,297.86480712890625,300.6246137007377,295.879669623817,297.86480712890625,9124804
2025-05-07,301.2539978027344,303.2391055043175,297.2837528478413,298.25210383431636,14679327
2025-05-08,298.4942321777344,307.3546389986981,294.3787399254866,303.4812345259943,19253478
2025-05-09,289.8274841308594,293.45880090272146,287.0192717376323,290.50534174896626,11981497
2025-05-12,299.2688903808594,301.2540278320499,294.4271349658529,294.4271349658529,7145884
2025-05-13,289.00439453125,298.97839893410884,288.5686247202087,295.3470823478646,17988336
2025-05-14,286.58349609375,291.03788714287646,284.74360551498364,289.7306369076964,10359258
2025-05-15,290.1663818359375,290.89264511245915,281.8385570214769,286.53506545332925,22640626
2025-05-16,290.6990051269531,292.63570728089223,286.14774324450434,290.50532309086736,16763668
2025-05-19,294.4271545410156,294.8629243780306,289.5369930674257,292.4420465095738,12575289
2025-05-20,288.4717712402344,295.6375630838809,287.69710222265644,294.7660530511735,21339095
2025-05-21,286.77716064453125,292.68410802367583,286.29298511430187,288.3265282516112,11997632
2025-05-22,281.6933288574219,286.9708541689505,277.480995665399,286.53508435360214,26158839
2025-05-23,288.66546630859375,289.29488860777093,282.516430966752,282.7585187396455,9872024
2025-05-26,287.30975341796875,294.1850218741288,286.38980814760674,290.55370562542714,16469130
2025-05-27,285.2278137207031,288.1813024003118,282.9522122049933,287.6002858115583,17074710
2025-05-28,281.9353942871094,286.2929738883065,281.3059720328376,285.2277818532238,10099453
2025-05-29,283.8236999511719,284.59836897398986,282.12908560599465,282.12908560599465,9773818
2025-05-30,280.5797424316406,285.3246571008113,279.1272157236252,282.7585324936637,21788566
2025-06-02,283.7752685546875,284.3562851056245,279.2724420004522,281.1123031186449,7255782
2025-06-03,279.1271667480469,286.05087026440947,278.6429912636617,283.2426583653208,10989055
2025-06-04,279.4176940917969,280.62813294950126,277.96516746255156,279.1272005866398,8580196
2025-06-05,284.93731689453125,285.9056680139689,280.9186656592112,281.79017575635885,13110486
2025-06-06,286.4382019042969,287.6002348760014,283.6784253120191,284.25941224614536,7935393
2025-06-09,290.9894714355469,291.61889366640986,286.77713873403803,288.56859396936096,8666186
2025-06-10,291.5220642089844,292.2483274776183,288.81069316010877,291.0378886965617,7273892
2025-06-11,286.0993347167969,291.8610058374493,284.6952138482143,291.57051233788775,10941604
2025-06-12,279.8534851074219,286.43826117160955,279.36930952765124,285.8088388282541,14071159
2025-06-13,276.4642333984375,277.3841787453238,272.88132258098824,273.60758589114175,16028417
2025-06-16,279.5145263671875,281.30598173089703,277.2388954755418,278.8366983591143,11067299
2025-06-17,279.4176940917969,281.25758479689154,278.11044376686004,279.5145351107592,7286868
2025-06-18,278.2072448730469,279.1755959231469,276.46422480355835,278.4009269037584,11904855
2025-06-19,277.3841552734375,278.54615874031805,276.270527984052,277.7230544814481,13573824
2025-06-20,283.8236999511719,285.17938551696784,276.02845623231923,276.5126317595127,33014151
2025-06-23,281.06390380859375,284.1626391165812,278.9819548759131,282.17750165149454,6833477
2025-06-24,276.8999938964844,285.3730655634303,276.318977357548,284.1626267538666,15007849
2025-06-25,281.257568359375,281.88699061825,277.43256997188115,277.43256997188115,10838516
2025-06-26,284.2110595703125,284.9373229252622,280.5797427955641,281.596499671801,10232220
2025-06-27,289.7790832519531,291.1832042479687,284.8404864490922,285.6635908415244,15523628
2025-06-30,290.4084777832031,291.4736698624816,286.87400231481786,290.8926533145361,8415241
2025-07-01,288.1328430175781,291.9578414845851,287.6002617609346,291.47366595973506,12349270
2025-07-02,285.518310546875,289.294873699044,284.1141897157614,288.13284062834805,10826029
2025-07-03,284.4047546386719,289.48859835605145,283.82373801776765,288.9559874736672,10373094
2025-07-04,284.6952209472656,285.8088187923256,282.41958997152483,284.4047274404605,14193884
2025-07-07,286.5350646972656,287.2613279718709,284.2110281288743,285.3730611889341,6220756
2025-07-08,288.3265380859375,288.9559603863584,283.7752761258537,284.84046823903606,6254288
2025-07-09,290.1663818359375,290.50531060865995,287.01924097101033,288.8106962967761,5650646
2025-07-10,289.7790832519531,293.1199065587587,288.5686443077094,290.5053466184994,9307817
2025-07-11,289.1011962890625,291.37682718369206,287.5518582390185,289.77905384975355,7073217
2025-07-14,288.7623291015625,290.941119221891,288.0360657281197,290.0211737948371,5484223
2025-07-15,288.6170349121094,290.5053313868159,287.4550313176004,288.6654701983788,6173407
2025-07-16,287.6486511230469,289.4885416541546,286.34140092172856,289.4885416541546,8144630
2025-07-17,287.21295166015625,288.762319381695,286.4382530235212,288.132867504513,8318287
2025-07-18,284.8404541015625,291.9578401957856,284.21103183238165,287.11608496865813,8702106
2025-07-21,287.6002502441406,287.8423379968714,283.00058294225624,284.6951972113715,5298012
2025-07-22,288.37493896484375,289.3917253269252,285.2277979639942,287.6971109418524,7775653
2025-07-23,289.7790832519531,290.1664178037647,287.6971341782003,289.39174870014153,5310964
2025-07-24,289.87591552734375,291.8126177796704,287.11610890743196,290.36009109042544,6294709
2025-07-25,282.8553466796875,288.32652418374363,281.69331360283985,287.7455076453198,8202572
2025-07-28,282.66168212890625,285.905664246623,281.54808426657286,282.7585231499201,7037396
2025-07-29,283.8236999511719,284.59836897398986,280.62812374065743,281.3059812994199,6586034
2025-07-30,279.8050842285156,287.11612378930397,277.52945305373447,283.72689467206095,10515572
2025-07-31,281.7901611328125,284.98570784043096,275.93164898493546,275.93164898493546,14283621
2025-08-01,282.0322265625,283.5331587801675,277.23887732898726,282.4195610491503,6697683
2025-08-04,278.8367004394531,282.32274062521867,276.657910547485,281.98384139451815,10397121
2025-08-05,276.9483947753906,279.5145190963554,276.07688475812137,278.0135868194878,15561914
2025-08-06,275.786376953125,279.2724467665108,275.0601136399917,278.49777771986055,12985269
2025-08-07,276.51263427734375,277.2388975747471,274.4306854018,275.49587748167073,8893659
2025-08-08,275.8348083496094,277.1904939379996,274.6243695114522,275.78637306504544,6172968
2025-08-11,275.8348083496094,277.33574068823253,274.3338464592568,275.8348083496094,8755499
2025-08-12,275.64111328125,278.4493253426438,275.0116910255161,275.39902552506555,13184438
2025-08-13,279.07879638671875,280.2407999654629,276.99681789864155,277.9167632562445,9928283
2025-08-14,279.56298828125,280.9670797149765,278.06202627063396,279.9018875417045,8464495
2025-08-18,281.1607360839844,282.08065185962835,279.3692807132589,280.3376317729236,9836105
2025-08-19,280.0909118652344,282.1332473668186,278.6807200552236,282.0359876420763,7196772
2025-08-20,280.47991943359375,281.06344809911144,279.0697573113852,280.28542966475504,3106073
2025-08-21,276.2007751464844,281.5983488453277,275.8117659061222,280.4799361494731,7389271
2025-08-22,275.5686340332031,276.73566176535235,274.0611824031939,276.2007777647218,6824793
2025-08-25,276.3466491699219,276.7843031138595,274.4502179983647,275.56863069125774,7426789
2025-08-26,272.2133483886719,276.0062402086339,271.24081050255336,275.22822177153944,22905910
2025-08-28,266.9130554199219,274.255705157843,266.0863922167015,274.255705157843,12455072
2025-08-29,267.6910705566406,268.5177337494827,264.77345670861183,266.0863888761254,12841075
2025-09-01,272.1647644042969,272.89416790206815,268.4204871798367,268.4204871798367,10820878
2025-09-02,278.8266296386719,279.9936573186593,272.164739043884,272.5051332470267,16983677
2025-09-03,278.1944580078125,281.25797617588785,277.7568337548744,281.0634567215809,30178885
2025-09-04,274.0611877441406,280.0423199960402,273.18590950809545,278.9725222944279,5946090
2025-09-05,277.5137023925781,278.7779898212633,274.5960886222258,274.5960886222258,9695914
2025-09-08,275.0337219238281,279.79918164903796,274.3529631627289,278.53486449927703,5186605
2025-09-09,276.0549011230469,276.54117009466415,273.963950480993,275.2768529607576,7093190
2025-09-10,275.17962646484375,278.5835093101367,274.74197251293344,276.88156788749023,7767863
2025-09-11,278.92388916015625,280.77173512119623,274.79060262115405,274.79060262115405,7406625
2025-09-12,279.75054931640625,280.67447228672944,277.2705892921768,279.3615400529297,7618852
2025-09-15,278.38897705078125,280.86893685227136,277.90270809523406,280.3826678967242,5420800
2025-09-16,280.43133544921875,281.74426767207285,278.4862594685472,278.6807492589119,8626429
2025-09-17,279.2642822265625,281.25800294470594,278.0972544281536,281.0634834718855,19010126
2025-09-18,281.1607360839844,281.89013956932183,278.2431221426345,279.1184003891387,16842964
2025-09-19,278.3403625488281,282.23051420049865,277.0760454543342,282.03599474611445,14993879
2025-09-22,278.7779846191406,281.06345463250244,278.04858119016353,279.1183788218969,9456933
2025-09-23,280.6744689941406,281.06347825305374,277.5623355638277,280.72308402169074,13619147
2025-09-24,285.245361328125,286.46103373351167,279.06976925236245,279.99366247275503,14032389
2025-09-25,276.58978271484375,286.75281600507043,275.81176423882266,285.926152824609,16242837
2025-09-26,274.49884033203125,276.3466565276837,272.407889645385,275.7145127870004,8959035
2025-09-29,272.8941650390625,278.24312396660133,272.2620212835269,276.1035285237842,14600560
2025-09-30,272.55377197265625,278.1458654208017,271.33809948392894,274.25571345687445,18772881
2025-10-01,272.9427795410156,275.08237497971265,272.21337605230127,273.2831737716498,11812449
2025-10-03,281.7442626953125,282.0360122154581,273.33178548390373,275.5686406298664,19597461
2025-10-06,279.0211486816406,280.72309019638686,276.7356784259376,280.4313406656608,11702722
2025-10-07,281.0634765625,284.3214847353709,279.21566033414905,281.0148615352423,11371062
2025-10-08,277.4650573730469,282.37639168858715,276.8329136594234,282.37639168858715,9989251
2025-10-09,278.2917175292969,279.069765666448,274.4988256091278,277.1733048666126,10714949
2025-10-10,281.2093505859375,283.2516862769683,277.4164584051681,277.4164584051681,10773268
2025-10-13,278.2917175292969,280.2854380562139,277.076045139531,279.8477841240975,8950161
2025-10-14,279.6046447753906,279.99365399743874,277.56230926026143,278.6321068805197,7667654
2025-10-15,282.9599304199219,285.19675584889626,279.16700864456936,279.2642683761559,8125514
2025-10-16,283.835205078125,285.1967522647158,282.6195326473291,284.3700890758741,7824732
2025-10-17,281.7928771972656,283.4948186471197,280.09093574741155,283.0085496614471,14275188
2025-10-20,280.28546142578125,284.07835366219314,279.21566369768965,282.1818927042351,13536721
2025-10-21,280.6744689941406,281.6470069811754,280.2854597352275,280.3826897903278,398291
2025-10-23,281.69561767578125,283.15442463389456,280.09093595775727,281.0148589030305,21031287
2025-10-24,280.57720947265625,282.7654199451466,278.6807485246963,281.69562222269496,16350189
2025-10-27,283.0571594238281,284.75910084202894,280.2854500006463,281.0634684914512,13396182
2025-10-28,280.3340759277344,284.564622124817,278.92388396887213,282.57090143540813,13543174
2025-10-29,287.2391052246094,288.5033927571594,280.8203484666144,281.0634829674513,14608714
2025-10-30,283.49481201171875,288.30888672900187,282.95992801179966,288.1629822931123,10329750
2025-10-31,280.23681640625,283.98109361064735,279.1184036515609,283.98109361064735,10088802
2025-11-03,280.0909118652344,282.18186238943923,279.26424872417635,281.06344975365533,8578207
2025-11-04,271.3866882324219,277.12468556718903,270.4627950381552,276.687031641825,26098629
2025-11-06,262.77978515625,270.8518388590628,262.43939091298574,270.3655698485438,21919591
2025-11-07,264.53033447265625,265.3083529963624,261.36958599090576,262.77977795456536,11379131
2025-11-10,265.2225646972656,267.54645180953463,263.590858183498,265.6181180241124,10717941
2025-11-11,264.67864990234375,266.16199749773756,261.71195471155613,265.2719949762581,11154806
2025-11-12,264.134765625,267.24978951326466,263.5414205560963,266.0136665275419,16444701
2025-11-13,266.854248046875,267.4475931421342,262.7008625588455,264.1347773574899,12573141
2025-11-14,268.2881164550781,269.27701482782635,266.50811145564467,267.3486811082373,10308317
2025-11-17,270.5131530761719,270.908736590646,267.00257572610195,269.0792684619509,9884392
2025-11-18,271.15594482421875,273.7270564403353,269.2770137802799,270.95815307892525,16434280
2025-11-19,272.09539794921875,272.9359676534738,269.47482313612903,272.8865348033116,15765235
2025-11-20,274.1226501464844,275.9520880541015,271.4526123794352,272.1942861837506,15337345
2025-11-21,274.5181884765625,275.90264013323076,272.342600031239,274.1226351716262,12941485
2025-11-24,272.7381591796875,275.9520788916759,269.4748066205665,274.91374767162375,49791096
2025-11-25,270.4142761230469,273.8259574525211,269.62313930580683,271.94705655209975,12114606
2025-11-26,271.9964904785156,273.8754215651714,270.46371004338476,270.9581592390765,8352869
2025-11-27,270.6614990234375,273.9248516100949,270.26591552790507,273.9248516100949,9865039
2025-11-28,266.953125,271.30427175878066,266.4586758188026,270.7603595521937,12580231
2025-12-01,266.65643310546875,269.42536658301617,265.7664306293502,269.42536658301617,10428760
2025-12-02,264.48089599609375,267.64535285071713,263.9369837547472,266.01367648424736,11029817
2025-12-03,265.46978759765625,266.0136696462371,261.5636268454636,264.4808891974844,9063557
2025-12-04,266.1125793457031,267.20037367815644,262.6514347653062,263.5908701869996,5103204
2025-12-05,266.8047790527344,268.48591842191763,264.8269822319468,265.2225657391319,5535798
2025-12-08,262.255859375,266.4092144150703,261.81084303770024,265.8158693582651,10203843
2025-12-09,261.6130676269531,262.79975781465754,259.98139125294836,261.16808144065277,10686557
2025-12-10,262.5525207519531,264.2830929226346,261.3658306205438,261.9591756862485,7157092
2025-12-11,261.86029052734375,263.3931011913678,259.5858362243208,261.31640846581627,8336183
2025-12-12,260.6736145019531,263.7886383094003,260.37692688580677,262.0580661742871,5522827
2025-12-15,259.2891845703125,260.9208609701886,257.6080451408732,260.67363635872897,6400400
2025-12-16,257.459716796875,260.42641213885065,256.81693884187075,259.2397219305461,9241981
2025-12-17,258.2013854980469,259.83306186793055,256.421350220986,257.45971167730113,10944698
2025-12-18,255.0863494873047,258.7947184165903,252.96020891421256,257.8552528829912,10930748
2025-12-19,260.5252990722656,261.01974827894765,255.0863577987635,255.18522349707223,16657897
2025-12-22,262.0580749511719,262.651420024554,256.1741174232074,256.22358045027994,10054250
2025-12-23,264.0358581542969,266.31031227662237,261.46471642115773,262.05806146400255,10526826
2025-12-24,265.0741882324219,267.0519849144136,263.34361613567916,264.82696364717293,6131188
2025-12-26,262.5030822753906,266.3103168262234,261.9097372224092,265.02476102708283,6029003
2025-12-29,257.7069396972656,263.49200161145643,257.1135945970538,262.9975523910775,7270521
2025-12-30,257.459716796875,258.5475111246899,256.07526500637687,257.11359630455405,10929200
2025-12-31,261.66253662109375,262.255881728473,257.65747978037325,258.49804950092835,5145868
2026-01-01,263.83807373046875,264.5797475098971,261.1680662317967,261.1680662317967,4298196
2026-01-02,267.9420471191406,269.0792743009689,263.29421233227725,264.53033539487006,13348375
2026-01-05,268.6342468261719,269.7714739610066,265.7170146262727,268.2386934982447,11526602
2026-01-06,265.56866455078125,270.2659321506915,263.0469855949752,263.0469855949752,11777253
2026-01-07,261.1680603027344,265.96422333657813,260.5252824109122,265.5192070075106,14877056
2026-01-08,256.4213562011719,262.3547469055148,255.0863674357233,261.06919099108813,11762204
2026-01-09,255.1357879638672,260.87138662952566,253.4052157586859,257.41024221916314,14100782
2026-01-12,255.67967224121094,256.61913780372106,251.47686908140932,255.1357901863585,9698555
2026-01-13,255.92689514160156,257.0641524503751,253.2568875553814,256.17411974285073,9734559
2026-01-14,255.48190307617188,256.8169219278936,253.89965962890105,254.24578009842648,15435341
2026-01-15,255.48190307617188,255.48190307617188,255.48190307617188,255.48190307617188,0
2026-01-16,254.44354248046875,258.64636061822983,253.35577839960462,255.43244086582428,9648251
2026-01-19,254.7896728515625,255.92690000315432,253.80077442778094,254.0479990337263,10588722
2026-01-20,251.22964477539062,254.9874617616948,250.58685175347193,254.78967000763222,12452441
2026-01-21,252.96022033691406,255.97636355347535,249.25185124017293,249.25185124017293,14263346
2026-01-22,256.3719177246094,256.9652628177811,252.61410067643763,253.75134292345138,15520530
2026-01-23,251.32852172851562,257.0641505421909,249.79574128366247,256.37190959231805,18022018
2026-01-27,251.52630615234375,255.48189962773728,249.25183688611412,253.6524316096111,17375059
2026-01-28,256.9158020019531,257.8552675891323,251.1802031357224,251.1802031357224,16046343
2026-01-29,257.6080322265625,260.12971106552004,255.8774600331019,259.684724894472,26914029
2026-01-30,253.65243530273438,259.48692972813217,251.22963728165874,258.39913547080425,23292764
2026-02-02,267.39813232421875,268.1892691840343,247.224610170096,248.46073322094648,37109237
2026-02-03,280.0560302734375,281.3415860820884,270.2164794268213,272.9853827895078,52651170
2026-02-04,286.18719482421875,288.7583367350135,279.75935513662427,285.5938497403762,27775044
2026-02-05,286.13775634765625,287.76943266204506,282.97326941525415,287.76943266204506,9870342
2026-02-06,289.5,290.24167378309136,286.1871843997685,288.9561179639131,19951107
2026-02-09,289.75,292.54998779296875,288.0,292.5,13114576
2026-02-10,294.3500061035156,295.29998779296875,286.5,290.0,21823214
2026-02-11,294.45001220703125,297.6499938964844,292.20001220703125,297.6499938964844,10508852
2026-02-12,293.8999938964844,296.0,291.75,294.45001220703125,10482579
2026-02-13,287.20001220703125,294.29998779296875,286.8500061035156,292.0,10914157
2026-02-16,300.5,300.95001220703125,287.25,288.0,22196951
2026-02-17,300.75,301.6000061035156,297.0,299.29998779296875,11190989
2026-02-18,300.54998779296875,302.25,298.45001220703125,299.45001220703125,9147320
2026-02-19,294.6499938964844,301.6000061035156,293.1000061035156,300.1000061035156,7552362
2026-02-20,298.95001220703125,302.04998779296875,294.25,295.54998779296875,11762183
2026-02-23,303.3500061035156,304.29998779296875,299.0,302.0,11774742
2026-02-24,304.79998779296875,306.20001220703125,300.79998779296875,304.0,15863867
2026-02-25,307.25,311.70001220703125,305.1499938964844,307.0,14240500
2026-02-26,303.25,307.70001220703125,301.3999938964844,307.1000061035156,14249515
2026-02-27,298.6499938964844,305.79998779296875,297.8999938964844,305.79998779296875,21400679
2026-03-02,296.79998779296875,298.6000061035156,289.5,290.0,15690227
2026-03-04,291.95001220703125,296.0,288.8999938964844,296.0,28191826
2026-03-05,299.45001220703125,300.1000061035156,291.8999938964844,292.0,19467441
2026-03-06,299.1499938964844,302.75,297.0,299.95001220703125,15887540
