Date,Close,High,Low,Open,Volume
2021-03-08,231.1403045654297,244.13207124480238,229.17739328983856,238.61763657739203,19094895
2021-03-09,231.94374084472656,237.68640785967887,229.1591350233741,233.72405803180783,10348870
2021-03-10,240.18797302246094,242.8173730924184,235.54088481549132,235.76002006270676,15206235
2021-03-12,242.0230255126953,245.04500157605983,239.30232203487375,244.86242141763358,12544700
2021-03-15,233.1032257080078,245.01766313056459,226.082372177646,244.3055362846981,18506180
2021-03-16,241.5665283203125,243.18250060617243,233.8244109219306,235.3673567183469,12723425
2021-03-17,241.32008361816406,242.66217202490262,235.55001455911963,242.4795639695607,11266530
2021-03-18,242.07785034179688,249.73780416862164,237.9328926409223,244.31467365705907,14562505
2021-03-19,250.87896728515625,251.90150525825175,237.48547514802232,239.70402034272809,14402385
2021-03-22,252.2393798828125,253.80057572087378,245.96718024543804,249.9569184216382,9335185
2021-03-23,256.78607177734375,261.8439866816341,254.08361715051495,255.4530941265948,14529820
2021-03-24,255.9642791748047,260.56572810346717,250.66898108585562,258.009383066472,10501700
2021-03-25,250.52291870117188,257.02336329873555,246.78881577538246,256.89555996850675,10425355
2021-03-26,260.9584045410156,268.6913860644791,251.98377719935465,251.98377719935465,18748345
2021-03-30,259.3971252441406,263.85249360797866,257.66246044335395,263.56947067079057,11173995
2021-03-31,259.7075500488281,263.54209590142307,258.2832965291956,259.85363090495383,8632980
2021-04-01,268.91046142578125,270.06080294526794,260.29188554904465,263.85251951331435,12254460
2021-04-05,260.37579345703125,271.0372438752473,254.94880264568258,268.58959092388613,10865445
2021-04-06,263.8684997558594,267.4987006229789,259.4315813680344,262.548421626715,9011680
2021-04-07,272.3756408691406,275.47415665813617,259.10156297211836,264.01516511661634,14184300
2021-04-08,273.9523620605469,276.84919808639137,270.11130637881394,273.16399697794384,11186950
2021-04-09,269.44219970703125,274.4291279002049,266.7653665374647,272.99904776097526,10218235
2021-04-12,238.51199340820312,259.5965348903173,237.0544132454786,258.5148129546173,24289800
2021-04-13,253.43621826171875,256.4247322313089,240.36381963327986,241.09718390721488,21252365
2021-04-15,253.13372802734375,254.53630756608337,240.36383372009317,252.0978306470615,17951785
2021-04-16,252.6478271484375,255.7554908123041,250.37435337077468,252.15279092748455,12006190
2021-04-19,246.1666717529297,248.12846479617676,236.0185807699062,238.71373817964238,14272335
2021-04-20,246.60671997070312,254.1146548627427,242.4906304199676,252.83122519062135,12498725
2021-04-22,243.1597900390625,244.2140116202702,236.73357890699407,241.66553313023184,19593930
2021-04-23,253.13372802734375,254.4538061786346,240.45548327766596,241.0971980370079,17606370
2021-04-26,245.51580810546875,252.93206504725507,243.2240094964103,252.83121136090674,13382655
2021-04-27,242.9306182861328,248.9534708952531,241.84889620952657,248.33925664521718,8343800
2021-04-28,257.5614318847656,259.3948703793418,242.93060053134215,243.48063767492525,17059815
2021-04-29,259.6699523925781,263.0067965406528,254.84799928117886,260.5316708872249,14470055
2021-04-30,246.60671997070312,264.93193369877434,244.90160716474523,262.1817752174722,20775365
2021-05-03,238.1361846923828,244.6540740706294,233.8826212913469,244.5807208532007,14320405
2021-05-04,236.73361206054688,247.36756283756367,235.69771464856404,242.93064423952328,13762810
2021-05-05,235.97274780273438,240.18048655743442,233.2317517181636,240.18048655743442,12337230
2021-05-06,240.43716430664062,241.46388556356897,233.39676599394105,237.61368085008766,11816670
2021-05-07,237.91615295410156,242.5639264049581,236.97193321738385,241.09716996584896,6920815
2021-05-10,244.3515167236328,245.86412594018378,237.67780137966867,238.16366148664213,9092755
2021-05-11,246.13914489746094,247.23921930530148,240.62050449478943,242.74727211999786,7293410
2021-05-12,246.40499877929688,248.61429574176532,243.59983984213375,246.59750200704815,7632385
2021-05-14,243.20562744140625,251.5477789527483,242.74726777568475,246.780855214877,9702620
2021-05-17,254.67376708984375,256.3147023451062,242.05970153064567,243.75563770163302,9550025
2021-05-18,265.8852844238281,268.59876582894145,257.59813378133975,257.59813378133975,15594255
2021-05-19,258.7623291015625,267.64534075115256,257.59810574129864,263.6484583040981,6901040
2021-05-20,259.6058044433594,261.92510372185694,255.94810249206824,259.4316254955779,6123645
2021-05-21,271.1197814941406,272.81571809785316,260.35750393847843,262.73180399325287,11258915
2021-05-24,267.5262145996094,271.89898411431966,265.3077692816553,270.6155825283888,6487950
2021-05-25,262.97015380859375,270.72562125954187,261.6684277284236,268.59882521254644,5680010
2021-05-26,262.6859436035156,266.90285861087887,261.90675446255057,263.6485157984454,6131915
2021-05-27,264.2810974121094,265.7936791345461,259.4316429664707,263.17184656973575,8648350
2021-05-28,266.7745361328125,277.6559915296106,265.1152761661733,265.38110466394784,17020950
2021-05-31,262.14508056640625,268.7821482683101,260.16496323899213,268.7821482683101,7634365
2021-06-01,258.75323486328125,263.13515261285056,254.54549604322662,263.0984760024115,9322935
2021-06-02,262.19097900390625,263.36437896058146,254.84804613242716,256.68148531323595,6900620
2021-06-03,259.9266052246094,265.1152399608528,258.51484963091855,263.09844625558026,5219995
2021-06-04,260.93505859375,263.09850324066986,258.10237064724373,261.28338851278477,6313570
2021-06-07,272.71490478515625,277.66521300479866,258.83578459209303,260.8067261364,23267725
2021-06-08,273.017333984375,280.44276551098005,269.7996404617675,276.11584952821164,20367070
2021-06-09,263.47430419921875,272.99900342554565,261.09082836222996,272.2473148418625,16223270
2021-06-10,269.5155334472656,270.4139286301378,262.759315197223,264.01521643813777,9991650
2021-06-11,270.49639892578125,273.91574436861293,267.6820636654561,269.88218462091993,8790865
2021-06-14,270.7989196777344,272.0639969937027,261.64090133326596,269.51551804416414,8612805
2021-06-15,265.9678039550781,270.43222295618585,264.4735468571513,270.43222295618585,11778790
2021-06-16,263.97943115234375,269.53020601927807,262.5986411049248,268.1494159718591,9827690
2021-06-17,259.84625244140625,264.5593442278337,256.4587212314418,258.11565790589924,12356210
2021-06-18,254.06539916992188,262.1568376832284,247.43759491119832,262.1568376832284,14779290
2021-06-21,254.59934997558594,255.88811027306005,246.3974789761278,249.46282158183632,7416025
2021-06-22,252.5373077392578,258.1065114875765,250.5673950826055,255.90643904888472,7917570
2021-06-23,251.6352081298828,255.1700559817273,250.5950363790265,253.12648523562203,4924915
2021-06-24,251.10125732421875,253.32894416770043,249.1681457495393,252.4084175218763,4667625
2021-06-25,251.87454223632812,253.69719544042127,249.5824394600397,251.10130308399283,6516880
2021-06-28,252.69378662109375,255.7222991563543,250.84351901425924,254.42438126538246,4102820
2021-06-29,249.9874725341797,257.01109658924906,248.21086253301698,252.66620892235318,5875000
2021-06-30,247.1890869140625,252.739862987958,246.13970085781315,251.30384327377368,6968565
2021-07-01,249.5731964111328,251.34980621424455,244.86010416408715,248.48698163855892,5444075
2021-07-02,250.78831481933594,252.70299813540856,247.80581708174776,250.29122249898873,4228550
2021-07-05,253.06202697753906,253.69719271947523,250.8435540095408,251.3038174113932,2911235
2021-07-06,260.2605285644531,264.15433859464275,253.236905225627,253.236905225627,12255020
2021-07-07,265.9125671386719,266.9527668975496,260.0028009272885,261.42039194577416,7910955
2021-07-08,263.5559997558594,266.41885242826805,261.83461930511885,266.0966624617307,6176635
2021-07-09,268.002197265625,268.79383686251555,261.06141703697534,263.10498774229126,5637260
2021-07-12,267.39459228515625,270.202187339998,266.400407768228,269.511792350226,4330990
2021-07-13,263.60205078125,269.7143624451747,261.9911288212532,269.7143624451747,5529040
2021-07-14,261.5952453613281,264.53172749543444,260.5090307033605,264.1911371443974,6477460
2021-07-15,268.4071960449219,269.7143564812911,260.7392200454802,262.3501419698565,7322970
2021-07-16,266.8330993652344,270.72693784746366,265.84812894582495,268.79382594652185,3058730
2021-07-19,255.8788604736328,265.11174404714,254.41522609110936,262.3501633799823,8523350
2021-07-20,256.9926452636719,259.5701369582498,248.72633322260717,257.3792788501448,6350305
2021-07-22,256.8821716308594,258.2169465462617,252.2243089035959,257.5449519604272,8748020
2021-07-23,255.0963897705078,259.0270573003294,252.040233963123,257.19518981210655,5276030
2021-07-26,252.2979278564453,258.66798453366215,244.07763174489833,254.94904906101547,4858020
2021-07-27,251.4326629638672,259.95672065026406,248.99324486467506,253.89966764665834,8150250
2021-07-28,252.76742553710938,253.69716650229086,248.56061173677315,253.2369031480023,6667670
2021-07-29,252.40843200683594,254.70974875346192,249.27861875762827,251.11967215492905,3888435
2021-07-30,255.92481994628906,259.6069267020548,250.40165981264047,253.69716109070808,7132000
2021-08-02,253.30137634277344,263.27066940038736,245.90954713329867,257.0110982879071,16937480
2021-08-03,246.39743041992188,255.53825515433581,245.41245996379277,253.6235436048279,10852865
2021-08-04,243.2952117919922,250.143933143931,242.1169386611343,248.54222556867424,12098915
2021-08-05,245.21913146972656,246.2869177657165,241.21483453690095,243.4240930919006,7443930
2021-08-06,242.27345275878906,247.45602318074683,241.62907275651858,245.4124525440232,6201995
2021-08-09,239.84324645996094,243.09270493968654,238.416441157117,243.01907515628912,5444400
2021-08-10,234.8263702392578,241.5738186888246,233.87822884801457,241.5738186888246,6656495
2021-08-11,238.41644287109375,238.95955031583063,228.99024331641948,235.10254074941645,7777460
2021-08-12,241.06752014160156,242.92697383474268,236.98959388268796,239.61307232379116,4144010
2021-08-13,238.42562866210938,242.06169225812206,237.18291200332212,241.36211107147335,4393670
2021-08-16,238.72018432617188,240.2574763245457,235.99543307353093,237.68001271964835,4215450
2021-08-17,235.7192840576172,238.78462567625544,232.89326028357857,238.7201820636822,5186305
2021-08-18,238.20469665527344,240.22986673937498,235.0012675026127,237.12769609091936,4998005
2021-08-20,230.96014404296875,236.75947912417072,230.1316756291529,235.65483584425257,4362450
2021-08-23,229.34002685546875,234.80795782910215,223.87209588183538,234.80795782910215,5190075
2021-08-24,235.572021484375,236.023070635903,226.6889292585158,228.29065097924922,4803725
2021-08-25,233.32591247558594,238.46243929258685,231.86227833906284,235.83896057352928,5152555
2021-08-26,232.97610473632812,238.81224078365088,231.41121211790815,234.91841668189667,6567660
2021-08-27,235.91258239746094,237.6800060283807,231.54008055679657,233.8045824272031,3930010
2021-08-30,245.7714080810547,246.56307562988377,236.24397946424622,238.23229236197957,7071320
2021-08-31,249.03933715820312,249.8309767499618,243.11114210886086,245.7806643049592,7881915
2021-09-01,244.8417205810547,249.50876995833946,243.5161597838828,248.98409104915496,6179385
2021-09-02,247.26263427734375,248.35806316869142,244.23412201749278,245.22827837580184,3818570
2021-09-03,248.5514373779297,255.6486907723303,245.4308382033555,248.35810653352888,8012625
2021-09-06,247.88864135742188,253.51304597494382,246.7103683124859,249.6468507144876,3295350
2021-09-07,247.58489990234375,252.0310604307036,244.12373796250907,248.0819922796062,6181705
2021-09-08,251.3130340576172,254.3231466211325,246.39742425018207,247.41919552772666,8546425
2021-09-09,248.2384490966797,250.93558560235007,245.8634744642207,250.93558560235007,3792220
2021-09-13,247.01416015625,248.23847654189802,241.31609697038118,247.8058278186782,3625345
2021-09-14,249.0576934814453,252.40842404309157,247.47438648603176,248.17399574445122,3353550
2021-09-15,251.6352081298828,253.94573953033188,247.06940278527154,249.27866162348664,5161840
2021-09-16,258.92578125,259.9383663643651,250.9540156656332,251.63519651882018,10142820
2021-09-17,250.53053283691406,262.5157795345724,249.57317726883542,261.42956484531135,9870725
2021-09-20,243.03744506835938,252.50967251534973,241.3160646635294,248.54220475351582,4788450
2021-09-21,243.70945739746094,245.94633066089608,236.71344846939604,244.86011583654243,4585140
2021-09-22,247.89785766601562,249.2602474523641,244.30780874038305,244.30780874038305,3449740
2021-09-23,254.6360626220703,254.9858672234895,247.90701544921973,248.54218104816664,5925930
2021-09-24,249.5916290283203,258.9993851639172,248.73551782626973,256.82695558304846,5655830
2021-09-27,243.7830810546875,250.83431916336613,241.91441292023814,250.29121176482872,5489955
2021-09-28,241.76715087890625,247.7413602936334,237.9745572004499,245.78063388808147,4231635
2021-09-29,239.40138244628906,241.3989096272246,236.75947534697397,239.3369388360021,4532205
2021-09-30,239.12522888183594,244.3077990906584,238.04822829281014,239.7051652415795,7981880
2021-10-01,238.33360290527344,239.25412972746727,234.42136391094968,238.20471566588668,4632325
2021-10-04,248.68031311035156,249.27864992082542,238.60974752077996,239.59471795360938,6773440
2021-10-05,245.82666015625,249.92301547740098,243.8107043033619,246.7011718156297,4110305
2021-10-06,239.92613220214844,247.5296648973373,239.05162045580252,247.29953318432524,3570155
2021-10-07,247.29034423828125,247.87946680899867,242.24584703256116,243.60823687148553,3739840
2021-10-08,245.0349884033203,249.16814402494543,243.65419844414112,247.29028990687715,2327330
2021-10-11,245.7622528076172,247.05098469674175,244.10528772824418,245.9463413104931,2474965
2021-10-12,243.8751220703125,247.06016455049766,243.0190390159178,246.14882405146182,2928570
2021-10-13,251.5615692138672,253.1080475352779,244.13291100574344,246.33298359828845,7442435
2021-10-14,254.71896362304688,257.58181658644384,249.79413961181953,253.78003639782025,8878410
2021-10-18,256.86383056640625,260.82208494594954,254.11143606991567,258.4287094198821,5899405
2021-10-19,262.8011474609375,268.42557996764805,254.7465391771395,257.7842940138042,14910045
2021-10-20,264.87237548828125,271.49096550376913,258.9994099419875,264.7066874045156,10061990
2021-10-21,274.4734802246094,276.15803185835637,265.32344185498937,267.23812518195166,11697925
2021-10-22,279.5823669433594,286.98340938442226,273.4608700835363,275.9738899640006,19446090
2021-10-25,279.2694091796875,283.5682533592911,272.2089566650564,283.5682533592911,8858895
2021-10-26,280.92633056640625,292.3592845004005,275.532057607837,276.17640944020184,9988515
2021-10-27,281.37744140625,286.83615862864974,279.28782757569235,283.33813990732244,4678970
2021-10-28,274.07763671875,281.3037776190224,270.55203148323966,281.3037776190224,5604320
2021-10-29,264.412109375,276.158040347291,262.35013832992644,276.158040347291,6972315
2021-11-01,263.3995361328125,267.87328262641853,255.7867619774155,267.87328262641853,8517215
2021-11-02,290.1868896484375,299.11601177478167,263.68494054423167,265.1117459958504,16632400
2021-11-03,295.05645751953125,302.6231890274201,286.9742332450136,290.7023555915697,15816895
2021-11-04,297.7259826660156,299.34611885882,296.0414309459172,296.40963605548666,1071505
2021-11-08,306.48016357421875,307.4559196346617,298.44395532205647,299.2080082192732,8351745
2021-11-09,298.9601745605469,313.8244804974054,292.4853709429282,310.18008877439917,12628955
2021-11-10,301.7627868652344,303.94573496183784,295.89846912091735,298.9601234787439,6427920
2021-11-11,302.7062683105469,303.94572708610326,296.21294846589575,301.7627790460636,5065025
2021-11-12,300.1348876953125,305.0557166750367,298.94166605870316,304.6672442905883,5511415
2021-11-15,299.0619201660156,300.8008718468239,291.85638119292685,299.6908942805499,3522305
2021-11-16,303.196533203125,307.6456455813666,297.4894444196381,299.28389208218596,5549900
2021-11-17,301.69805908203125,305.2221993193731,297.9426476708869,301.1708183906749,3780655
2021-11-18,296.25,304.20476401235453,293.2531000668418,301.9293410345086,4825755
2021-11-22,288.8965148925781,297.8040004644105,286.39910723435986,297.73001511891306,5279665
2021-11-23,293.76177978515625,296.5737018576897,285.58503276082564,286.001281346697,3311240
2021-11-24,293.5675964355469,296.1667653074823,290.4411867874216,293.9190902863401,2310765
2021-11-25,290.616943359375,294.14108428073257,283.0506794755299,294.14108428073257,4290100
2021-11-26,267.63140869140625,288.03628978997654,265.3652441130022,285.26137364897886,6705735
2021-11-29,259.5933532714844,267.31687413871975,256.8739336777234,265.19868062321984,4893890
2021-11-30,260.2315979003906,267.58513599270884,258.14115231769875,259.54712770906093,8840830
2021-12-01,267.08563232421875,268.04761099034187,258.9458910112128,264.5419596354167,5539860
2021-12-02,268.0475769042969,270.08249785982844,263.83893841763484,266.39186953359257,3870920
2021-12-03,267.714599609375,273.5881765866722,266.1791429290111,267.6313555290295,3863635
2021-12-06,268.26959228515625,272.86670364172784,266.74339433409637,268.2418442579698,2886375
2021-12-07,270.74847412109375,273.10716902976196,266.72484134692843,270.6467407775779,3802710
2021-12-08,276.07635498046875,276.90882401732296,270.8502695640993,271.94172959526145,4314475
2021-12-09,276.39080810546875,279.2489674436785,275.04958776833604,277.49152675315474,2145005
2021-12-10,278.2962646484375,280.6457009554762,272.9684179766961,277.49154368820564,2745385
2021-12-13,272.9869384765625,283.36512345358386,260.6755657779656,281.1914340252429,9169260
2021-12-14,256.05072021484375,270.7670260761199,253.45155151445,270.2767921133955,9079580
2021-12-15,251.1946258544922,257.26243926501377,249.74241319565795,256.4022221720364,4271675
2021-12-16,246.37548828125,255.80095368580373,245.3025457763921,253.70127774950154,6199315
2021-12-17,235.62734985351562,246.74551618339703,234.1566337873968,245.1175565859727,5310545
2021-12-20,222.10423278808594,233.72187679232746,214.37146767302804,231.2429590460499,8903280
2021-12-21,217.1371307373047,226.6180917173148,215.71268037093367,226.6180917173148,6125145
2021-12-22,216.8966522216797,220.5132813957981,214.07548528195926,218.67259646390937,4092265
2021-12-23,223.898681640625,225.67462588219763,218.04360819168465,218.6633376316644,6141175
2021-12-24,217.84011840820312,225.69313460732445,215.66644299818324,225.69313460732445,5577935
2021-12-27,225.45263671875,227.17308487027023,216.65614566861194,217.84010847030868,8997655
2021-12-28,224.1761932373047,230.6602412617285,222.89972748182234,226.61811852130273,4005800
2021-12-29,224.1484375,226.60886608953047,222.40948584815882,224.999409936404,5363660
2021-12-30,221.66026306152344,224.76816917517024,219.23684122721016,224.213180395824,4008980
2021-12-31,225.1381378173828,227.8205645932409,222.34473305231862,222.86271501898085,5290815
2022-01-03,231.38169860839844,232.75991172195467,225.2398861957571,226.02611790016536,2860025
2022-01-04,231.78871154785156,236.08983947210132,227.77433677637967,232.53793654967563,6387390
2022-01-05,231.2060089111328,236.19160746066638,230.3180295749216,231.7887316776297,4206620
2022-01-06,225.00863647460938,231.05795999041587,223.6581855414927,231.05795999041587,4892065
2022-01-07,224.86065673828125,227.79281573553223,222.71471532543197,224.9901522294739,4311580
2022-01-10,226.2296142578125,229.94800500548206,223.5101947907385,225.7116322857889,4850740
2022-01-11,226.35911560058594,227.8760688924075,223.47320790247431,226.15562066146774,3000215
2022-01-12,230.3642578125,231.05798674742184,226.4331271812763,226.82161369115835,6283615
2022-01-13,230.771240234375,232.5379258047899,228.28306361018625,231.94594436406456,3167295
2022-01-14,229.44854736328125,233.9809185388421,227.37661915863842,229.4855541463369,4270915
2022-01-17,229.21730041503906,232.14945985075533,228.81956924473988,229.76303048710395,2446195
2022-01-18,222.71473693847656,234.38787800890896,219.44958720216115,228.46806338855134,7134135
2022-01-19,221.123779296875,223.19572142584954,216.61917067783625,222.91822703413715,5312500
2022-01-20,225.868896484375,228.32932519070258,221.4475318147239,221.62327873859752,6465015
2022-01-21,221.7157440185547,226.3960992030311,219.21832290946472,224.58316232666357,5834040
2022-01-24,213.59451293945312,222.54824841680184,211.0600848110776,221.08679109728175,9353860
2022-01-25,215.83291625976562,222.51121377977967,204.08577723152982,210.89357023888695,10473610
2022-01-27,229.5965118408203,230.8082226960857,216.46191450203514,218.28411016060912,14742195
2022-01-28,229.92025756835938,240.46493092285075,228.6622952985297,231.24296052788276,9290465
2022-01-31,227.24710083007812,235.31285732517293,226.61812668173997,232.90793873488064,4867125
2022-02-01,236.83905029296875,238.64275683931078,228.38482157027173,230.98399042335134,5528990
2022-02-02,237.4958038330078,241.29742494878136,235.12786381601637,238.82776568195558,4547020
2022-02-03,233.68490600585938,238.08776727725606,232.16795261706292,238.08776727725606,2367305
2022-02-04,228.13507080078125,234.49888204362227,227.36734242354711,233.09292079170248,2633985
2022-02-07,225.47117614746094,231.42799825764388,224.02822204404083,228.46809059499327,2030295
2022-02-08,229.4392547607422,230.38272993609777,223.22344321831022,226.7290800835397,3807905
2022-02-09,230.34573364257812,231.98293773320597,228.0980588708933,229.39301378701418,2220130
2022-02-10,234.12887573242188,235.86782736830733,227.93156701259375,230.31799613611187,3166790
2022-02-11,228.56979370117188,233.8328857693968,227.21008395682045,231.79795052856923,2919870
2022-02-14,214.75070190429688,223.10319615998375,213.4094956121406,223.10319615998375,6578230
2022-02-15,223.4732208251953,225.85963595112426,211.47633393084905,216.62842017003166,4886570
2022-02-16,225.8041229248047,235.75682903813617,224.9716539075258,226.4423557578953,9347585
2022-02-17,236.32107543945312,237.22754394811773,227.4320949299089,227.91307015510583,11096160
2022-02-18,232.74142456054688,239.0035023786154,231.31697404713955,234.75787063832735,6084335
2022-02-21,225.7301483154297,231.71471795700458,223.86171513973676,230.1330238273857,4546015
2022-02-22,222.7702178955078,224.95315203516773,217.61813200878,221.99324492561627,4408165
2022-02-23,217.3868865966797,226.02612022704156,216.73015037770068,225.32314670705085,4670295
2022-02-24,197.6849822998047,213.56674706084115,196.09402960970428,210.89357901421027,7525505
2022-02-25,208.58114624023438,214.48247099178792,203.91003570785156,206.37970878340784,9287685
2022-02-28,207.97068786621094,208.67367557443228,199.97893085902575,205.15877937518079,6854355
2022-03-02,202.6706085205078,212.24407403713099,197.2040208009989,204.0488218341734,8430100
2022-03-03,204.50204467773438,210.15362384683203,202.38386512610631,206.63872762023635,5518095
2022-03-04,201.48663330078125,206.54623078894284,199.97892456763603,203.30882909668338,5340955
2022-03-07,188.9347381591797,196.06627707460476,188.00976634267033,195.1690532834747,4901560
2022-03-08,192.69017028808594,194.2071237757646,185.36437976188407,187.95430413727385,12217785
2022-03-09,196.436279296875,198.3787259464015,192.6161549199347,196.3160425464985,6415045
2022-03-10,199.70144653320312,203.4938373290065,195.1875928299383,203.12385417944384,8349665
2022-03-11,204.0883026123047,204.76176989021786,197.6436064085417,197.9803400474983,5890485
2022-03-14,208.1571502685547,208.77449764707669,201.5908657709917,204.8365995146845,6630425
2022-03-15,203.9386749267578,212.70308532426344,202.03987538783835,208.58746394207387,7772955
2022-03-16,207.55853271484375,211.393554230728,204.88337477624077,207.40888440858896,7527250
2022-03-17,211.30938720703125,214.087436553131,209.644430165797,210.45819729476824,5977670
2022-03-21,203.23715209960938,213.52622005641902,202.9378411808052,211.49646927219806,6308350
2022-03-22,205.4352569580078,206.71670891208302,199.4208222136053,202.41400247455252,8069535
2022-03-23,205.07046508789062,207.65208040888876,203.55515641737026,206.34256849373233,4335075
2022-03-24,204.35955810546875,206.08064911681848,203.27454015350196,204.64952041472748,3329035
2022-03-25,206.34255981445312,208.101045130467,203.1716571287059,205.75327234111492,3234280
2022-03-28,208.69032287597656,209.62569252460312,202.7413713398073,207.37144824598715,7168470
2022-03-29,210.15882873535156,210.83229596947837,205.5942349261228,208.69030592802434,6632010
2022-03-30,210.35528564453125,213.0397920446063,209.3357361241846,210.83231904065278,2494090
2022-03-31,212.30087280273438,214.08743244648193,209.335752414883,210.83233544781663,4371685
2022-04-01,220.99981689453125,224.30167100108514,211.0007118899514,212.32893523465322,4473460
2022-04-04,220.56016540527344,222.61797577217527,218.87649718776896,221.49553505137501,2766255
2022-04-05,218.9700469970703,222.14094962978157,218.0440258791143,221.49554226932207,7478890
2022-04-06,218.3246612548828,220.74726553168978,216.07976524523184,216.81871535556309,5148520
2022-04-07,219.64352416992188,221.6732747465469,216.63163253425654,217.1928458018444,10215730
2022-04-08,225.83566284179688,227.01422352665014,218.27787394671927,222.49638615913253,12013760
2022-04-11,228.90367126464844,231.59754053421153,224.123931586488,227.29483425894924,5541150
2022-04-12,220.91561889648438,229.1562383155469,218.8952311001998,229.1562383155469,5301495
2022-04-13,221.4861602783203,223.95553543998003,220.45726228664975,222.99210589825037,2337810
2022-04-18,217.80084228515625,219.77447294055963,209.7285971353495,217.37991449833697,7199895
2022-04-19,209.26089477539062,222.4309008791318,206.1554607527907,220.60693295506636,7289265
2022-04-20,208.4471435546875,212.0950796791553,204.29409979907248,208.1197584503288,3195385
2022-04-21,215.2940673828125,215.8739920975827,209.16739227484425,210.27113607203177,3891400
2022-04-22,207.2779083251953,213.2642680346694,205.86549109979524,213.2642680346694,4432385
2022-04-25,205.14529418945312,206.52963738107223,201.35704396250134,204.84596902769263,5391300
2022-04-26,216.4913330078125,217.19286034372413,206.3425794451901,207.26858639412296,7799210
2022-04-27,213.49813842773438,218.25916687348962,212.14185518928704,213.63843817658403,5002305
2022-04-28,213.6010284423828,217.56700116755604,212.44116485897888,214.76089202578675,12255960
2022-04-29,224.87222290039062,231.78460410195828,219.6528584961494,223.44110846548995,30651345
2022-05-02,230.14772033691406,231.410460883697,221.67327303552653,222.56187140680547,9994595
2022-05-04,214.9292449951172,235.23612712863218,211.5993312014108,230.47508458662426,9729470
2022-05-05,217.2957305908203,223.54400754725575,214.78894667027444,218.85779626177697,5106630
2022-05-06,221.45811462402344,223.1792056383048,211.95476976591948,211.95476976591948,9524820
2022-05-09,216.44451904296875,220.3730827685674,212.44113830950243,220.3730827685674,7602625
2022-05-10,217.07125854492188,220.36374969477808,214.19966664343474,216.44454827039206,4513380
2022-05-11,209.5228271484375,217.81955238837483,205.2575433079619,216.07041549682617,8918120
2022-05-12,199.1869659423828,209.5228035243325,195.88511218936605,209.5228035243325,9397425
2022-05-13,198.59771728515625,204.82726913339678,195.97867906318865,202.41401340353727,8482405
2022-05-16,204.01348876953125,205.31365210030995,196.76437349036314,198.2983792495021,6833390
2022-05-17,207.41822814941406,209.67247252113145,202.4139946135414,205.2201036753148,4101275
2022-05-18,205.35107421875,210.79493316262656,203.38680625390543,209.5228296971324,4296340
2022-05-19,201.7592315673828,203.27454011264277,199.0466652790987,199.98203493334952,8110880
2022-05-20,205.0330352783203,207.46500220609286,202.7133224198632,205.22010636370075,3296315
2022-05-23,212.63763427734375,214.74221648501725,205.7813714169651,205.7813714169651,6070490
2022-05-24,210.97264099121094,214.180952246361,206.35191233918187,212.11379317946952,8069565
2022-05-25,208.99900817871094,214.45221524574015,206.29579031497147,212.51599311471043,5017540
2022-05-26,214.5083465576172,215.32211367317572,206.26774134076118,209.70989517115058,3514895
2022-05-27,213.7226104736328,217.28636645658403,211.6180288201475,217.28636645658403,2271910
2022-05-30,219.23194885253906,221.682612832226,213.6197308061536,216.44453694655613,4176795
2022-05-31,220.036376953125,223.6843131335493,214.19966479183697,219.2319584271072,13941420
2022-06-01,221.67324829101562,224.4887056698192,218.12818948798616,219.8492661393623,5176220
2022-06-02,223.16049194335938,223.74041655687338,219.8586382334865,221.77614886306398,2790370
2022-06-03,220.46661376953125,224.10520097405148,218.5678146069409,223.64687900056197,5396720
2022-06-06,221.832275390625,223.49723226913193,215.97685209482077,219.99894454898137,2524525
2022-06-07,220.6162872314453,221.36458580939794,213.7413145633798,219.16646141277613,4116090
2022-06-08,219.858642578125,223.95555200480567,217.4173271819554,220.7472409052133,3753885
2022-06-09,218.4649658203125,219.37227565822002,216.07042144206142,218.50238860456597,4476645
2022-06-10,217.99725341796875,218.42752974692846,215.6307692902116,216.63162168985238,2121945
2022-06-13,212.12315368652344,216.98707359903264,208.68099980993875,214.1996757019494,4399480
2022-06-14,213.161376953125,214.8731050288594,209.7098608555464,210.2523769346814,3860780
2022-06-15,215.13507080078125,215.69629843365402,211.69291651882233,214.21841232152656,3345520
2022-06-16,213.77874755859375,219.81187926255484,210.2056284576012,216.6316279950338,6698850
2022-06-17,214.95729064941406,215.97684011244826,208.1290895510775,212.60951803522744,6730740
2022-06-20,213.05850219726562,217.35184555525495,208.85868724267016,215.13502400556277,4386785
2022-06-21,219.6154327392578,221.36458368133611,211.16904598403752,214.57379092201307,4280930
2022-06-22,219.17581176757812,224.30163318497142,217.9504656012197,218.40880184387012,4890975
2022-06-23,224.07716369628906,227.70640271001767,217.02448241784455,217.2396134531361,3954310
2022-06-24,232.9631805419922,234.91809983440714,225.04996069114316,226.44365244164132,4996020
2022-06-27,234.30076599121094,237.39683747670068,232.98189126232816,237.39683747670068,4127285
2022-06-28,234.03883361816406,236.3585462270807,231.84070935173006,232.53288799304718,3527135
2022-06-29,228.9972381591797,235.67577786905892,227.85608587695685,231.97170723170098,2727410
2022-06-30,239.7071990966797,242.67233380787107,229.9419507514398,231.03633166239058,9956150
2022-07-01,236.77947998046875,238.48185964716785,231.69106664289123,236.87302265741587,5358285
2022-07-04,236.62046813964844,241.1570167784445,233.8424190594139,234.02949014013973,2008615
2022-07-05,238.96824645996094,245.1510407349364,235.90959782363535,237.3687722689666,6272225
2022-07-06,240.2122802734375,242.5039473601694,237.6026052001116,238.17318126402557,3157810
2022-07-07,244.73947143554688,247.2275582135608,235.33901755532256,239.4546384445447,4945940
2022-07-08,239.538818359375,247.60170044833524,237.77097023187926,246.90017318706538,3652815
2022-07-11,234.99293518066406,239.45465282534192,231.99040631563264,238.64088572086584,3691540
2022-07-12,231.27952575683594,235.24549874660826,230.79314374942442,233.6553729813719,3442455
2022-07-13,237.3781280517578,238.50056886904727,232.03717490605013,232.7387022009322,3151325
2022-07-14,242.2513885498047,243.09324411278632,237.59325145780093,238.33220151065953,3203265
2022-07-15,245.9367218017578,246.56343199295057,238.68760740987508,243.19609572767823,2703045
2022-07-18,261.3609924316406,265.4485531139929,247.49880777784253,249.18246167995224,5420345
2022-07-19,260.32275390625,261.71644570499416,253.92482821544377,258.5736170338134,4993150
2022-07-20,263.409423828125,267.74955254754224,262.19345474555854,263.7742316800241,4629925
2022-07-21,273.4834289550781,274.70876111960354,261.04299338496605,262.46477376167667,4855305
2022-07-22,279.88134765625,280.5922378259153,272.47320641379713,274.4374886674583,4810415
2022-07-25,279.95611572265625,282.29453977161,275.55989563775245,275.55989563775245,4721665
2022-07-26,276.5607604980469,282.2758554306382,275.69084501810204,279.8626142627951,4102640
2022-07-27,271.4068908691406,275.746991678159,268.4511190251792,273.3150531573121,6702695
2022-07-28,273.3056945800781,281.77077955571673,269.94772054103174,276.49530891187,8557735
2022-07-29,258.11529541015625,276.869447587071,256.38485565369314,276.869447587071,9296570
2022-08-01,257.1986083984375,261.5293746909449,254.6263417149603,258.1620380508039,4709025
2022-08-02,257.9936828613281,262.53023170955976,255.00985117276025,257.6008150192755,4861880
2022-08-03,254.46734619140625,261.2394430478202,252.19440439682262,259.09743818353263,3733035
2022-08-04,254.40185546875,257.6008037843264,249.47243899345636,257.6008037843264,4646770
2022-08-05,254.87889099121094,257.93756830602797,253.3074766808791,256.2258256987008,3153135
2022-08-08,260.45367431640625,262.65177002148454,253.6722447742521,256.2912682138258,4775785
2022-08-10,261.2300720214844,263.69946195188936,259.13485284069503,260.96816962388573,4003980
2022-08-11,263.0353088378906,266.6364879397639,260.2572596501847,262.9604918207928,5658525
2022-08-12,255.9077911376953,263.0353036382297,254.8976044281435,263.02596935203843,5225265
2022-08-16,255.29981994628906,259.4715610075425,253.07363539064204,255.35593984725335,6555990
2022-08-17,253.5880584716797,256.10420517692074,252.7368971886166,255.16883550345472,6599875
2022-08-18,252.2598419189453,255.40267022537938,248.2564609789593,252.596561289542,4383855
2022-08-19,251.96051025390625,255.3372094293941,250.6790584403078,252.5591605130791,3815695
2022-08-22,245.60000610351562,255.32784436837554,244.13146896044975,255.32784436837554,4246725
2022-08-23,250.04302978515625,253.78450850630398,242.8593974914047,244.2156664006904,4383165
2022-08-24,251.2496337890625,252.4936914376234,248.26583079823098,251.80152701510252,2029850
2022-08-25,247.81686401367188,255.1127366504434,246.93761416446873,252.36274729999425,3292195
2022-08-26,249.43507385253906,252.0727949595561,247.71396832333085,249.74373332259128,2107620
2022-08-29,247.85427856445312,249.14506479945805,243.19612708478135,243.61705487666933,2128080
2022-08-30,253.419677734375,254.24280754589756,248.89249231621574,249.182454607291,5142225
2022-09-01,248.66802978515625,254.04640532940167,247.49881771032028,251.05321099973494,2217970
2022-09-02,244.80496215820312,250.67908280755654,244.43081998245935,250.67908280755654,2321585
2022-09-05,247.0872802734375,250.30495454508187,245.07624098996473,247.10597739243758,2988435
2022-09-06,259.0506896972656,260.3227789833173,246.46059104527347,249.51926870389946,8058715
2022-09-07,255.6552734375,260.1918225496804,254.60766385803157,257.41377317955926,3464835
2022-09-08,254.6918487548828,259.26579219601774,253.67229910663485,257.0396075229611,3184610
2022-09-09,247.70462036132812,257.226677423838,246.93761032688448,256.28194485592036,3022760
2022-09-12,248.5277557373047,249.6221223671623,245.0668762199278,249.04219768532738,4745365
2022-09-13,249.29473876953125,252.5498358185832,247.6204474475885,249.74372653171008,3598305
2022-09-14,249.67823791503906,253.38232263900107,246.02093880522122,247.56432171281494,3689160
2022-09-15,248.0506591796875,257.03954706843405,245.62805541268202,250.93158490268448,4760095
2022-09-16,240.2122802734375,250.30492690474395,237.20975165534256,248.77090695953862,5117185
2022-09-19,240.74545288085938,244.7488339707016,239.47333527214892,240.764149998187,1969205
2022-09-20,242.466552734375,246.65701957702524,241.32540047404552,242.29819302675753,3808500
2022-09-21,238.1077117919922,245.05750190681303,236.27439514767894,243.14936824537648,3779985
2022-09-22,235.18936157226562,238.70634653484748,232.20552992128106,236.27439385855257,4041540
2022-09-23,225.07801818847656,235.13324258455498,223.8433233187569,234.77779752704006,5578410
2022-09-26,219.8025360107422,224.90029813879698,214.8076508503556,222.83312477417104,3960710
2022-09-27,217.9504852294922,222.4589739634051,214.38672901218396,220.76595711666153,3060765
2022-09-28,219.7931671142578,223.27274352430803,216.07039972144818,216.95899807790207,7037355
2022-09-29,226.21917724609375,226.85522181821077,222.05677048651398,222.6179980393545,8863220
2022-09-30,224.03038024902344,228.7446512885351,222.43090613650241,224.48871651671735,3689185
2022-10-03,218.81101989746094,227.66897180790352,216.56613840009237,224.4887206411966,3393565
2022-10-04,224.46066284179688,225.19025004905677,219.88670568584809,220.76595546706096,2886230
2022-10-06,224.0678253173828,227.85607563996814,222.99214154683608,226.50914092326138,4285510
2022-10-07,224.3203887939453,226.29400533950795,218.98876959887593,223.92752092416546,5047815
2022-10-10,220.3263702392578,223.12311694635048,217.75410316089642,221.48621971466596,3026365
2022-10-11,219.5967559814453,223.41306620077884,218.86716873228252,219.81188702347808,2086380
2022-10-12,226.73361206054688,227.82800718145947,219.18518592041997,220.7004802838234,2322665
2022-10-13,222.43087768554688,226.52778653257107,219.82118869718266,226.52778653257107,2016655
2022-10-14,221.4768524169922,227.4445161011509,220.81274787469832,224.488744210289,3429520
2022-10-17,223.06695556640625,223.9929766805899,219.25064558878228,220.78465128122448,1567175
2022-10-18,229.00657653808594,230.25996857181903,224.7880641233829,226.32206993533035,4394830
2022-10-19,227.21066284179688,230.84925049340157,225.452163195303,229.16558213746163,1833905
2022-10-20,227.4445037841797,229.81098802610038,223.5533623364948,226.88327624500255,3339120
2022-10-21,224.05845642089844,230.6154072917503,221.3832984511278,229.16558137140933,5002910
2022-10-24,224.30166625976562,227.2948465699509,223.0108514527506,227.2948465699509,395760
2022-10-25,227.6876983642578,231.97169344790402,221.72003490912914,224.4887355947458,4718435
2022-10-27,233.2624969482422,234.53460029257732,226.5558980098532,229.16557315481117,4543535
2022-10-28,238.46316528320312,240.1748793581589,232.72934417408578,234.43172396233248,2765695
2022-10-31,229.9419403076172,238.32284501808556,229.165581726199,238.32284501808556,3104155
2022-11-01,225.92919921875,231.27951523781533,225.049963657983,230.38156828604195,6675575
2022-11-02,225.94789123535156,228.75400019609384,224.4887168593829,225.98531401415542,2733960
2022-11-03,232.01846313476562,232.59838779701562,223.71237540974568,224.86287617513526,3636250
2022-11-04,235.6289825439453,236.5175808968492,232.04651491076888,232.90705331472066,3337760
2022-11-07,241.1663360595703,242.07364573087855,235.0957963729543,236.52691074674817,2258285
2022-11-09,238.57540893554688,243.00905246781707,236.46147841401688,236.46147841401688,1989790
2022-11-10,232.9351043701172,241.32537132906427,231.49464137934098,237.54648419750254,3089160
2022-11-11,238.84666442871094,240.76416094238508,234.2165728827114,234.2165728827114,2488040
2022-11-14,236.78884887695312,240.48357084457564,234.85264089680223,239.43594700869997,1655990
2022-11-15,234.34751892089844,237.60261576099484,233.10348977680644,237.57455581173616,1474635
2022-11-16,230.7837677001953,234.74039190374796,229.22170197589958,234.21657287001068,2486780
2022-11-17,238.64088439941406,245.02944711194272,230.4750963591133,230.4750963591133,10895855
2022-11-18,234.07627868652344,240.28714749503595,232.34583894922758,238.6128276588226,5665580
2022-11-21,243.2241973876953,244.13150719609493,232.53292788892594,234.30077616323464,11427320
2022-11-22,251.8950958251953,253.47587319697192,241.51251305275727,244.12217445047045,9851655
2022-11-23,249.60340881347656,254.972421728171,247.91972623538854,252.54981764360846,6956495
2022-11-24,245.38485717773438,250.8567750409608,244.1314653404925,250.8567750409608,3504165
2022-11-25,239.4827117919922,247.31175189630312,238.55669061743336,246.00223997808712,4325525
2022-11-28,236.6017608642578,242.22332757806512,233.28119560134837,238.33220050443296,22810780
2022-11-29,237.64002990722656,239.6417348192299,234.12304488147717,234.35688731258682,8742450
2022-11-30,252.54977416992188,257.22662183973523,237.9580037310616,238.04219783629912,11378515
2022-12-01,240.73609924316406,251.88571881794127,238.89341976080868,251.88571881794127,8011285
2022-12-02,241.390869140625,242.8594064436607,237.20976537381034,240.69867614094937,5168550
2022-12-05,242.23269653320312,243.196126199029,239.26757624572036,242.44784184419626,4417660
2022-12-06,248.1629180908203,250.49197937108238,241.36279105179844,242.26073791782946,10171880
2022-12-07,249.7811279296875,255.68330834080737,248.2471079491608,248.43419330368948,6943485
2022-12-08,250.34230041503906,253.48512815466495,247.87291129515208,249.72495313506732,2846375
2022-12-09,251.43675231933594,253.3168547418239,246.27352132703052,252.25051947377975,3202765
2022-12-12,255.08465576171875,257.4043828291335,248.48094814798756,250.6790725905677,5938835
2022-12-13,255.5149383544922,256.46900511562876,250.67906473240842,254.60762865749533,1977965
2022-12-14,257.8907775878906,258.16204279943526,253.5600112157231,255.533656169044,4138030
2022-12-15,260.6314392089844,262.6892355189617,256.3006727263793,257.30149665824285,3778060
2022-12-16,256.3755187988281,262.65184250059013,250.323674726628,257.60085101889075,9071230
2022-12-19,256.71221923828125,259.4434827094543,254.79469427354334,257.03024150299495,3297195
2022-12-20,259.8924560546875,261.7164096965846,252.99878648462706,256.2725801726233,2851545
2022-12-21,256.1790771484375,265.5514719665925,254.46733448419064,259.43414567876124,4286630
2022-12-22,250.5668182373047,259.47152673861063,248.4996593708831,257.22664536086796,1549960
2022-12-23,243.47671508789062,248.23777185545512,241.43761604637612,248.23777185545512,1564975
2022-12-26,252.7649688720703,255.73007488929642,242.27011950673057,243.4860887206031,1606850
2022-12-27,257.95623779296875,260.0327595324828,248.72414402716157,254.79468384724572,2420365
2022-12-28,259.7708740234375,261.342288267361,253.01750365288993,255.0846626956185,2201075
2022-12-29,245.48780822753906,252.3627532197092,234.09499697595098,252.3627532197092,19945730
2022-12-30,257.58209228515625,259.0599637349727,247.90101094287726,248.8083206222935,7329350
2023-01-02,259.2470703125,260.03277743760475,254.7947013916885,258.3491233902686,2184945
2023-01-03,255.24717712402344,260.4102017354811,252.59002910780447,258.86886080885057,2678225
2023-01-04,251.2189178466797,255.8618134603426,249.23314137913673,254.9351389377126,2709675
2023-01-05,249.62083435058594,253.4221563064553,247.98492720659664,252.65621851577697,2309935
2023-01-06,244.84548950195312,250.7271536067861,243.3987150430228,250.56641692111256,1599915
2023-01-09,249.37496948242188,250.52860881873733,245.76275119981065,245.8573174780483,2348255
2023-01-10,252.2685089111328,252.96824739935815,249.37495982608027,250.1408975922662,2849300
2023-01-11,252.38194274902344,254.15021929979028,249.46949234615536,252.28737648724294,1445245
2023-01-12,248.24969482421875,253.84768946720746,246.8407525216455,253.70582562238832,2259350
2023-01-13,242.68008422851562,248.31588202217196,239.72978677831853,247.74851324322975,4597480
2023-01-16,240.69430541992188,246.1504506515625,239.9945669105388,243.77697271854785,2549280
2023-01-17,240.49571228027344,242.19780410161792,238.84090359289706,241.64935149091878,3167635
2023-01-18,242.83135986328125,244.29706497252965,237.56434735560774,241.69665114321754,2375830
2023-01-19,244.87388610839844,245.35615393888486,240.61867763076003,242.8313756504042,2489795
2023-01-20,241.56427001953125,244.7225729634277,239.50284352806048,244.7225729634277,1984570
2023-01-23,242.94485473632812,245.28050029292103,241.11036425786477,242.47205222574314,1269830
2023-01-24,239.29478454589844,244.49561173194036,238.8598143522771,243.5689084991558,1061495
2023-01-25,237.195556640625,240.30660519571254,232.61883186680498,239.9094528239798,2130930
2023-01-27,234.70863342285156,242.83136282806953,232.62829079097227,237.34686513686157,2410525
2023-01-30,235.23817443847656,239.21916365456187,232.12712571595142,234.32093637744657,5905675
2023-01-31,243.32308959960938,244.98733480432205,233.26183837952502,235.94736759036527,6053500
2023-02-01,245.35614013671875,258.5095096660147,241.7344711130815,251.15270363149745,7936630
2023-02-02,239.14349365234375,245.78165908028745,236.9686137415383,244.51452301251857,2552580
2023-02-03,241.8952178955078,242.86918991195748,236.40125503705272,240.41062551684465,2600590
2023-02-06,244.65640258789062,245.40340979264667,238.29247027476197,238.29247027476197,2088355
2023-02-07,244.21192932128906,246.4246413118122,241.88573493183623,244.70363347777047,1940780
2023-02-08,247.30409240722656,247.8998282175859,243.9755729548782,245.44124926800316,1715770
2023-02-09,248.70358276367188,249.15745469934873,245.58306891801976,247.4648425099292,1437655
2023-02-10,241.81011962890625,249.6397281295763,239.74869315880605,249.6397281295763,3358630
2023-02-13,237.5548858642578,242.9637475413732,236.96861538983615,241.81010830353333,1789390
2023-02-14,240.22149658203125,241.03471748873875,236.3823424511056,238.6707049028202,1050085
2023-02-15,240.69430541992188,241.6777427616105,237.7251061111876,239.3326462548569,1236070
2023-02-16,238.04660034179688,242.50984252570618,235.71095491159753,242.45310853611215,3304915
2023-02-17,233.3942413330078,238.5383205959195,232.71340455447185,236.38234227348485,2077315
2023-02-20,233.98049926757812,238.06550529056574,233.4131305063471,238.06550529056574,2309105
2023-02-21,229.77256774902344,236.90242321220984,229.02553170718312,235.83388492823477,2163550
2023-02-22,228.46762084960938,230.97346828666215,226.0185074030126,229.02552432747592,3253235
2023-02-23,227.00193786621094,229.82930205883613,226.01851499809075,228.82696305033264,1641205
2023-02-24,230.43447875976562,231.10585021216716,227.11539606174662,227.47473056960408,2464105
2023-02-27,227.49365234375,230.8410876908502,225.43222594338766,230.4344844671823,1437525
2023-02-28,227.57876586914062,229.33759184096994,225.0540021146867,227.89081726739286,13260610
2023-03-01,231.0396728515625,232.8930505832347,227.89080645007175,228.2690426809636,2913235
2023-03-02,228.76077270507812,231.6543218588389,225.62137143188517,231.29500175025154,2720640
2023-03-03,230.14137268066406,232.42973527953052,228.90263231459227,229.90497140687054,1836725
2023-03-06,235.80551147460938,236.22157997834864,230.72761730121658,230.72761730121658,3145920
2023-03-08,240.26876831054688,244.89279056067198,230.93565168172776,235.45564237707305,51702925
2023-03-09,244.04173278808594,248.63738822745324,241.12928200085966,242.06543617240303,8022010
2023-03-10,240.1174774169922,243.02049177372595,237.99933139237677,243.0110264890383,1446625
2023-03-13,237.92367553710938,242.8029863898924,236.72275314245593,240.32550589762897,3683830
2023-03-14,234.3209228515625,237.91422475213054,231.2949897248479,236.59983437386447,3141790
2023-03-15,232.53372192382812,237.16718051105647,231.74886806630093,236.59036090149004,1987050
2023-03-16,236.4390869140625,238.45323034366325,232.3729966292667,232.9970850137051,3988570
2023-03-17,235.644775390625,239.79598097973883,233.90486556288988,237.63055176559286,4182610
2023-03-20,230.6708984375,241.1103718513281,227.61659816299013,241.1103718513281,3402415
2023-03-21,238.3870391845703,243.7108002401621,230.36829796148078,233.26184710961388,5079360
2023-03-22,235.67312622070312,239.2002432012231,234.83153836174307,238.66124143430017,1814750
2023-03-23,238.39646911621094,239.07730584763547,233.37530904354514,234.88826833543217,2141185
2023-03-24,233.22401428222656,238.16007348699156,231.6732226749417,237.2144684964816,4290270
2023-03-27,228.72293090820312,233.186187445727,228.01372719264896,232.9970549118833,1948390
2023-03-28,231.84341430664062,233.4320381228102,227.35179080205552,229.03498088457306,2605125
2023-03-29,236.7416534423828,238.29244496740014,231.01128981248684,231.84341234841736,1649135
2023-03-31,238.1790313720703,242.43425457517046,236.96865792638056,236.96865792638056,4489935
2023-04-03,243.2947235107422,244.15522754126698,239.4271880156894,239.4271880156894,2297460
2023-04-05,243.78640747070312,244.7603794053909,241.02524277511594,242.26399736770207,1710530
2023-04-06,246.58544921875,247.18118509167738,242.1032899577985,243.20966070146073,1428390
2023-04-10,246.75563049316406,247.1811354186181,243.02994457212844,246.58539966540866,630385
2023-04-11,244.96844482421875,247.74852601250717,241.5075268376234,246.75565224136545,2316150
2023-04-12,247.55935668945312,248.12672541337201,243.69183602680468,245.66814684810493,2680600
2023-04-13,245.2143096923828,247.54995533162113,244.34434034479003,247.54995533162113,774615
2023-04-17,249.89500427246094,250.96354245976045,245.08187864532746,245.85728161315552,2927410
2023-04-18,253.27084350585938,254.3677487850907,249.4505911688917,251.0108625281687,2602290
2023-04-19,258.4433288574219,259.0768969749062,252.95883079318295,254.81220871827657,2649705
2023-04-20,253.29917907714844,259.7671131080594,252.63727296396118,259.1052069948721,1972785
2023-04-21,256.987060546875,257.5355276072994,253.62070905435962,256.3345907880517,1533610
2023-04-24,263.369873046875,267.00099249216936,256.4858703543763,257.39367185887903,3484290
2023-04-25,270.9631042480469,277.8754745670199,263.842699672436,264.7126689795326,11463135
2023-04-26,265.9324951171875,272.305863356966,261.3652069687571,272.305863356966,4680385
2023-04-27,265.8190002441406,267.0388387400542,261.3652088991568,264.76939257520996,5355815
2023-04-28,252.0226593017578,258.15019070052,247.55940210310874,255.31337541809668,15378245
2023-05-02,250.64202880859375,255.9374219424271,249.95172685299445,255.10528502542275,4445290
2023-05-03,249.46005249023438,252.60893329730575,248.93051599937348,250.21652494644297,2404405
2023-05-04,251.09596252441406,251.72006529414398,248.8832502631397,250.77446028380922,2605540
2023-05-05,249.42222595214844,254.81218611383485,248.93052173005069,251.15269930048544,1867575
2023-05-08,254.91616821289062,256.2589399312647,249.4222057945568,251.34178267737738,3146345
2023-05-09,254.98236083984375,264.7693775308002,254.50012195391878,256.95867165921857,4717955
2023-05-10,255.89019775390625,257.39373534861596,251.6255381178273,257.39373534861596,2721495
2023-05-11,258.01776123046875,259.0768630494131,253.4316001592743,255.5213790868918,1675840
2023-05-12,255.26609802246094,259.97519276223426,253.61128916400935,258.14071663340184,1868500
2023-05-15,253.53562927246094,258.6418909297246,252.6751251872945,255.88074025810937,3314115
2023-05-16,251.2661895751953,257.2613224760842,250.58535274550817,255.31337826900835,5037130
2023-05-17,254.21644592285156,255.4268191741942,250.60422788018496,251.34179862932228,1876620
2023-05-18,254.57579040527344,256.63720246974987,251.42693831467966,255.776698419149,3189190
2023-05-19,253.28973388671875,256.6182818561968,252.0982912454384,256.6182818561968,3457825
2023-05-22,249.50733947753906,253.0249914860244,246.9920553904524,252.66568580042383,3724060
2023-05-23,257.82867431640625,261.0531909738082,249.70593046532892,250.3867672501407,3621815
2023-05-24,259.0295715332031,262.8781908210413,256.48589176665257,257.7151955850367,4991420
2023-05-25,260.10760498046875,262.49998475857655,256.8925533724598,259.029601301579,2376370
2023-05-26,261.6678466796875,262.1501145192654,258.1501945230917,260.1076040227668,2622815
2023-05-29,266.4336853027344,269.19483585927037,261.6678278210506,262.4999648734562,5878845
2023-05-30,267.9466247558594,268.7787617911071,265.84740931363234,266.9442857427406,3948785
2023-05-31,264.7221374511719,268.53292453551796,263.14296436710333,268.1073907325891,6080605
2023-06-01,266.7078552246094,268.26812642329446,264.7221079855046,264.7221079855046,2902875
2023-06-02,267.2941589355469,269.34610547858904,265.56368574903564,267.67239513698775,3680045
2023-06-05,264.9490966796875,269.9040581954838,264.3249938474755,268.74098238517854,2510040
2023-06-06,266.45257568359375,268.5045512304482,262.0744199174023,266.1783421535368,1777200
2023-06-07,266.3485412597656,269.6865253570884,262.8781586266083,264.7693684009004,3799040
2023-06-08,266.84027099609375,274.0363110255731,264.7693937860895,267.2279724999037,4030580
2023-06-09,268.0223083496094,272.10732925403755,266.47150215424085,266.6606347148,2435880
2023-06-12,274.669921875,276.35309784357645,267.98448671392345,269.4974606857803,2951100
2023-06-13,272.9772644042969,276.3058127161624,271.3886548141301,275.757345615877,3300860
2023-06-14,266.24456787109375,274.2254771704538,265.1949600687336,274.2254771704538,3617290
2023-06-15,267.4549255371094,268.5518308443121,265.52588317909243,267.4170932554608,2747890
2023-06-16,268.85528564453125,270.67773169812034,266.668379651764,269.8144554531404,6897545
2023-06-19,281.9671630859375,287.9235996818665,278.6963903719701,282.5714447772641,15970295
2023-06-20,299.1938781738281,301.69732698708503,279.31987545991745,281.9959678405592,13814600
2023-06-21,332.7072448730469,344.06381251031314,321.32190331082336,329.1103578956869,67327115
2023-06-22,329.714599609375,338.58691974431815,324.5254877800291,338.58691974431815,20695285
2023-06-23,321.638427734375,327.75793634266114,314.9626134669457,324.7845038164088,26775580
2023-06-26,326.76043701171875,328.6979497567503,315.0393791499363,320.11336706746664,9027690
2023-06-27,325.3791809082031,331.59458246154037,318.44437273528007,326.8850552437441,9250910
2023-06-28,326.3095703125,329.63789061433,324.0363133496538,328.0360642049633,9058510
2023-06-30,332.87030029296875,338.96103446336576,325.69569954980557,326.32875513933817,13348225
2023-07-03,337.2344970703125,341.061575098755,334.3857616728484,336.2273805169977,7848930
2023-07-04,341.02325439453125,343.9966867640426,333.79110557765074,339.9297867224719,8948575
2023-07-05,345.7328186035156,350.6725379690951,339.3351421868219,341.0808385130014,13158105
2023-07-06,339.80511474609375,345.60811028617604,339.018617663331,345.60811028617604,4616375
2023-07-07,329.6858825683594,341.2726421993012,328.4197712622491,340.50531798007586,6705130
2023-07-10,330.5682678222656,331.94944529539833,326.8562564012551,331.6713071508671,6425075
2023-07-11,337.7620849609375,340.99448267133636,331.1342177861949,331.8535951735492,6085610
2023-07-12,346.3562316894531,348.7445552007921,337.57023252843317,337.6469532354047,6537300
2023-07-13,343.1909484863281,350.90268200367666,342.03996226995093,348.65822814662425,6218315
2023-07-14,342.212646484375,347.47848003364027,340.05451414168687,345.301174830106,4492200
2023-07-17,339.4501953125,343.77606059140834,336.7069836625367,342.63464615760125,4223875
2023-07-18,342.26055908203125,345.53133172946673,339.54612133053325,341.2342696057362,7805875
2023-07-19,342.5675354003906,344.28445777490776,340.0832887887992,342.2318200698419,5968125
2023-07-20,342.0111999511719,345.0134062608303,341.08080402713915,342.42363596091303,2878425
2023-07-21,351.34393310546875,358.3746650735287,340.5053246218961,341.1671542142931,15551270
2023-07-24,344.5914001464844,354.4996126935854,341.46449679211213,353.1280067119785,30150490
2023-07-25,349.80926513671875,351.23841888363916,344.53383082398346,351.22881781799543,7020285
2023-07-26,348.9747619628906,352.0920640496831,346.97010044119986,350.28884927680264,3995010
2023-07-27,347.5360107421875,354.72021306873387,342.72098846847024,352.5908547581374,11626560
2023-07-28,348.72540283203125,352.6484041571668,343.38281953642024,350.29842622546556,5905730
2023-07-31,363.1705017089844,364.1008976771806,348.76375116492466,351.33434872764366,7778860
2023-08-01,355.6026916503906,364.6764613141966,353.933745145866,363.1705573245836,5345210
2023-08-02,351.660400390625,358.0100992763947,345.61761356999006,356.8111371220866,7630985
2023-08-03,348.8404541015625,352.7059070828419,343.67051501895617,350.86428825495057,3816705
2023-08-04,352.3990173339844,353.68430149443225,345.6944290631911,350.0970154156965,5455600
2023-08-07,355.8135986328125,356.8111433586629,351.66040653717334,353.14710792588613,4926185
2023-08-08,357.0797119140625,359.640708015675,352.9744665715377,355.8328029527238,9859755
2023-08-09,354.6817932128906,359.86130407033664,352.9744722083963,359.3049984881806,6340300
2023-08-10,355.0271301269531,359.4776628567858,352.9744926681633,355.78485320690055,5397960
2023-08-11,346.82623291015625,354.9024561679069,346.08768264134716,354.89285510222703,5133290
2023-08-14,347.90045166015625,349.00349101782143,340.4189393223479,346.8261862241159,4598320
2023-08-16,344.5338134765625,348.4951602729388,337.6469518741401,347.9484557180628,9040420
2023-08-17,353.818603515625,358.7295488051253,347.59360012384155,347.59360012384155,6805160
2023-08-18,349.22418212890625,355.2765421464835,346.84543012505446,355.2765421464835,4286650
2023-08-21,353.5979919433594,355.8520471529496,348.11153872474864,349.137857584026,6865250
2023-08-22,353.9432678222656,355.65058894632983,351.1904550976014,355.65058894632983,4892080
2023-08-23,355.31488037109375,356.11097846441675,349.35844381881935,354.7009976188354,2475480
2023-08-24,359.78460693359375,370.57526745649955,355.8520047998268,355.8520047998268,8085270
2023-08-25,357.6072692871094,360.59030263329487,352.39898421624434,357.7703410351552,4806385
2023-08-28,357.1661071777344,358.9118035000753,354.15432877634635,358.71995780275773,4670145
2023-08-29,359.16119384765625,360.26423341853086,354.27899311984316,358.15404785304105,2919905
2023-08-30,361.4344177246094,368.32125075257306,358.30751440601404,359.1132136294501,3644915
2023-08-31,369.9134521484375,371.9660604300124,362.3935639499166,363.525377360857,12639870
2023-09-01,366.796142578125,371.38097324935245,365.79859774699474,370.2395587963141,3756035
2023-09-04,363.31439208984375,373.117110138905,362.42237106249706,367.7457525705143,7899565
2023-09-05,367.0743408203125,370.2299887878574,360.6862656278635,365.2135488301002,6793595
2023-09-06,363.0649719238281,369.6640653722956,361.0315364645649,368.3020605366948,6908360
2023-09-07,363.2759704589844,364.638004491107,358.8542116123566,363.52536398058686,6035475
2023-09-08,374.81475830078125,375.9849465842231,365.0216432021848,366.40285000465843,7287555
2023-09-11,375.45745849609375,378.25821814115176,371.80302361129924,378.25821814115176,6565460
2023-09-12,366.6235046386719,377.88414938250986,362.8251709329668,377.88414938250986,6903070
2023-09-13,366.47003173828125,368.32122252423585,360.11073094718967,364.8778062741593,6517920
2023-09-14,367.4387512207031,369.8079017789706,365.5587866234889,368.3212003092546,5225585
2023-09-15,368.75286865234375,370.93977478758615,365.6355665712744,369.8463070841942,6773145
2023-09-18,366.88250732421875,369.203711491867,364.7627499223778,367.5827119282404,3166810
2023-09-20,367.9183654785156,373.11707904807236,363.1321171990081,364.48455022690877,4028295
2023-09-21,364.5421142578125,369.08857027186343,362.75807227259247,367.3045282866434,2504980
2023-09-22,362.74847412109375,370.18204099565446,360.83973534858416,364.54211718673446,2804785
2023-09-25,373.22259521484375,375.8699135729531,356.93590863310914,362.7484760329678,10327105
2023-09-26,361.5302734375,372.75254189953995,358.92133055827117,372.5415233846193,5973300
2023-09-27,363.026611328125,367.05510709039504,360.6958063721775,364.10087686473037,3216495
2023-09-28,359.0077209472656,366.8633250080641,356.1110090276896,366.26861506394505,21636670
2023-09-29,368.196533203125,370.42181432602814,357.88545710371466,359.2474911981848,6908925
2023-10-03,368.6953125,372.1387287471234,360.8397090908642,371.77423952086656,11039535
2023-10-04,355.0079650878906,368.3116471566551,353.2622688133314,366.21106269616143,6700835
2023-10-05,352.49493408203125,359.2954450800356,349.71334725922975,355.27652090483275,7397385
2023-10-06,354.6722412109375,357.3867084033603,352.0153511419808,355.0751054459464,6311950
2023-10-09,349.3105163574219,353.1376244829976,346.0013974887217,352.9841537735831,5354120
2023-10-10,363.1129150390625,363.8610663056652,348.21700934605275,352.9744833164611,8377560
2023-10-11,364.21600341796875,368.41717235360755,361.71255470402184,365.8370029254923,4561415
2023-10-12,360.2833557128906,366.12469628425697,359.6886751201383,366.12469628425697,3313985
2023-10-13,360.8301086425781,361.942749182487,358.8062450354687,359.65992025332406,2983920
2023-10-16,358.259521484375,361.60701472059884,355.9670916112716,360.8300895240629,2463960
2023-10-17,362.2688293457031,363.1224752117271,359.1131526362273,360.35048982385194,3378270
2023-10-18,358.0006103515625,362.72934081573845,355.3820949201195,362.25932759937865,2524565
2023-10-19,360.42724609375,362.5662054094494,349.79965697339554,352.3989990859873,3099700
2023-10-20,360.0147705078125,361.7508654138566,357.9621624636963,359.97639552177606,2206225
2023-10-23,360.64788818359375,367.5539232829605,357.96222412914153,359.6503432755646,10365280
2023-10-25,348.3993225097656,361.96197081108033,343.76651511248394,359.026913012853,6849205
2023-10-26,344.8407287597656,348.9172005610964,337.7908538852846,348.3992699253776,4792965
2023-10-27,371.2370910644531,389.3653945999064,355.08467499377974,355.08467499377974,25056665
2023-10-30,362.98822021484375,371.23708632099823,357.81828096014993,371.1987113330982,10187990
2023-10-31,360.61907958984375,365.8177929109281,358.8638116929117,364.86819488133796,8455335
2023-11-01,364.9161682128906,365.82736197518443,359.909300602412,361.4151749671909,3794295
2023-11-02,375.00665283203125,376.9537665366643,365.02169077072693,367.0743283843965,4288760
2023-11-03,386.2673034667969,389.02971747106744,374.4695253677289,376.4741869525472,9322270
2023-11-06,385.8700866699219,389.9196622695633,384.0293866147418,389.2511930000982,5634155
2023-11-07,385.0368957519531,388.5632850980761,378.6525566885187,387.49763699418463,8807090
2023-11-08,383.5740661621094,386.09293296083774,381.94650160854536,385.0369525219704,3525375
2023-11-09,376.5502624511719,381.70424565567333,375.89149064568846,381.70424565567333,4975345
2023-11-10,378.25537109375,380.91955064503435,373.353283084603,375.8915148721215,2430100
2023-11-13,381.27801513671875,382.28556772385383,373.99270539292075,379.2629395276526,2779500
2023-11-15,394.44390869140625,395.499889097699,382.69244949909967,384.6590973319576,6346865
2023-11-16,394.44390869140625,397.39874391682037,390.52031041274034,394.64734686302484,3184495
2023-11-17,386.5094909667969,391.1887758242777,383.8550086792878,391.1887758242777,5468870
2023-11-20,385.3759765625,389.4158247279396,383.21555864565767,386.5482072083594,2862980
2023-11-21,387.48797607421875,391.35344907408194,383.6806282649397,387.51703866951084,5089455
2023-11-22,383.0799560546875,389.45459790726693,378.45879675480495,388.47610798897364,2639075
2023-11-23,382.64404296875,387.30393335739166,381.7043128939916,383.2543870827445,1529325
2023-11-24,377.3446960449219,383.6418475835406,376.1046427706943,382.64399244541374,2379295
2023-11-28,380.8711242675781,381.7042716845262,374.83553592716447,378.1778525467017,3604165
2023-11-29,382.5470886230469,383.91308959186625,379.76665888663047,380.87109652468894,3299720
2023-11-30,388.912109375,391.3922161019146,381.95618550131303,382.2952392640894,11002290
2023-12-01,388.1467590332031,393.31044027750875,386.9357682527643,390.2296572625169,3034950
2023-12-04,405.8175354003906,408.4429549969378,388.92179054935093,392.3609923600055,9360830
2023-12-05,401.0704345703125,406.6700545536751,395.85832570961657,405.81754190988994,8296900
2023-12-06,398.30938720703125,403.8121218507643,396.2361569378684,402.4364234072297,3598450
2023-12-07,394.25982666015625,401.0801348154686,393.32979404608756,399.32662258161247,3904160
2023-12-08,393.63983154296875,398.65817030929315,390.3653076979663,397.2049813531232,4218365
2023-12-11,396.64306640625,400.6732174738547,390.51059289109594,393.6398035308421,4948465
2023-12-12,386.5966796875,400.11134844031886,385.20161596210437,400.11134844031886,7159045
2023-12-13,386.6063537597656,389.78399215037945,382.87649651840064,389.44490884385493,7973270
2023-12-14,410.4386901855469,412.70566139751145,388.5052107969724,388.67961594035796,11924520
2023-12-15,402.57208251953125,411.0780803065491,401.0994988559067,410.18677811197614,11228265
2023-12-18,396.8174743652344,402.73678325070074,395.8292869429628,402.3976999110037,4203410
2023-12-19,399.0553894042969,403.5312067773742,395.2674065437612,398.9100764178734,11070960
2023-12-20,387.27484130859375,409.20831993322884,385.57945426096387,399.3363209878135,9435625
2023-12-21,390.7818298339844,396.798023039837,382.09175984099676,386.99384757394347,9405990
2023-12-22,398.26092529296875,400.8863448216608,390.7140230604204,393.3104095604622,6928875
2023-12-26,394.44390869140625,402.39768781067454,392.9616571677764,401.4676551752138,4822975
2023-12-27,397.1855773925781,400.20820539607723,394.4535753258762,395.47079566986844,3750095
2023-12-28,396.36212158203125,400.07258423521336,394.5117241662759,400.07258423521336,3288345
2023-12-29,397.8443603515625,400.6926128726327,394.87016006595746,397.6893499925352,5291010
2024-01-01,396.98211669921875,399.14253475166305,395.4805000571807,398.28029518189743,1523610
2024-01-02,393.3394775390625,399.0941077222746,390.61717280519315,397.2049504003868,5389635
2024-01-03,404.9649658203125,406.5053423605521,393.13598800804806,394.2985508439879,6787670
2024-01-04,416.22235107421875,417.0651958685381,404.9940488842583,406.89287401808593,7695105
2024-01-05,420.9210205078125,421.76386534141494,410.66151039686474,417.1621004803037,8114435
2024-01-08,425.5614929199219,431.1126848765239,419.2062161552729,423.16857413811147,7487975
2024-01-09,420.0394287109375,430.7348780853199,416.69708230319003,427.5475716117805,5463445
2024-01-10,416.580810546875,423.91457749331414,413.8100779517446,422.3935660428779,2470725
2024-01-11,441.7209777832031,443.67792810306696,427.04374690601554,429.7466864158116,14663945
2024-01-12,444.24951171875,446.2452220171176,437.9136001298925,444.24951171875,5187280
2024-01-15,444.24951171875,444.24951171875,444.24951171875,444.24951171875,0
2024-01-16,447.5240478515625,452.4164385663004,444.68549268095376,450.488550788308,6647950
2024-01-17,443.31951904296875,449.1032123002834,434.0191037635656,444.48205247464097,5308645
2024-01-18,437.0029296875,443.183830876214,425.6002520372463,440.0255872730283,7883550
2024-01-19,446.0030212402344,449.89758621058144,440.02558776690427,440.02558776690427,5296785
2024-01-23,441.6725158691406,448.3475107032962,435.49161469437763,443.1354020746666,10999270
2024-01-24,446.1192932128906,448.5509720904883,428.1191397821823,432.82745760894016,8501730
2024-01-25,447.0299377441406,455.90408102005466,444.0944975101426,449.0934705991179,5327820
2024-01-29,466.7642517089844,473.1582886293547,446.0611590717449,471.2207034756184,17895075
2024-01-30,475.27996826171875,483.72784109719225,466.76427284714424,466.76427284714424,14238795
2024-01-31,477.9634704589844,480.4436065464046,465.11730156043785,474.7083417355234,9573360
2024-02-01,464.4779052734375,472.5673290266324,462.81158089501315,467.1517821880539,10601720
2024-02-02,466.0861511230469,469.1184768564049,462.2303457218597,464.53607696569895,4405185
2024-02-05,456.70819091796875,471.298204163702,454.78997105074575,468.70181769432486,1993400
2024-02-06,466.3109130859375,467.7605546271619,452.1451978925641,459.2183167864505,7511415
2024-02-07,469.6577453613281,478.51129479738256,466.3108977365715,466.6027618993025,5230250
2024-02-08,456.8736267089844,471.86633165502576,455.4823578466865,471.86633165502576,4430985
2024-02-09,454.1785888671875,458.06053074159325,445.88929023578487,456.873566977955,2903050
2024-02-12,440.1977233886719,457.8464790550925,438.7577909117251,454.35369936169735,2845040
2024-02-13,453.5072937011719,456.0077057196852,434.9439598167494,441.12200897218895,8984610
2024-02-14,465.697998046875,467.89680725459164,443.6905473275531,444.6245424291943,3686385
2024-02-15,474.31805419921875,479.33832608924774,469.33670743145416,474.2402336458588,5721585
2024-02-16,476.6141662597656,478.63782727081065,473.588368909903,474.7850714797076,4596560
2024-02-19,474.76556396484375,479.05614519479303,470.22201400618815,476.6141062278166,3451410
2024-02-20,470.24151611328125,475.7288003970298,466.0871574693739,474.7656188819507,4396705
2024-02-21,458.43023681640625,469.9301598384086,456.30927806635145,469.6869298067647,3665875
2024-02-22,466.06768798828125,466.94331020574936,453.9742676725824,459.043203151562,2571220
2024-02-23,475.8455505371094,478.09299388749236,464.6861543392854,466.70984503967645,5723325
2024-02-26,483.57049560546875,493.2705105810706,476.33196739442957,476.7114205004826,5989015
2024-02-27,461.6311950683594,488.27946436203956,439.1761798418281,481.59550722448074,20513770
2024-02-28,457.0389709472656,474.3861238457373,449.080461698079,465.4449854527124,11119410
2024-02-29,474.51263427734375,477.7232590144992,457.4962697263178,466.80709334053574,20232355
2024-03-01,476.8184509277344,481.3717102774328,473.81213111256807,480.5252744652518,5500370
2024-03-04,476.0498352050781,479.6496517702878,470.6987741812717,478.6767315841411,2666695
2024-03-05,473.1310729980469,477.8692192286522,469.1421240016791,469.1421240016791,6190170
2024-03-06,462.0592346191406,477.31461491426404,457.0584109704451,475.5633408905209,6744720
2024-03-07,476.643310546875,477.78161048647934,462.05924711283734,462.05924711283734,5963990
2024-03-11,482.75323486328125,486.44061041744015,471.0198206364561,475.9525327517836,11377355
2024-03-12,471.23388671875,483.34672492906765,468.9864435183171,483.34672492906765,7206710
2024-03-13,451.7073669433594,474.7266613006037,447.56271759502897,473.7926662682922,8118855
2024-03-14,445.8892822265625,452.98187826431126,440.95659974907676,450.4620186988924,10111785
2024-03-15,441.08306884765625,450.4620334282464,438.0086672747314,446.3757568856918,7257360
2024-03-18,449.2848205566406,453.94508686527394,440.68420968395174,440.73284381673596,5870405
2024-03-19,445.0137023925781,455.8909433190336,443.17489861741393,452.0187398483676,6619825
2024-03-20,450.3063659667969,452.9721577198613,443.6515955957999,445.59743592736044,4526425
2024-03-21,449.6448059082031,458.23567826192846,445.59745428884025,451.96036074876264,8698620
2024-03-22,453.5169982910156,458.9653272017031,448.5453610460562,455.1320195595057,6367775
2024-03-26,461.66033935546875,464.9390754356528,443.64183958580134,443.84617419028416,10693585
2024-03-27,464.3456115722656,472.8392155779493,456.2995722346877,468.9475347912995,77232200
2024-03-28,459.17938232421875,465.9411891937617,454.9860988836618,461.9522106696848,11625440
2024-04-01,473.1797180175781,474.20127229240853,460.39553307244387,461.3587442050886,4228910
2024-04-02,479.83447265625,480.8755043024984,472.8294359698264,472.83917467212433,4433110
2024-04-03,497.4443664550781,499.45828865959464,478.4432365537059,481.9846505645819,11588495
2024-04-04,486.3238525390625,501.0441391776681,483.7359110650334,501.0441391776681,7019985
2024-04-05,490.12799072265625,492.68677555882215,486.0903778946718,488.5129396532289,3253480
2024-04-08,499.9253234863281,502.08517774813345,491.7138452309715,494.81746293121495,3678905
2024-04-09,496.26715087890625,507.01793751726404,490.9550145972156,503.972692366854,4766875
2024-04-10,491.91815185546875,499.35127619021637,490.2544666818348,498.1253872774507,3504425
2024-04-12,483.6580810546875,490.34203802256343,482.3543715604602,490.34203802256343,4144555
2024-04-15,469.85235595703125,485.098028908726,468.568094137366,485.098028908726,4750690
2024-04-16,467.1476135253906,471.6716863760895,460.8431098283223,467.00168143817467,4033025
2024-04-18,461.4463195800781,475.22287286477996,459.43236768555056,470.87391848106864,6791185
2024-04-19,460.4928894042969,462.84736951560416,452.42737207373426,457.2433392740049,4797160
2024-04-22,471.7981872558594,473.28675397987837,461.94250084176014,465.0558573700774,3489700
2024-04-23,472.2457580566406,477.97624269142216,470.3291040428219,475.16451870563344,2892585
2024-04-24,478.88104248046875,482.8992076499403,470.50421382506323,472.2554583054948,8459300
2024-04-25,484.87420654296875,487.29676819600013,471.33117478989016,478.48211408250074,14587660
2024-04-26,486.18768310546875,493.6499940970415,454.74289514315194,488.8924000714511,20810260
2024-04-29,484.94232177734375,501.4333301907351,472.8878268711591,500.07121822826224,11904615
2024-04-30,496.52008056640625,501.79332100047145,483.3467330297901,485.09800716661476,13426225
2024-05-02,502.4354248046875,505.72389977726283,493.2705332982706,495.517976548064,9243475
2024-05-03,503.6905517578125,517.2043685711435,501.08313267709315,505.9185176984969,7622145
2024-05-06,495.71258544921875,507.66001474320086,486.2363224185852,505.91850894581717,4326785
2024-05-07,483.697021484375,499.10807424912707,475.1061192908101,495.7125921730507,7825870
2024-05-08,476.3417053222656,486.0709066985735,473.374281087792,483.2494442376775,7324775
2024-05-09,459.3934326171875,481.4300682355225,458.0897231697168,476.34171481663964,4104015
2024-05-10,456.173095703125,468.305411951786,453.5948630758665,461.94250544266674,10984650
2024-05-13,447.8935241699219,458.1772976984375,443.4083763482531,456.2995688586521,8390345
2024-05-14,453.448974609375,470.4750799818751,450.8123391997615,456.29962398300387,12376035
2024-05-15,451.4349365234375,455.71577912120244,448.1367230587157,454.93745490021456,4269680
2024-05-16,455.07366943359375,456.45522913491465,440.7328356724881,454.7428801397377,12445545
2024-05-17,461.4754638671875,464.4039331458902,451.6295173143879,456.104925972086,4729135
2024-05-21,461.7965393066406,464.9585297670764,457.00978883666494,461.16414715278677,3935580
2024-05-22,454.69427490234375,463.0808425246477,453.7894662153718,461.7965806966539,3465540
2024-05-23,467.0892333984375,468.8891416224476,453.08892781496473,456.49414835562345,5512760
2024-05-24,466.5152282714844,472.63490454294174,459.74371210374017,466.97250194565373,4877325
2024-05-27,463.1099853515625,471.5744024224798,462.33166111819446,468.9475061753217,3398210
2024-05-28,465.77581787109375,473.42298626021545,462.1371057397068,465.0558664075365,6493910
2024-05-29,462.0689697265625,466.5444084517777,458.8291586209698,462.14681996730286,2197930
2024-05-30,448.06866455078125,463.1100021039064,445.9866011298983,460.3858374974092,6688165
2024-05-31,458.060546875,464.5401988269016,450.1993648966499,451.22091920763177,12916455
2024-06-03,488.2405090332031,495.595812731628,471.9149099960865,476.7308766468428,15161795
2024-06-04,439.8961486816406,494.24345620909247,426.72280100380044,494.24345620909247,17788625
2024-06-05,464.5596618652344,466.59306154247884,433.9224139341517,436.23796878600166,7114095
2024-06-06,481.5565490722656,493.2705159903764,467.01141064622374,472.839192842846,10501485
2024-06-07,486.0611572265625,487.81243125019546,478.6864358108331,482.4418932071199,3706890
2024-06-10,490.1766662597656,496.6757661225207,483.5802684379889,488.40594435554436,4849020
2024-06-11,492.88140869140625,496.58823249947153,484.5142885335172,489.36915112025895,4681350
2024-06-12,499.4875183105469,502.69814311066847,492.40463071442906,493.22190981487984,3510365
2024-06-13,522.3219604492188,524.9197003181864,502.24087188045024,504.36189031961703,10022455
2024-06-14,531.6327514648438,534.522355194735,524.413700564962,527.7119141315886,15318425
2024-06-18,550.624267578125,552.8424950313139,531.6717393439599,534.9018419357471,12393205
2024-06-19,543.1326293945312,550.8673558320118,537.051878953482,550.6338645162481,9175135
2024-06-20,545.8471069335938,555.4401448724324,537.976216068141,545.7206225618028,6948810
2024-06-21,549.048095703125,553.0078882060716,543.8624141965219,546.7811749167179,9672340
2024-06-24,560.83984375,562.3478581367024,540.9143982927812,548.5907526841585,5367855
2024-06-25,581.7770385742188,583.7520949991529,556.831410845162,561.0344330550361,15844875
2024-06-26,581.6214599609375,595.3201938889649,575.6963494319323,580.9890380371469,9032225
2024-06-27,574.2271728515625,583.1001990923899,568.9539033448102,581.2321498126054,12298175
2024-06-28,566.5313720703125,577.7783262439198,564.293667678399,574.2272034474114,6005455
2024-07-01,569.0122680664062,572.4661817532696,564.692500664734,564.692500664734,6673330
2024-07-02,549.680419921875,572.0770612896786,547.8805413561254,569.547492594733,12638725
2024-07-03,554.652099609375,561.3749520227015,545.9152358859483,552.6186702753803,7945600
2024-07-04,551.402587890625,558.0670682877552,548.7270570274592,558.0573889657849,3958315
2024-07-05,557.648681640625,558.8940480609659,547.6178762640477,551.6457803405177,6163345
2024-07-08,546.4114379882812,555.7320301315891,544.0764057552832,555.7320301315891,4065755
2024-07-09,543.278564453125,547.5496382224032,539.9998287270641,546.5670388805854,6359760
2024-07-10,537.4605102539062,545.740069886785,526.3497792306556,543.6580066007306,8300735
2024-07-11,532.9656372070312,542.0041032511283,528.1302526474894,537.4605234728115,5689115
2024-07-12,543.7456665039062,556.5103752556873,535.1061300535456,535.1061300535456,9030805
2024-07-15,560.849609375,562.1532892109866,546.2363287209844,547.3648900438834,7400215
2024-07-16,547.462158203125,564.2936642428685,545.224453824835,561.7446183032545,4907090
2024-07-18,557.9308471679688,559.2247882970041,540.3599104825199,540.3599104825199,4119020
2024-07-19,546.9465942382812,559.5945582727359,542.7630487802763,556.5104175160058,3677715
2024-07-22,550.1669311523438,554.1656785626419,537.8400480509207,544.8158697074637,2717785
2024-07-23,535.847412109375,553.0230086104715,521.0192420515884,553.0230086104715,12227465
2024-07-24,532.9228515625,539.9163572433729,521.3909639021688,535.8082860636663,5130575
2024-07-25,524.0708618164062,530.1351503842264,515.5613004147104,528.0811450833885,10445410
2024-07-26,572.1939086914062,595.4728967975029,526.2227741469685,529.3135730955654,32196680
2024-07-29,575.715087890625,593.8590624649156,568.2814813770178,580.9969017864864,12753435
2024-07-30,569.6605224609375,583.226951263052,565.738354925744,575.7150204733383,9486875
2024-07-31,573.5535278320312,576.5073773282226,570.4431474160758,573.9350047875207,4655790
2024-08-01,584.7625732421875,586.6698981608173,571.2059937820388,573.7393229291813,8859720
2024-08-02,585.3201904296875,591.3453775592579,571.2158700794215,576.1064169122933,8905205
2024-08-05,565.6307373046875,575.4900945738923,549.3256739582804,562.6084133641073,9480440
2024-08-06,554.9401245117188,575.2163725911148,552.631800698522,571.245250889102,5917390
2024-08-07,572.2036743164062,573.5827820248563,561.5422601256237,565.3667005402693,3986695
2024-08-08,561.8650512695312,571.215772834128,559.2045632018675,571.215772834128,4434050
2024-08-09,578.6690673828125,581.652289055935,563.4105849143134,569.2596599107283,4568775
2024-08-12,582.1900634765625,589.7997808468425,572.7024530696024,577.0745720432258,5709795
2024-08-13,565.6112670898438,585.9755092703685,559.5762899061102,582.953125356224,7249815
2024-08-14,566.3449096679688,570.5507680425268,560.2610383092536,567.4990715670948,3626125
2024-08-16,583.24658203125,585.281066155102,567.7044104366643,569.8464722591337,4976095
2024-08-19,601.654541015625,603.4933911324388,589.4183850730692,592.3429221006152,9092170
2024-08-20,618.1356811523438,621.4906484534648,597.0966010908858,609.9489114119268,12149555
2024-08-21,617.979248046875,624.0337471350978,609.7240029852134,614.24286327475,5227030
2024-08-22,614.956787109375,619.5246000532794,610.9856661483014,619.1431231377927,4610695
2024-08-23,611.6214599609375,618.6149646033696,609.8901875774968,618.1650128808182,2466965
2024-08-26,618.585693359375,622.0286573990219,608.5796537429732,614.2526760726222,3366050
2024-08-27,631.7510375976562,639.4683343939602,609.5577349294704,616.9718202271403,9915805
2024-08-28,626.3518676757812,635.3797976995086,624.3760677229611,630.880518655387,3352220
2024-08-29,626.0877075195312,638.1184990628832,621.0113181202247,625.7942866841192,5976425
2024-08-30,626.8703002929688,630.7631563650003,621.4906989194731,626.136718287492,11026125
2024-09-02,630.9293823242188,637.4142516594337,628.7384270777547,629.8925888701223,3165735
2024-09-03,639.9964599609375,642.236308680957,624.0435002735849,628.141780472434,7181415
2024-09-04,634.5875244140625,642.0211910676384,631.0761453857212,633.237728776149,3467420
2024-09-05,634.8906860351562,644.3783576363026,631.6923094044726,635.1743759231452,3368300
2024-09-06,632.9638671875,639.0868408712794,629.9414832254012,636.5339899619372,3058060
2024-09-09,648.6234130859375,650.0905770304097,629.139432920029,643.5959169751068,8095085
2024-09-10,637.737060546875,652.9662296622539,631.8879859787726,651.0100110429229,6190070
2024-09-11,641.6200561523438,645.1608066927814,636.5730389303045,638.7151004737449,2946285
2024-09-12,665.2610473632812,667.5399989910301,644.6815900070291,645.5521215896725,9163615
2024-09-13,658.9033203125,670.0048364232503,658.2675254202152,665.0556060049325,4786700
2024-09-16,668.8213500976562,672.909839889331,657.7980986621102,660.8106323828883,4724820
2024-09-17,669.926513671875,678.1719667824267,666.5716063943229,668.048560787736,8030320
2024-09-18,699.2894897460938,702.2727112754441,672.9392218960954,673.8195441764541,10582475
2024-09-19,689.635498046875,708.8650996896554,684.6764769712116,698.6732179910468,6428925
2024-09-20,690.9559936523438,701.5000411518763,688.0021439964194,692.3057893377952,6407140
2024-09-23,697.9200439453125,706.5861371622217,692.5013402603571,694.6434018787854,2935070
2024-09-24,687.8651733398438,700.6196974441162,685.0677949985705,700.6196974441162,6681865
2024-09-25,689.3812255859375,692.4622938152676,676.4603800118509,687.8651680838286,3801635
2024-09-26,709.8041381835938,711.4767265732544,690.4571076318697,691.9340622223042,5359390
2024-09-27,708.3564453125,714.459836824767,703.4169463715696,707.7597533628433,4967200
2024-09-30,699.7296142578125,713.0318766263197,697.978760433937,706.9675871322153,4405700
2024-10-01,698.4483032226562,709.676978843779,695.9834486915595,699.7394146580377,3381135
2024-10-03,666.9727172851562,699.3285280895728,665.1240764864405,698.3700001342612,8036680
2024-10-04,652.6532592773438,667.9509039526683,648.5842909196688,666.4837399167778,8827525
2024-10-07,645.4249877929688,667.6573933806361,636.9447967623718,659.2065742849844,5480765
2024-10-08,651.2837524414062,659.8422076110069,641.2483428849757,641.2483428849757,9122180
2024-10-09,662.757080078125,680.7640452960308,653.3769860025122,656.213526737533,6569580
2024-10-10,652.9172973632812,668.2344619754542,650.6187048026358,665.1142910749494,3740385
2024-10-11,653.6116943359375,656.8786053918963,647.1268254441629,655.3331761116009,1799620
2024-10-14,664.19482421875,670.982904385775,656.0667392372574,658.8543265493287,3844085
2024-10-15,665.3392333984375,672.6652621001815,658.971732654215,669.0267243600833,5209855
2024-10-16,663.236328125,669.4179856665797,658.6783056492197,668.4398764296028,1607350
2024-10-17,637.453369140625,662.3658442427297,634.9787836364989,661.0062579777189,8237815
2024-10-18,654.28662109375,660.0085960926275,615.3774657170204,623.5935476937178,9380205
2024-10-21,648.1538696289062,661.8865621362227,640.0747371181789,656.6928042440858,5627980
2024-10-22,636.6513061523438,663.3536755399966,633.8147655749353,648.1538202692809,19691260
2024-10-23,625.5497436523438,637.8250025008718,620.131040031062,625.9899047439267,9660305
2024-10-24,634.8125,638.9009896006919,623.1631851173042,624.0337166987789,7501270
2024-10-25,604.989990234375,636.6122217694187,592.3429841105132,636.6122217694187,15251890
2024-10-28,637.59033203125,654.1888783659451,615.035133322291,618.9475706331186,21602980
2024-10-29,638.86181640625,642.744941202306,618.6345241236072,634.2255880772207,10906400
2024-10-30,623.2120971679688,637.6685813203718,621.4808842971931,629.3252803110917,6964385
2024-10-31,614.0375366210938,623.0556764695474,604.0021248077411,623.0556764695474,8075010
2024-11-01,616.3947143554688,618.9475653512252,614.252652558108,617.9694560318652,286730
2024-11-04,615.7980346679688,620.0527860005411,608.178525448397,617.265198534242,4842960
2024-11-05,618.614990234375,621.2949999949816,597.6247444926162,617.6955651625782,7606175
2024-11-06,623.38818359375,625.9899279642688,613.5288255125784,623.4468677615346,4294660
2024-11-07,604.7635498046875,629.1400414150502,602.3701686371159,629.1400414150502,5846920
2024-11-08,592.5112915039062,607.6887091509916,590.3641374917839,607.6887091509916,3851745
2024-11-11,590.8369140625,602.1830217851781,582.6326074875097,592.9150570610376,4101875
2024-11-12,577.3929443359375,595.9387944835097,575.7087887053947,593.7917004423869,5430660
2024-11-13,562.1564331054688,577.2550422132915,559.2804560347806,577.2550422132915,6755505
2024-11-14,556.000732421875,564.7467273342489,548.2002114800956,561.9495599050946,7172685
2024-11-18,561.0336303710938,564.7073211276518,551.5489533814974,556.0007605988633,4841895
2024-11-19,556.4242553710938,564.5497532162541,551.8838400934766,561.0040453608365,5942545
2024-11-21,551.9822998046875,558.8372868120784,545.2454970462117,558.6304343194453,4777400
2024-11-22,561.4078369140625,564.3527044095733,540.8232203341283,541.6998035344945,8194990
2024-11-25,580.662841796875,593.9000187486716,576.5557888474166,576.5557888474166,13791540
2024-11-26,600.0753784179688,606.5658934714222,580.8991736341721,584.0016602685033,10105100
2024-11-27,594.6879272460938,604.0839957631905,592.3930728876629,596.638087566771,4064750
2024-11-28,599.5534057617188,605.7189448018548,589.221721508471,598.8245828285003,12057145
2024-11-29,594.81591796875,604.054366601184,589.4087786968106,602.2716842168135,5600545
2024-12-02,609.5010375976562,613.5686559661017,593.0530472829374,594.8160125366343,5433440
2024-12-03,621.5858154296875,631.7008486457358,615.5778954368292,616.7499393833258,9872220
2024-12-04,617.0059814453125,625.1117615402768,614.5239920611469,619.6159536670796,5743725
2024-12-05,615.8240966796875,622.2752374097334,605.3249350241366,620.9751505573018,7117350
2024-12-06,615.8339233398438,620.1478285439541,609.3827228314366,615.9619662885458,3193785
2024-12-09,612.0026245117188,623.1222230329442,609.7570036312813,610.7616298266414,3963995
2024-12-10,627.682373046875,629.7802336228264,612.4162864807677,615.6566749410257,5630900
2024-12-11,639.8460083007812,643.657600442426,626.0079919515707,629.455172656401,7350105
2024-12-12,639.81640625,643.1454025762883,634.5865432829236,638.1223920841795,5108345
2024-12-13,622.9646606445312,641.1066634990879,614.1103403506432,638.624674142612,6003130
2024-12-16,618.0204467773438,629.750744884752,615.9620209376958,625.2201280908512,2943305
2024-12-17,586.39501953125,617.5378316886229,584.1001651429573,617.5378316886229,10413170
2024-12-18,577.432373046875,597.4456674105774,572.9904246411743,586.3950192819145,7447675
2024-12-19,580.199951171875,581.5886461290405,562.048029095957,565.3376509366118,7354675
2024-12-20,566.7658081054688,583.2039391686803,560.1471893934214,581.7364346047027,12499100
2024-12-23,567.8787231445312,581.8840971892321,565.8891881656343,572.4289969145527,4691250
2024-12-24,567.8886108398438,570.7743865087272,562.4026614227699,567.898409432366,2020780
2024-12-26,576.5459594726562,578.3286421238539,565.5642015199976,569.730406920141,4462340
2024-12-27,571.030517578125,579.0968638539998,569.3758177063837,578.5158012600796,1524915
2024-12-30,574.98974609375,584.8093181006167,570.3212879945069,573.7684687985629,3452720
2024-12-31,569.1098022460938,573.7486836791271,567.5142549856286,570.8333924447244,4075070
2025-01-01,574.9208374023438,577.3535935788257,567.8787750263529,571.0501527437781,1297175
2025-01-02,602.7740478515625,604.517355674316,577.4717382261804,578.5945486921594,7297085
2025-01-03,600.4692993164062,610.2494359663716,598.0661195677037,602.7641535302472,3652225
2025-01-06,584.9472045898438,606.9698127625262,582.0811462084486,597.0517731591274,5430225
2025-01-07,582.7508544921875,595.2789261802782,581.0962148567916,586.4245452241881,2781710
2025-01-08,571.0009155273438,585.0358668792448,559.5956540178603,585.0358668792448,4976035
2025-01-09,553.4891967773438,576.0042587423931,551.7459489929356,571.9858138082803,5408205
2025-01-10,523.9714965820312,557.4583967395295,521.0167700975461,557.4583967395295,5999299
2025-01-13,513.2359619140625,532.5402108491479,510.9214502333297,522.050907873431,5558523
2025-01-14,535.8888549804688,539.2375689520057,510.4782199184196,518.9977050990855,6987503
2025-01-15,525.1534423828125,537.7110309745042,521.1152797868466,536.7753554879956,4072535
2025-01-16,538.5481567382812,545.3932853903733,527.4679319786574,527.4679319786574,6194466
2025-01-17,518.554443359375,539.2867599836951,515.9444111942792,538.3018512593658,5347916
2025-01-20,508.9023742675781,513.6299243480655,485.90474844116284,503.2883822470978,12701612
2025-01-21,512.4480590820312,522.7403685160409,505.70145755189685,510.18278076553787,7753705
2025-01-22,510.82293701171875,520.3765036043073,505.307412053647,512.497233761969,5895189
2025-01-23,521.8046875,525.3996287846938,503.87936478051006,510.8229900847102,5150004
2025-01-24,519.490234375,533.6236536714017,501.46638267115117,523.9223246216296,7602501
2025-01-27,503.9285888671875,522.6418863974789,500.4814080168502,517.9635695291639,8523575
2025-01-28,522.1001586914062,533.6236042890605,500.9246484186028,512.2018367460867,16222471
2025-01-29,545.14697265625,547.2645504348646,522.2478450785484,523.1342869658888,9135552
2025-01-30,530.1764526367188,551.5489879422965,528.7483226986972,545.1470800465378,7172857
2025-01-31,538.04296875,545.1179487267856,530.5722232858066,540.6651793302339,4058608
2025-02-01,526.2183837890625,543.8810720871755,512.5632362911053,542.149439532138,3874882
2025-02-03,540.4177856445312,552.143387182249,510.5842075018646,519.4897460048041,7442129
2025-02-04,570.6965942382812,573.8135568821875,539.6756591774268,550.16438040136,12290382
2025-02-05,565.3038330078125,584.5991681718089,562.4343065791298,570.9440199808145,6953215
2025-02-06,560.40576171875,564.0174767363741,548.5317095769316,564.0174767363741,6345455
2025-02-07,553.6771240234375,573.0219211855263,549.0264416922157,561.9395212403384,5747620
2025-02-10,554.9140014648438,560.6531143476916,540.7641020001095,555.8045794960399,4253881
2025-02-11,532.8975219726562,560.059426744381,528.3952895432852,560.059426744381,6416783
2025-02-12,541.4072875976562,545.711607031107,521.4687523216561,532.8975146057734,5467745
2025-02-13,542.8915405273438,554.3697658726442,532.3532959205401,541.2588343281327,5723009
2025-02-14,533.4912719726562,549.1254279647366,521.2708575285383,545.1674107315745,6763071
2025-02-17,544.5736694335938,547.19587999646,519.5886857628693,531.363811135803,4397756
2025-02-18,547.5421752929688,548.6306662498497,533.4417391455507,545.1674012311856,2988732
2025-02-19,551.9454956054688,553.8750411013465,540.7641089091305,542.0504524415322,4066886
2025-02-20,574.7535400390625,576.1388701964958,551.1538869891766,551.1538869891766,7590778
2025-02-21,578.9589233398438,588.4582005541446,570.6471237211965,574.753530198731,9328402
2025-02-24,571.1419067382812,575.6441393244787,562.8300462756467,569.954489472969,4523171
2025-02-25,568.2228393554688,580.5916429983827,565.5017025540277,575.6935846768789,6222936
2025-02-27,600.4312133789062,602.4102220323599,574.2093487206463,575.1988530473731,17099035
2025-02-28,610.8209838867188,613.4926575387813,595.9289564560178,603.5481515398446,23771834
2025-03-03,614.779052734375,623.387752828537,608.446261005865,618.7370702126515,10284029
2025-03-04,626.25732421875,628.7310850816862,606.9619894878476,612.107363767113,5369562
2025-03-05,624.674072265625,630.8090111985447,614.9769418978753,620.0233898296431,9532495
2025-03-06,637.5870971679688,643.9694122383455,630.3142644285372,632.0953601611988,8075827
2025-03-07,624.2288208007812,640.8525428824624,620.8645421086734,637.587130077061,5829062
2025-03-10,619.0338745117188,634.7670172578472,616.312737648961,624.9214372573229,4906168
2025-03-11,631.5511474609375,633.2827800626713,609.0893867766791,617.6486235087846,6734891
2025-03-12,630.2647705078125,640.4566526306731,622.497125583326,632.2932422263425,5378060
2025-03-13,613.0474243164062,637.2408183981668,611.018952423708,631.3037921397987,5273706
2025-03-17,616.7085571289062,622.8929590255058,606.9619638976852,606.9619638976852,4548324
2025-03-18,616.7085571289062,616.7085571289062,616.7085571289062,616.7085571289062,0
2025-03-19,660.9393920898438,670.488072099998,630.957424657815,638.9229219869269,9823834
2025-03-20,660.8899536132812,687.7054962891833,658.0203669529595,682.7579747331459,8747482
2025-03-21,669.696533203125,671.8734548559429,660.6426046211056,662.0278744768606,6365496
2025-03-24,674.8419189453125,687.6065483148541,666.9258847054848,669.8943975454202,4983671
2025-03-25,671.230224609375,680.7789653598146,660.6920399433697,680.7789653598146,5257157
2025-03-26,664.9468994140625,673.7535119718606,662.2257625489008,671.6755166744614,4792266
2025-03-27,671.378662109375,677.2167615898849,659.2077713969137,662.9678756275332,4628163
2025-03-28,649.1148681640625,677.8104949579007,643.3262917445064,674.8419818412967,6806264
2025-04-01,630.7595825195312,647.0369417374307,627.2468540304538,645.156859247446,7600903
2025-04-02,632.6890869140625,637.2407826321863,623.882474300611,633.2827653487566,4387926
2025-04-03,647.2843017578125,653.617093430031,625.3667560088579,626.3562603696315,3704676
2025-04-04,646.739990234375,658.020363480431,642.683046737654,648.6200725735677,5191619
2025-04-07,607.5556640625,623.3382703462912,583.0654316756159,589.7445859629479,15188995
2025-04-08,634.717529296875,641.495609423011,616.5106264785046,617.1538284150932,10415072
2025-04-09,617.9949340820312,641.1493601935248,612.5031969796222,641.1493601935248,9235529
2025-04-11,632.0953369140625,641.8419905389902,620.4191982132024,620.4191982132024,7102851
2025-04-15,664.9468994140625,667.4701233373933,642.3367499831753,645.1073499851572,6085948
2025-04-16,668.954345703125,670.8838910971368,655.497111868435,665.5900674417262,6571065
2025-04-17,684.4896240234375,688.3487150893773,661.5331113628954,669.8944350760638,5771289
2025-04-21,695.62158203125,709.9693956008846,683.2527772298408,691.4161883987708,6740583
2025-04-22,696.1162719726562,702.4985867583516,692.6530069379664,695.6215198248434,3672514
2025-04-23,696.5121459960938,706.3082029632243,678.7010674436162,702.0533462768209,5442424
2025-04-24,689.3381958007812,698.0952847112743,687.2107373947272,696.6110282590179,5010172
2025-04-25,648.3232421875,698.1942236514303,628.3352428555472,691.5645930267052,9784886
2025-04-28,615.4716796875,623.7835400340258,589.8930174788861,616.1643447821356,32221482
2025-04-29,608.248291015625,624.1792857139651,603.7955217701146,618.4401729875502,10387632
2025-04-30,605.27978515625,615.2737543090094,600.1343507788243,608.2482980207784,7374108
2025-05-02,597.2648315429688,609.8315494989508,593.2078876617365,605.279853417834,7749204
2025-05-05,622.249755859375,624.2782879931514,600.8270239679783,603.7460737364021,8616953
2025-05-06,616.906494140625,625.218294377257,610.5736421935749,622.200318212863,5098276
2025-05-07,629.9679565429688,631.3037632321126,610.7715483621027,611.7115895555436,5983998
2025-05-08,609.3367309570312,634.0743382579383,600.6291052660218,628.3352254430376,10052396
2025-05-09,595.1373901367188,605.9229510748655,590.387781441371,593.7025967822514,5637324
2025-05-12,639.1703491210938,641.1988209665371,604.5871598928305,604.6366230315872,9560644
2025-05-13,626.949951171875,641.0009254504098,625.3173051811866,634.8659862139166,5748439
2025-05-14,645.1073608398438,648.4221761917235,630.9079374496204,632.7880198368233,9324793
2025-05-15,667.717529296875,672.8135009029555,637.3892569337731,647.9274421191694,9817422
2025-05-16,658.5150756835938,667.7174530920736,653.1222654642253,666.9258617742182,5415727
2025-05-19,670.6859741210938,676.7219863327704,659.0098359533818,662.9678529861347,4356035
2025-05-20,651.440185546875,674.8914514725259,649.3127873629119,674.8914514725259,7035801
2025-05-21,651.0938110351562,654.7055257861035,631.9963906627307,651.4401133725686,7986603
2025-05-22,642.930419921875,647.8284782933795,633.5795921934665,645.1568046003271,6840583
2025-05-23,652.9244384765625,656.6350798873058,639.3682768382905,644.16734890503,3128629
2025-05-26,657.525634765625,660.7909870128644,645.2557567762108,657.8719371272442,2963171
2025-05-27,654.9529418945312,662.9679028306332,650.1043465070537,660.7909812200402,2493252
2025-05-28,648.8179931640625,656.9319406477282,647.135823745142,654.952932012422,3244100
2025-05-29,645.4041748046875,652.7759938629686,641.2977078328556,648.8179766928364,4173868
2025-05-30,632.6395874023438,648.0758916305334,630.5616524074687,636.3502287464441,6693573
2025-06-02,635.8060302734375,641.0999149680102,618.4402404018641,631.6006366387048,4344402
2025-06-03,641.4462280273438,651.8360242391249,635.360751802621,641.1988519270633,5336167
2025-06-04,634.4701538085938,654.9033808699278,633.2827365985618,643.1283162230271,6290382
2025-06-05,644.612548828125,647.927363872256,631.4026309955697,640.20924288394,4542850
2025-06-06,681.0263671875,683.6485778662754,637.5376390346474,647.1358432845986,20115034
2025-06-09,690.6740112304688,708.3861626103884,684.9843614244871,692.6530198586363,11413586
2025-06-10,693.0488891601562,698.540626368457,683.4506846333262,697.6005851322757,6453133
2025-06-11,678.8494262695312,694.7309585175543,677.1672568475815,694.7309585175543,4586055
2025-06-12,661.0383911132812,682.7580244032821,659.6035976787402,681.768520020089,4970089
2025-06-13,660.1478271484375,663.314192637144,636.7460259678667,645.008362830764,4687026
2025-06-16,669.0533447265625,674.099792409164,661.5825390785359,661.9783649493295,6882573
2025-06-17,658.0203857421875,672.6650378873137,655.0518727238017,672.6650378873137,2390137
2025-06-18,655.1507568359375,666.4311297376456,652.2317675380258,656.0907979768378,3352972
2025-06-19,645.354736328125,661.9783969989645,641.1988060617772,653.8149862736409,3342726
2025-06-20,659.3561401367188,663.8584328397507,643.6725217582302,645.1567781496789,7441267
2025-06-23,654.70556640625,659.2077990446832,641.495647317533,654.8539558195413,4243520
2025-06-24,668.954345703125,674.8419081537571,666.3321956398424,666.9258740405165,4823566
2025-06-25,668.0143432617188,670.8839299517813,663.9573997015416,668.9543844460186,3211981
2025-06-26,695.8194580078125,700.1237776921289,667.1732955312319,668.0638735874257,19068571
2025-06-27,692.6035766601562,699.480643919922,689.2887008758184,695.6710159642996,7554681
2025-06-30,699.4310913085938,706.5060712216443,692.5540847292889,692.6530110016121,3721603
2025-07-01,689.1403198242188,703.0923070659364,686.716022076594,700.5690830406751,3524637
2025-07-02,669.7954711914062,691.5150418185764,667.9153889018631,688.4476027088464,3288839
2025-07-03,668.3112182617188,677.0683070263445,665.886920684505,674.4460965132166,6014549
2025-07-04,669.0533447265625,677.2167550566551,662.9678692317649,668.8554317911656,3843226
2025-07-07,664.2542114257812,672.8629107451062,661.9783636595237,669.0533434229717,1770086
2025-07-08,661.928955078125,670.2902790164324,660.2962487229067,664.9469313034936,2820100
2025-07-09,673.9019165039062,675.8314620395914,663.9574099979003,664.2047860821021,3560120
2025-07-10,664.6995239257812,680.1357670894976,663.957395689169,676.8209517904494,3035156
2025-07-11,664.2025756835938,672.6014082649151,658.388031947169,671.9056358580013,4931083
2025-07-14,665.6934814453125,668.8244269008333,658.4873929936836,665.9419672539893,2832157
2025-07-15,680.304443359375,683.8329296277011,666.6377241989376,670.8122978210398,3786182
2025-07-16,664.3019409179688,669.9177444963337,650.5358512950303,669.9177444963337,9358644
2025-07-17,661.4194946289062,667.929810259501,660.8230923276028,665.941923919443,2671888
2025-07-18,641.59033203125,666.4389118930335,640.5963888367787,665.9419402957978,6570609
2025-07-21,651.6788940429688,654.0146363351166,633.6388004006639,641.5903461311821,4980207
2025-07-22,636.2727661132812,655.903144386311,635.1297071628373,654.0146280330939,4671422
2025-07-23,650.0885620117188,650.7843344106989,634.1854702200866,638.111558139242,5191770
2025-07-24,629.7127075195312,656.0025175135884,627.92362187759,656.0025175135884,7248079
2025-07-25,612.1199340820312,626.134570485721,598.0556733137842,621.2145392021436,16922561
2025-07-28,629.6133422851562,634.9805992520713,607.3489899813827,612.1199052849115,11583112
2025-07-29,634.483642578125,639.4533587749161,622.7551244867942,628.1721272743927,6858651
2025-07-30,628.9672241210938,634.4835965663973,622.3077927672288,631.153911222203,6024759
2025-07-31,627.029052734375,635.5770007801791,619.2763077927235,621.2145091945063,6481051
2025-08-01,610.4799194335938,628.1720960825705,608.5417180799902,626.1842097025625,3528632
2025-08-04,621.1151123046875,623.0035679317626,612.1696237587657,612.1696237587657,2955463
2025-08-05,626.2835693359375,629.3648295729741,617.3878264657812,626.6811708715154,3996694
2025-08-06,626.7805786132812,635.924868492161,618.6302926331194,630.1600098724805,4763826
2025-08-07,623.5502319335938,625.9854048663856,614.5550582555662,623.053260341819,3482599
2025-08-08,605.95751953125,623.0532946986258,604.2678038929449,619.5248083355505,5493423
2025-08-11,613.8593139648438,619.723603282142,605.4605422121693,606.7526562767746,3348109
2025-08-12,608.19384765625,615.2508198699899,607.2992745404908,612.2689903714277,2787285
2025-08-13,615.4993286132812,617.5865850739173,606.6532098381545,608.3429254167771,5325700
2025-08-14,612.71630859375,619.1272544800639,607.7962775337659,610.5793064098189,4279172
2025-08-18,623.0036010742188,633.6388057110133,621.6618019871404,623.2024018522437,5265058
2025-08-19,622.5563354492188,626.7309092663652,611.3744737955134,622.2084795750741,4765094
2025-08-20,612.5671997070312,621.1648329013706,609.5853700209686,619.5744873361823,5710611
2025-08-21,616.0460205078125,618.2327078132388,612.0702474672129,614.2569347726392,3993795
2025-08-22,612.1199340820312,618.2327094139732,608.8399334481404,616.0460221028852,3496256
2025-08-25,617.089599609375,620.021744126191,612.666600986653,616.2447721717821,6850166
2025-08-26,591.0980224609375,616.6920593971103,589.5076769704714,616.1454027801127,18048586
2025-08-28,568.1876831054688,584.3889459467102,566.5476524768432,573.2567694140689,20025147
2025-08-29,576.7355346679688,585.0846817109128,563.0688158369742,567.044588587809,12236788
2025-09-01,585.0349731445312,586.6253187450726,575.0955406367038,576.4870854539923,3886326
2025-09-02,581.0592041015625,592.7877830731194,578.7234617124966,586.4265219585625,4136915
2025-09-03,582.7489013671875,585.3331901545034,576.4870711754468,581.4567873062696,6612194
2025-09-04,582.251953125,592.390186571911,580.3634973187751,592.390186571911,5054056
2025-09-05,588.911376953125,592.3901783359705,582.0531442464655,585.4325755702796,4166734
2025-09-08,593.1356201171875,600.341708505708,589.2592172695844,592.3901626976854,2968301
2025-09-09,591.396240234375,595.322328248019,587.2713514354549,594.3780700170694,3947645
2025-09-10,601.1368408203125,603.1247272388092,593.0859250915925,594.9743807898768,4708224
2025-09-11,616.2944946289062,619.127269265872,599.14897371665,601.1368601992303,8412580
2025-09-12,629.0169677734375,629.8618559436578,615.4993637047344,619.4254517145101,10816255
2025-09-15,619.8726806640625,627.7744803131341,616.4435646031669,626.9793379122467,3643666
2025-09-16,614.3562622070312,624.5939256086486,610.3804894422798,619.8726954505063,4759255
2025-09-17,619.47509765625,622.208441448556,614.0084100716381,616.2447822653429,4633747
2025-09-18,623.10302734375,627.1781702694835,616.2447948765131,616.2447948765131,4675034
2025-09-19,629.3648681640625,633.4400111589678,623.3017780348486,626.1842376808415,6415748
2025-09-22,624.0472412109375,634.135789399393,621.6618138256516,634.135789399393,2712596
2025-09-23,624.991455078125,630.5575732464678,620.7175115671233,624.1963126727837,3586451
2025-09-24,621.3636474609375,626.1842479607922,616.5429862956012,624.3951622425719,2129098
2025-09-25,608.989013671875,622.2084461617036,607.1004973166943,621.3636187038736,4280161
2025-09-26,602.3792724609375,613.6605643344307,600.0932152027847,606.3053602876996,3958021
2025-09-29,608.0944213867188,611.772023261598,599.4968493356185,605.2120225829851,4098133
2025-09-30,612.368408203125,616.940583523626,607.4484376789881,608.0944643881315,5882401
2025-10-01,644.77099609375,646.0134251517903,612.3187248315418,612.3187248315418,15107673
2025-10-03,641.8884887695312,646.0630622277909,632.1478578105769,641.0933463645001,7200543
2025-10-06,667.3831787109375,671.4086365676254,642.5842835543594,642.5842835543594,10343487
2025-10-07,662.7613525390625,668.9238128739696,659.4813519195823,666.1407838836676,3729360
2025-10-08,662.8607788085938,669.2219792200281,657.9904326091911,657.9904326091911,2870458
2025-10-09,664.9976806640625,667.9298252143939,656.002506906994,662.8607391999402,2274108
2025-10-10,661.0219116210938,667.3334873269579,658.9843401985228,664.9479993858397,2480723
2025-10-13,668.0789794921875,670.1165510207936,654.7601156812083,656.0025447432218,2469940
2025-10-14,670.364990234375,676.8256209077508,662.9601014064103,670.9613318764957,4731724
2025-10-15,673.0486450195312,678.2668466867468,668.4764700165895,671.4086145150727,4687947
2025-10-16,668.4268188476562,679.6086801294944,658.2389007908704,672.7504476104416,5309779
2025-10-17,671.4086303710938,675.5335189097352,666.0413128347263,668.1286299501929,3516617
2025-10-20,689.7468872070312,694.4184323221104,673.9928512833958,674.2910827720748,6170486
2025-10-21,691.0390014648438,693.2753736378692,686.1189705510924,691.2874872618465,674998
2025-10-23,705.351806640625,713.4027221859367,691.0390004873179,691.0390004873179,8911040
2025-10-24,711.11669921875,718.968814371599,706.7433247209876,706.7433247209876,6036751
2025-10-27,715.2415161132812,725.876720689485,713.8997170338473,716.6330608860479,8133230
2025-10-28,719.3167114257812,722.4475961302275,705.948163151347,715.1421378210407,7071903
2025-10-29,733.9773559570312,737.4064720730539,713.0548640783536,719.3166940010382,10246214
2025-10-30,733.778564453125,743.3203948686133,728.7094784196739,734.0270502521271,6357608
2025-10-31,744.3640747070312,765.1374508517607,722.5966947129,729.0076403823067,18363853
2025-11-03,791.6260986328125,795.055214913594,753.9059408751772,758.1798846362976,26222030
2025-11-04,791.67578125,809.2189034936717,787.4515225302102,787.6503233089435,8543137
2025-11-06,787.7000122070312,795.7509281286964,780.2454379590152,787.799382264146,10930939
2025-11-07,816.3499755859375,820.0,780.7999877929688,792.5,9765252
2025-11-10,821.0999755859375,830.7000122070312,816.6500244140625,822.0,8623863
2025-11-11,832.2999877929688,833.2999877929688,804.0499877929688,821.0999755859375,7336169
2025-11-12,822.5,838.6500244140625,821.4000244140625,832.2999877929688,4239741
2025-11-13,814.0,826.3499755859375,809.75,826.0,6048569
2025-11-14,809.2999877929688,817.9500122070312,803.9000244140625,809.5,5672058
2025-11-17,817.9000244140625,828.3499755859375,808.5999755859375,809.0,7386312
2025-11-18,820.2000122070312,827.7000122070312,810.0,820.0,6684086
2025-11-19,818.0499877929688,826.7000122070312,815.7999877929688,824.1500244140625,3711577
2025-11-20,826.5999755859375,828.7000122070312,816.5,822.0,3187958
2025-11-21,823.2999877929688,832.0,810.5999755859375,825.0,3831244
2025-11-24,828.2000122070312,839.5,821.0999755859375,825.0,8140579
2025-11-25,838.25,841.8499755859375,827.2000122070312,828.2000122070312,5418151
2025-11-26,856.5999755859375,858.8499755859375,838.2999877929688,841.9500122070312,7052927
2025-11-27,867.6500244140625,869.5,857.25,860.0,6752154
2025-11-28,851.6500244140625,872.0,848.75,870.0499877929688,8198342
2025-12-01,851.5499877929688,865.0,849.4500122070312,857.8499755859375,6330770
2025-12-02,843.4000244140625,855.9500122070312,840.7999877929688,855.75,5587375
2025-12-03,828.0999755859375,846.4500122070312,818.9500122070312,843.4000244140625,9931005
2025-12-04,828.1500244140625,836.0,821.0,830.4500122070312,11436899
2025-12-05,854.9000244140625,857.0,828.1500244140625,828.1500244140625,12137708
2025-12-08,834.25,858.8499755859375,831.0,858.5,4117973
2025-12-09,846.7000122070312,849.0,817.7999877929688,830.0,5737027
2025-12-10,837.25,855.7999877929688,833.2999877929688,846.0,3699625
2025-12-11,847.1500244140625,850.5999755859375,835.7000122070312,841.7999877929688,4213992
2025-12-12,848.0,854.75,841.5,852.0,6036788
2025-12-15,855.3499755859375,870.5999755859375,845.8499755859375,852.0,7193809
2025-12-16,848.4000244140625,856.6500244140625,843.0,855.3499755859375,5171831
2025-12-17,864.2000122070312,875.4500122070312,855.0,856.0,11621162
2025-12-18,869.4500122070312,876.9000244140625,861.7999877929688,868.5,12481529
2025-12-19,901.7000122070312,913.5,850.5,869.0,35297309
2025-12-22,934.8499755859375,949.7999877929688,915.0,919.0,31894463
2025-12-23,957.7999877929688,959.9500122070312,931.7000122070312,938.7000122070312,14632455
2025-12-24,973.7000122070312,983.7000122070312,958.0,958.0,10574513
2025-12-26,960.25,978.75,956.7000122070312,976.5499877929688,4739099
2025-12-29,955.5,966.0,949.2000122070312,963.0,4897735
2025-12-30,979.4000244140625,984.5999755859375,960.9500122070312,960.9500122070312,17757531
2025-12-31,996.2000122070312,1000.2000122070312,979.4000244140625,983.0,9795995
2026-01-01,1019.7000122070312,1025.5999755859375,996.0,996.2000122070312,4289057
2026-01-02,1010.3499755859375,1025.0,1007.2000122070312,1024.75,5264026
2026-01-05,1003.3499755859375,1014.7999877929688,994.6500244140625,1013.5,4603571
2026-01-06,1002.6500244140625,1011.75,992.4500122070312,1002.5,4352915
2026-01-07,995.8499755859375,1003.0999755859375,990.25,996.0499877929688,4191098
2026-01-08,992.9000244140625,1002.5499877929688,981.0999755859375,1001.4000244140625,3804564
2026-01-09,975.4000244140625,993.2000122070312,961.0,987.0,6949168
2026-01-12,972.7999877929688,985.6500244140625,962.4500122070312,979.0,5510203
2026-01-13,979.0499877929688,987.6500244140625,969.2000122070312,975.0,3860197
2026-01-14,981.0999755859375,990.5,970.4000244140625,980.0,3846614
2026-01-15,981.0999755859375,981.0999755859375,981.0999755859375,981.0999755859375,0
2026-01-16,995.4500122070312,1022.0,981.0,981.0,13316550
2026-01-19,1010.3499755859375,1014.5,991.2000122070312,1002.0,4908985
2026-01-20,987.5,1008.0499877929688,983.0,1005.0,6129218
2026-01-21,986.0,997.5,972.5499877929688,982.5499877929688,7042588
2026-01-22,1005.5,1009.7000122070312,986.0999755859375,995.0499877929688,7210572
2026-01-23,1003.5499877929688,1020.8499755859375,973.6500244140625,1010.0,9023942
2026-01-27,1001.0499877929688,1019.9500122070312,984.2000122070312,1011.2000122070312,7984660
2026-01-28,1018.7999877929688,1020.7000122070312,999.5,1002.0,5587231
2026-01-29,1022.7999877929688,1028.4000244140625,1006.1500244140625,1022.4000244140625,6653822
2026-01-30,1020.0,1029.300048828125,1010.1500244140625,1025.0,6464610
2026-02-02,962.0999755859375,992.7000122070312,939.0,990.2000122070312,13566710
2026-02-03,1000.4000244140625,1041.5,997.2000122070312,1013.0,9880727
2026-02-04,998.7999877929688,1011.2000122070312,995.5,1010.4000244140625,4402517
2026-02-05,992.0,998.0,972.4000244140625,995.5,5775866
2026-02-06,1002.5,1005.0,972.9000244140625,994.0,3270421
2026-02-09,1062.699951171875,1067.800048828125,1003.4000244140625,1005.0,8667620
2026-02-10,1048.5999755859375,1066.800048828125,1036.5,1064.9000244140625,4345362
2026-02-11,1056.800048828125,1059.300048828125,1041.5,1053.0,4898578
2026-02-12,1082.800048828125,1087.0999755859375,1049.699951171875,1053.5,8462756
2026-02-13,1065.800048828125,1086.0,1060.0,1081.800048828125,4555743
2026-02-16,1085.4000244140625,1088.300048828125,1052.800048828125,1065.800048828125,5096496
2026-02-17,1075.0,1081.9000244140625,1060.0,1080.0,2832145
2026-02-18,1076.199951171875,1087.0999755859375,1072.0999755859375,1076.199951171875,2470593
2026-02-19,1054.699951171875,1078.0,1048.0999755859375,1078.0,2576169
2026-02-20,1059.300048828125,1066.0,1044.5999755859375,1056.800048828125,2295049
2026-02-23,1064.699951171875,1077.5,1056.9000244140625,1072.800048828125,2423932
2026-02-24,1061.699951171875,1066.0,1050.199951171875,1064.699951171875,2464507
2026-02-25,1085.9000244140625,1095.0,1055.800048828125,1065.0,3115583
2026-02-26,1104.5999755859375,1108.0,1085.0999755859375,1089.0,5231414
2026-02-27,1079.4000244140625,1103.9000244140625,1073.300048828125,1099.0,5601117
2026-03-02,1052.5,1071.0,1038.0,1044.0,6717872
2026-03-04,1010.0,1042.5,987.4000244140625,1042.300048828125,9200897
2026-03-05,1039.5,1046.4000244140625,1018.2999877929688,1022.2999877929688,5051614
2026-03-06,1007.5,1052.0,1000.0,1043.9000244140625,8166989
