Date,Close,High,Low,Open,Volume
2021-03-08,585.1669311523438,591.924749504861,581.8356294286962,582.0260011458487,4554461
2021-03-09,583.0729370117188,590.972927283391,578.2187779159134,588.2126827193982,4035628
2021-03-10,595.8271484375,597.6355927323763,585.6904492722914,588.2127439846246,5825924
2021-03-12,584.0247802734375,598.8253249465606,582.0260224035637,597.730731102924,4264170
2021-03-15,576.315185546875,584.4054895553778,567.7489813025779,584.4054895553778,4030762
2021-03-16,573.2694091796875,580.5507059835109,570.3664293764048,576.7910825233229,4189930
2021-03-17,556.5653076171875,574.8874660979585,553.9478564056487,574.8874660979585,7667561
2021-03-18,546.8569946289062,563.0376039861574,544.4299148439776,559.0876665578644,5537584
2021-03-19,550.4262084960938,554.5665754591049,535.0070290305412,543.4780765788058,6186643
2021-03-22,562.51416015625,564.9888185033742,550.7118093623526,550.7118093623526,7033955
2021-03-23,559.5160522460938,566.0359222931331,554.8998418079988,562.7046196407695,5341729
2021-03-24,557.0888671875,568.2249455788094,555.0901092092149,556.8033386325017,7299582
2021-03-25,547.9991455078125,559.6111233882085,543.9539933264696,556.2322431848041,4710869
2021-03-26,558.897216796875,561.8477748539274,546.904496679926,552.8532492895374,5761818
2021-03-30,568.8912353515625,570.1285645240233,558.9449073735103,566.2737836780382,4637718
2021-03-31,568.9863891601562,576.7911657276053,566.9876311301027,569.36713263888,5269919
2021-04-01,581.3121337890625,583.168156313801,568.5579843253471,571.0802787940032,6033653
2021-04-05,579.4561767578125,582.4543717976703,564.1797891921052,582.2164216546117,5353987
2021-04-06,590.5444946289062,591.9246166518893,574.411468283804,579.4084197477476,7444994
2021-04-07,591.1156005859375,598.1113680716536,586.4518136887436,591.0680221867048,4757224
2021-04-08,584.6434936523438,595.827150226076,583.7392715021913,590.639825558324,3222479
2021-04-09,606.0590209960938,611.0559740549544,580.1224551191506,583.453757158391,16755446
2021-04-12,589.4976806640625,614.7203966621034,585.5477430146881,608.2005857640802,15229597
2021-04-13,597.1119995117188,604.9167749568566,586.4042442619751,593.9234911857778,7399207
2021-04-15,602.7277221679688,610.5800770165841,596.3030682009197,603.0608291363485,8588761
2021-04-16,614.9107666015625,618.6703905938308,596.1602831449052,602.7277305285282,9804095
2021-04-19,609.7710571289062,620.0029132349464,604.3933606823666,612.9595657944002,11340358
2021-04-20,614.0541381835938,627.7124526188778,608.3433349755372,612.7691726058044,13831258
2021-04-22,609.104736328125,626.2847235859506,607.3438705623719,619.3365916146736,11295290
2021-04-23,607.201171875,614.6727829476,599.7771392111927,605.8210494602414,7668180
2021-04-26,604.1077880859375,612.959521104345,600.5861146224249,612.959521104345,6527947
2021-04-27,608.4385375976562,611.484311156578,601.5379832017501,602.2042552448421,5112384
2021-04-28,612.388427734375,616.1004146028944,607.5342106232961,610.0565050323822,6069155
2021-04-29,613.435546875,620.5740520752522,610.1994012802307,617.6710715791438,5676290
2021-04-30,622.9058837890625,634.4702256568538,609.247510991844,611.0559552806158,10874266
2021-05-03,627.4269409179688,631.9479935790303,618.7655209639577,622.4299879767955,6567597
2021-05-04,614.0541381835938,632.8521987434464,611.0559432620463,630.091953955568,5604638
2021-05-05,650.4605712890625,654.7436741076649,611.29395227719,611.29395227719,25296369
2021-05-06,646.6533203125,663.1194582955492,640.8948804800407,656.5995896377394,11153908
2021-05-07,646.7008666992188,657.6941509465996,644.940000903661,648.1761458677777,6466334
2021-05-10,664.5471801757812,669.5917116584577,650.6508567765001,654.838802588513,10924222
2021-05-11,673.9700317382812,687.0572909614341,662.6436386120433,664.8327685361647,14760511
2021-05-12,668.9729614257812,680.4897823875026,666.2603532249681,680.4897823875026,7250661
2021-05-14,658.1224975585938,676.7301865692293,653.8869735204789,669.1157822196459,6851035
2021-05-17,654.02978515625,664.8326983924522,647.2719662507568,654.8387924037326,6318234
2021-05-18,657.5037841796875,662.3103651620446,651.7454026822778,657.6941559013567,4080423
2021-05-19,669.4965209960938,672.685029557883,657.5037993733264,660.8351012529905,7745431
2021-05-20,653.744140625,667.8308342935798,651.9833329630732,666.2603402542354,6226376
2021-05-21,657.1229858398438,661.0253440432466,654.8386417591845,658.4078930769126,3434231
2021-05-24,657.646484375,664.7374088267632,656.3615190056473,657.6940627753571,3722957
2021-05-25,662.5482788085938,663.7856658846619,657.6941196864296,661.5013215370022,2800233
2021-05-26,669.8771362304688,672.1139021143551,662.6434761434684,665.7844059682636,6235460
2021-05-27,665.7844848632812,675.5404405028075,661.0254821122928,673.1609391273133,9875654
2021-05-28,637.4684448242188,661.0255094145874,634.1847211717503,660.5496091198326,28316552
2021-05-31,636.0883178710938,643.1316654211827,627.2365840696505,639.6099916461382,13947126
2021-06-01,638.7057495117188,640.847300756102,632.2810957785691,637.8015273676534,6443084
2021-06-02,644.7973022460938,645.4159377553208,637.8491697632248,638.6581770034816,4978457
2021-06-03,642.9412231445312,648.0333324665387,641.0376221877747,645.320724340477,3604574
2021-06-04,641.4660034179688,646.5105348018117,640.371409529164,646.1774278408518,3747803
2021-06-07,642.7985229492188,645.1304460776987,638.5630566815319,641.466036942444,2793705
2021-06-08,646.03466796875,647.1768403263602,633.0425663258709,640.5618144279466,5695920
2021-06-09,640.4190063476562,651.6978782409865,635.4220532298423,648.2237828360443,4492551
2021-06-10,643.4647216796875,648.1761458119572,640.5617417495554,640.6093201562868,3099864
2021-06-11,648.4617309570312,653.2683123223835,641.5611766730539,642.6557705899005,3822099
2021-06-14,644.4641723632812,650.7460912703078,639.1816905753788,649.1280186081965,3640962
2021-06-15,640.7521362304688,648.5569122903293,639.3720138264754,644.4641234867706,3862284
2021-06-16,636.3262329101562,647.700260865842,634.7081603899957,642.4653579492186,4842448
2021-06-17,632.9949951171875,641.0853004434858,629.7589078426482,639.419649346895,2776147
2021-06-18,636.2786254882812,640.5617276793018,621.2401894140228,634.850924757941,4158743
2021-06-21,638.9912719726562,642.2749954680925,630.0919601236359,630.0919601236359,2932177
2021-06-22,634.6604614257812,647.4621877451692,633.7562394751027,645.3206369588015,4577152
2021-06-23,633.185302734375,639.9430632616783,632.2335022041467,634.66058193757,2631031
2021-06-24,632.7568969726562,638.6580710962265,629.6159672580534,632.1858399675599,3460776
2021-06-25,639.847900390625,644.749696312229,632.7569748888719,632.7569748888719,3010243
2021-06-28,643.7026977539062,647.1292145760835,637.2780440672807,642.4653686625485,3342385
2021-06-29,644.93994140625,648.6519862818618,640.6568395159076,640.799632816234,2937766
2021-06-30,642.8937377929688,650.5081427221189,641.7515654349364,645.3683961576229,3768943
2021-07-01,651.1742553710938,652.7446911473243,641.2279297484931,642.4652586279344,4102748
2021-07-02,648.4140625,656.2664162844037,645.606239528131,652.4592144495413,5071894
2021-07-05,647.414794921875,651.935847877903,645.8918790701805,651.0316256680375,1600769
2021-07-06,640.7998046875,650.0798612722799,639.9907973507634,645.3208578954697,2682423
2021-07-07,647.3195190429688,649.1279632923914,633.9943115853537,635.8027558347763,2576763
2021-07-08,634.755859375,648.0810681108337,633.0425717771815,644.3690224399601,2548016
2021-07-09,635.7075805664062,639.8954679326915,632.1859070790284,634.3750366220062,1994075
2021-07-12,636.3262329101562,640.4189635717665,634.2798966259982,636.3738113180121,1555035
2021-07-13,650.0798950195312,656.1238063845135,636.754684872718,637.9920141962609,7744032
2021-07-14,652.8875122070312,659.0266365580965,648.1760884914098,649.0803105125149,2663467
2021-07-15,650.0798950195312,655.0292704070088,648.4618221687571,652.9352971938484,1905193
2021-07-16,655.4098510742188,662.1200915858824,649.7466841417204,651.888235430133,3479357
2021-07-19,656.0284423828125,658.1699933372721,645.3682660130668,645.3682660130668,1940882
2021-07-20,643.8455200195312,658.2652640862715,641.418440136347,655.790605792299,2724983
2021-07-22,654.1724243164062,655.0290679412401,642.9887692571352,647.2242927918571,2047831
2021-07-23,660.5496215820312,665.2610462076523,648.7472708121221,653.1255884624492,3956261
2021-07-26,669.4965209960938,671.019378618051,661.6917449736504,661.6917449736504,4715053
2021-07-27,655.1243286132812,671.6856819683334,641.3707985922514,671.0194099426386,5327355
2021-07-28,654.6484375,658.598433205831,640.1334784289626,655.124337797411,3332667
2021-07-29,669.1157836914062,671.9236069201501,647.8906431389154,654.6484037767168,4397443
2021-07-30,736.6461181640625,745.9737528328175,662.5960398683454,669.0682726123814,35893710
2021-08-02,737.6454467773438,763.24890552216,727.2707972563179,747.1634525422128,18661462
2021-08-03,756.4910278320312,765.580711013013,728.3653345994468,736.6460105905525,14678219
2021-08-04,747.8772583007812,759.4416578516265,742.1188767756668,752.8742110288488,5796169
2021-08-05,748.258056640625,756.1104115036629,745.5453901046878,747.6393630201575,5026619
2021-08-06,747.353759765625,758.0615153268238,743.8796647240081,748.591088789594,4064324
2021-08-09,750.7802734375,754.7778474258802,744.3080412194682,751.1134384909544,2873586
2021-08-10,755.1110229492188,760.2983481138759,744.4984805505454,751.8749355930181,5656020
2021-08-11,741.9760131835938,756.6813414377394,736.0272604993348,755.729541008258,4275776
2021-08-12,741.1195068359375,743.5941649796722,735.8846039144806,742.4044143157048,2821380
2021-08-13,740.786376953125,750.4947544505358,730.649735670995,731.9346432117463,4319920
2021-08-16,743.165771484375,745.2597440697677,733.8857171999814,737.8357122609106,2310304
2021-08-17,746.3544311523438,754.9682145877316,740.691206210858,745.2598372727984,5686055
2021-08-18,745.1646728515625,753.2549775159143,741.7381560200952,750.0188324128555,4036305
2021-08-20,724.4629516601562,746.6398910133856,707.5208568035669,737.645364944756,6238261
2021-08-23,724.65380859375,734.8172128228891,716.4944862564786,730.0456724798834,2375417
2021-08-24,736.1055297851562,742.4039981942349,719.7868845703974,725.0832828771985,2732537
2021-08-25,733.91064453125,740.5430975828396,724.892421191056,734.8172488901887,2254852
2021-08-26,725.7990112304688,735.8669500004771,724.5584223541393,730.1888634226991,1735864
2021-08-27,736.5349731445312,741.4973868680779,723.4609406457224,725.9898803859592,2432862
2021-08-30,751.2313232421875,758.6272107737489,733.0517661848437,733.8629047446071,3617125
2021-08-31,757.768310546875,764.400763275752,747.8912453311746,751.4699005899562,7435465
2021-09-01,752.4719848632812,767.168353839556,751.0405226219434,758.7226916678538,2811619
2021-09-02,753.8555908203125,759.2951578860933,752.2809593748926,754.1895753105115,2679549
2021-09-03,753.330810546875,760.7744018118922,748.1775236922944,756.7662962857008,2860730
2021-09-06,748.4161376953125,756.8617411976717,744.1217511863819,753.3308477762934,4613445
2021-09-07,734.7218627929688,747.2232761711115,731.5725993231396,746.2689680278534,3851664
2021-09-08,741.9268798828125,743.3583421020553,728.6619733526238,732.2406289007308,2548562
2021-09-09,740.8294067382812,746.5075518918737,736.2010354996829,736.9167666136732,2008287
2021-09-13,744.6466064453125,747.2232499911024,736.3918762431537,740.829374006022,1935832
2021-09-14,745.6963500976562,751.9947600687306,741.7836520581227,748.8455550831934,1996844
2021-09-15,744.9806518554688,749.8475999341682,743.2151468982719,748.8455880645942,1393824
2021-09-16,745.3623046875,748.7023829247174,742.7379575011148,744.3602928656031,1353677
2021-09-17,734.7218627929688,751.899409371615,731.6203613273798,749.1318924576277,4052622
2021-09-20,721.9341430664062,739.3502674695284,717.2580096541515,731.668098217695,2206369
2021-09-21,729.5684814453125,731.3339279841526,716.7330269243122,721.9340172836872,2123997
2021-09-22,734.9127197265625,738.6345449960127,729.5686171181546,730.0457712169892,1817865
2021-09-23,734.6740112304688,741.6882101761788,731.0953561294962,735.8668962641262,2109768
2021-09-24,735.24658203125,741.1633030534399,727.1826680914672,733.8628238350897,1777859
2021-09-27,728.184814453125,739.1116543035246,725.3695937913375,736.2010261262918,2862731
2021-09-28,739.6841430664062,754.8576642945034,720.4548708896415,731.6679904287823,4938824
2021-09-29,774.2301635742188,782.2940788111106,736.1055426556555,748.177563632706,18565413
2021-09-30,780.862548828125,794.89088857733,769.7448369333804,777.5701744615249,10478553
2021-10-01,788.8309936523438,792.7436915199378,768.5042442792868,774.8981197243096,5730355
2021-10-04,793.9842529296875,800.5690014027596,788.6878551994361,792.075636937068,4007435
2021-10-05,783.0097045898438,796.2746089289623,777.7133069027631,790.1670145038278,2987134
2021-10-06,764.0189819335938,786.3498130293214,760.8697770986422,782.9620311879896,2910453
2021-10-07,785.6341552734375,788.5924871298922,767.3591315819615,771.1286602835597,4089061
2021-10-08,783.8687133789062,795.7020991238146,781.1966040447652,787.3996068272371,2753935
2021-10-11,794.5092163085938,797.992464256758,780.4331714916116,788.2585097509996,2988841
2021-10-12,791.7894287109375,804.243137554202,786.0635802086233,795.4157877798011,2407031
2021-10-13,804.05224609375,808.1080553577792,789.4513443925131,790.1193716852687,4113083
2021-10-14,802.859375,811.1618669343613,799.9487470090922,805.340610952546,2300231
2021-10-18,797.7061767578125,812.1162059981368,794.1275213259757,811.1618978829804,2632795
2021-10-19,789.5467529296875,803.71826261852,787.9244758190339,798.7558490397337,2029762
2021-10-20,777.6656494140625,796.6563445677417,770.6037465803012,787.35184112606,2089252
2021-10-21,781.005859375,791.1215030637649,773.037350904171,785.443357586715,3155655
2021-10-22,775.4230346679688,789.0696288427557,763.5896491809295,787.3995896684831,1709523
2021-10-25,776.0432739257812,783.725441643614,759.1997144993803,772.9894766895918,2129988
2021-10-26,776.3296508789062,786.2544785648329,769.458620807599,779.6697292785083,1628608
2021-10-27,787.399658203125,800.1397073892658,778.5246037537819,778.5246037537819,3569869
2021-10-28,770.69921875,791.2646054487926,766.3571284288372,786.3021915476013,1647229
2021-10-29,758.6749267578125,779.2402543181424,743.739981945112,763.446467177673,4321416
2021-11-01,774.707275390625,776.6635952742857,751.0404470317765,762.4444400559238,1935341
2021-11-02,778.1428833007812,797.8016077530964,746.9846991252825,777.4271521933473,17608860
2021-11-03,751.9470825195312,784.4412618254403,745.6486140826153,782.5326456166192,9452138
2021-11-04,759.1043701171875,760.5835359845765,752.4719173448415,760.5835359845765,485870
2021-11-08,763.4464721679688,766.3093964385987,747.2232346343994,761.5378559875488,4280584
2021-11-09,764.7347412109375,774.8981453568266,760.5835244450626,763.4464486274154,3232291
2021-11-10,774.0391845703125,777.7610090162873,760.5834652588723,763.2078122218107,2900645
2021-11-11,758.5317993164062,773.4190411998536,755.9074519399313,771.9875789945037,2107377
2021-11-12,769.6494750976562,771.6057950341907,759.7246476565081,767.216001115804,2076523
2021-11-15,773.6577758789062,782.1988470938066,769.7928387861895,771.3674125851106,2109222
2021-11-16,761.9673461914062,780.0992008551931,759.2952950481174,775.184490634628,1512946
2021-11-17,755.1917114257812,768.2180406306655,751.4222409290799,763.4465000056304,1662900
2021-11-18,754.5237426757812,758.0546361428239,744.4557453553381,753.9034190957086,3177648
2021-11-22,735.5330810546875,757.7207477877677,730.0935123998876,755.6689617590706,2894426
2021-11-23,749.3226928710938,755.5733989523438,726.7532841791593,734.8171988548213,2739763
2021-11-24,743.3582763671875,760.5358214790978,740.1136056586233,747.7003663989854,2404041
2021-11-25,747.1278076171875,751.2790244026795,738.9684270618505,740.161312143468,1861259
2021-11-26,732.2406616210938,762.3968353351531,727.1828398696952,739.5888463241649,5432649
2021-11-29,716.7330932617188,739.5887841102663,714.8244770446601,737.6801678932075,4664270
2021-11-30,719.1665649414062,726.8487917870639,711.9615503947999,716.6853871658677,5505266
2021-12-01,711.2935180664062,728.3756563316474,706.5219775729137,722.172653690107,3687799
2021-12-02,731.238525390625,735.5329115103742,712.009195355879,718.5939440380301,4896650
2021-12-03,717.4488525390625,736.6304812221532,714.6813938633721,736.6304812221532,3135454
2021-12-06,703.4683227539062,718.1646342913601,700.1759477686516,716.8763415019065,2577704
2021-12-07,709.718994140625,716.6854320976306,701.4165014537397,707.237757963184,2583462
2021-12-08,722.9360961914062,728.6142410881863,713.2021418321184,715.9219548900775,2530785
2021-12-09,725.03564453125,731.7635055953007,721.600158359158,723.5564784917756,2604449
2021-12-10,726.5625,739.5888297844197,719.7392315504429,719.7392315504429,2950388
2021-12-13,727.7551879882812,738.0139980083877,724.3197028149646,728.9480728743401,2491218
2021-12-14,721.504638671875,733.6243633812306,719.1665721409357,722.649820059105,3224172
2021-12-15,739.6841430664062,743.2627982384724,711.2457749483214,718.1168045279567,6231786
2021-12-16,729.5208129882812,750.5632942025425,725.274130443652,750.5632942025425,6186549
2021-12-17,733.8152465820312,737.0598592690134,719.0711743570274,727.1827934440012,7171030
2021-12-20,729.043701171875,739.3025134794449,718.6417193475219,732.9086374152253,7474026
2021-12-21,742.9764404296875,748.1297266416199,729.1389751992658,729.1389751992658,5599344
2021-12-22,761.0607299804688,764.4008084192545,741.9745674731216,749.1318784133769,5871235
2021-12-23,756.2415161132812,767.2160599978622,753.903449462514,765.2119779059126,4277384
2021-12-24,749.5136108398438,758.4840721014696,742.069961005154,757.1480756989353,3076272
2021-12-27,757.8159790039062,760.2017490653042,745.4577366829365,748.1774912543943,3598487
2021-12-28,777.8564453125,782.4371704144578,757.9114426036102,759.6291853936749,5477769
2021-12-29,800.4735717773438,805.1020007161101,779.1925141485796,784.9183623848214,8748856
2021-12-30,796.322509765625,803.4798214510138,789.5468864223127,798.421999509276,5179861
2021-12-31,807.058349609375,812.0684669964987,795.8929334973735,796.3223837798241,3346523
2022-01-03,810.1597900390625,820.7525855639288,802.4776222713588,806.3902617814674,3726756
2022-01-04,799.4238891601562,814.9790991933844,794.3660679924167,813.5476370753632,3027262
2022-01-05,796.9427490234375,805.9609731004917,792.6961241598145,801.6188824697174,2436343
2022-01-06,791.6939697265625,806.294930129428,784.4412515267986,799.5193077292615,2423850
2022-01-07,791.07373046875,797.8015910888305,787.49507500633,791.6939958010955,1475374
2022-01-10,788.9265747070312,796.8473208579061,780.1946316649593,794.0798038701597,4837873
2022-01-11,794.3661499023438,803.0503310152586,790.4534514284946,792.9346876367193,4950526
2022-01-12,797.9923706054688,806.3902694546638,789.6898792588572,806.3902694546638,3953446
2022-01-13,825.95361328125,831.2023075308708,796.1314868629495,797.9923992007195,7395140
2022-01-14,820.4663696289062,829.19831183655,817.6511491510186,825.9536410745197,2351963
2022-01-17,814.2156982421875,823.9496526988262,811.6390546733206,820.4664047682392,1750754
2022-01-18,808.0127563476562,827.5760742481132,806.3904207749338,815.9335026775957,3354708
2022-01-19,800.1873168945312,809.2532435617919,795.8929305784604,809.2532435617919,1677779
2022-01-20,782.53271484375,804.2432261397199,778.3814975208626,800.9508512389733,2886894
2022-01-21,771.796630859375,782.246315594158,764.4961510216434,779.1925182030043,3218477
2022-01-24,764.2576293945312,787.3041936339915,755.4302793446956,767.2637232505808,5300160
2022-01-25,771.1286010742188,774.6118487232786,748.940939115403,754.8576606203552,3779497
2022-01-27,774.9935913085938,780.0514708787241,755.143994308893,765.3551027150837,3593525
2022-01-28,789.5467529296875,804.3862899121466,774.9935549633124,778.7153797089877,5073701
2022-01-31,796.3701171875,810.9233158538983,782.5803533592504,792.1711382081653,8041517
2022-02-01,851.0042724609375,854.105773874448,801.4756573589535,808.680730316647,12337459
2022-02-02,849.95458984375,857.3981818761204,841.699800923905,849.3342662384075,4404741
2022-02-03,843.1788940429688,850.4793741674304,840.2205622878632,848.7138692682573,2292825
2022-02-04,853.103759765625,861.5970671280538,841.0794424460228,842.5586666364549,4222492
2022-02-07,846.5189208984375,860.2609797402763,839.5047802217456,860.2609797402763,3494623
2022-02-08,853.2468872070312,855.0123922190774,841.6997819773097,845.5170145486354,4766558
2022-02-09,852.6217651367188,860.4126336420411,851.5637075444391,859.787473829569,2874380
2022-02-10,860.172119140625,862.0477158703216,846.4178409661176,857.3828228428356,3159839
2022-02-11,846.5139770507812,861.6148521124715,841.2720045826364,860.4606342576111,2682532
2022-02-14,831.845947265625,852.814072119398,829.2971106357204,836.7994386896775,5163415
2022-02-15,843.3399658203125,846.4178606912914,826.267332834778,829.5856873252715,3219287
2022-02-16,835.6932983398438,847.5239580207453,834.0100810834831,842.5704666125006,2136415
2022-02-17,829.6337280273438,839.0597329225576,828.4314299869859,839.0597329225576,2275289
2022-02-18,829.970458984375,834.7796514487509,823.7185087806863,829.6337802882911,1797851
2022-02-21,811.6473388671875,831.0284067903413,807.4633651626058,822.8527801031677,2305713
2022-02-22,813.52294921875,816.6008439997527,793.1319623388126,804.0969441505221,3171552
2022-02-23,808.184814453125,820.4482555531278,806.0687579731082,817.4184407401532,1979574
2022-02-24,787.0242919921875,805.0106822976982,783.8983171080145,798.9029730696617,3679222
2022-02-25,799.8167114257812,803.1350656538058,785.8700545970624,789.188408825087,2098988
2022-02-28,811.6954345703125,814.6771100740334,789.6693121260702,789.6693121260702,4123139
2022-03-02,789.5732421875,812.7054461971395,784.5716702839654,812.1283078779071,3807036
2022-03-03,789.5732421875,801.0190850277437,785.8220485833584,801.0190850277437,2657776
2022-03-04,797.9892578125,807.5595029969351,778.46389118655,785.1486798560778,4082674
2022-03-07,791.2564697265625,797.3641207517448,778.223511017297,786.7838971953284,3065234
2022-03-08,822.3718872070312,828.8162166608399,794.6709511686182,794.6709511686182,4864275
2022-03-09,835.1162719726562,851.9965257922124,827.1811044013641,830.451378761615,7276355
2022-03-10,836.3666381835938,848.2453786300691,833.5292029276201,836.7033168750263,2899758
2022-03-11,867.5782470703125,872.3874391272433,835.8856596739471,838.7230947287278,7194497
2022-03-14,858.2003784179688,877.0043088432896,855.9881616689831,867.5302233568683,3861194
2022-03-15,857.6232299804688,873.3492642856077,847.716247528763,859.5949869526975,4039746
2022-03-16,855.2667846679688,865.6546284683972,846.8506980023037,865.6546284683972,3134307
2022-03-17,876.8119506835938,880.0822250569008,858.1523190589705,858.1523190589705,5484100
2022-03-21,878.927978515625,895.471611872507,876.5233823505538,877.6776002509802,3878744
2022-03-22,879.2164916992188,886.8150388332102,868.0591893134189,878.9279519093368,2174495
2022-03-23,866.424072265625,890.6624131775229,861.61487996985,882.967705504283,2578669
2022-03-24,874.1668090820312,879.7935989631418,851.707905854419,852.1888250559178,3141478
2022-03-25,867.9149169921875,880.034116896852,862.095806009524,877.0523824263411,1571676
2022-03-28,871.32958984375,876.1387827257533,864.981420015925,874.215105572952,1545077
2022-03-29,884.2662353515625,886.8151309565461,866.7126820544291,873.3974716265853,3177777
2022-03-30,885.468505859375,886.8151032512526,873.7341230414287,886.8151032512526,2084073
2022-03-31,879.8416748046875,891.6241951833236,876.0424013903848,885.4684059521024,1901705
2022-04-01,874.0226440429688,883.9295687084103,869.598151783419,879.1203762780054,1184766
2022-04-04,890.7105102539062,893.3555660667528,868.1553862177136,873.3493374780514,1876408
2022-04-05,893.6441040039062,904.8014655420253,888.8830505154874,892.5861051633602,2911697
2022-04-06,892.68212890625,902.9738107590215,889.7004535712571,892.3935891489849,1881754
2022-04-07,895.4235229492188,911.8228568937207,891.4799500534227,892.6822481242215,2728625
2022-04-08,889.3157958984375,901.5311557968179,884.2180639204878,901.2426160067375,1453271
2022-04-11,890.0852661132812,897.9242137376024,883.5447181220519,884.8913153451771,1102625
2022-04-12,886.1417236328125,892.7303520261605,876.6195585088321,884.8913454293756,1420380
2022-04-13,901.0021362304688,907.0136263307521,886.1417209613767,886.1417209613767,1825531
2022-04-18,892.1051025390625,905.1380009212182,884.169935858796,892.2012628952288,1287320
2022-04-19,886.8150634765625,901.9640192789007,880.1302744130686,895.4235294673373,2001066
2022-04-20,888.2578125,895.471600906876,881.0921042746444,882.9677010016243,1455897
2022-04-21,908.0717163085938,909.8992329650106,885.4685112613657,895.4716552752905,2410164
2022-04-22,889.5082397460938,906.2923334384685,883.3043696332606,905.0900353044296,1745381
2022-04-25,865.6546630859375,887.1517304035193,862.3843886541162,880.6112402458406,1146270
2022-04-26,883.0157470703125,889.4600762060219,869.5500092310215,870.4637674684507,3142879
2022-04-27,871.521728515625,886.5264423962659,869.1171325769924,875.3210018398557,1586283
2022-04-28,885.8532104492188,891.96086111054,874.5996888684439,884.8913720013911,3150038
2022-04-29,893.2113037109375,930.1458651177134,884.458538556731,888.7387314178467,4290688
2022-05-02,888.1615600585938,889.7004779434656,868.1071951429982,887.2478018805961,2119174
2022-05-04,866.5203857421875,885.7571570211263,860.8455147325137,884.9876392051951,3925917
2022-05-05,844.638427734375,884.1218829345308,839.3001775656019,870.463765698403,4462293
2022-05-06,849.5918579101562,851.9002935822408,828.6237922615602,829.1047114677481,2350532
2022-05-09,851.6117553710938,857.3827858559958,834.9238236620107,834.9238236620107,2522123
2022-05-10,828.96044921875,856.853764422478,814.1962524122645,851.2270329413515,6975331
2022-05-11,822.1795043945312,833.9139453552552,818.5245299853774,820.4482069066122,2768829
2022-05-12,817.5626831054688,823.1894145597518,803.3274857761186,820.3520380949185,2700591
2022-05-13,848.8224487304688,855.0743987777754,827.3253824348069,830.0185184063005,4870689
2022-05-16,851.8040771484375,860.6049221312408,841.656693607724,848.2934021559978,2739020
2022-05-17,857.7193603515625,861.4224145673622,845.1673814534623,846.5620588212412,2317400
2022-05-18,864.8370971679688,874.3111827617147,854.1125745791009,856.9980900337599,2878378
2022-05-19,850.8423461914062,865.6546831408695,844.8308553362613,851.2271050885216,2715634
2022-05-20,880.707275390625,882.6790321924499,855.1223410235391,858.9216141037101,2877917
2022-05-23,886.8631591796875,895.7601651240703,881.6211277199129,884.8914020359086,2195036
2022-05-24,875.1768188476562,895.3272871734728,872.3874638930675,892.5860711055861,2911410
2022-05-25,876.4271850585938,887.4402467717831,872.6279115366692,880.0821593343095,2405811
2022-05-26,865.6065063476562,887.2478710108546,859.4026367363475,883.7371372608857,4113170
2022-05-27,869.4058227539062,877.9661499747551,861.8072753039975,867.5302259827555,2374509
2022-05-30,854.401123046875,880.5631418422558,852.6698254977168,870.4638376485434,3541617
2022-05-31,827.7581787109375,849.1110048707818,818.7169321536443,834.1544281340447,24360628
2022-06-01,807.2230224609375,841.6087514486985,800.8267724675403,841.6087514486985,5999099
2022-06-02,826.7482299804688,829.9704240194338,801.019051379975,804.818325007969,3553217
2022-06-03,832.08642578125,841.6086499892266,822.227581595662,829.2490492974833,2618353
2022-06-06,826.9887084960938,840.5987463903853,825.2574109834745,831.9902803038525,2095566
2022-06-07,815.8794555664062,824.6803007622384,806.5976911512599,822.3718650271469,3031449
2022-06-08,814.9176635742188,821.410073404996,805.635898630056,812.8496873309194,3208941
2022-06-09,826.0750122070312,829.2009874832618,803.5680254417508,813.7154103664752,2297715
2022-06-10,813.4267578125,821.3619247216739,809.8679439423456,817.5626512482112,2124778
2022-06-13,797.844970703125,818.5244967671601,788.4670460926905,807.9442741297468,2191412
2022-06-14,793.5647583007812,803.7602805402271,790.4868636868739,794.4785165198102,2461692
2022-06-15,790.9197387695312,798.3739866917715,787.889982902132,793.7571739133824,2008725
2022-06-16,783.5135498046875,794.4785312240614,775.7707623008988,791.2082571288914,2327414
2022-06-17,763.1226806640625,779.3777159047784,759.7562459525225,774.472363093205,5719089
2022-06-20,774.5685424804688,782.4556300252349,764.1806982852479,770.4326486173487,2745302
2022-06-21,786.2548217773438,788.9960377696723,774.6165417663968,775.8188397816213,1342717
2022-06-22,778.4158325195312,789.6693539330948,772.59672173783,782.9364848983424,2032073
2022-06-23,793.4205322265625,794.9594502085879,777.6463587339907,778.6081971492462,1778752
2022-06-24,793.1319580078125,801.9808834401393,790.1502823116618,796.3060718400526,1404748
2022-06-27,803.76025390625,815.638934242135,796.4021669251034,796.4021669251034,2980249
2022-06-28,796.9794311523438,805.5398180745683,793.56491590349,805.0588987801955,2823691
2022-06-29,806.6939086914062,811.5031008754423,792.4105726812435,792.5548719291482,2975927
2022-06-30,798.9030151367188,815.7833273648703,792.2182846894934,804.0969663924518,3809670
2022-07-01,797.6045532226562,805.0107212011889,793.5167397150334,798.229771712089,2316527
2022-07-04,797.7488403320312,807.6076845238674,790.5350518989804,793.8052674317205,2097164
2022-07-05,803.9046630859375,814.4848873298935,795.1038754156817,797.7489314766707,2682730
2022-07-06,805.7321166992188,810.49322897705,799.5282466830122,807.9443334902018,2364840
2022-07-07,817.0336303710938,820.3519845506547,810.0122218803722,810.8778412059384,2327906
2022-07-08,824.9688720703125,826.7001695847952,817.3222444498891,820.9291387325453,2927832
2022-07-11,824.5360107421875,830.0665818261975,818.6206807960363,824.1031716987686,1768048
2022-07-12,819.1016845703125,827.1811518615795,816.6009278261406,820.4482820208457,1695338
2022-07-13,827.3253784179688,830.3070541744385,816.9374760404181,821.9871279771871,2663538
2022-07-14,846.3217163085938,849.2553119808799,831.2208401767074,834.298735105812,4934156
2022-07-15,844.87890625,851.1789362689719,839.540655961735,851.1308560883305,1413559
2022-07-18,849.1110229492188,861.4225441079324,845.0232092910468,854.6896745532961,2866600
2022-07-19,841.8971557617188,857.2865704538775,840.1658583500425,846.417808068732,1604458
2022-07-20,834.3948364257812,850.9384691312652,829.1528052511364,850.9384691312652,2885666
2022-07-21,836.4627685546875,844.397935169816,830.7398184668278,838.7230652596448,2321107
2022-07-22,841.1277465820312,842.7148035485329,833.4330387802516,837.7613119187528,1939758
2022-07-25,835.2124633789062,844.4942286684109,823.7185399193188,836.7995204345301,2419358
2022-07-26,834.5391235351562,843.9170480732932,829.1047130127245,836.0299613359249,1560211
2022-07-27,859.883544921875,862.7690601732907,833.0001494216606,834.3948268677032,2797789
2022-07-28,860.7011108398438,862.6247877338981,845.215535325091,861.807248536309,3183169
2022-07-29,907.2061157226562,915.6222028832136,845.4560701862872,862.7691637737197,11315800
2022-08-01,883.6409301757812,904.0799957213728,875.2729245406302,904.0799957213728,4219890
2022-08-02,882.246337890625,891.2395041158201,877.2447660981586,883.6410154153457,2043767
2022-08-03,862.76904296875,882.7752699050949,859.4506887546019,880.0821341320025,2863168
2022-08-04,883.4486083984375,884.8913660604926,861.4224846086784,866.6164356744607,3151481
2022-08-05,880.9960327148438,893.5480140668391,877.1005983236681,884.4105478304183,3317738
2022-08-08,875.6577758789062,884.6990223694409,873.734098918457,884.6990223694409,2677742
2022-08-10,884.6028442382812,891.6242532617175,878.3508942423792,878.3508942423792,3077870
2022-08-11,885.9013061523438,891.5280963942985,882.4387111618801,887.776902899662,1526395
2022-08-12,878.5913696289062,887.5845359174451,872.5317989576047,885.9013185806413,1384417
2022-08-16,879.6974487304688,884.362400573587,871.7142011021372,872.3874997781086,1635836
2022-08-17,885.6608276367188,890.6623992875166,880.0821764018118,883.9295301784317,1828327
2022-08-18,881.7654418945312,883.9295785122163,861.0378340307856,875.2730320414763,2989998
2022-08-19,869.7993774414062,888.5685669539549,866.5666634479343,883.9365965682714,1708425
2022-08-22,849.7274780273438,871.8259168007038,847.4115222524451,868.9791659431933,2860170
2022-08-23,857.3027954101562,860.7767587694752,842.0558057031238,843.551597189904,2314528
2022-08-24,850.1617431640625,868.4484348904075,847.3149922897322,860.7767024998226,3223687
2022-08-25,846.5911865234375,859.4739216202607,844.3717069591697,856.9166580339917,5016244
2022-08-26,849.341552734375,859.3292413000547,847.3632631171928,851.4162595274332,1542618
2022-08-29,848.4730224609375,850.161766037061,834.7218247696457,841.47679907414,2068888
2022-08-30,861.7900390625,864.1542920656483,851.1268404264677,852.0918368441847,3672052
2022-09-01,841.3319702148438,870.3301551016731,839.932772749329,861.7416647823253,2939235
2022-09-02,839.112548828125,847.266779614405,835.6868236287867,842.345321879998,1963435
2022-09-05,853.6357421875,855.1315336393898,834.1911011986618,838.5818227833219,2808538
2022-09-06,856.6754760742188,859.5222269746787,851.657483471515,855.9517288401374,2252661
2022-09-07,862.4653930664062,865.0226566724594,848.7141965895432,848.7141965895432,1698682
2022-09-08,862.9962768554688,869.2205154737397,855.9518148489672,866.8080244510538,1772605
2022-09-09,858.8466796875,870.3301588517896,855.6622037785106,863.1891628994031,1405210
2022-09-12,856.6272583007812,863.8164927757811,854.1182324907312,860.0047454730508,1571387
2022-09-13,858.991455078125,862.0311579956984,852.5742063098618,858.7019090775672,2216354
2022-09-14,852.8155517578125,866.2772630532779,849.245053368166,853.6357751222276,1889322
2022-09-15,843.6962280273438,857.0614617210498,840.6082281801414,852.0917073654977,1780723
2022-09-16,837.6650390625,859.329218103813,835.49379735477,847.9422733719024,5625488
2022-09-19,844.2269287109375,846.2534561342469,826.8087585297908,841.8627350651201,1920725
2022-09-20,880.0283813476562,882.7303591888278,846.1087380828063,846.8324853026934,4408042
2022-09-21,873.6111450195312,890.2090932810426,871.0539401449903,886.3973460883376,4153228
2022-09-22,876.216796875,879.3530354100702,863.9613298966759,868.4003490086169,2317690
2022-09-23,888.8580932617188,894.2621080322705,871.005661211787,871.005661211787,4802181
2022-09-26,869.1722412109375,893.9243627329454,867.5799736428387,885.8184285737533,3760536
2022-09-27,865.7464599609375,878.0018659348809,863.092720117986,873.562906484333,3096645
2022-09-28,885.7218627929688,893.586606485121,860.8249691220439,862.7067237556136,5559336
2022-09-29,898.1220703125,922.0539668293244,892.7180556805074,892.7180556805074,8519098
2022-09-30,915.4437255859375,917.6632052041433,897.4465217779016,901.2582687845472,4182345
2022-10-03,911.4389038085938,933.9715413438021,909.7501604717329,919.5931334148889,4444578
2022-10-04,911.4872436523438,922.8259501806663,910.0397492019196,922.2469759599766,1856830
2022-10-06,920.510009765625,928.3264563689182,914.3822478173165,921.2819950389983,3449485
2022-10-07,921.71630859375,927.8922500374613,913.079579281625,919.6415428337515,1762328
2022-10-10,912.9347534179688,920.847734992774,902.5128049798185,912.838277345802,1683827
2022-10-11,911.6802978515625,918.5800452847019,907.0965652082231,917.5185139649175,2426935
2022-10-12,922.102294921875,926.3965406661624,908.1098471722298,912.8865911147809,2875040
2022-10-13,934.50244140625,939.6651480568901,918.1939803605966,923.3566870112365,4498223
2022-10-14,942.1258544921875,945.5998764324298,930.2564120517646,941.8363673885086,3307000
2022-10-17,945.6963500976562,950.5213314757056,939.2308632713306,942.1258520981602,2647369
2022-10-18,944.1041259765625,950.5213750631189,938.7001701448212,949.3151296632926,2065146
2022-10-19,942.7049560546875,946.3719303978681,931.2697139900403,941.4504136831468,2424533
2022-10-20,946.0341796875,948.4466706428908,932.7172413934833,936.0464906916636,1669666
2022-10-21,943.4769287109375,957.1798884506073,941.5951740775447,946.6614048373779,1791608
2022-10-24,952.4512939453125,955.2980446481913,947.7227887846869,951.4862977001804,191840
2022-10-25,956.842041015625,962.4390076093543,951.0038253540738,957.2280630836194,2119595
2022-10-27,976.2386474609375,977.9273911883408,957.7589425415844,964.0314192433681,4379157
2022-10-28,955.3463745117188,968.3738250732422,952.9821217041463,966.9263305664062,3934980
2022-10-31,981.3047485351562,991.3407334868544,956.504332161184,960.123068240109,3546309
2022-11-01,1000.315185546875,1012.2811637589886,983.4760464812857,986.1780244618171,5264069
2022-11-02,1015.1279296875,1033.4628615372294,996.5035695922757,1002.4383210925919,5923662
2022-11-03,1007.6490478515625,1018.6500287780823,1003.1619094792383,1008.4210919787339,2386317
2022-11-04,1003.4996948242188,1009.7721708923223,995.345405257243,1008.710698501816,1576349
2022-11-07,992.3539428710938,1013.1978398395468,985.2612434731524,1008.4211551708563,2853521
2022-11-09,978.072021484375,1000.3634721148014,974.6462962821337,984.344497648567,2268760
2022-11-10,975.2734985351562,986.5156696803454,971.5099895431287,974.6462274035857,2419991
2022-11-11,978.072021484375,995.3454205050054,974.50152327271,980.1950251966111,2390487
2022-11-14,981.3047485351562,985.6472318298662,966.9262802887481,982.9934920386546,1764788
2022-11-15,980.4844970703125,986.2262369418374,969.2905633416077,986.2262369418374,1703050
2022-11-16,982.9935913085938,986.9982909678087,971.8478359409651,971.8478359409651,1485506
2022-11-17,977.87890625,994.4286151563304,975.0804525218197,987.4806305196037,1758031
2022-11-18,974.26025390625,982.2214734873636,970.7862907394261,979.712506633402,1130682
2022-11-21,968.0360717773438,977.3482508280974,958.7238338278896,967.8912987713873,1108922
2022-11-22,974.7427978515625,976.9623365943698,961.3776218500668,970.9311093556618,1723123
2022-11-23,982.0285034179688,983.4277009271177,974.1155220172003,979.6642507148728,1311376
2022-11-24,998.86767578125,1001.0872144551179,978.3132657699001,984.9235259574294,1994268
2022-11-25,997.661376953125,1001.617838127506,991.0028790854414,1001.617838127506,1948596
2022-11-28,998.530029296875,1005.0437550255572,991.9680066290152,996.8412855894388,1427648
2022-11-29,1013.1012573242188,1014.4039786608621,997.8060908070129,998.771087026362,1179559
2022-11-30,1009.4343872070312,1021.2555914191424,1002.9688415717659,1016.1410641104546,3060171
2022-12-01,1009.8204345703125,1020.8214170779127,1003.2102327969347,1018.0712009003656,1878374
2022-12-02,1003.59619140625,1013.1013817749918,998.5782575681806,1011.605708129704,2284133
2022-12-05,1003.0172119140625,1009.3378672157265,994.66997007551,1005.6709518293744,2294634
2022-12-06,997.3719482421875,1003.5961271038245,987.4324394797966,1003.0171528976671,1321211
2022-12-07,982.125,1000.8459520782718,979.8089852835558,1000.2669778485111,2954262
2022-12-08,946.4684448242188,982.3663222092487,940.871477557974,979.4713330475319,10021644
2022-12-09,958.0965576171875,962.1013158414037,945.6963786605572,946.4683639246217,4231753
2022-12-12,952.83740234375,960.1713509118371,945.8411789325834,960.0748748380604,1875104
2022-12-13,959.8336181640625,961.4740647975045,945.5033873994377,945.6963984441666,1863361
2022-12-14,965.237548828125,967.8912886524463,959.7370581397918,964.0313034534335,1570685
2022-12-15,967.119384765625,971.7513556144335,963.1628642645161,965.9613773287466,1304660
2022-12-16,958.8685913085938,969.9177517584233,953.0303166096189,963.211074632572,2618988
2022-12-19,953.3681030273438,958.3860955495176,939.6169058004817,953.0303189843063,1547342
2022-12-20,953.7540893554688,955.9736280105296,945.1174194100407,953.368126166672,1352408
2022-12-21,970.4003295898438,974.1638390058116,953.8024390853304,957.2764024702973,2043630
2022-12-22,975.2734985351562,997.8544346899264,971.7994766428159,984.2479520176478,5163443
2022-12-23,966.4920043945312,991.8713945671489,963.5005395109571,976.5762272161771,3612433
2022-12-26,965.0444946289062,976.3832006439071,954.0918106760226,974.6462191617741,2307374
2022-12-27,965.14111328125,980.1950326299924,958.2413658888333,965.2375893557961,1870105
2022-12-28,960.1713256835938,975.2252445167408,958.2413330691544,963.9348348412307,1686511
2022-12-29,965.5270385742188,969.5317967886075,954.4778191321402,963.5970459694435,2162872
2022-12-30,966.3473510742188,971.5582959313023,958.9651055699728,968.8563179796254,1629162
2023-01-02,962.101318359375,966.3473256708925,952.6443663277591,966.3473256708925,1616012
2023-01-03,973.77783203125,977.3483304482775,953.4164317943151,958.241413736594,1810117
2023-01-04,968.9527587890625,989.9897251941475,965.7200447518214,976.576253099019,2573870
2023-01-05,980.6293334960938,986.129824643856,972.9576004925336,973.777823856353,2246533
2023-01-06,973.3917236328125,986.0331508766205,968.9527055687764,979.4711881935851,1773153
2023-01-09,981.2564086914062,987.5288842872471,975.1287060918712,979.4711891966841,1567316
2023-01-10,976.4314575195312,988.1561858229054,974.6944760038791,980.4362156211639,1607654
2023-01-11,992.0162353515625,996.889513976872,973.0540337525308,976.5762939453125,3258157
2023-01-12,996.6964721679688,999.2054391578325,985.4060618148777,995.8279518798676,1641398
2023-01-13,995.4901123046875,998.77112312855,984.4409523127061,995.0559111092415,1491367
2023-01-16,999.2054443359375,1003.1137267539423,990.1827518346695,995.4902318704046,1437532
2023-01-17,996.5516357421875,999.736170663454,990.8582517881056,999.2053755774429,1245848
2023-01-18,1003.6927490234375,1005.043767565726,994.0910818003206,996.5517519834109,1238451
2023-01-19,1004.126953125,1007.4561432610692,999.7361728146242,1001.7626414973358,824263
2023-01-20,994.2839965820312,1010.8337080586548,981.2565454519197,1007.5045176665902,2963571
2023-01-23,1012.5706176757812,1017.9745731452914,986.7086709180901,998.7711241077978,2106604
2023-01-24,1004.2715454101562,1014.1627569249284,998.3369127392076,1013.2460576108093,2088556
2023-01-25,1003.6444702148438,1009.0484260499471,994.235756090345,994.235756090345,1753333
2023-01-27,1006.877197265625,1014.2111458358804,997.80620817726,1008.3728709031157,3448013
2023-01-30,1014.8865966796875,1034.6208423754185,1003.7891388460044,1005.477882429391,3320916
2023-01-31,998.2887573242188,1023.1857111024044,990.1345850140965,1018.0711831580965,5265462
2023-02-01,979.3748168945312,1007.4078901183276,969.9178055675844,1000.1704175101762,4717887
2023-02-02,972.3302001953125,980.1467051776568,958.2412784721197,974.5979767272895,2117181
2023-02-03,992.1609497070312,996.3103630362126,966.5885482647221,971.7512548077465,2332076
2023-02-06,987.5289916992188,990.0379586509728,977.3000539436638,984.2962774846084,1215157
2023-02-07,971.1722412109375,992.4986345931295,966.9262341879589,990.3273930492942,2360600
2023-02-08,984.8809204101562,988.672687078018,969.7139724205668,976.9085259680679,1815142
2023-02-09,978.85302734375,992.8533329282069,973.6029572552761,975.1585203909136,1474402
2023-02-10,978.6585693359375,986.1934432643206,969.0334111481094,978.8530295635657,1530150
2023-02-13,987.0684204101562,989.1101043151168,974.1862174350914,980.2627282723861,1355766
2023-02-14,978.804443359375,989.7907639570055,975.4015970204052,989.742163734635,1832842
2023-02-15,967.7694702148438,978.4641295590905,963.0540620812329,974.1862420850207,2251350
2023-02-16,967.5264282226562,981.9641948762976,963.6860613349048,971.172334886801,1678410
2023-02-17,957.1719970703125,968.8388979995595,954.7413927100527,964.658270368098,1847026
2023-02-20,957.0747680664062,964.1235205007752,947.8870719906645,962.6651579281471,2157871
2023-02-21,944.6300659179688,963.2971194919625,942.2481210897091,962.5193379557393,1771813
2023-02-22,941.6647338867188,950.8524302806218,939.1855292955835,944.5814591329784,2605147
2023-02-23,945.505126953125,950.1232753881146,937.2896720795368,945.9912478410187,2835983
2023-02-24,943.5606079101562,956.0538905227248,936.9493759516655,943.6578083477074,1823835
2023-02-27,938.2618408203125,945.5536535711168,933.4006323197763,943.5605699540818,1548675
2023-02-28,930.0464477539062,948.9079617128484,927.5186429037473,942.102269364498,3819644
2023-03-01,932.6714477539062,939.2340792064749,924.6018535396732,924.6018535396732,1862513
2023-03-02,938.5048828125,940.1577055384047,924.699039073948,933.3520137713222,1510195
2023-03-03,940.0606079101562,942.831473267688,931.5534922709788,940.2064085736988,2215832
2023-03-06,938.4563598632812,952.310804958388,937.0465974415584,943.0745082283167,1989152
2023-03-08,930.9215087890625,938.2133221738331,920.7129700503834,933.3521132506527,4734482
2023-03-09,926.2546997070312,932.7687311076193,920.8587700222556,930.9214481008662,2994556
2023-03-10,929.025634765625,930.9215181328806,919.8379379404096,920.2268583945394,2001392
2023-03-13,927.6158447265625,933.2548944392012,921.2476730307274,928.5880864920618,1412106
2023-03-14,930.6297607421875,936.997931965441,923.9212693217075,927.0324546086101,1879695
2023-03-15,924.9908447265625,938.1161086359251,922.9977016231388,925.5741660528295,2189113
2023-03-16,940.5466918945312,943.0744967060323,925.2824845641967,928.7339309056055,2228093
2023-03-17,931.115966796875,941.8106264024045,926.3033581062009,941.6647663986847,2218687
2023-03-20,934.5186767578125,935.9284390047835,921.0530944317441,923.6295585155503,1955757
2023-03-21,929.6575317382812,938.2132468883528,926.7894068355672,938.2132468883528,1687239
2023-03-22,945.0675659179688,947.3523695980324,930.0464192554869,930.4353396855607,1626129
2023-03-23,950.51220703125,955.6650766354345,945.019017196974,947.9357425586932,1857923
2023-03-24,945.8453979492188,951.8247086705999,941.1300490226156,950.4635464335756,1534322
2023-03-27,956.1512451171875,963.4430588844025,936.268887710395,952.7969989160822,2473222
2023-03-28,956.88037109375,960.3804177629993,949.1996373005994,959.6026362077138,1394675
2023-03-29,964.3666381835938,968.8389266021343,951.8246955780126,958.2901271035503,3045795
2023-03-31,955.8109130859375,967.5750747565629,954.1581494584916,967.5750747565629,1822710
2023-04-03,951.873291015625,960.5748667067105,949.1024257134193,953.7691743312581,1671570
2023-04-05,969.4708862304688,971.2695097343467,948.227368355947,957.658125213545,1544121
2023-04-06,984.005859375,985.8531424512698,965.8249859761063,969.4708925680118,1423990
2023-04-10,980.60302734375,988.72128174319,978.7072033614003,986.825398419912,1110974
2023-04-11,981.2349853515625,993.8741280907949,979.5821625097851,980.60300447823,1786844
2023-04-12,988.4782104492188,991.881056613312,977.3460304156423,987.3115084676298,3246327
2023-04-13,975.6445922851562,995.4296880834172,974.186229665896,993.9227252450336,1445693
2023-04-17,970.9778442382812,981.8669636688428,967.4291381266718,971.7070255482618,1768817
2023-04-18,976.9085083007812,978.3182707205641,960.8665192653633,971.2695179625774,1217390
2023-04-19,967.86669921875,981.3808837980556,965.4360947505965,975.6446335168414,2174563
2023-04-20,960.3317260742188,974.2833705425217,956.4427593272717,971.3666454823115,1638094
2023-04-21,961.984619140625,966.6999679296684,957.6095312304466,966.6999679296684,1216575
2023-04-24,951.9705200195312,955.2275061003987,932.6228857270305,947.9356930767315,3485350
2023-04-25,945.505126953125,955.6164651576842,940.157797186295,952.7969402715296,2377746
2023-04-26,944.2898559570312,949.6857861228854,936.4633212713393,948.7135443149501,2911028
2023-04-27,951.5330200195312,954.3524855119798,936.8035336557025,941.1300213451544,2777173
2023-04-28,960.2346801757812,964.9500293789424,951.970624508556,957.6096153309467,2009995
2023-05-02,946.039794921875,961.4498618070659,943.3661301886417,960.2345596555962,3152556
2023-05-03,936.8521118164062,945.4078865544693,932.8659444405243,943.5606035221771,3087472
2023-05-04,946.9635009765625,948.8107841090897,938.3591848939993,940.789789362625,1197830
2023-05-05,943.511962890625,950.1231945351948,940.9840988841353,946.9634090327753,1062645
2023-05-08,935.1506958007812,942.1022479924106,934.3243140564568,935.2965557984511,2676958
2023-05-09,930.8729248046875,940.011962135116,923.1435906138264,935.1994126899683,6902170
2023-05-10,927.32421875,933.3035295678377,925.1852749177125,930.4354043841519,2180917
2023-05-11,934.3729248046875,937.1438494051522,925.5741488086728,927.3241720957978,1296607
2023-05-12,929.4630737304688,936.3659661274528,925.5741068947764,934.3242822750842,2014927
2023-05-15,926.54638671875,929.2200515282742,921.733778193421,926.54638671875,1814239
2023-05-16,914.8308715820312,935.8312693025066,911.9627465982119,926.5463726099105,2625163
2023-05-17,909.9696655273438,919.0601020310642,903.0667135907403,915.1225348647715,2956985
2023-05-18,903.8446044921875,916.8240086621139,896.8444517307172,916.8240086621139,3014019
2023-05-19,900.1499633789062,908.4626774713313,898.6430005967388,906.12927363119,1309343
2023-05-22,911.4280395507812,916.5809089527626,897.2332744095395,900.1499996568036,1382485
2023-05-23,905.7403564453125,929.6575381989329,903.309752161871,911.4766062906046,3057684
2023-05-24,925.719970703125,928.2963756378358,906.7125977425943,909.5321224464626,2953574
2023-05-25,918.7684936523438,925.2825255284353,916.5323493984129,923.3380419439858,2331464
2023-05-26,942.9773559570312,949.5885884017645,910.9905766478579,917.747669100572,4137189
2023-05-29,941.5675659179688,946.2343146047306,920.1296464868643,943.0259285913899,5344765
2023-05-30,932.9631958007812,940.5953294392767,929.75480976935,938.213325191072,2624815
2023-05-31,948.2760009765625,952.1163678943368,934.0812946562276,938.2133222412277,5595631
2023-06-01,960.2831420898438,962.956806773563,947.9356605913915,952.6024088984258,3261906
2023-06-02,971.8528442382812,975.8390710780283,953.7691711515947,959.165101077386,3734815
2023-06-05,980.7489013671875,989.4504772177638,970.7834230633326,977.4432555592932,3629780
2023-06-06,985.6587524414062,987.7490961060347,976.130794404055,980.8948030931965,1632644
2023-06-07,986.4364624023438,989.2559872325471,981.9641740588428,986.8253828413124,1608613
2023-06-08,959.6026000976562,987.7976106375063,955.9566935623308,986.8253688947528,3395935
2023-06-09,956.6372680664062,963.1998997848249,953.7691430768381,956.6858682850241,2306206
2023-06-12,958.0956420898438,962.4221297350715,953.8177546638132,960.4776462397716,593319
2023-06-13,960.672119140625,968.352853259275,958.1929143664306,962.5194023360262,2413311
2023-06-14,959.3109130859375,967.3805074608936,956.9289090134517,964.0748618899838,2139387
2023-06-15,960.9638061523438,967.186117985526,958.3387414588613,961.0610065946867,2731724
2023-06-16,964.4638671875,967.0403316981128,959.7971184080045,962.5193835842994,3611214
2023-06-19,973.9917602539062,978.7557685015547,966.1652261392778,967.5263883074421,1327862
2023-06-20,964.4152221679688,979.7766300515214,962.1304184357803,979.6794296122484,1445688
2023-06-21,964.3666381835938,966.2624621678244,956.2969839965532,964.4152384040484,1396686
2023-06-22,962.8109741210938,968.5472240690533,959.6997887144195,959.6997887144195,5384143
2023-06-23,963.9291381835938,968.3042262550239,950.1718930670585,966.4083428892181,1218237
2023-06-26,967.3319702148438,975.936286225563,963.9291239871808,966.4083286562924,2066932
2023-06-27,973.9917602539062,975.498723078064,958.6303526775627,972.1931367768351,4647465
2023-06-28,993.4366455078125,997.0826115478611,967.3805774996266,967.3805774996266,5296330
2023-06-30,1022.4095458984375,1025.7151920547037,991.7353261938039,993.3881492719369,4765060
2023-07-03,1004.0340576171875,1024.4025945003948,1001.4090522345595,1023.770613595137,2338356
2023-07-04,1019.6871948242188,1024.645604012612,1001.3118020137223,1011.1314199518841,1549174
2023-07-05,1015.7009887695312,1028.3401325152472,1013.7079642341326,1025.71512705619,1840716
2023-07-06,1013.56201171875,1027.2705964862014,1011.1314073741007,1011.1314073741007,2551103
2023-07-07,1006.9507446289062,1022.0204919279075,1000.1937118611287,1004.8118602269516,1721224
2023-07-10,1015.9926147460938,1021.8260651656886,1002.4784308709953,1007.2424391167016,1221769
2023-07-11,1042.4862060546875,1044.9168104054795,1019.930245152079,1022.7983108132723,4369937
2023-07-12,1048.8056640625,1053.6668722389195,1040.2985497537659,1045.1597579301854,5088473
2023-07-13,1045.7918701171875,1051.8683811011322,1041.9514439662214,1051.8683811011322,1541690
2023-07-14,1043.166748046875,1050.021099921885,1035.4374735340812,1049.9724403611835,2641580
2023-07-17,1047.687744140625,1051.0420495731785,1040.7848510693443,1043.8959773690633,1254025
2023-07-18,1037.5279541015625,1048.951796281004,1034.8056293435004,1048.5142162224558,2238739
2023-07-19,1051.8197021484375,1055.854529103759,1034.3193508373256,1037.5277960504372,2311282
2023-07-20,1067.1810302734375,1073.8408615862925,1052.2571452498687,1055.903051298713,5218991
2023-07-21,1066.6951904296875,1073.549424397787,1060.0838982469966,1072.771702111621,1879610
2023-07-24,1069.8548583984375,1076.611891170062,1062.1741247440089,1063.6324873866781,2130036
2023-07-25,1064.653564453125,1079.1885337182925,1060.5215362834829,1079.1885337182925,1702900
2023-07-26,1081.1328125,1083.4662164072338,1063.7296616559406,1066.5978459917385,1321572
2023-07-27,1103.4456787109375,1123.2794332849187,1085.313465807326,1096.688646314981,6366612
2023-07-28,1110.861083984375,1116.08095085347,1094.3720596684998,1102.4701363798963,2677679
2023-07-31,1115.5931396484375,1117.1542046730701,1099.5919551672926,1112.2758020325764,1718336
2023-08-01,1115.6417236328125,1124.6180549177482,1108.3729521768753,1115.593011072998,1448567
2023-08-02,1107.64111328125,1116.4710680570563,1099.0550785920504,1116.129484654523,1731918
2023-08-03,1113.2513427734375,1141.2533227731062,1095.0548793889393,1102.7627784133897,8460399
2023-08-04,1111.2510986328125,1117.1540124527908,1093.7865154661458,1101.5431266892583,3527805
2023-08-07,1132.56982421875,1138.375074795405,1105.933702404621,1111.2511127949485,3353219
2023-08-08,1120.71533203125,1136.2773870032058,1112.2268409634087,1133.9357301878838,3073468
2023-08-09,1124.764404296875,1131.1063268491525,1112.5683993886491,1123.1545078286672,1306791
2023-08-10,1122.3251953125,1129.7403424235056,1115.7880652673375,1122.6178279672445,1443067
2023-08-11,1104.8118896484375,1123.0083564291497,1103.006904381541,1122.0815075114997,1756630
2023-08-14,1106.6654052734375,1114.2269277692446,1093.2498008453929,1103.4944442268088,1824622
2023-08-16,1115.8370361328125,1117.6420212512173,1094.5671534303763,1107.3485442572717,1224080
2023-08-17,1116.9588623046875,1121.0078402945953,1109.8363484279823,1115.8368061321107,1964341
2023-08-18,1107.2998046875,1121.349627472039,1101.5432660137822,1113.2514318172944,1473774
2023-08-21,1109.739013671875,1116.0809368598784,1099.738288644639,1102.4701225569593,941384
2023-08-22,1109.8853759765625,1119.1055088578905,1102.518940723118,1107.3973431156983,1438879
2023-08-23,1096.3720703125,1102.9579133277032,1083.590680281096,1100.567543873943,3050418
2023-08-24,1091.103515625,1105.543515098633,1086.127449954077,1096.2745506473664,1575291
2023-08-25,1079.3953857421875,1095.9819542568093,1073.4924710713344,1090.8107999616013,1515282
2023-08-28,1089.8349609375,1096.811099324252,1078.2731725043661,1083.0540300835,1959645
2023-08-29,1084.56640625,1097.6893802698485,1079.5416279182846,1097.6893802698485,1749707
2023-08-30,1087.7861328125,1091.9327746307947,1083.4931151097073,1090.3228781045457,1543173
2023-08-31,1084.56640625,1091.6400897854533,1074.9071456019533,1091.6400897854533,4782404
2023-09-01,1082.029541015625,1090.3228242425257,1078.85857978181,1084.9565821545311,2715249
2023-09-04,1081.93212890625,1086.9080756296516,1075.199909644413,1086.9080756296516,1205294
2023-09-05,1104.3726806640625,1108.37294652751,1080.273303059407,1083.0052558499438,1698118
2023-09-06,1114.568603515625,1121.0569027084575,1101.5921242315844,1109.3487366227296,2960249
2023-09-07,1105.4947509765625,1113.6903712488845,1101.152901633025,1112.275682276109,1863837
2023-09-08,1102.957763671875,1110.373029341917,1101.0552346996096,1105.4457961140076,1789037
2023-09-11,1109.2510986328125,1112.2756841289809,1098.323406415489,1102.9578884326932,2032253
2023-09-12,1117.39794921875,1125.740064063777,1109.4461303439575,1114.2758196600919,3989578
2023-09-13,1120.8128662109375,1128.5694777967362,1114.5197752339018,1121.0567863123981,2115524
2023-09-14,1115.9832763671875,1122.9105833074516,1111.056042763028,1120.8128466511776,2065163
2023-09-15,1121.83740234375,1125.7401240508402,1116.1784082278232,1116.1784082278232,2404169
2023-09-18,1119.73974609375,1128.8623349194904,1114.7637993798573,1121.0568909442477,962842
2023-09-20,1125.1058349609375,1127.8865001765184,1111.299933997452,1120.0810572687226,2303191
2023-09-21,1118.276123046875,1128.8133999885135,1113.3977210086316,1121.0567883883514,2088934
2023-09-22,1104.8118896484375,1120.081314666085,1100.8604547292807,1114.7150714337997,1585418
2023-09-25,1096.7135009765625,1109.153424939049,1094.3718444103627,1098.8111183634662,1009279
2023-09-26,1098.4697265625,1102.5188239397687,1091.2984996253374,1097.640422063929,1966198
2023-09-27,1112.2269287109375,1118.0322990966813,1095.8842804773403,1098.76260938841,2332018
2023-09-28,1104.762939453125,1123.9837952556554,1101.39677068866,1115.153840195686,2685663
2023-09-29,1130.4720458984375,1139.0092488442654,1106.71425352094,1106.71425352094,2288577
2023-10-03,1113.6904296875,1133.6918794095438,1111.5439802848068,1131.3503415526498,1946966
2023-10-04,1096.4698486328125,1111.300145337312,1085.9324510627112,1110.4220090228653,1803871
2023-10-05,1091.8839111328125,1101.2017065875955,1084.7615156782597,1097.2989849900507,2348562
2023-10-06,1099.8846435546875,1104.6166700228255,1095.7867141119548,1100.567572244333,1056281
2023-10-09,1095.7379150390625,1106.2264792833375,1082.0295578512496,1083.9809186408822,1080276
2023-10-10,1099.1041259765625,1102.9093038948097,1092.5671140130921,1094.7135635558839,1092093
2023-10-11,1101.2991943359375,1106.8605246866264,1095.054816279736,1100.5674340739204,1456045
2023-10-12,1102.9091796875,1105.0069164281294,1093.9328482884755,1101.5432032679078,1221965
2023-10-13,1117.44677734375,1119.3004747686855,1094.7133770425967,1098.7136427462274,1934884
2023-10-16,1107.6900634765625,1119.3493972234246,1105.494782462178,1113.7392346311085,1144308
2023-10-17,1109.153564453125,1116.17841593374,1106.4216115986549,1110.9585494347925,798807
2023-10-18,1125.3499755859375,1133.5457160655587,1106.470580673244,1109.3487906688922,2178517
2023-10-19,1113.7391357421875,1122.0324188379461,1107.3972133748425,1119.4956737113296,1765065
2023-10-20,1114.422119140625,1117.1540719353477,1105.543451210195,1110.3243090501535,957910
2023-10-23,1095.1524658203125,1121.251917675701,1090.8107354887545,1107.39730302302,702730
2023-10-25,1093.0548095703125,1102.2261101313316,1085.7372065046402,1097.640459850822,1800673
2023-10-26,1076.8583984375,1090.7618439902894,1070.8092276621937,1088.8104832109505,2223975
2023-10-27,1084.273681640625,1092.5669650825398,1080.712424342304,1084.9566102834322,1250965
2023-10-30,1088.0787353515625,1092.713217255448,1077.0047866226007,1088.5665755519715,1078813
2023-10-31,1062.1256103515625,1092.371701348557,1042.3680831680417,1092.2253254750246,6475786
2023-11-01,1089.0543212890625,1105.0067897400268,1056.271486485446,1065.442905277939,3973264
2023-11-02,1105.299560546875,1109.885330067187,1083.5906707978613,1100.4211583560855,3454692
2023-11-03,1113.348876953125,1117.8369829580222,1103.9823689642938,1110.8121317418015,1741756
2023-11-06,1122.032470703125,1123.0081511124322,1112.2756666100543,1112.3732108306626,1428537
2023-11-07,1142.4730224609375,1145.0098870169816,1118.666513779232,1121.0568833397863,1811831
2023-11-08,1148.0831298828125,1154.1324200916754,1142.5217989971707,1146.4245207700046,1702301
2023-11-09,1147.5953369140625,1154.473931962559,1138.4727482147587,1152.278650874948,1849169
2023-11-10,1150.668701171875,1152.7664379346947,1141.6436571169484,1145.4976663094812,957539
2023-11-13,1149.1566162109375,1158.669501712347,1145.205062285084,1151.400610047727,816825
2023-11-15,1152.1810302734375,1155.595911738918,1142.5217703078986,1150.8150538669227,2246320
2023-11-16,1160.62060546875,1165.8404715096206,1150.9125145463186,1153.2541712015666,2205723
2023-11-17,1165.547607421875,1169.25524002712,1159.0593099134928,1160.8644136643793,891965
2023-11-20,1159.1083984375,1169.1091232556687,1156.4252771448207,1166.913842198022,1054810
2023-11-21,1172.1826171875,1175.6950432890337,1157.4010332793496,1160.0841547474367,999135
2023-11-22,1174.8167724609375,1185.2566244386483,1169.8408261284205,1175.6949086611733,1401782
2023-11-23,1169.6456298828125,1180.4756577499195,1165.6940768967586,1174.2801114607657,1177434
2023-11-24,1166.3770751953125,1180.1829765413602,1163.7916174417473,1170.81646861278,1376695
2023-11-28,1162.3768310546875,1171.1579547327628,1160.81576622113,1168.0358250656477,886708
2023-11-29,1172.9630126953125,1180.0855277627218,1155.6935160272376,1162.962287883764,1813462
2023-11-30,1196.037841796875,1201.2089957619257,1163.3525471048847,1163.3525471048847,4672807
2023-12-01,1201.306640625,1211.6488303199033,1195.2086373730965,1203.0629132021986,1749751
2023-12-04,1201.208984375,1209.84373235414,1190.8179639824418,1207.160611173516,1615837
2023-12-05,1209.4046630859375,1213.3560971653324,1190.8667358595565,1196.0866020740316,930042
2023-12-06,1210.1854248046875,1227.4062114485982,1203.3069479423689,1218.1860772941902,1704590
2023-12-07,1209.160888671875,1211.6976341460563,1199.0137876735266,1201.0626928987645,1478355
2023-12-08,1205.7459716796875,1217.2589297572015,1200.7211934421432,1205.9898917970283,1612113
2023-12-11,1211.2095947265625,1216.0391647562817,1185.5491542110747,1205.94089708403,1172972
2023-12-12,1188.378662109375,1219.6004331992765,1183.158796075603,1218.624752852717,2832873
2023-12-13,1203.111572265625,1209.4534953655834,1183.1589541533274,1188.6715726682307,2448178
2023-12-14,1201.35546875,1209.7462973795573,1194.4768734614809,1208.8681610935469,2341190
2023-12-15,1205.697021484375,1216.1855854989064,1203.0139004574019,1210.8193434449602,3474624
2023-12-18,1222.2835693359375,1237.0651505902556,1203.989562610694,1205.6970032383833,2135393
2023-12-19,1214.67333984375,1237.113990401717,1206.428887605492,1234.0406922370296,2187458
2023-12-20,1202.1846923828125,1224.4789668838403,1198.574603250551,1224.4789668838403,1837031
2023-12-21,1203.5018310546875,1207.843561402037,1179.158651549153,1194.3304110350014,1916222
2023-12-22,1213.405029296875,1220.5762568658108,1205.9898816126583,1209.8437717934496,2058127
2023-12-26,1217.161376953125,1219.6005781093438,1209.1608448013753,1213.405030992872,1796483
2023-12-27,1221.9908447265625,1224.8691733095552,1211.0632721073052,1219.6004754353528,2005268
2023-12-28,1231.4549560546875,1233.8941568870655,1219.1614076798228,1224.4299861964769,2043365
2023-12-29,1228.8206787109375,1241.0166841731589,1222.088578977084,1231.4062556892516,1840160
2024-01-01,1229.60107421875,1233.2110436180712,1222.0395520404559,1230.3328344295528,733452
2024-01-02,1264.6768798828125,1267.4088326284295,1226.5766319333552,1230.3329776323708,3174447
2024-01-03,1267.0186767578125,1272.9215914387344,1259.7499046546554,1264.6770197314293,1699057
2024-01-04,1281.01953125,1296.1914090835303,1265.5063081990133,1272.2872393262503,2851729
2024-01-05,1268.57958984375,1285.9467483498163,1255.7006563931816,1285.9467483498163,2960339
2024-01-08,1273.5557861328125,1278.0926051118295,1267.7017032162776,1273.653330361097,1678133
2024-01-09,1291.8009033203125,1301.0210358430927,1275.0679599441407,1282.970947692469,1712486
2024-01-10,1292.630126953125,1301.0697860560751,1281.2147141536816,1297.7037363874624,1278475
2024-01-11,1284.2393798828125,1299.5088025978487,1278.3364655767978,1295.7036250593542,1320281
2024-01-12,1293.703369140625,1297.6549223719508,1273.7995844095917,1286.9224380515811,1538242
2024-01-15,1297.0206298828125,1307.4116492738544,1289.4591072844003,1296.8742540122,1475983
2024-01-16,1281.50732421875,1299.1672340576165,1275.7509053624813,1297.7037135141707,824502
2024-01-17,1267.4088134765625,1288.3371099845504,1262.8718758897542,1280.092658415127,2544642
2024-01-18,1303.26513671875,1310.7291158420103,1258.62775696589,1267.3600491894647,2842572
2024-01-19,1303.1187744140625,1311.7048099436447,1296.825683204296,1307.4117921788536,1605745
2024-01-23,1344.7803955078125,1360.683915188274,1283.9954565720022,1283.9954565720022,4129729
2024-01-24,1348.4879150390625,1356.195814351021,1327.2668654260158,1346.4390099312295,1719845
2024-01-25,1335.0235595703125,1356.2933211577015,1315.705039711435,1349.9026859000116,1870910
2024-01-29,1366.78173828125,1386.295344478938,1322.2419083147067,1331.803622992214,3413149
2024-01-30,1338.389404296875,1374.928582601867,1335.8526594267096,1367.8061881241565,1935332
2024-01-31,1383.9537353515625,1403.9064698335626,1333.6574851140176,1338.3406793010247,5796356
2024-02-01,1373.709228515625,1395.6620384261446,1364.8793919903635,1392.2959885471782,2442481
2024-02-02,1382.1976318359375,1398.9792867032309,1370.9773074847008,1374.7336531210974,1775449
2024-02-05,1428.2010498046875,1430.3474990931038,1388.9786253672232,1392.1008741795545,3481964
2024-02-06,1439.2261962890625,1442.0556933914122,1411.3705911287032,1414.7366410132258,1893995
2024-02-07,1459.81298828125,1463.9596300421563,1444.3973091957896,1446.9340544527274,2259235
2024-02-08,1463.13037109375,1470.8382704274243,1449.2269247563763,1464.5451791995756,2213750
2024-02-09,1506.0107421875,1510.13191196876,1464.2588340710736,1472.7466039911415,6343881
2024-02-12,1505.667236328125,1525.9299142772393,1492.5676752572829,1510.9659688344648,4059288
2024-02-13,1513.2718505859375,1521.906830871901,1496.836041806373,1508.6600596167298,4687838
2024-02-14,1491.8807373046875,1516.8043143514665,1479.7624195021447,1516.8043143514665,2105672
2024-02-15,1481.57763671875,1500.3684489948828,1477.3092570616939,1500.3684489948828,2161691
2024-02-16,1481.626708984375,1493.4507261807462,1476.622397392836,1486.5820303310318,3480879
2024-02-19,1501.398681640625,1503.9989974533648,1479.1245313847187,1486.43473793737,777823
2024-02-20,1509.8375244140625,1513.0756720134739,1483.883712712306,1503.2632487189637,2230669
2024-02-21,1514.4493408203125,1520.4348947007138,1504.2443972740848,1511.1622031776828,1993748
2024-02-22,1528.824462890625,1531.7190794783833,1506.2067821904666,1520.5328944037267,1981678
2024-02-23,1531.9644775390625,1539.029373894757,1521.3180229803293,1528.7754401959069,1340283
2024-02-26,1527.7452392578125,1537.5086725747133,1519.6499898155357,1532.700561071067,974892
2024-02-27,1553.061279296875,1555.7105856440753,1519.9934610822268,1527.548979020951,2140963
2024-02-28,1544.3280029296875,1557.6728728107598,1533.3381382701082,1556.7407406387615,578316
2024-02-29,1548.3511962890625,1558.0165284995628,1527.303597451945,1545.4565794968285,2350244
2024-03-01,1530.001953125,1552.2271136777301,1519.0120880181387,1550.3627294773128,4069161
2024-03-04,1522.9859619140625,1539.6670789553568,1519.8460348537994,1521.4651084050918,2298105
2024-03-05,1544.6715087890625,1546.8303136168267,1506.5993811909898,1524.6542626260118,1408172
2024-03-06,1573.9124755859375,1576.6108916132823,1537.0177931318017,1545.456452024845,1761032
2024-03-07,1575.58056640625,1589.563267878529,1570.3800545690967,1580.5358874718013,2440999
2024-03-11,1563.7076416015625,1596.4811570421266,1556.6427452416842,1584.8534602170753,2994345
2024-03-12,1554.5821533203125,1573.716377302802,1550.5099740038268,1562.3338713144203,1294598
2024-03-13,1529.3642578125,1562.3339758475508,1515.0381438795944,1551.5403103147298,2881503
2024-03-14,1540.74658203125,1544.76977120862,1517.2458773086817,1537.8519652139248,3062556
2024-03-15,1519.1590576171875,1543.9845320698323,1512.29036252695,1539.3236318300283,3421374
2024-03-18,1541.7769775390625,1546.683189082544,1514.4983934450831,1519.2084044390476,2281873
2024-03-19,1519.404541015625,1550.1174718969055,1511.505612631529,1544.4753288594582,3692624
2024-03-20,1520.287841796875,1530.6889869613497,1491.979023382333,1530.6889869613497,3412218
2024-03-21,1535.84033203125,1541.3843747368362,1513.615290744956,1535.4479309530714,2567975
2024-03-22,1578.7205810546875,1590.5935875795867,1536.7233674741144,1539.470893514167,4941447
2024-03-26,1568.1231689453125,1584.4117658528314,1563.2169578418102,1565.1304520405029,3649049
2024-03-27,1574.0596923828125,1595.6470206908807,1562.2356760109494,1571.9499977056885,2530169
2024-03-28,1590.152099609375,1603.3497593243999,1577.788352030053,1579.7508364355906,4427587
2024-04-01,1598.68896484375,1603.1045550489346,1588.140610464698,1600.994860217014,1148498
2024-04-02,1591.8201904296875,1602.3685442882907,1579.701872976145,1598.688885965522,1921533
2024-04-03,1589.4652099609375,1598.3944903408133,1564.2963226841675,1578.8187556702956,2098379
2024-04-04,1588.974609375,1597.4623787711405,1557.3786569208612,1590.4955827706929,2439461
2024-04-05,1578.81884765625,1608.1089061131531,1575.973221053649,1580.7813322400366,1548980
2024-04-08,1569.6932373046875,1588.5331610678522,1567.0439310441975,1580.7813230508468,1170390
2024-04-09,1572.48974609375,1578.6715001269836,1562.0884828793908,1570.968772761308,1389391
2024-04-10,1573.9617919921875,1578.3282724058622,1554.0425249753089,1572.980549671761,1928878
2024-04-12,1511.113037109375,1565.0813598632812,1505.2255837180398,1565.0813598632812,8258068
2024-04-15,1511.162109375,1515.1360684465296,1475.592079357776,1489.1331499511796,2474028
2024-04-16,1508.7091064453125,1514.3512495213524,1496.5416782904379,1506.2068907341527,2058697
2024-04-18,1487.955810546875,1516.559046834244,1478.1923780371712,1516.559046834244,3266796
2024-04-19,1494.2357177734375,1499.6325500457233,1475.4938953306996,1476.7695581436399,2536516
2024-04-22,1511.2113037109375,1518.9631421521929,1493.4017312857932,1499.7798064950885,1680307
2024-04-23,1456.80126953125,1533.1418415222486,1449.9815643104523,1532.7003304404209,9160422
2024-04-24,1457.880615234375,1474.8070433769246,1451.6006411268277,1456.8012727582052,4652803
2024-04-25,1491.63525390625,1498.6511591202218,1460.7261266862852,1462.050779611034,3846327
2024-04-26,1478.2906494140625,1503.2632182807206,1471.912574401775,1502.2819759711379,1794350
2024-04-29,1493.0582275390625,1499.1420015362514,1481.7249510866986,1487.563294733624,1091667
2024-04-30,1473.9239501953125,1500.466600797629,1468.9196387089266,1498.3569060177226,1991646
2024-05-02,1490.5069580078125,1501.3006226148473,1473.8258399787585,1474.8070822157617,2494925
2024-05-03,1482.80419921875,1508.169286555722,1473.335187874702,1498.3568643920544,3183226
2024-05-06,1500.4666748046875,1505.2256759648935,1480.4493080912862,1489.5257992925087,1240626
2024-05-07,1486.9254150390625,1514.20399741795,1481.7738932422997,1507.1389813712035,1532550
2024-05-08,1493.2054443359375,1497.1795234947892,1474.071219815122,1481.6758475092922,1026357
2024-05-09,1466.61376953125,1501.2515494802706,1461.8547685209535,1492.6656796955167,1477007
2024-05-10,1478.2906494140625,1497.8172755503142,1463.0322835878292,1466.6138419739173,1528487
2024-05-13,1496.443603515625,1501.300704942925,1473.8259208001787,1484.6195859991146,1628326
2024-05-14,1516.2645263671875,1518.9138324243547,1487.6123017216169,1496.3943715968037,2206236
2024-05-15,1498.7493896484375,1521.1707504023389,1491.8315840904615,1516.2645393060566,1207536
2024-05-16,1507.4825439453125,1512.2415449880702,1480.0077604466946,1500.3194274780956,2684392
2024-05-17,1502.6744384765625,1508.4637918343121,1491.6354629225889,1507.1881289691883,1341676
2024-05-21,1512.0452880859375,1529.069937970908,1495.413278861219,1501.3007327150033,1791791
2024-05-22,1510.42626953125,1534.662905614346,1477.1621327232688,1517.9817870750596,3948239
2024-05-23,1467.0552978515625,1481.6758316698454,1439.4824139467967,1481.6758316698454,11618479
2024-05-24,1458.8128662109375,1477.456469741132,1449.3929641728446,1475.7884057585463,5307322
2024-05-27,1438.55029296875,1472.844662753556,1433.1534604270148,1458.8128502328236,3474806
2024-05-28,1437.421875,1451.3554678037474,1428.639684511391,1441.3958344626303,2616438
2024-05-29,1451.208251953125,1466.9572387833891,1438.1578012289365,1440.561796952179,2843365
2024-05-30,1431.7305908203125,1449.6873725070577,1422.3106888619184,1448.3136093550822,3133423
2024-05-31,1432.41748046875,1451.6498045590222,1412.9888360606965,1437.5198922423058,5503924
2024-06-03,1425.7940673828125,1469.9008576215206,1423.7824729030883,1468.4289942794428,1855318
2024-06-04,1403.029296875,1448.6080741688013,1351.3668651546072,1434.183740303603,5055952
2024-06-05,1459.4017333984375,1462.0510397192636,1405.1389858241514,1422.506926773024,2487724
2024-06-06,1445.075439453125,1465.975947663357,1427.7566092559734,1465.975947663357,3004955
2024-06-07,1478.5849609375,1481.7739984667194,1444.5359004608263,1452.1405284151185,3404664
2024-06-10,1484.7176513671875,1493.156310913675,1476.8677132252362,1490.5070047029867,1433942
2024-06-11,1471.6180419921875,1496.394408426795,1469.2630366719968,1495.413166191761,1441589
2024-06-12,1478.5849609375,1486.140598644292,1467.7912954539881,1471.8634750243334,994784
2024-06-13,1482.4608154296875,1486.1894640515413,1469.9008669189625,1486.1894640515413,1412477
2024-06-14,1487.563232421875,1489.5257168973656,1477.3092989496554,1485.4535376546135,937490
2024-06-18,1492.42041015625,1494.284794459729,1481.8720555592968,1494.0394838877069,1478241
2024-06-19,1475.788330078125,1501.1534180452334,1471.8633611151513,1496.3453071094812,1537367
2024-06-20,1443.4073486328125,1460.0393568452203,1439.4823796358505,1460.0393568452203,4168375
2024-06-21,1439.7276611328125,1460.0884373935082,1433.496796932034,1452.3365998248933,4426556
2024-06-24,1466.466552734375,1474.7090116473055,1447.3814387525272,1447.3814387525272,3726155
2024-06-25,1476.9659423828125,1479.7134688844776,1464.3080118487667,1469.9501553806538,1833311
2024-06-26,1492.6168212890625,1500.2214494843952,1467.2026205253226,1473.8260063728703,2563493
2024-06-27,1487.80859375,1499.3873004627148,1476.769618198681,1496.3944636232482,3881458
2024-06-28,1492.3221435546875,1510.082603033465,1487.170622116392,1491.4881116588808,2634599
2024-07-01,1491.58642578125,1501.3007486995348,1475.6412380908139,1492.3223575208087,1451094
2024-07-02,1495.462158203125,1506.108611656982,1479.9584842008237,1485.600626607026,1336816
2024-07-03,1505.176513671875,1507.433418777382,1470.1953230003573,1490.8504006618987,1061099
2024-07-04,1528.67724609375,1541.531494947195,1497.3755959830805,1506.2067757759035,2630823
2024-07-05,1538.98046875,1545.2113334858304,1527.7942824178047,1532.7004939862627,2481046
2024-07-08,1527.2054443359375,1545.2603254849207,1521.8576022664593,1541.1390362138713,1120204
2024-07-09,1555.6614990234375,1560.0770891822638,1520.7292986119448,1535.4479324746987,1492840
2024-07-10,1568.5648193359375,1571.116025185403,1538.1953003589401,1562.9226764966854,1899956
2024-07-11,1552.0799560546875,1572.440733097921,1542.8072645423988,1570.9688696972053,1707500
2024-07-12,1552.621337890625,1562.514021746186,1525.7484303753463,1557.2477528089019,1426598
2024-07-15,1561.382080078125,1569.7490880778787,1552.6214266537504,1555.2298683136,832804
2024-07-16,1554.590087890625,1570.0443953164204,1550.3080525023652,1564.1382721992427,688481
2024-07-18,1569.3062744140625,1571.619482149193,1545.6817797702254,1550.3574610018181,1665636
2024-07-19,1544.106689453125,1564.8765316374668,1540.6614509812073,1559.9054966352612,1649335
2024-07-22,1562.51416015625,1564.6305451018031,1530.7196008546932,1530.7196008546932,826636
2024-07-23,1576.541015625,1580.5276965629084,1549.668229090707,1562.1694742356256,1502677
2024-07-24,1594.11181640625,1599.5257626562652,1567.0913509135091,1576.9348895499006,2923358
2024-07-25,1639.7366943359375,1654.9941790383104,1577.1316932353147,1589.583793492231,5329712
2024-07-26,1687.4285888671875,1696.8292162072228,1638.9491617114581,1644.313842134589,4591049
2024-07-29,1696.287841796875,1701.7017881946017,1666.2650481367532,1688.4130106729085,3187339
2024-07-30,1674.9765625,1698.453378846854,1670.4485586183212,1689.2496939672749,1525840
2024-07-31,1692.4488525390625,1703.8673337375808,1668.6766818415629,1675.468747778047,1594881
2024-08-01,1688.36376953125,1719.124829057752,1654.9942682852115,1698.5026628153407,5258291
2024-08-02,1704.5562744140625,1714.547489472833,1657.504114913849,1673.4014527470208,2992406
2024-08-05,1693.43310546875,1730.494051595578,1688.1668364541615,1698.010374859142,5165558
2024-08-06,1680.83349609375,1706.869607849445,1677.2897260391114,1698.0104230336174,1710278
2024-08-07,1707.3125,1709.6749732899702,1682.6545079669627,1693.0886348239173,1922313
2024-08-08,1709.8719482421875,1721.2904291708571,1701.3079974253963,1707.8539747323841,2480113
2024-08-09,1708.1492919921875,1722.4224228842272,1702.9814342554146,1722.4224228842272,751683
2024-08-12,1706.721923828125,1721.1427319742554,1702.9814512394812,1707.8539548043084,1526788
2024-08-13,1712.874267578125,1724.440426377286,1698.6011354429904,1712.7758562161682,2076963
2024-08-14,1714.39990234375,1725.572294479582,1705.4914519606925,1720.1583483189215,2207250
2024-08-16,1715.4827880859375,1723.7513850171242,1701.6034218945115,1722.2255883822993,2180718
2024-08-19,1720.4537353515625,1725.4246502794774,1713.4155811763885,1725.4246502794774,1363446
2024-08-20,1738.7135009765625,1743.0939479624208,1717.845246195765,1724.3912237145853,1766597
2024-08-21,1737.0401611328125,1744.2258726201987,1729.8051838854922,1742.306430549004,1184193
2024-08-22,1723.2591552734375,1741.814202000164,1721.0443590290179,1741.814202000164,1369554
2024-08-23,1747.9664306640625,1753.5771998066004,1724.4896142786613,1726.3106449540192,3515492
2024-08-26,1744.7178955078125,1752.1498149781921,1736.8923306342808,1752.1498149781921,933372
2024-08-27,1761.40283203125,1764.5527163386162,1739.5009585105272,1750.1811739256343,1231023
2024-08-28,1783.5015869140625,1794.4771569141008,1758.4005625030316,1768.7855441960642,1768949
2024-08-29,1771.04931640625,1798.266723123745,1762.2393979230408,1781.581974207141,3205924
2024-08-30,1793.148193359375,1799.5464933075689,1763.2730784025766,1770.0158781620587,3036374
2024-09-02,1787.537353515625,1808.2580504430482,1776.9555494643116,1801.3183076289636,1617946
2024-09-03,1783.1571044921875,1810.7682796780687,1776.857215448379,1791.5241127108923,2148689
2024-09-04,1804.1729736328125,1806.2893584936423,1773.116681009439,1783.1570424584377,2473477
2024-09-05,1797.92236328125,1815.0501448392477,1791.52406305605,1804.5174862184558,1902919
2024-09-06,1796.0029296875,1821.0546880070094,1776.7587631635959,1791.081160260454,1701134
2024-09-09,1793.34521484375,1806.6832588937284,1784.4860293181127,1796.0030425976777,1544883
2024-09-10,1807.6181640625,1813.4258757955909,1797.1347715531685,1801.3675411621286,1460472
2024-09-11,1816.822021484375,1828.4374460564547,1802.4504779727529,1807.6676019260617,1701900
2024-09-12,1836.2137451171875,1842.2182797313092,1811.6048982065367,1826.1241178838206,2744070
2024-09-13,1824.7459716796875,1835.8199526271706,1822.4327641360678,1835.8199526271706,1322430
2024-09-16,1833.802001953125,1844.0393062773085,1821.9406098647519,1832.86691383675,1284085
2024-09-17,1836.9027099609375,1840.3972142201903,1830.1599100672588,1833.851237033913,738265
2024-09-18,1807.273681640625,1838.7730050679127,1800.973792923091,1838.7730050679127,1202676
2024-09-19,1817.16650390625,1826.96077681695,1806.289345613741,1816.3297069911462,1675819
2024-09-20,1836.5582275390625,1841.7260853413297,1813.0814118408396,1822.1374193539923,4229991
2024-09-23,1833.555908203125,1845.6635088855683,1828.4373161359695,1837.788677914323,812520
2024-09-24,1838.871337890625,1851.2250263338403,1826.9606807604155,1826.9606807604155,2528953
2024-09-25,1841.283203125,1846.647883720909,1829.4709565340347,1844.6791759557482,956893
2024-09-26,1868.6973876953125,1875.1940991247704,1837.8379182850995,1841.2831567874284,2452807
2024-09-27,1918.2103271484375,1928.6445742375151,1885.2837384543107,1887.9414458235608,3809008
2024-09-30,1896.5545654296875,1929.6780973997247,1890.9930621568226,1918.5057049356399,2608461
2024-10-01,1889.91015625,1904.478641525461,1872.5855522470085,1894.7335142236582,1275678
2024-10-03,1880.9525146484375,1906.0043920195017,1866.38414988543,1871.0598306341712,2492195
2024-10-04,1880.1650390625,1921.7047216965666,1873.865150659131,1880.9524500126854,2798189
2024-10-07,1875.440185546875,1887.9414314632731,1858.5093472751635,1880.1651321233626,1691999
2024-10-08,1887.154052734375,1891.3867022944673,1871.7981563388612,1874.209775264938,2309881
2024-10-09,1900.6397705078125,1916.5371105829906,1864.8585290187345,1864.9077947796193,1597182
2024-10-10,1858.2139892578125,1907.628504700873,1854.4242509491964,1899.4091740459926,2383012
2024-10-11,1872.19189453125,1879.4761375886474,1860.9210901846081,1869.288098524502,1019117
2024-10-14,1879.8697509765625,1885.7758740323861,1865.4489431498498,1873.2253625387607,676879
2024-10-15,1868.74658203125,1890.3532218699002,1865.0061093702523,1887.9907485174674,1383203
2024-10-16,1868.7958984375,1884.7423837179253,1857.4758284706675,1879.0823487345092,1401914
2024-10-17,1859.9859619140625,1893.5524059099712,1850.2408342609565,1893.4539945519375,1447059
2024-10-18,1880.46044921875,1887.8923692294302,1843.3995008440684,1870.2724103837372,1203693
2024-10-21,1867.3193359375,1890.5009181931828,1860.9703013886888,1888.7782988795873,660583
2024-10-22,1858.0172119140625,1876.1784929129958,1851.5696459440423,1862.3975386103818,1192915
2024-10-23,1810.5711669921875,1859.985800639733,1803.3361904784026,1850.6344393899815,1673366
2024-10-24,1819.9718017578125,1830.4551939724718,1800.8260478633456,1801.3674905284754,1739776
2024-10-25,1831.2918701171875,1846.2540001117834,1821.1529777105955,1827.748220398507,2148004
2024-10-28,1873.126953125,1886.0219644448168,1806.2893031086842,1834.0480334356298,2445724
2024-10-29,1842.316650390625,1892.6171083327952,1832.866877417755,1891.9281086986707,2295542
2024-10-30,1823.121826171875,1851.4712664318477,1791.5240901523641,1839.2652540932377,1900203
2024-10-31,1819.9718017578125,1843.2025278768144,1813.278147717927,1830.8981051273029,2572932
2024-11-01,1829.3232421875,1835.770687890946,1802.8933650102174,1830.8981843354968,107596
2024-11-04,1780.59765625,1816.1328052640115,1732.5611415750714,1816.1328052640115,5031861
2024-11-05,1775.380615234375,1804.320643033603,1771.2955226433294,1776.7587346839352,1658010
2024-11-06,1798.8575439453125,1811.2112338490374,1774.0026071764603,1787.1438282894937,2060619
2024-11-07,1762.928466796875,1816.1328400673362,1750.9686637344926,1816.1328400673362,1909269
2024-11-08,1781.2867431640625,1786.651543863973,1762.928519414806,1771.6401473123922,1644075
2024-11-11,1766.5213623046875,1789.2107661891127,1763.9128006186538,1788.964677731192,1069649
2024-11-12,1772.673583984375,1796.445753188785,1767.0135494195335,1773.7072035777592,2471888
2024-11-13,1751.16552734375,1769.1792511529236,1742.7492537265953,1762.977773733927,1810332
2024-11-14,1740.534423828125,1767.8995088330114,1735.5635089980697,1751.8544930661983,1473358
2024-11-18,1720.4044189453125,1770.8525531011971,1715.925560921955,1770.8525531011971,1533025
2024-11-19,1749.4429931640625,1778.4814336188888,1702.9322707406545,1702.9815365004965,1933316
2024-11-21,1752.14990234375,1763.4207061795037,1730.5433827919237,1744.2750713219802,2014349
2024-11-22,1767.2105712890625,1786.5530289296892,1740.3869280217095,1757.0716782467896,1420813
2024-11-25,1770.754150390625,1801.367530844485,1756.23493122125,1777.7430386366884,3137448
2024-11-26,1734.037841796875,1778.4814453261017,1725.7692448350947,1778.4814453261017,1589883
2024-11-27,1722.0777587890625,1750.771696948305,1713.021751622685,1732.5611511043055,1982546
2024-11-28,1707.11572265625,1733.1518348136656,1696.4355070511237,1722.0778536230166,3071758
2024-11-29,1753.035888671875,1767.7027858485048,1711.9882588489422,1715.6304403837553,2427677
2024-12-02,1780.2532958984375,1785.6179765952768,1764.1098678883209,1771.8370219798776,1948045
2024-12-03,1771.88623046875,1803.336288528219,1760.369218101897,1802.5980231262558,1543970
2024-12-04,1772.0338134765625,1786.4546219056908,1757.071682507599,1782.1727065434218,2320116
2024-12-05,1785.0765380859375,1797.38096187864,1747.6219441571845,1780.4008570447106,2742263
2024-12-06,1776.611083984375,1795.4122191417673,1772.8213455620303,1787.4389767112946,1590478
2024-12-09,1778.3829345703125,1791.4747688810555,1768.5885415154817,1786.405442603655,1528215
2024-12-10,1781.6312255859375,1794.4770915572894,1767.8995372665343,1792.5083838320484,2043634
2024-12-11,1785.617919921875,1797.7746661825408,1776.8080008508025,1795.7568128455632,1745911
2024-12-12,1777.2017822265625,1791.5241801928107,1769.9176591606868,1790.53982624765,1082394
2024-12-13,1785.0765380859375,1788.3742197906927,1746.2930904196505,1776.512707190372,1391111
2024-12-16,1781.483642578125,1793.9848883864042,1764.3065958304046,1790.2442956990042,1483330
2024-12-17,1761.0584716796875,1787.3406739218574,1755.2014936163112,1781.6806387435283,1608164
2024-12-18,1772.87060546875,1793.9356823941923,1764.7496859503647,1769.8682780674956,1732860
2024-12-19,1794.7724609375,1800.7769955181184,1762.780960132156,1772.8213215515254,1924091
2024-12-20,1780.5484619140625,1797.3808889474024,1766.0292424278111,1794.7724473375015,2513418
2024-12-23,1786.20849609375,1799.3988618924343,1768.5393923138286,1782.66484621838,1299181
2024-12-24,1790.5396728515625,1803.0901845771575,1774.937688189468,1786.503846054232,1121058
2024-12-26,1812.5400390625,1816.18222060748,1786.0117493851078,1791.5241072214037,1402706
2024-12-27,1832.1285400390625,1836.8042206650857,1808.0118715469432,1816.6249674369858,1668898
2024-12-30,1854.42431640625,1866.0888859644024,1825.9764649684644,1832.916207953389,6021550
2024-12-31,1856.8358154296875,1880.1158074439886,1839.5604778815998,1847.435308488695,1844944
2025-01-01,1860.3795166015625,1873.1761166918582,1849.2563901577657,1860.330371005137,1338092
2025-01-02,1848.6165771484375,1866.334946897464,1835.7707110162391,1862.3975313976803,2507223
2025-01-03,1820.710205078125,1854.5227373236849,1815.1485815418657,1848.616613956412,1515825
2025-01-06,1818.495361328125,1827.4529575024972,1797.0856646808427,1821.5468342894537,1397724
2025-01-07,1824.4014892578125,1835.8199701338065,1816.7727467545756,1819.6273970136701,1615649
2025-01-08,1808.996337890625,1833.4575077078648,1800.5800641761023,1833.4575077078648,1298188
2025-01-09,1797.774658203125,1812.1954663646106,1785.617911996417,1812.1954663646106,1199181
2025-01-10,1756.874755859375,1805.8955042742425,1745.0132441976593,1796.8886427386221,857827
2025-01-13,1719.5677490234375,1757.6130490134483,1715.1873023343808,1756.677840768189,1645287
2025-01-14,1743.14306640625,1756.136609882772,1714.8428919984221,1727.5410812430555,1962645
2025-01-15,1729.362060546875,1747.2281071961975,1720.355198666435,1745.0625767612908,857867
2025-01-16,1735.711181640625,1747.818661828744,1713.5632201448668,1747.2773393106322,2180496
2025-01-17,1758.597412109375,1763.912826750902,1739.943834626419,1751.1654925059195,1163986
2025-01-20,1750.4273681640625,1772.2799772477997,1740.6330946686899,1761.353672705931,1341246
2025-01-21,1735.1204833984375,1777.496964706741,1731.9705991424676,1744.3734336208743,2489267
2025-01-22,1770.8033447265625,1775.3806142498852,1746.0960866446023,1749.1968253642974,2262270
2025-01-23,1804.9112548828125,1810.9650552921403,1758.1052998671314,1760.1231532299835,1974760
2025-01-24,1793.6895751953125,1814.2625951258215,1779.9086210049752,1800.3832295804873,1277935
2025-01-27,1758.8927001953125,1795.70755920856,1746.539131141445,1789.6537588359963,1452975
2025-01-28,1678.8155517578125,1752.1499162292032,1666.6095395452621,1751.9530935162534,5972497
2025-01-29,1708.198486328125,1716.7131714456407,1669.4641850755772,1678.815546961319,1433336
2025-01-30,1711.8897705078125,1732.758144394765,1698.3057593629117,1713.2186241841073,2017991
2025-01-31,1716.6639404296875,1742.1587305399157,1679.3570236482724,1714.744498383712,4275269
2025-02-01,1714.94140625,1761.0092192446496,1706.1807522099102,1712.775875620844,1477972
2025-02-03,1713.3662109375,1757.9574864198523,1683.7864511591795,1753.5770398862974,2210231
2025-02-04,1737.630615234375,1748.4585074692302,1713.4155348139568,1721.9302195579874,2796294
2025-02-05,1725.3262939453125,1746.04699155307,1708.0508349790093,1746.04699155307,1787905
2025-02-06,1725.07861328125,1751.1726312742373,1719.434030122037,1735.971761815173,3421791
2025-02-07,1732.802978515625,1735.9718462530805,1710.5215372488285,1734.3874123843527,1371545
2025-02-10,1715.2747802734375,1733.0009282305343,1706.9563516410208,1724.3359235893818,1237839
2025-02-11,1683.239013671875,1717.3543258245982,1678.584716760651,1708.441749785153,2779274
2025-02-12,1677.3963623046875,1698.2913782758192,1671.6527745103654,1689.873945040826,1757284
2025-02-13,1729.3863525390625,1735.7242086574404,1683.437046786511,1683.486609452374,2750390
2025-02-14,1683.981689453125,1731.9610076703173,1668.6322532952165,1730.3765739212488,2123774
2025-02-17,1697.548583984375,1718.493161640431,1679.5749858623913,1683.981711172033,2277889
2025-02-18,1685.071044921875,1712.9476268063138,1681.9021773018378,1697.5486273920292,2163972
2025-02-19,1660.3138427734375,1682.4962781514014,1631.1003994506204,1648.9255513086105,2576319
2025-02-20,1653.0848388671875,1661.650717980516,1646.8459873142822,1650.955699312812,1670915
2025-02-21,1627.7830810546875,1668.0382427189738,1616.1472172053232,1661.7499489858033,2244190
2025-02-24,1623.57421875,1653.6789432928745,1611.24520396052,1613.9189283365738,2357441
2025-02-25,1597.9259033203125,1631.7937663322086,1590.6473234025875,1623.5743419259406,2836717
2025-02-27,1631.49658203125,1637.0421608038846,1589.458979455039,1613.1267239070628,2744489
2025-02-28,1577.7735595703125,1654.768315105597,1570.990122970159,1654.768315105597,3549979
2025-03-03,1569.7027587890625,1591.7861911944533,1566.8309043991671,1569.9008885758637,1425492
2025-03-04,1551.283447265625,1574.555174690293,1540.8854413950287,1569.6037433233423,1717135
2025-03-05,1567.0784912109375,1570.8911901349716,1537.9641709934328,1549.4019051118648,2428171
2025-03-06,1598.322021484375,1602.1841620700768,1557.274704416556,1582.7250129104102,2458676
2025-03-07,1593.667724609375,1612.9287439888355,1590.0531555879154,1608.224884259628,980890
2025-03-10,1595.8463134765625,1625.5053387117098,1587.181308671772,1606.1947565753194,1600589
2025-03-11,1639.2208251953125,1647.4401282749168,1589.755956069868,1600.4015329145766,3325416
2025-03-12,1660.5615234375,1663.9285209643763,1641.944213915485,1645.8557963652988,2389362
2025-03-13,1667.097412109375,1670.7615439253354,1647.2916862432883,1655.7586824048633,1666929
2025-03-17,1687.744873046875,1703.4408856424727,1671.949735120467,1677.5944391719095,2588408
2025-03-18,1687.744873046875,1687.744873046875,1687.744873046875,1687.744873046875,0
2025-03-19,1715.5223388671875,1731.0203426565547,1709.5311796627507,1730.8223337629315,2167448
2025-03-20,1733.24853515625,1740.0815345610301,1706.164229987911,1718.7903798654954,1602232
2025-03-21,1767.165771484375,1775.3851955195173,1733.2484682210857,1741.9134727044077,2483162
2025-03-24,1767.462890625,1802.3209171523695,1760.3327573231188,1777.068618587872,1182084
2025-03-25,1747.6075439453125,1778.5044245452243,1741.4182552927225,1767.462830296639,1471028
2025-03-26,1741.8638916015625,1753.5988799709714,1729.1387379005184,1750.776467547211,1762361
2025-03-27,1714.631103515625,1735.2786688284705,1703.2923741462057,1733.991248331399,3279881
2025-03-28,1717.8494873046875,1724.4349149589302,1688.6360433074972,1714.6310570338105,1956781
2025-04-01,1681.8526611328125,1717.1068281397131,1665.2653661235754,1714.1855319993706,4142445
2025-04-02,1697.0040283203125,1701.7573297106799,1669.523585338969,1678.5351658874724,3369489
2025-04-03,1752.806640625,1795.0918146184608,1733.000915872175,1737.9523470603813,5715573
2025-04-04,1692.7457275390625,1761.5706198924483,1641.9441169370045,1761.5706198924483,5345276
2025-04-07,1650.1634521484375,1675.5643183859863,1604.3627135400736,1604.3627135400736,5715334
2025-04-08,1671.9498291015625,1693.2409842799836,1629.0209427210527,1629.0209427210527,2807382
2025-04-09,1636.15087890625,1663.4333131976173,1624.0694351207574,1633.9722975300303,3481864
2025-04-11,1671.1575927734375,1720.1271989907707,1665.7604602343595,1693.389470509049,3801939
2025-04-15,1688.43798828125,1707.7485693788947,1680.3176897119565,1703.2922814332844,1993085
2025-04-16,1676.6536865234375,1686.1604106914103,1665.7605373782576,1674.6731139515866,2205374
2025-04-17,1734.486328125,1740.9231886061948,1671.0090050950514,1678.53515625,2683908
2025-04-21,1727.9505615234375,1743.89414652257,1714.4826922348705,1743.89414652257,1539511
2025-04-22,1730.42626953125,1737.9524210809573,1717.651552344684,1733.9912759616843,961907
2025-04-23,1771.424072265625,1773.89978786255,1725.1776323843349,1737.160071696542,1471029
2025-04-24,1786.37744140625,1790.3385865190153,1756.6688530605102,1772.6124379624794,2101177
2025-04-25,1770.0377197265625,1797.8647399968627,1747.063005516993,1788.457020343891,2036801
2025-04-28,1823.7110595703125,1828.0683430698152,1763.8977483287135,1770.0375953594596,3216482
2025-04-29,1787.9617919921875,1828.0683843907937,1779.5443590196405,1827.0780981587293,2886160
2025-04-30,1814.5015869140625,1821.037452140905,1785.7832849884787,1792.41815466574,2667314
2025-05-02,1806.876220703125,1833.2178100929195,1796.1812020112825,1814.501497161058,1885257
2025-05-05,1818.759765625,1825.39475626075,1803.7074624569946,1810.0453188536228,1219830
2025-05-06,1801.4296875,1810.144254826256,1781.524958114871,1802.3209692990913,1414772
2025-05-07,1763.996826171875,1808.658708849283,1761.4219853883812,1800.2412762935912,2015237
2025-05-08,1750.0338134765625,1771.5230976424903,1737.952369574651,1763.9969463158297,2647871
2025-05-09,1727.8514404296875,1749.1425941032496,1714.8785942744369,1734.8824483961403,1148956
2025-05-12,1669.820556640625,1695.7661278374987,1607.8286641572022,1679.2282756226243,9221075
2025-05-13,1683.4866943359375,1731.5155794390512,1674.8712519599235,1694.3798435345818,6988329
2025-05-14,1691.60693359375,1694.7759221426484,1675.6633490542597,1685.4672071623734,1639324
2025-05-15,1723.1971435546875,1727.4554229419255,1667.7411114916051,1684.575978367898,3880385
2025-05-16,1718.0477294921875,1724.6825993616694,1702.3021531137006,1723.0981654554037,1448249
2025-05-19,1713.3931884765625,1747.8551976682609,1709.8281822219678,1728.0494730487903,2074023
2025-05-20,1691.2108154296875,1731.020272191486,1686.7545275436112,1726.8611185182995,2706777
2025-05-21,1714.977783203125,1741.6163867307562,1691.2109131047398,1699.727350713084,2754306
2025-05-22,1702.0048828125,1723.0980277124547,1690.6165912500326,1717.3543192662605,2670554
2025-05-23,1667.2459716796875,1673.088684960634,1620.7025161051683,1641.8946668628182,8339783
2025-05-26,1659.8187255859375,1685.8633017834197,1650.807145071694,1676.6535914924873,2282131
2025-05-27,1667.0478515625,1675.5642889012822,1644.9644204412464,1659.8187137825698,2800622
2025-05-28,1650.2130126953125,1670.5138805929525,1646.846015306111,1667.0478787567702,2657712
2025-05-29,1683.28857421875,1686.7545760075059,1654.1741350162908,1658.7294274760316,2377583
2025-05-30,1661.30419921875,1696.9545044418328,1652.8867660410776,1685.4672080468613,3640641
2025-06-02,1658.3333740234375,1667.1469460589315,1644.37036170529,1662.6906578158278,1819538
2025-06-03,1651.30224609375,1678.5351167189842,1641.4983884917563,1678.5351167189842,2556920
2025-06-04,1648.7276611328125,1652.78781072701,1632.982085014284,1639.914089013738,1700482
2025-06-05,1666.750732421875,1677.842010747808,1645.8557171096074,1645.8557171096074,2037073
2025-06-06,1662.888671875,1672.5935257661272,1652.7878001797906,1668.63238064886,2500047
2025-06-09,1677.9410400390625,1682.2983237000342,1657.0460244174062,1663.5818894665877,2589656
2025-06-10,1672.3955078125,1690.319665194212,1661.4032334639328,1685.269229373942,2369135
2025-06-11,1674.177978515625,1678.5352623706667,1662.9878159638881,1678.3372534663927,1999978
2025-06-12,1671.009033203125,1710.7194874320173,1664.770181508742,1678.436180037128,3588365
2025-06-13,1671.4051513671875,1683.486595048421,1644.9644364318735,1650.6091404871777,2404272
2025-06-16,1668.929443359375,1673.385731425313,1639.6168740402327,1648.826584396991,2249326
2025-06-17,1634.1702880859375,1665.3643043250918,1625.158707571536,1663.680866088227,5408285
2025-06-18,1631.99169921875,1645.162554368449,1622.583980078836,1629.0208405429876,1455885
2025-06-19,1631.5955810546875,1639.2208576156943,1620.1082848742983,1632.0907241735367,1696525
2025-06-20,1648.9256591796875,1653.7780861242686,1629.615076736919,1631.5956492951518,2567882
2025-06-23,1646.350830078125,1650.8071180392387,1631.1994026565192,1647.0439820738125,840643
2025-06-24,1645.55859375,1670.0187363655616,1642.6868603667087,1654.2731610004403,2066326
2025-06-25,1653.3818359375,1662.4925416217097,1641.9935444956482,1645.5585506831444,1372945
2025-06-26,1653.5799560546875,1662.5915363574031,1634.3683794706653,1658.5313870874484,2102627
2025-06-27,1671.20703125,1679.228325601745,1651.9954540538424,1653.9760265300536,5313904
2025-06-30,1659.4227294921875,1687.9430237145828,1655.3625797780876,1679.5255900380948,2160184
2025-07-01,1651.0052490234375,1667.939241235612,1641.3995203951588,1659.4226824613615,3298070
2025-07-02,1661.205078125,1665.6613659649777,1639.9139251117736,1639.9139251117736,1611046
2025-07-03,1663.3837890625,1676.3566358267922,1658.2343488442164,1661.2052076358154,1553777
2025-07-04,1660.016845703125,1670.3157257254463,1655.3624279194328,1670.3157257254463,1264399
2025-07-07,1669.05810546875,1671.5419707006272,1652.267152244763,1663.891593016956,1550620
2025-07-08,1661.7059326171875,1671.1446210236827,1638.45692849627,1669.1575287275784,1860328
2025-07-09,1658.6259765625,1669.9524269938443,1636.3705184185847,1649.2866184425322,2178705
2025-07-10,1651.7703857421875,1659.818084868856,1636.569081949883,1651.273612693844,1741718
2025-07-11,1661.2091064453125,1669.0581450205405,1651.4723059926273,1655.0491690372774,1298302
2025-07-14,1671.74072265625,1685.948481071095,1664.686569269172,1669.554969645884,1309704
2025-07-15,1716.3509521484375,1719.7290332716816,1677.0065493687105,1693.9961640596734,3332578
2025-07-16,1690.02197265625,1720.1264690066841,1687.0413342565037,1718.834810520466,2285143
2025-07-17,1692.406494140625,1705.918697188592,1685.054228556699,1693.0025975593248,1461039
2025-07-18,1682.669677734375,1698.3677548795465,1675.81418527775,1697.9703121766654,1253929
2025-07-21,1681.378173828125,1690.4194194057986,1666.6736425079068,1670.250384339653,2390289
2025-07-22,1667.17041015625,1682.172932498894,1662.0040187807986,1675.2181095721396,1244491
2025-07-23,1671.641357421875,1678.6955106617793,1660.6130196769561,1667.6671729168602,1229173
2025-07-24,1681.080078125,1685.054262706856,1669.2568547374815,1671.6413897430925,1079045
2025-07-25,1688.034912109375,1691.0155505651303,1671.34328824415,1679.0929967421093,1088592
2025-07-28,1691.214111328125,1699.0631497208833,1682.9677515240733,1691.1147809753018,2168507
2025-07-29,1699.460693359375,1706.9122895009684,1686.1471506632306,1687.0413664567195,1325544
2025-07-30,1722.6103515625,1729.2670622088262,1701.050327485951,1708.8993662735888,2318723
2025-07-31,1695.6851806640625,1736.7186855343634,1683.0671929606474,1704.4284353742567,3233087
2025-08-01,1619.18212890625,1684.0607416859682,1597.6222257410245,1679.0930108845346,8774548
2025-08-04,1631.0052490234375,1636.7678649006018,1603.1859582998518,1619.2814778451302,1898762
2025-08-05,1621.566650390625,1633.9859772903794,1609.644096566861,1630.3099050410478,1622897
2025-08-06,1584.90478515625,1619.1821276597536,1580.7319397992544,1619.1821276597536,2376257
2025-08-07,1588.0841064453125,1595.038929127571,1560.860919118262,1570.7963800929167,3435674
2025-08-08,1576.6583251953125,1591.6608469998002,1570.6970486147889,1579.7382938387532,1654424
2025-08-11,1598.0196533203125,1649.2866104488512,1573.9757636996972,1576.6584110765473,1140902
2025-08-12,1611.73046875,1626.1368875025048,1599.7085849440618,1601.2982344809448,1679088
2025-08-13,1629.217041015625,1632.8931132931275,1606.8622524247546,1613.7176238999627,1313668
2025-08-14,1630.806640625,1640.4439895646522,1621.6659434674307,1629.216991074875,1738094
2025-08-18,1622.1627197265625,1638.953673598573,1614.9099057390576,1638.953673598573,3080173
2025-08-19,1616.10205078125,1627.4285004990954,1608.650455082994,1622.2621093279643,2656391
2025-08-20,1622.5601806640625,1625.9382618042353,1605.5705658879585,1623.4543964485918,1831706
2025-08-21,1629.6142578125,1641.8349233037904,1613.4195292205059,1620.2750215379986,1727099
2025-08-22,1631.2041015625,1640.7421202523267,1624.5472696533852,1631.4027622775534,2098310
2025-08-25,1646.0078125,1649.7833362781898,1623.4543640340632,1638.556216581851,1904984
2025-08-26,1589.971923828125,1636.7679223969371,1585.8982876602297,1634.3833874232264,4502371
2025-08-28,1575.466064453125,1589.6738227570108,1557.482903589684,1582.8183301398738,4993739
2025-08-29,1584.2093505859375,1591.3628344180145,1565.6300859249247,1570.7964774389259,3176534
2025-09-01,1553.210693359375,1589.8724480539984,1546.15641890205,1588.6802412264847,9366820
2025-09-02,1555.098388671875,1560.1655710733091,1547.944904890128,1555.8932741065087,2855840
2025-09-03,1568.51123046875,1570.8957654426454,1548.2429863968566,1552.0183889299112,2091370
2025-09-04,1572.088134765625,1586.6932147794025,1550.9255530811818,1586.6932147794025,2298657
2025-09-05,1583.3150634765625,1588.9783490975083,1565.3319030644045,1572.1873955095048,1814479
2025-09-08,1570.79638671875,1594.144720107675,1568.014409121119,1587.2892277497494,1369139
2025-09-09,1581.4273681640625,1586.6932113044306,1567.3190612603253,1569.802926650595,1709406
2025-09-10,1583.116455078125,1591.2634849715168,1572.1874474598008,1581.824796573873,2408379
2025-09-11,1599.3111572265625,1606.5640924898203,1580.731893105321,1582.2222123005806,1762484
2025-09-12,1606.1666259765625,1612.028572314202,1592.753753418016,1599.6092458711034,1878894
2025-09-15,1591.660888671875,1606.6634108691514,1585.1035085181136,1606.1666378077682,2005917
2025-09-16,1600.1060791015625,1604.5770367892105,1589.6738444970506,1592.1577098790772,1480567
2025-09-17,1609.743408203125,1611.6311701264297,1597.0260903751814,1602.1924817923948,2128406
2025-09-18,1637.9600830078125,1640.6427302584464,1617.1949451750547,1624.5472106020936,1832386
2025-09-19,1645.3123779296875,1657.3342617486428,1632.4956087001874,1637.9601123708476,3191406
2025-09-22,1633.389892578125,1647.200208505448,1624.7460894698136,1639.3511695583372,1785320
2025-09-23,1620.67236328125,1633.3898019799758,1614.6117562773588,1632.5949165803738,1967731
2025-09-24,1616.598876953125,1625.3421313727292,1614.512454345545,1619.4801849743005,1131058
2025-09-25,1616.89697265625,1632.1976070917785,1612.2272331438078,1617.3937457140107,2762750
2025-09-26,1576.4595947265625,1592.5551147894816,1538.0094080385923,1574.7706148198765,7256759
2025-09-29,1579.04296875,1608.4519109812734,1569.8029409013186,1570.7964870664462,4180922
2025-09-30,1584.0106201171875,1593.9460812700709,1575.7641388473005,1578.8441075481974,2257443
2025-10-01,1625.64013671875,1640.8414410892474,1601.4970384204441,1601.4970384204441,3109095
2025-10-03,1620.67236328125,1634.8801211423663,1589.6737732165213,1589.6737732165213,4041865
2025-10-06,1644.020751953125,1648.988482661006,1609.5447493534264,1619.4802107691883,1756916
2025-10-07,1642.4310302734375,1652.2671608996916,1636.3704233324065,1638.7549582239958,2174852
2025-10-08,1621.06982421875,1644.3188276700992,1618.4866285647079,1634.383366475718,1846507
2025-10-09,1647.7962646484375,1651.5717884738617,1621.8647347853546,1634.383391827965,2197566
2025-10-10,1660.1162109375,1665.7793752224488,1638.3575269836463,1644.3188036130591,1454056
2025-10-13,1657.63232421875,1664.1897041697284,1645.1136677155218,1651.770378019208,1375179
2025-10-14,1643.7227783203125,1659.1227436781396,1635.5756271034522,1656.8375390152728,2108287
2025-10-15,1644.418212890625,1657.9304163093134,1639.450482127689,1641.8350171503962,2088737
2025-10-16,1648.29296875,1652.1678227702848,1632.5948919631978,1643.3252382836047,2895957
2025-10-17,1668.2633056640625,1681.0800751745505,1646.0078477882328,1647.498167003813,1594147
2025-10-20,1677.7020263671875,1685.9485080320117,1671.9395313920309,1674.0259540775617,1647622
2025-10-21,1679.5897216796875,1685.0542253586216,1673.1316718773107,1679.0929486179662,74296
2025-10-23,1678.99365234375,1700.9509978610427,1671.3432742684568,1693.9961748557698,2687094
2025-10-24,1688.034912109375,1690.9162202064363,1675.1188121344358,1679.0929967421093,994307
2025-10-27,1682.669677734375,1697.473539118685,1679.092935973414,1690.0219432489805,2067904
2025-10-28,1676.1123046875,1691.7109302608092,1668.3625964373616,1681.0800352882336,2440939
2025-10-29,1704.8258056640625,1710.8864127185896,1676.4104109869058,1679.0929369886273,1016738
2025-10-30,1692.406494140625,1705.8193668325564,1669.2568209074827,1704.7264903511925,1986233
2025-10-31,1679.788330078125,1693.9960877138794,1675.9135973433574,1689.0283572513754,1560918
2025-11-03,1695.3870849609375,1701.7458042411731,1670.3496505354751,1677.3044732176897,1099955
2025-11-04,1679.093017578125,1700.156147747174,1671.343308983999,1695.983302370331,1597993
2025-11-06,1675.0194091796875,1712.77416131628,1656.24136346578,1688.0348389492265,3389867
2025-11-07,1680.48388671875,1698.9638198004336,1672.2374056301176,1683.0670823052249,1512908
2025-11-10,1686.8426513671875,1692.1083730346895,1674.9200979249385,1686.5445390181371,1235665
2025-11-11,1705.0245361328125,1707.9058442452217,1684.0607364721645,1690.618116853257,1315353
2025-11-12,1720.9212646484375,1732.8438184656877,1699.162579675458,1710.2903693410517,1833097
2025-11-13,1726.18701171875,1736.5199153752737,1714.2644585648725,1723.3057037833998,1727602
2025-11-14,1745.7598876953125,1748.7405260971425,1723.5044300384848,1726.187077369624,1667322
2025-11-17,1752.5159912109375,1756.5895059671477,1736.4204716107533,1754.4037530586884,1430618
2025-11-18,1747.448974609375,1753.1121390135681,1738.705720189144,1752.615365950657,1429522
2025-11-19,1772.5855712890625,1778.745629873463,1739.7985500161499,1750.6282267536994,2131124
2025-11-20,1765.928955078125,1780.4347046429366,1761.656658110908,1778.4476123386478,1513894
2025-11-21,1768.2139892578125,1775.864367185946,1762.2527125108188,1766.5250093591587,2199311
2025-11-24,1769.3070068359375,1774.374067871133,1760.3650916153026,1774.374067871133,3434492
2025-11-25,1765.332763671875,1780.533946272675,1754.7017476042085,1773.479793200475,1848114
2025-11-26,1793.25146484375,1795.2385571376026,1762.153421931962,1764.0411838676196,1158948
2025-11-27,1798.6165771484375,1803.1868650124306,1790.4694262511168,1790.4694262511168,2902053
2025-11-28,1819.779052734375,1821.170041561623,1795.8346154515186,1798.6165931060145,1623103
2025-12-01,1795.7353515625,1837.0668475095704,1789.3766318900682,1829.1184782396533,1869293
2025-12-02,1787.88623046875,1803.1868648665188,1777.0565535797946,1792.3571879775634,2948688
2025-12-03,1795.039794921875,1804.2798227031194,1770.9960264142678,1793.3508149664815,2114510
2025-12-04,1806.56494140625,1811.4332203221738,1786.694019194368,1796.7288106548715,1713961
2025-12-05,1793.64892578125,1808.4526664948564,1788.581743354456,1807.2604596194283,1777401
2025-12-08,1784.6075439453125,1794.3443447164593,1774.1753093830075,1793.6489109253014,2410074
2025-12-09,1764.5379638671875,1789.5752783550101,1760.563779263883,1784.4088868837098,2401728
2025-12-10,1773.9765625,1780.1364998103056,1756.4901753871322,1776.3610973977736,2321746
2025-12-11,1795.5364990234375,1798.8152497314682,1763.6436928373055,1766.525000840956,1280916
2025-12-12,1781.9249267578125,1800.1068688641526,1779.4410615128197,1796.3313451787706,1442309
2025-12-15,1785.501708984375,1792.953304888502,1766.127559633645,1767.5185484589124,1396948
2025-12-16,1769.8037109375,1780.3352753082418,1766.823072646772,1778.4475134676177,1533979
2025-12-17,1781.328857421875,1785.9984756587708,1760.0669462616247,1769.505634373104,1910628
2025-12-18,1734.6322021484375,1773.479831340348,1724.7960712643385,1773.479831340348,3461351
2025-12-19,1733.638671875,1748.6411942280731,1729.9624784130965,1735.7250944979794,2768986
2025-12-22,1758.3779296875,1761.755889388824,1731.850176147664,1733.6386076339388,1467257
2025-12-23,1744.567626953125,1763.1468905709062,1740.394660549985,1760.5636949589527,1124853
2025-12-24,1725.7896728515625,1747.647688282037,1707.9058420448107,1744.5677194551502,2224786
2025-12-26,1708.402587890625,1725.7896453422597,1696.9768072795507,1725.7896453422597,2507337
2025-12-29,1706.1173095703125,1716.3508828842944,1699.2619385257333,1708.4025141068273,1800816
2025-12-30,1709.0980224609375,1711.9793305250298,1695.9832619186739,1711.9793305250298,2639497
2025-12-31,1708.6011962890625,1714.4631425926211,1704.4283511414358,1709.0979693438983,1428439
2026-01-01,1709.9921875,1714.8605877007226,1697.8709734579827,1708.8993110343238,877515
2026-01-02,1716.84765625,1720.8218406394676,1708.3031840691413,1709.9921639216718,974123
2026-01-05,1717.741943359375,1734.7315580737024,1712.277439596829,1716.8477275780972,1416698
2026-01-06,1748.83984375,1751.2243787106395,1714.5625023779553,1714.5625023779553,1658801
2026-01-07,1771.0953369140625,1794.9404444357126,1737.2154375668824,1743.6734875206625,3059500
2026-01-08,1749.336669921875,1767.1211703866902,1746.3560314512074,1754.6025130663838,1910656
2026-01-09,1718.7354736328125,1753.8075792337372,1715.8541656008417,1753.8075792337372,1585689
2026-01-12,1724.7960205078125,1733.0425016073348,1703.037336776016,1720.9211664817421,2327272
2026-01-13,1717.5430908203125,1732.545733923659,1701.050249852691,1731.7508485323951,1770082
2026-01-14,1689.723876953125,1725.8889808162357,1678.2980963081786,1725.8889808162357,2479677
2026-01-15,1689.723876953125,1689.723876953125,1689.723876953125,1689.723876953125,0
2026-01-16,1658.129150390625,1696.9767795776202,1648.5911318579272,1696.9767795776202,3697596
2026-01-19,1664.587158203125,1676.4103810354632,1589.6737580963386,1639.3510630368492,2975272
2026-01-20,1603.384765625,1663.2955234676385,1592.4557583823232,1663.2955234676385,5019166
2026-01-21,1602.4906005859375,1634.3834075652107,1597.3240878654785,1626.4350384098784,3947877
2026-01-22,1623.653076171875,1635.8737423777015,1602.788606940213,1603.6828227352105,2279862
2026-01-23,1621.367919921875,1638.2582037789198,1614.9098702118285,1629.4156191502054,1678658
2026-01-27,1628.32275390625,1647.4981211771765,1611.8299126357558,1647.4981211771765,2666522
2026-01-28,1600.205322265625,1638.655629053745,1589.6737578761918,1629.316271469726,4124391
2026-01-29,1579.04296875,1614.5125183320524,1573.4790131992938,1614.5125183320524,5796513
2026-01-30,1585.004150390625,1596.1318182576413,1574.8699073464832,1579.042873758477,3962196
2026-02-02,1617.393798828125,1623.4544060753358,1587.8854054586088,1623.4544060753358,2721280
2026-02-03,1691.1148681640625,1713.8670991278223,1660.2156073290382,1698.8645766035488,8520586
2026-02-04,1693.4000244140625,1717.8412346118464,1684.3587790147078,1703.8322586323532,3952775
2026-02-05,1702.5999755859375,1710.0,1684.300048828125,1699.0,3074842
2026-02-06,1695.0999755859375,1709.0,1689.5999755859375,1709.0,1277116
2026-02-09,1704.5999755859375,1713.4000244140625,1696.0,1706.699951171875,2647031
2026-02-10,1707.800048828125,1719.800048828125,1702.0999755859375,1709.5999755859375,1869988
2026-02-11,1711.0999755859375,1716.699951171875,1702.5,1715.0,1175501
2026-02-12,1714.9000244140625,1719.0,1701.199951171875,1714.800048828125,1359444
2026-02-13,1697.5,1719.0,1694.5999755859375,1714.9000244140625,1148165
2026-02-16,1700.5,1715.0,1693.4000244140625,1697.5,1247403
2026-02-17,1717.0999755859375,1719.0,1693.9000244140625,1696.0,1053855
2026-02-18,1724.4000244140625,1730.5999755859375,1717.0999755859375,1720.4000244140625,1262429
2026-02-19,1713.4000244140625,1727.0,1710.0,1722.199951171875,1143429
2026-02-20,1724.4000244140625,1727.0,1708.0999755859375,1710.0999755859375,1203988
2026-02-23,1732.300048828125,1735.800048828125,1720.199951171875,1732.9000244140625,1550400
2026-02-24,1731.800048828125,1745.9000244140625,1723.699951171875,1732.0,2769363
2026-02-25,1764.199951171875,1770.4000244140625,1733.4000244140625,1742.0,1200997
2026-02-26,1785.699951171875,1792.199951171875,1760.300048828125,1764.199951171875,2076586
2026-02-27,1737.0,1788.0999755859375,1730.9000244140625,1779.0,3041489
2026-03-02,1752.5,1759.9000244140625,1712.0,1712.0,3919270
2026-03-04,1750.5,1757.199951171875,1721.0,1721.199951171875,4914857
2026-03-05,1784.5,1794.9000244140625,1748.0,1750.0,3600895
2026-03-06,1799.4000244140625,1805.5999755859375,1771.800048828125,1784.5,3669921
