Date,Close,High,Low,Open,Volume
2021-03-08,2643.340087890625,2666.2400827282695,2633.714239318792,2651.2957762968877,2003125
2021-03-09,2682.01953125,2696.040764390524,2630.2859862669093,2643.340149003932,1942397
2021-03-10,2699.60107421875,2719.1605345995504,2689.9752254044583,2703.1613784701667,3053778
2021-03-12,2688.17333984375,2740.0828771190104,2673.5807911171387,2703.16164489604,2938317
2021-03-15,2695.381591796875,2724.2593542453787,2673.272893275314,2673.272893275314,3097083
2021-03-16,2733.97314453125,2761.180531550743,2689.9753029434173,2689.9753029434173,4894756
2021-03-17,2736.522216796875,2773.4874409863096,2712.2158279236933,2729.5335988153697,3838390
2021-03-18,2669.3173828125,2765.9718586572135,2625.8470669085596,2747.9507796690177,3656306
2021-03-19,2681.3603515625,2724.2593477518403,2641.626118100768,2663.6030408803085,5776626
2021-03-22,2751.202880859375,2759.817877235905,2653.6253468525542,2680.041650108707,2821646
2021-03-23,2762.587646484375,2785.795194952801,2745.2258746003995,2760.301960287723,3305973
2021-03-24,2743.6865234375,2771.1136750455066,2734.9395381021122,2734.983534863172,2207104
2021-03-25,2694.239501953125,2752.258589824629,2681.1851213346645,2735.8636733444264,3179786
2021-03-26,2695.953125,2740.9618201102044,2675.075048275299,2716.918980645141,3697370
2021-03-30,2776.608154296875,2802.892465571644,2690.7661733862365,2710.193857106451,4694008
2021-03-31,2793.574462890625,2817.4413135999807,2753.268703337017,2773.4874709541155,3530069
2021-04-01,2782.278564453125,2826.232412232795,2764.697025341257,2805.2225588414717,4285076
2021-04-05,2847.242431640625,2868.4282733530854,2769.9716485858326,2787.553188722842,5317862
2021-04-06,2869.922607421875,2878.9771433460032,2839.4186787809435,2878.9771433460032,2291562
2021-04-07,2875.811767578125,2881.2182186877626,2843.6376853583197,2864.911301067923,2491268
2021-04-08,2916.2060546875,2931.721677267056,2871.1093634748245,2874.5816745617008,2578118
2021-04-09,2920.513671875,2948.7321304719153,2907.986824159079,2948.424367663105,2911129
2021-04-12,2853.967529296875,2934.4470730375683,2824.650224965105,2920.5136164862206,3791828
2021-04-13,2728.698974609375,2825.35344676723,2701.4475879106244,2825.35344676723,8654596
2021-04-15,2829.705078125,2845.7922313533463,2714.1064439685506,2778.147294061527,6062760
2021-04-16,2808.78271484375,2854.3629419100944,2797.7504704864327,2838.539556337448,3224657
2021-04-19,2779.466064453125,2803.3769190516086,2755.994748412034,2785.7953767558947,2679106
2021-04-20,2764.3017578125,2835.331225793192,2748.302598557501,2835.02346298085,3141893
2021-04-22,2741.66552734375,2767.3345341010545,2729.753990475635,2767.3345341010545,1988980
2021-04-23,2733.489501953125,2741.840732140793,2717.270576775486,2729.5336560747555,1615309
2021-04-26,2725.841552734375,2771.7293216051144,2714.6333228420613,2726.940398802249,2490260
2021-04-27,2753.26904296875,2756.8733443576716,2727.7758110894097,2730.4130419734793,1471417
2021-04-28,2746.324462890625,2769.9715476659917,2735.6875456479106,2769.0484739187477,1639037
2021-04-29,2738.54443359375,2775.5536585645473,2729.9734334404593,2765.2245045336585,1621395
2021-04-30,2668.56982421875,2753.312969915444,2654.8123559697738,2724.2594341557383,3072305
2021-05-03,2669.757080078125,2685.5804674477026,2640.7475365672335,2659.1201616100943,1545831
2021-05-04,2680.964599609375,2716.347442509376,2667.9982161863936,2692.4365953242295,1990777
2021-05-05,2721.3583984375,2724.610940141866,2683.2943245964398,2698.7661643501683,1939289
2021-05-06,2735.203857421875,2755.0270850191914,2702.2824694795772,2729.9733926378744,1791671
2021-05-07,2754.060302734375,2777.7516000546525,2735.5119064331016,2754.148296283505,1912540
2021-05-10,2765.136474609375,2781.575170224942,2747.115397601112,2765.5320163029514,2137153
2021-05-11,2745.005859375,2749.8407827575666,2717.358716701784,2747.1155582763954,2415625
2021-05-12,2714.238525390625,2742.7205374319688,2699.294214770002,2742.7205374319688,1978558
2021-05-14,2682.503662109375,2723.820284137604,2672.3942758684257,2723.820284137604,2043935
2021-05-17,2698.54638671875,2703.337313029576,2668.8775405417787,2685.580002093259,2890462
2021-05-18,2715.29296875,2746.236434952546,2705.798894617137,2725.1385878210285,2098538
2021-05-19,2709.31494140625,2740.961709054084,2696.216781754915,2711.073095164463,1986041
2021-05-20,2689.975341796875,2715.2927997021698,2683.030720062466,2696.2168736987255,2329027
2021-05-21,2707.99609375,2714.7649422146983,2685.6676287837586,2690.854096078153,1685566
2021-05-24,2708.875244140625,2729.5335495883955,2700.52401427876,2708.875244140625,1652260
2021-05-25,2750.835693359375,2763.4238143068287,2722.6560562425266,2731.4014013703236,1841613
2021-05-26,2790.146484375,2795.8884353480685,2741.825801627591,2756.1364670729777,1923753
2021-05-27,2809.13916015625,2842.4866454694256,2793.061740172022,2793.194160468886,5959785
2021-05-28,2776.983642578125,2825.0392585195646,2769.960623856827,2817.530555049453,1763701
2021-05-31,2790.720458984375,2800.6144542582383,2763.7334632434854,2782.637645424478,1652799
2021-06-01,2785.287841796875,2800.261039677647,2766.736923725916,2799.068610059735,1377441
2021-06-02,2764.484375,2790.9856875450187,2751.719619257796,2783.388774016387,2240078
2021-06-03,2774.907958984375,2786.656916039065,2758.477060767355,2786.656916039065,1281706
2021-06-04,2777.11669921875,2788.689025250581,2760.5533789450797,2763.203510188867,1836060
2021-06-07,2811.965087890625,2818.3695699212626,2768.1497264336485,2778.2201360490376,2559821
2021-06-08,2826.938720703125,2854.190986460442,2815.499032089733,2825.039546487309,2574057
2021-06-09,2827.027587890625,2844.4742857613664,2814.616096398298,2828.5734978285386,1710925
2021-06-10,2841.647216796875,2848.0074881529035,2820.622800766818,2835.6402099785423,1874324
2021-06-11,2891.99951171875,2923.0943373291366,2836.523395939516,2837.0092963972816,3452954
2021-06-14,2894.25244140625,2922.8295591519113,2888.952179184316,2896.593304286982,1847360
2021-06-15,2882.23828125,2913.377320224504,2872.3445020711756,2913.377320224504,1304985
2021-06-16,2892.485595703125,2910.4621884354497,2873.62541029358,2881.6642273428124,1635552
2021-06-17,2930.823974609375,2946.9898164726833,2879.80895402805,2884.6675274167474,2273413
2021-06-18,2912.75927734375,2966.380222751199,2893.0599254050558,2960.1081592410437,3380431
2021-06-21,2891.38134765625,2902.7768246995624,2872.4769504377414,2884.22590768231,1130569
2021-06-22,2916.204345703125,2939.0397292718317,2901.8936802765033,2918.677844637311,1708688
2021-06-23,2881.045654296875,2940.7620256141804,2876.628769307968,2940.7620256141804,1467104
2021-06-24,2980.160888671875,2988.464546637038,2896.1516453294503,2901.010219082481,4155204
2021-06-25,2986.521240234375,3003.172768596496,2959.313183355254,2981.6184543641257,2722861
2021-06-28,2947.6083984375,2995.9732923655597,2944.2957344698248,2995.9732923655597,1355238
2021-06-29,2951.230224609375,2973.7121267952775,2938.553678014563,2952.2460219223417,1497322
2021-06-30,2955.55859375,2987.5810099566615,2949.1541105086676,2955.7794379997013,1693146
2021-07-01,2951.804443359375,2969.913673073236,2943.7216295348694,2966.380164836385,990310
2021-07-02,2937.6259765625,2950.214098705569,2910.903822539493,2942.5287620044955,1682274
2021-07-05,2933.695556640625,2980.5145462527757,2916.9113905532504,2952.246477052987,1972858
2021-07-06,2881.841552734375,2939.879393051283,2876.364657094916,2926.6287347292373,2159420
2021-07-07,2893.015380859375,2899.8615524149545,2863.554888146933,2893.059592841762,2640710
2021-07-08,2878.483642578125,2913.3770302969638,2854.9857306571503,2913.3770302969638,2485811
2021-07-09,2834.006103515625,2899.2435873844856,2827.6900436373367,2870.9755207189455,6365067
2021-07-12,2820.7109375,2858.6077212079454,2816.5148971181284,2857.724344285446,1892226
2021-07-13,2815.808349609375,2839.173627711881,2804.721925322098,2839.173627711881,1809339
2021-07-14,2839.659423828125,2846.2405389860573,2813.5555917661677,2815.3223456699457,2044279
2021-07-15,2835.587158203125,2861.1725983413016,2827.6637229336393,2857.410052686177,2232968
2021-07-16,2828.3720703125,2850.5490007565263,2825.893173423825,2844.4845758805604,1256526
2021-07-19,2819.342041015625,2832.798632124754,2811.72833250103,2815.269552063374,1597058
2021-07-20,2838.110107421875,2846.2548681714516,2794.1545954042767,2819.3416893105386,1811945
2021-07-22,2847.4501953125,2855.0636869502946,2824.122327250977,2824.122327250977,2859334
2021-07-23,2844.3515625,2869.759766579906,2838.8624999266235,2859.534453094165,1776193
2021-07-26,2830.806640625,2854.444237512469,2824.8751412021347,2832.9755943366367,1259611
2021-07-27,2817.881591796875,2841.829135999358,2798.581898985045,2832.9760857314473,1121367
2021-07-28,2831.02783203125,2836.915022702332,2773.128766395787,2822.351801458965,1660654
2021-07-29,2829.257568359375,2855.506773355142,2824.3883911930243,2833.1971321116425,1731997
2021-07-30,2804.158935546875,2853.7803179466428,2799.644010283248,2849.7964459346185,2999943
2021-08-02,2850.150390625,2855.0195673734447,2803.7605022408247,2815.2694654644215,2608669
2021-08-03,2908.1376953125,2912.652836316746,2849.751886091919,2858.6492426950676,3804735
2021-08-04,2898.443603515625,2926.109378484922,2887.1559673281517,2921.505836757805,2929598
2021-08-05,2907.296630859375,2934.7853879014283,2888.30688628308,2899.3731961922103,2534521
2021-08-06,2930.181640625,2942.752924571996,2890.5199454655735,2897.2040394095043,2292362
2021-08-09,2941.602783203125,2954.2626875131477,2930.3594533019236,2942.6651059402866,1510489
2021-08-10,2951.517822265625,2965.6827001982383,2935.3169160413063,2935.3169160413063,2040777
2021-08-11,2960.636474609375,2974.624334648893,2945.4978911610087,2965.7712860338665,1929707
2021-08-12,2967.3203125,2981.706515253226,2944.523714291042,2944.523714291042,1310205
2021-08-13,3066.164794921875,3080.86094219364,2972.4110958089495,2975.288336631401,4363584
2021-08-16,3074.619140625,3093.564792280831,3042.34982516594,3063.1544871451047,2083489
2021-08-17,3145.532470703125,3152.3935833564606,3065.810724967882,3082.720134220687,4336019
2021-08-18,3152.171875,3182.670580449976,3130.968869437291,3163.946471418309,2631309
2021-08-20,3151.242431640625,3164.9646560233837,3098.5667961068093,3103.878624900135,2836148
2021-08-23,3220.20751953125,3251.72445614711,3153.367008657548,3169.391111627186,3744176
2021-08-24,3198.78369140625,3246.7230824729686,3182.1399156944894,3237.560090102027,2511141
2021-08-25,3239.330322265625,3273.635883891149,3193.338780294793,3195.9503862746396,2123263
2021-08-26,3250.706298828125,3264.6498484951503,3229.5030773757558,3240.2153511945357,1902533
2021-08-27,3293.466552734375,3301.744239038429,3232.33642943804,3245.5273844523076,3944728
2021-08-30,3276.77880859375,3311.3500054128417,3264.650175657606,3288.907441529894,2033114
2021-08-31,3352.16259765625,3367.788358369069,3278.6822930983203,3283.949813871985,3207480
2021-09-01,3288.86328125,3378.943051708718,3281.8251507662603,3360.6172841404705,2643336
2021-09-02,3396.693115234375,3416.523855854154,3295.104391712346,3305.728049074127,3403717
2021-09-03,3401.38525390625,3414.531900131257,3368.1863248448262,3386.290764265217,1746812
2021-09-06,3410.194091796875,3432.857981147022,3376.5525093752026,3408.1578475277897,1723693
2021-09-07,3378.23486328125,3426.0856360966154,3371.4623672882394,3420.8181151977305,1585039
2021-09-08,3341.27294921875,3377.437735939863,3325.2047539161535,3373.011212039549,4147175
2021-09-09,3356.544921875,3371.860739920555,3333.172958897649,3355.0399467680836,1441148
2021-09-13,3404.307373046875,3410.5485998446184,3334.9436458552505,3334.9436458552505,1691473
2021-09-14,3440.20654296875,3449.5908622331617,3386.2915560225442,3408.3798720948303,1991188
2021-09-15,3500.982177734375,3523.513141909009,3422.588393623173,3436.8418875120715,2461369
2021-09-16,3455.6103515625,3525.062471552736,3445.694980793567,3479.2479470590197,2946666
2021-09-17,3388.814208984375,3492.527584251267,3368.584906990132,3470.3949633117786,6477148
2021-09-20,3384.963134765625,3427.015115647374,3371.1082001517175,3372.126214285933,2002008
2021-09-21,3419.887939453125,3427.5016467557025,3383.3248100645906,3415.505724170102,1568129
2021-09-22,3419.1796875,3449.8999355392543,3410.592274568024,3419.489630621101,1744067
2021-09-23,3425.466064453125,3434.0977874300374,3395.1443709188434,3426.130043143657,2003869
2021-09-24,3427.2802734375,3491.995920064041,3412.849762988791,3443.835428800622,2320754
2021-09-27,3396.870361328125,3456.230094055496,3366.7256883097275,3452.6888746968325,1673362
2021-09-28,3345.69970703125,3408.4236415395485,3320.9997883961637,3408.4236415395485,2253075
2021-09-29,3356.987548828125,3369.470434317807,3295.2375323295264,3328.5693913486634,2489161
2021-09-30,3342.51220703125,3368.584387247486,3319.9812456189534,3368.584387247486,2252412
2021-10-01,3302.364013671875,3373.0113819065105,3297.760471811483,3348.001520610222,1578374
2021-10-04,3340.52099609375,3349.6837720532653,3282.2235824322406,3297.583708781848,1356860
2021-10-05,3393.638671875,3399.570170350706,3312.4562711910094,3323.4339634105604,1877966
2021-10-06,3373.808349609375,3415.0193358424335,3359.732088185577,3396.029589006554,1678154
2021-10-07,3446.403076171875,3451.80352207463,3381.908749178324,3390.7174889832863,1647233
2021-10-08,3484.250244140625,3532.2780363566103,3452.689209997108,3474.821833138115,2934339
2021-10-11,3262.87939453125,3326.532721970496,3240.2155056319402,3324.3194600130973,11845402
2021-10-12,3233.885498046875,3281.8246631449624,3214.1874676301027,3280.93935840713,5752877
2021-10-13,3235.9658203125,3253.893241175022,3226.9357552539627,3231.3622789237215,3545655
2021-10-14,3203.369140625,3255.3032452461207,3200.4863788955586,3215.388082838471,6442299
2021-10-18,3235.03466796875,3239.9575806125013,3194.498652086735,3196.2726590535945,3590107
2021-10-19,3223.503173828125,3273.131185058435,3215.564537067561,3254.415327542723,3135441
2021-10-20,3201.0625,3219.822536421355,3173.964501183039,3203.856474257282,2933693
2021-10-21,3133.34033203125,3199.8212109811748,3114.491504839272,3196.849878744259,4871211
2021-10-22,3103.492431640625,3159.1519039386526,3091.2073459542025,3157.7326116490563,2691670
2021-10-25,3098.259033203125,3117.4183966686946,3060.162273714988,3107.173462267711,2595594
2021-10-26,3089.078369140625,3130.2352434991762,3082.3370561517813,3099.633623805007,3878763
2021-10-27,3095.42041015625,3114.490985073754,3089.433136635638,3089.433136635638,2510813
2021-10-28,3035.015380859375,3120.478253064307,3029.116894319104,3120.478253064307,2424942
2021-10-29,3013.816650390625,3069.919631227122,3003.349964014751,3015.8568020954044,3960501
2021-11-01,3083.578857421875,3092.981181072092,3027.29852908389,3049.473616415924,2020718
2021-11-02,3090.49755859375,3116.5755914866954,3077.6804012995885,3099.190236224732,3087414
2021-11-03,3097.63818359375,3122.163745415681,3074.39873362359,3108.23783282908,1537639
2021-11-04,3112.18505859375,3116.2653617280953,3108.9475821125666,3115.999217340445,328991
2021-11-08,3106.951416015625,3147.0883231813395,3087.8364478558224,3147.0883231813395,2526082
2021-11-09,3109.568359375,3135.5576071808837,3100.964468091759,3111.6085108884126,1782692
2021-11-10,3090.586669921875,3121.986510569045,3086.94986856028,3102.7385758648256,1516489
2021-11-11,3094.045654296875,3113.426767950228,3047.744113577115,3086.7722686985917,1284514
2021-11-12,3127.61865234375,3134.8032505729047,3091.8279754373,3109.834189325113,1747259
2021-11-15,3151.789794921875,3166.2479962691427,3129.3485615298887,3129.3485615298887,1809157
2021-11-16,3154.539306640625,3171.525554383202,3141.7665422714635,3165.7156378788404,2013204
2021-11-17,3123.9375,3160.260466102447,3110.188945926167,3149.3946733666758,1632914
2021-11-18,3082.95849609375,3123.006840214177,3061.5818383861247,3117.950746243194,2136598
2021-11-22,3067.61328125,3118.660383698187,3051.5586454065333,3085.3533539302653,3167936
2021-11-23,3072.802001953125,3087.614917705007,3022.730695618105,3055.7271838719826,2153461
2021-11-24,3054.21923828125,3098.347663033605,3037.100027177156,3079.853553174247,2161746
2021-11-25,3056.525634765625,3071.6934830271994,3046.014771982266,3054.7516275562534,1849619
2021-11-26,3057.36767578125,3095.6417848667024,3026.3667345208983,3037.986565377781,1941251
2021-11-29,3106.286865234375,3130.5465023310303,3021.5336209033335,3057.634627111465,2981745
2021-11-30,3130.36865234375,3161.059063368577,3096.529551797882,3096.529551797882,5588446
2021-12-01,3173.52099609375,3184.3423949049957,3135.557205010908,3135.557205010908,2102118
2021-12-02,3231.26513671875,3235.7889414326537,3170.2394658907515,3183.633089526473,3152938
2021-12-03,3229.091796875,3251.7103857650372,3220.5766933426667,3234.413817790303,2486263
2021-12-06,3136.79931640625,3244.6590363859564,3124.02655170895,3229.092080530519,1849642
2021-12-07,3179.46435546875,3191.4389038852173,3126.0667828778905,3159.95027656784,1484458
2021-12-08,3217.0732421875,3234.414205727127,3194.0999357691167,3194.0999357691167,1428660
2021-12-09,3194.76513671875,3224.0362547896098,3163.0547588086524,3202.0829162364653,1567957
2021-12-10,3225.8544921875,3230.46686724847,3171.126417511061,3179.907665866492,1510718
2021-12-13,3201.771728515625,3248.206443015771,3194.7200948132368,3237.5624022412794,1883864
2021-12-14,3214.32421875,3224.2586173965856,3172.546255683044,3197.648505010919,1747007
2021-12-15,3166.913330078125,3213.6139821147945,3156.0917131195874,3210.9529713650445,1603233
2021-12-16,3176.89111328125,3200.7070220094497,3166.601788355932,3177.245827980658,2072320
2021-12-17,3179.331298828125,3238.7605373840274,3169.884580976256,3195.4303268304093,4333992
2021-12-20,3154.982421875,3198.5343770244094,3113.5150114130224,3183.4553186745993,2312310
2021-12-21,3200.5751953125,3229.7575276974712,3163.4096138189643,3177.82342259873,2340989
2021-12-22,3220.488037109375,3225.8544517275404,3198.756450823021,3214.500763336604,1224328
2021-12-23,3248.82763671875,3255.746307245518,3219.8226659314073,3235.788728737679,1792861
2021-12-24,3256.100830078125,3286.3477338995476,3232.9501703058754,3268.6076651605485,2209923
2021-12-27,3278.453857421875,3281.9130845923037,3240.312705357694,3256.189982037391,1534135
2021-12-28,3287.722900390625,3304.0880718249186,3276.4579991343157,3290.7830191866974,1456218
2021-12-29,3277.2119140625,3299.608753298073,3268.6080230926227,3275.0387987147183,1456923
2021-12-30,3311.85009765625,3317.3938708361234,3264.1736483093405,3265.371189937649,1966475
2021-12-31,3315.9296875,3335.133227039575,3309.676269388582,3319.8768098436235,1207141
2022-01-03,3386.35791015625,3397.2237039875417,3321.828399852048,3326.263417742371,2346158
2022-01-04,3445.787109375,3449.689838451158,3380.9914554484494,3398.1994545927564,2488606
2022-01-05,3424.67578125,3432.703205441656,3381.6117222741204,3428.268188380362,1733031
2022-01-06,3377.221435546875,3401.658425302727,3345.777204756685,3381.257344785918,1810293
2022-01-07,3418.06787109375,3428.1796240286867,3367.419886343486,3388.3532548535422,2460591
2022-01-10,3441.4404296875,3528.4997318754135,3424.720327996725,3528.4997318754135,3937092
2022-01-11,3473.4169921875,3481.4888108289488,3420.285568039854,3420.285568039854,1906106
2022-01-12,3423.744873046875,3485.0369042039447,3403.0334703465164,3481.4888900484816,3203744
2022-01-13,3457.45068359375,3479.71455695481,3421.17232887451,3475.279539676,6684507
2022-01-14,3519.762939453125,3527.613007244821,3423.877988650264,3439.6666946537052,3348123
2022-01-17,3565.0,3586.1551199160176,3514.573981387204,3541.538800935803,3442604
2022-01-18,3539.676025390625,3585.001771384683,3530.273702275697,3578.127494703116,2389041
2022-01-19,3478.41015625,3564.9117788335907,3474.7227096532292,3564.9117788335907,3102539
2022-01-20,3400.12744140625,3483.1635285665043,3386.310256981364,3474.277907320161,6176776
2022-01-21,3406.30322265625,3422.3418138894167,3350.8570276785663,3382.756324156083,3112358
2022-01-24,3351.078857421875,3420.653098273078,3323.3112910112377,3412.078560539118,3258414
2022-01-25,3349.79052734375,3384.8887339958196,3307.406154089975,3349.4351892399127,3330501
2022-01-27,3242.58544921875,3317.35786790561,3221.1267599154967,3315.225405503914,5718297
2022-01-28,3278.8388671875,3314.159213319958,3239.6976603507437,3239.6976603507437,3143862
2022-01-31,3319.890625,3339.2168534626967,3306.6953891380213,3331.2197934091673,2739393
2022-02-01,3377.11376953125,3383.644788341221,3320.02364934981,3349.879425432354,2105169
2022-02-02,3426.472900390625,3433.4037276998192,3377.113235607915,3401.3265512341627,1984212
2022-02-03,3398.395263671875,3449.842931105823,3390.7980130574983,3421.8532202674887,1960538
2022-02-04,3389.776123046875,3398.4840766951115,3348.991201555373,3390.1316781159926,2307366
2022-02-07,3357.87646484375,3404.7925911476827,3337.5727323379806,3368.539210961275,1919149
2022-02-08,3326.287841796875,3376.2694613033686,3306.339665487328,3369.02776676185,2946443
2022-02-09,3341.48291015625,3356.943806983869,3328.643228655811,3332.1085347583003,1638721
2022-02-10,3350.1904296875,3367.4729203279344,3339.216600228163,3367.4729203279344,2112459
2022-02-11,3283.193359375,3334.3301651886436,3278.7950191994923,3334.3301651886436,3851488
2022-02-14,3317.6689453125,3370.538393520359,3296.565594137094,3309.005464303649,5951745
2022-02-15,3392.352783203125,3407.63600953311,3330.331098756218,3364.096462084056,3931683
2022-02-16,3388.17626953125,3424.607316053256,3381.8673917745273,3415.6327519656547,3256906
2022-02-17,3362.496826171875,3407.6358265307354,3357.8763464040803,3398.750205079547,3134372
2022-02-18,3371.11572265625,3390.7085606865603,3338.8610914162996,3348.990612757656,3688883
2022-02-21,3304.91796875,3401.238235819317,3292.6115131522834,3385.421786187314,7465922
2022-02-22,3186.739013671875,3259.1568244811297,3172.1666820740847,3243.2516497396105,5408531
2022-02-23,3166.657470703125,3219.1713575903127,3159.4155598499733,3208.597555990567,2426203
2022-02-24,3022.577392578125,3095.617375865612,3013.203235313269,3086.8649517934127,5039136
2022-02-25,3128.4052734375,3136.6244735452315,3076.20224572623,3081.533618769083,2549723
2022-02-28,3158.127197265625,3166.6130082367754,3070.781504293489,3101.0815569965193,3288942
2022-03-02,3150.974365234375,3173.899310518128,3115.2986841335264,3156.6168212733464,2761341
2022-03-03,3149.419677734375,3179.8086775840598,3136.713412213718,3165.813823365856,1928039
2022-03-04,3131.604248046875,3164.347634660531,3098.4608348995284,3111.3005151866846,2370257
2022-03-07,3096.55029296875,3152.6186540004137,3049.145630234379,3065.539559273232,3054130
2022-03-08,3198.779296875,3206.8208277906424,3074.4250662664513,3074.4250662664513,3300992
2022-03-09,3227.790771484375,3246.8059136522093,3196.2023454400996,3203.2663707488273,2719654
2022-03-10,3217.439208984375,3273.4630982851195,3212.152307356326,3273.4630982851195,2005441
2022-03-11,3198.068603515625,3234.2332591475283,3192.4708351186337,3201.7117953641396,1623423
2022-03-14,3237.03173828125,3241.7856323016135,3181.0523258432268,3181.0523258432268,1765688
2022-03-15,3193.403564453125,3251.2490497339313,3185.8507858462003,3251.2490497339313,3651133
2022-03-16,3248.494384765625,3259.2460739095877,3213.2629811274664,3234.81061397706,3090475
2022-03-17,3263.466552734375,3296.565491973189,3252.4039976373524,3284.6588462421337,3600452
2022-03-21,3222.549072265625,3300.076138287264,3212.1529360254885,3284.12648728913,2413831
2022-03-22,3288.5244140625,3297.4545080572443,3221.038154596473,3234.3665883396307,2907611
2022-03-23,3298.6982421875,3314.159354710851,3278.794535574468,3294.7886552601967,1596195
2022-03-24,3331.974853515625,3339.3942172821903,3283.2371329817483,3287.6799437165005,1879046
2022-03-25,3294.2998046875,3358.320753023483,3262.80031885229,3340.904847554434,1690133
2022-03-28,3294.521728515625,3299.2311511378443,3253.2035899409116,3283.237032979891,1760990
2022-03-29,3292.433837890625,3307.228310863317,3279.6828843085714,3283.0149923595486,2689063
2022-03-30,3315.71435546875,3321.445538331854,3293.189216689556,3321.445538331854,1583455
2022-03-31,3323.17822265625,3336.24004386944,3305.6291188569076,3323.2226941539616,2168110
2022-04-01,3339.8828125,3343.6592014466246,3312.603999260616,3330.330769870303,1387014
2022-04-04,3350.1904296875,3358.7649677654217,3320.645737841415,3342.7708488713006,1472994
2022-04-05,3389.68701171875,3408.1691482536567,3351.656507431064,3351.656507431064,2314947
2022-04-06,3336.8623046875,3384.8001942913256,3315.358924868198,3384.8001942913256,2051729
2022-04-07,3273.596435546875,3328.1098148423775,3269.0204268602606,3328.1098148423775,2494829
2022-04-08,3274.929443359375,3292.1232100559987,3236.5880681859585,3278.7947760071893,2296773
2022-04-11,3284.481201171875,3298.6539416877777,3248.672318365914,3278.794489914239,2291660
2022-04-12,3279.77197265625,3322.3340146067667,3241.7859391915695,3272.5745321735017,4483476
2022-04-13,3253.869873046875,3296.432126938456,3248.1831624952724,3293.899638230918,1621672
2022-04-18,3134.891845703125,3207.7094730408703,3129.960282212317,3207.7094730408703,3820792
2022-04-19,3084.99853515625,3166.4353782692338,3055.8981276363893,3154.3953189467165,3170014
2022-04-20,3160.43798828125,3171.4116009849918,3092.196369835976,3109.96761334078,2640370
2022-04-21,3224.281005859375,3237.9205218344946,3169.856573377936,3181.0525434049096,2280996
2022-04-22,3209.975341796875,3213.929400104954,3173.4998209772857,3182.0301046657846,1581465
2022-04-25,3152.796630859375,3184.607203793021,3139.37947062442,3161.5045845690765,1960694
2022-04-26,3151.108154296875,3188.0722114341042,3126.094998356819,3176.743043452235,1943469
2022-04-27,3164.34716796875,3170.789242910435,3115.565197597769,3150.841068029554,1727648
2022-04-28,3184.873291015625,3202.733259696587,3143.777292437707,3188.160927515036,1703660
2022-04-29,3151.463623046875,3219.4831052544378,3142.7114152271593,3196.158346677765,2051115
2022-05-02,3147.64208984375,3152.573652562159,3103.52507124559,3127.6494439048693,1324161
2022-05-04,3091.974609375,3150.3531080776697,3079.134927751278,3144.177643587452,2305825
2022-05-05,3121.874267578125,3139.290173030347,3096.950272047163,3120.719310294704,1612262
2022-05-06,3050.078857421875,3087.309528817,3042.8814164437517,3073.536813981293,2010812
2022-05-09,3061.185791015625,3070.87103244035,2973.8845528972033,3019.3344236783305,2481830
2022-05-10,3055.542724609375,3078.68980921061,3040.6593103928117,3051.3220549061707,1622685
2022-05-11,3031.77392578125,3064.161971372953,3005.25025996758,3052.2108543548047,1841769
2022-05-12,3028.79736328125,3065.2728838583857,2976.772221615572,3001.5630194609157,2807195
2022-05-13,3034.350830078125,3056.56488405373,3005.250419370082,3052.21101624816,2187823
2022-05-16,3000.496826171875,3047.7682909715472,2991.433535282342,3034.439858212196,1195813
2022-05-17,3066.961181640625,3080.644951878495,2977.0385191605064,2994.454423948811,1754076
2022-05-18,3064.473388671875,3105.5249193259233,3059.3641559719827,3078.8680530656147,1866781
2022-05-19,2898.4453125,3025.5541736674804,2870.055794697786,3018.4456763431513,4642963
2022-05-20,2926.03564453125,2944.6065097681267,2905.643183198375,2941.1412035828844,3065125
2022-05-23,2951.581298828125,2966.8200528085695,2902.9325214936357,2936.5202138894765,2293690
2022-05-24,2921.5927734375,2954.3363801932683,2910.5746879512376,2945.7171525393956,1711510
2022-05-25,2833.61328125,2945.610802185031,2821.4475663720973,2945.610802185031,3548046
2022-05-26,2886.65966796875,2899.675376224117,2845.152756265719,2854.5007328493466,2813186
2022-05-27,2917.387939453125,2933.1318451391644,2888.672876025808,2910.1420170120946,3103153
2022-05-30,3019.321533203125,3029.4747349681716,2939.7963456033503,2949.3231893846983,2094624
2022-05-31,3009.5712890625,3026.612246033562,2974.3707538356352,3000.44672887576,4840965
2022-06-01,3001.385986328125,3030.727190529451,2987.8336778962866,3030.727190529451,1493835
2022-06-02,3062.035888671875,3070.0868156359556,2993.4241436681764,3001.206662721046,2657939
2022-06-03,3077.377685546875,3110.6102582693384,3069.371528604616,3094.5977259894203,1913622
2022-06-06,3069.14794921875,3088.872766865215,3021.021246154396,3057.563601837621,1084210
2022-06-07,3008.094970703125,3058.3239461384833,3002.101545860968,3042.400956238807,2308256
2022-06-08,3045.174560546875,3053.941171959309,2993.6039713920522,3023.705415077456,2185707
2022-06-09,3065.703857421875,3074.5597904085103,2999.5073417133417,3028.043319910622,1279197
2022-06-10,3005.59033203125,3035.1999443400923,2998.5234934948394,3025.359920942585,1527582
2022-06-13,2880.0859375,2945.745653036721,2855.798835773411,2943.0620098666295,3030921
2022-06-14,2871.98974609375,2897.3500386797054,2839.920128333768,2853.606749841241,2611493
2022-06-15,2868.188232421875,2892.9671591535985,2863.4470861010104,2879.1016702955644,1404536
2022-06-16,2810.66845703125,2902.6727617050265,2802.6622999813585,2898.3341186445737,2032028
2022-06-17,2763.168212890625,2789.8705482213513,2704.9780616232238,2765.94139802819,5240434
2022-06-20,2784.190185546875,2807.761604896775,2745.366902565736,2767.7305951575063,1502769
2022-06-21,2873.2421875,2896.321559800145,2795.8190472258425,2799.934053640477,2964461
2022-06-22,2883.082275390625,2907.771877636186,2847.345140817848,2862.462908590004,3336315
2022-06-23,2959.87890625,2968.108699833873,2883.0819135631095,2883.0819135631095,3692578
2022-06-24,2945.83447265625,2992.2614007537363,2931.879444236284,2986.894115729963,2132118
2022-06-27,2965.15673828125,3008.2738867735548,2957.821492005862,2996.734310666759,2037686
2022-06-28,2968.242919921875,2978.843395941268,2927.496452991012,2958.2688019152474,1400046
2022-06-29,2943.50830078125,2981.526566328493,2926.06462600075,2926.06462600075,2133994
2022-06-30,2922.575927734375,2961.75692953808,2911.7518167257285,2926.959122680978,2719603
2022-07-01,2965.514892578125,2981.5272075648168,2909.1136216452282,2916.225231521543,1502879
2022-07-04,2893.90673828125,2968.0646592946637,2884.961260793724,2962.7421438686747,2622535
2022-07-05,2877.1337890625,2926.9600518902243,2868.76968077365,2911.752741107176,2170627
2022-07-06,2916.895751953125,2923.8284950575144,2864.564723358704,2879.101120190488,2182144
2022-07-07,2941.13818359375,2969.3609834462977,2920.7424562325778,2926.064970356502,1989921
2022-07-08,2921.10009765625,2956.479495050684,2907.27938242503,2952.006757539261,2136916
2022-07-11,2785.4423828125,2884.9160330481313,2778.4648677976734,2868.0537232952515,6974600
2022-07-12,2759.410888671875,2805.480089247644,2755.4301956021764,2786.4261820294582,3734815
2022-07-13,2718.30615234375,2782.0426602349858,2714.951599296843,2776.675375359934,3863530
2022-07-14,2689.605224609375,2741.8501614442216,2661.128370626433,2740.9532526573576,4764908
2022-07-15,2685.88330078125,2716.6470988263773,2648.5718054355975,2707.364223712299,4574806
2022-07-18,2747.68017578125,2759.7435556409487,2703.552305539903,2711.3553684957465,3202795
2022-07-19,2757.322265625,2761.5376937826195,2717.6789348920574,2717.6789348920574,1865074
2022-07-20,2838.53759765625,2844.950409306016,2778.6689229468593,2787.4137855448603,3402251
2022-07-21,2849.74853515625,2855.757780661632,2819.9263158701324,2840.5103301995564,2420640
2022-07-22,2844.09765625,2867.4172838319932,2819.4326655382765,2856.65437879415,2075886
2022-07-25,2840.286376953125,2857.95543922205,2824.45602179989,2838.7167863129835,1797504
2022-07-26,2794.67822265625,2842.214392123494,2777.278278402279,2838.447418714807,2639367
2022-07-27,2860.107666015625,2864.816437135854,2789.3863207449663,2793.870864668994,1389808
2022-07-28,2924.371337890625,2927.5105189004753,2871.5881638933847,2884.4588936225273,2106333
2022-07-29,2961.503173828125,2975.3157011729186,2937.376413925399,2950.8300463555915,2430257
2022-08-01,2958.72314453125,2984.015931899953,2933.7890331363833,2984.015931899953,1306913
2022-08-02,2952.444580078125,2971.369225326498,2934.371735466329,2950.8301003625766,1269114
2022-08-03,2995.227294921875,3003.747929538362,2939.2153774741914,2941.8612149554574,2895824
2022-08-04,3009.0849609375,3038.6380702172023,2966.392221718942,3004.645304952927,2150567
2022-08-05,3018.1435546875,3028.861573018545,3009.1295758001834,3014.6903675855206,1106933
2022-08-08,3026.574462890625,3030.565664056086,2992.0883564139904,3018.098716826462,1068836
2022-08-10,3008.456787109375,3036.036736786237,2991.191290157193,3036.036736786237,1878359
2022-08-11,3069.670166015625,3075.2309564153497,3027.1118900503357,3049.489719343499,1449248
2022-08-12,3050.88037109375,3066.5313868784974,3032.6730774737994,3066.5313868784974,1472354
2022-08-16,3042.94287109375,3062.8095351985526,3038.2789884704052,3059.35634824282,839942
2022-08-17,3050.476318359375,3065.589098824925,3023.569056907751,3036.125778918509,1622326
2022-08-18,3032.673095703125,3042.3148659889093,3015.4076000750924,3040.5210482613215,1430659
2022-08-19,3036.709228515625,3068.773720849505,3023.7040498067786,3037.8303646112154,1398410
2022-08-22,3008.7255859375,3035.22928589152,3002.3125563634576,3018.0982394990715,1536532
2022-08-23,2945.986572265625,2997.3792685403614,2932.891616907202,2977.692165242651,1849256
2022-08-24,2919.752685546875,2966.974854945067,2915.133472995961,2952.624311511234,1691923
2022-08-25,2886.431640625,2940.20127537172,2883.3373492906517,2938.2730091845947,1946930
2022-08-26,2890.019775390625,2921.2322484903357,2885.1765549837287,2900.8724605252028,1457962
2022-08-29,2809.61181640625,2818.7153534977124,2763.376122142402,2802.840110903929,2539173
2022-08-30,2880.108642578125,2893.876280423968,2818.1772643190006,2829.7473003990763,3431525
2022-09-01,2808.849365234375,2861.139194303962,2799.252484458516,2861.139194303962,3546935
2022-09-02,2807.683349609375,2836.9226654285976,2798.6247016941093,2836.9226654285976,2052900
2022-09-05,2810.3740234375,2823.4240906299206,2791.4044893857963,2801.6291623975735,2147912
2022-09-06,2804.67919921875,2817.0565866260768,2786.113227593717,2812.258036114902,1936453
2022-09-07,2824.904052734375,2835.935855830716,2782.211106134661,2782.211106134661,1291534
2022-09-08,2842.887451171875,2855.3097280912734,2834.3221456196243,2843.201456902572,1346113
2022-09-09,2885.9384765625,2900.1545684530834,2841.855497183731,2865.6235800858517,1561185
2022-09-12,2908.6298828125,2932.7119678200656,2892.5304162281714,2905.894267616738,1785928
2022-09-13,2896.432861328125,2927.017323620031,2892.5312200007593,2927.017323620031,1972678
2022-09-14,2798.714111328125,2817.549195989468,2792.794644674827,2811.8090673004745,5090269
2022-09-15,2784.31884765625,2814.275513199802,2780.417206890092,2807.324470182577,2138023
2022-09-16,2698.529052734375,2775.349411164938,2690.7259911543956,2758.8910495969735,5322221
2022-09-19,2716.5576171875,2728.3967704245497,2679.784353680792,2723.015317228446,2072220
2022-09-20,2726.8720703125,2762.4344192765325,2717.633865194194,2735.572042522209,1544295
2022-09-21,2691.802490234375,2727.858178103322,2689.066874759079,2715.8396884709605,2253818
2022-09-22,2697.36376953125,2717.5891092550232,2672.1607605323097,2681.757642079149,2017983
2022-09-23,2674.62744140625,2710.907365497516,2671.8918252496605,2694.3145495300373,2652374
2022-09-26,2685.703857421875,2713.9118168201303,2624.445156215398,2654.715830856097,2925489
2022-09-27,2706.377197265625,2713.148901955787,2669.2003742877428,2699.1570382115037,2227447
2022-09-28,2722.701171875,2735.527011795521,2672.7882836301883,2672.7882836301883,2739767
2022-09-29,2688.30517578125,2740.819237350906,2681.7576968073727,2739.159868244052,2493902
2022-09-30,2694.8076171875,2708.395699120603,2645.9709725023213,2682.520009335048,2817353
2022-10-03,2677.22802734375,2709.292518723233,2667.406919233083,2686.2420050783735,1763331
2022-10-04,2772.480224609375,2778.624138974122,2711.355962594826,2717.5894364782553,2145875
2022-10-06,2782.16650390625,2801.94338884146,2773.6458694011303,2790.2835732028752,1790816
2022-10-07,2748.93603515625,2784.902170094704,2742.8372297358187,2778.085574778819,1939879
2022-10-10,2797.054931640625,2804.633767069704,2695.210895441145,2699.6954393603482,3064063
2022-10-11,2753.10693359375,2820.778670625665,2738.5770522802995,2780.41776754835,4730645
2022-10-12,2781.090087890625,2789.296716194542,2746.3797595487877,2766.8739951763155,1665247
2022-10-13,2783.37744140625,2789.386687259664,2737.679976610315,2781.0902799100977,2054781
2022-10-14,2779.6552734375,2825.2631809472705,2754.4073741870056,2820.778636215608,2245977
2022-10-17,2798.178955078125,2813.15104677649,2761.9399421370213,2763.0189742303005,1517005
2022-10-18,2827.80859375,2837.385525165027,2813.2861167744586,2832.574556753205,1793722
2022-10-19,2807.261474609375,2840.6677838083356,2798.403970627268,2840.6677838083356,1194289
2022-10-20,2839.13916015625,2841.5670374514175,2792.1093833185605,2792.1093833185605,1587601
2022-10-21,2821.244384765625,2841.926676749231,2811.8924796841284,2839.5888102481545,1021913
2022-10-24,2843.09619140625,2857.7536881512533,2837.071392736691,2850.6498571069214,260949
2022-10-25,2843.455810546875,2863.3736710121602,2833.6090645469526,2860.0015578720813,2069643
2022-10-27,2839.22900390625,2854.1563112448976,2818.501925922069,2842.1965071167756,2438421
2022-10-28,2844.4892578125,2858.202515121167,2828.078310541472,2832.57446047874,1355739
2022-10-31,2871.376220703125,2876.6368040808793,2857.5731717627386,2876.6368040808793,1919414
2022-11-01,2931.22021484375,2933.8281137695244,2880.638523413628,2890.5750595933964,2991060
2022-11-02,2915.033935546875,2940.4821892267983,2897.364153326128,2940.4821892267983,1405955
2022-11-03,2883.605712890625,2902.7593552031317,2873.0397607189666,2902.7593552031317,1422652
2022-11-04,2893.18310546875,2895.566197178931,2847.097558550178,2892.823501210687,1464013
2022-11-07,2907.840087890625,2916.023168933433,2873.1299406493004,2903.6137506809055,1474498
2022-11-09,2891.968994140625,2922.318009880542,2879.0199490351015,2922.318009880542,1162267
2022-11-10,2882.616943359375,2900.0171339786884,2850.5594774302144,2850.5594774302144,1573092
2022-11-11,2981.80224609375,3004.867631737678,2927.0392164131276,2940.1230593285322,3265394
2022-11-14,2999.381591796875,3011.5211965005947,2975.5519973784617,2989.0404470492617,1342074
2022-11-15,2996.77392578125,3003.3831344257037,2960.265100697199,2986.342770174787,1400708
2022-11-16,3017.23193359375,3028.517096203142,2986.747900169754,3002.4394221817815,1748235
2022-11-17,3011.52197265625,3021.413504964168,2983.4210285996637,3003.428900767953,1417986
2022-11-18,3006.53076171875,3023.8859461395887,2986.3430903663884,3012.4207626399884,1164540
2022-11-21,2952.6220703125,2997.7633779898833,2943.180154144301,2987.6920446515246,1304194
2022-11-22,2980.903076171875,2984.4999969339733,2927.2190777052792,2949.4750249207636,1149739
2022-11-23,2974.923095703125,2994.436345699814,2959.366370479906,2994.436345699814,1150011
2022-11-24,3039.53271484375,3051.042904713645,2974.9231600526905,2982.0719958636614,1296591
2022-11-25,3048.074951171875,3060.3945780835866,3010.622108633488,3042.0951593509826,1588981
2022-11-28,3053.110595703125,3072.6688478072538,3026.403509151408,3026.8081187355037,2195437
2022-11-29,3054.999755859375,3083.4603033901794,3042.0957148932566,3042.0957148932566,1576028
2022-11-30,3049.109375,3070.7806880330454,3034.9014959409137,3042.095336523885,3410702
2022-12-01,3125.408935546875,3129.320674205069,3075.366869477395,3079.8630198713677,2180856
2022-12-02,3092.5869140625,3119.3390078373773,3069.0721362573277,3109.6274990054326,2411749
2022-12-05,3080.672119140625,3092.586917220595,3063.6767591287817,3087.0567402668353,1475065
2022-12-06,3044.20849609375,3064.5309632236253,3028.6067671234496,3057.4271337408773,1166999
2022-12-07,3039.9375,3051.717283114325,3016.0178904534705,3028.8769253670016,1167505
2022-12-08,3012.9150390625,3039.9369437406544,3002.93349851656,3021.4127184253575,1285619
2022-12-09,2960.940185546875,3034.0926487610736,2946.1928983587636,3034.0926487610736,1797896
2022-12-12,2955.274658203125,2963.8623493913924,2909.9985553110337,2927.4435310812128,1527610
2022-12-13,2996.32421875,3000.2357373283435,2938.503688776715,2946.9563625323067,1378016
2022-12-14,3026.223876953125,3036.699819013769,3004.237527032983,3011.3415760111543,1213311
2022-12-15,2972.04541015625,3025.6843963408824,2966.5150134691307,3020.3340212997255,1415694
2022-12-16,2913.730224609375,2960.2653805768264,2900.1967681932483,2944.9784694377604,2703680
2022-12-19,2879.37939453125,2918.450893161783,2872.5901642906533,2901.815138571275,2120965
2022-12-20,2917.057373046875,2921.5985288569414,2844.8491537414297,2876.5470140498965,1529971
2022-12-21,2939.17822265625,2952.2170574887764,2913.5051625782858,2921.5982324743363,1432566
2022-12-22,2931.22021484375,2962.06385014797,2918.0915875468195,2962.06385014797,1384101
2022-12-23,2903.02978515625,2937.650146439141,2892.8234349885756,2892.8234349885756,1360281
2022-12-26,2925.105712890625,2942.281096839824,2900.0622845444204,2903.029787993577,870157
2022-12-27,2931.040771484375,2943.899806965109,2905.862326446313,2939.76326032198,835883
2022-12-28,2928.882080078125,2936.97514996556,2900.9159396516716,2922.3176572617135,910795
2022-12-29,2939.358154296875,2941.8310368741036,2902.714530652486,2905.502231554976,1037927
2022-12-30,2928.5224609375,2966.5599359733387,2919.080545409243,2954.914950729539,1163131
2023-01-02,2932.7939453125,2937.649919541841,2909.1891553518903,2932.3893356780377,709547
2023-01-03,2977.665771484375,2985.4440242743467,2918.271577635895,2924.2963755843903,1245178
2023-01-04,2980.633056640625,2992.053454899718,2955.050003400902,2973.484221029113,1231668
2023-01-05,2977.440673828125,3001.000456972908,2951.227986433968,2994.615835872255,1826057
2023-01-06,2887.922119140625,2968.852818264401,2877.5359688453595,2967.458967871777,2488376
2023-01-09,2985.398681640625,2991.7382972331907,2896.5547111423953,2903.613754663653,2885060
2023-01-10,2955.229736328125,2965.660893386526,2904.6032569263607,2953.9709019935526,3864655
2023-01-11,2993.26708984375,3011.9711192058594,2941.5163554119845,2958.556940867891,2720512
2023-01-12,2998.347900390625,3012.4207633052556,2981.442331005253,2993.5369316546853,2250391
2023-01-13,3034.4970703125,3038.498600471692,2971.9555710443747,3006.036305057248,1742837
2023-01-16,3066.2255859375,3083.6532862672816,3033.1174683396407,3050.5451686694223,1843607
2023-01-17,3107.0126953125,3110.139707684702,3054.2237329495765,3062.5007620361607,1688475
2023-01-18,3117.68115234375,3135.1088531125965,3101.3570106168763,3108.4844527793143,2421189
2023-01-19,3102.138427734375,3114.9217487014175,3091.010332856647,3108.484059820133,1585044
2023-01-20,3092.9423828125,3121.9577927776777,3086.044857553808,3094.6896660665084,1529349
2023-01-23,3140.58056640625,3144.3513027053577,3086.044322440379,3115.841536579629,1067916
2023-01-24,3160.26171875,3174.654462857429,3142.787990669495,3149.8694039858374,1387863
2023-01-25,3154.238037109375,3159.066304386822,3131.4762056585528,3150.145550703775,874110
2023-01-27,3137.039794921875,3169.1822103327586,3110.599287508333,3150.788813871164,1785879
2023-01-30,3157.824951171875,3180.632813128412,3113.5889568511743,3145.2715449050534,1953798
2023-01-31,3088.8955078125,3171.9417516673952,3081.8140938931406,3171.9417516673952,2820375
2023-02-01,3134.556884765625,3144.351279049428,3085.492407490737,3092.8497664355737,2205161
2023-02-02,3182.42578125,3190.3350325720744,3145.363262166592,3151.708894962381,1813847
2023-02-03,3202.566650390625,3222.523443017251,3175.5282196617327,3222.523443017251,1804469
2023-02-06,3182.01171875,3194.151316116606,3160.767479490634,3194.151316116606,1138714
2023-02-07,3193.599609375,3212.4068130598766,3183.3451557440176,3190.242679677012,1455647
2023-02-08,3237.330322265625,3255.5396078857866,3198.658155467108,3198.658155467108,1986946
2023-02-09,3256.413330078125,3262.6211020458163,3223.71901947586,3232.6397728051547,1655427
2023-02-10,3253.37841796875,3257.7928785550507,3226.339987208153,3237.238165731009,1187821
2023-02-13,3202.658203125,3263.9083050860527,3194.3811744561426,3263.9083050860527,1087939
2023-02-14,3218.936767578125,3241.6985980328905,3214.246361188052,3223.4430603616947,1579818
2023-02-15,3237.835693359375,3242.7560170595057,3182.1956652731296,3206.888891516306,1429449
2023-02-16,3272.2314453125,3287.8198047959163,3243.6756507734817,3243.8595398428197,1618931
2023-02-17,3219.90234375,3254.6198842343974,3209.648113656855,3242.894092415164,1061369
2023-02-20,3207.165283203125,3239.07778776799,3195.8993255369815,3220.684387496735,1296082
2023-02-21,3173.781005859375,3227.029806293947,3168.0330686566454,3213.326813814157,1139541
2023-02-22,3128.303466796875,3170.102422501116,3122.279583519376,3140.626954722956,1218430
2023-02-23,3139.569091796875,3175.068214566864,3134.2349615691996,3146.1906700493637,1441570
2023-02-24,3127.291259765625,3158.100199378468,3110.5993419958463,3147.5700246255037,977592
2023-02-27,3064.202392578125,3117.681110007593,3049.6255341549195,3117.681110007593,1128022
2023-02-28,3046.728271484375,3119.5200483675294,3034.8183676201006,3061.121014443196,4116217
2023-03-01,3113.72607421875,3116.761029539812,3048.7054626510703,3056.062821233637,1669307
2023-03-02,3054.6376953125,3099.1956592623837,3051.464878906557,3091.010686559656,1556538
2023-03-03,3073.67529296875,3088.2521536664085,3063.513118125461,3084.5734733165973,1043190
2023-03-06,3100.989013671875,3131.429952365279,3089.1711657538017,3091.838118627816,1334132
2023-03-08,3118.04833984375,3123.1985804357114,3063.2821839352623,3093.769147404515,1844590
2023-03-09,3068.80078125,3113.0827998019863,3063.28276151623,3113.0827998019863,1648500
2023-03-10,3063.42041015625,3069.1683469810705,3025.7139445854286,3046.7742953000575,1024404
2023-03-13,3018.310546875,3099.1036364238453,3009.159876386488,3065.25973960763,1901233
2023-03-14,2956.692626953125,3038.9570525672148,2951.5884142286423,3016.517197373872,2670334
2023-03-15,2941.932373046875,2998.4462760881806,2935.586739643008,2988.927601453564,1780522
2023-03-16,2929.1484375,2961.1529928060677,2917.1927295918367,2950.300843799058,1901060
2023-03-17,2923.90673828125,2962.62470874156,2891.4423439035454,2897.420198622175,6739966
2023-03-20,2890.798583984375,2915.0317523258964,2846.424509123387,2915.0317523258964,2289468
2023-03-21,2856.5869140625,2903.168107097095,2848.631634298453,2890.798591207588,1815297
2023-03-22,2879.302734375,2890.9824978748425,2856.586931436793,2878.612981910102,1123939
2023-03-23,2873.646728515625,2893.603746811064,2851.896623184191,2864.6799461628207,1372218
2023-03-24,2869.829833984375,2915.3534926231273,2856.494620847771,2895.9483685231785,1329577
2023-03-27,2871.4853515625,2899.4892548960856,2856.494687402186,2883.1651142967976,1524217
2023-03-28,2865.599609375,2896.546639011127,2860.3115069743058,2875.808035994818,1303530
2023-03-29,2886.751953125,2896.960379511943,2854.7476180791455,2877.6473103151966,1740616
2023-03-31,2948.3701171875,2954.8998643400846,2898.799991409881,2933.701424827088,2382581
2023-04-03,2942.944091796875,2965.8898141068407,2918.8027535438537,2965.8898141068407,1521830
2023-04-05,2979.546630859375,3002.124572143045,2929.608509647277,2929.608509647277,2655065
2023-04-06,2961.981201171875,2995.68724226627,2956.739126941226,2965.9358271805454,1703464
2023-04-10,3001.250732421875,3009.159983559372,2956.738798026706,2961.3371476348343,2203187
2023-04-11,2955.635498046875,3010.033888866784,2935.7245077814828,3001.8028872526584,2348779
2023-04-12,2981.248046875,2998.997722073373,2942.0242127497345,2968.6486132828945,2417727
2023-04-13,2932.689208984375,2970.5335324422176,2924.550041227942,2952.1401359565075,4174070
2023-04-17,2887.303466796875,2909.283486192707,2823.6163302860664,2882.3373394653017,5505048
2023-04-18,2879.25634765625,2903.2598202590466,2860.7250902170117,2901.5123128481664,2617302
2023-04-19,2841.411865234375,2887.7631327122667,2824.76575226934,2879.2561871780026,3298034
2023-04-20,2855.391357421875,2862.9326062428067,2830.744157409367,2841.7801970094033,2419999
2023-04-21,2906.93896484375,2910.249642075821,2851.7127372827904,2860.173656247601,1929184
2023-04-24,2919.76806640625,2925.4239465242517,2875.02599070183,2897.9719345104572,1640676
2023-04-25,2920.872314453125,2934.8512554351682,2894.6617159134794,2927.3100053225116,2024090
2023-04-26,2941.242431640625,2950.6690488552285,2925.4701814296627,2925.4701814296627,2000029
2023-04-27,2931.86181640625,2942.2081034997614,2915.951481125579,2929.1488349186,2434446
2023-04-28,2960.647216796875,2968.0045757265557,2939.4948098740424,2943.311350007304,2931312
2023-05-02,2960.785400390625,2975.1323416797973,2952.140592516893,2975.1323416797973,2321159
2023-05-03,2924.458251953125,2957.658425458373,2918.2504800713327,2957.658425458373,2468285
2023-05-04,2961.981201171875,2965.42996376162,2922.7113360557437,2924.6885367956716,1953253
2023-05-05,2971.177490234375,2983.4091447657124,2952.186396679855,2961.3370672458673,1710027
2023-05-08,2989.479248046875,2993.38784535891,2971.7295729946986,2984.3290064830276,928235
2023-05-09,3019.506103515625,3033.0712341108756,2985.2484008259253,2991.3183117851413,1107375
2023-05-10,3022.771240234375,3040.888693365604,3003.6880887487146,3025.714139172187,1559987
2023-05-11,3018.49462890625,3043.831580870088,3009.160068749002,3043.1878568124844,1719623
2023-05-12,3011.275146484375,3025.7139187593248,2998.1238222356833,3015.7354107050955,1027479
2023-05-15,2993.57177734375,3027.553537790775,2987.41003345753,3020.196178039157,1150390
2023-05-16,2996.422607421875,3021.1158357999793,2989.3411935953186,2994.629295895425,986306
2023-05-17,2950.944580078125,3016.5170847842187,2941.334075125344,2994.39898015619,1588815
2023-05-18,2942.805908203125,2969.56816838411,2938.3454192418985,2966.809158600784,1369364
2023-05-19,2963.958251953125,2974.6723165667154,2945.748742874228,2952.1404038272244,1152449
2023-05-22,3033.71533203125,3042.6821143773673,2958.6243676314443,2970.5340490212952,1333243
2023-05-23,3032.197998046875,3060.6157110445483,3025.806336495552,3040.4289995858485,1687418
2023-05-24,3037.991943359375,3050.729237970391,3012.838879386915,3012.838879386915,1016555
2023-05-25,3028.932861328125,3040.42873525149,3004.653665413494,3029.3926962850596,1374917
2023-05-26,3061.489013671875,3070.455795118888,3026.6336145765354,3028.932789306539,1791115
2023-05-29,3053.626220703125,3101.127084002137,3045.9468867778996,3090.826825426039,1210372
2023-05-30,3049.80908203125,3059.69553282269,3036.152119608709,3048.705523127727,1344224
2023-05-31,3025.254638671875,3060.385989782911,3002.860583074768,3043.1882047013933,5815424
2023-06-01,3056.982666015625,3071.6973840229207,3032.611414316042,3047.7859672610653,1177314
2023-06-02,3040.061279296875,3067.9271010174266,3032.5658339871675,3059.0523752195204,2030661
2023-06-05,3024.701904296875,3059.7414133596567,3021.161310297138,3048.705375800199,1861468
2023-06-06,2972.6494140625,3024.656797960872,2961.889319866343,3016.517628572255,2022849
2023-06-07,3011.826904296875,3015.45978007146,2980.6501840988403,2991.6862230402735,1567196
2023-06-08,2976.465576171875,3007.320545945049,2973.2927599511754,2999.0435169195125,1759366
2023-06-09,2951.49658203125,2988.92710113042,2947.8639309217856,2984.3287517440654,1775689
2023-06-12,2986.075927734375,2992.9734515668288,2953.059870134538,2956.7385495118465,2324605
2023-06-13,2983.133056640625,3002.7220694111443,2978.810653238192,2998.1237201471154,1371928
2023-06-14,2989.893310546875,2994.307771618209,2966.7176705833945,2983.1336459818185,1658544
2023-06-15,2979.93310546875,3008.793791293159,2974.0960492911586,3006.8018859763647,2273810
2023-06-16,2941.5751953125,2964.2746801787644,2924.064254609405,2962.0511476509087,4156189
2023-06-19,2974.466796875,2978.6360907303124,2941.6684423593424,2955.5660885437173,1468186
2023-06-20,2990.494873046875,2994.942164191664,2965.8034836575825,2977.8017372658956,1528452
2023-06-21,3018.7529296875,3021.717714574775,2987.019982234533,3011.1555977267994,1645987
2023-06-22,3000.501220703125,3027.508883993475,2992.7186308509686,3020.4211763137832,1529603
2023-06-23,2979.979248046875,3010.600209425588,2973.308197955416,2999.389578963673,1119505
2023-06-26,2955.2412109375,2977.7090684012846,2939.8149168077966,2969.463223564131,1978803
2023-06-27,2962.375732421875,2973.7716202061024,2948.431716890738,2966.6839118331172,863542
2023-06-28,2979.14501953125,2993.5059172295346,2958.7154391788054,2972.242568780507,1575872
2023-06-30,3059.56640625,3066.746855836929,2977.8946733632847,2983.3609896661364,2672406
2023-07-03,3031.817138671875,3074.899831225918,3028.527984645769,3070.7305383981075,1687264
2023-07-04,3065.680908203125,3071.378850885963,3036.449489586195,3048.216114453942,1656681
2023-07-05,3075.96533203125,3084.350288689611,3062.114059513116,3076.0117027484253,1453008
2023-07-06,3078.69921875,3083.8413932040426,3059.335255071085,3063.550919756784,1848238
2023-07-07,3084.582275390625,3110.2001769257495,3059.3348872388206,3059.3348872388206,1789326
2023-07-10,3031.492919921875,3080.412670096129,3025.238980370586,3080.412670096129,1407431
2023-07-11,3031.909912109375,3052.849119462837,3021.162536512691,3052.849119462837,1110172
2023-07-12,3020.328369140625,3047.4287732769135,3011.2487565769347,3039.8314402630454,1515240
2023-07-13,3095.052001953125,3119.9750222295534,3032.2345994922275,3042.657833544412,4585146
2023-07-14,3256.356689453125,3265.8072677930727,3105.66000208669,3117.704626199795,6306101
2023-07-17,3235.09326171875,3289.0160708092913,3221.5199876631723,3252.0484312581953,2743228
2023-07-18,3239.864990234375,3265.0196338808823,3210.355570771072,3220.547175757647,2600090
2023-07-19,3215.03466796875,3258.3953622895324,3192.427698113294,3242.7835851217083,2405370
2023-07-20,3217.125244140625,3231.6162445859936,3191.812201185396,3207.650315621179,1715404
2023-07-21,3128.8779296875,3190.743799344201,3120.2854288918306,3162.0867841140066,3770223
2023-07-24,3153.44775390625,3170.818493731305,3132.4078294134024,3140.6751177427,1680132
2023-07-25,3157.53466796875,3164.641033805337,3139.9316997265273,3156.0020424597774,1272980
2023-07-26,3147.4560546875,3177.6924112049487,3144.390576862288,3158.6495731471414,1066803
2023-07-27,3155.44482421875,3169.1463793117077,3144.4372702670335,3153.633477546884,1701769
2023-07-28,3116.894287109375,3152.47192520402,3094.228757385738,3144.3903763886888,2599831
2023-07-31,3178.249755859375,3183.0800891327967,3122.0036670222876,3125.254883408398,2743678
2023-08-01,3206.67431640625,3214.0591758025353,3172.2578281403635,3172.2578281403635,1956167
2023-08-02,3196.08447265625,3201.4257559135945,3170.957399805504,3190.789680697638,1914899
2023-08-03,3158.27783203125,3189.210877378925,3128.5989179384605,3176.9027017071066,2026351
2023-08-04,3198.77880859375,3224.277587720079,3159.485492720518,3159.485492720518,2248493
2023-08-07,3236.399658203125,3240.068842182521,3196.641887374026,3208.4391110234615,1853889
2023-08-08,3223.906005859375,3241.8804503952497,3210.901141336807,3236.399919632617,1634225
2023-08-09,3216.3818359375,3220.5619711755417,3181.593866924947,3218.6111506830484,1794589
2023-08-10,3197.431640625,3218.61080881872,3186.2381232080143,3204.770008770933,1096701
2023-08-11,3203.65576171875,3220.236829119453,3171.3293364816013,3193.7163741820514,1679974
2023-08-14,3204.630615234375,3209.414456343141,3168.542029113301,3196.1308721360797,1190425
2023-08-16,3212.5732421875,3219.6331170018425,3191.022367661881,3204.770413634263,1328445
2023-08-17,3191.533447265625,3214.802913522075,3170.586278504093,3209.4151379764926,1843241
2023-08-18,3127.762939453125,3167.6134698101937,3117.9163083336994,3167.6134698101937,2526749
2023-08-21,3159.85693359375,3167.3812675130794,3132.314578504026,3135.1013352464674,1375579
2023-08-22,3141.742919921875,3168.54232050071,3125.858543041599,3158.3242127535664,1222012
2023-08-23,3156.698486328125,3160.181932020387,3136.0300418873685,3147.177068102608,1330046
2023-08-24,3146.945068359375,3170.4467623713062,3137.9810915042904,3165.7556764722162,1152881
2023-08-25,3140.953125,3145.1332595217496,3112.1101514425654,3135.100891312188,1158046
2023-08-28,3135.6123046875,3152.7508133982506,3121.2605527357937,3152.7508133982506,1037485
2023-08-29,3136.169677734375,3148.617327956399,3125.812321973633,3140.721516741904,944517
2023-08-30,3149.917724609375,3165.8488209595616,3142.5793554875713,3156.466648681639,1188200
2023-08-31,3118.1953125,3174.4876672491537,3105.9798917034645,3159.2534865205184,3417652
2023-09-01,3139.0029296875,3148.106380926571,3118.1952355297863,3126.741244673602,1277950
2023-09-04,3175.509521484375,3188.839599513233,3130.5034424257988,3137.8883029323442,1828332
2023-09-05,3185.588134765625,3201.9834627096716,3163.1081158549873,3176.902652296802,1501842
2023-09-06,3186.098876953125,3199.103741686018,3156.5594370607423,3189.907535196781,1314818
2023-09-07,3209.64697265625,3214.059337353484,3179.039140798069,3186.9349513089087,1885092
2023-09-08,3197.24609375,3218.704212548399,3190.88313491419,3209.6472526429598,1518917
2023-09-11,3233.2412109375,3237.932296351562,3200.1253456084146,3215.9169656012573,1783604
2023-09-12,3326.273193359375,3334.7262201689637,3235.424869998596,3243.785140980505,4476016
2023-09-13,3314.24365234375,3333.750950799181,3293.0177630715493,3317.2626390094715,1754929
2023-09-14,3306.998046875,3341.9717556173255,3293.575213025077,3316.2872366378338,2604721
2023-09-15,3342.52880859375,3350.935569707804,3309.2269764561156,3314.243274416184,2952897
2023-09-18,3349.821044921875,3362.0364654202117,3321.1175395324153,3325.5763959350998,1395753
2023-09-20,3349.728271484375,3367.331240473756,3325.529887143737,3325.529887143737,1649396
2023-09-21,3330.453125,3348.7527827829417,3277.2260243157334,3333.472111558681,2004073
2023-09-22,3347.49853515625,3375.45908502732,3311.6424013468136,3329.2453693121192,1989083
2023-09-25,3322.8818359375,3362.686097726141,3305.6968379242585,3346.430018524426,1238778
2023-09-26,3330.824462890625,3339.4169627375986,3284.6572387999286,3314.0111668297322,1726062
2023-09-27,3334.168701171875,3357.112952975128,3302.956934967385,3334.818899053876,1541134
2023-09-28,3285.354248046875,3346.7093928835707,3276.6225002286055,3344.1083743461513,1755753
2023-09-29,3277.783203125,3314.8004838838106,3256.371577894297,3285.7717693049917,2243791
2023-10-03,3264.081787109375,3282.9851507659523,3232.7307740458355,3282.9851507659523,1948148
2023-10-04,3286.282470703125,3295.803888362572,3230.1293748396547,3238.4896440040466,1788138
2023-10-05,3334.215087890625,3366.4020365150864,3298.776696384458,3301.37771461772,2990768
2023-10-06,3363.987060546875,3376.573957922691,3320.931802445196,3335.748014629831,2075691
2023-10-09,3379.732177734375,3417.492640385133,3372.904533090084,3385.955889020274,4233074
2023-10-10,3370.953857421875,3388.696299926251,3345.3623220029544,3381.3114396957885,1848148
2023-10-11,3353.30419921875,3390.553937299432,3348.7525873875215,3390.553937299432,2426417
2023-10-12,3290.74169921875,3333.56472449737,3286.6080554652567,3320.885072209126,4241281
2023-10-13,3317.030029296875,3322.742789618248,3274.439008499951,3279.0836028382487,2890357
2023-10-16,3273.556640625,3320.5598001135572,3268.958537503607,3312.5247424765194,1671104
2023-10-17,3257.765380859375,3282.9389493515223,3254.3284259625857,3279.0840262676807,1672065
2023-10-18,3239.372314453125,3272.302442885238,3236.353328139562,3261.434137513778,1408245
2023-10-19,3218.32421875,3238.0684358855883,3214.8317596869083,3231.223125172474,1514545
2023-10-20,3254.552978515625,3259.1629792610242,3207.5211938456205,3213.434955097758,1481211
2023-10-23,3175.949462890625,3240.0244989975004,3167.707394851243,3234.4831753695994,1106272
2023-10-25,3157.276123046875,3189.7791834853465,3145.2619278002267,3157.6485610531586,1518537
2023-10-26,3107.59033203125,3142.002652711776,3101.3039051963924,3136.740771569839,1984471
2023-10-27,3120.814697265625,3131.1058550837997,3107.8227954832364,3119.9299864755294,1108851
2023-10-30,3146.519775390625,3150.5245077395016,3104.7964806224877,3119.9304717166356,910972
2023-10-31,3137.39208984375,3165.564590242347,3119.9764077993404,3165.564590242347,999811
2023-11-01,3101.909423828125,3140.0472649317667,3083.609026294752,3124.587219335214,1563475
2023-11-02,3129.336669921875,3144.0979943996585,3113.5971840186144,3113.5971840186144,1245384
2023-11-03,3120.768310546875,3155.2272412387383,3114.621718793595,3149.732529726521,1402598
2023-11-06,3148.102783203125,3159.3252644555632,3128.3121806905697,3143.213340229435,1099852
2023-11-07,3138.975830078125,3170.3613524077323,3134.8314904867043,3146.0073603280116,1191144
2023-11-08,3149.313720703125,3168.312609208247,3138.137850435721,3139.907272278595,992899
2023-11-09,3117.5556640625,3158.580468385049,3112.526613178185,3157.2767077479807,2112352
2023-11-10,3104.5166015625,3117.5551151320815,3094.179059370797,3108.7541639473407,1338557
2023-11-13,3102.7470703125,3125.5178566599852,3098.509508077405,3125.5178566599852,1030990
2023-11-15,3170.50146484375,3178.6039257134944,3125.5651509217823,3150.757471869869,2059802
2023-11-16,3257.626708984375,3286.963369638234,3179.7214403793696,3194.4829939118117,3951984
2023-11-17,3261.910400390625,3282.446106711715,3252.6903987151904,3257.6264533729463,2021292
2023-11-20,3277.882568359375,3291.200297423911,3251.4794860942648,3251.4794860942648,1475621
2023-11-21,3269.128173828125,3295.996918736589,3260.560052355792,3277.8827416982326,1807236
2023-11-22,3287.707763671875,3290.0360697315477,3242.026580680009,3259.6284835416786,1798051
2023-11-23,3267.31201171875,3300.606789576356,3259.628601443918,3287.56827517058,2729804
2023-11-24,3219.675048828125,3263.8662551978136,3215.8565356961108,3254.273588142524,1989733
2023-11-28,3231.828125,3242.165893916405,3197.229591042016,3219.6745503701736,1689195
2023-11-29,3272.434326171875,3276.3924466659996,3237.090683940245,3241.9335153053853,1441634
2023-11-30,3248.08056640625,3275.1353041689813,3241.9337467212595,3259.116602029924,3266235
2023-12-01,3270.478271484375,3275.414325764336,3250.361843721189,3259.628456286476,1172141
2023-12-04,3271.2236328125,3304.1459737662194,3257.766068313779,3301.212171500063,1625213
2023-12-05,3289.058349609375,3295.0187221482606,3262.236218437115,3295.0187221482606,1377656
2023-12-06,3356.579345703125,3364.728417171479,3283.051256098317,3289.989790276004,1896572
2023-12-07,3366.637451171875,3381.2127840148296,3345.030815693545,3357.4174498180882,1967653
2023-12-08,3377.626953125,3394.6701987746455,3354.6699465710817,3383.494329807486,1641155
2023-12-11,3392.714599609375,3402.12104768493,3366.7307931511145,3374.0881498547355,1102503
2023-12-12,3419.90966796875,3444.403269429635,3381.6322197535496,3389.036188640435,2236866
2023-12-13,3346.75390625,3399.327014186455,3318.301959327764,3393.3200297320063,3850968
2023-12-14,3415.392578125,3425.4042954103893,3378.4657304357984,3380.7008135779533,3290396
2023-12-15,3595.8359375,3628.3856112730377,3414.879942101353,3414.879942101353,8531230
2023-12-18,3594.15966796875,3659.1660225226565,3567.1047044603515,3593.135349665333,2521612
2023-12-19,3554.113037109375,3590.341620394988,3529.7124319987875,3580.9351717771337,2004435
2023-12-20,3520.4453125,3631.0398484080574,3507.872459996768,3564.403684666202,2586083
2023-12-21,3527.3837890625,3545.26513467688,3486.2659937315334,3498.27996242007,1517562
2023-12-22,3561.37744140625,3581.8199259626003,3503.635443140772,3539.025700142194,2413058
2023-12-26,3534.88134765625,3570.6906542039846,3529.852069465564,3557.512531080164,1285231
2023-12-27,3549.4560546875,3555.9753117984196,3509.2229705634127,3538.093966340341,1293976
2023-12-28,3538.93212890625,3574.4156056228353,3531.6679956087487,3561.377091167723,1682889
2023-12-29,3532.87841796875,3560.073214846418,3506.8013899069297,3531.574657515115,1574996
2024-01-01,3549.363037109375,3568.8275851289145,3513.8795612451445,3529.71204270318,825907
2024-01-02,3523.37939453125,3549.3634298706984,3508.524845464829,3549.3634298706984,1344068
2024-01-03,3438.20947265625,3512.8084878989966,3433.8323028478494,3508.2914833063164,1803075
2024-01-04,3414.972900390625,3463.58788246761,3400.2579615190225,3447.5225716387404,3598144
2024-01-05,3481.1904296875,3490.364047651674,3422.4707254669115,3422.6103328983795,1963127
2024-01-08,3425.68359375,3482.9133158422196,3420.1886545813795,3481.1902782695042,1067805
2024-01-09,3436.487060546875,3494.6483369499874,3429.8281951199665,3455.160123552573,1370944
2024-01-10,3458.046875,3473.1342532438607,3434.7172021085626,3436.579847012092,1292227
2024-01-11,3479.001220703125,3513.8791969420186,3452.4119223599428,3468.2444021765377,1777909
2024-01-12,3616.138671875,3637.0468143478074,3559.141786285624,3583.728606775587,6813450
2024-01-15,3635.69677734375,3692.6936681850148,3618.1878690791377,3688.0370557408974,2801505
2024-01-16,3596.11572265625,3631.226536485312,3590.760618120525,3631.226536485312,1432672
2024-01-17,3617.8154296875,3641.4243183462013,3550.713598917996,3556.7205834939423,3458696
2024-01-18,3634.579345703125,3640.353499833649,3596.7675605644026,3630.2951711755672,2239110
2024-01-19,3697.834716796875,3717.059837136614,3671.5760158450357,3699.6634019644803,2941975
2024-01-23,3618.308349609375,3689.253641723034,3603.7722828902806,3657.461948675322,2618854
2024-01-24,3602.881103515625,3642.12834296067,3568.932402810829,3638.70542557381,2657709
2024-01-25,3573.340087890625,3620.8870436828015,3543.7051787524156,3601.0991467068993,2205154
2024-01-29,3564.61865234375,3582.4370565517297,3545.7218573588943,3564.4311359857325,1646747
2024-01-30,3564.196533203125,3608.5080891700763,3551.4891523141855,3570.6673355072853,1411621
2024-01-31,3578.638427734375,3595.565955397303,3560.3511204494907,3574.183827241903,2459358
2024-02-01,3614.462890625,3662.0567819751186,3568.4165242500367,3582.4367479301113,2363107
2024-02-02,3719.638427734375,3736.612663128637,3631.2028376276817,3634.063205902369,2826510
2024-02-05,3726.20361328125,3771.8749524182936,3715.700178349996,3735.300332044272,1691523
2024-02-06,3878.78515625,3891.820633736524,3741.864790482955,3748.4294655539775,4474396
2024-02-07,3829.455810546875,3896.6031428098927,3820.593545941405,3894.7275215618497,2124267
2024-02-08,3877.00341796875,3899.417002760364,3831.9415667460817,3835.6458733260915,2345173
2024-02-09,3876.62841796875,3924.5034728185747,3845.0240130368975,3879.3008122308597,2100596
2024-02-12,3864.436767578125,3900.917512535836,3850.2285690197773,3873.1582239962727,1013716
2024-02-13,3891.445068359375,3910.6701855786464,3827.6739478271575,3868.890906690215,1257415
2024-02-14,3845.11767578125,3858.997090733716,3797.6643636034514,3851.5884779156377,1391283
2024-02-15,3848.02490234375,3888.444175657724,3829.0809437517446,3871.282423660838,1091582
2024-02-16,3871.563720703125,3889.9920672478725,3845.1177337734257,3857.4498528668705,1307556
2024-02-19,3848.58740234375,3871.5637647018066,3802.8224229354896,3866.640258482223,772291
2024-02-20,3779.986572265625,3843.1482139238024,3760.6208730684352,3828.2371155114192,1193648
2024-02-21,3743.27197265625,3810.653773179676,3733.0499260702422,3763.434905742085,1885939
2024-02-22,3832.926025390625,3840.2877016688244,3724.0461165985157,3724.0461165985157,2982052
2024-02-23,3800.102783203125,3873.1581442686033,3794.7570791114713,3873.1581442686033,2538072
2024-02-26,3752.2275390625,3798.1333269385277,3735.065557497388,3785.0039771663946,1379284
2024-02-27,3849.150390625,3867.531573098657,3750.305228133252,3750.305228133252,2960475
2024-02-28,3862.795654296875,3896.509674983892,3834.7080400231876,3840.8976823678586,1939225
2024-02-29,3840.428955078125,3880.754817970432,3811.778790417747,3844.0863254782985,3772719
2024-03-01,3839.7255859375,3882.536555650418,3832.645068891089,3851.7765458152944,2043265
2024-03-04,3826.924072265625,3861.8105844645606,3822.4225351204777,3849.712918034811,1749271
2024-03-05,3762.5908203125,3811.2631094828985,3732.4870019050036,3809.3874878739007,2070859
2024-03-06,3811.5439453125,3818.765041667535,3712.2765944807757,3745.662745858388,1744204
2024-03-07,3853.08935546875,3867.5315494972733,3786.598435635506,3812.2007150112554,2688905
2024-03-11,3865.983642578125,3894.7274460641324,3834.7075672902088,3834.7075672902088,2304068
2024-03-12,3931.536865234375,3966.8925114142617,3864.764560938834,3865.983989585085,4039801
2024-03-13,3890.976806640625,3977.25539574907,3874.9401512123873,3943.4942087066347,2837260
2024-03-14,3945.932373046875,3962.2501875616867,3831.8945009176455,3895.1500154804917,2919608
2024-03-15,3956.858154296875,3975.3799172991535,3917.235648633773,3931.865588461695,3373143
2024-03-18,3894.2587890625,3990.1499296240027,3861.76374108121,3953.106408331295,1526904
2024-03-19,3729.954345703125,3805.6356194004047,3719.919817535177,3799.3053975100765,8931209
2024-03-20,3723.952392578125,3768.123367840969,3713.9178639455963,3738.113425638154,1817913
2024-03-21,3725.875,3759.120343748554,3702.476668668117,3741.9116546616547,3829582
2024-03-22,3667.68408203125,3693.098845711536,3615.2605510964886,3654.6486037932596,5852485
2024-03-26,3636.36083984375,3701.257291825828,3630.68703955033,3634.016313190079,3440925
2024-03-27,3602.037353515625,3652.7730085811854,3591.2525294851544,3646.677238477006,1968575
2024-03-28,3635.2353515625,3671.5285767596242,3601.6616855799075,3610.6647591136507,4311783
2024-04-01,3673.170166015625,3688.690979343402,3646.2550439346555,3655.3048258696854,1569676
2024-04-02,3642.269287109375,3666.6993019354495,3632.140885633653,3648.0836677291272,2142666
2024-04-03,3701.820068359375,3733.4242418469757,3611.5088559037185,3611.5088559037185,3973090
2024-04-04,3754.337890625,3778.111256202073,3690.5198221169708,3728.6417382256623,3394637
2024-04-05,3731.783447265625,3753.118641944344,3714.19949560734,3730.6111838217394,1636819
2024-04-08,3725.5,3781.8622865716975,3713.7304297404708,3735.3000761758317,2302538
2024-04-09,3701.11669921875,3766.1070236289547,3680.953770065772,3736.237662579727,1876992
2024-04-10,3736.847412109375,3742.052307422326,3674.3424188992844,3710.3542591400274,2101965
2024-04-12,3752.555419921875,3763.762440285618,3700.131896496917,3724.0460679227617,4354821
2024-04-15,3696.099365234375,3811.450077595125,3675.326950485817,3752.555521752734,4200329
2024-04-16,3631.953369140625,3684.37689632826,3622.622198353119,3659.33739612377,3051420
2024-04-18,3621.82470703125,3691.222694685396,3610.5709793035503,3635.7043503536142,3476284
2024-04-19,3588.251220703125,3612.9626239981167,3564.5245644253832,3599.3174326502835,2957749
2024-04-22,3624.263427734375,3636.8299998951316,3574.934491903105,3598.379760081903,1728883
2024-04-23,3633.7353515625,3652.7729560208513,3620.5123570552523,3635.9392984592287,1807586
2024-04-24,3592.800048828125,3655.5864350077914,3586.6104060723746,3648.0839487378935,1317312
2024-04-25,3612.63427734375,3632.7502707587055,3573.9965228878514,3574.1840392334375,2856271
2024-04-26,3583.702880859375,3635.704436508526,3566.0719945433134,3615.4006982107267,2039178
2024-04-29,3629.5146484375,3636.642100796793,3581.6863063865258,3599.317191992929,1110693
2024-04-30,3583.04638671875,3640.3467125091584,3573.058794270598,3631.2030581143713,2203078
2024-05-02,3623.04443359375,3630.3594034721755,3543.0960645672344,3543.0960645672344,2491044
2024-05-03,3604.381591796875,3651.459872612422,3561.430044438285,3648.224242496259,2962234
2024-05-06,3677.202392578125,3694.926921786494,3613.3843338311763,3613.3843338311763,2053831
2024-05-07,3731.501708984375,3739.988941315255,3670.12204659911,3686.3462169354693,2062112
2024-05-08,3729.6259765625,3736.518976345146,3693.6610759161904,3714.6679426556366,1247685
2024-05-09,3713.917724609375,3724.0461255143723,3666.8866116609574,3715.6058295864877,1726486
2024-05-10,3651.740966796875,3726.484662213695,3643.441479536376,3716.1687445881325,1672489
2024-05-13,3702.2890625,3709.041253630369,3629.327345524533,3642.925600436705,931326
2024-05-14,3658.587158203125,3700.413608162642,3650.803283386374,3691.2230172569975,1058317
2024-05-15,3639.080810546875,3682.735947564617,3634.485629369305,3661.682141626229,1115021
2024-05-16,3684.94189453125,3693.018499850829,3630.6731306245456,3675.6374588606977,2599399
2024-05-17,3621.7939453125,3702.937300542508,3617.9208829280115,3701.992673680125,2765804
2024-05-21,3608.66357421875,3631.8542103330115,3599.0757035999536,3618.487832180219,1908117
2024-05-22,3619.810302734375,3628.548101612322,3606.160490071024,3622.644183451547,1311168
2024-05-23,3677.857421875,3688.7679082914883,3613.6700725144915,3628.2645114562283,2095742
2024-05-24,3636.34130859375,3668.742057896385,3631.429294761055,3663.4993323947815,1309452
2024-05-27,3634.02685546875,3691.9325288692844,3628.64252842061,3641.5365929797185,1841538
2024-05-28,3627.272705078125,3655.706066734782,3617.9209911096164,3644.370544047232,1801993
2024-05-29,3593.02978515625,3635.774149635783,3589.5819894414226,3635.774149635783,1568095
2024-05-30,3529.220947265625,3584.292515624753,3509.714261782953,3567.856098444586,2919230
2024-05-31,3467.677734375,3542.161650427461,3451.4301994032935,3532.9042615855815,10956800
2024-06-03,3497.811767578125,3543.815050940118,3491.3409811408733,3526.1032967744277,2156773
2024-06-04,3509.288818359375,3537.627624429572,3392.6274000370645,3495.1194153242764,3395997
2024-06-05,3538.99755859375,3574.2794671048623,3495.1196832887176,3510.2337143515874,2799670
2024-06-06,3618.298828125,3627.2727837806888,3534.321587974697,3571.63435096414,4328036
2024-06-07,3678.32958984375,3698.2140306925203,3624.8165722996846,3624.8165722996846,4552445
2024-06-10,3645.031982421875,3689.6183285403354,3629.1622034653205,3679.3219869872228,1734661
2024-06-11,3638.79736328125,3665.1050839975637,3628.3119124726636,3632.0904200618043,1419898
2024-06-12,3619.479736328125,3677.9050050406395,3615.512349289223,3659.862538168497,2177001
2024-06-13,3663.40478515625,3674.5987063691045,3638.7028835305373,3643.23713885556,1932323
2024-06-14,3619.857177734375,3673.6536279097,3616.0313930671978,3673.6536279097,1860730
2024-06-18,3603.84619140625,3629.256562858962,3584.9063758687394,3614.1898098741085,1774045
2024-06-19,3591.187744140625,3621.5576348500226,3582.922259445668,3615.7007640544557,1509050
2024-06-20,3577.5380859375,3598.981069597492,3570.736818650082,3585.8035709865335,2846526
2024-06-21,3599.73681640625,3663.074093663598,3587.7401013764106,3615.087002922448,4642195
2024-06-24,3605.451904296875,3643.4258585651314,3581.363918973201,3597.8476118252383,1702154
2024-06-25,3625.90283203125,3634.593352796922,3582.875033532891,3605.6406325261373,1338808
2024-06-26,3642.339599609375,3652.8248194664434,3628.3117983770853,3631.6179924136177,1639845
2024-06-27,3716.3037109375,3723.7191241208575,3606.679947095457,3618.865541478185,4526556
2024-06-28,3687.965087890625,3740.722593484322,3682.0141228075263,3700.8593836882187,2731571
2024-07-01,3757.914794921875,3780.1135277066987,3668.930984521538,3668.930984521538,2658723
2024-07-02,3794.944091796875,3800.61185331036,3762.023982045802,3772.462155624164,2307449
2024-07-03,3745.681640625,3803.162277059337,3735.9992153513335,3797.399960989219,1821198
2024-07-04,3798.29736328125,3823.2356509992096,3761.598747788845,3778.3658747158024,2518001
2024-07-05,3789.654296875,3803.7764231043757,3767.172130214255,3787.953922306711,1668616
2024-07-08,3772.083984375,3808.027083028784,3757.7729794930797,3799.2892844506714,1758882
2024-07-09,3764.810546875,3785.0727479543702,3754.9865192673674,3764.3382334203675,1305801
2024-07-10,3692.68798828125,3781.6247453008073,3685.933998497865,3763.109966642414,2669716
2024-07-11,3706.4326171875,3759.615159156207,3679.8887389846327,3713.3284398600626,4872189
2024-07-12,3952.271728515625,3967.3857582493197,3751.396688713167,3759.614896256505,13509164
2024-07-15,3938.338623046875,4005.2180225102193,3926.8610373129627,4001.156311371623,4848030
2024-07-16,3947.076416015625,3962.2845399612966,3915.383907085896,3940.983388073058,2029521
2024-07-18,4076.58447265625,4085.5113814437846,3929.6479414580676,3929.6479414580676,5613364
2024-07-19,4073.601806640625,4126.955252351664,4057.363922028097,4087.804118951557,3903354
2024-07-22,4059.3525390625,4090.2189918084346,4038.191000209214,4071.282574456926,1896386
2024-07-23,4073.555419921875,4129.749338708775,4039.422245498756,4055.234341117392,2365208
2024-07-24,4077.247314453125,4108.350472060897,4041.1261912304362,4059.494423388743,1809793
2024-07-25,4092.63330078125,4112.043129044065,4046.902036678233,4066.5957262823526,2810342
2024-07-26,4154.50732421875,4187.26741308513,4106.408555000571,4118.670068060141,3552210
2024-07-29,4148.11669921875,4195.362964674367,4138.553716676068,4180.21383187482,1746803
2024-07-30,4133.20458984375,4164.118198879963,4097.177778242139,4157.585227320139,1797906
2024-07-31,4152.140625,4179.266948047126,4113.936313834336,4118.670417762799,2330091
2024-08-01,4163.265625,4184.2847683252885,4132.919742480951,4165.443127805721,2202244
2024-08-02,4055.281005859375,4164.118251496919,4042.9251782382544,4132.873162297419,2811282
2024-08-05,3934.087646484375,4013.5734389112836,3891.9069640587004,4013.5734389112836,2787771
2024-08-06,3949.379150390625,4031.799717033467,3939.531844107783,3949.1424451879575,2203067
2024-08-07,3977.07421875,4019.207750753754,3957.9954068783913,4003.1589508286056,1237666
2024-08-08,3950.657470703125,4006.9461596918663,3938.775053005237,3958.658292455504,2441283
2024-08-09,4003.868896484375,4027.4446445233084,3981.9024665927805,3992.7437508660028,1302536
2024-08-12,3972.52880859375,4013.573584922349,3963.723559610809,4005.0521972685856,936912
2024-08-13,3973.76025390625,4008.8397841438527,3960.5519171170845,3988.956544779889,1495593
2024-08-14,4066.83203125,4077.1999039105713,3965.42743135513,3985.168737449799,3226545
2024-08-16,4181.20751953125,4191.575391499624,4095.0944511200714,4118.670194945417,3457058
2024-08-19,4251.2255859375,4255.249574521071,4156.87498137627,4185.894947757169,2055210
2024-08-20,4282.7548828125,4322.23750010525,4260.694140300903,4265.428244901237,2212298
2024-08-21,4309.455078125,4317.503055311436,4253.639804359008,4277.736579801988,1896990
2024-08-22,4262.587890625,4318.403170209416,4258.04333501898,4317.503505386495,1829872
2024-08-23,4226.5126953125,4266.37393797267,4218.0860838145245,4260.6930139540655,1809253
2024-08-26,4263.013671875,4310.0703901887255,4246.491463306979,4250.278746663329,1844164
2024-08-27,4257.99560546875,4270.162346746741,4248.1959164894,4265.428242149461,930697
2024-08-28,4266.421875,4319.8700965173775,4220.2643589002255,4259.510267771518,1848058
2024-08-29,4271.86669921875,4313.716371329259,4222.821557534789,4222.821557534789,2133641
2024-08-30,4311.5849609375,4348.037559564147,4249.141947974499,4260.693345971727,3637222
2024-09-02,4280.62451171875,4344.014356887433,4272.055967366194,4332.652505910395,1216500
2024-09-03,4272.38720703125,4313.6210706253505,4256.811818932973,4280.62427113772,1717263
2024-09-04,4241.046875,4248.384735865379,4200.759836723105,4238.869372185236,1265505
2024-09-05,4237.92333984375,4259.747377422697,4217.282366116104,4242.704600629275,1688793
2024-09-06,4219.7431640625,4278.635596658736,4203.883917302406,4236.028665064455,1649179
2024-09-09,4212.92578125,4251.461567938645,4194.88903218132,4218.086138893528,1184938
2024-09-10,4268.1259765625,4298.519014859862,4204.310350980651,4206.20399246566,1385591
2024-09-11,4241.142578125,4307.420045613886,4233.473235852587,4281.00383317773,1325919
2024-09-12,4277.45263671875,4291.5601745835365,4195.6469473824145,4270.398636628928,2742216
2024-09-13,4282.091796875,4305.194131685647,4265.427658509752,4289.098178257309,1458786
2024-09-16,4273.2392578125,4304.2947971775275,4255.43921052289,4286.258044672285,1155120
2024-09-17,4266.04345703125,4294.590014445038,4228.502101148829,4273.239388269134,1699364
2024-09-18,4115.025390625,4257.900566019319,4091.2129384450927,4257.900566019319,2961779
2024-09-19,4067.684326171875,4187.031372404745,4054.097354431545,4156.590712046438,2927551
2024-09-20,4057.03271484375,4100.397388735434,4002.685288545634,4087.330983142617,5447908
2024-09-23,4041.504638671875,4080.229517445096,4026.828916076253,4071.32949426943,1702319
2024-09-24,4044.15576171875,4062.8083176204914,4014.5204536730093,4025.550824249018,3012026
2024-09-25,4047.4228515625,4061.4832351175246,4014.5208235861746,4026.2141547688016,2713073
2024-09-26,4064.228759765625,4087.236322972992,4033.457080163439,4033.457080163439,3964251
2024-09-27,4079.567626953125,4145.182134099588,4071.377255854054,4104.468833102264,3012477
2024-09-30,4041.504638671875,4070.1459682536542,4033.5038178792897,4058.926049161128,2503416
2024-10-01,4059.872802734375,4067.3054384533193,4017.313485300845,4029.24305749041,1823365
2024-10-03,4007.656005859375,4051.4464707512293,3986.1158312368952,4035.9187010687683,3350119
2024-10-04,4026.119140625,4069.436196462167,3999.4186065272825,4000.318271301223,2965463
2024-10-07,4045.623291015625,4068.7256257487174,4004.4837429065424,4046.61726791575,1472619
2024-10-08,4027.066162109375,4051.825437221579,3980.388074704301,4045.3872397570553,1541867
2024-10-09,4026.7822265625,4066.5958614206456,4020.8645957979184,4033.457129138987,1082504
2024-10-10,4002.590087890625,4065.5065138830532,3975.3218342504942,4027.065497608203,2378875
2024-10-11,3928.54931640625,4016.3669515997326,3893.7536496314738,3922.6788421196575,5759183
2024-10-14,3916.666259765625,3943.8873583904956,3902.984976280472,3919.8382019814067,2137590
2024-10-15,3897.871826171875,3948.1957233726384,3877.231316907688,3911.364023062213,2759474
2024-10-16,3877.183837890625,3896.167641402821,3850.909560357471,3867.7630170426546,2359151
2024-10-17,3890.48681640625,3910.3228978529323,3875.2902957519555,3894.0845506582914,2522659
2024-10-18,3913.313232421875,3935.238244757566,3872.4533402747466,3881.944647481302,2361000
2024-10-21,3872.31103515625,3929.3538837407996,3862.9620049373275,3922.3776803062365,1595450
2024-10-22,3811.234130859375,3881.754584605675,3802.5496780872345,3859.165228757121,1928049
2024-10-23,3859.40283203125,3904.2965301967497,3791.919544419266,3796.143361546141,1966476
2024-10-24,3841.986328125,3871.504387583309,3800.3195802607424,3800.3195802607424,2676744
2024-10-25,3851.145263671875,3883.842769480241,3827.5592734218494,3850.6706983285853,1759676
2024-10-28,3882.75146484375,3923.7063623671393,3844.928513292037,3861.9653632236445,1532534
2024-10-29,3867.944580078125,3894.757520238166,3853.5653437958795,3887.496763644427,1445885
2024-10-30,3876.86669921875,3898.079863479923,3853.518222560894,3867.7076804676617,1935002
2024-10-31,3766.577880859375,3870.839986500922,3758.557772361112,3862.962154926698,3740372
2024-11-01,3781.526611328125,3795.5262896074955,3773.791288560614,3786.889338989994,154895
2024-11-04,3762.49609375,3788.8344687291683,3714.1854373776496,3764.536863637049,2269192
2024-11-05,3769.330322265625,3783.234994421101,3740.61911840681,3740.61911840681,967590
2024-11-06,3929.06884765625,3938.7024316660963,3773.031851752117,3799.9398000465167,3792017
2024-11-07,3939.74658203125,3991.8537654616457,3877.246463642715,3957.5905174928102,3724349
2024-11-08,3936.044921875,3957.6376448006463,3908.187843785678,3943.637967299403,1648039
2024-11-11,3985.115234375,4018.903916361986,3908.1879134815194,3918.201520379155,1406487
2024-11-12,3983.881103515625,4003.4332886046573,3952.51251928902,4001.5350272065516,1587640
2024-11-13,3939.224853515625,3983.264427096759,3920.9063521955636,3965.5632315109633,1098813
2024-11-14,3935.000732421875,3948.383567490613,3907.049112395529,3924.655300859059,1825432
2024-11-18,3815.031005859375,3998.687803877484,3787.2214288591285,3998.687803877484,3313944
2024-11-19,3834.060791015625,3921.9501508023773,3809.9054621443674,3815.4102345767187,1776233
2024-11-21,3865.6669921875,3884.2698145282143,3819.3018656674813,3839.1386042394874,2384347
2024-11-22,4028.680419921875,4038.504015740722,3847.776008717878,3863.9112312507355,3096553
2024-11-25,4095.593994140625,4107.932693294498,4035.8937655385084,4062.2794137366227,4052167
2024-11-26,4131.28125,4144.47407361588,4090.7531850402665,4101.240893559863,2060669
2024-11-27,4112.15576171875,4154.724363536381,4104.088151292946,4137.2131813248125,1558993
2024-11-28,4028.96484375,4119.179995477792,4017.670281030027,4099.2955217974695,2558544
2024-11-29,4053.5947265625,4080.028107836073,3982.219916352583,4005.3313403533516,2017425
2024-12-02,4059.099853515625,4070.0625915391006,4014.870268702841,4052.788226834513,1670944
2024-12-03,4083.87255859375,4104.990718939741,4048.4701650537613,4094.882568586282,2010905
2024-12-04,4132.89404296875,4163.78852095067,4070.8682678061223,4094.121966667872,3302642
2024-12-05,4236.966796875,4260.647793669346,4138.209931031042,4176.934278953506,3746747
2024-12-06,4219.36083984375,4237.868889866684,4188.276807112925,4226.479320621802,1842087
2024-12-09,4225.67236328125,4242.0448686697655,4190.934085246633,4205.07650413352,2066639
2024-12-10,4207.0693359375,4265.20359458783,4187.659890094591,4200.994991803812,2087828
2024-12-11,4202.22900390625,4222.350297163338,4182.819095248504,4206.405086397892,1635256
2024-12-12,4228.330078125,4256.851270827812,4200.852558457947,4204.696352489294,1914642
2024-12-13,4246.31591796875,4266.247663475759,4170.8600242636485,4209.347553772588,1967048
2024-12-16,4190.6025390625,4247.36037614199,4173.328172937727,4232.1742831770125,1646224
2024-12-17,4108.31201171875,4207.44889332409,4098.346139910261,4185.666159565598,3225027
2024-12-18,4126.677734375,4140.107840205238,4071.3908747482337,4092.366754522636,1575404
2024-12-19,4054.591064453125,4142.006088570945,4045.1947638609918,4064.177376549218,3015763
2024-12-20,3958.159423828125,4159.090570831168,3941.2650833812017,4108.7866456248585,4116989
2024-12-23,3946.769775390625,4002.4839296244636,3905.577598089669,3986.3959798160035,2195338
2024-12-24,3966.89208984375,4003.43362482616,3946.77033195685,3946.77033195685,1181886
2024-12-26,3957.021240234375,3986.3020175795177,3932.3911110375443,3966.8921076893726,1208464
2024-12-27,3952.987060546875,3968.2681573970385,3936.2822676568094,3951.2310760757846,858100
2024-12-30,3947.24462890625,3985.684422832016,3902.825496858013,3939.8415947124545,1527169
2024-12-31,3886.500244140625,3929.353632155194,3826.9422956665308,3924.6552500458943,1555429
2025-01-01,3903.252685546875,3923.706266508262,3877.6259252343875,3886.1205985527304,763161
2025-01-02,3963.33251953125,3970.2137171045247,3888.541205767093,3910.4184830195177,1720835
2025-01-03,3891.3408203125,3967.3190100554248,3884.127566106747,3967.3190100554248,1791953
2025-01-06,3886.690185546875,3938.5600852002444,3859.5449550545113,3896.6560578175076,2085593
2025-01-07,3823.383056640625,3929.7331926762554,3807.48511819948,3905.6253667734477,2669054
2025-01-08,3899.408447265625,3916.113240154538,3813.3698426153405,3829.6473413152235,2181277
2025-01-09,3833.396728515625,3927.2656647049257,3820.535960823577,3892.3851104960186,2392472
2025-01-10,4048.659423828125,4078.41476503514,3957.875161786487,3986.3490838137277,7894300
2025-01-13,4072.814697265625,4103.044601693763,4012.3548884093498,4029.0596808346854,4003771
2025-01-14,4017.7177734375,4094.4550879803073,4004.4299428133863,4083.1605246383615,3441709
2025-01-15,4033.426025390625,4039.9276635514543,3993.4202579833063,4003.4334017642514,1653474
2025-01-16,3992.328369140625,4075.567318807286,3978.613708278282,4043.2968742708517,2637705
2025-01-17,3986.528564453125,4021.616254890533,3963.0886298542596,4020.939449433567,1761466
2025-01-20,3941.582275390625,4007.3105183689017,3932.2063483825796,4007.3105183689017,1287799
2025-01-21,3901.033935546875,3973.6734816653625,3895.379258358407,3958.497981875744,1971591
2025-01-22,4017.750244140625,4024.0812547656583,3909.104787428617,3914.711087541146,2409223
2025-01-23,4006.97265625,4051.339285916404,4001.7526640783626,4028.7691913739204,1822998
2025-01-24,4013.64208984375,4038.4351649039104,3966.9071126772737,3966.9071126772737,1910099
2025-01-27,3929.354736328125,4017.5084152856,3906.0599315038703,3964.973867046099,1551782
2025-01-28,3905.334716796875,3964.9735947079557,3893.73557415024,3934.815871023738,2468272
2025-01-29,3962.84716796875,3970.6285432095738,3918.5772926221866,3918.5772926221866,1217089
2025-01-30,3963.0888671875,3991.941831258984,3922.927021299046,3962.943972286711,1531251
2025-01-31,3975.026611328125,3990.540749832513,3948.7836420464023,3972.706876888982,1492943
2025-02-01,3937.08740234375,3997.741255116248,3920.510387972108,3975.6063179805924,437172
2025-02-03,3932.73779296875,3940.8089579536745,3865.1245003058734,3896.2488211358454,1265713
2025-02-04,3969.855224609375,3981.2613328675334,3930.2250514324437,3947.285364884988,2547132
2025-02-05,3954.43798828125,4011.3703550712034,3939.8423053663196,4011.3703550712034,1693912
2025-02-06,3946.36669921875,4001.2209788539626,3916.2089750568643,3968.259986916976,2284536
2025-02-07,3894.798828125,3953.374595002479,3874.113784051329,3953.374595002479,1548940
2025-02-10,3902.096923828125,3916.644230568612,3880.2520112210996,3905.045086746592,1339511
2025-02-11,3831.148681640625,3905.044841909931,3822.8842449885587,3884.1662899452554,1810908
2025-02-12,3818.1962890625,3887.404606196338,3808.5303361658844,3838.446649169052,1678002
2025-02-13,3779.532470703125,3851.3505477933163,3771.896462322554,3835.4501025039126,2277310
2025-02-14,3803.407470703125,3816.1181040365336,3769.72153134308,3793.886412954254,1681975
2025-02-17,3774.071533203125,3802.5860959459837,3727.3849307355754,3727.674956536778,1799806
2025-02-18,3743.817138671875,3793.306774402773,3735.407806152644,3768.1752947909295,2149879
2025-02-19,3657.693359375,3745.508400554833,3642.2759755929487,3742.850263486918,4366672
2025-02-20,3653.150146484375,3661.4629603766616,3625.988960412709,3635.848185178673,2888572
2025-02-21,3659.52978515625,3689.4942392872176,3648.8972369162293,3649.960586134303,1833931
2025-02-24,3552.817626953125,3637.491230016548,3547.4045991108223,3618.1109478843173,2508516
2025-02-25,3508.30615234375,3535.8057424823114,3500.2833638502107,3503.90809636369,4101954
2025-02-27,3491.873779296875,3516.4735816470966,3480.419530987875,3491.0520789257853,3823856
2025-02-28,3366.892822265625,3479.7428149447355,3341.5196975733197,3465.1955095907815,7085018
2025-03-03,3376.36572265625,3405.5568531975428,3360.0301206751515,3368.584583379958,4990439
2025-03-04,3414.062744140625,3432.379676631615,3348.5759170238152,3357.951843598488,2797737
2025-03-05,3428.561767578125,3480.081342184221,3403.2370189380595,3403.2370189380595,2501894
2025-03-06,3481.28955078125,3488.877181911339,3417.9775618337376,3438.1793081878077,2786513
2025-03-07,3490.56884765625,3503.9079097926337,3454.998093954285,3479.743027656133,2051315
2025-03-10,3469.73876953125,3501.1049762137254,3462.9244613654673,3486.0259949428714,1004626
2025-03-11,3455.8681640625,3468.8688234276665,3419.4757100500633,3439.146018462038,1995450
2025-03-12,3389.076416015625,3450.020297279617,3370.3729384283747,3445.912267227522,3174167
2025-03-13,3393.76416015625,3406.5715466921038,3367.7144664369603,3385.3064520665353,1693004
2025-03-17,3380.860107421875,3412.516101378981,3361.1900359739784,3372.450776071524,2690906
2025-03-18,3380.860107421875,3380.860107421875,3380.860107421875,3380.860107421875,0
2025-03-19,3380.2802734375,3428.5132810234372,3347.0776328908673,3428.5132810234372,3051244
2025-03-20,3444.123779296875,3459.3960314822807,3394.68252652922,3394.68252652922,2845192
2025-03-21,3458.57470703125,3495.450223009194,3349.252685164703,3358.9186380800415,4161925
2025-03-24,3507.725830078125,3527.831058731868,3447.4587570622184,3479.7429444303652,1834751
2025-03-25,3535.56396484375,3586.0685693582973,3516.473707634902,3523.2398747468987,3135390
2025-03-26,3514.34716796875,3557.553929809202,3504.7295921250025,3525.897934373459,1734499
2025-03-27,3529.232666015625,3540.638537603521,3489.892285017066,3494.0970689111577,2528474
2025-03-28,3485.687255859375,3538.656721076703,3471.9132739836596,3529.0391458412178,2051919
2025-04-01,3432.186279296875,3464.2771927018816,3407.248075969345,3453.354619757771,2618493
2025-04-02,3425.565185546875,3445.0422214056125,3412.129605979645,3425.6135625063594,1764313
2025-04-03,3289.46875,3385.0167912281404,3282.702582798802,3374.3842427691143,4537821
2025-04-04,3189.184326171875,3286.085501586113,3185.414699028632,3250.2733357697866,5317367
2025-04-07,3164.681396484375,3181.4516833870694,2953.963620596823,2996.4454369330797,6623955
2025-04-08,3182.949951171875,3237.127665022999,3146.5577324611054,3191.7460628104113,5557558
2025-04-09,3138.148193359375,3160.76642752928,3104.752280697163,3151.6321497293247,2990265
2025-04-11,3123.552734375,3188.749540631033,3098.904554048043,3179.6636391398747,7108961
2025-04-15,3139.69482421875,3203.683386247662,3130.415650876791,3203.683386247662,3512160
2025-04-16,3164.43994140625,3168.596348657385,3121.136422017699,3139.695005759879,2384391
2025-04-17,3188.701171875,3193.2443586174536,3110.50370573642,3137.085076745666,2932346
2025-04-21,3210.64306640625,3241.9606599617177,3174.3957423905777,3180.1953142330854,2432946
2025-04-22,3203.683349609375,3222.531957851611,3184.931495290658,3211.6096198122023,2710498
2025-04-23,3298.98974609375,3306.625754540036,3225.818529364827,3252.593171873855,3543923
2025-04-24,3287.970458984375,3298.5062526941524,3274.534643572778,3287.487161364933,2252175
2025-04-25,3332.820556640625,3361.625143451318,3291.256959211522,3305.7558885472554,2742991
2025-04-28,3328.470703125,3342.2930622298845,3291.2567864500143,3320.2546435993536,1593296
2025-04-29,3356.502197265625,3378.250591632357,3315.808440523134,3339.586779424834,1578332
2025-04-30,3338.329833984375,3392.652437661013,3253.5594811525652,3356.018573547744,2809332
2025-05-02,3316.38818359375,3374.867194117627,3305.7556362257724,3356.0185874198487,1721761
2025-05-05,3338.909912109375,3387.4329449049897,3331.27366828836,3334.753505470742,1284443
2025-05-06,3344.419921875,3356.9856614658597,3322.1882287527096,3344.419921875,1324763
2025-05-07,3330.017333984375,3343.9362109554654,3306.335750758935,3306.335750758935,1477128
2025-05-08,3333.6904296875,3360.851851961966,3314.1652518601954,3332.820588313161,2543591
2025-05-09,3325.377685546875,3331.0805031274213,3284.5874131966707,3285.457254527544,2531757
2025-05-12,3499.46142578125,3509.22413241534,3385.209911911905,3387.916425868549,2228678
2025-05-13,3397.582275390625,3501.97456151927,3393.232596801932,3499.4613194961807,3062887
2025-05-14,3430.15673828125,3442.0459078220697,3391.396407841002,3403.3820953219624,2119499
2025-05-15,3460.314453125,3479.7431132346333,3396.712670565691,3444.945682102287,3548330
2025-05-16,3442.335693359375,3473.8465567565913,3427.6434928317944,3473.8465567565913,1666727
2025-05-19,3401.255615234375,3431.413341631395,3386.659931697025,3431.413341631395,2537377
2025-05-20,3381.440673828125,3439.1463709668697,3377.2842664862965,3413.821619142175,2038374
2025-05-21,3408.021484375,3418.847303675328,3381.4401157430884,3390.816042208948,1440153
2025-05-22,3360.8515625,3380.956790168703,3336.0101126719387,3378.2502763697153,2034383
2025-05-23,3397.196044921875,3416.9144952813326,3349.8328737001534,3360.851966080111,1274331
2025-05-26,3419.137451171875,3426.5801874567637,3392.8461073678304,3403.3819012793415,967470
2025-05-27,3381.826904296875,3421.747337093333,3366.7481593177404,3414.014574749619,2467680
2025-05-28,3380.860107421875,3411.114585484783,3376.31715701285,3402.4152283668,1222933
2025-05-29,3381.2470703125,3414.4978538154573,3370.034470581059,3387.626457620242,3188072
2025-05-30,3347.7060546875,3389.5596782127777,3337.7503119241223,3373.4175839622008,3404365
2025-06-02,3334.560302734375,3344.419526975246,3304.4025784742903,3334.7535745851437,1877585
2025-06-03,3291.449951171875,3357.4684509968274,3286.907000896707,3330.887082808426,2848125
2025-06-04,3297.008544921875,3310.563782597761,3286.3791053631217,3304.907652247958,2544807
2025-06-05,3287.451904296875,3324.4113841471617,3280.235380032571,3324.4113841471617,3584683
2025-06-06,3300.226806640625,3306.7605099618336,3275.359545608902,3287.4520036268846,2070390
2025-06-09,3336.991455078125,3348.791310023286,3306.760665733127,3315.634960419095,1718678
2025-06-10,3376.973876953125,3399.305794893864,3338.259013167141,3354.642197095073,2419874
2025-06-11,3385.750732421875,3402.4265208353168,3363.516665314218,3383.8979728571367,2847013
2025-06-12,3348.986083984375,3388.481144938844,3338.259030391803,3385.7505745896515,4060134
2025-06-13,3360.20068359375,3364.881627257479,3309.003383077588,3309.003383077588,2178493
2025-06-16,3409.54541015625,3421.9302340050463,3341.1847251814343,3354.642349665819,1934088
2025-06-17,3428.07373046875,3432.6570601768817,3401.5487008021014,3422.905193528652,2111940
2025-06-18,3365.75927734375,3450.2105407013996,3357.665418209048,3431.7796073253016,2696327
2025-06-19,3339.0390625,3365.3691018363024,3328.312009437062,3364.3939151942172,2672768
2025-06-20,3350.448974609375,3360.786049100129,3326.2642962767654,3340.0145242959966,2351248
2025-06-23,3309.3935546875,3340.0143206716803,3286.3790542083398,3330.262454041982,3123421
2025-06-24,3306.27294921875,3356.690292940616,3298.081476031171,3349.376392565029,3403048
2025-06-25,3359.3232421875,3364.3941654870573,3315.634829755361,3322.7537403887272,1757699
2025-06-26,3356.397705078125,3365.759354753242,3330.555256962972,3359.3232652421043,2879106
2025-06-27,3355.71533203125,3380.387367158931,3345.8658502962735,3369.2703330730474,1778433
2025-06-30,3376.09619140625,3378.924137465807,3344.890218522079,3354.544471150048,1468351
2025-07-01,3344.59765625,3398.525526423559,3328.7996798986564,3369.2699264830403,2375183
2025-07-02,3338.356689453125,3403.3039810516498,3335.1385257152824,3400.671024568939,3090585
2025-07-03,3316.4150390625,3350.058980842342,3313.294489180619,3344.8904436190446,2531870
2025-07-04,3334.943603515625,3341.964900305915,3305.980605453995,3323.4363525656718,1109320
2025-07-07,3327.044677734375,3341.0875101654565,3323.8265137554163,3333.481005692293,1639174
2025-07-08,3321.68115234375,3340.0147113686808,3309.1987139810713,3320.510975827842,2325242
2025-07-09,3299.836669921875,3329.28725945695,3283.4534864064294,3325.3865128143525,2034938
2025-07-10,3298.08154296875,3314.659717489882,3272.7266878187834,3296.1311694956757,3035012
2025-07-11,3184.959716796875,3252.247598137654,3180.1813972680684,3218.0184502225306,7635550
2025-07-14,3142.734130859375,3190.8108827918168,3120.5974403831947,3184.9597625910983,3924009
2025-07-15,3171.599853515625,3178.523536457564,3126.448660244279,3126.448660244279,2590889
2025-07-16,3163.576171875,3175.1222359666176,3151.344969328223,3157.607249475903,2540733
2025-07-17,3140.18994140625,3172.2846643823304,3135.199754145851,3154.7696780470374,2947640
2025-07-18,3121.304931640625,3159.3685771406017,3118.46738821797,3155.6502438038765,3432645
2025-07-21,3090.286865234375,3128.83976152069,3084.2202361520617,3121.4030943290218,3844346
2025-07-22,3091.65673828125,3111.7159107005,3086.764257203384,3091.65673828125,3198036
2025-07-23,3110.7373046875,3113.5748480562365,3089.6996367952283,3091.6566291573,1922875
2025-07-24,3080.30615234375,3105.4534578423713,3072.478182452152,3097.0385335433134,2934778
2025-07-25,3068.368408203125,3089.014534530361,3058.3877948178133,3072.4780444334683,2568917
2025-07-28,3013.08349609375,3050.9512525080645,3003.885488175128,3043.12328264916,3374473
2025-07-29,2990.284423828125,3007.8973556438664,2975.802632112602,2994.1984086760676,4785312
2025-07-30,2987.93603515625,3003.0047807939304,2981.673516260727,2994.1983151611034,2880121
2025-07-31,2971.497314453125,2994.0027271024683,2950.166049468222,2976.2918502873677,2968371
2025-08-01,2938.424072265625,2971.4972914199097,2935.488583681943,2964.7455243430377,2053847
2025-08-04,3008.28857421875,3013.181055141491,2927.2692812506943,2944.392964480288,2519252
2025-08-05,2998.014404296875,3011.322048140622,2976.5854331255146,3008.2886143717656,1927996
2025-08-06,2967.093994140625,3000.8521121202134,2960.9294204705666,2997.1337788834585,1487081
2025-08-07,2981.47802734375,2985.9792055799644,2946.154217712285,2951.1446440658847,2543076
2025-08-08,2971.105712890625,2994.002666894786,2959.9509519667536,2982.5543093380406,2762140
2025-08-11,2975.4111328125,2984.3153044195046,2956.3304579380692,2971.105606429514,1884215
2025-08-12,2970.127197265625,3029.8154640054736,2961.809979769089,2975.6068714078456,3358232
2025-08-13,2970.91015625,2978.9337774241835,2963.473728360306,2970.812449963036,2148166
2025-08-14,2957.30908203125,2990.1864106721328,2954.1779420022144,2968.757439673081,3342174
2025-08-18,2946.44775390625,2983.434958599791,2938.815435653507,2980.988718063058,2945609
2025-08-19,2951.340087890625,2959.950901928915,2946.349900778797,2946.4476070609903,2650784
2025-08-20,3031.96826171875,3036.664852119672,2946.1539583708727,2946.1539583708727,4952358
2025-08-21,3035.882568359375,3062.693270119804,3016.801891436903,3062.693270119804,3230726
2025-08-22,2988.327392578125,3029.1306363096523,2984.4134077810354,3019.639270954844,1593791
2025-08-25,3073.0654296875,3084.220191422538,3010.9309175823823,3020.9115315912086,3448370
2025-08-26,3089.30810546875,3094.0049349317896,3052.9080951888627,3061.7145608480614,5522097
2025-08-28,3027.173828125,3078.838478368692,3020.1287028396528,3077.370733980466,3116051
2025-08-29,3018.3671875,3048.0156702082504,3011.028465982645,3026.4887537573413,2271789
2025-09-01,3045.667236328125,3063.7694152474464,3023.5531276055535,3023.5531276055535,1246862
2025-09-02,3044.591064453125,3087.1556510845603,3036.371791556432,3053.9847239556466,2185229
2025-09-03,3030.89208984375,3074.33722714916,3021.5963756053266,3062.595272321678,1799774
2025-09-04,3029.130615234375,3050.951128104469,3024.3360794475675,3048.99413571954,1481391
2025-09-05,2982.75,3036.664997028233,2963.47367273015,3030.5006621101975,2802055
2025-09-08,2954.079833984375,2998.9927110613953,2951.144345576971,2984.413214194218,2626187
2025-09-09,2983.826171875,2994.19832699537,2965.62628616296,2966.898378981974,2489301
2025-09-10,3043.123291015625,3055.550145422665,2987.740308555338,2990.675797260498,2079428
2025-09-11,3057.017822265625,3071.4996140027415,3043.221168990462,3071.4996140027415,2263446
2025-09-12,3066.019775390625,3080.990814432397,3053.886518550216,3076.3919302537256,1447167
2025-09-15,3044.982421875,3066.607284819441,3029.4244268669395,3066.607284819441,1732539
2025-09-16,3078.055419921875,3082.26300132086,3042.242602669502,3060.736085121159,2573429
2025-09-17,3104.57275390625,3113.966173979194,3074.8263264485827,3084.2199854121977,2418271
2025-09-18,3108.388916015625,3134.1234145595795,3093.4178759668794,3116.51048247651,2633138
2025-09-19,3101.050048828125,3112.107103450778,3076.3919928468,3101.8328935510035,4901694
2025-09-22,3007.70166015625,3040.089740964508,2999.090845838676,3028.445731768582,3634901
2025-09-23,2996.546875,3014.4534044791503,2986.3706093710016,3003.983542191669,3177741
2025-09-24,2970.127197265625,2991.262810224855,2967.778901999341,2984.4133369924134,1625714
2025-09-25,2893.804443359375,2964.4520571099356,2887.5421635017433,2957.015390749667,4974361
2025-09-26,2836.758544921875,2891.260737711385,2829.126226471788,2877.7574418213358,3934636
2025-09-29,2833.82275390625,2866.3087778304835,2831.7678164651984,2853.2947314486933,3110035
2025-09-30,2826.288330078125,2852.610021207006,2823.0594837288886,2848.402439766557,2253458
2025-10-01,2851.53369140625,2861.9058470940704,2804.957413772581,2828.8326264436423,1952902
2025-10-03,2839.498046875,2861.1229086009284,2828.9304789544044,2861.1229086009284,2899519
2025-10-06,2924.137939453125,2929.22631078988,2833.3336834873367,2839.5959635916415,2112774
2025-10-07,2909.75390625,2939.891634958981,2891.9453243871753,2930.5959216848555,3062943
2025-10-08,2962.103759765625,2977.5640480826064,2904.176830334925,2911.0263039913752,4121889
2025-10-09,2995.86181640625,3000.069397912704,2955.0585719818546,2968.757519004287,3211304
2025-10-10,2963.179931640625,3003.983173218589,2942.239970746985,2984.413250266025,8817365
2025-10-13,2942.53369140625,2970.225181329542,2933.7272257063764,2961.9079637241057,2866865
2025-10-14,2896.642333984375,2962.1036338769445,2891.9455044700007,2956.0370052457697,3611416
2025-10-15,2916.7763671875,2926.499513769408,2898.31197994854,2917.954894078994,4282226
2025-10-16,2917.66015625,2921.883430677564,2890.553079047838,2916.87439174088,3251495
2025-10-17,2909.311767578125,2935.4369375213087,2902.6331292681275,2916.972551528368,4374683
2025-10-20,2961.365478515625,2969.0262624451843,2925.320781572273,2932.1958010354274,3133039
2025-10-21,2953.017333984375,2977.669286180243,2942.508423286113,2976.981832168517,310644
2025-10-23,3018.330078125,3042.687339125331,2981.892616996725,3000.4550745732363,5564758
2025-10-24,3008.508544921875,3034.8300966289034,3003.6961270890743,3025.0086400055093,2684318
2025-10-27,3029.821044921875,3038.9550474990237,3005.5620951218402,3011.7496607245316,1946312
2025-10-28,3003.30322265625,3035.0265765381446,2985.919291823652,3021.0801556355614,3470737
2025-10-29,3003.0087890625,3021.080174034828,2991.714113509379,3003.3032409472494,2895420
2025-10-30,2981.106689453125,3009.0978400091353,2978.6513253692647,2994.6603471523654,2241536
2025-10-31,3003.4013671875,3012.6334402910475,2971.088871543434,2980.8120174669925,1868085
2025-11-03,2962.93701171875,3003.4013640895914,2956.2583734171585,2992.499451583931,2194877
2025-11-04,2936.81201171875,2975.214004338424,2922.8655907942766,2965.6872390451917,2670720
2025-11-06,2957.142333984375,2970.0085383136757,2936.61558517126,2936.7138956519902,2542721
2025-11-07,2938.383544921875,2950.3656744717186,2907.6423366423182,2947.419237380036,1830520
2025-11-10,2971.18701171875,2993.4816703122747,2938.579823663838,2939.5619693268272,1556656
2025-11-11,2992.597900390625,3001.142519888641,2964.1156755427983,2990.633609021809,2806868
2025-11-12,3075.8837890625,3080.4015151753365,3002.51755709654,3005.3656835637266,4460315
2025-11-13,3050.249755859375,3075.9819244274895,3046.61586484088,3075.8838537295965,1740435
2025-11-14,3050.54443359375,3057.517763723578,3022.356900982103,3034.830102963518,2210794
2025-11-17,3046.812255859375,3067.7320066302495,3031.4909272444793,3050.544457369475,2232853
2025-11-18,3031.98193359375,3049.5622448251693,3023.0443122614724,3046.6158078736476,2548350
2025-11-19,3091.499755859375,3098.6694669245953,3028.4460542827223,3041.705020306013,3151053
2025-11-20,3088.65185546875,3108.0000778660146,3082.0715272134535,3091.794673762747,2700767
2025-11-21,3094.34814453125,3113.4016740052466,3079.2229578295533,3088.6516518716926,4177037
2025-11-24,3085.115966796875,3122.1428110333977,3075.0981288018247,3101.616062202543,6703764
2025-11-25,3063.5087890625,3093.562543096727,3059.3838251197944,3089.142887490615,2737920
2025-11-26,3106.428466796875,3121.2589624366606,3061.348076121797,3063.115986297256,2508527
2025-11-27,3080.59814453125,3123.223169867727,3069.205159068128,3123.223169867727,2836233
2025-11-28,3081.48193359375,3091.1070087848907,3069.205113141185,3083.937297684263,1616690
2025-12-01,3077.455078125,3097.687374390369,3066.4550948216056,3081.8747335418534,1747647
2025-12-02,3079.714111328125,3087.8659682974553,3064.6872347092776,3075.0980746626374,2512003
2025-12-03,3123.22314453125,3154.5534946281955,3082.9551731709416,3083.9373188138757,3952112
2025-12-04,3171.544677734375,3191.9733551637537,3130.4909417024,3136.9731988901626,5025905
2025-12-05,3180.384033203125,3213.187842167148,3164.866083794654,3172.330486734928,5244013
2025-12-08,3178.71435546875,3201.6964674714213,3151.3125880977464,3185.0983021118977,2544725
2025-12-09,3151.01806640625,3175.964471029267,3124.401822284255,3172.330579931189,2734893
2025-12-10,3132.259033203125,3167.41989738469,3121.357359750894,3167.41989738469,1386849
2025-12-11,3134.91064453125,3151.1160479641035,3096.8035846478047,3147.7768486239356,1914362
2025-12-12,3163.0,3165.4553640739014,3128.8212841349605,3140.607031689688,1146554
2025-12-15,3172.52685546875,3180.384020730158,3140.2143592438706,3153.7680172761306,1562190
2025-12-16,3147.875244140625,3162.509118995985,3134.1252044928165,3162.509118995985,1734623
2025-12-17,3160.348388671875,3179.107227122374,3143.3572206041695,3143.3572206041695,1376350
2025-12-18,3222.2236328125,3229.09865265339,3163.4912725011322,3170.366292342023,2307422
2025-12-19,3223.402099609375,3258.661033366418,3220.259281411304,3240.09857605464,3902511
2025-12-22,3265.5361328125,3269.170263717588,3232.2414895890165,3250.9022578364156,2632816
2025-12-23,3250.902099609375,3260.625245626059,3234.6966963938,3260.625245626059,2365420
2025-12-24,3259.741455078125,3267.696930860065,3237.2504153109776,3245.107580613968,1367708
2025-12-26,3221.437744140625,3260.7235702886815,3213.384197736604,3253.9468611908032,1176664
2025-12-29,3193.446533203125,3229.294848891858,3184.9999848268185,3221.437683809396,2079473
2025-12-30,3188.83056640625,3209.160933545371,3181.6608551553877,3191.973384551631,2807593
2025-12-31,3148.955322265625,3188.0447669329633,3141.392848747715,3182.151893056932,3362634
2026-01-01,3169.77685546875,3176.3574233163417,3141.0982497161094,3157.59834501185,1255735
2026-01-02,3192.660888671875,3196.196709004467,3162.017991655493,3176.2591039024273,1184324
2026-01-05,3158.6787109375,3189.026915514335,3134.026759287417,3182.642968809425,2341703
2026-01-06,3197.669921875,3204.9377039238207,3147.7768738587542,3152.6876022111082,2912325
2026-01-07,3236.75927734375,3241.6700055592964,3165.651788913644,3185.0000101265678,1989442
2026-01-08,3146.6962890625,3228.2143763788763,3125.1873956711997,3228.2143763788763,4159336
2026-01-09,3150.52685546875,3172.0357492326657,3134.0267606372377,3134.0267606372377,1938673
2026-01-12,3181.75927734375,3193.937788002805,3117.6251157476318,3145.8126491306843,2228342
2026-01-13,3209.652099609375,3221.437847833155,3153.1787227037635,3187.0627488471305,5645341
2026-01-14,3135.5,3201.7948316366483,3126.1696162881753,3201.7948316366483,3539511
2026-01-15,3135.5,3135.5,3135.5,3135.5,0
2026-01-16,3206.699951171875,3221.89990234375,3171.0,3219.39990234375,4293470
2026-01-19,3163.60009765625,3220.0,3152.10009765625,3188.0,3387562
2026-01-20,3102.300048828125,3160.0,3091.10009765625,3151.60009765625,4499273
2026-01-21,3122.60009765625,3138.5,3082.0,3100.0,2015150
2026-01-22,3150.39990234375,3160.0,3122.300048828125,3150.0,2269827
2026-01-23,3162.5,3194.5,3152.0,3190.300048828125,2068857
2026-01-27,3158.0,3175.0,3130.0,3175.0,4279874
2026-01-28,3200.10009765625,3205.199951171875,3170.60009765625,3176.0,2751234
2026-01-29,3144.39990234375,3200.10009765625,3125.60009765625,3200.10009765625,2457641
2026-01-30,3123.89990234375,3141.0,3092.0,3141.0,3022068
2026-02-02,3169.60009765625,3198.0,3134.0,3198.0,2636272
2026-02-03,3225.300048828125,3350.0,3186.300048828125,3350.0,4366060
2026-02-04,2999.10009765625,3120.0,2986.0,3120.0,10852595
2026-02-05,2991.5,3029.699951171875,2972.300048828125,2990.0,3521545
2026-02-06,2941.60009765625,2985.0,2916.0,2976.60009765625,4687389
2026-02-09,2948.199951171875,2977.0,2937.5,2959.10009765625,2380318
2026-02-10,2984.60009765625,3011.60009765625,2943.5,2949.800048828125,3547763
2026-02-11,2909.800048828125,2998.0,2904.199951171875,2980.0,3363513
2026-02-12,2750.10009765625,2880.0,2740.0,2869.800048828125,10612156
2026-02-13,2692.199951171875,2713.0,2585.0,2585.0,11168735
2026-02-16,2706.60009765625,2719.800048828125,2671.0,2700.0,2918730
2026-02-17,2717.39990234375,2760.0,2695.199951171875,2716.0,4209118
2026-02-18,2694.89990234375,2730.0,2657.300048828125,2730.0,2950820
2026-02-19,2677.89990234375,2748.699951171875,2666.60009765625,2708.0,3238849
2026-02-20,2686.199951171875,2702.60009765625,2647.5,2667.0,2293482
2026-02-23,2676.300048828125,2704.0,2660.199951171875,2686.0,4699596
2026-02-24,2573.699951171875,2647.5,2561.300048828125,2641.0,7798833
2026-02-25,2629.300048828125,2654.199951171875,2595.0,2596.0,3621285
2026-02-26,2647.699951171875,2671.0,2635.0,2650.0,3464267
2026-02-27,2637.39990234375,2688.60009765625,2626.10009765625,2681.60009765625,5083717
2026-03-02,2613.5,2623.800048828125,2580.300048828125,2592.0,3374385
2026-03-04,2587.800048828125,2635.0,2580.39990234375,2625.0,3446434
2026-03-05,2578.800048828125,2609.5,2546.39990234375,2600.0,2960636
2026-03-06,2557.60009765625,2619.199951171875,2553.60009765625,2572.0,3998643
