Date,Close,High,Low,Open,Volume
2021-03-16,110.40887451171875,111.28629751861605,107.72786431386244,110.65260271152387,27174232
2021-03-17,109.58021545410156,112.94366210687879,109.06838467528884,112.16373622116001,30284720
2021-03-18,108.14219665527344,110.33575027961575,107.72785577325571,109.87266078630401,19059687
2021-03-19,108.31282043457031,109.28773332315869,106.94794090294756,107.167302253276,15529758
2021-03-22,108.9952392578125,109.26333429111833,107.26476778451041,108.62964700731179,17117657
2021-03-23,109.068359375,109.5558157297486,108.4102903208919,109.14147485301481,18153789
2021-03-24,108.89775848388672,109.72644032721179,108.5809147941409,108.84901730592286,20887559
2021-03-25,108.45905303955078,109.31210177132253,107.41102471571479,109.2389862837971,30276235
2021-03-26,110.57948303222656,110.84757809144718,108.06907820666308,108.94650118027755,16219649
2021-03-30,112.1637191772461,112.52931147255916,110.60385276684825,111.57876555434976,18234834
2021-03-31,111.5056381225586,112.48055080559736,111.23753564712423,111.99309446407797,10376309
2021-04-01,112.72431182861328,112.99241438218317,111.50567061965529,111.74939886144689,10398919
2021-04-05,112.96802520751953,113.52859711468906,111.62752005403225,112.38307899177856,14527112
2021-04-06,113.84542846679688,114.01603372116084,112.82176718863948,113.43108760706806,17652029
2021-04-07,115.45405578613281,116.42896862388612,113.72358401152177,114.06480201713649,42365445
2021-04-08,115.89274597167969,119.37805586166633,115.23467693102793,116.50206640265591,24821045
2021-04-09,112.77301025390625,117.67193978287709,111.23751855130996,116.06334005347956,10610296
2021-04-12,103.9256820678711,110.11637561383004,102.24395931407018,110.11637561383004,14765942
2021-04-13,106.4848403930664,106.996671058851,103.38949696873874,103.97444311335238,9623854
2021-04-15,109.84829711914062,110.36012036267105,106.5579665867616,107.99596140590621,9752896
2021-04-16,112.99237823486328,114.67410107762727,109.26333286561099,110.2626198248744,11975438
2021-04-19,111.16444396972656,111.9200029484341,109.0927540747516,110.06766696650452,8509541
2021-04-20,110.21389770507812,113.04113894368427,108.48342595524535,111.53002852960074,7754673
2021-04-22,110.40887451171875,111.55440002600055,109.09274372036998,109.09274372036998,5431482
2021-04-23,111.14006042480469,114.0647988570364,110.31138602327127,111.09131180906971,12023111
2021-04-26,115.3565444946289,116.84328787862728,111.91998311072315,111.91998311072315,16763872
2021-04-27,118.62251281738281,119.20745898464581,116.5508232064139,116.86766687759975,15648609
2021-04-28,118.89058685302734,120.74292225348877,116.64829236867321,118.52499463338336,13518520
2021-04-29,124.32575988769531,125.03257020044981,118.20818040393404,119.79241374955376,25110119
2021-04-30,125.39816284179688,129.76090370933187,123.10711917737852,124.32576021568559,21911292
2021-05-03,125.00817108154297,127.90852707125818,123.13146139644172,124.49633305325061,12835262
2021-05-04,126.03184509277344,127.90855519044727,122.3515552575339,124.78883723477561,30234483
2021-05-05,128.83473205566406,131.63760660554996,125.03257774708443,125.93437514268052,83074283
2021-05-06,131.0526580810547,132.34441458523395,128.6153760444942,130.02899665050148,20191746
2021-05-07,137.97451782226562,140.55804547598083,132.10067458891027,134.05050004409713,38947011
2021-05-10,143.2390594482422,144.43331864706303,139.92434715692974,140.8748930430828,23353138
2021-05-11,140.679931640625,144.16524221344434,137.56021339801728,140.48495203971015,18065603
2021-05-12,137.51144409179688,142.45912324114198,134.1723650029917,141.70357182276456,19900414
2021-05-14,132.78311157226562,139.89997751513192,130.78453748970904,138.90069791184752,37836764
2021-05-17,135.82974243164062,136.34158065089093,133.09998322361164,134.53798576094567,15818894
2021-05-18,139.16879272460938,140.4605491214616,136.39028548339022,138.38885956251386,17186313
2021-05-19,137.8039093017578,140.14369371601316,136.82899664982034,139.29064514556788,12079521
2021-05-20,134.44046020507812,136.8777420425595,131.61321922399483,135.51287016396503,25259296
2021-05-21,133.3924102783203,136.6339916193516,132.19815129793267,135.3909840349514,17094902
2021-05-24,134.02613830566406,135.09853342146624,129.46841815453712,132.58813602703438,20475771
2021-05-25,133.51429748535156,136.7558793880753,133.09995659342718,135.56162020074967,10686256
2021-05-26,131.0526580810547,135.2447861591365,130.29709172412754,133.44119150168615,10302553
2021-05-27,130.4920654296875,133.07557802707115,130.05334283210564,131.68632451203078,19501514
2021-05-28,129.78526306152344,134.05050644852184,128.5666220938096,133.5143014475301,10107966
2021-05-31,133.6605224609375,134.09923015262402,129.00530590341438,129.9071030272056,11125660
2021-06-01,130.76016235351562,134.92790808298133,129.59027012033113,134.78167713232833,11911215
2021-06-02,134.1479949951172,134.7573154395427,131.3938546855239,131.3938546855239,9303223
2021-06-03,135.2447509765625,137.072712028457,134.24545667593577,135.2691178401937,11241144
2021-06-04,136.90211486816406,137.63329937177613,132.2468979362418,133.97737685371578,12113422
2021-06-07,135.51290893554688,137.82832734361827,134.83047280099794,136.99964533138538,10293892
2021-06-08,133.09996032714844,135.43975990695208,131.95444972014852,135.2203985827245,10114133
2021-06-09,131.5888671875,135.26915722651017,130.63832121335037,134.36735986980221,14702921
2021-06-10,132.3687744140625,133.66054572551707,131.36949478262335,132.05193074136142,6951260
2021-06-11,134.6598358154297,135.87847686353314,132.1250564849788,132.71001013846418,10489641
2021-06-14,133.51429748535156,135.2447765337444,130.68705647455218,135.00104834743456,5854545
2021-06-15,132.07632446289062,134.41610935530704,131.85696312098116,133.5874274814152,6063128
2021-06-16,128.85910034179688,132.27129508954113,127.90855442595841,131.4913618862876,13188440
2021-06-17,127.34798431396484,130.73581223941127,126.08059470061853,128.1035357824656,7487331
2021-06-18,122.66839599609375,126.49493158374774,118.20817305995695,126.05622381356824,25178889
2021-06-21,123.98452758789062,124.64258920815762,118.98809992018822,119.91426402485752,10259127
2021-06-22,123.03400421142578,126.5924451990736,122.52218089262234,126.03185838439626,7080988
2021-06-23,122.47340393066406,125.20316237655483,121.81533490449598,124.20387540414875,6708344
2021-06-24,122.32716369628906,124.39885308473903,121.59597920624789,122.96085840859006,6777996
2021-06-25,127.81108093261719,128.63974793177468,122.98525784921011,123.69206817978134,12259906
2021-06-28,130.51641845703125,131.3207183406731,127.12859137395239,128.61534194770007,8563660
2021-06-29,129.90713500976562,131.4670014931116,128.8347249429666,129.95588362661817,7641687
2021-06-30,128.12789916992188,131.32073217739463,127.6648097065541,129.9071117972003,4782843
2021-07-01,128.15228271484375,129.54153640976995,127.4698467399994,128.78598495119022,3692800
2021-07-02,127.73796081542969,129.88278116411252,127.22613747712491,128.66414000053854,4336970
2021-07-05,132.80751037597656,133.24621818801674,128.03042843379,128.39602075648844,9431913
2021-07-06,131.9057159423828,133.73367759658436,129.76091057665099,133.48994937602416,5573608
2021-07-07,132.7100067138672,133.7580350129938,129.4684245847593,131.32075297968126,10176930
2021-07-08,128.9565887451172,132.78312458124785,128.0548062774085,132.51502950317055,7417356
2021-07-09,132.3687744140625,132.85623079544516,128.15227969030025,128.590987458347,7722876
2021-07-12,132.07632446289062,134.6110889503435,131.00391437620587,134.0505170361176,8489535
2021-07-13,132.173828125,133.51433351141176,131.93009987292513,133.1974897589128,2927619
2021-07-14,132.46629333496094,133.51432175137336,131.46701353986805,132.07633411638582,2925060
2021-07-15,131.3695068359375,133.2218353047497,130.78455317421282,132.076324604189,5284871
2021-07-16,132.8318634033203,134.05050435197464,132.0275633524061,132.246909797571,3868735
2021-07-19,129.12718200683594,132.17378414401114,128.24976654172428,131.36948415499427,5379470
2021-07-20,124.83757781982422,128.639731509367,124.30137284412262,128.639731509367,7962097
2021-07-22,128.10354614257812,128.93222803878103,126.86053817426375,127.3479946129737,4944298
2021-07-23,130.5408172607422,131.73509138465255,128.32289660318145,128.63974028626316,4417755
2021-07-26,132.63690185546875,133.41683514381796,130.15087100710136,130.93080429545057,7303590
2021-07-27,129.39529418945312,134.65981682441077,127.95729200509619,134.65981682441077,12185383
2021-07-28,131.6619873046875,132.07632825352513,127.2261307293475,129.1759564876517,7335089
2021-07-29,140.679931640625,141.80107550287795,131.9057157155464,132.44192077505477,31005496
2021-07-30,147.13870239257812,149.33225597011074,141.6060698384929,142.09352618905572,34614433
2021-08-02,152.69570922851562,155.7666784357889,146.23691226992716,147.74803000524736,26196659
2021-08-03,152.52508544921875,154.86488480126405,150.03905514591486,152.93942631243388,16167055
2021-08-04,151.59893798828125,155.62045322430478,150.03907158270096,152.8419458381113,10834095
2021-08-05,152.01327514648438,153.792487959086,147.74803181956835,151.55018563488107,14555093
2021-08-06,153.1343994140625,154.40178881680097,151.59891498666173,153.061283941517,8083629
2021-08-09,150.89210510253906,154.54802767691154,148.99102833906278,153.91434038108181,9624181
2021-08-10,148.55233764648438,152.20826064024527,146.9924712187509,150.5752787278343,8019719
2021-08-11,158.15524291992188,158.42333800306972,149.8441019544748,149.91721744297064,31209044
2021-08-12,157.7165069580078,159.5932170100015,155.66919907255058,158.9107810481824,11383091
2021-08-13,160.20254516601562,162.32298351140747,156.27852704053484,157.935875848937,20764801
2021-08-16,164.02906799316406,166.44198296752995,157.4971556307438,160.76310437396003,24614283
2021-08-17,147.77236938476562,166.3444567634414,143.0684192236485,163.73656267122044,82029102
2021-08-18,144.23834228515625,149.01542381484347,142.60536040957942,145.70071144967488,36805826
2021-08-20,131.2476348876953,140.87489872811122,129.98024528034156,140.87489872811122,33985528
2021-08-23,133.53868103027344,135.85409883143942,127.22611496933092,134.1480015042645,32529835
2021-08-24,139.60752868652344,140.8749184714998,134.58673304433688,136.39031304034987,32936022
2021-08-25,141.38671875,142.3372646526993,138.4619804352185,140.38743910951166,17963680
2021-08-26,140.16806030273438,143.01968277916905,138.14511952919062,141.48419833062314,15369839
2021-08-27,142.6297149658203,143.94583803740832,140.60677431572321,140.72863838953612,14509752
2021-08-30,145.55447387695312,147.55304795294504,143.84837659578722,146.23690981422195,22246795
2021-08-31,147.60179138183594,149.11290919101623,143.58027609785012,146.16380393315544,27040537
2021-09-01,145.286376953125,148.7960690531779,143.3121844443384,148.67420495075925,25319582
2021-09-02,149.06414794921875,150.7458783304629,146.2369070303601,148.67418881419945,33332582
2021-09-03,150.28280639648438,151.5989446638978,147.77240884107425,148.8691857719224,17893322
2021-09-06,153.6218719482422,154.0118459696266,150.6240182495411,151.69642821336342,12586099
2021-09-07,152.06201171875,154.64552437894113,149.55159965861748,154.27993212272617,16328996
2021-09-08,154.9120635986328,156.3629813753459,152.34703073521686,152.83931488114686,13318639
2021-09-09,156.41477966308594,158.04706586913525,154.75657461368692,155.2229398420131,7343112
2021-09-13,159.88662719726562,160.19754262745278,156.69977961893278,156.69977961893278,12916710
2021-09-14,157.11436462402344,160.2493908437003,156.77753029455846,160.2493908437003,8122323
2021-09-15,159.18711853027344,160.63803640452875,157.1143696734408,158.02119729830508,6917307
2021-09-16,160.17164611816406,161.62256376635193,157.71025723418427,160.66391440667022,9401199
2021-09-17,156.49252319335938,160.06801145455017,153.7461375555591,160.06801145455017,16865737
2021-09-20,148.48651123046875,153.02064847916867,147.37241209783707,152.39883343049354,13157824
2021-09-21,151.7770233154297,152.21748558541918,146.62107031325263,148.20153490188898,10413898
2021-09-22,152.81336975097656,154.4197528935042,150.61107461742827,152.3470045325176,7386307
2021-09-23,155.24888610839844,156.69980392255002,154.47160531928478,154.93797062998934,7756451
2021-09-24,151.8806610107422,154.93796211718063,151.02565535245765,154.93796211718063,9015535
2021-09-27,149.03062438964844,152.29519704092772,148.66788706669894,152.29519704092772,8561365
2021-09-28,150.611083984375,152.81337925489052,147.8646985607879,148.69380111950989,7363760
2021-09-29,151.38836669921875,152.94292808749856,148.71970614543497,149.70425852858227,7701691
2021-09-30,149.0565185546875,152.08791630130978,148.46060654284582,151.80291971724242,6824351
2021-10-01,148.12379455566406,150.42971780027062,146.72468297647015,148.09787571082492,7227287
2021-10-04,154.57522583007812,155.45615034086998,148.27925490403635,149.28972620677897,8623041
2021-10-05,157.0106964111328,159.60163199547495,155.0415916925591,155.30068525099333,12193085
2021-10-06,150.76654052734375,159.13525888841426,149.7560693738626,157.63251948652604,9850825
2021-10-07,150.6887969970703,152.81336719429902,150.32607552825525,152.81336719429902,7738137
2021-10-08,152.37295532226562,156.23345668018968,151.64749633129077,152.81341764979962,7025380
2021-10-11,154.29022216796875,156.38887377621296,151.6733834155836,152.3211173457598,6922845
2021-10-12,161.77801513671875,162.42574899646888,154.3679302928883,157.29568417619592,21173375
2021-10-13,165.53488159179688,167.3744395398509,161.7780249767383,163.35848936513312,16291520
2021-10-14,171.9862823486328,177.45316532937449,167.8926077303169,167.8926077303169,26405427
2021-10-18,194.1905975341797,196.0560740821941,178.90407951614554,178.90407951614554,48802954
2021-10-19,192.27333068847656,199.96841282889233,187.4541966441602,196.34110287309656,28838312
2021-10-20,184.60415649414062,188.82737824485753,180.4327566167817,188.51646281852535,15654936
2021-10-21,181.57272338867188,187.76506442392756,174.65492370918096,184.99276078442372,17004410
2021-10-22,167.81492614746094,179.5518629433306,166.4158143964012,179.29276934600978,23046439
2021-10-25,168.6439971923828,172.16766312955338,163.02166402222878,168.9289937704572,17295947
2021-10-26,171.28675842285156,172.34905158300438,166.05308078814323,169.47310337333008,14570005
2021-10-27,163.41030883789062,171.41629022539234,162.86620288231447,170.48355974985557,16987345
2021-10-28,155.8966064453125,161.33757149256783,152.8652084705069,159.0834542387987,25364271
2021-10-29,157.5288848876953,161.23391964252102,153.59065960273975,156.80342608058095,19418592
2021-11-01,156.57022094726562,161.67436677917888,155.4561219030566,161.67436677917888,20031854
2021-11-02,159.60165405273438,163.15123945660585,158.15073625050945,158.56527967576855,16357465
2021-11-03,160.97482299804688,164.39486109614347,159.86072387126956,160.2234611747857,15956363
2021-11-04,161.77801513671875,162.84029234118302,160.68981908957556,161.77801513671875,2988176
2021-11-08,168.2812957763672,169.55086076133142,161.2080435508402,163.48806410298337,19796688
2021-11-09,165.0944366455078,167.8667411865911,163.33260341831107,167.24491025284283,19869811
2021-11-10,167.4521942138672,168.87720904532546,163.95443053665147,164.23944299123434,24331479
2021-11-11,167.81492614746094,169.3953907655907,164.31716258362982,167.03764535549848,15963978
2021-11-12,170.06900024414062,171.8567361215414,167.76306149040704,168.87716051205928,15039279
2021-11-15,168.17762756347656,171.85675936778017,167.89263096606686,170.48356662912343,8320124
2021-11-16,172.42678833007812,175.82090811593181,167.89265039502723,168.22946890743881,20023683
2021-11-17,175.25086975097656,176.41679063420327,170.48354248070183,171.3903698343226,13264427
2021-11-18,160.40478515625,177.7640502657298,150.42968505602656,177.7640502657298,69494735
2021-11-22,170.1467742919922,172.24542617591612,160.43076406305042,160.43076406305042,58648584
2021-11-23,183.7491912841797,187.06558632778098,174.9400085485224,178.72276892713,333341211
2021-11-24,179.0854949951172,183.0496238130177,176.416834144754,178.72275763867958,29083799
2021-11-25,190.48561096191406,193.38746233924576,177.40138463729886,178.77457750464345,40281820
2021-11-26,183.38644409179688,190.0710557060432,181.00277984575837,186.4178423278557,24405163
2021-11-29,179.70729064941406,184.42279670281158,177.79000775359978,182.76460737241675,11884679
2021-11-30,175.58770751953125,183.4382391686466,174.11087107532558,179.78502632428885,17562378
2021-12-01,179.94046020507812,181.2359278811406,173.59266859237198,178.2563522261969,10966477
2021-12-02,175.09544372558594,179.91459395392283,173.0745169005881,179.81095019312596,14527577
2021-12-03,174.78453063964844,180.04414320234378,173.9295249497807,177.58275408113244,12609066
2021-12-06,173.95542907714844,178.04910431694043,173.12632649108278,174.49951924816398,8612257
2021-12-07,178.3341064453125,180.58822373504125,175.17316163324134,176.18363291223537,20032367
2021-12-08,177.11634826660156,180.84730179243013,174.65495948862437,179.29274045897083,20455793
2021-12-09,180.5623016357422,181.85776938800376,177.91954425836553,179.03364336254742,14212623
2021-12-10,181.2100372314453,182.66095480222046,179.2927386143781,179.81092572019998,8770813
2021-12-13,184.5523681640625,186.75466376462128,183.80100621216286,185.25192404700366,16823625
2021-12-14,186.49551391601562,187.40234124273934,183.6973070420309,185.25186817355726,11846524
2021-12-15,182.89413452148438,187.16917789198064,182.40185047450748,186.52144404796607,7353408
2021-12-16,185.2519073486328,186.7805657767567,182.6091497034134,182.99779006848047,13849801
2021-12-17,179.0857696533203,187.21746808688468,178.08951551466816,186.1404223720924,12501229
2021-12-20,174.05064392089844,176.58169221473867,169.98478532271403,176.0970247911878,10352390
2021-12-21,181.40147399902344,183.31322405588756,175.61235180767565,177.17406520496968,8777083
2021-12-22,184.1748504638672,184.98263489572625,182.26310054890058,183.09780455472176,4817620
2021-12-23,185.2518768310547,189.8024018909322,184.44409248440766,185.79039972881938,7557268
2021-12-24,186.22122192382812,188.67151110681422,182.855453623915,186.40970823550637,6096013
2021-12-27,183.31320190429688,187.72909649970728,181.23988533895889,187.4059794551429,7521417
2021-12-28,185.68272399902344,186.5443640867088,183.77097392101152,185.0634258353307,4120120
2021-12-29,182.80165100097656,186.22125912936662,181.75152450783045,184.47105926373567,4510924
2021-12-30,179.48968505859375,184.44410256250612,179.08579286320142,182.93624494014088,5044789
2021-12-31,183.74403381347656,185.49423336954064,179.48968943735736,179.48968943735736,6299731
2022-01-03,190.52938842773438,191.17562245769506,183.34012112509598,183.63630213541975,9043533
2022-01-04,180.53982543945312,192.46810592135094,177.73949942561137,192.30655560434408,28238896
2022-01-05,179.785888671875,182.26309750846903,179.1396545634014,181.2398907643165,9231180
2022-01-06,182.23617553710938,183.28630193565994,178.7896317067542,179.86667768089126,9683833
2022-01-07,182.12844848632812,183.82479230773788,179.59738432241144,183.043927541266,6418949
2022-01-10,182.6669921875,183.79787724099538,180.94371216454732,182.53236144928232,4237835
2022-01-11,178.27801513671875,182.990090925774,177.38945556052298,182.9631713521744,8957542
2022-01-12,179.1396484375,181.29374014619543,177.90105227876634,178.78961182172011,6781225
2022-01-13,182.936279296875,185.25192174491906,179.785916294271,180.62062041441234,10653446
2022-01-14,181.0514373779297,184.82109834053867,179.89359979188004,183.0978181838647,6325976
2022-01-17,175.4507598876953,179.86665438345028,172.19270281170128,179.86665438345028,13870740
2022-01-18,173.64671325683594,176.6085891655253,172.40810074346263,174.96608448278528,10477124
2022-01-19,174.80455017089844,177.9549126668743,171.2502954686286,172.05807988121649,37369055
2022-01-20,176.17776489257812,177.33558585018804,174.61605175665676,174.99302436351337,7463125
2022-01-21,174.10447692871094,176.7432527399076,171.5734287242156,174.9930530140089,10563621
2022-01-24,168.0730438232422,175.42388002152754,167.07677291382632,173.40441862450305,10949389
2022-01-25,171.2772216796875,171.7888250679197,165.4342606830611,167.2382994602223,7732802
2022-01-27,176.74322509765625,178.78960557565986,168.0460669801035,169.6347161335327,13373574
2022-01-28,176.44703674316406,180.88985096641414,174.0236835304822,178.19723628565652,15967353
2022-01-31,173.26974487304688,178.0625954459001,169.9039767131198,177.71255884415064,14273583
2022-02-01,182.1015625,182.5593103704084,173.40441869991594,174.42760918796955,12026843
2022-02-02,184.84800720214844,185.25189942473145,181.0244908748128,182.5592846075115,8070763
2022-02-03,185.9519805908203,189.45238000167993,177.25483764918343,180.4052004058405,15147036
2022-02-04,191.9026641845703,195.34920791535274,185.0364962978143,185.7904251710453,20184671
2022-02-07,196.7493438720703,199.79199495580818,191.68723192287615,192.8719724366284,15757583
2022-02-08,198.95729064941406,201.8383749976321,193.49127010340405,198.31105659996607,14209893
2022-02-09,202.83470153808594,204.07331440178382,196.1300994909427,200.06131114423542,17184515
2022-02-10,204.36947631835938,207.7891006187385,202.21538434135428,203.56169182698247,11642228
2022-02-11,203.58859252929688,207.0351525205266,200.46516602596301,203.56167295584692,9277013
2022-02-14,194.67604064941406,201.86532510550794,193.65285036165298,199.28040516154678,11817623
2022-02-15,200.30361938476562,201.56913517957926,191.41799064062937,198.7149700961384,12010968
2022-02-16,197.6918182373047,201.9461471163383,194.9722669288196,201.9461471163383,9223294
2022-02-17,198.6880340576172,201.05753157281833,196.88397902369286,199.1727013893423,7177358
2022-02-18,196.02236938476562,200.1151474170453,195.21458489554269,198.17646135602678,4497068
2022-02-21,190.6102294921875,196.8840193879556,190.15248163832922,195.7531177591347,5793689
2022-02-22,188.53688049316406,189.8024126616089,182.7477590136796,186.328933200152,9895715
2022-02-23,189.6677703857422,191.66029523862076,187.45982322711282,189.6677703857422,9341304
2022-02-24,182.04769897460938,189.26392053613077,180.78218303461642,184.17487146145487,13040748
2022-02-25,195.26840209960938,196.8570347555012,186.0596574456619,186.2750633135642,12293768
2022-02-28,204.80029296875,205.39267156327693,192.1180827288798,194.35294992083254,13822663
2022-03-02,208.56993103027344,213.25508724812752,205.71576598177958,206.79281187697214,15610682
2022-03-03,213.2281951904297,215.94772985296532,206.41586587671054,215.40920683587564,59451460
2022-03-04,201.08445739746094,214.73601686631542,199.52274419804354,211.85491592367111,19180902
2022-03-07,208.62379455566406,209.59314575889695,201.11140901129727,201.4075900699864,17901437
2022-03-08,205.36570739746094,213.47047031855345,200.59977653386738,213.47047031855345,19093725
2022-03-09,206.98257446289062,209.07330753827335,203.7489141120704,206.25779380252968,10587981
2022-03-10,210.88526916503906,211.58218016690634,202.63384970870194,207.12194975495575,12346925
2022-03-11,210.85739135742188,214.64858025485321,209.74233379765639,210.63436623392627,9045446
2022-03-14,209.51930236816406,211.86092997896577,207.20556140417403,210.85738501115225,5116985
2022-03-15,199.42807006835938,207.06620486025355,197.253694011403,206.78744044417502,8197001
2022-03-16,208.15338134765625,209.35206486744696,200.32009148150863,201.82542605064125,9118574
2022-03-17,210.99679565429688,213.25478064357455,208.23702109901984,209.01755806973128,10989483
2022-03-21,223.03939819335938,227.165125083227,212.16758617615386,213.53353859434372,26819133
2022-03-22,225.26950073242188,231.93197657688006,224.1265735190043,225.63190805736596,22136086
2022-03-23,227.83413696289062,229.56247961729696,221.89645874361673,227.27660817207752,12118980
2022-03-24,229.22799682617188,232.74043899747943,226.91425536477357,227.36027166536917,11816201
2022-03-25,228.89341735839844,231.54167887290288,226.49605058261778,230.7611420399343,8213490
2022-03-28,230.48239135742188,232.9634012030657,226.3566818400697,227.47173938607992,8658384
2022-03-29,228.7819366455078,231.76471900013712,227.22084586397582,231.31868577065885,6273174
2022-03-30,222.28672790527344,228.75404804029307,221.0880274355322,228.5867962146876,8216568
2022-03-31,224.8791961669922,229.0606612611556,222.59332517929786,222.59332517929786,9571444
2022-04-01,226.24517822265625,229.088578480261,224.79561696708745,225.9664138251348,8522750
2022-04-04,234.97048950195312,236.2249291414511,226.3566638382966,226.3566638382966,11316771
2022-04-05,233.548828125,237.06127003245408,232.7125348633819,237.06127003245408,6544847
2022-04-06,241.18698120117188,242.3577951758942,230.98419315222574,232.7404226215243,9864785
2022-04-07,237.22848510742188,243.83520425301697,236.5594437960601,241.96747952202372,7125701
2022-04-08,239.9046630859375,242.24629111770363,236.78251506282345,238.0648246427145,5251094
2022-04-11,244.05824279785156,245.73082927048105,239.98828918689162,240.2670535989965,6488235
2022-04-12,232.48951721191406,242.4135233710634,230.90055667700435,241.40997830397794,10163306
2022-04-13,237.39578247070312,238.37145797853267,234.94265888247486,235.27717960233113,4532025
2022-04-18,236.4758758544922,240.74096847027602,233.46522324419954,237.47943806754404,5410588
2022-04-19,238.3714599609375,243.9188789859327,235.3050511965429,238.03695625272994,6170452
2022-04-20,235.2213897705078,239.15197789306,232.7682665320971,238.5944491109472,4326156
2022-04-21,236.92185974121094,237.56301442957314,232.57312508756903,235.27714304919536,8243160
2022-04-22,231.8204803466797,236.92188274476723,231.26295151754923,234.10635194900055,4288543
2022-04-25,224.18234252929688,228.53106053124958,221.3668117720484,225.6876601386977,6329044
2022-04-26,229.47889709472656,230.0085393374943,224.1823725804591,226.3009755803934,5690783
2022-04-27,230.0642547607422,233.0470372286356,226.05005762957597,229.59035188023844,7572088
2022-04-28,229.50674438476562,233.0191862976923,225.82705062502671,233.0191862976923,6480515
2022-04-29,227.66688537597656,233.99484056138846,226.41244559529954,230.81691964456869,18580213
2022-05-02,227.38812255859375,228.22441575151655,222.73275371510448,227.4717484750003,9271760
2022-05-04,220.3354034423828,229.7018811090174,218.8300687749741,229.7018811090174,16352730
2022-05-05,225.91070556640625,228.30807290838985,223.3739389920989,224.40537080739173,11573563
2022-05-06,217.87049865722656,224.88298244468666,215.24081493085242,220.6513134201899,17372415
2022-05-09,211.6741485595703,216.41966730043407,209.86057592856108,215.45242487417286,7155146
2022-05-10,199.7045135498047,213.3365228113324,198.28387841412803,208.56078674656757,10077453
2022-05-11,197.01441955566406,205.78001985347967,191.36211498424652,200.30908359877108,12430816
2022-05-12,189.97169494628906,196.95394079398744,183.89623523198583,194.56608171188017,16664763
2022-05-13,177.06512451171875,194.56610649489144,175.64448903205619,192.20846593747987,20305913
2022-05-16,173.589111328125,182.83834217710532,168.99472395692698,178.03236765716926,18365763
2022-05-17,194.05223083496094,198.85820467900948,177.7602994025502,178.3346046614127,27785998
2022-05-18,193.32681274414062,196.8935199318274,191.18075942490302,196.4401268264719,12682808
2022-05-19,183.50328063964844,188.43016674545092,179.96682946240927,186.19342022691686,15575272
2022-05-20,190.0623779296875,193.32680445861908,187.16066955921758,191.02962020271474,11619010
2022-05-23,184.77281188964844,188.30928203165104,176.94423482941107,185.58892322220504,18449758
2022-05-24,184.68212890625,191.57370056687517,183.26149345571008,185.98185214663684,11923967
2022-05-25,184.28916931152344,187.67450784619257,181.41767993411304,185.61911121715755,10971726
2022-05-26,189.2462615966797,190.0019167195679,177.73008490330787,185.46798598223862,11117630
2022-05-27,186.102783203125,192.87344333925117,183.44288034791063,191.02965186368374,11035458
2022-05-30,189.33697509765625,190.2739801702008,185.7098301222116,186.94909727604318,7700826
2022-05-31,193.99179077148438,197.9211976396609,186.91886947793412,187.40248140534163,52366423
2022-06-01,191.05987548828125,196.4703747255542,189.367215023938,193.7500156908927,9150761
2022-06-02,194.50563049316406,195.26128562328512,190.8180297684509,191.18074792063135,6242334
2022-06-03,191.5736846923828,196.5912458201533,190.69713581155273,195.56354746485013,10358738
2022-06-06,193.8708953857422,195.50309946349407,187.40247983146915,187.64428579314213,11751642
2022-06-07,190.36465454101562,193.87090574272816,188.76266920466188,191.63415896838373,11390344
2022-06-08,189.36717224121094,191.90618081271637,188.33947390307512,191.5736814922083,4734993
2022-06-09,183.11033630371094,191.02960527542038,180.96428324414327,188.2487908759928,11747620
2022-06-10,182.0826873779297,183.35217337600037,178.15328027304872,181.2665760587317,6147803
2022-06-13,175.13064575195312,179.9366014589731,173.22638000627225,178.4555284273028,7487440
2022-06-14,176.00718688964844,179.06004464411774,174.25407070068215,174.70746377275677,7645723
2022-06-15,176.1280975341797,178.9089120414221,175.67470446610574,176.49081567836106,6160021
2022-06-16,161.68002319335938,179.2112270019347,160.7127806728181,178.8182714680216,14390002
2022-06-17,159.5641632080078,164.43057543235062,158.86894564857565,161.67999781835056,13852870
2022-06-20,139.3125762939453,158.8689252952282,134.05321849546684,158.8689252952282,49070694
2022-06-21,142.6979217529297,147.29229957484387,137.22697656908088,142.93972771354922,51220904
2022-06-22,134.26483154296875,141.972515267097,133.59985121822294,141.972515267097,22944315
2022-06-23,132.66282653808594,136.62246167485117,130.63767611421534,133.63006889453325,20938353
2022-06-24,133.87185668945312,135.9574629364565,131.48398840015057,133.26733260485474,21355402
2022-06-27,137.71058654785156,139.73573667066526,135.89701431734684,137.55945552864284,15977006
2022-06-28,141.9422607421875,142.51655679320567,134.20435040547892,137.16651481029197,23261360
2022-06-29,140.2798309326172,142.27476247361983,139.52417574468487,140.06824379027356,14692258
2022-06-30,134.80886840820312,141.67022033305128,134.38570340155863,140.58207515574733,13598410
2022-07-01,129.33795166015625,135.1716157660116,124.5319860810173,133.66030525531966,26130465
2022-07-04,130.93994140625,131.39333454238755,126.58735991988385,128.70319455519245,10536164
2022-07-05,131.2119598388672,135.05068240039947,130.69811065596397,132.81394503964987,13760066
2022-07-06,129.64019775390625,129.972687870063,124.68310173581625,129.0659016756207,21776088
2022-07-07,137.650146484375,138.37557361621586,130.60744385861403,131.78626410089376,18550009
2022-07-08,135.4134063720703,140.8541235923767,133.63006201694225,140.49140542130044,20385518
2022-07-11,138.7080535888672,140.4309509721442,133.78118583912607,134.8088749693677,16001815
2022-07-12,139.49392700195312,143.15129941392928,136.13881662031707,138.07329176963265,17927232
2022-07-13,140.21939086914062,141.2168613659071,137.8315220469605,139.342832595721,13199027
2022-07-14,137.7710418701172,142.63746283194507,136.92471180036708,142.63746283194507,15126859
2022-07-15,137.74082946777344,139.46371773818169,135.8970289894996,139.19168371909686,12239038
2022-07-18,143.5442657470703,143.90698394744865,138.52671317147386,139.6753146564673,15984360
2022-07-19,144.33013916015625,145.50895939429938,138.73829083667374,143.5140278772768,20854834
2022-07-20,153.0655059814453,157.05535965560424,148.1084100215051,149.92198238911539,58620970
2022-07-21,154.03274536132812,154.78839127593739,151.79600799500042,154.7581724498255,19890154
2022-07-22,156.1788330078125,157.1460754314582,154.21412932953191,155.36272163634223,15511814
2022-07-25,155.96722412109375,158.0528397300649,153.3073216630146,157.4180783301722,23018426
2022-07-26,157.8636932373047,160.15252066191306,156.19612695360087,156.94816625885963,18479077
2022-07-27,159.17156982421875,159.69473229260655,154.26694039275975,156.9481418066883,10992106
2022-07-28,160.54486083984375,161.9181609932113,157.3731966648486,159.04077257151107,11285482
2022-07-29,166.2996368408203,167.73832614146153,160.38138201245005,160.6102687100836,20997947
2022-08-01,167.01898193359375,168.32688315461954,165.6129921123888,167.90181924918392,10114375
2022-08-02,165.18795776367188,166.75743551832824,161.65661784795074,166.75743551832824,11012297
2022-08-03,162.768310546875,166.43043812772385,161.0353453396935,164.46858620480373,9843948
2022-08-04,163.65115356445312,165.90728135815414,160.70837557827915,163.42226684079705,9463532
2022-08-05,165.6129913330078,167.9672175111729,163.5857404585604,163.5857404585604,13811834
2022-08-08,167.90182495117188,168.7192632420734,165.5475986819776,165.61299773664763,7700478
2022-08-10,167.64022827148438,169.92905520723747,164.7955393742224,168.5557550543882,11891569
2022-08-11,167.77102661132812,170.3214500410284,167.08438643071005,168.7192630102669,6782061
2022-08-12,171.6293487548828,173.2642253101513,166.95359581971812,167.77102411885778,14399499
2022-08-16,171.66201782226562,174.4086180902166,166.43041346958705,172.64294363839286,18353026
2022-08-17,174.14703369140625,175.7492206156277,171.72742848875146,173.62388120353177,14443487
2022-08-18,173.6239013671875,175.42226569396627,171.95633515606156,174.5721378131943,9656896
2022-08-19,171.33506774902344,175.2587715906041,170.2560531839867,174.4413332902748,11007005
2022-08-22,167.96722412109375,172.77376526629064,166.79011098568893,170.02716462418113,9077185
2022-08-23,171.49855041503906,172.25058963804463,165.80918200612084,165.80918200612084,6629601
2022-08-24,174.40863037109375,174.76829521287127,171.17156696714332,171.4985422622095,7607934
2022-08-25,173.5911865234375,177.41678138648845,173.0353245483913,175.5530382304329,6531499
2022-08-26,176.30508422851562,179.83641344661513,175.5857345833315,175.5857345833315,11188255
2022-08-29,173.9835662841797,174.7356255138466,168.7519609688788,170.74652246953156,7471816
2022-08-30,176.73016357421875,177.87457721438483,175.35686321462143,175.9127252598144,5956473
2022-09-01,172.1197967529297,175.84730300058283,171.46584618769361,172.31597393970551,8676894
2022-09-02,168.22879028320312,173.8200598783335,167.41135204081633,173.5584836321674,10204135
2022-09-05,170.2887420654297,171.8909291105882,168.42497875658952,168.98084079003164,6625211
2022-09-06,172.5448760986328,173.13342766871503,168.91543816197895,170.6811128292148,6046145
2022-09-07,171.3023681640625,172.2505845626994,170.0271565074611,170.0271565074611,4912037
2022-09-08,171.49855041503906,173.29691462339503,170.6811121385136,172.44678679860425,3584327
2022-09-09,174.37591552734375,176.46856533447772,172.51215241114437,173.29690107806653,9391783
2022-09-12,176.79556274414062,177.77648872205486,174.86640033811327,175.22608517087588,5914506
2022-09-13,181.50401306152344,182.77922493924524,178.2669689947553,180.1307325248902,15735934
2022-09-14,199.84730529785156,205.89634828569416,178.7573986645625,180.49036374535757,61991651
2022-09-15,205.47128295898438,209.85273992922325,199.19335331586356,207.26964707796756,72693576
2022-09-16,190.1361541748047,196.119798715477,187.68383920264472,193.66748374331704,45232346
2022-09-19,184.1851806640625,192.78462697701173,183.36774242220446,190.953573298045,17630437
2022-09-20,183.17156982421875,188.0761993984642,182.90999357165674,186.63750007389,14832173
2022-09-21,181.73287963867188,185.2642091183152,181.14432805156295,183.76013062270465,8891248
2022-09-22,183.53121948242188,185.16609587181986,180.16337811165943,180.16337811165943,8750415
2022-09-23,182.8118896484375,187.65114024994787,181.96176181681506,184.38138711757023,11611515
2022-09-26,172.83914184570312,181.2751208562723,170.02716214683954,180.4903721251066,13655836
2022-09-27,171.46588134765625,175.45496464798842,170.05987137849914,173.62391067265534,8506360
2022-09-28,167.93453979492188,171.20429345103008,166.888224612065,169.70021475201733,7527753
2022-09-29,169.7982940673828,172.64298358374046,167.80375242923085,170.02718080216863,7865169
2022-09-30,176.599365234375,177.71108932333357,170.22334639020758,171.92362207338357,11747174
2022-10-03,175.48765563964844,178.5285220792711,173.6892914062492,177.2206208186171,6570803
2022-10-04,182.55029296875,183.69470643706546,178.39770296375082,182.45220437714897,11559416
2022-10-06,191.2151336669922,191.9998822968117,184.41405205084078,184.41405205084078,16940276
2022-10-07,190.88818359375,191.28055796045135,187.84731717654583,190.95358264769845,8499499
2022-10-10,194.25601196289062,194.8445834509557,187.35684132112095,187.48763942002162,11439140
2022-10-11,187.06256103515625,199.78190818033292,186.37592088836294,196.18517988248732,21039535
2022-10-12,188.07618713378906,189.64566450380235,183.30233601863878,188.33776336929336,10044150
2022-10-13,191.60752868652344,192.85003085384372,187.91271173225957,191.47673058175758,10965277
2022-10-14,188.2396697998047,195.7601011244414,187.3241430212463,195.7601011244414,10076381
2022-10-17,183.13885498046875,186.8990708777684,181.56937755386306,186.86638133102196,9189148
2022-10-18,182.91000366210938,185.98355972399972,182.45223022713066,184.74105748804448,6076753
2022-10-19,181.3078155517578,185.0353421951309,180.68655445886571,183.7601304600323,5047001
2022-10-20,184.96995544433594,185.62390613004547,178.98631066149207,180.09801485300358,5655577
2022-10-21,183.17156982421875,186.27783522124088,181.6347818995574,185.72197321142863,5352956
2022-10-24,184.25059509277344,184.87185619123272,183.43315678269013,184.87185619123272,1607171
2022-10-25,183.10618591308594,184.67566351522856,182.2560580327142,184.41408724103653,5339921
2022-10-27,188.566650390625,191.21514220986526,185.72196142667107,185.78736047490898,14336599
2022-10-28,186.27783203125,189.48218597348503,182.81188188394398,189.48218597348503,9449012
2022-10-31,183.6293182373047,186.3432291594958,179.05166409364122,179.1824621948269,12599029
2022-11-01,187.61843872070312,188.8609409724316,183.76013385186624,184.11979872892258,9070975
2022-11-02,194.38681030273438,195.82550956447326,186.53940332667784,186.70289097201234,20332664
2022-11-03,198.0816650390625,198.99719203691026,191.28058168177552,191.28058168177552,19690261
2022-11-04,210.53939819335938,212.27236324702466,198.47400195342826,198.47400195342826,52129584
2022-11-07,200.46856689453125,212.1742996772958,195.23696161311346,212.1742996772958,38854124
2022-11-09,201.15525817871094,205.8636916861425,197.591218546626,201.31874586904524,20764922
2022-11-10,200.86093139648438,202.56120702066264,198.80099090970603,199.06256716950514,8723702
2022-11-11,204.29417419433594,205.99444983516696,202.07074602878285,203.47673590133923,15276115
2022-11-14,205.8309783935547,209.91817018055937,204.71925424469296,205.99446606503489,19802445
2022-11-15,208.38134765625,208.87181058967457,204.22875749519116,206.77918071458916,10006142
2022-11-16,203.99990844726562,209.68926699411978,202.4631204645502,209.2642030730256,9748748
2022-11-17,200.95901489257812,203.70561544314643,198.53940960468591,203.70561544314643,10016310
2022-11-18,202.98629760742188,207.53126305191907,201.67839617959444,204.29419903524933,18774925
2022-11-21,201.3513946533203,205.27509842684518,200.43586776422904,205.27509842684518,11979024
2022-11-22,202.7900848388672,203.96718793483817,200.46854823710714,202.3650209407104,9990931
2022-11-23,201.3187255859375,205.0135430238364,199.22607537769824,205.0135430238364,19347161
2022-11-24,203.3132781982422,203.6402535636163,201.2533373877836,202.03808624747853,9754111
2022-11-25,207.0081024169922,207.53127499241955,202.4631566679894,204.35960985605496,11546335
2022-11-28,203.08436584472656,207.85821755146256,202.4958142526605,207.62933083316187,16890293
2022-11-29,209.1828155517578,209.94512255591474,204.43574404502831,205.12874656721485,14184054
2022-11-30,210.91529846191406,212.85569684929854,208.35118095473945,208.5937360403516,10300275
2022-12-01,215.00399780273438,216.56325322596132,211.1578428849434,212.0587375588613,14208907
2022-12-02,217.4988555908203,218.88486069747043,213.72198321569496,214.93473768401378,14526593
2022-12-05,221.2410430908203,223.28540887880544,218.3650870110122,218.6422837749532,17018137
2022-12-06,217.91465759277344,220.99850621260694,216.97909993217434,220.72130942581146,7693396
2022-12-07,216.84043884277344,218.64224924698433,215.62768468688682,218.29574805958816,5552148
2022-12-08,217.4988555908203,219.3353081273798,215.59309856917642,216.70190688424842,5763591
2022-12-09,214.03379821777344,220.0282648249866,212.05873712266424,218.9887612116402,7643243
2022-12-12,214.06846618652344,214.55357639187113,207.58888863727637,213.92987837696535,8476131
2022-12-13,217.01373291015625,219.09274045101438,214.76147474089328,215.0040298504117,8177297
2022-12-14,219.02342224121094,220.37478551756678,217.60277563684267,217.94927687193317,7878753
2022-12-15,215.4890899658203,219.68174573887475,215.0386215177,218.29574103389763,5846776
2022-12-16,213.30612182617188,218.15713843435807,212.75172838759508,214.83073550538916,7609735
2022-12-19,217.84530639648438,218.29575372203286,213.79123816903854,214.06843489639493,5148697
2022-12-20,216.28607177734375,217.87996897423153,212.82105948084276,217.53346774458143,7495069
2022-12-21,210.1183624267578,218.22647883188614,207.9353876746487,217.3602257235119,10996743
2022-12-22,209.3213653564453,213.06359521571105,206.82657364860782,211.85084102210763,9075631
2022-12-23,197.64430236816406,208.48978621579914,196.7780493268393,207.20772748488727,11859798
2022-12-26,205.1980438232422,206.13360142500056,195.28809541569328,198.02546374143853,7669940
2022-12-27,213.20216369628906,214.1377210763733,207.20769774056834,207.27700220367697,11251874
2022-12-28,211.29644775390625,212.71711549913448,210.74205424034596,212.71711549913448,5313187
2022-12-29,212.82107543945312,213.7912747254735,208.62839755704059,210.01440257957202,6837877
2022-12-30,213.7219696044922,217.4988417390818,213.02896709530202,214.484276594353,6318160
2023-01-02,219.0580596923828,220.3747600035335,214.27634743149102,214.79609922395218,13487019
2023-01-03,221.4489288330078,222.8695965729571,217.77602423461568,219.05808302231148,10680716
2023-01-04,213.6526641845703,220.65199372637235,212.19737584067525,220.37479695366653,16035314
2023-01-05,215.76632690429688,216.21677428764465,213.0636214554528,214.83076932426232,6589413
2023-01-06,214.58819580078125,217.94926177814443,213.860551716986,216.39000632822132,4971988
2023-01-09,218.64231872558594,219.61251812884748,216.355418621558,216.355418621558,6356082
2023-01-10,219.02342224121094,221.5528981763773,216.90977316666164,220.02828428247625,8269189
2023-01-11,220.47872924804688,221.7954296972451,219.3352794144999,219.78572678544182,6183545
2023-01-12,219.40455627441406,221.7607601209483,218.01855152365815,221.7607601209483,4051242
2023-01-13,221.20635986328125,223.14675799504107,219.19663611761504,219.68174622493174,8446441
2023-01-16,219.75108337402344,222.45378872693584,217.94927275582964,222.31517977601453,5228181
2023-01-17,220.3401641845703,220.7213071188355,217.25629444821016,219.7511078008122,4146953
2023-01-18,224.6367645263672,225.78021446427732,220.54805385357042,220.72130448503432,12239219
2023-01-19,229.24520874023438,231.46282510493415,222.83493588927436,224.2556036427954,14218085
2023-01-20,229.3144989013672,236.1405770381643,228.72544260857148,233.95762362251497,19053763
2023-01-23,228.10174560546875,231.77467117373382,227.6166565937207,229.34916266872617,4686210
2023-01-24,228.44825744628906,229.9728713227106,226.81969743028353,229.52242395200867,5123504
2023-01-25,226.09202575683594,230.56189955313943,224.94857606321887,228.6907846735812,7049679
2023-01-27,221.58753967285156,228.34431375200808,217.22163257351474,227.30481004752247,11670027
2023-01-30,223.07748413085938,225.12184981516407,219.23132899793762,221.76078370734828,9562174
2023-01-31,230.35398864746094,233.1953026569849,223.25071419802825,224.01302105162068,12559707
2023-02-01,227.3048095703125,234.40808486938477,222.69634738651945,233.54183178413206,11727712
2023-02-02,226.6464385986328,231.98256582391306,223.4932859692665,227.99780181050753,11308985
2023-02-03,226.46629333496094,232.62693930994914,221.926888502184,230.93366157451288,11362212
2023-02-06,220.6659698486328,226.89865325223272,219.7652924206792,226.466323688976,7244255
2023-02-07,222.0349884033203,222.61143513323455,215.55011111884707,220.48582767209058,10473033
2023-02-08,226.3222198486328,227.33097413156796,222.9717043424723,223.00772264253655,7819410
2023-02-09,223.44003295898438,227.4750717326449,222.64743252303802,226.93466534302587,5202003
2023-02-10,223.8723907470703,224.59293269091128,221.56664773110114,223.3680025907036,4235865
2023-02-13,222.46731567382812,226.82658545248785,221.92690923899292,224.08853497833377,5188595
2023-02-14,226.39427185058594,226.79056109653868,222.71950379399473,223.36798710064176,6566932
2023-02-15,225.5296173095703,227.54712585723712,224.16059208156827,226.17810062923508,5810417
2023-02-16,226.86260986328125,228.23163500453865,226.3222034662697,227.61917002342037,4366228
2023-02-17,226.2501678466797,229.06027699852876,225.52962591086222,226.86263288996346,4291109
2023-02-20,223.98046875,227.47510159277383,223.47608059113546,225.78182361852308,5264100
2023-02-21,221.96292114257812,226.17809561066125,221.2063609512886,224.55687635287492,6336180
2023-02-22,218.5043487548828,221.8188461593912,216.9912062453034,221.09830420141964,6166923
2023-02-23,218.2521514892578,221.02624238483645,217.35147405492677,217.9999574098061,4584146
2023-02-24,212.16354370117188,219.65717409028278,210.39820747972388,218.97265057849089,10491706
2023-02-27,207.0477294921875,211.80331066268246,202.29214832169257,211.80331066268246,10621491
2023-02-28,193.357421875,203.80527935000964,188.7459581459379,203.26487292888845,51008515
2023-03-01,200.74298095703125,201.679676646375,191.77222536249525,192.42070868505584,18728209
2023-03-02,198.07696533203125,203.2288355561225,197.21232823934952,201.75173344621174,11979398
2023-03-03,208.416748046875,209.60563780384118,199.26585696875895,199.51805103579883,16106822
2023-03-06,206.759521484375,212.27166300766692,206.21911502151903,210.75852051383112,10687170
2023-03-08,205.39047241210938,205.75074338423317,199.84231263491964,204.5618535740636,9159693
2023-03-09,205.71470642089844,209.53356958329744,205.06622312774297,206.7955192392219,6175922
2023-03-10,201.6436309814453,205.31839862951185,196.38366254740777,202.40019109022765,12081164
2023-03-13,200.88706970214844,207.0837343405944,198.6173671513926,200.27462668832686,11122038
2023-03-14,201.3193817138672,203.01265940219406,198.5452912869306,203.01265940219406,8027650
2023-03-15,202.03993225097656,205.2823706066102,201.53556614472677,203.94936377367787,6345240
2023-03-16,198.18505859375,200.8510726588007,193.6816713144047,199.51806562627533,11692502
2023-03-17,204.99417114257812,206.6514087216912,199.95037782799798,201.75173258320518,14420400
2023-03-20,201.67965698242188,204.12949484500822,198.14900635788342,202.5082757020801,8043963
2023-03-21,204.4177703857422,204.92213658282375,202.61641541931584,203.1928402128937,4662762
2023-03-22,205.6066436767578,207.37195820790672,201.82379855247422,205.35444960396663,9306264
2023-03-23,195.44699096679688,205.35444212179578,192.56482335806993,205.35444212179578,31634089
2023-03-24,194.36618041992188,201.3914640495576,193.28536755382407,201.03119309419168,21108973
2023-03-27,196.5277862548828,197.5725807153426,194.22204357830554,195.62710895765605,9242191
2023-03-28,197.60862731933594,198.72545853220842,194.5463240700846,198.00491659120812,10805861
2023-03-29,203.0126953125,203.51708347541418,196.6358946288912,199.59012103482698,24728158
2023-03-31,197.75274658203125,205.35445534381728,196.7079519609197,205.31843704206662,41562626
2023-04-03,203.4810028076172,203.91333229158596,199.3018691040314,200.27460494566338,13738062
2023-04-05,206.25514221191406,206.9756841934404,202.03996722214575,204.6339227534798,16288540
2023-04-06,212.03726196289062,213.0462145247133,206.4491550585564,206.79842062211898,23000052
2023-04-10,209.4760284423828,211.88201948127355,208.8551382257726,211.88201948127355,9479279
2023-04-11,211.68797302246094,212.54171477265547,209.67004443621255,211.88200416180325,8814894
2023-04-12,213.8999481201172,214.67607273326314,211.88201938884896,211.92081614532887,7011009
2023-04-13,213.97756958007812,216.38353698039282,212.50291383737687,213.43427286587828,6795496
2023-04-17,216.53875732421875,217.12085075788602,212.27007214399222,213.43425901132673,8147387
2023-04-18,217.00440979003906,217.54768271588932,214.98648140081357,216.53873036399634,4609166
2023-04-19,218.51785278320312,220.41936736315324,217.31486923127784,218.0909937642467,9731032
2023-04-20,217.00440979003906,219.52681435521106,216.38349599350227,217.74171383628718,4378157
2023-04-21,214.79249572753906,217.19848686663474,214.2104022431826,217.00445570518258,4599260
2023-04-24,213.62831115722656,214.79249813900984,212.34771021435395,213.8223423208571,4484853
2023-04-25,216.30593872070312,218.4014609606951,213.7835337330777,214.1327755970213,5696665
2023-04-26,214.36563110351562,215.72384919856032,213.5895064777758,215.4522008424626,3570055
2023-04-27,214.28799438476562,215.60739191707557,213.43425263712876,214.52082227710216,3689315
2023-04-28,216.81040954589844,217.31488579368806,214.40441857323688,214.9865120173271,4837041
2023-05-02,218.16864013671875,219.52685825108856,217.392515499936,218.86714757273438,4879314
2023-05-03,215.95668029785156,217.50892957222965,214.59846218277073,216.7328049350406,4587957
2023-05-04,215.87904357910156,218.01338613840238,215.2969501538377,216.18948866882053,3969851
2023-05-05,213.20144653320312,215.91788275346738,212.696946572513,215.87906231048282,5353349
2023-05-08,216.61636352539062,217.3148708732521,213.24021704437862,214.676052178308,4388448
2023-05-09,220.22535705566406,223.52388663270926,217.15965538635064,217.70295208498246,11933072
2023-05-10,221.89401245117188,223.13581651495227,220.341763292807,221.97162964617863,5747802
2023-05-11,218.44027709960938,222.747759134834,218.0910115571023,222.747759134834,5313663
2023-05-12,213.5118865966797,219.02237610731657,212.735761980687,219.02237610731657,9987592
2023-05-15,215.10292053222656,215.5298032583688,208.3894477171607,211.10588372092255,9215600
2023-05-16,217.19845581054688,218.94473601392468,215.06411333975177,215.76262068401465,5374740
2023-05-17,216.88803100585938,219.64326388787265,213.82232933254033,217.04324171606888,8194381
2023-05-18,216.1894989013672,220.5746218609292,215.76263984348003,218.86713825849415,7505208
2023-05-19,218.82835388183594,219.0999785601612,215.14176180545226,218.0910259923814,6918149
2023-05-22,223.13580322265625,223.4074515462764,219.2551805579144,220.41936735733697,8718882
2023-05-23,223.7955322265625,227.4045068646293,223.52388388059126,227.4045068646293,19814977
2023-05-24,226.12388610839844,227.3656900910473,220.88504554118944,225.07611325786846,12159427
2023-05-25,229.57763671875,230.12093338810953,225.5805999484227,226.2015138113253,13711792
2023-05-26,231.01348876953125,231.4403715224694,229.3448255709935,231.28513712404757,14274998
2023-05-29,233.10903930664062,233.57471882562302,230.66425143878828,232.75977374604275,13277968
2023-05-30,236.21054077148438,238.56768877052696,234.06015969797,234.22558333443388,14960466
2023-05-31,230.1729278564453,234.26692301488245,229.75939401175884,231.57895302442043,13042404
2023-06-01,230.00750732421875,231.99246453963943,229.59397351933524,229.92479551522194,5137986
2023-06-02,231.66165161132812,232.61277435176842,230.46239343418512,231.28946107632476,4851414
2023-06-05,230.1729278564453,231.62029631284793,228.51879247769944,231.62029631284793,6297485
2023-06-06,229.42855834960938,231.4135156381223,229.13907962751134,230.75187162198512,3892263
2023-06-07,230.2969970703125,230.66916236847968,228.84962868386978,229.8834632456146,4434944
2023-06-08,229.55264282226562,232.199269705692,229.1804774806024,231.454913782261,5236354
2023-06-09,228.89097595214844,230.66916638126307,228.3533870187094,230.66916638126307,3951837
2023-06-12,229.80076599121094,231.1654226511488,228.84964318216961,230.58646516385238,3615243
2023-06-13,229.92481994628906,230.99999785719092,229.2218073552672,230.99999785719092,4423326
2023-06-14,232.40602111816406,234.060156499788,230.75188573654012,230.83459755364188,8520513
2023-06-15,232.6541290283203,233.89473055226821,232.07519679453955,233.15037468592,3650454
2023-06-16,231.6203155517578,233.9361204184197,230.83461632565326,233.39853142369452,4363955
2023-06-19,232.03382873535156,233.15037515718205,231.2894728674988,233.15037515718205,3070098
2023-06-20,233.77066040039062,235.176685466402,230.75186860112018,230.75186860112018,5600444
2023-06-21,232.61279296875,234.18421656656264,231.82706854979196,233.770682712396,3186136
2023-06-22,232.11651611328125,233.9360749232171,230.75185962587938,233.23306241755552,3205576
2023-06-23,228.43612670898438,232.28198676686551,228.18799123550826,232.28198676686551,5178936
2023-06-26,231.41354370117188,232.1165563286339,226.8646711283174,228.436120027387,4184383
2023-06-27,231.2067413330078,232.03380894677653,230.50375405338482,231.57893185524395,5026622
2023-06-28,231.53758239746094,232.8608703521297,230.75185808928902,232.81952706858374,6885093
2023-06-30,229.88348388671875,231.8270728452314,229.42858149464467,231.5376193340343,5227979
2023-07-03,230.00750732421875,231.86840944619445,229.7593718972284,230.99997331187888,3717787
2023-07-04,229.55264282226562,231.49625707352206,229.0977656579757,231.49625707352206,3459962
2023-07-05,229.46994018554688,230.50377479578972,229.09774962981834,230.50377479578972,2945805
2023-07-06,231.5789337158203,231.95112424104676,228.89096394947597,230.75186609540668,9098372
2023-07-07,232.03382873535156,234.10149794611073,230.75188392072195,231.99248544717747,8454807
2023-07-10,233.43984985351562,234.80450646097188,231.20675704851286,234.06015060600504,8227148
2023-07-11,229.55264282226562,231.4135452508954,227.44363016586038,228.4361215571714,13640445
2023-07-12,229.63531494140625,230.00750545882303,228.31200172849125,229.55260313308028,5782947
2023-07-13,229.9661407470703,232.7368223112725,229.51126365388666,230.33833127065742,5632082
2023-07-14,235.59024047851562,236.87218532338102,230.54512243724935,231.24813503350916,10425854
2023-07-17,234.76316833496094,236.33459189446262,233.56391009107392,235.71429112833542,4852437
2023-07-18,232.7781982421875,235.63156646676833,231.7443636883318,235.21803264522606,3886657
2023-07-19,234.59776306152344,235.96241980578435,233.27444960886552,234.88724182305873,5190259
2023-07-20,233.39849853515625,235.05263381821163,232.7781978040105,234.88721019386557,3435623
2023-07-21,230.131591796875,233.23309572944743,229.75940122892484,233.23309572944743,7273251
2023-07-24,224.3834228515625,227.2781593621287,223.55635527711502,225.3759140369392,16254554
2023-07-25,229.01502990722656,229.7180424659438,225.0451152369792,227.36089458793984,7486014
2023-07-26,230.71055603027344,231.4135434167671,228.10527245875699,229.263187486144,4427527
2023-07-27,229.22181701660156,232.11655408037996,228.89099497161914,231.16543123601645,4048684
2023-07-28,230.5864715576172,231.04137395027894,228.43611566541225,229.80077236318965,3466932
2023-07-31,228.2706756591797,233.1090265499762,228.02256545559098,231.99248015362284,9590319
2023-08-01,229.01502990722656,230.75187704049802,227.93985204573096,230.75187704049802,5615483
2023-08-02,225.08645629882812,229.42856146903188,223.59774462222748,229.3045063693321,10728356
2023-08-03,210.11654663085938,215.86466448292705,204.78196261879728,215.78195266690543,226675327
2023-08-04,204.3270721435547,210.5714356294251,202.96240290436245,210.48872381369787,31876311
2023-08-07,196.80076599121094,205.52633316256572,196.01505416309084,205.11279929302333,34406950
2023-08-08,198.53761291503906,201.63911693072896,196.1804648150939,196.84212152911817,24176083
2023-08-09,201.8458709716797,202.21804890577823,198.70301124586183,200.89473556225974,10427414
2023-08-10,201.6804656982422,202.54887669583516,199.98497437237435,202.54887669583516,8194222
2023-08-11,197.00750732421875,201.72179030035517,196.67668531959708,201.68044701481537,12825769
2023-08-14,193.53384399414062,197.5864707220656,192.3345983395548,197.0075258495123,8996918
2023-08-16,195.6015167236328,195.93233876520802,191.92106787588773,193.53384741365784,7462518
2023-08-17,193.53384399414062,196.30452586857314,193.12031013945227,195.93233530331227,6139153
2023-08-18,192.99624633789062,195.18797062099574,192.4172888713637,193.53383527675004,5574667
2023-08-21,193.8233184814453,194.31955152413624,193.24436100156205,193.49248383293323,3857957
2023-08-22,194.36090087890625,195.93232439118339,193.82331194577222,193.82331194577222,4862624
2023-08-23,196.8420867919922,197.66915438355517,194.7744178130847,195.1879516088662,5524962
2023-08-24,196.46994018554688,199.15791028615723,196.18046143438343,197.3797071091069,5052952
2023-08-25,192.95489501953125,197.50376732439778,191.87970449618885,197.50376732439778,6099075
2023-08-28,197.00750732421875,198.66164258742805,195.22931696428896,196.22179559820444,8338095
2023-08-29,196.0150146484375,198.330806375045,195.43606987179803,197.66914979315004,4115948
2023-08-30,195.6015167236328,197.8345970543954,195.3947497926353,197.46241910261028,3960361
2023-08-31,192.12783813476562,196.30453273727073,191.548893241955,196.05640989176558,11631767
2023-09-01,195.31204223632812,195.84964384068988,192.12783900147932,192.12783900147932,6220159
2023-09-04,199.90223693847656,202.21802874877108,195.31200922200978,196.84208933418208,14056203
2023-09-05,199.6541290283203,201.76315409539043,197.5037606740937,200.97744233865282,5648932
2023-09-06,199.61277770996094,203.91352686542913,198.66164236266138,202.67292541942578,10891500
2023-09-07,197.75189208984375,200.10902746247694,196.46993463101612,199.61279441457862,6429626
2023-09-08,196.6353302001953,198.45487647299035,195.76690665952816,197.7105206495903,6836165
2023-09-11,197.09022521972656,197.503759048295,195.60150091287,196.8421023985753,7148576
2023-09-12,191.71429443359375,198.16542498562282,190.26692596576902,198.16542498562282,10667079
2023-09-13,192.95489501953125,193.78196271132515,191.05263680439495,191.71429348184037,6192848
2023-09-14,195.35336303710938,196.80073132555967,193.533816855639,194.31952854535916,8069630
2023-09-15,195.4361114501953,198.95114938052237,194.73309881610896,195.35339962734315,20035443
2023-09-18,195.6015167236328,197.33836399203255,195.2293387718477,196.75940648919803,4974748
2023-09-20,191.71429443359375,195.1466203235575,191.25940467683853,194.36090853646294,8778511
2023-09-21,187.33079528808594,191.71425571508405,185.80071531166476,191.71425571508405,11856688
2023-09-22,186.13157653808594,189.19172430890842,184.0639074199558,188.9849573970954,7322963
2023-09-25,185.71803283691406,187.3308121392686,185.09773213446616,186.46238863183152,4962618
2023-09-26,185.26316833496094,187.90978250145002,184.97368958641684,186.09023605074202,4392920
2023-09-27,172.85716247558594,182.32708583839582,172.11280653686998,179.88723846143515,35505658
2023-09-28,172.31956481933594,176.28947978642046,172.03008606879555,172.85715379028017,17396618
2023-09-29,184.06390380859375,185.88345007283834,173.68420251522159,173.68420251522159,27711678
2023-10-03,190.8458709716797,193.32707406123566,186.1729435343699,190.2255701992907,46754460
2023-10-04,184.76693725585938,192.08649216685876,182.7406237161076,190.4323566046038,15548752
2023-10-05,183.60902404785156,186.58647272908044,181.99624460387392,186.17293889113483,10155103
2023-10-06,184.18797302246094,185.34587536667442,182.657905359822,184.14661711372983,5523734
2023-10-09,181.08645629882812,182.9473584790126,179.76315565383842,181.91352393446567,5142409
2023-10-10,183.7330780029297,185.26315824178633,180.8383411554018,181.29323089830925,5621177
2023-10-11,188.2819366455078,190.18419467531675,183.73306478381485,183.93983168661907,12216514
2023-10-12,187.08270263671875,188.28194822271323,186.29699088176037,186.9172916283145,7239091
2023-10-13,187.08270263671875,189.72931663133954,185.92481295783807,186.09022396624232,7221397
2023-10-16,190.10150146484375,192.45863665891278,185.511273554219,187.57894264728864,10185425
2023-10-17,190.1842041015625,191.50751739311804,189.39849235597367,190.43232692123553,5064750
2023-10-18,190.6390838623047,192.2932190801989,188.81953764663115,190.30826186674594,5784720
2023-10-19,187.868408203125,191.01126773948093,187.33081928850714,189.39848837557676,4657398
2023-10-20,184.2293243408203,190.0187980574791,183.85714641161678,187.49623912835327,5244069
2023-10-23,177.86090087890625,186.25563248888264,177.4060111468273,184.22931926785913,7384814
2023-10-25,179.30824279785156,181.8721445655312,177.2405739755056,177.81951872175267,6955789
2023-10-26,175.54513549804688,178.43987271474023,174.67671180902832,178.27446168351116,7706350
2023-10-27,178.481201171875,179.72180264533097,176.3721761429897,176.8684217803924,4623399
2023-10-30,179.01878356933594,179.4736732836964,177.3646483316982,178.4398387601728,2745365
2023-10-31,179.14285278320312,180.46615341235614,177.36464981583288,180.2180306006242,3233237
2023-11-01,185.05638122558594,187.66163919817177,178.8947299389564,179.47367475285876,11714180
2023-11-02,189.52256774902344,190.55640242498376,185.3872290451822,185.3872290451822,7719938
2023-11-03,192.5,194.89849119258105,191.2180425887717,191.2180425887717,9794909
2023-11-06,192.78948974609375,195.56015902407788,190.55639681571168,192.50001099732518,7768055
2023-11-07,196.6353302001953,197.58645293232323,192.78947074587734,192.78947074587734,8362338
2023-11-08,196.13909912109375,198.33083608822545,195.2706881360573,197.58646758955655,5322427
2023-11-09,194.5263214111328,197.0902363409517,193.74060961652754,196.01504580199372,3824543
2023-11-10,202.8383331298828,203.45863384281822,193.45111062610664,193.53382243585148,17676902
2023-11-13,200.10902404785156,202.3834601837169,199.65413429666822,202.21804917057332,4210127
2023-11-15,198.57894897460938,203.25187617642337,196.46992393076246,200.97744012561904,6420011
2023-11-16,197.50375366210938,199.90224475437594,193.82330521223113,199.32329993417892,6844037
2023-11-17,198.08270263671875,201.76315116378748,196.84210115882698,196.84210115882698,9273728
2023-11-20,198.12405395507812,199.61277821808187,196.88345250591678,197.83457523558693,4219360
2023-11-21,198.74436950683594,200.6052718194092,198.12406873597817,199.7782041249322,4018369
2023-11-22,195.47743225097656,198.6202790340194,193.49246243952578,198.49622394207563,5432510
2023-11-23,193.65786743164062,196.304493764857,192.91351166295453,195.6428371815529,3977608
2023-11-24,192.04510498046875,194.77443073774668,191.13533814140993,194.1541300029131,3866099
2023-11-28,193.86465454101562,194.36090018525368,191.7969853901087,194.36090018525368,7469037
2023-11-29,193.07891845703125,195.76688801448847,191.59019433196818,194.6916976674957,7774049
2023-11-30,192.99624633789062,194.27819113364015,190.84586534235072,193.45112346151728,19036194
2023-12-01,198.0,200.15038104269414,193.16166158401532,194.19549619683914,9817732
2023-12-04,200.0676727294922,202.2180538098466,198.08271528612784,202.2180538098466,12552937
2023-12-05,200.48118591308594,204.1202910108128,197.66916105488593,200.3157749132007,10005319
2023-12-06,206.31201171875,208.58644763443485,199.15788197743402,201.80449579167546,17430210
2023-12-07,205.81578063964844,207.8007378637598,203.00374318209876,207.5526150557333,6937185
2023-12-08,202.46617126464844,210.0751914220674,199.73684538751684,206.5601537703202,13224817
2023-12-11,205.56765747070312,206.56013608101628,202.0526201199751,204.40975524196259,5346227
2023-12-12,203.99623107910156,207.88345913499415,203.16916342806925,205.93984510704786,5675356
2023-12-13,209.53761291503906,211.56392631474762,201.51504589651842,204.45113884061135,15557190
2023-12-14,210.61276245117188,213.38344400075212,205.77442449062684,211.56389777746895,18271383
2023-12-15,212.72181701660156,214.91354131671284,211.43984697080265,213.83833819054897,17235864
2023-12-18,215.61654663085938,217.93232595675002,212.4736744141773,215.0375891793359,12388584
2023-12-19,216.77444458007812,220.33082551794723,214.41729663748927,220.20677041362205,17762921
2023-12-20,207.96615600585938,218.34585743442256,207.42856708671158,218.2631456222226,15309407
2023-12-21,211.68795776367188,212.47366948960627,206.0225520597865,207.59397551165532,10812029
2023-12-22,214.83082580566406,216.1541391165875,213.13534718986037,214.62405888958546,9677532
2023-12-26,216.44361877441406,217.43608483178207,214.66540309643818,216.69172897873054,12322864
2023-12-27,217.9113006591797,219.63801465227553,216.5299373689724,217.47962216090573,10673963
2023-12-28,222.3575897216797,223.91164816453946,218.42932582395096,218.42932582395096,15441735
2023-12-29,223.22093200683594,224.04113165983765,219.37900933411674,221.0193822925566,9136816
2024-01-01,222.01223754882812,224.7318067101059,221.01938231186176,223.2209320263334,6352734
2024-01-02,222.87559509277344,223.9547912982852,218.51565296153143,222.31441833542004,5803881
2024-01-03,227.75357055664062,230.73216280446144,220.88989807969622,223.17778890534436,22285124
2024-01-04,229.782470703125,233.66757737934844,229.09179561082274,233.10640057340711,10745140
2024-01-05,229.52345275878906,234.1855750666399,227.14922112216877,229.782449307395,12327980
2024-01-08,223.13462829589844,231.0343396155725,222.57342516506282,229.52346485807772,7890414
2024-01-09,224.8181610107422,228.27158906420232,220.71721519725827,226.11319653078974,10284498
2024-01-10,230.55947875976562,231.55236039836285,217.52279582557134,220.71721412474304,19849401
2024-01-11,237.07781982421875,238.28651426474474,230.12778068295938,231.89767820976778,24108269
2024-01-12,235.30792236328125,237.42315739546598,233.2790546417702,237.07781989058512,10048702
2024-01-15,235.6964569091797,237.42317087921032,232.84738939765487,236.559813894195,9881531
2024-01-16,235.86915588378906,240.05641648553885,232.5452259818551,239.1499021248142,12507371
2024-01-17,228.66012573242188,235.22164474751995,227.58092939268755,233.49493060394502,10649774
2024-01-18,230.99114990234375,232.15668709708868,222.74610126657936,229.22127862897992,9930238
2024-01-19,230.04148864746094,232.8473989640397,229.56662647765458,231.50917977374758,4537034
2024-01-23,217.69546508789062,230.5163219727415,216.40042957118985,230.38682369058444,8740319
2024-01-24,226.6743621826172,227.32187991082603,218.51565461572403,219.98335883157438,6563186
2024-01-25,227.58090209960938,230.3436285894638,225.03398850425313,228.22841982579516,5195068
2024-01-29,231.20701599121094,232.37255332127634,224.90451983243818,227.71043034858187,11648515
2024-01-30,229.86880493164062,234.22874731244474,229.00544791781286,231.50917798840032,6620878
2024-01-31,236.43031311035156,239.06354134771655,229.4371163363261,230.34363062195956,9537630
2024-02-01,231.81134033203125,238.71819590989438,228.83274832505253,237.81168165432507,7974578
2024-02-02,235.30792236328125,238.9771893412112,232.027176545569,233.2790546417702,9665486
2024-02-05,236.2144775390625,241.61045872212057,234.44457990248085,235.56695979709554,10619393
2024-02-06,244.33001708984375,245.625052516115,232.9768784557117,236.30080798598723,11559491
2024-02-07,243.7256622314453,246.79059528523746,239.66790027866153,246.05673659080477,7603119
2024-02-08,240.53123474121094,246.48839201066036,238.80452096180179,245.19335667610346,6966850
2024-02-09,236.86199951171875,242.12848250996308,231.7250147946679,240.87660431410757,4627489
2024-02-12,231.5091552734375,242.6464543895452,228.8327435236597,239.10671205821205,6191878
2024-02-13,232.67471313476562,233.9697486438645,225.07718202041147,230.99115643391113,4469509
2024-02-14,241.43775939941406,243.98467287344116,228.40106453039937,232.24301339510546,11916664
2024-02-15,231.33653259277344,245.19340273657073,230.51633285445206,243.94152447230468,108103036
2024-02-16,230.3436279296875,234.83309469074183,228.87593689640855,232.45886303486117,16394886
2024-02-19,233.23590087890625,235.86915567968236,230.60267242569623,232.15670457061262,10944899
2024-02-20,233.23590087890625,235.00579863304748,231.46602947233114,233.88341866388242,9025475
2024-02-21,233.1063995361328,238.63187929266132,231.8113639831543,235.69647064208985,12329064
2024-02-22,234.40142822265625,235.65330642622317,230.6026626480452,234.74676575715455,6661898
2024-02-23,231.68185424804688,235.00578393927526,231.37967403110528,234.8331020017188,5955886
2024-02-26,229.0054473876953,232.19987887048936,227.96940843447425,232.19987887048936,4923166
2024-02-27,227.8399200439453,231.3796892156381,226.71756641886608,230.25733559055888,5033046
2024-02-28,227.0197296142578,235.09209634131548,225.81100875790133,231.81135033922732,17579831
2024-02-29,231.42283630371094,233.02005204387893,225.1634979727658,227.149234906984,9404521
2024-03-01,234.66043090820312,235.61012891352183,227.58091904982834,228.8759545986541,12244554
2024-03-04,238.58871459960938,240.8766054029198,235.48062409909096,235.73962066264875,10443351
2024-03-05,246.66111755371094,248.99216575966085,237.0778491135187,239.58157926697572,19847512
2024-03-06,243.85519409179688,249.7260111263552,237.42317393171194,247.35177938703808,13944430
2024-03-07,244.2005615234375,248.1288257977579,242.64650293159448,244.9344203295105,9134995
2024-03-11,237.72535705566406,244.20053460567726,236.55981982714871,244.20053460567726,6214148
2024-03-12,233.36538696289062,238.97720747255568,230.94799789775314,238.28653241039203,7220451
2024-03-13,217.47962951660156,233.53807546504174,215.40757792431762,231.81136141354423,15451474
2024-03-14,224.60231018066406,225.76784735814428,217.22061863589556,217.39328739491214,10335603
2024-03-15,228.87594604492188,229.65296207566496,220.2855333530657,224.60231835448795,17681404
2024-03-18,234.01290893554688,235.65330834601627,226.41537772443004,228.7896095213497,7234156
2024-03-19,230.21414184570312,237.2073389083279,229.30762752265912,233.10639310372534,5908875
2024-03-20,231.0774688720703,233.0200218958647,226.02682574069266,231.3796490563951,4421057
2024-03-21,236.0417938232422,236.73249521800676,233.23588362919884,233.96974233407687,5477627
2024-03-22,234.0561065673828,236.90517435474106,233.02006754603428,235.6964797282123,9338889
2024-03-26,231.85452270507812,235.52379012748528,230.818510064938,234.66043308691889,10405333
2024-03-27,234.48776245117188,236.77565319245207,231.16383278862003,233.0200450372978,5949040
2024-03-28,234.5309295654297,237.42318085628295,233.75391351577676,234.83310979239621,6625066
2024-04-01,248.21514892578125,248.86266670558766,235.9986520829473,236.1281503693954,17331916
2024-04-02,260.1294860839844,260.6906892822013,246.79063457481683,247.74033266306694,27928247
2024-04-03,257.9710388183594,265.9139330725381,257.1076818927992,260.0431165177538,19966252
2024-04-04,267.5975036621094,269.7990533988182,260.4748086523806,264.2303903976411,24723528
2024-04-05,275.3677062988281,278.34627193055167,264.1440660891481,268.54716540104926,22256365
2024-04-08,279.1233215332031,280.8932192803387,273.770523673794,279.6413410286469,16694867
2024-04-09,291.8146667480469,293.1097022513666,276.7922601790509,279.81400968679696,32086038
2024-04-10,312.362548828125,319.13990647749455,298.46252235003743,299.58487589939557,75804480
2024-04-12,321.989013671875,323.67254406553184,311.4992047186004,315.6001505957449,39995547
2024-04-15,319.91693115234375,331.4859362235529,311.02436444289833,322.89552339110054,44715399
2024-04-16,326.5216064453125,329.370673818743,314.30508462142933,319.5284099361359,28859435
2024-04-18,335.4141845703125,340.8101656605685,330.7088785205837,332.43559246946563,35907412
2024-04-19,333.2126159667969,342.5368602240407,329.9750274958702,335.1551690493529,33307212
2024-04-22,328.93902587890625,339.42880844253943,322.3775072322812,338.5654514192352,19626373
2024-04-23,325.52874755859375,330.8384142069953,320.3917891974447,330.8384142069953,14434838
2024-04-24,331.0542297363281,333.7737988323691,324.6222099835335,324.6222099835335,11074253
2024-04-25,328.982177734375,334.7235229221714,325.57193335742664,328.0756634139676,10150138
2024-04-26,342.3642272949219,347.8897334874302,333.2558209655884,334.0328370402954,24602811
2024-04-29,350.7819519042969,352.4223513447474,342.8390830106985,346.3356684546785,11228541
2024-04-30,343.486572265625,353.93319676513136,341.8893566179728,353.1993380786356,11863519
2024-05-02,354.66705322265625,357.34346525375946,343.0117334544413,345.34280794711043,12788526
2024-05-03,358.8543395996094,362.6099479009537,349.1415731379767,358.29316280689477,14324148
2024-05-06,354.4080505371094,361.4875885168279,349.1847511961122,360.8832280743282,8108475
2024-05-07,341.8893737792969,355.27140734894107,338.43594576132415,354.4080503444479,8797213
2024-05-08,349.53009033203125,353.93321634705205,339.169806224954,339.2993045067795,8831897
2024-05-09,340.7238464355469,352.5950055916208,339.2993126063311,351.2136290748554,6134997
2024-05-10,354.5807189941406,355.57357424258106,341.24184323565675,342.7527179368899,11076423
2024-05-13,357.4729309082031,358.72480901176993,343.70240350678245,356.1778954966083,10884162
2024-05-14,373.4450988769531,378.5820841033575,358.3363497964314,363.4733350228358,22195946
2024-05-15,377.63232421875,387.64727009654763,375.3444335734389,378.15034365765666,20115791
2024-05-16,373.8767395019531,385.9637375404561,368.6965974854519,384.1938662238441,16155897
2024-05-17,382.1649475097656,384.1938416057355,373.48822072713324,376.4236290788779,13366917
2024-05-21,424.51263427734375,426.4120038099165,399.7342786065514,406.64113439240975,34592201
2024-05-22,420.4548645019531,437.5061654750816,411.6486124476911,429.9517916262272,33932802
2024-05-23,408.10888671875,414.49772359802023,398.6982738269484,414.4113826237937,25849836
2024-05-24,407.3133239746094,415.44545863589866,406.252628350504,410.0535015436501,12873214
2024-05-27,406.34100341796875,414.11954545605425,403.82180761832126,408.28562543984276,11775106
2024-05-28,402.1423645019531,417.1249022137219,400.6838642237839,409.16956386136115,17930755
2024-05-29,401.5235595703125,408.6391561649859,398.7833823873223,401.12578190775383,11526945
2024-05-30,389.6347351074219,404.83827953963873,386.4526217393091,401.3025740414759,13122990
2024-05-31,397.76690673828125,402.93788192093785,388.9276421440972,394.93833127802446,35126841
2024-06-03,404.70574951171875,417.39010005928213,399.8883393431232,417.2133039708711,14471274
2024-06-04,369.3486633300781,404.83830401875997,323.7822397820916,404.83830401875997,30797125
2024-06-05,389.5464172363281,394.23121687090895,355.02907141256543,370.3652014998001,16642007
2024-06-06,397.6784973144531,404.83830682586455,394.49635675657095,398.6508217870413,13579110
2024-06-07,407.1806945800781,409.21374150430285,399.40215297731316,401.6561545283152,11283521
2024-06-10,392.5517272949219,402.62848305649106,390.0325316107062,402.62848305649106,13920775
2024-06-11,392.24237060546875,402.8936737664401,390.96066643534414,392.46335222271125,10546091
2024-06-12,392.684326171875,400.9932294228839,391.2258529216135,395.33610552700304,11163309
2024-06-13,388.7508544921875,397.7227298300759,388.0437240994365,396.8829888853007,11641274
2024-06-14,395.6455078125,399.4463809821559,388.92766100016524,389.89998554772484,9634670
2024-06-18,399.7998962402344,402.00971221984054,395.64545838375034,397.7226907996387,8601634
2024-06-19,396.3968200683594,402.7168886756184,394.2753750467867,400.02089686707563,6416994
2024-06-20,415.4012451171875,423.40076868319267,397.0155588096509,397.7669016856716,28530186
2024-06-21,415.6664123535156,419.5114977990536,410.1418720511031,417.8762284744806,17801714
2024-06-24,409.5673522949219,416.7713479298268,404.1312096735051,406.65037863748876,7716484
2024-06-25,401.3467712402344,414.16370404375846,398.6508065096103,411.20257218317863,8309097
2024-06-26,390.7839050292969,394.98255583966244,376.59686873751576,385.9664948883381,162210828
2024-06-27,391.8445739746094,394.31958415333685,383.2262913184937,390.6954804105781,20922873
2024-06-28,401.3025817871094,405.4128341129981,392.33073430741206,392.99367910111323,15248617
2024-07-01,411.0257873535156,414.4289094825766,403.2914311398742,403.95437595818635,15408362
2024-07-02,404.70574951171875,418.1856285065403,402.18655361598803,412.79367151355257,11050920
2024-07-03,410.0534973144531,411.24680348264843,405.059317992313,406.73877294463057,7347763
2024-07-04,414.64990234375,418.49498778938835,409.6557233052977,413.76597589534094,12818706
2024-07-05,418.8486022949219,423.93117997176944,412.7937000152701,415.7990448986943,12860621
2024-07-08,411.6003723144531,422.0749068104631,410.84902938894595,420.66061900514893,8576939
2024-07-09,411.6003723144531,413.6776049995743,408.9044072600231,413.1472437006695,5474279
2024-07-10,403.689208984375,412.7494548383078,393.47984259305974,411.9097139446551,11556309
2024-07-11,395.73388671875,404.83831846172325,390.38611545345645,403.9543920021998,13978497
2024-07-12,397.5017395019531,401.65617767511657,393.43567239447606,399.44636152706323,11038603
2024-07-15,406.1200256347656,408.81599056621945,394.4521854922712,399.62316071395156,10391508
2024-07-16,402.6285400390625,413.27984408422503,400.9490850036626,412.70529722675894,23302200
2024-07-18,399.00439453125,407.0481306292983,395.99904999332387,405.67805542055527,16469541
2024-07-19,388.7508544921875,401.52360289787936,387.1597976208501,400.4186947996463,14552716
2024-07-22,396.6620178222656,398.65085245201516,386.27588142246253,390.695513933017,17818304
2024-07-23,384.4638366699219,397.2365582338263,362.8960087867374,397.2365582338263,33154992
2024-07-24,382.4749755859375,389.8115541367151,380.8397063016431,386.0990523548194,36773405
2024-07-25,380.8838806152344,383.93343748735555,374.784793846285,379.0718422841608,18871603
2024-07-26,392.90533447265625,396.13166084548266,384.1544674013954,388.04373865803393,28749214
2024-07-29,396.8387756347656,402.6284828750134,387.1597705801446,395.1151083317914,45433689
2024-07-30,395.29193115234375,396.1316451199933,389.10444581572574,394.9383389814436,16607270
2024-07-31,398.4298095703125,401.65613541192994,393.78919614769654,400.41864389429077,14227543
2024-08-01,396.08746337890625,408.59501774834484,392.0655816864169,404.8383301865699,19749880
2024-08-02,387.2577209472656,394.16985188454044,385.5631122331987,392.4306596646328,13093052
2024-08-05,368.57269287109375,382.12940050767935,360.5457013748086,378.1604882694344,20763297
2024-08-06,369.1524353027344,376.3321499859706,366.8335210744949,372.4078210374447,17994697
2024-08-07,385.56317138671875,387.48075236070156,373.25512787804485,379.498343876005,15297435
2024-08-08,376.644287109375,384.8496675007512,375.5294271224088,383.5564190285658,9305734
2024-08-09,382.4861755371094,385.5185893037118,377.7591527901669,383.60103554087954,8363641
2024-08-12,385.384765625,388.86312297863424,378.8293841403094,380.07802175209366,8178539
2024-08-13,376.6888732910156,387.07936224874123,375.7077911227701,386.36586279088607,8522806
2024-08-14,374.7713317871094,382.1739909699346,361.393012383261,379.05238310903667,18914429
2024-08-16,382.66448974609375,384.26990428504354,375.97533054611597,379.9442425587395,9815524
2024-08-19,394.8833923339844,396.3550020170428,382.84290493362573,383.9577648781034,10922980
2024-08-20,398.36175537109375,399.4320318197497,392.56448358043923,396.44420168399097,8887888
2024-08-21,406.0765380859375,409.2873398755229,399.2536012944797,400.99279353583034,13609457
2024-08-22,409.8670959472656,411.695482573099,405.54146117057866,410.26845641149396,8864437
2024-08-23,400.7252502441406,410.4468507998146,399.8779730116096,410.2238788094232,6908675
2024-08-26,413.0333251953125,415.57521135866284,403.13336326441475,404.02525123623866,11143399
2024-08-27,413.7468566894531,417.8495471208451,411.02660905227896,412.9441628963741,10906758
2024-08-28,415.66436767578125,418.51841999941587,413.4792585320467,417.3143658248119,9277650
2024-08-29,413.3009033203125,420.03467420709194,409.42118498688177,419.36575819161294,12608981
2024-08-30,417.804931640625,422.04139951036194,414.28196326164465,415.3076289864551,14026797
2024-09-02,413.1671142578125,422.4427439750479,411.16036626627425,421.59546670957764,11933834
2024-09-03,414.3265380859375,422.0859741719656,412.14142892989673,421.86300218349646,23319237
2024-09-04,409.6887512207031,412.8995534093154,405.8090330435575,410.6698334475376,15530065
2024-09-05,416.244140625,418.6968326258114,412.18603389270055,413.3900881367512,12242972
2024-09-06,410.0900573730469,419.49949132067655,407.77117054070163,417.3143550152826,17832425
2024-09-09,410.491455078125,411.51712084216376,402.73201853263515,411.1157875701113,14042464
2024-09-10,410.2583312988281,413.98795249245387,407.41450652058916,410.07183885724623,13192375
2024-09-11,397.0181884765625,410.6779496807749,395.8526817836948,410.2583558894412,13394230
2024-09-12,411.84344482421875,413.56837191748787,399.8153933273267,400.9808999875099,13025897
2024-09-13,423.35858154296875,425.54973951532696,414.4541230153156,414.82707941481823,15909513
2024-09-16,416.1324768066406,439.16289925342363,414.360912415677,427.0416302719066,34590598
2024-09-17,419.3958740234375,423.5450888069689,416.83175956175523,420.23506152015193,11644008
2024-09-18,417.9972839355469,420.5147896233969,415.5264155854728,420.3282971817963,5180919
2024-09-19,419.3492736816406,422.6593010358599,407.46110638994315,420.5147802788658,7777695
2024-09-20,419.5357666015625,427.4612114718083,418.32362266620373,421.44718604130964,17249829
2024-09-23,422.4728698730469,425.40994103527123,419.6290164820414,422.3796236470748,5177341
2024-09-24,438.4169921875,441.49391835697827,425.17682528148276,425.45653549516186,28418267
2024-09-25,447.4147033691406,453.14899045868583,441.7736340488096,445.6897478173906,24495683
2024-09-26,467.8343505859375,470.7714215354371,444.75731983954597,451.7969683418983,42980530
2024-09-27,478.32391357421875,481.027911677913,471.7970765468902,471.7970765468902,24451210
2024-09-30,477.99761962890625,488.2540783541889,474.1281147096565,483.9183707656081,19027211
2024-10-01,481.2610168457031,486.1094788628569,471.93693542026676,475.8064117121507,14071685
2024-10-03,477.15838623046875,485.31693216015435,474.59427179542473,478.3238927918524,13155901
2024-10-04,474.3146057128906,481.07454439757646,467.2749283546076,479.2563426108289,12088199
2024-10-07,466.48236083984375,479.0698324068906,458.1373504663933,478.2307017814561,15751180
2024-10-08,463.82501220703125,469.6525451352794,451.84359881560283,466.48234445851193,13145961
2024-10-09,462.7061462402344,468.533679568197,456.0860626887183,465.2702609045379,11444008
2024-10-10,459.2096252441406,465.6432163332603,454.59420747653706,455.0138012571383,9613583
2024-10-11,463.8716125488281,469.46604405695473,460.9811505786794,462.56625088788195,8286066
2024-10-14,465.41009521484375,472.77609132126054,460.8413149808448,466.20264540297904,7263419
2024-10-15,456.7387390136719,467.0884434693097,453.5219293670711,466.20264705799895,7413480
2024-10-16,453.8016357421875,462.93919559252697,453.0090856076251,456.92517049144936,7989101
2024-10-17,440.2351379394531,459.3028368936115,439.30273267919597,456.0860273638243,12114419
2024-10-18,448.3470764160156,450.95779977058254,432.636042043112,440.70134187731907,10334732
2024-10-21,442.89251708984375,456.4123939273232,441.96011179070723,451.7503674316406,5567492
2024-10-22,429.6057434082031,446.29579264293227,427.55444035945914,443.82492428063955,7805984
2024-10-23,431.7036437988281,438.9763935867568,423.4052425139477,428.90642796427846,9830637
2024-10-24,437.3446960449219,440.3750132800507,425.4099195469306,431.7036553429674,7269166
2024-10-25,424.61737060546875,440.3284057004478,418.696591222199,439.81559416411613,11660475
2024-10-28,437.4379577636719,439.8622173286116,424.61738439161377,427.0416439565535,6637174
2024-10-29,440.3750305175781,441.86688475191033,427.92744199753946,438.2305096183681,6379918
2024-10-30,436.83184814453125,442.3796706181278,435.4798491856634,439.023006115395,5903663
2024-10-31,432.6826477050781,438.04397792757595,428.9064177998276,436.36565984852024,6616282
2024-11-01,435.7596435546875,437.2981066825561,433.5684853036004,433.5684853036004,995005
2024-11-04,427.78753662109375,437.20483576197915,422.0998871032508,437.1115895418216,5030700
2024-11-05,438.04400634765625,439.4426143225271,426.38893989039894,427.97404031048677,5654407
2024-11-06,441.9601135253906,444.24451789914195,430.11855479797845,440.6547517924263,8641368
2024-11-07,426.9483947753906,442.89253160408833,420.8877601323873,441.9601262743955,16220004
2024-11-08,426.9483947753906,436.17920184839903,422.7059619071893,429.8388569883889,13143777
2024-11-11,425.3633117675781,430.6780049362842,422.47284962946514,429.37264319948366,7271375
2024-11-12,414.6872253417969,427.8341447535322,413.1021250715755,425.3632765891572,8421968
2024-11-13,405.3631896972656,415.2933000966568,403.07878541195356,413.9879384142287,7960930
2024-11-14,404.1044616699219,410.16509627501114,401.16739059071375,405.5963158790482,7028180
2024-11-18,417.2513732910156,428.34699071104427,409.37253709501647,414.3143022761186,13385897
2024-11-19,413.568359375,420.9809928908593,411.33059234626467,418.64997964118675,5930593
2024-11-21,412.8690490722656,415.6196560466227,407.50771868018916,412.12313622570326,6484933
2024-11-22,415.2467041015625,417.4844711201339,411.47044558139385,413.7548499375978,6859041
2024-11-25,413.8014831542969,423.1255366589431,412.8224689182103,421.447218410008,12634711
2024-11-26,418.09051513671875,422.56607748158694,413.1021412779987,414.9203429266562,6483177
2024-11-27,415.6662902832031,421.02762100230217,414.1744644990822,420.88776589188495,6120311
2024-11-28,421.3073425292969,425.50316639954707,418.55673549912103,421.44719763402156,10793434
2024-11-29,422.8457946777344,426.85512600170887,418.69657979789366,421.82014317830453,6826623
2024-12-02,429.41925048828125,430.0253366984307,422.3796018395232,422.84580449056017,5709168
2024-12-03,436.6920166015625,437.57778454070103,429.83883213364425,433.10225059886716,5333303
2024-12-04,436.7386169433594,440.0020353447686,432.72928571781387,438.18386216540506,4980949
2024-12-05,440.5615234375,442.3330878937055,435.47990294928275,438.13726386096744,7267698
2024-12-06,467.5080261230469,471.37750254623296,440.8412280310586,442.89253113611636,25827648
2024-12-09,463.4520263671875,467.78773362054284,455.7596829179772,466.1560244040437,11524481
2024-12-10,466.43572998046875,470.7714087361137,460.0487482767926,464.75741189917073,10316327
2024-12-11,479.5826416015625,489.51278077537853,464.8040404124308,465.27024306078835,32419915
2024-12-12,486.7156066894531,491.00464865892866,481.1211744286548,483.91839055905393,20273326
2024-12-13,484.38458251953125,485.96968300688627,472.44980534272224,485.31698787568047,10678273
2024-12-16,478.7434997558594,491.3309709663929,475.52669017571156,486.7155534739636,13821306
2024-12-17,469.1863708496094,480.1887423010132,465.596604657962,478.7435254293868,12711460
2024-12-18,463.1723327636719,473.5220372843691,461.7737248137061,468.99986588852937,6546985
2024-12-19,459.02313232421875,460.14203010150334,444.33774838480906,449.6524701447821,9500042
2024-12-20,444.99041748046875,461.0744084737387,442.89250561178136,458.9764966050513,13786961
2024-12-23,441.2142028808594,451.7503714734689,436.8318865538084,447.9741413600805,9725884
2024-12-24,438.74560546875,443.2080514432026,434.37808234304197,442.1636683051836,8942361
2024-12-26,437.1789855957031,441.3091145209059,430.9600035461367,439.410194012683,5351568
2024-12-27,428.3015441894531,439.69506771136156,427.4470357203557,437.7961471243768,4487792
2024-12-30,417.4302062988281,430.0105550085832,415.15150742191815,428.3489995186156,18171489
2024-12-31,421.98760986328125,423.9339917403073,415.9110412247842,416.8130400313436,7109627
2025-01-01,421.98760986328125,424.8359905468667,416.62313639568055,422.2724363415491,5403126
2025-01-02,427.019775390625,429.01364784119124,419.8988230494806,422.08257017733985,7704338
2025-01-03,435.0901794433594,441.9737665703956,426.40262355393867,427.731862169631,8814796
2025-01-06,419.9462890625,436.561844706679,418.71200223331,436.561844706679,7485474
2025-01-07,425.5955810546875,431.52970795171325,420.61091446118587,420.61091446118587,5869461
2025-01-08,423.83905029296875,426.7349214439395,418.71197073211084,425.5955575525367,4953341
2025-01-09,416.7181091308594,425.4056648568254,415.0090922250139,424.4087431576202,4870742
2025-01-10,410.30926513671875,417.5251692519807,404.849868381292,416.718122197437,6250604
2025-01-13,392.791748046875,407.1285757743476,391.1776539042655,406.5589227595251,8467239
2025-01-14,408.83758544921875,411.63847577420745,391.74730111625286,392.7917131760906,8727736
2025-01-15,413.2525634765625,420.13615011689586,408.6951659806394,413.0626598412213,4794795
2025-01-16,427.1147155761719,429.91560603554814,415.8636053887591,416.8130656750348,6641373
2025-01-17,431.1024169921875,435.0901616514241,425.4056554648366,429.1560350604336,5594080
2025-01-20,437.6537170410156,440.9293375424301,428.7287674453033,433.57102055090246,4806736
2025-01-21,430.96002197265625,444.1575142740438,430.1055135024653,441.4990370389545,7353985
2025-01-22,428.68133544921875,432.81149364560264,416.7181295951249,432.4317153117899,6538867
2025-01-23,423.93402099609375,429.3934176830535,420.1361798225565,428.2065923163231,5671143
2025-01-24,419.6614685058594,430.5802623696996,418.18981657517287,423.4593098498038,4758741
2025-01-27,402.4762268066406,417.52517878412755,400.29247964470636,417.28781370238556,6314851
2025-01-28,403.8529357910156,410.9738878892166,393.5512859605726,403.47315747415723,8080097
2025-01-29,408.83758544921875,410.4991408704793,402.8559685475444,406.84371314866064,4671527
2025-01-30,410.5941162109375,415.48383093571454,406.3690063076011,410.16684748804596,4765643
2025-01-31,419.0917663574219,421.37046525917253,405.3245921476104,412.87281304583985,11277319
2025-02-01,417.6675720214844,424.0764289213743,409.6446500282407,422.4623638280205,6736515
2025-02-03,400.38739013671875,413.96465982055923,389.2786938679571,413.96465982055923,18277593
2025-02-04,415.5787658691406,420.61089363860856,407.03362356045557,407.03362356045557,9934297
2025-02-05,421.98760986328125,425.2157688429661,415.5787533252139,416.7655786100412,7176758
2025-02-06,421.322998046875,427.49448984925175,419.94626905471506,422.6047752162604,5475073
2025-02-07,432.76397705078125,433.80838913697414,419.3766104989839,421.32299245148556,8580933
2025-02-10,413.7747802734375,431.05496903635174,411.68598503328826,431.05496903635174,10212102
2025-02-11,400.1500549316406,413.53742197833105,399.0581524067125,401.4792935562844,7728184
2025-02-12,400.5773010253906,405.1347279216401,391.415014782472,400.15006126886146,8868601
2025-02-13,403.0933532714844,409.9769403525029,399.7702422668547,403.5206219907424,5255713
2025-02-14,392.45941162109375,410.1668400069016,387.80706205495,408.07801580566405,10205699
2025-02-17,394.1684265136719,394.8805217183727,381.11334776082384,392.4594096124812,9351334
2025-02-18,397.0643005371094,398.77331745037685,384.5314132557205,397.72890534772307,9347116
2025-02-19,402.096435546875,405.799324907987,393.07656273059325,395.07043514818554,9389191
2025-02-20,411.5910339355469,413.4899545073372,400.7197020719561,401.52674911001264,10218019
2025-02-21,416.0534973144531,419.898799775443,410.73651406606115,413.2525779587599,11856575
2025-02-24,401.4792785644531,413.6798487560622,397.87131217488525,413.0152149809443,6486110
2025-02-25,388.5666198730469,402.28633251913215,385.8131908540868,401.52674690944184,16517618
2025-02-27,384.1041259765625,391.6523464250265,380.4012368599531,388.32923560687476,9800701
2025-02-28,374.7994384765625,380.63861329362805,372.5207396424915,379.7841048527549,13633752
2025-03-03,388.4716796875,390.4655521317291,369.5299639053962,379.7366622285964,10995655
2025-03-04,386.1929626464844,388.6140747312513,374.8469008938229,380.87597936939744,7083802
2025-03-05,407.27099609375,408.6476961058163,380.63861802478607,380.63861802478607,14319490
2025-03-06,420.5634460449219,424.26633537206567,409.45474908826196,412.0657648795494,13001883
2025-03-07,422.93707275390625,427.35205704621467,419.2816450585787,420.4684703508781,7860045
2025-03-10,415.2939147949219,428.96613683822915,414.10708946173156,422.93708732580444,6433534
2025-03-11,419.2341613769531,420.8007939680638,404.4700660943512,406.8437167169706,6287024
2025-03-12,422.46234130859375,425.69050029845215,415.76862929593676,422.414850911915,5120030
2025-03-13,420.5634460449219,427.2571294834038,419.6614471814766,425.2632570841022,5054710
2025-03-17,424.3612976074219,428.25406170248414,420.75333104034934,421.56037809977533,4865003
2025-03-18,424.3612976074219,424.3612976074219,424.3612976074219,424.3612976074219,0
2025-03-19,437.27392578125,441.8313525668484,436.08710041654655,441.2142091722484,5728903
2025-03-20,446.95843505859375,451.18354497265926,436.9416405098257,441.4990383478409,10370120
2025-03-21,443.6827697753906,449.2371181148147,438.65064196630124,447.5755626528211,12194708
2025-03-24,448.3825988769531,451.99053620318296,442.11615549040346,445.2968530932578,7110186
2025-03-25,438.46075439453125,449.9967202051023,436.846689271713,449.9967202051023,6983464
2025-03-26,440.69195556640625,449.47446260635763,439.6950339249348,440.92932062154006,9260792
2025-03-27,448.4775695800781,450.7562684597103,438.3658233812409,440.2647439434724,7585534
2025-03-28,439.9798889160156,451.37341230085104,438.6506503161638,448.999761595677,6966128
2025-04-01,434.2831115722656,442.16364901457007,431.6246344683721,434.852793516022,4385769
2025-04-02,434.5205078125,436.2295537663989,427.019777111316,431.0549834542245,4104869
2025-04-03,417.28778076171875,434.520478540792,415.95854220393966,434.37806529803487,13020114
2025-04-04,381.1608581542969,414.86669961158736,377.88520845075004,414.62933453090227,32283095
2025-04-07,355.1455993652344,361.9342634178416,344.6540750615777,351.2528354717183,26557078
2025-04-08,357.092041015625,371.0490906811184,349.54381969406893,367.86842171030827,17126260
2025-04-09,351.822509765625,358.3738091497067,349.9710795279219,356.9970800964769,13982904
2025-04-11,360.93731689453125,369.1501424588565,358.9434445266904,365.5422050124611,12949202
2025-04-15,375.79638671875,377.60038452446895,364.64022785030915,370.2420669729441,10517215
2025-04-16,378.5498352050781,381.6830426215816,371.3339310918134,377.88520140146636,9739439
2025-04-17,379.8315734863281,383.34458811299675,373.2803033482972,378.1225565721386,8212290
2025-04-21,391.13018798828125,392.0321579015495,379.8315870701722,383.5819669010039,7998005
2025-04-22,392.174560546875,397.15922706114463,391.4624653305508,393.0765594109771,7329286
2025-04-23,397.0643005371094,398.488490956575,389.8483966167712,394.9754763318018,8692823
2025-04-24,399.01068115234375,409.2173791235221,395.4502051158862,397.06429917583824,13580010
2025-04-25,392.41192626953125,404.28017989461057,388.8039887575986,401.47928942422897,11205671
2025-04-28,395.0704345703125,396.542086437567,388.2817992556655,393.07656215563674,6864935
2025-04-29,395.26031494140625,400.1025683110633,393.4563461498322,396.8744090563683,7054453
2025-04-30,398.0137634277344,401.85906599542557,392.74424145600636,397.1592259902666,13507492
2025-05-02,393.7412109375,401.52676826817776,392.12711678437313,399.7227994339493,13939534
2025-05-05,398.298583984375,399.2005828325953,394.0260127616582,394.64315614322726,7450806
2025-05-06,390.18072509765625,403.14085250465024,388.61409240953407,398.77332929353236,7943490
2025-05-07,394.9754943847656,396.87441503084625,381.6830498622014,382.3951451044816,8806194
2025-05-08,386.5252990722656,396.77945885872504,384.57888804620865,394.0260297471044,10344459
2025-05-09,387.28485107421875,388.09189812530497,378.45488186292727,380.733580790819,7120988
2025-05-12,414.0121154785156,416.1009395432098,396.7319569373846,398.72582918546067,16818909
2025-05-13,413.3949890136719,418.04733846566984,410.6890214933052,413.9646709614166,7806161
2025-05-14,420.3260803222656,424.5036997868124,413.6798583183686,416.338335529836,11385432
2025-05-15,421.3704528808594,425.7379758831297,418.0948323605774,422.2249902972377,7108289
2025-05-16,418.9018859863281,422.22499695728646,417.4776955702031,421.3704595274289,5525659
2025-05-19,419.7088928222656,424.31378083968394,418.3796542644612,419.6614313997548,4707043
2025-05-20,413.3475341796875,426.87734302195497,412.06575702063765,424.88347066068053,6201064
2025-05-21,415.6262512207031,416.95548986131456,409.8820279281329,414.24952217939494,5310912
2025-05-22,413.11016845703125,417.28778784174375,409.6921056967291,416.81305770768034,5505100
2025-05-23,417.80999755859375,420.2311387326851,411.25872721882325,413.395012914959,4707367
2025-05-26,423.0320129394531,424.78852023911026,419.89880562942653,421.6078225303086,4402485
2025-05-27,425.3581848144531,429.4883426272281,421.46539206016837,423.4592643465315,7017265
2025-05-28,424.2663269042969,426.73492939819903,421.560359343197,426.0228341966058,5398706
2025-05-29,428.82373046875,434.3780789121809,422.5098253899902,427.25712679886647,8539002
2025-05-30,413.53741455078125,430.1055080744238,413.01522298537384,430.01055625110564,13752148
2025-06-02,410.546630859375,412.96777202681767,404.37513886526364,411.87586949383007,9008143
2025-06-03,412.0657653808594,418.0473536108127,409.6921146586194,413.96468595865133,6553349
2025-06-04,414.771728515625,416.1959189335737,408.64769812835453,412.0657609264769,4747404
2025-06-05,416.9554748535156,419.99375933003614,411.59103008345966,415.86360133000073,5877012
2025-06-06,425.4056701660156,426.7823991727934,416.43328783550663,418.52208308258344,10475617
2025-06-09,434.7578430175781,438.08095389515876,428.3015249026552,429.63076345864204,8982580
2025-06-10,438.223388671875,444.062592681028,435.8972283283982,436.6567849762215,8036246
2025-06-11,445.58172607421875,449.18969275218524,438.793090436706,441.02432803126436,15635681
2025-06-12,437.2264709472656,448.002851216256,434.8528201820796,446.7210740080097,7559224
2025-06-13,434.94775390625,440.2172467955677,424.0289608408083,427.6368982636457,6666190
2025-06-16,440.4546203613281,443.3979530395054,433.6185236953208,440.5495721848619,8258945
2025-06-17,435.75482177734375,442.3060921350205,434.66291923837326,440.5495847627954,5621986
2025-06-18,433.4286193847656,444.11004757332773,430.4378252870139,440.5495715104737,15852801
2025-06-19,417.28778076171875,434.23565205527774,414.7242264911804,433.4286050460173,12549420
2025-06-20,424.5036926269531,426.7823914805243,415.57877188158284,416.2908670842756,11493281
2025-06-23,427.1147155761719,428.6338578292587,419.7089079580843,421.5603671064133,7310603
2025-06-24,429.9598693847656,435.79491907926274,428.7060726217065,433.0461790936923,6350436
2025-06-25,426.2467041015625,432.03351291244525,423.88374539715943,432.03351291244525,6329973
2025-06-26,439.3152160644531,440.7619182029749,425.4750930526152,427.2593649101048,10412097
2025-06-27,447.2720947265625,454.2644886602931,442.690871114808,443.1248935460562,23776172
2025-06-30,444.4751281738281,451.27461648109283,440.66546741923105,449.49034461586086,6466543
2025-07-01,449.345703125,453.54114544478796,440.1350441082923,445.5842832440022,11455315
2025-07-02,452.7695617675781,458.1223479545975,446.4040664146155,450.5512674754386,11881474
2025-07-03,442.0157165527344,455.566510959303,440.81013143292745,451.37106885572865,17268863
2025-07-04,442.73907470703125,447.1756339055378,438.9294433274376,444.6197992973079,4456947
2025-07-07,438.0614318847656,443.31776547891656,436.9040583674534,442.69086708755214,4498429
2025-07-08,440.0867919921875,441.9193049693103,436.1324962412961,437.77207438762804,4116967
2025-07-09,425.0893249511719,445.10203849113066,405.70350980413184,444.61980442992683,38812827
2025-07-10,423.59442138671875,427.01827153083866,417.8076125122184,423.01573461262234,13276890
2025-07-11,427.01824951171875,430.39388784777975,421.0385355431185,422.43702605563595,8741844
2025-07-14,432.2746276855469,434.4446809782791,423.6908377810432,424.94466401011624,5611380
2025-07-15,434.0106506347656,435.2162357754178,429.28476277005547,434.0106506347656,5408813
2025-07-16,431.55126953125,434.44467387424675,428.80252951875696,434.0106514495048,3554230
2025-07-17,428.5614013671875,433.8177347939354,427.69338597346336,431.55125833066415,2713654
2025-07-18,429.9598693847656,432.8532736994228,427.78981614877273,428.5614082926198,3419720
2025-07-21,437.723876953125,440.2797116709209,432.70863078620937,435.5538236097305,6402589
2025-07-22,434.58935546875,440.47261708653457,434.10712139242725,437.6756358972766,2871620
2025-07-23,439.45989990234375,440.85839047162904,434.4928948928784,434.83046462683325,3049686
2025-07-24,435.31268310546875,441.09949170924176,432.2263734101643,438.8329857861179,4846149
2025-07-25,427.7898254394531,434.878672050964,426.8253573136212,434.01065662436156,2481198
2025-07-28,422.3888244628906,427.9345161467933,419.3025147089914,427.7416107497129,3837524
2025-07-29,423.88372802734375,425.8126642185945,418.000466757383,421.52076941976947,3034968
2025-07-30,419.1578369140625,425.04109813726456,418.1933688261025,424.84819274638045,2945839
2025-07-31,410.5258483886719,418.96494441806,408.93448188120493,413.7568224694267,7762131
2025-08-01,409.3684997558594,415.6857540828988,407.34311084467936,409.9953981387118,4291007
2025-08-04,416.1197814941406,417.9522650326181,407.1984513981438,409.3202635988746,3635372
2025-08-05,422.8710632324219,423.49796163006897,415.3964352273854,417.0360133879061,5703172
2025-08-06,424.89642333984375,426.82535960184873,421.90659568032135,424.2695249413385,4042034
2025-08-07,422.244140625,424.02841257363093,414.7213008937092,421.9548119558088,4103120
2025-08-08,416.1197814941406,424.2695194354099,415.1070723097915,422.24413049994274,2396484
2025-08-11,414.8177490234375,419.302519945873,411.4903221982455,416.65023258566333,5148588
2025-08-12,417.8558044433594,421.6654652127307,413.80502664891975,414.7212831174715,4915393
2025-08-13,423.160400390625,429.4776549935341,419.64009753328105,420.31520757766873,5925324
2025-08-14,414.9141845703125,424.0766314358906,412.88879569232813,423.7872733486183,5618967
2025-08-18,422.62994384765625,424.36597469812875,417.71115052700895,424.36597469812875,4699393
2025-08-19,434.20355224609375,434.9751149560939,424.51063013979444,426.2949020190543,12000341
2025-08-20,429.6705627441406,436.7111684972949,422.2441461826774,434.97513759283373,19775631
2025-08-21,431.0207824707031,433.04617134135106,427.40402714212837,429.8151973611782,8103807
2025-08-22,428.4649658203125,435.93959381155037,427.9345201232592,435.6020240801385,16717742
2025-08-25,434.29998779296875,435.45736132393296,428.2720619717626,431.0208020328789,13543057
2025-08-26,428.20001220703125,435.3999938964844,426.0,435.0,10665952
2025-08-28,424.5,429.79998779296875,421.1000061035156,428.20001220703125,6955858
2025-08-29,420.6499938964844,428.54998779296875,420.0,424.5,7712901
2025-09-01,431.0,434.8999938964844,422.79998779296875,422.79998779296875,7817717
2025-09-02,431.6000061035156,435.3500061035156,423.3999938964844,432.0,6420682
2025-09-03,439.45001220703125,441.70001220703125,432.6000061035156,433.25,10052593
2025-09-04,435.70001220703125,446.0,434.95001220703125,446.0,7605728
2025-09-05,445.5,446.79998779296875,435.6000061035156,436.0,8277809
2025-09-08,434.3999938964844,441.95001220703125,433.3500061035156,441.0,11885826
2025-09-09,432.79998779296875,437.8999938964844,431.95001220703125,435.0,6379983
2025-09-10,433.70001220703125,437.5,432.0,435.0,5516735
2025-09-11,437.70001220703125,439.79998779296875,432.95001220703125,434.04998779296875,6964582
2025-09-12,450.8999938964844,455.0,439.1000061035156,440.0,15838929
2025-09-15,454.3999938964844,462.79998779296875,452.75,455.04998779296875,14003502
2025-09-16,461.29998779296875,463.3999938964844,455.0,457.0,9675778
2025-09-17,456.1499938964844,471.0,444.0,465.0,27609041
2025-09-18,455.6499938964844,458.95001220703125,452.6000061035156,456.1499938964844,7741800
2025-09-19,455.6000061035156,458.5,452.1499938964844,458.0,10444975
2025-09-22,458.45001220703125,462.6000061035156,454.6499938964844,455.0,6873708
2025-09-23,457.20001220703125,459.8999938964844,452.25,458.45001220703125,6504267
2025-09-24,448.45001220703125,459.0,447.0,456.95001220703125,8390096
2025-09-25,461.6499938964844,464.0,449.5,451.0,12571562
2025-09-26,447.95001220703125,463.79998779296875,445.1000061035156,462.25,10271939
2025-09-29,452.25,457.54998779296875,447.6499938964844,451.0,11707970
2025-09-30,465.79998779296875,468.20001220703125,454.0,457.3999938964844,16517105
2025-10-01,464.8500061035156,469.8500061035156,458.5,468.54998779296875,7779725
2025-10-03,470.95001220703125,479.8999938964844,464.5,464.8500061035156,21404838
2025-10-06,470.79998779296875,478.0,467.1000061035156,474.95001220703125,9042871
2025-10-07,471.8500061035156,476.5,470.25,475.0,5931853
2025-10-08,472.70001220703125,477.95001220703125,465.6000061035156,471.8999938964844,10158945
2025-10-09,484.20001220703125,485.0,467.3500061035156,473.0,16201074
2025-10-10,482.20001220703125,485.0,473.75,483.0,13091981
2025-10-13,479.29998779296875,480.6499938964844,474.6499938964844,479.5,8312537
2025-10-14,480.04998779296875,489.1000061035156,474.79998779296875,483.8500061035156,14181566
2025-10-15,483.04998779296875,484.5,476.20001220703125,480.04998779296875,7569516
2025-10-16,479.1000061035156,485.0,475.0,485.0,5099739
2025-10-17,474.04998779296875,481.1000061035156,467.54998779296875,478.0,5816016
2025-10-20,473.8999938964844,478.5,472.04998779296875,476.0,4010765
2025-10-21,475.6499938964844,477.95001220703125,474.5,477.5,841526
2025-10-23,483.25,484.8500061035156,474.6499938964844,477.1000061035156,11194491
2025-10-24,495.6000061035156,501.04998779296875,487.25,490.0,25748299
2025-10-27,505.25,505.95001220703125,497.25,501.0,13611047
2025-10-28,502.45001220703125,509.75,499.6499938964844,505.95001220703125,10881126
2025-10-29,516.2000122070312,524.4000244140625,504.04998779296875,504.04998779296875,25108474
2025-10-30,506.95001220703125,514.9000244140625,503.20001220703125,513.0,7439433
2025-10-31,493.54998779296875,507.3999938964844,491.20001220703125,506.95001220703125,13235197
2025-11-03,513.0,514.5,500.3999938964844,502.0,16492217
2025-11-04,508.1499938964844,517.5999755859375,505.1000061035156,511.0,9015840
2025-11-06,504.95001220703125,514.4000244140625,502.6000061035156,510.0,7236023
2025-11-07,515.0499877929688,517.25,497.5,501.0,9229050
2025-11-10,519.5999755859375,526.5999755859375,518.25,521.0,9368684
2025-11-11,523.8499755859375,524.9000244140625,515.5499877929688,520.0999755859375,6857737
2025-11-12,520.5999755859375,528.8499755859375,518.0,525.0,8017904
2025-11-13,529.5999755859375,535.5,524.2000122070312,527.0,14483739
2025-11-14,525.3499755859375,531.2999877929688,521.5,528.0,6780850
2025-11-17,520.7999877929688,528.0,519.3499755859375,526.9500122070312,4575270
2025-11-18,510.70001220703125,521.7999877929688,508.25,521.6500244140625,7919977
2025-11-19,511.79998779296875,514.7999877929688,507.54998779296875,509.0,4009545
2025-11-20,509.75,519.0,509.1499938964844,516.0,5736356
2025-11-21,496.3999938964844,511.0,494.54998779296875,510.0,8023391
2025-11-24,495.1499938964844,503.5,493.79998779296875,498.1499938964844,10371411
2025-11-25,504.6499938964844,506.8500061035156,495.6000061035156,495.6000061035156,7658295
2025-11-26,516.2999877929688,517.0,506.1000061035156,507.8999938964844,7777469
2025-11-27,519.0999755859375,523.75,517.3499755859375,518.7000122070312,5978457
2025-11-28,526.0,530.7999877929688,518.6500244140625,519.4000244140625,9990143
2025-12-01,533.2999877929688,537.6500244140625,530.0,535.0,10279499
2025-12-02,538.4000244140625,539.9000244140625,530.0999755859375,530.8499755859375,9490883
2025-12-03,532.7999877929688,541.0499877929688,528.75,541.0,9182829
2025-12-04,529.6500244140625,543.0,528.25,534.7000122070312,14735849
2025-12-05,524.5,531.4500122070312,517.7999877929688,528.8499755859375,14808276
2025-12-08,511.25,527.2999877929688,509.20001220703125,524.2999877929688,7598744
2025-12-09,516.1500244140625,517.5999755859375,502.3500061035156,509.8999938964844,7594795
2025-12-10,524.2000122070312,530.75,516.1500244140625,519.25,14712797
2025-12-11,529.0499877929688,534.5,525.0999755859375,528.0,11125398
2025-12-12,543.5999755859375,546.5499877929688,535.0,535.0,18629112
2025-12-15,549.4000244140625,551.7999877929688,539.3499755859375,540.9500122070312,13889922
2025-12-16,569.5,572.9000244140625,545.2000122070312,548.0,34011443
2025-12-17,569.7999877929688,580.4500122070312,566.0999755859375,580.0,30344596
2025-12-18,579.1500244140625,583.0,564.0,569.7000122070312,14766995
2025-12-19,581.5999755859375,583.4000244140625,571.5,582.0,16753034
2025-12-22,585.6500244140625,594.5,581.5,590.0,16201067
2025-12-23,586.4000244140625,590.7999877929688,584.5999755859375,586.0,7941430
2025-12-24,598.1500244140625,599.7999877929688,587.2000122070312,589.9500122070312,15686960
2025-12-26,600.9500122070312,607.9000244140625,596.9500122070312,603.7000122070312,12119491
2025-12-29,593.0999755859375,616.0,590.4000244140625,609.0,25560591
2025-12-30,605.5499877929688,607.0,591.1500244140625,593.75,14079178
2025-12-31,604.4000244140625,610.0499877929688,599.3499755859375,610.0,8925223
2026-01-01,602.6500244140625,606.9000244140625,597.7000122070312,603.0,4250535
2026-01-02,616.9500122070312,618.4500122070312,603.5999755859375,604.2000122070312,9255218
2026-01-05,615.6500244140625,624.5,609.7000122070312,620.5,8336113
2026-01-06,621.75,627.9000244140625,618.0,618.2000122070312,10820314
2026-01-07,622.2000122070312,629.9000244140625,618.2999877929688,625.9500122070312,10182854
2026-01-08,603.5,619.0999755859375,595.0,619.0,18002061
2026-01-09,609.8499755859375,615.2999877929688,602.3499755859375,603.0,10839255
2026-01-12,627.3499755859375,628.7000122070312,614.7999877929688,619.8499755859375,13566302
2026-01-13,637.2000122070312,642.5,629.0999755859375,631.0999755859375,17754332
2026-01-14,675.75,679.4500122070312,642.1500244140625,647.0,45759805
2026-01-15,675.75,675.75,675.75,675.75,0
2026-01-16,682.7000122070312,686.0,664.3499755859375,675.75,27743749
2026-01-19,674.7999877929688,688.0,673.5,684.9500122070312,16748844
2026-01-20,671.7999877929688,686.5,669.1500244140625,676.0,18175860
2026-01-21,676.6500244140625,677.9000244140625,659.0,671.7999877929688,16508847
2026-01-22,678.6500244140625,694.0,664.7999877929688,680.0,19313521
2026-01-23,684.1500244140625,699.0,681.4500122070312,685.0,21435331
2026-01-27,705.4500122070312,707.3499755859375,694.5499877929688,697.0999755859375,18667388
2026-01-28,737.0999755859375,741.9500122070312,710.0999755859375,711.0999755859375,26645434
2026-01-29,766.3499755859375,769.7999877929688,743.0,745.25,30290476
2026-01-30,681.5499877929688,755.0,675.0999755859375,755.0,54628339
2026-02-02,660.6500244140625,674.5499877929688,639.0499877929688,653.3499755859375,35747809
2026-02-03,675.6500244140625,700.0,653.5499877929688,695.0,21124257
2026-02-04,687.7999877929688,693.9500122070312,677.5999755859375,680.0,13319058
2026-02-05,655.2000122070312,665.2999877929688,644.2000122070312,660.0499877929688,18234038
2026-02-06,671.0499877929688,673.3499755859375,640.25,643.0,16866400
2026-02-09,679.75,686.0999755859375,670.9000244140625,682.0,10904101
2026-02-10,690.1500244140625,692.75,678.0,686.0,10605218
2026-02-11,701.1500244140625,705.0,689.5,695.0,11146383
2026-02-12,702.75,709.0,698.0,701.1500244140625,8735305
2026-02-13,673.6500244140625,685.0,662.5499877929688,685.0,15868021
2026-02-16,679.7999877929688,681.4500122070312,665.25,669.0,6387272
2026-02-17,668.2000122070312,680.0,660.2999877929688,679.7999877929688,10070194
2026-02-18,678.0,678.8499755859375,668.2999877929688,670.0,7902530
2026-02-19,676.1500244140625,688.7999877929688,673.75,683.4500122070312,8113467
2026-02-20,682.4500122070312,683.4500122070312,672.5499877929688,675.7000122070312,6871777
2026-02-23,681.25,695.75,670.2999877929688,695.0,10762317
2026-02-24,695.0999755859375,698.9000244140625,676.0,678.5,10730605
2026-02-25,727.7999877929688,732.3499755859375,706.4000244140625,706.4000244140625,23666523
2026-02-26,737.4500122070312,738.3499755859375,725.2000122070312,733.0499877929688,13822953
2026-02-27,718.4000244140625,734.7999877929688,715.0,734.7999877929688,12543859
2026-03-02,723.3499755859375,731.0,695.0,695.0,13268756
2026-03-04,701.0,718.75,691.9000244140625,710.0999755859375,14669674
2026-03-05,711.25,737.9000244140625,706.0,706.4500122070312,22092809
2026-03-06,721.0,729.2999877929688,701.7000122070312,712.0999755859375,13468762
2026-03-09,709.4000244140625,713.25,698.0,709.0499877929688,10105473
2026-03-10,722.0,723.9500122070312,703.0999755859375,720.0,14950497
2026-03-11,721.5499877929688,743.5,715.0,727.5999755859375,15906006
2026-03-12,719.5999755859375,730.2999877929688,704.5499877929688,730.25,10180516
2026-03-13,689.5499877929688,715.5,684.4500122070312,714.5,15416801
2026-03-16,685.5999755859375,697.5,677.25,688.0,11108193
