{
  "ticker": "WIPRO.NS",
  "trained_until": "2026-02-09",
  "features": [
    "Close",
    "RSI",
    "MA50"
  ],
  "window": 30,
  "mode": "FULL",
  "X_mean": [
    224.78610346724346,
    50.96825549368269,
    223.6077405935148
  ],
  "X_std": [
    42.762961259047024,
    18.809804884127004,
    41.04939443573416
  ],
  "y_mean": [
    0.0016396550525677692,
    0.005974484200100413,
    0.01409178975999346,
    0.05184352126110648
  ],
  "y_std": [
    0.043420623726142235,
    0.09335482766248301,
    0.1566400681155629,
    0.3005238076781985
  ],
  "horizons": [
    7,
    30,
    90,
    365
  ]
}