{
  "ticker": "WIPRO.NS",
  "mode": "FULL",
  "features": [
    "Close",
    "RSI",
    "MA50"
  ],
  "window": 30,
  "X_mean": [
    183.3388108252663,
    51.27902274581717,
    182.0806951359993
  ],
  "X_std": [
    61.893750862335665,
    18.823545574944127,
    61.536413787777796
  ],
  "y_mean": [
    0.004260760511896447,
    0.019869519343795893,
    0.07016125671808139,
    0.42836983855784666
  ],
  "y_std": [
    0.04953050461160378,
    0.11232261170832045,
    0.23964574222036614,
    0.7288046078603421
  ],
  "horizons": [
    7,
    30,
    90,
    365
  ],
  "trained_until": "2023-12-05"
}