{
  "ticker": "NESTLEIND.NS",
  "mode": "FULL",
  "features": [
    "Close",
    "RSI",
    "MA50"
  ],
  "window": 30,
  "X_mean": [
    838.3639596591555,
    52.525825838455766,
    824.0997746815939
  ],
  "X_std": [
    161.70537738112472,
    15.229384355235187,
    158.68579459802461
  ],
  "y_mean": [
    0.006217839080156571,
    0.02647496527429377,
    0.07627320768968199,
    0.21809670308804327
  ],
  "y_std": [
    0.03608628740244256,
    0.06850794277125671,
    0.10255111421113546,
    0.17565196288117002
  ],
  "horizons": [
    7,
    30,
    90,
    365
  ],
  "trained_until": "2023-12-05"
}