{
  "ticker": "NESTLEIND.NS",
  "trained_until": "2026-02-09",
  "features": [
    "Close",
    "RSI",
    "MA50"
  ],
  "window": 30,
  "mode": "FULL",
  "X_mean": [
    1007.7463346155679,
    51.92964926142231,
    994.4709690521985
  ],
  "X_std": [
    150.50419991090286,
    15.661232315754715,
    145.6371660479535
  ],
  "y_mean": [
    0.004321251715182268,
    0.018017855581929483,
    0.040292554083245426,
    0.1517030721743418
  ],
  "y_std": [
    0.02926849192777377,
    0.05827111919152829,
    0.0942145363994345,
    0.167298674609417
  ],
  "horizons": [
    7,
    30,
    90,
    365
  ]
}