{
  "ticker": "VEDL.NS",
  "mode": "FULL",
  "features": [
    "Close",
    "RSI",
    "MA50"
  ],
  "window": 30,
  "X_mean": [
    132.07807624594997,
    53.774851783328955,
    129.57790755644734
  ],
  "X_std": [
    66.40112548031419,
    17.502453836942195,
    65.51137788265613
  ],
  "y_mean": [
    0.009316640936729365,
    0.04349280986381849,
    0.1450247832815728,
    0.9925514707271668
  ],
  "y_std": [
    0.07833028305551788,
    0.17649232370759504,
    0.3471732908283602,
    1.0454697901537708
  ],
  "horizons": [
    7,
    30,
    90,
    365
  ],
  "trained_until": "2023-12-05"
}