{
  "ticker": "VEDL.NS",
  "trained_until": "2026-02-09",
  "features": [
    "Close",
    "RSI",
    "MA50"
  ],
  "window": 30,
  "mode": "FULL",
  "X_mean": [
    212.51881655251108,
    54.631002439076475,
    204.09320944641857
  ],
  "X_std": [
    67.63135815409778,
    16.447166968713116,
    59.66270665963628
  ],
  "y_mean": [
    0.012454856722991422,
    0.053609078751209925,
    0.16520809239364237,
    0.6076436308098935
  ],
  "y_std": [
    0.06748770176886665,
    0.14613362238156635,
    0.2586012397499884,
    0.3737511608951997
  ],
  "horizons": [
    7,
    30,
    90,
    365
  ]
}