Date,Close,High,Low,Open,Volume
2021-03-08,2280.65185546875,2310.1327762510095,2258.9720204643245,2280.9390535761986,1593838
2021-03-09,2318.93896484375,2339.326761176813,2293.5260189623327,2297.2112221048897,1800442
2021-03-10,2327.792724609375,2341.241028274817,2312.0952085722174,2341.241028274817,1056102
2021-03-12,2298.5029296875,2359.091673771451,2294.3391419011723,2338.177625308495,1279203
2021-03-15,2254.13818359375,2323.5810011245644,2242.700034452092,2299.651721043951,1524449
2021-03-16,2362.873046875,2373.784705677342,2273.616827599027,2277.3017967097085,4230564
2021-03-17,2319.17822265625,2354.641467098827,2307.8358826290396,2354.641467098827,1623187
2021-03-18,2301.56591796875,2363.1120691826386,2287.6390311052746,2363.1120691826386,1851739
2021-03-19,2307.979248046875,2329.754894658826,2254.473466988411,2290.510872193332,3738079
2021-03-22,2321.81005859375,2333.679121303484,2287.6390945872076,2287.6390945872076,1489853
2021-03-23,2307.06982421875,2329.7068299598045,2295.4879590537025,2325.926050400761,1745466
2021-03-24,2338.895751953125,2364.212883666852,2306.782611189115,2307.069809288379,4132092
2021-03-25,2299.31689453125,2363.255985343025,2289.553793819569,2345.978996307464,2272545
2021-03-26,2397.857421875,2406.280575465785,2305.9213118545613,2321.1402409918473,3084607
2021-03-30,2467.63525390625,2472.803884902047,2413.5071759188454,2430.3534824785247,2332884
2021-03-31,2428.72607421875,2472.3252684839576,2422.600272101251,2467.635223145657,1616044
2021-04-01,2442.461669921875,2454.7135083213357,2423.5575382549964,2423.5575382549964,1219588
2021-04-05,2403.121826171875,2448.4439768400666,2378.0918922826995,2448.4439768400666,1268939
2021-04-06,2499.748291015625,2507.7884352732895,2397.2351664663947,2417.8143463741717,3372846
2021-04-07,2516.020751953125,2553.7811156921643,2488.7413679591123,2493.4314141895798,1937977
2021-04-08,2537.125732421875,2544.543809176894,2515.445898347085,2517.360240735477,897483
2021-04-09,2518.1259765625,2541.2894722848705,2498.3602515674406,2522.1460487648337,1185017
2021-04-12,2490.7509765625,2498.2169590390345,2445.5725403619667,2467.778866594325,1427691
2021-04-13,2460.599853515625,2513.53146538416,2454.474051567262,2488.6450152318416,1200230
2021-04-15,2476.87158203125,2482.4711263796244,2428.3430545212814,2479.0731222743866,1209829
2021-04-16,2549.616943359375,2578.1406925795895,2471.128902968981,2476.776353402821,2760777
2021-04-19,2461.748779296875,2536.5039514919645,2456.9152511670236,2536.5039514919645,1552036
2021-04-20,2444.280029296875,2493.14366355257,2420.4944662784487,2488.6450058557803,1489287
2021-04-22,2403.6962890625,2447.486873522275,2381.4420576157295,2446.1945988677403,1690758
2021-04-23,2410.109619140625,2455.1445791122974,2389.2911417154037,2418.8678774405066,1614593
2021-04-26,2448.34814453125,2464.71586569564,2421.64316124659,2421.64316124659,1103980
2021-04-27,2464.093994140625,2469.4061078316,2425.4720392681024,2436.0009234164645,866331
2021-04-28,2502.572021484375,2508.027850617558,2464.715853578938,2477.1590792474917,1065561
2021-04-29,2501.51904296875,2528.8463276520547,2459.9300007819,2517.3602731736955,1295346
2021-04-30,2427.768798828125,2494.1966165051313,2415.947875397389,2483.8591214017315,1384907
2021-05-03,2471.5595703125,2483.9551245492908,2398.2883004264204,2402.4997603173683,1034774
2021-05-04,2476.345458984375,2505.8263796619626,2461.413727978281,2493.4310589464944,1058140
2021-05-05,2457.680419921875,2504.9169098422053,2437.0535685021136,2504.9169098422053,1220186
2021-05-06,2439.877197265625,2471.272458116518,2419.728697568382,2469.3581157924928,1518119
2021-05-07,2442.3662109375,2479.073826122383,2432.651015092678,2445.5728284720803,1416102
2021-05-10,2447.43896484375,2478.116349941236,2433.2727837001016,2478.116349941236,1526814
2021-05-11,2446.768798828125,2452.272533045538,2413.3157132348106,2424.514569166412,1168363
2021-05-12,2446.72119140625,2478.0685509826476,2421.643350482011,2466.6304008664592,2085630
2021-05-14,2655.671630859375,2713.8197842472673,2490.1289100499816,2507.788672860538,10543708
2021-05-17,2663.568115234375,2703.242814118367,2629.8757362570277,2662.850236845578,2134352
2021-05-18,2700.94580078125,2723.1521263931686,2669.550537965043,2677.2079077404896,1328605
2021-05-19,2695.25048828125,2726.980618572218,2678.786957479971,2685.008569982856,1219067
2021-05-20,2674.43212890625,2723.1520492485824,2659.5001647933873,2693.4797422093184,1211975
2021-05-21,2711.187255859375,2731.766435383109,2675.29333808542,2686.779391773086,1328308
2021-05-24,2698.457275390625,2726.9810267952826,2687.9283911172843,2724.1095129025534,813091
2021-05-25,2789.579833984375,2797.47649690008,2701.8551812491214,2715.3990611398767,2730112
2021-05-26,2815.615234375,2821.645226713471,2785.7513023920824,2813.940184573335,1250531
2021-05-27,2823.03271484375,2838.012349284444,2777.9498619597903,2823.6547825932917,2415085
2021-05-28,2814.753173828125,2836.863921022091,2805.612142544581,2831.455763776007,711383
2021-05-31,2849.9775390625,2861.8942749826574,2810.3507408092446,2812.1692728012176,2093635
2021-06-01,2805.46875,2854.858876738846,2790.24982159555,2838.012570368475,1194073
2021-06-02,2779.338134765625,2808.101177801759,2753.9251911320666,2793.8394195331216,2067842
2021-06-03,2809.632568359375,2815.997663349689,2779.6730631375085,2794.557121997119,1404434
2021-06-04,2799.63037109375,2861.9423190730854,2783.454268851014,2826.526979338736,1509084
2021-06-07,2807.479248046875,2815.040807882285,2779.577564296701,2804.511923527744,802415
2021-06-08,2800.922119140625,2818.1512000956122,2782.9751598125135,2802.5971686779153,762931
2021-06-09,2817.481201171875,2838.0124757180215,2794.556998737265,2805.2772689407097,1340352
2021-06-10,2838.210693359375,2846.5792603052428,2809.4013116096553,2832.823905409205,1344559
2021-06-11,2843.645263671875,2858.4106700133875,2826.667653116585,2847.2524246828752,878445
2021-06-14,2837.537353515625,2856.871832581713,2805.409663206925,2842.5394718699026,746823
2021-06-15,2926.32177734375,2933.8247203180586,2848.166610613966,2856.8719407687327,2262031
2021-06-16,2903.716796875,2926.3216750776423,2891.019635661338,2913.62451386398,859505
2021-06-17,2943.732177734375,2956.8621506491604,2886.209933131972,2902.9952097208516,1533864
2021-06-18,2931.131103515625,2960.5656333948855,2901.1677111901145,2944.9346012357355,2293860
2021-06-21,2951.667724609375,2961.8638253767735,2905.977019003159,2909.0069402805616,720491
2021-06-22,2896.117919921875,2975.042661813681,2889.7692216405194,2967.4915763458002,1199238
2021-06-23,2873.560791015625,2914.5861422832245,2869.8573450501653,2914.5861422832245,1009007
2021-06-24,2927.33154296875,2933.5358132442902,2862.1140217169986,2873.5608874591035,985596
2021-06-25,2889.48046875,2937.1912840518034,2871.30046926302,2914.77874095832,786964
2021-06-28,2869.328125,2923.0990112450822,2862.8833778040116,2908.8145600938537,891695
2021-06-29,2887.172119140625,2908.670896023249,2859.805833678573,2875.148247246819,1242734
2021-06-30,2878.706787109375,2914.586061835526,2871.925277522011,2884.7668645032154,924522
2021-07-01,2906.506103515625,2911.6040364563896,2882.8430337267305,2893.424039189191,848235
2021-07-02,2890.538330078125,2923.0509213247833,2885.4883047094363,2917.423656263189,805542
2021-07-05,2899.96533203125,2933.8245055864945,2892.5586745099827,2904.9672153676106,863343
2021-07-06,2888.133544921875,2914.1051038603896,2881.881132584825,2888.6144997170327,762630
2021-07-07,2924.3017578125,2952.100854062519,2896.5505691742455,2948.2532152823787,1234865
2021-07-08,2912.950927734375,2942.4815058823756,2903.8127864117587,2933.824319366213,907391
2021-07-09,2895.92529296875,2923.387625667209,2892.462324284198,2906.8909690677906,547082
2021-07-12,2885.151611328125,2926.9467720602515,2877.1198069308075,2919.299402732037,765566
2021-07-13,2879.813232421875,2906.02526977302,2871.6370005875724,2904.9670752462116,703484
2021-07-14,2887.604736328125,2893.1838594778933,2870.530839393296,2888.614788467164,470744
2021-07-15,2869.95361328125,2896.3098427225787,2857.929743127138,2895.34793311025,635535
2021-07-16,2875.43603515625,2891.4998763901817,2852.06158798965,2879.956962711977,1062548
2021-07-19,2868.36669921875,2885.4405970858566,2852.0623761110855,2875.4368297368387,837836
2021-07-20,3038.720947265625,3058.3919540670486,2866.0581525636167,2881.881520485887,6755922
2021-07-22,2988.412353515625,3044.443582160442,2972.300369313038,3010.77674949832,1982572
2021-07-23,2966.288818359375,3010.392468784481,2960.805980442447,2987.6913076041246,815329
2021-07-26,2944.59765625,3000.1960787722783,2934.9785601333847,2962.6334614686534,1136884
2021-07-27,2913.287109375,2964.124120319056,2906.217215464088,2962.1040164352603,904289
2021-07-28,2889.6728515625,2917.4719462999547,2870.3383738078023,2914.922979683296,996594
2021-07-29,2883.27587890625,2924.1570368403827,2876.3983192138153,2889.6727186406697,762683
2021-07-30,2845.760986328125,2894.0487941052725,2839.46043241602,2893.423646894641,1067423
2021-08-02,2860.767333984375,2873.031681560729,2847.877604254302,2871.877436992374,832285
2021-08-03,2911.700439453125,2948.2530052605975,2880.149756735274,2904.967072067538,2433031
2021-08-04,2903.6201171875,2936.998329944569,2897.2714205367015,2924.7821262352445,659295
2021-08-05,2874.57080078125,2924.205434326709,2866.538995838414,2918.433976232643,693694
2021-08-06,2853.456298828125,2886.6903179675637,2848.646751480628,2880.9188611505674,744159
2021-08-09,2878.562744140625,2900.1575686203164,2859.8055061346226,2880.5826134826925,825462
2021-08-10,2863.7490234375,2893.712647877215,2847.7814652513457,2883.8049321959593,724335
2021-08-11,2859.37255859375,2887.123509529622,2840.0862242284893,2873.608632739529,987941
2021-08-12,2862.162109375,2871.5407282848996,2845.3286908187697,2860.719244927323,438552
2021-08-13,2874.859375,2887.652820540259,2859.8537250984646,2867.3564326286187,572250
2021-08-16,2858.21826171875,2870.4826098491276,2847.2525855621966,2866.490778707887,461742
2021-08-17,2900.446533203125,2928.0532962222533,2859.853988482617,2860.7196133262096,2036757
2021-08-18,2887.2197265625,2931.90037927181,2878.5625404032326,2931.90037927181,1375320
2021-08-20,2994.376220703125,3005.053510409259,2887.1714506868398,2887.1714506868398,3931334
2021-08-23,2960.22900390625,3043.3381441434135,2934.7865389260887,3038.7209305455867,1578949
2021-08-24,2929.928466796875,2974.9940249957053,2918.962791414452,2974.9940249957053,763704
2021-08-25,2922.32958984375,2953.0625554641315,2897.849036800084,2910.738531867903,797870
2021-08-26,2923.868408203125,2967.0101475004108,2910.930771111104,2947.29100079146,1319516
2021-08-27,2921.127197265625,2941.471491905531,2905.4480234039916,2924.638073461707,634375
2021-08-30,2990.336669921875,2995.627173077346,2931.948800247014,2940.2692249095817,1051747
2021-08-31,3079.40966796875,3087.7300928182003,2984.8538988434852,2990.336737086785,2283290
2021-09-01,3176.947021484375,3206.044787709461,3092.539451690944,3107.016238549685,2423168
2021-09-02,3175.8408203125,3192.5779533686687,3142.2218920146342,3186.7583533368893,847517
2021-09-03,3211.6240234375,3217.5396739167536,3161.3161011939037,3175.8410310129525,832039
2021-09-06,3189.260009765625,3220.1853151758187,3179.977439507976,3214.702476412307,664394
2021-09-07,3209.171142578125,3265.298665864765,3197.243556584165,3206.525890980646,1285818
2021-09-08,3209.5078125,3233.5074111524955,3171.416096656446,3217.5877595741013,702598
2021-09-09,3218.88671875,3231.0547828973527,3179.111657480128,3179.111657480128,591745
2021-09-13,3238.7978515625,3245.4830764915937,3203.4958152742993,3219.1268466889373,610920
2021-09-14,3234.42138671875,3259.527323984125,3228.986690815851,3255.968070198612,569412
2021-09-15,3224.60986328125,3255.0542106794555,3219.463552563064,3233.7961476822406,587855
2021-09-16,3214.798095703125,3242.597188580639,3207.9684437604365,3222.397087435521,516746
2021-09-17,3177.235595703125,3253.1783127174494,3159.921222660868,3224.3210243136873,1545695
2021-09-20,3146.935546875,3188.7304739927235,3140.63499173039,3174.2536868635166,689288
2021-09-21,3183.151611328125,3207.968929172732,3146.40670684378,3146.9358041601677,922057
2021-09-22,3191.13525390625,3203.1109820430947,3162.999396731643,3201.716260023196,825945
2021-09-23,3194.165283203125,3212.778329437406,3188.7305874505987,3212.778329437406,694716
2021-09-24,3317.24169921875,3371.4933093180784,3194.35774193904,3203.159121263681,2775975
2021-09-27,3299.97509765625,3337.826334609124,3287.470272771547,3329.746387850878,902449
2021-09-28,3250.966064453125,3299.061547949018,3222.3973942248103,3294.4443345651666,961271
2021-09-29,3196.473876953125,3252.889783416454,3183.920909179806,3236.8259393927638,973387
2021-09-30,3121.060302734375,3220.185147100473,3097.349321893026,3203.063106986356,2077896
2021-10-01,3056.8046875,3129.0439616012036,3049.2536027805995,3124.282555782772,1512332
2021-10-04,3079.64990234375,3107.4489961455733,3056.9487416036627,3080.8041469078935,921241
2021-10-05,3130.775634765625,3135.8256607530343,3070.079038009033,3086.335453044673,909337
2021-10-06,3089.89404296875,3155.063416900148,3078.735797923718,3137.7490444903297,786378
2021-10-07,3165.50048828125,3191.6162415290623,3097.349095154786,3097.349095154786,1177283
2021-10-08,3180.9384765625,3202.1967707493695,3139.7689372536934,3181.034761450335,882436
2021-10-11,3180.12109375,3216.9622762400077,3172.1371975694715,3199.695812058545,460197
2021-10-12,3196.666259765625,3207.968698207586,3155.063667202663,3155.063667202663,564524
2021-10-13,3196.906982421875,3230.9584928716376,3166.029586202922,3215.6642221261704,770144
2021-10-14,3172.185546875,3225.234767730151,3164.6826049770248,3214.7019045085763,648597
2021-10-18,3118.02978515625,3158.862798308289,3108.89164449329,3128.610790134414,1576121
2021-10-19,3062.479736328125,3144.5788158933838,3055.1212217108896,3136.6909691785145,1042069
2021-10-20,3048.86865234375,3097.300658055575,3017.173544291737,3068.4915135408846,1205540
2021-10-21,2887.65283203125,3073.7342108979296,2809.209051401396,3072.3394888433754,5103543
2021-10-22,2868.799072265625,2888.566361342723,2801.224923450678,2861.6810352237367,2855592
2021-10-25,2806.900146484375,2837.633108950361,2748.416000185905,2837.633108950361,2161537
2021-10-26,2856.67919921875,2908.814652975128,2787.6140424344976,2806.90037703242,1988263
2021-10-27,2976.773681640625,3025.205927710737,2913.8167403835396,2913.8167403835396,4609951
2021-10-28,3001.138916015625,3031.2822889705494,2948.8454952518205,2988.330363085042,1791065
2021-10-29,2985.53759765625,3028.4892880295793,2969.358385424765,3009.5173377560736,1118903
2021-11-01,3006.435791015625,3026.1300264458305,2977.3998252019223,3012.406626691879,750393
2021-11-02,2988.6669921875,3023.7699494775916,2966.1797883807835,3004.7016038143,881916
2021-11-03,3053.480224609375,3065.277532386501,2980.625924098455,2987.4636414289394,879227
2021-11-04,3042.50146484375,3072.115113666713,3028.7780666087187,3061.5216132747587,263595
2021-11-08,3022.036865234375,3063.4478229160445,2980.770270334413,3048.0390944763535,787824
2021-11-09,3028.922607421875,3038.408700105119,3004.7021059676613,3023.963016903351,668840
2021-11-10,2993.434326171875,3020.7365245833867,2966.66161468196,3016.2584571283555,872975
2021-11-11,2950.2900390625,2991.8453604502215,2939.2150152501226,2975.8107461084137,958143
2021-11-12,3007.494873046875,3012.4064994303203,2962.1355684264513,2974.84772274305,682344
2021-11-15,3051.6025390625,3062.485001342554,3010.480539055605,3010.480539055605,696377
2021-11-16,3035.230224609375,3090.4127745884907,3004.7981301937275,3048.038775809465,1400107
2021-11-17,3110.87744140625,3120.170735582535,3048.086927581817,3052.853955346432,1616452
2021-11-18,3107.603515625,3139.5283804152446,3095.2282867038634,3129.75356248069,1609821
2021-11-22,3140.732421875,3186.0919630884805,3096.2397627613013,3121.2307487303565,2146970
2021-11-23,3067.82958984375,3166.782513365515,3054.3469530621956,3140.732085988878,1482618
2021-11-24,3040.33447265625,3090.31643725023,3033.593154535061,3068.310989882888,1056213
2021-11-25,3028.055908203125,3056.0806271781735,2997.9607353856495,3039.8532159475753,728825
2021-11-26,3026.9482421875,3050.302094305599,2976.773480290486,2986.4039347721764,1029110
2021-11-29,3028.10400390625,3061.425237038655,2958.3793688370097,3015.2954517696294,876651
2021-11-30,3027.478271484375,3071.1524844308074,3000.9945169149655,3000.9945169149655,2340489
2021-12-01,3022.181396484375,3081.505098331537,3008.650794163852,3039.2754555500474,1741820
2021-12-02,3063.062744140625,3075.967460352672,3035.760308984568,3043.2239119331384,939320
2021-12-03,2995.505126953125,3069.6596378426157,2991.2196210747807,3067.3002231562064,1216263
2021-12-06,2926.021240234375,2999.886784337041,2916.342585768425,2999.886784337041,1107363
2021-12-07,2918.365234375,2955.586851573365,2904.978759893357,2927.6585300694132,2056459
2021-12-08,2993.626953125,3007.5911129513834,2918.9909264667444,2919.8575733740727,1171484
2021-12-09,3061.232666015625,3065.422007963663,2996.0345330686628,3035.9045224892816,1287243
2021-12-10,3161.822265625,3170.3453110706287,3061.2322252424633,3066.3364126515435,2554394
2021-12-13,3158.644775390625,3217.534911769649,3150.0735296458356,3163.7007641026244,1265832
2021-12-14,3175.642333984375,3182.865174774332,3128.934630209321,3153.0107661758434,863179
2021-12-15,3179.92822265625,3191.4847693138795,3145.7883047622117,3157.0076914282427,811946
2021-12-16,3176.7021484375,3202.1264569353743,3149.7368730106755,3202.1264569353743,502930
2021-12-17,3123.830322265625,3171.5974682342135,3108.421595839436,3153.9736903605585,1019403
2021-12-20,3119.73779296875,3153.9741085601872,3063.44782880304,3107.747923152282,948872
2021-12-21,3150.458984375,3174.1979618566434,3120.267413961021,3127.0087324479737,712026
2021-12-22,3158.8857421875,3164.2304567929464,3121.230567855253,3154.648200777419,619865
2021-12-23,3147.136474609375,3185.6582968029156,3129.898053225183,3168.4198754187237,1051596
2021-12-24,3163.412109375,3178.05035489505,3140.491577973563,3158.7894436532615,651404
2021-12-27,3151.47021484375,3163.3639216264105,3106.9775567364322,3158.885853793758,640701
2021-12-28,3243.7294921875,3250.278247977497,3152.0476164830657,3154.8885534094484,1211648
2021-12-29,3243.00732421875,3260.8718641782198,3222.5426085915237,3247.581790064836,598421
2021-12-30,3241.322265625,3264.724318827916,3226.4914586370305,3238.9628511203505,691223
2021-12-31,3257.934814453125,3279.170015320538,3237.181136348608,3264.7243324336637,570671
2022-01-03,3295.9267578125,3313.743099198489,3257.9828599351554,3257.9828599351554,696276
2022-01-04,3331.46337890625,3344.127333312066,3288.8486150997564,3307.0982804858363,790886
2022-01-05,3396.468994140625,3409.1811480077945,3324.481341368427,3341.7679614652675,1024506
2022-01-06,3384.767578125,3406.821459879464,3324.577237832005,3362.136010174834,1312743
2022-01-07,3444.139404296875,3449.628716201802,3367.336531567368,3384.7675127082243,964364
2022-01-10,3422.18212890625,3457.333289087783,3396.6614235689726,3447.7028342435274,657511
2022-01-11,3407.97705078125,3432.2939481411163,3365.8920120771845,3419.3892332925934,734344
2022-01-12,3412.8408203125,3450.062436262153,3403.402927028216,3425.4565757733712,594543
2022-01-13,3328.525634765625,3428.4415941455695,3322.506601068038,3428.4415941455695,1153984
2022-01-14,3240.070068359375,3334.063399789646,3222.350125850998,3334.063399789646,1558978
2022-01-17,3253.793701171875,3273.3917718468524,3198.274220153986,3240.070302304909,1103159
2022-01-18,3249.02685546875,3270.936142610969,3227.165767629675,3254.1792434155495,558543
2022-01-19,3159.174560546875,3245.463536758556,3146.9921282619503,3245.463536758556,1495218
2022-01-20,3184.21337890625,3240.5515376794747,3102.932437048356,3160.7151639952526,3075678
2022-01-21,3153.829833984375,3202.0782752821638,3121.9529320245606,3178.0985349785637,1441694
2022-01-24,3038.552978515625,3149.1588505399545,3019.1477053341764,3147.2327594998687,1575665
2022-01-25,3030.80029296875,3040.286149152062,2899.4889577396475,2985.440760273323,2699779
2022-01-27,3001.7646484375,3026.8520309387613,2957.753515755861,3024.059293013625,1834684
2022-01-28,2995.889892578125,3052.8539342438207,2988.329892100497,3014.332118038851,892060
2022-01-31,3035.76025390625,3075.437682482808,3020.4958882990245,3023.9629462338407,944530
2022-02-01,3078.134521484375,3093.639649805055,3025.504173107356,3075.967668868547,1008915
2022-02-02,3079.53076171875,3124.2641812697934,3074.1858117996717,3086.3684792899735,667265
2022-02-03,3084.634521484375,3121.8081692405835,3072.3074929199292,3094.1206130455553,899753
2022-02-04,3117.04150390625,3128.742649230282,3058.681080555532,3070.189428661212,705765
2022-02-07,3057.380615234375,3131.053598717143,3026.948517376669,3114.4892625264247,860393
2022-02-08,3097.491455078125,3104.377136282589,3049.194582694903,3061.5216119877,799206
2022-02-09,3109.0478515625,3138.565100358291,3103.654703031508,3110.6367824968643,472725
2022-02-10,3119.06396484375,3127.972136723273,3058.632852904284,3101.006859682555,728666
2022-02-11,3097.44287109375,3110.588346349138,3064.8918905583855,3110.588346349138,587840
2022-02-14,3027.28515625,3065.0846899561166,3004.7017875945076,3023.962696489344,681236
2022-02-15,3143.95849609375,3149.1588478501253,3017.077248936486,3023.962930351496,676844
2022-02-16,3132.642578125,3163.7007948000705,3103.895576550432,3158.789168813347,624320
2022-02-17,3145.162353515625,3173.1868375039885,3116.8004744241657,3152.048035041245,636735
2022-02-18,3138.03564453125,3151.08495842128,3110.685245663272,3116.559682295808,423801
2022-02-21,3131.486572265625,3157.2962367626683,3085.741914430412,3115.451959935003,547472
2022-02-22,3107.89208984375,3117.1856196865506,3004.701861934034,3004.701861934034,1147209
2022-02-23,3117.57080078125,3175.0645692814405,3110.636920304586,3117.2818401116956,935896
2022-02-24,2955.634521484375,3079.626616297692,2938.7330277501983,3014.3320913839493,1823450
2022-02-25,3003.931396484375,3025.35915828806,2969.1173966350107,2990.256197772694,1239456
2022-02-28,3057.33203125,3072.5963951180024,2903.581924864685,2975.810330955846,1678348
2022-03-02,2917.016357421875,2996.226842661198,2880.565229601693,2992.1820989492753,3014206
2022-03-03,2765.770263671875,2938.2518059129993,2756.236207316619,2917.0648050181826,4406840
2022-03-04,2636.962646484375,2757.969441079871,2563.6750332124107,2757.969441079871,6979253
2022-03-07,2608.3603515625,2627.139737474158,2503.2922360714583,2551.973994532254,3233760
2022-03-08,2622.7578125,2635.80712501306,2540.5138273746247,2590.592189400205,2611102
2022-03-09,2768.70751953125,2783.2014008396036,2566.5643699675056,2648.3750354010067,4076068
2022-03-10,2805.1591796875,2927.6585290091743,2784.3573013550163,2889.136706259054,3971987
2022-03-11,2823.649169921875,2831.3053339830562,2775.834058891987,2809.2034886296415,1265493
2022-03-14,2853.31103515625,2862.5081659981875,2809.492468273561,2840.984006679835,1214217
2022-03-15,2876.761474609375,2919.9541623846803,2856.3931548921378,2887.2106130703405,1857685
2022-03-16,2929.58447265625,2937.2888368183967,2899.489300147865,2930.547518176518,1287234
2022-03-17,3020.6884765625,3046.4017432584774,2962.809350509367,2998.442032443008,2867519
2022-03-21,2933.195556640625,3002.1015027294625,2918.1239900259825,3002.1015027294625,1259015
2022-03-22,2938.396240234375,2949.5194629986895,2865.060418035273,2912.2496484499716,1515772
2022-03-23,2905.315673828125,2966.0837030206517,2893.951690051472,2946.9191918660576,948403
2022-03-24,2913.550048828125,2926.647327686926,2841.5141921897925,2859.763858965509,1243917
2022-03-25,2934.3515625,2951.3012580596223,2880.46921153462,2913.549919897053,1083275
2022-03-28,2915.57177734375,2945.570782914366,2884.946886304496,2934.3511628249853,680332
2022-03-29,2930.162109375,2973.5953170488065,2901.3669100450693,2955.5864145929104,1120936
2022-03-30,2967.6728515625,2979.999880753652,2942.9705938823986,2964.253993078292,849545
2022-03-31,2966.1318359375,3013.610024434276,2952.793797304718,2999.8866265439865,1464862
2022-04-01,2999.06787109375,3005.6648264231167,2973.547166864268,2995.0713265542754,637392
2022-04-04,3002.77587890625,3026.852016485678,2979.181264078411,3009.468998129625,873264
2022-04-05,3024.7333984375,3040.334688745971,2966.180184142411,2995.0715495723693,805874
2022-04-06,3037.44580078125,3048.039302305852,2997.9609314622803,3021.0740256977747,736379
2022-04-07,3038.40869140625,3090.3649514828167,3029.25975873799,3037.4456458622226,1025244
2022-04-08,3087.7646484375,3101.006524122807,3034.7489463973466,3050.928157894737,678898
2022-04-11,3040.767822265625,3102.9324533564163,3033.5931806557146,3066.3367260977125,672652
2022-04-12,3013.032470703125,3045.2465335653274,2999.0683097426845,3038.1198551764546,794265
2022-04-13,2966.806396484375,3006.532028326498,2952.7942708021833,3002.0057609342593,1121350
2022-04-18,2909.89013671875,2944.9930976774986,2901.65605078558,2943.067006704525,1032504
2022-04-19,2880.66162109375,2946.1487143780464,2860.2451037405867,2918.0278331090835,749782
2022-04-20,2969.069091796875,2975.3288871574587,2869.875411467625,2880.757871964343,838182
2022-04-21,3041.538330078125,3057.0914202405675,2972.006494751907,2975.6179152340706,1069035
2022-04-22,3047.460693359375,3056.0319382757284,2998.201016430964,3006.146140781901,681191
2022-04-25,3014.91015625,3038.504769590562,2980.7220430422467,3018.184416706998,1096774
2022-04-26,3010.142822265625,3032.3410662150914,2991.0265117542403,3014.332163889041,1703441
2022-04-27,3032.004150390625,3047.07571720741,2971.909974947286,2981.5886284684393,963536
2022-04-28,3127.6826171875,3147.2324865727164,3052.854033792996,3072.1149425235512,2001838
2022-04-29,3117.57080078125,3156.8631036403817,3102.258471598678,3128.9347845416714,1088970
2022-05-02,3081.745361328125,3092.820383720398,3037.493471054006,3076.9301342010494,595522
2022-05-04,2986.259521484375,3076.641194194959,2967.5762990348458,3060.5583825063095,1120002
2022-05-05,2962.857421875,3011.394816798198,2956.5494273759523,2990.0152555848495,724601
2022-05-06,2904.78564453125,2939.599641175869,2892.8919399708075,2908.3970647275178,923941
2022-05-09,2894.192138671875,2926.5023583109787,2865.060015821921,2889.9548330320094,998324
2022-05-10,2972.2958984375,3022.7593941158184,2923.8064581555154,2938.2521422373115,2460016
2022-05-11,2940.8037109375,2994.638093882652,2868.912460514481,2976.195632026425,1883969
2022-05-12,2927.6103515625,2964.2542827508196,2877.5801809160002,2929.584642016892,1254245
2022-05-13,2950.771240234375,3001.0903646802776,2923.1318830169794,2960.786818803952,1121729
2022-05-16,2889.040283203125,2975.7143836573227,2874.8835604859814,2975.7143836573227,733044
2022-05-17,2937.2890625,2943.6452574695522,2841.9475486680326,2888.0773385857756,1179081
2022-05-18,2985.53759765625,3013.1769578624935,2914.175828495961,2918.0280106882888,1379763
2022-05-19,2934.303466796875,2958.1870440673724,2889.5700468865803,2889.6182461890135,772390
2022-05-20,2995.023681640625,3009.5175652586227,2956.5500561100707,2966.1805123188983,778957
2022-05-23,3056.89892578125,3070.1890004732522,3014.380561744942,3027.7667999141495,813294
2022-05-24,2972.77734375,3065.9999678330146,2956.549931673687,3057.4289562153217,691307
2022-05-25,2733.17138671875,2926.6953370565125,2721.855601851881,2926.6953370565125,3381427
2022-05-26,2735.19384765625,2754.310396729926,2618.087644586697,2744.679940797304,3212196
2022-05-27,2730.08984375,2762.977756105862,2678.229745461974,2762.0147105303636,1879534
2022-05-30,2738.9013671875,2777.4231866978726,2712.8991390179986,2773.5710047468356,2525482
2022-05-31,2753.972900390625,2771.6448789161836,2707.1208320477385,2738.9013327441367,2408221
2022-06-01,2747.087158203125,2831.2572368557885,2727.392925687739,2753.9728391534923,1770795
2022-06-02,2801.06591796875,2811.1296959958017,2742.7534683782264,2764.1330305532574,1164197
2022-06-03,2780.2158203125,2811.5629967873156,2750.457809904013,2797.6470370347192,1228489
2022-06-06,2713.332275390625,2765.8664501495846,2703.9425825323524,2764.999803317764,1193698
2022-06-07,2643.27099609375,2700.379642547947,2630.077319471627,2696.527460461573,1403598
2022-06-08,2605.23046875,2672.4510872660157,2600.2226795020692,2669.4655523643664,1743575
2022-06-09,2602.421875,2612.882751436875,2551.037847520789,2595.8353797268965,1857501
2022-06-10,2623.6826171875,2650.076840101523,2568.714831852792,2581.3065712246193,1592920
2022-06-13,2577.189697265625,2598.740940623385,2559.5128347362265,2586.1007258761683,1674206
2022-06-14,2552.635498046875,2582.6137063468414,2503.818398332203,2534.813442334768,2296040
2022-06-15,2577.57763671875,2599.3227933243597,2544.597151470684,2566.7778922520683,928842
2022-06-16,2573.993408203125,2639.857885417692,2557.091468330253,2610.3157301964525,1280628
2022-06-17,2499.16943359375,2573.5575965896387,2479.6038567066144,2566.87438390899,2043251
2022-06-20,2577.1416015625,2589.3944746293723,2507.0638698438415,2518.3479110868216,1595360
2022-06-21,2594.2373046875,2624.8932512053666,2557.091580510025,2590.943938798221,1042074
2022-06-22,2582.61376953125,2622.907185836323,2543.869963580165,2603.5837599129045,1871760
2022-06-23,2671.579345703125,2681.0231493003002,2590.9437919118595,2590.9437919118595,1612872
2022-06-24,2674.194580078125,2697.344148860873,2640.390699823834,2687.8518679424574,2215583
2022-06-27,2732.35888671875,2738.8484279874456,2678.1660265326113,2692.598002031955,1295734
2022-06-28,2640.875,2697.344151457537,2619.372232330451,2692.6948468732808,1838358
2022-06-29,2613.07666015625,2633.6108348916023,2593.8984243617915,2621.503392656904,1066354
2022-06-30,2610.55810546875,2641.3110074241667,2595.8355036383314,2629.5911457283896,1291447
2022-07-01,2686.06005859375,2692.69503122771,2600.67847440518,2619.9534269817746,1477191
2022-07-04,2702.671630859375,2710.1297677002385,2658.600542785622,2687.997269539745,653147
2022-07-05,2679.7158203125,2723.9805777114925,2673.322996817683,2697.5378790352343,1073043
2022-07-06,2771.538330078125,2778.8997485046025,2717.0548477311804,2741.657308755025,2085735
2022-07-07,2800.59619140625,2839.9212528668413,2786.4548427405725,2810.282143837583,1469087
2022-07-08,2789.360595703125,2797.303029308828,2751.2947558004594,2789.554267454787,1274148
2022-07-11,2840.9384765625,2848.202941273128,2761.80428827608,2783.742877112794,1081885
2022-07-12,2802.33984375,2831.4461794885924,2794.784753198655,2828.2982447983204,1115524
2022-07-13,2848.832275390625,2875.710793327017,2834.158152079595,2856.387365564733,2153712
2022-07-14,2846.846923828125,2862.0540599776796,2820.936998256899,2859.390422769423,882479
2022-07-15,2884.621826171875,2891.256798170792,2848.105832833051,2857.3074876345995,1668006
2022-07-18,2923.075439453125,2930.000801303184,2894.5501185062953,2900.700793290152,823390
2022-07-19,2924.286376953125,2928.0638043077624,2884.622207362035,2889.7558101191294,638171
2022-07-20,2912.033203125,2949.0819722143087,2905.7858109261997,2937.749454846388,867436
2022-07-21,2969.810546875,2988.068428873224,2887.382981071518,2887.382981071518,1184060
2022-07-22,2971.069091796875,2995.6230769368526,2952.2784377992166,2969.810107101253,1268141
2022-07-25,3007.440185546875,3019.3054789822954,2955.8140043658177,2973.1035265325377,985844
2022-07-26,3010.87841796875,3050.881450195759,2957.1213801057083,2998.7709770086058,2876310
2022-07-27,3085.9931640625,3092.7248542363136,2998.7711082729807,3021.000323554148,1976407
2022-07-28,3169.631103515625,3176.9925222419097,3082.070184687121,3097.567709185862,1332572
2022-07-29,3229.054443359375,3249.0076002759256,3172.149471916596,3182.2227680166607,1836550
2022-08-01,3220.1435546875,3249.63723430325,3210.4091246194102,3235.156781850451,1076122
2022-08-02,3289.494873046875,3297.8248873163902,3221.1606629892353,3226.3909830827215,1650536
2022-08-03,3331.62890625,3339.716772024542,3265.377078795748,3297.0985765578716,1169005
2022-08-04,3351.82421875,3367.757565010698,3303.781794656203,3346.496944308987,981434
2022-08-05,3364.802734375,3382.285924840995,3343.1547737727046,3365.8682836728744,792478
2022-08-08,3349.83837890625,3367.7573920146415,3328.6262363565115,3356.1827254366162,724644
2022-08-10,3304.50830078125,3341.508833108703,3289.349877824132,3332.936669491413,1089295
2022-08-11,3298.2607421875,3368.726051841802,3283.5381405922226,3341.6538598947395,1410533
2022-08-12,3320.19970703125,3326.9313975040973,3276.758110445559,3292.2556362413407,548472
2022-08-16,3391.0517578125,3399.2363398675743,3346.787004955221,3361.0253069435516,911189
2022-08-17,3413.039306640625,3434.2999267747364,3394.5392777780007,3407.469883510072,817912
2022-08-18,3424.32373046875,3431.442764542832,3405.145494878578,3414.2986738158143,599877
2022-08-19,3373.181884765625,3427.3747489313523,3355.214393188697,3409.4557344180757,581829
2022-08-22,3244.552490234375,3376.0877948389702,3228.5221888271676,3353.3742796600523,2336567
2022-08-23,3251.1875,3277.678443004774,3212.685831834275,3228.328553367556,831446
2022-08-24,3272.738525390625,3278.695292262805,3198.301877415593,3234.7211575261304,1182154
2022-08-25,3256.901123046875,3298.21161073199,3245.9559507884946,3269.0085621660087,615392
2022-08-26,3219.1748046875,3278.2106381417357,3201.8368077516534,3273.2224671715267,1384783
2022-08-29,3238.25634765625,3243.196278444859,3135.0524676111563,3145.029046837611,1031166
2022-08-30,3285.087890625,3302.6678006051543,3226.3909212745125,3226.3909212745125,1426459
2022-09-01,3338.312255859375,3365.287493705322,3210.893493897352,3210.893493897352,1417762
2022-09-02,3323.298828125,3379.4288763838913,3317.4387794826102,3379.4288763838913,740821
2022-09-05,3317.245361328125,3341.6539165543495,3298.59990106909,3317.487510162658,518438
2022-09-06,3288.623291015625,3326.689134742662,3277.7265935636183,3312.5960254100396,540937
2022-09-07,3293.563232421875,3327.1249660930766,3279.6153177541714,3285.475366808651,682921
2022-09-08,3341.799072265625,3375.2156110411847,3319.763528580292,3341.6538775559884,1143090
2022-09-09,3333.759521484375,3374.295089179623,3325.623179828119,3374.295089179623,702805
2022-09-12,3324.412841796875,3345.189164314842,3315.5018120623627,3333.7599286083305,641280
2022-09-13,3314.726806640625,3350.3711611718377,3307.4138647906134,3324.219087927652,776044
2022-09-14,3330.950927734375,3340.201060610869,3273.8522792126246,3273.8522792126246,816678
2022-09-15,3288.7685546875,3350.129164659964,3282.6665931651996,3331.968001859133,590182
2022-09-16,3218.20654296875,3312.596112987094,3205.6148033579802,3305.2346937021766,1598265
2022-09-19,3212.10400390625,3237.1422857556304,3129.8218845573406,3216.365728424955,1013563
2022-09-20,3286.637451171875,3302.9098991426945,3229.296657988781,3230.8465050235095,708184
2022-09-21,3250.654296875,3317.341941252631,3242.8570574320615,3298.0669894134317,605378
2022-09-22,3328.09326171875,3331.967642698632,3211.522729397167,3250.6541191780457,829396
2022-09-23,3288.623291015625,3329.9822642721033,3276.467372341137,3327.124955346049,513370
2022-09-26,3330.078857421875,3359.0882370881986,3248.6683815437773,3264.165905128959,1429914
2022-09-27,3361.6552734375,3390.0836408436767,3323.29904041375,3346.3516564661804,1455383
2022-09-28,3458.5146484375,3470.3799406397825,3312.5958638208563,3342.622317557244,1843428
2022-09-29,3278.501220703125,3451.540666006625,3266.490497824532,3451.540666006625,2624894
2022-09-30,3237.4814453125,3304.750344348063,3182.0778391861613,3295.1613450761192,2159720
2022-10-03,3199.173095703125,3247.2155137774735,3182.561782071389,3242.85683523549,934543
2022-10-04,3232.928955078125,3262.5680657787793,3208.036103220542,3225.4223415205324,994382
2022-10-06,3224.405029296875,3261.017976122996,3207.696761653563,3232.9287145777175,922770
2022-10-07,3238.692138671875,3254.0929462128233,3184.014979908067,3213.799286131254,774544
2022-10-10,3175.0068359375,3195.3958137808686,3157.8142697978788,3176.9925035469078,734377
2022-10-11,3195.10546875,3254.4804116500973,3171.1812106376246,3187.1630340876923,1411316
2022-10-12,3146.19091796875,3234.6237080528454,3105.316247347633,3230.265029602108,1812549
2022-10-13,3108.22216796875,3155.8770071383983,3093.5962850539327,3128.659622403609,779890
2022-10-14,3085.46044921875,3144.0604671681253,3080.133174859716,3133.405918450057,845765
2022-10-17,3097.180419921875,3116.9396694145466,3070.5440492230246,3085.460322224996,1067773
2022-10-18,3124.543212890625,3147.9346945701236,3111.1280735259193,3116.939645269741,1015424
2022-10-19,3111.854248046875,3143.7694127895834,3095.969381258002,3140.1856578221054,943543
2022-10-20,3042.2607421875,3140.0406223696755,3004.388809596746,3097.5676258436956,2284352
2022-10-21,2995.2841796875,3065.3621481754585,2976.1544214359906,3041.389413151415,1738731
2022-10-24,3023.615478515625,3059.792608216402,3018.143009560718,3051.0752503582357,178709
2022-10-25,2988.01953125,3036.546250123657,2983.1765547745235,3035.5776548285617,1016316
2022-10-27,2947.871337890625,3024.923141807405,2937.7495642337044,3024.923141807405,2005709
2022-10-28,2957.5087890625,2975.137412669272,2944.529706655443,2962.6423914378747,715736
2022-10-31,3014.447265625,3019.588276002014,2969.1971858968195,2989.518492334792,814364
2022-11-01,3064.595947265625,3069.4459125153426,3017.1633818492714,3017.1633818492714,939335
2022-11-02,3037.921142578125,3065.1294950294728,3028.415400127348,3063.2380559424187,787012
2022-11-03,3047.0390625,3054.2654629971094,3011.828269188098,3011.828269188098,563798
2022-11-04,3085.8876953125,3089.4280754611573,3032.1013875610897,3053.5383301575266,609757
2022-11-07,3010.422119140625,3102.037919654919,3004.5050665317176,3090.3980025079964,1669943
2022-11-09,2993.8837890625,3051.598380168678,2987.578833731573,3051.598380168678,1391333
2022-11-10,2953.774169921875,2993.3984797802987,2942.4738458890265,2993.3984797802987,1375007
2022-11-11,2963.716552734375,3005.0383497518724,2956.538699174857,2997.957353404688,810288
2022-11-14,2961.582763671875,2985.590091908843,2949.7974427177933,2964.29879160304,811702
2022-11-15,2986.89990234375,3002.128747171626,2950.7191111134366,2976.4239291425315,873840
2022-11-16,2990.536865234375,3000.188247896192,2959.448543269086,2986.899391606955,770953
2022-11-17,2979.4306640625,3003.6319426225145,2968.178650270235,2999.218427005087,706271
2022-11-18,3002.61328125,3021.382740211764,2964.0560601452717,3002.128284758117,1258576
2022-11-21,3002.419677734375,3017.018121193688,2974.1927839118534,3011.828563403642,612194
2022-11-22,3010.713134765625,3025.8934318359334,2980.109805538785,3010.8585390026406,764079
2022-11-23,3007.75439453125,3021.334296769497,2997.278422584519,3017.6482759418896,488341
2022-11-24,3021.8193359375,3026.620754076579,2999.2184509589883,3024.3897227430025,571872
2022-11-25,3014.8837890625,3026.184350129217,2982.971112597598,3021.81938142531,898769
2022-11-28,3056.642333984375,3064.208327835805,3003.777707878946,3014.8840819638376,914689
2022-11-29,3040.976806640625,3073.908023843631,3033.3137193361567,3062.2681070603794,877720
2022-11-30,3079.873291015625,3103.929165651731,3039.279224580983,3045.6810365245337,2547283
2022-12-01,3083.947265625,3101.0675469402545,3066.390298018417,3095.2475890792466,761717
2022-12-02,3049.124755859375,3079.049137651833,3039.958368448281,3077.9335035005515,932259
2022-12-05,3062.171142578125,3073.617108595505,3019.1035433839347,3036.0784227443264,926122
2022-12-06,3066.826904296875,3073.9079007527457,3031.22820758988,3031.22820758988,958365
2022-12-07,3129.682373046875,3137.636268178585,3081.0856296646675,3084.5776991442935,1832282
2022-12-08,3124.783935546875,3143.650252233539,3106.548019591002,3133.0774231475584,851312
2022-12-09,3130.119140625,3145.0571762340323,3109.7978328419554,3137.927632328049,847879
2022-12-12,3071.337646484375,3133.0776105547147,3047.62112651308,3130.167631349865,1323816
2022-12-13,3083.122802734375,3089.4277573411937,3048.3484583693476,3089.4277573411937,886601
2022-12-14,3051.549560546875,3099.127766579845,3031.2282536970315,3083.607877920916,1103870
2022-12-15,3036.660400390625,3066.342046250861,3023.1773546255877,3047.7182266653713,799124
2022-12-16,2964.20166015625,3023.4683301049154,2958.7698411771935,3021.528344009243,1192821
2022-12-19,2988.5,2995.3384982738316,2949.74882553456,2970.1186793116817,655594
2022-12-20,2989.6640625,2995.9690174898506,2927.439101441437,2982.7772537537617,739257
2022-12-21,2977.539306640625,3019.055059826217,2958.5275834461936,2992.4287958613204,616324
2022-12-22,2995.872314453125,3000.673733060326,2946.8876616263765,2981.7588671173244,663202
2022-12-23,2966.1416015625,2994.2230893260303,2944.898848860829,2986.5600022747562,1230858
2022-12-26,2964.347412109375,2979.7216604039577,2937.915100566913,2966.1417572261794,536884
2022-12-27,3019.20068359375,3035.1084760545946,2964.590023510487,2968.1789506957684,729041
2022-12-28,3029.96728515625,3049.4642404588985,3011.8284622313577,3016.629880532842,972274
2022-12-29,3021.673583984375,3031.228109712066,2999.751884383755,3007.9482778294773,596265
2022-12-30,2995.241455078125,3036.805752145115,2979.139712479381,3036.805752145115,836220
2023-01-02,2955.811279296875,2995.2414014890064,2930.3489620988953,2995.2414014890064,1015990
2023-01-03,2937.381591796875,2968.130325564934,2934.2291142361255,2955.5689623396606,860367
2023-01-04,2926.32373046875,2958.478906480512,2911.4827889191993,2943.929010219132,836382
2023-01-05,2914.19873046875,2955.180937055911,2905.5171031718905,2948.342438652981,1113920
2023-01-06,2889.02734375,2932.774127125923,2863.4196207295267,2919.679220323806,1045526
2023-01-09,2894.604736328125,2927.0995042990075,2862.4495606589435,2903.480315041837,808263
2023-01-10,2871.519287109375,2895.429523287684,2863.6137009284776,2894.604934392681,864325
2023-01-11,2852.167236328125,2885.6319938173656,2846.9293690122067,2885.6319938173656,890426
2023-01-12,2828.451171875,2851.634147736622,2809.099857992448,2850.8095589225845,1558620
2023-01-13,2821.85498046875,2837.2294639136117,2785.5773377756973,2837.2294639136117,1507864
2023-01-16,2828.548095703125,2841.691548033403,2809.0996889604703,2837.229485569536,644073
2023-01-17,2852.65283203125,2856.4844945221425,2823.795535091189,2837.230035283298,716489
2023-01-18,2856.8720703125,2871.179467999321,2841.449275328524,2859.491004221043,893808
2023-01-19,2780.145263671875,2884.3711980287576,2758.272111591653,2866.2321399895136,2379947
2023-01-20,2704.14697265625,2762.5405133923978,2697.550971820315,2762.5405133923978,3171005
2023-01-23,2700.89697265625,2715.980411231565,2684.795230878482,2715.980411231565,1402260
2023-01-24,2726.262451171875,2742.2673358517864,2700.8969918479224,2711.130465475897,1061471
2023-01-25,2691.73095703125,2726.650709987331,2684.068105969558,2726.553615947672,857953
2023-01-27,2640.951416015625,2689.645255344979,2605.2558621308267,2683.5827989359163,1801498
2023-01-30,2683.19482421875,2692.700803814179,2615.3438552896177,2642.2611633969104,1171912
2023-01-31,2644.0556640625,2696.532146256415,2636.4896708695137,2677.1808321694366,1961805
2023-02-01,2661.41845703125,2694.6407193194764,2623.637274726268,2667.2869624042296,1176872
2023-02-02,2624.461669921875,2658.7510198656564,2613.1613453185255,2658.7510198656564,1308570
2023-02-03,2677.56884765625,2680.963823492483,2618.981359379718,2624.4617256466054,1278409
2023-02-06,2671.554931640625,2682.030904416843,2636.4412290072255,2677.568841459375,1120284
2023-02-07,2675.28955078125,2691.2458901158743,2665.686476880504,2679.120976211946,732250
2023-02-08,2682.61279296875,2700.460569825046,2661.951894263398,2684.9406814927183,811956
2023-02-09,2730.142578125,2735.720038254164,2683.146224628361,2698.47216243318,946372
2023-02-10,2720.442626953125,2746.001801959138,2709.190612747159,2745.0803559163837,700072
2023-02-13,2707.0078125,2744.1100426632624,2696.580388336469,2730.0451449543134,467228
2023-02-14,2693.670654296875,2720.587960979172,2682.0307378937196,2720.587960979172,524746
2023-02-15,2702.545654296875,2714.331210254505,2671.3604769336325,2693.6703138869634,817717
2023-02-16,2721.751953125,2749.299897852454,2706.3777053609297,2713.0705626845715,788964
2023-02-17,2748.57275390625,2760.455170293517,2701.9159874883103,2718.8423210198775,840526
2023-02-20,2740.763916015625,2766.420184883457,2727.7175568264342,2759.630233518035,646218
2023-02-21,2732.5673828125,2753.519089583385,2720.8303727531757,2751.8701488416255,631934
2023-02-22,2712.052001953125,2729.5118767318904,2696.580660275994,2725.6319045588316,580270
2023-02-23,2624.752685546875,2721.364089497919,2619.0783682083215,2720.830545949496,1790570
2023-02-24,2656.325439453125,2679.1202715974187,2628.680643022811,2630.7177227488046,1429040
2023-02-27,2667.3837890625,2675.8712282359784,2643.2796038986467,2658.1688551027232,561317
2023-02-28,2743.91650390625,2753.810386074111,2645.6076093816264,2667.4810009523794,1815923
2023-03-01,2755.6533203125,2767.68137691662,2731.5491337154585,2743.1405039700676,816598
2023-03-02,2748.863037109375,2763.5100259707947,2726.650292384663,2746.0501521668375,604523
2023-03-03,2743.965087890625,2766.4203335298184,2726.3110239401644,2751.918983983131,679295
2023-03-06,2778.59375,2797.460068214997,2745.322939689839,2757.6903515725508,1050267
2023-03-08,2773.74365234375,2783.88003227603,2742.1703314440197,2783.88003227603,580250
2023-03-09,2767.923828125,2786.2566027921152,2751.7249908920103,2776.1202223689806,774224
2023-03-10,2745.2744140625,2758.6603661557356,2722.7706215890116,2758.6603661557356,489978
2023-03-13,2700.654541015625,2763.9465860884293,2689.014624680397,2738.775314376439,813217
2023-03-14,2663.212890625,2703.3219593135805,2657.8293820815384,2699.441987291583,1060450
2023-03-15,2742.55810546875,2780.339522160226,2682.2245884077997,2689.01453938798,2170346
2023-03-16,2806.4326171875,2812.9800708005705,2743.819513421045,2764.480414407457,1755487
2023-03-17,2776.750732421875,2836.211358515772,2769.3789267398274,2836.211358515772,1848073
2023-03-20,2769.475830078125,2827.5300144663897,2746.099137398992,2827.5300144663897,1074367
2023-03-21,2753.9072265625,2800.3697966300324,2749.9301605286255,2772.3854037978917,691891
2023-03-22,2754.634765625,2767.5354833066995,2730.384940186164,2740.230274588451,731807
2023-03-23,2713.846923828125,2738.2907042180273,2684.698581863069,2732.567839271628,1016581
2023-03-24,2714.52587890625,2731.1611670008806,2689.6456488889094,2713.846931052033,784111
2023-03-27,2719.617919921875,2735.3803064394783,2702.8855403878038,2714.5254565854184,791560
2023-03-28,2700.89697265625,2726.262431799964,2682.0306560911704,2707.2504741954635,558581
2023-03-29,2687.36572265625,2709.9180608810316,2672.3308305063956,2700.8970782281776,1087648
2023-03-31,2678.78125,2691.7307521280145,2665.055942872692,2673.34943093138,1967803
2023-04-03,2693.670654296875,2698.1810271772156,2627.371535724687,2664.5223162743655,1035295
2023-04-05,2724.2255859375,2727.1841122169863,2669.6634747717585,2677.1809211990385,668643
2023-04-06,2725.53515625,2740.230456716771,2703.176768346412,2723.2070307643125,627554
2023-04-10,2693.040283203125,2725.680454417148,2672.427931012248,2725.680454417148,1215461
2023-04-11,2671.166748046875,2706.2804469853227,2667.5292743278087,2706.2804469853227,1246379
2023-04-12,2703.128173828125,2721.9944915790093,2668.4509217551526,2672.8644375637464,2235399
2023-04-13,2725.43798828125,2728.881510991963,2698.5206809852966,2703.0796009841915,602597
2023-04-17,2757.787353515625,2760.2123361567474,2721.800516395488,2740.2303844680164,754555
2023-04-18,2768.9423828125,2772.6767141382034,2745.177551992728,2762.5403336616937,717724
2023-04-19,2725.389404296875,2767.0991051266333,2716.6109198988333,2751.2398609697243,799624
2023-04-20,2758.5146484375,2765.450003562718,2728.7356743104115,2735.3802209915348,761101
2023-04-21,2795.6171875,2800.370058928858,2761.667429251815,2761.667429251815,894930
2023-04-24,2804.346923828125,2811.0397809616766,2766.420101898793,2795.6169866201694,782967
2023-04-25,2811.039794921875,2814.6772687765874,2778.205436200788,2804.2983907407483,636120
2023-04-26,2822.679931640625,2828.9363397962657,2801.388630378308,2810.021474274962,569221
2023-04-27,2812.93115234375,2832.379559352242,2807.014337133922,2828.01459085324,599461
2023-04-28,2815.259765625,2832.331503291467,2761.182646513719,2832.331503291467,1080665
2023-05-02,2812.54345703125,2845.668625687673,2806.1899550517883,2823.601283317321,663800
2023-05-03,2841.78857421875,2873.5072994010247,2810.069849036475,2830.4397029645957,1237193
2023-05-04,2893.34375,2896.5445374872093,2834.464984731441,2859.5393988125807,1008540
2023-05-05,2922.540283203125,2934.2287459009744,2862.4978128475896,2881.84912531299,1326561
2023-05-08,2928.845703125,2944.6080914557983,2903.189432251046,2924.529281068127,941879
2023-05-09,2943.7353515625,2982.535078782739,2920.4069682083828,2925.5479794280127,1025850
2023-05-10,2950.13671875,2965.2687048056064,2928.3118754859743,2951.640255315574,751851
2023-05-11,3045.53564453125,3061.4434356466963,2940.5338980480883,2960.467302364646,3229605
2023-05-12,3037.1455078125,3084.335577676264,2993.398724021999,3044.80835862121,1998170
2023-05-15,3038.018310546875,3072.938061242816,3027.3969337398025,3040.152247948684,810281
2023-05-16,3043.93505859375,3070.7067226942704,3028.6576691922273,3038.018006702839,822404
2023-05-17,2999.655029296875,3053.4896448135755,2983.262241099658,3041.898274961661,835371
2023-05-18,3015.7568359375,3031.228177190942,3000.430898910682,3012.4587175918955,498067
2023-05-19,2991.894775390625,3034.089469676407,2975.9869853742753,3030.2580447996015,633262
2023-05-22,2992.331298828125,3012.410343298381,2954.598666007162,2977.8784979126685,659425
2023-05-23,3026.96044921875,3034.089756147907,2992.4286014261643,2994.368587553507,581204
2023-05-24,3008.433349609375,3039.1335339468947,3005.0383740415427,3021.5282553710153,439465
2023-05-25,3029.821533203125,3035.1079474296707,2993.3982504851274,3008.433141244207,500313
2023-05-26,3034.52587890625,3042.819366070541,3018.375590861068,3029.2880116523224,568249
2023-05-29,3043.256103515625,3060.3280759393006,3022.546893965369,3052.7620827784735,535712
2023-05-30,3050.0458984375,3060.32791897674,3033.7016584550797,3052.470880940651,506026
2023-05-31,3097.139404296875,3122.7473640852704,3042.3347944474317,3057.369687414978,2349066
2023-06-01,3143.456298828125,3152.3801871534492,3110.7675817677496,3138.2669783156175,1104861
2023-06-02,3140.110107421875,3152.428972210992,3122.407733660056,3142.195497824093,781973
2023-06-05,3103.735107421875,3142.728778730194,3099.127640663455,3142.728778730194,492565
2023-06-06,3116.34521484375,3141.7104387290747,3099.1278379661603,3111.495249526119,577698
2023-06-07,3128.03369140625,3132.35011319364,3110.040272641359,3120.4676981168814,470038
2023-06-08,3115.860107421875,3149.5673651798047,3097.1877416135253,3123.377553396665,561161
2023-06-09,3105.656494140625,3162.632362691954,3093.9390624519083,3134.2177338818715,1239045
2023-06-12,3119.521728515625,3126.942863120058,3076.9483027376846,3110.1965591509734,1029156
2023-06-13,3186.018310546875,3194.952756057517,3129.6768074788038,3134.412697721464,1598821
2023-06-14,3193.1953125,3212.43138144923,3176.4003751024934,3188.1178065507656,741615
2023-06-15,3216.776611328125,3226.199283248471,3196.271107409173,3198.858611356535,806994
2023-06-16,3238.74658203125,3243.7752170682693,3209.1600234928305,3214.237528833376,984671
2023-06-19,3231.7646484375,3266.184597538048,3225.466577769785,3240.699331451819,516915
2023-06-20,3240.55322265625,3248.511454446905,3199.932937196432,3236.940395684816,866290
2023-06-21,3238.0146484375,3254.5166024602095,3222.293665802187,3240.553282230049,742456
2023-06-22,3171.56640625,3248.5109064630774,3166.0981772106447,3246.704374086225,871640
2023-06-23,3220.0478515625,3226.3459234675256,3176.449336159855,3188.1178976321016,1260659
2023-06-26,3230.251220703125,3237.2818693690233,3194.3665915704687,3217.41096577153,592801
2023-06-27,3247.681396484375,3265.7457698562816,3196.2712616772446,3197.882313134795,914141
2023-06-28,3269.4072265625,3276.242394362377,3245.2400261272214,3252.563420198518,713110
2023-06-30,3282.882568359375,3368.371042648164,3265.0134377915783,3274.0456244979923,1436363
2023-07-03,3279.611083984375,3300.3607003680454,3258.6173544667795,3285.762782637645,474224
2023-07-04,3268.8701171875,3307.2447496491986,3252.5634074642694,3279.6110951166825,473663
2023-07-05,3294.941650390625,3319.9389330076197,3262.084114836825,3272.434608043492,632406
2023-07-06,3319.3525390625,3329.703030937647,3288.496783042511,3329.703030937647,693995
2023-07-07,3264.96435546875,3333.60901765834,3258.56854356496,3305.2918936067604,620761
2023-07-10,3264.427490234375,3292.647114065557,3216.3860688757154,3266.234022943078,548838
2023-07-11,3312.6640625,3319.889715830779,3266.2336972420253,3271.0670895640824,772158
2023-07-12,3326.52978515625,3333.999551942783,3283.0776458917157,3327.750350865928,1025127
2023-07-13,3318.522705078125,3344.3498261300397,3304.6571271999596,3344.3498261300397,750126
2023-07-14,3348.988037109375,3358.0202229372812,3307.2446917966186,3318.522766103323,832843
2023-07-17,3378.91650390625,3391.2199021038678,3344.3501769956083,3348.988326876113,817694
2023-07-18,3430.71728515625,3440.0424550160933,3374.2296461808846,3378.5259421957658,962485
2023-07-19,3431.888671875,3446.877313054746,3400.4958194654823,3437.112788088585,620289
2023-07-20,3442.971923828125,3451.7599973716456,3412.6530224246294,3427.3975522821256,589848
2023-07-21,3434.866943359375,3454.6401066673643,3422.4660441729566,3452.687201649291,857975
2023-07-24,3460.2548828125,3483.9827276550905,3416.1192748602393,3423.442669046734,680246
2023-07-25,3320.329345703125,3464.3561050715302,3271.1162297230953,3464.3561050715302,2555630
2023-07-26,3293.57470703125,3332.632812065715,3285.763086024357,3319.7925553923365,959076
2023-07-27,3290.058837890625,3333.608713155553,3272.0922079040006,3310.173854012104,874078
2023-07-28,3310.857666015625,3318.9622699872634,3285.2746564790077,3295.527408416303,553750
2023-07-31,3297.822265625,3308.2213904004634,3244.8983442859517,3244.9472145940294,933890
2023-08-01,3264.231689453125,3305.2915628980445,3259.3982974752353,3292.5976809725867,698667
2023-08-02,3283.712158203125,3292.549101386755,3252.2215637229724,3262.5231857196327,857218
2023-08-03,3257.78759765625,3300.360786286128,3239.820727496561,3290.6451309813115,711067
2023-08-04,3261.009521484375,3293.867291398485,3244.7516825903494,3259.5448427230494,519248
2023-08-07,3264.281005859375,3271.116173984118,3237.9167859496524,3237.965656257464,360358
2023-08-08,3269.21240234375,3280.832093734709,3254.1748882234783,3264.281268692649,500258
2023-08-09,3252.5634765625,3277.9023728099396,3225.222804889204,3254.0770257084764,643222
2023-08-10,3161.65576171875,3241.8226151179742,3153.94188157562,3232.0580891688237,1253219
2023-08-11,3110.34326171875,3172.445501586881,3105.1191451587215,3161.655653105388,919023
2023-08-14,3127.18701171875,3134.314924574164,3078.0225307882006,3110.343205340418,815534
2023-08-16,3118.838134765625,3133.2896793488057,3102.091831465866,3119.6679763501265,597686
2023-08-17,3108.292724609375,3148.083167875795,3087.543106955107,3147.9854272595467,873392
2023-08-18,3089.056640625,3110.489727310002,3080.707923297145,3100.139234493098,592652
2023-08-21,3107.365234375,3112.442740343641,3077.9250447136383,3085.492552552905,353330
2023-08-22,3104.826171875,3123.281268380358,3096.331082241616,3123.281268380358,377068
2023-08-23,3094.182861328125,3120.7423227798195,3090.7164071272914,3110.977797364363,370811
2023-08-24,3149.6455078125,3156.773420866136,3096.2333614749346,3110.001438080275,1167742
2023-08-25,3182.5517578125,3188.1174895186123,3140.466558689115,3148.961647965995,1363431
2023-08-28,3182.9423828125,3194.952797056801,3154.967112143622,3188.0687587857724,707315
2023-08-29,3208.330322265625,3211.55266358637,3178.402144852815,3184.2119902569634,533163
2023-08-30,3217.1181640625,3225.076395368306,3199.2490347455036,3223.5628462396903,599080
2023-08-31,3179.427490234375,3224.2465704020387,3144.177455086179,3222.342535460073,1601967
2023-09-01,3182.7958984375,3187.3363073547193,3141.345536131423,3164.7803969000015,650131
2023-09-04,3159.361328125,3189.3383759357353,3140.369372309451,3182.796191048064,696213
2023-09-05,3147.39990234375,3172.348315450918,3144.177560891813,3168.5888773583642,597022
2023-09-06,3149.3525390625,3153.941818488454,3119.765978350034,3133.436314405402,754106
2023-09-07,3169.906982421875,3177.1326362802274,3125.8688749572275,3149.3526075844943,923108
2023-09-08,3161.802490234375,3186.2138060151383,3155.8949041370793,3174.0081481247566,395918
2023-09-11,3182.649169921875,3188.117399255848,3165.6589918491454,3165.6589918491454,359345
2023-09-12,3180.159912109375,3202.5694527738924,3166.635947534861,3183.235642603653,554905
2023-09-13,3200.567138671875,3207.30456547424,3149.352253416548,3168.588319728544,880907
2023-09-14,3163.95068359375,3216.6302561236794,3147.350988625432,3204.7175815306496,1102554
2023-09-15,3121.376953125,3163.7062665855474,3110.0013762577064,3158.824003828471,1568607
2023-09-18,3130.7998046875,3153.843941434582,3114.8835807189594,3124.648106050367,673602
2023-09-20,3138.660400390625,3151.988882557756,3119.765947884768,3130.7999095571995,901084
2023-09-21,3167.80712890625,3184.4068212809307,3105.6560231071503,3134.412501336708,845739
2023-09-22,3197.735595703125,3206.279555160209,3145.2999052359833,3158.7749975437864,896521
2023-09-25,3244.996337890625,3256.2744139155175,3194.123058390655,3195.2461219970146,1422084
2023-09-26,3215.26318359375,3246.6071691613743,3183.57734425787,3244.752004569629,834560
2023-09-27,3224.05126953125,3231.0816806321536,3194.6599506668354,3210.57617585933,516326
2023-09-28,3095.696533203125,3211.5525364949926,3080.707890739344,3204.522125595426,2104381
2023-09-29,3086.615478515625,3119.765995958652,3060.202388524074,3119.765995958652,1550585
2023-10-03,3092.279052734375,3151.793791816424,3087.54316220478,3091.546713274649,1219145
2023-10-04,3095.257080078125,3113.9074205689963,3077.144074601012,3090.423687263589,892584
2023-10-05,3130.751220703125,3155.9926163499395,3099.553607094469,3134.4129180372806,1002610
2023-10-06,3120.49853515625,3141.248153828571,3114.8839324566807,3139.0511353809134,814257
2023-10-09,3078.5595703125,3088.519338395023,3058.932779191742,3066.1098006114134,700012
2023-10-10,3077.29052734375,3090.3748975007397,3066.1101921764457,3075.8258483683367,847367
2023-10-11,3089.398193359375,3110.0014379596973,3077.8273734305817,3094.37819682709,1025317
2023-10-12,3084.711181640625,3113.41878972376,3075.874238855804,3110.977658478877,992531
2023-10-13,3074.65380859375,3097.307459865237,3054.587661199063,3075.8255039645323,854688
2023-10-16,3038.76904296875,3054.343412627814,3023.194673309686,3050.437602637241,853011
2023-10-17,3040.23388671875,3063.131651352875,3018.9960437423633,3063.131651352875,792640
2023-10-18,3023.5361328125,3041.84461619967,3017.2380622056553,3036.7671111519703,481985
2023-10-19,3028.760498046875,3037.646073013756,3003.665715763756,3014.992422049846,568124
2023-10-20,3032.715087890625,3041.747273501952,2992.38755202333,3019.6793516786697,711434
2023-10-23,2999.662353515625,3035.6933586943196,2991.8507328033447,3023.1460859602666,374476
2023-10-25,2988.726318359375,3034.8148357542536,2980.133487362285,3020.5585317096434,669290
2023-10-26,2890.5927734375,2983.0627899855417,2870.770737334695,2979.254720078433,1834111
2023-10-27,2885.563720703125,2904.6045458433605,2861.982486463068,2863.740148769746,1708185
2023-10-30,2897.232421875,2921.4971244177905,2869.8917508013883,2903.969849032875,878885
2023-10-31,2925.158935546875,2941.8074996534338,2896.1583417051147,2899.087699434419,1152306
2023-11-01,2865.448974609375,2938.0480811074162,2861.0060676791695,2927.355973003824,1029990
2023-11-02,2885.807861328125,2892.2525437167365,2864.91187146013,2891.3249614435217,900125
2023-11-03,2912.80517578125,2917.744678022149,2877.7381487043745,2892.410505003003,715997
2023-11-06,2963.13134765625,2967.777593876334,2918.6741552698677,2932.5149826970683,620959
2023-11-07,2967.093017578125,2972.5705542061946,2936.6232797784105,2963.1314334510357,757998
2023-11-08,3027.640869140625,3031.260002774998,2979.6622139543315,2991.2045158975952,783400
2023-11-09,3012.91943359375,3043.4378871691924,3006.903862987972,3032.2869918192046,849702
2023-11-10,3009.25146484375,3017.6147560946674,2973.695596334632,3002.942399095828,364232
2023-11-13,3018.20166015625,3030.3307127409025,2998.0515282604474,3030.3307127409025,405941
2023-11-15,3048.133056640625,3050.725316197309,3011.452165999754,3018.29926558605,700017
2023-11-16,3061.92529296875,3072.2936151982453,3029.939602776051,3050.872069706152,675454
2023-11-17,3099.681884765625,3157.735603164267,3076.9397325860946,3081.194811420256,1430175
2023-11-20,3071.755859375,3102.6165259877116,3063.5881517614184,3099.6820545779783,406431
2023-11-21,3064.810791015625,3087.944111341035,3058.6973090260462,3087.944111341035,409069
2023-11-22,3064.566162109375,3088.041932262782,3053.02386068904,3071.413261737452,489889
2023-11-23,3054.735595703125,3102.127258319834,3047.10592274133,3079.2384782423283,792460
2023-11-24,3067.6474609375,3071.2178778319458,3043.046904054051,3049.894004127461,756329
2023-11-28,3079.5810546875,3090.9764895768662,3067.647346814341,3072.538132399114,647883
2023-11-29,3079.5810546875,3100.7580607464133,3073.3696614716814,3079.5810546875,620725
2023-11-30,3051.752197265625,3085.058493807437,3040.454673967974,3079.580957410248,1793116
2023-12-01,3104.083740234375,3120.9082339135216,3071.6579269041376,3078.211531912325,960196
2023-12-04,3124.77197265625,3134.4556329223124,3097.3346168252097,3120.3213098602305,1018189
2023-12-05,3155.779296875,3176.711762980092,3110.53953167377,3127.168202126114,1005550
2023-12-06,3181.5048828125,3217.1586608914504,3162.332908373727,3193.682890790692,1229158
2023-12-07,3180.771240234375,3227.869408109207,3175.9294104503642,3212.2678504461137,1071725
2023-12-08,3161.40380859375,3198.3781954533615,3157.2955964555467,3183.9014223306485,895852
2023-12-11,3162.382080078125,3174.119965930565,3115.9196152455515,3159.4476086150153,910426
2023-12-12,3154.31201171875,3185.906532843692,3139.8841949351695,3157.491022196488,1019030
2023-12-13,3172.798828125,3183.8520498841435,3120.6142959433027,3169.228650631229,1052079
2023-12-14,3170.549560546875,3187.4227702501344,3147.709497106557,3183.901309223693,923107
2023-12-15,3241.5146484375,3253.6928951168384,3171.1852499835345,3179.0105066152028,1631687
2023-12-18,3259.268310546875,3262.9363995567774,3224.0057004367723,3240.6343706149955,911936
2023-12-19,3263.180908203125,3280.6408684416924,3228.064926459788,3263.0829969739616,780448
2023-12-20,3225.130615234375,3286.558929418643,3210.9473371590725,3263.1810700452647,979762
2023-12-21,3230.803955078125,3247.481581443198,3200.3834124643977,3208.3552973294245,1585879
2023-12-22,3268.31640625,3277.608898814463,3215.202427304176,3237.6021296469366,930563
2023-12-26,3309.44775390625,3317.8108056457036,3272.1309191272035,3276.777165119288,600190
2023-12-27,3330.0869140625,3335.46677814922,3280.738935792259,3307.19813328943,837182
2023-12-28,3323.04443359375,3345.248553509726,3299.373077928156,3330.6251516334446,779250
2023-12-29,3328.08154296875,3348.182718660907,3309.9856370458424,3335.515632276448,615676
2024-01-01,3321.919189453125,3337.276207082647,3315.1208070394337,3328.6683774458093,283951
2024-01-02,3317.273193359375,3324.6580884553578,3271.9355160222794,3321.8215283741883,552394
2024-01-03,3299.910888671875,3324.7559834931535,3291.49864208722,3317.2731771999725,379131
2024-01-04,3306.1220703125,3326.956864480083,3290.324928537205,3298.3457690633854,777127
2024-01-05,3282.255126953125,3306.5621877684384,3274.869993036403,3306.1220648320273,416956
2024-01-08,3226.35302734375,3302.7471863206633,3222.880760960327,3281.716810337872,545884
2024-01-09,3196.12841796875,3242.5908815811495,3190.9930930431688,3237.7000959377388,670704
2024-01-10,3215.055908203125,3221.0714791229075,3187.031562708587,3220.093321977714,691087
2024-01-11,3216.3759765625,3236.917274692421,3199.2582281208993,3215.055607824587,537469
2024-01-12,3206.203369140625,3222.978667772591,3173.1416116156056,3222.978667772591,673004
2024-01-15,3202.388671875,3215.398210032254,3187.4230581804354,3210.507424169219,728116
2024-01-16,3224.885986328125,3247.481510432904,3202.3883734546444,3203.415486151749,748215
2024-01-17,3171.47900390625,3232.173703374574,3123.3047638328067,3222.1475924963447,2239241
2024-01-18,3094.7421875,3186.7866199236805,2982.00959079019,3186.7866199236805,1979174
2024-01-19,3096.69873046875,3131.618890950633,3079.8255206032127,3108.3876599763425,936201
2024-01-23,2987.9765625,3041.0905428694305,2955.5507488896355,3020.109120015201,2365225
2024-01-24,2933.93310546875,2988.2697771653607,2911.093281716874,2988.2697771653607,2665932
2024-01-25,2884.781005859375,2950.1219509428993,2878.0318170783207,2944.301963688527,2001961
2024-01-29,2911.044677734375,2923.1737310533586,2875.8310198055697,2875.8310198055697,1862723
2024-01-30,2889.57421875,2939.3623236507387,2886.590791591702,2924.6899659619667,1273188
2024-01-31,2893.241943359375,2906.9848589486714,2883.6559564498393,2901.213827841927,1771244
2024-02-01,2865.364501953125,2907.914334400495,2856.1696822314952,2896.3230776244395,3006472
2024-02-02,2872.16259765625,2897.6436366056314,2860.180173777147,2885.563301498243,1881911
2024-02-05,2853.626708984375,2900.235799239899,2848.3934729802986,2885.563442751333,923435
2024-02-06,2866.929443359375,2882.628912241233,2839.2475502579864,2866.978398974908,1471312
2024-02-07,2916.033203125,2937.357077567738,2871.918457266617,2892.4108025770647,1134012
2024-02-08,2865.609130859375,2934.2267557857144,2856.023143533934,2934.2267557857144,1633654
2024-02-09,2887.17724609375,2894.3667961460246,2846.9751334401203,2866.0002408610517,1144765
2024-02-12,2889.28076171875,2900.1871188872456,2856.2679564861496,2887.177580471039,614469
2024-02-13,2906.691650390625,2916.1307706113394,2881.357238943606,2900.186762577742,717118
2024-02-14,2911.386962890625,2915.6909978085578,2871.9184635846573,2905.028941159779,750339
2024-02-15,2950.659912109375,2958.43621346237,2902.632301928919,2914.908221563188,1068730
2024-02-16,2942.198486328125,2968.706637826596,2934.4711411795015,2968.706637826596,1179473
2024-02-19,2932.61279296875,2952.7626852289955,2922.2442325535267,2942.198541162289,560700
2024-02-20,2945.866943359375,2951.19809097831,2907.181018360405,2932.613104761861,729371
2024-02-21,2936.23193359375,2960.6369046713753,2918.3316114932018,2946.2580435377104,927130
2024-02-22,2951.490966796875,2961.076953582356,2868.0543620534536,2917.8424600320245,2615821
2024-02-23,2920.72802734375,2939.3619671097986,2901.4094253968556,2933.493024746185,1650523
2024-02-26,2805.794677734375,2866.0002948293118,2785.595829200114,2856.2187238571983,3524491
2024-02-27,2797.08935546875,2807.3110500322,2787.84581806559,2792.6386926278506,1296180
2024-02-28,2733.313232421875,2796.9421571109942,2724.6564470561675,2787.8942044506925,2472196
2024-02-29,2760.26171875,2776.0101452593076,2716.0980165076753,2724.167813441569,2284424
2024-03-01,2769.896240234375,2783.7860226524867,2753.5610651789943,2771.0210253243686,978174
2024-03-04,2769.896240234375,2798.4583784760994,2766.2281512784716,2797.5291770355125,971299
2024-03-05,2758.794189453125,2772.928750595132,2743.730665635535,2772.0972215369366,736381
2024-03-06,2765.5439453125,2776.988336981238,2717.076207484901,2766.1796519799077,1723066
2024-03-07,2807.848876953125,2830.786612907053,2763.2937738294486,2763.2937738294486,1564364
2024-03-11,2814.01123046875,2833.2808767678416,2790.7800003194693,2832.3027197089245,866546
2024-03-12,2813.326416015625,2836.5576468794693,2802.860182924859,2817.0924163314435,663186
2024-03-13,2797.67578125,2824.183932735442,2773.075227051685,2815.722969805682,955841
2024-03-14,2829.0751953125,2834.7485549014878,2778.9446382168944,2797.5296252377043,1381741
2024-03-15,2804.914306640625,2833.6720284915555,2787.7476025894207,2831.764669998727,1356226
2024-03-18,2784.32421875,2803.3982824301775,2755.713123229734,2803.3982824301775,940424
2024-03-19,2753.610107421875,2777.9661233321626,2739.817996990629,2777.9661233321626,1199135
2024-03-20,2763.19580078125,2775.080552420289,2736.443348305445,2753.6100525788056,818910
2024-03-21,2759.52783203125,2783.248141920194,2744.7088473557455,2782.85697459982,1167680
2024-03-22,2779.433349609375,2792.7850982608375,2746.6650873493313,2759.527757459599,1652689
2024-03-26,2753.169921875,2782.025557749175,2748.621586658671,2758.4031581414415,1372390
2024-03-27,2768.673828125,2780.7541645163255,2756.1533687753617,2756.3979080641907,1156231
2024-03-28,2784.56884765625,2805.3546869511288,2757.424986929997,2773.124456841355,1864623
2024-04-01,2808.2890625,2823.401542086254,2790.0465279236687,2798.4585357840074,558086
2024-04-02,2811.419189453125,2829.221601547265,2793.616777358985,2811.272561406043,562473
2024-04-03,2806.67529296875,2821.543233776419,2782.8570710205126,2782.8570710205126,816676
2024-04-04,2854.555908203125,2878.9608800481737,2788.9704269896733,2807.310872585835,1831347
2024-04-05,2820.466796875,2863.799200396999,2817.0922029351404,2860.131111591094,1155672
2024-04-08,2828.830078125,2845.4097917134336,2811.0276682718168,2844.4805903137967,570695
2024-04-09,2794.74169921875,2852.7464679183972,2782.8571849712966,2829.808729744099,1017670
2024-04-10,2833.4765625,2835.775327194423,2795.572975101407,2820.320397345162,740495
2024-04-12,2792.149658203125,2829.808709469834,2782.857165033418,2826.874237942558,1766311
2024-04-15,2782.269775390625,2791.171099934064,2750.9200334588636,2768.379993252405,884519
2024-04-16,2768.184326171875,2779.3841761257327,2758.4027561147304,2765.8855616853007,911249
2024-04-18,2746.371337890625,2796.746422964204,2738.9374880382684,2792.638211360552,1732434
2024-04-19,2747.203125,2760.457201244808,2705.729121369217,2729.058263337025,1337807
2024-04-22,2779.776123046875,2784.422369727994,2752.5833052357975,2784.422369727994,676040
2024-04-23,2812.103759765625,2815.087186691219,2781.878800807433,2789.7040576310824,929062
2024-04-24,2805.110107421875,2820.1249148791007,2797.5293896701464,2819.978048024977,718441
2024-04-25,2798.94775390625,2807.2131341354066,2767.2555574885973,2802.420259581098,1594152
2024-04-26,2782.025634765625,2815.331934348078,2775.0808621053397,2807.3110932717395,625507
2024-04-29,2805.55029296875,2811.1746965874654,2776.9881519187666,2782.025565723674,566219
2024-04-30,2813.08203125,2848.3935996256605,2792.6386424901307,2792.6386424901307,1290649
2024-05-02,2910.40869140625,2922.7335670313487,2812.299720212527,2812.299720212527,2493406
2024-05-03,2865.755859375,2931.536926545567,2845.7036381557195,2917.8916823067084,1594445
2024-05-06,2868.10302734375,2894.366639006582,2847.61068541719,2885.5632257754028,768806
2024-05-07,2849.371826171875,2903.1215147124385,2840.568411672889,2882.629169834712,629534
2024-05-08,2781.194091796875,2841.546336272128,2759.381141006428,2836.655550839646,1652877
2024-05-09,2650.90380859375,2791.6115724435085,2644.741370738688,2766.22844196289,3547959
2024-05-10,2710.7177734375,2731.6015223527634,2611.7772815783496,2640.0459253072845,2478584
2024-05-13,2816.35888671875,2831.764861353054,2693.9426187191652,2710.7179177978073,2748823
2024-05-14,2803.544921875,2824.9177503779893,2779.922523052024,2816.114336335953,999330
2024-05-15,2752.24072265625,2811.4681857957303,2744.855588418978,2803.545017364875,1230520
2024-05-16,2752.5830078125,2775.6186550514135,2725.683687828349,2759.4301074448294,1534319
2024-05-17,2748.523681640625,2776.205576761091,2725.243732505265,2753.1212112942494,1325150
2024-05-21,2789.508544921875,2804.3275298854205,2739.818115066271,2753.512314855963,921822
2024-05-22,2822.716796875,2831.7647498754654,2774.640471860543,2789.5084117321644,933846
2024-05-23,2840.32373046875,2857.441480028183,2814.4515224676425,2821.9832845122146,1181894
2024-05-24,2811.95703125,2846.6326515492337,2804.376313972954,2846.6326515492337,755822
2024-05-27,2809.560791015625,2834.9928765653954,2793.1766589787535,2824.8198990607502,817091
2024-05-28,2847.61083984375,2857.1968269769022,2801.441873489164,2813.0331303952935,1084544
2024-05-29,2836.80224609375,2857.8815795687715,2818.168544200798,2832.7429896117637,1758297
2024-05-30,2820.711669921875,2847.2687793040227,2812.201750646714,2812.446289929379,1344426
2024-05-31,2818.266357421875,2842.52470271523,2793.225677448009,2820.7117503182235,2520363
2024-06-03,2803.838623046875,2885.563703844458,2797.578512568477,2885.563703844458,952701
2024-06-04,2795.23046875,2833.7210451592464,2715.119499862195,2817.092374890794,2683847
2024-06-05,2897.056640625,2961.1748829651074,2801.930867585148,2801.930867585148,2410576
2024-06-06,2841.3505859375,2897.0565809840778,2819.293097169362,2895.344806183125,1689408
2024-06-07,2863.75048828125,2878.8142508763817,2825.7492283056527,2841.350786258419,1600180
2024-06-10,2873.385498046875,2887.4219094460077,2851.3280072106486,2864.0440497813993,876867
2024-06-11,2866.521484375,2884.200050873693,2859.1637536816243,2878.9161803046404,855430
2024-06-12,2869.829833984375,2881.8787648322905,2830.1766967128788,2872.9901737138907,1701770
2024-06-13,2873.97802734375,2892.7428323332797,2869.0399207675578,2892.7428323332797,726380
2024-06-14,2885.434326171875,2895.0636333117345,2869.138575627497,2873.9778232811677,982815
2024-06-18,2882.372802734375,2891.7552052102965,2869.039915005434,2885.434525252859,741098
2024-06-19,2855.904296875,2883.8540262434503,2846.9662764124355,2881.878783759722,1018294
2024-06-20,2879.409912109375,2888.298503846293,2836.843337455186,2849.287462334264,1129752
2024-06-21,2855.065185546875,2891.7552210883578,2844.4482563710894,2888.792357132325,1722379
2024-06-24,2860.20068359375,2864.052310175292,2835.855674137223,2847.3121775424684,892125
2024-06-25,2823.066162109375,2859.1143409045812,2820.6465380577783,2840.398964794878,1217792
2024-06-26,2827.90576171875,2838.2757861605223,2808.8446209496965,2824.7946097151184,960622
2024-06-27,2845.188720703125,2867.064434529535,2809.782403112824,2825.337437506155,1628022
2024-06-28,2880.940673828125,2895.7055635906786,2826.769550722158,2829.5349385018058,1206712
2024-07-01,2891.5576171875,2902.618927243877,2852.2502422185494,2853.5341980997528,1104110
2024-07-02,2889.385009765625,2899.6561749734506,2875.9532634614056,2891.5577284305323,1064295
2024-07-03,2889.335693359375,2912.445936539116,2879.903861228019,2893.434225521064,925189
2024-07-04,2898.569580078125,2931.7043220383803,2886.8169833670927,2903.6065450219817,968666
2024-07-05,2899.557373046875,2910.4212077021552,2877.039799565268,2900.791899712248,817429
2024-07-08,2862.274658203125,2899.5573633729946,2854.916927525749,2899.5573633729946,828260
2024-07-09,2869.039794921875,2877.138241127908,2854.2254758431045,2872.9408507222565,685431
2024-07-10,2959.35791015625,2977.18452353163,2858.5219162131198,2864.151309616269,2299950
2024-07-11,2984.640869140625,2992.4924099132377,2936.1979982416024,2961.8761509339274,1968980
2024-07-12,2962.0244140625,3014.220297776437,2934.1241115028065,2987.554521878677,1879930
2024-07-15,2919.90234375,2961.876248573059,2896.248862079289,2961.876248573059,2425341
2024-07-16,2937.630126953125,2978.6164108946396,2905.0880533485583,2922.3714260949805,2085611
2024-07-18,2895.26123046875,2921.2849066951944,2806.8196960449063,2839.4111984972224,5384611
2024-07-19,2909.581787109375,2943.111482113108,2881.13824536727,2888.7923104633696,2164746
2024-07-22,2897.977294921875,2936.5439557903474,2881.039444569403,2900.643824269007,1616347
2024-07-23,2861.23779296875,2910.8163344952764,2850.2750999829605,2897.977257468326,1906312
2024-07-24,2876.743408203125,2890.767582621459,2850.4725848347434,2865.089428488163,1476148
2024-07-25,2865.484375,2872.6940587932722,2849.5343872763465,2856.2502604141687,1239922
2024-07-26,2913.630859375,2927.753892080251,2864.7930346887024,2866.274466627327,1359780
2024-07-29,2918.12451171875,2928.395917574862,2899.6560422347507,2916.495033074284,854408
2024-07-30,2967.851318359375,2995.257808349979,2933.235144940341,2936.6918193535703,2144591
2024-07-31,3046.2685546875,3059.6508718957643,2967.8515177493164,2967.8515177493164,3549501
2024-08-01,3060.984130859375,3090.217576269626,3024.8865246129462,3049.774532809849,1675122
2024-08-02,3068.242919921875,3090.316351528131,3022.121055308025,3031.997267907071,1348780
2024-08-05,3055.107666015625,3106.0690220941988,3017.4794387497395,3031.9479945038343,2019141
2024-08-06,3063.3544921875,3096.1929017515313,3047.8488853689337,3063.305062896788,885743
2024-08-07,3063.05810546875,3079.8970972577013,3022.1706791242677,3063.35444008949,1907105
2024-08-08,2968.197021484375,3051.4535470627166,2953.3827016703813,3041.873668473365,1280109
2024-08-09,3002.961669921875,3014.9611732632384,2929.285018392847,3001.3813792636083,1665414
2024-08-12,3015.4052734375,3045.8240573834432,2966.5180195981743,2982.6162948437086,1736881
2024-08-13,2986.122314453125,3021.9235851947424,2975.702861917043,3017.0840963406545,502260
2024-08-14,2988.39404296875,2997.233205486288,2956.987637027592,2997.233205486288,454671
2024-08-16,3010.417724609375,3016.1954055762885,2965.826720021478,3016.1954055762885,514229
2024-08-19,3038.219482421875,3049.626556769483,3000.7393019527194,3016.1460497087305,542858
2024-08-20,3064.786376953125,3067.8975287263365,3039.8983683598403,3057.675551800541,668282
2024-08-21,3112.537841796875,3131.352075093809,3045.8734064979935,3062.613538693796,1186536
2024-08-22,3147.154052734375,3159.0546962085327,3116.982174546277,3127.796579288546,1540888
2024-08-23,3115.599365234375,3159.005513256004,3109.772496147103,3150.5118738258857,779284
2024-08-26,3132.093017578125,3138.117363051259,3102.6124242774163,3115.945312301528,472874
2024-08-27,3127.00634765625,3163.9927151756247,3111.0069316599784,3114.957416652562,1003501
2024-08-28,3086.810302734375,3126.315153833199,3080.193288399017,3113.9204585772477,538366
2024-08-29,3077.280029296875,3105.032044104919,3054.416450748841,3086.8104787204284,849866
2024-08-30,3088.09423828125,3127.5496598326604,3072.1934393713022,3091.3040074118903,1567031
2024-09-02,3111.9453125,3144.586244956045,3100.7359553242773,3109.0318778648334,702358
2024-09-03,3115.797119140625,3135.253210304557,3108.5380062212,3125.7719494855296,577471
2024-09-04,3191.646240234375,3211.744429900857,3116.4389755695433,3116.4389755695433,2379110
2024-09-05,3198.164794921875,3216.6826949928345,3177.1778415081208,3199.8931322618314,1482119
2024-09-06,3233.17578125,3245.2247128105173,3185.4244363664393,3197.917749285465,2131256
2024-09-09,3240.138671875,3272.9770810313953,3217.6702866627297,3233.1758932888183,1272289
2024-09-10,3254.261474609375,3269.0263641937463,3230.410276556033,3249.2739390324546,928920
2024-09-11,3325.765380859375,3341.0735113886444,3273.9646906146745,3273.9646906146745,2561892
2024-09-12,3341.369873046875,3350.9991810383644,3298.951585041396,3328.2838903917736,1643536
2024-09-13,3316.48193359375,3327.987625912023,3279.7916556484324,3314.0128802105587,1029400
2024-09-16,3294.50732421875,3352.8756009192325,3289.371741458824,3318.4077124957653,1019280
2024-09-17,3271.791748046875,3308.432352006389,3260.9279142210917,3294.5070369553314,586834
2024-09-18,3234.114013671875,3283.6927961343977,3211.300106171357,3271.791911171832,410510
2024-09-19,3253.07666015625,3278.9028618526627,3234.4599013757443,3253.224706910443,963456
2024-09-20,3266.01416015625,3283.643296540617,3225.6205460477695,3263.100725589241,1504277
2024-09-23,3236.879638671875,3283.7422248569974,3232.6822478133395,3275.89068312179,522775
2024-09-24,3208.188720703125,3256.9279250579048,3200.979278588293,3236.8791657801066,1057933
2024-09-25,3204.583984375,3211.744238288774,3167.0543776545283,3211.744238288774,740636
2024-09-26,3236.484375,3245.175490517643,3187.1527401177077,3209.769171060249,951080
2024-09-27,3269.767333984375,3296.6305860655552,3236.484543227397,3250.2123833328615,1315996
2024-09-30,3287.89013671875,3316.432295584759,3264.2364139016154,3269.7671895792855,1088162
2024-10-01,3236.780517578125,3287.741628107238,3203.8926825682624,3275.9396026944523,968660
2024-10-03,3110.315673828125,3185.9673174659683,3087.7978609380666,3152.7833878918823,1741363
2024-10-04,3034.466552734375,3117.673650234089,3016.7387979892915,3096.192886191136,1551818
2024-10-07,3024.343505859375,3060.1942094060214,3000.393687909472,3036.9356781835504,909812
2024-10-08,3049.823974609375,3060.638379517566,3007.9486872175567,3020.145906603652,817718
2024-10-09,3040.738037109375,3107.747999872523,3033.7258291987055,3057.231265144363,1225598
2024-10-10,3021.232666015625,3056.6881771807575,3005.331865318593,3051.7994995637323,1161933
2024-10-11,2999.603271484375,3026.0715697305172,2988.5419614897337,3021.33093941325,976017
2024-10-14,3001.529296875,3017.183191550243,2979.851056701144,2999.4060074429094,716011
2024-10-15,3029.13330078125,3058.46560434547,3009.9238741398385,3036.935412385191,1242322
2024-10-16,3043.94775390625,3065.1321829066833,3028.1458128532854,3049.7746232221366,764001
2024-10-17,3018.0224609375,3046.8115236192875,2999.405704126994,3044.737422569113,674481
2024-10-18,2955.111083984375,3031.0098801013005,2943.7042504486785,3019.158424069624,899318
2024-10-21,3011.45458984375,3019.158083619366,2963.406913714072,2969.8264516740082,806970
2024-10-22,2969.629150390625,3020.096453266473,2958.1726470636954,3016.195397423429,541838
2024-10-23,2952.691162109375,2989.035671830963,2935.2597437350805,2962.8142797820224,624689
2024-10-24,2935.210205078125,2965.1351756483396,2914.4701598874653,2952.6910520865613,571259
2024-10-25,2921.3837890625,2978.2214427833383,2915.458061295639,2938.6671617158445,1047769
2024-10-28,2964.691162109375,2984.295300681413,2926.3714065892823,2950.9136517716806,504961
2024-10-29,2955.802734375,2990.5175293264856,2904.6933281191723,2982.616558311092,613459
2024-10-30,2959.555419921875,2968.7897759851944,2926.865297931258,2968.7897759851944,812725
2024-10-31,2899.310302734375,2959.407153832425,2882.866504934707,2957.135576673701,1031171
2024-11-01,2903.45849609375,2929.0377906189747,2893.730330106582,2921.3837257526516,112249
2024-11-04,2879.21240234375,2925.482315227811,2849.781239602585,2925.482315227811,1146008
2024-11-05,2851.55908203125,2882.6691535738464,2837.139714329192,2859.16371796241,935417
2024-11-06,2861.43505859375,2871.854510869286,2824.596738224679,2854.7191859574946,1817087
2024-11-07,2807.6591796875,2868.990314918351,2790.0300438480103,2864.1016379324706,1112489
2024-11-08,2735.167724609375,2811.7578036273458,2728.2049463134726,2807.65927173436,2060410
2024-11-11,2511.61962890625,2566.5806535242323,2474.9787850819534,2533.297866529544,8854840
2024-11-12,2444.21484375,2503.620172702221,2439.4247836585746,2503.620172702221,3445898
2024-11-13,2439.91845703125,2467.078043175091,2420.758699980807,2439.424646374089,1803766
2024-11-14,2452.41162109375,2470.7814728705644,2435.6714890575636,2452.0660983258376,1206967
2024-11-18,2452.955078125,2488.8057810519467,2440.214859264631,2488.8057810519467,945471
2024-11-19,2457.15966796875,2476.4512951650154,2445.931096545383,2461.4137674004382,941508
2024-11-21,2402.203125,2439.599249239458,2399.086881951621,2428.4694647355586,1377572
2024-11-22,2445.7822265625,2467.2998078578635,2397.058507997137,2404.033220585434,3805843
2024-11-25,2433.415771484375,2481.1501753974144,2423.8689873144695,2478.2317471950923,1857124
2024-11-26,2478.23193359375,2491.0930174806635,2431.338539726482,2433.6137690349015,1152258
2024-11-27,2465.27197265625,2490.746813453905,2453.499230220729,2490.59851293576,864653
2024-11-28,2431.78369140625,2479.2212565278724,2427.0844492001415,2473.2853716359464,1506133
2024-11-29,2453.103271484375,2464.876012337785,2428.8155626912117,2431.7835049095593,1030854
2024-12-02,2452.559326171875,2459.4350113042015,2435.048513778277,2453.103497268342,914624
2024-12-03,2443.01220703125,2467.3494311525187,2437.1753502984084,2467.3494311525187,1341985
2024-12-04,2433.168701171875,2452.608869643871,2426.9854875736155,2452.4108135833017,1005012
2024-12-05,2425.99609375,2440.5389633492928,2397.998455189916,2438.6593630898437,3190834
2024-12-06,2403.736572265625,2441.627352994875,2401.065472333291,2441.627352994875,1735948
2024-12-09,2366.291015625,2412.9370786090217,2361.492745649748,2412.096065015252,2301281
2024-12-10,2363.372314453125,2378.954011248423,2359.5636001555517,2374.2547693577776,1657888
2024-12-11,2391.468994140625,2402.0546065799094,2367.08225694307,2374.1064835832526,1337700
2024-12-12,2364.015625,2389.193621273945,2355.260098346599,2387.2149930161613,1089028
2024-12-13,2381.921875,2386.2254877286287,2328.845272849582,2364.015435620589,1150861
2024-12-16,2376.580078125,2394.090891462023,2360.6520226163266,2394.090891462023,987775
2024-12-17,2330.823974609375,2374.254766148349,2325.382747164404,2362.482025198297,1258218
2024-12-18,2320.38671875,2347.345528105256,2315.9843192900817,2331.6155304519593,855682
2024-12-19,2267.35986328125,2300.155532650192,2241.143036780076,2300.155532650192,2784409
2024-12-20,2257.961181640625,2293.2301334566187,2251.678940356887,2272.4545369067528,1719502
2024-12-23,2254.8447265625,2277.94530821083,2241.835342309323,2275.4225088620415,855647
2024-12-24,2259.59326171875,2270.475716131581,2252.81636394897,2257.713661660142,601558
2024-12-26,2238.22412109375,2263.006487581479,2232.387264522019,2259.593402246085,1267334
2024-12-27,2247.1279296875,2266.3207679719803,2235.8993596736923,2245.990315095553,821790
2024-12-30,2263.798095703125,2274.2354082549373,2232.6842141024053,2255.883582531214,1076940
2024-12-31,2256.971923828125,2273.0975511842084,2248.711054095443,2255.6362531181744,685486
2025-01-01,2280.022705078125,2298.3745304314775,2255.636208472045,2255.636208472045,1067328
2025-01-02,2318.21044921875,2322.8601775522434,2269.486725918196,2289.2730094920253,1342922
2025-01-03,2310.98828125,2323.8493648708964,2297.3356980230024,2318.9523082600626,1355319
2025-01-06,2242.92333984375,2314.9949678266116,2232.5850559219875,2310.9881974605596,1190987
2025-01-07,2268.1015625,2291.251415421347,2247.7215957846715,2247.7215957846715,740798
2025-01-08,2309.405517578125,2313.016417511147,2248.4141570305087,2262.6109112956046,1439632
2025-01-09,2325.086181640625,2336.166452360481,2296.495097908915,2316.874825484485,1362304
2025-01-10,2295.95068359375,2323.799778726457,2291.2514416473664,2310.6420945019913,1214334
2025-01-13,2228.578369140625,2277.3020898421773,2222.395155853626,2267.2606480767986,1181928
2025-01-14,2216.01416015625,2261.918481183113,2213.095731748854,2244.7537842369916,1316807
2025-01-15,2205.873779296875,2229.666833637163,2196.2774800552424,2224.967591281189,1308999
2025-01-16,2191.924560546875,2215.915429047689,2184.2078617536595,2215.074415394743,1936087
2025-01-17,2236.83935546875,2244.803382904484,2188.85761785697,2201.867002679204,878848
2025-01-20,2256.180419921875,2262.4624198186484,2226.94613865363,2247.969064218441,555716
2025-01-21,2236.1962890625,2290.2622096229647,2230.903361857359,2256.1803861705666,1410294
2025-01-22,2237.927734375,2245.7432198931915,2220.91133701646,2245.7432198931915,835523
2025-01-23,2252.025390625,2277.203387756566,2222.1974237038376,2237.927663808089,1142465
2025-01-24,2238.22412109375,2272.0093424956026,2230.9528073847387,2258.604088147028,543202
2025-01-27,2227.440673828125,2253.4101686928766,2222.1972608443184,2231.2001156768033,1097939
2025-01-28,2217.844482421875,2242.8246644012743,2210.226811867185,2235.849951423444,897501
2025-01-29,2199.3935546875,2222.7909781767175,2188.412313047202,2217.844407654485,1281088
2025-01-30,2225.808349609375,2235.107805223786,2191.3306577716876,2199.3934708027055,1155718
2025-01-31,2276.2138671875,2280.3689379872426,2210.9686523874484,2230.9032343432677,1292909
2025-02-01,2326.02587890625,2363.471516285561,2260.8796867188257,2287.294326350865,1318619
2025-02-03,2267.75537109375,2339.183804756189,2253.36080183662,2326.0258781924244,1070382
2025-02-04,2329.19189453125,2392.755329456502,2239.559934817717,2280.0227874414695,5373733
2025-02-05,2250.887451171875,2271.0200902487095,2213.343028396478,2244.7537518970203,3474642
2025-02-06,2239.213623046875,2274.3342765097696,2236.09737998612,2262.7593488861016,1285954
2025-02-07,2246.732421875,2251.9758351465407,2219.2294403550277,2241.7858511531263,1336756
2025-02-10,2245.891357421875,2253.6575698922,2229.914030964451,2246.7818850507265,1181565
2025-02-11,2216.904541015625,2258.505004633446,2202.213130392889,2254.6467763546243,1607942
2025-02-12,2204.439208984375,2223.9286490285167,2162.343844469209,2217.893977757831,1181706
2025-02-13,2212.502197265625,2225.907453084973,2196.277540873688,2204.439383086394,921923
2025-02-14,2207.456787109375,2226.501085151753,2179.4591473952623,2212.5021445288053,1380052
2025-02-17,2226.7978515625,2235.8499794240065,2202.262812331492,2207.4567116199773,923900
2025-02-18,2213.689453125,2227.8859663512467,2195.040784662872,2223.9782237395543,735853
2025-02-19,2215.17333984375,2225.758952607725,2202.3122563003603,2213.6893686656667,645234
2025-02-20,2225.01708984375,2232.981117245447,2207.2094347237335,2215.1734621254304,637442
2025-02-21,2233.4755859375,2241.5879131682063,2213.095619073161,2225.01690216263,755585
2025-02-24,2222.197509765625,2234.860779843562,2217.0531242272787,2221.9006671989964,765042
2025-02-25,2200.9765625,2232.980970517077,2194.001849729943,2222.197301817256,947702
2025-02-27,2189.9951171875,2204.587500537873,2174.5124477369304,2190.341473744115,1027196
2025-02-28,2156.45751953125,2187.719943299454,2152.5497769431686,2186.384272583582,1701193
2025-03-03,2143.25,2169.9122085982494,2106.2497487483624,2156.457440034872,959068
2025-03-04,2109.316650390625,2136.7701161602126,2102.045095276788,2131.032046179497,2180989
2025-03-05,2141.02392578125,2159.4747779145187,2102.0450484400562,2109.2175753731967,1535212
2025-03-06,2243.4677734375,2250.689815437349,2159.771936648441,2166.449807529409,1985096
2025-03-07,2245.7431640625,2253.608163401209,2223.9782523403082,2243.467693167006,921429
2025-03-10,2254.25146484375,2268.497492913965,2237.6804517577016,2245.743265989839,1072395
2025-03-11,2262.95703125,2266.4196306849562,2233.772264583938,2249.7003185974454,601228
2025-03-12,2227.242919921875,2271.415698633484,2222.988820912396,2262.95701462673,749216
2025-03-13,2207.456787109375,2233.07992786277,2198.7507739836456,2231.1508135102886,747470
2025-03-17,2195.832275390625,2215.3217158876582,2172.5833928079032,2181.4377061660316,838015
2025-03-18,2195.832275390625,2195.832275390625,2195.832275390625,2195.832275390625,0
2025-03-19,2256.32861328125,2263.5011404862794,2243.6160720507037,2249.700257136058,663292
2025-03-20,2262.75927734375,2282.3477458354287,2244.506479568326,2265.529405272272,1166849
2025-03-21,2275.818115234375,2289.7675410015963,2253.509274953812,2267.161616645581,1624115
2025-03-24,2297.68212890625,2305.3493136205766,2277.50021672254,2277.796817744125,1100353
2025-03-25,2305.843994140625,2319.447063933367,2283.337096847179,2300.155437681842,1828005
2025-03-26,2298.324951171875,2315.9347904304113,2279.379682799506,2314.9949903432484,1934287
2025-03-27,2313.115478515625,2324.9872481503007,2266.024029018703,2290.262225356166,1497861
2025-03-28,2315.637939453125,2338.73852018013,2300.155270481727,2318.902724272419,1281871
2025-04-01,2291.25146484375,2336.4630710897977,2281.1109952778397,2316.973631547523,970583
2025-04-02,2282.001220703125,2303.5188018929975,2267.6561665765435,2303.123172874622,792693
2025-04-03,2324.294677734375,2329.7359058176767,2265.331696514396,2270.4760820322513,608846
2025-04-04,2330.873779296875,2338.6892648979606,2278.1927979190414,2324.2946949193497,1163188
2025-04-07,2316.330810546875,2328.8455380874375,2166.598015467922,2166.598015467922,1745817
2025-04-08,2368.615966796875,2394.140321004854,2330.8242133419153,2330.8242133419153,1876867
2025-04-09,2385.384521484375,2403.4890172581904,2365.3509115818533,2374.3537662248245,1186937
2025-04-11,2368.022216796875,2421.840804733815,2354.8147775603197,2413.4316352729334,968152
2025-04-15,2389.88623046875,2399.086900703578,2359.5143332692924,2389.0947308137074,1141122
2025-04-16,2433.61376953125,2442.1219677939607,2378.014362868992,2379.399547591545,1166695
2025-04-17,2441.528076171875,2449.9372456960327,2405.022483909115,2433.6135636785502,885840
2025-04-21,2418.873046875,2444.496186218964,2414.915790356595,2439.5496155709575,541913
2025-04-22,2406.011962890625,2423.81961722123,2387.709651495281,2418.87304657384,543647
2025-04-23,2426.886474609375,2430.349073901287,2399.680337315784,2410.9584212538784,744684
2025-04-24,2438.065673828125,2464.3815266061183,2409.8702207938923,2423.819646802485,1203452
2025-04-25,2405.616455078125,2442.319866212299,2387.907586349,2437.9669804359482,702217
2025-04-28,2425.99609375,2433.5149778513432,2379.3005144953645,2394.041198616951,554920
2025-04-29,2424.907958984375,2445.584527674416,2415.509474755853,2433.7127581225986,1235066
2025-04-30,2399.779052734375,2435.889015709181,2375.8377009314017,2423.819432555459,1479669
2025-05-02,2384.2470703125,2418.774037083155,2372.3753006677903,2399.086782368387,744673
2025-05-05,2410.859619140625,2448.552585862986,2397.2072767357836,2397.2072767357836,1229588
2025-05-06,2392.16162109375,2423.7206459503905,2365.5491670003303,2415.9051607572114,702802
2025-05-07,2309.158203125,2379.992949781398,2293.72480611317,2362.4821380195167,1711738
2025-05-08,2277.994873046875,2323.9979813176074,2268.99201761129,2297.187471067545,2292261
2025-05-09,2275.02685546875,2306.8827219454733,2221.010207702129,2222.593206912753,1503010
2025-05-12,2331.2197265625,2353.08366551614,2296.198102864394,2305.1019300620587,940135
2025-05-13,2299.759765625,2332.8027615637016,2290.3612812166643,2328.845504970718,1220489
2025-05-14,2257.91162109375,2294.219400295305,2252.7672360747315,2294.219400295305,1549845
2025-05-15,2305.0029296875,2310.5431855118845,2243.764480728304,2260.5828211923167,1675015
2025-05-16,2328.44970703125,2329.8346501256283,2290.26208706617,2308.9600264990613,785113
2025-05-19,2306.487060546875,2353.4794856841663,2301.7385455479075,2328.450029310157,552961
2025-05-20,2271.069580078125,2322.6127005748817,2266.9142675677517,2322.4148860581417,1095824
2025-05-21,2287.68994140625,2291.4493834785935,2265.529401082606,2271.4652859762723,469330
2025-05-22,2274.630859375,2285.315499627662,2258.703047781497,2284.5240000660287,916504
2025-05-23,2290.7568359375,2304.1125765054794,2270.4758965564943,2277.2032808526446,458035
2025-05-26,2302.331787109375,2313.0164279829723,2278.192619033124,2291.251517197846,1258062
2025-05-27,2302.727783203125,2326.4713235357294,2276.5109574192074,2288.3827275855097,2485428
2025-05-28,2278.58837890625,2308.069989878001,2275.7194643870957,2302.72778990034,774808
2025-05-29,2269.783447265625,2284.326316609405,2262.0667487775677,2278.5882463730663,1414643
2025-05-30,2234.959716796875,2279.3798259945615,2230.9034321257536,2271.959969790152,3610431
2025-06-02,2242.478271484375,2248.0185271789314,2233.772258906544,2234.9596290780687,702789
2025-06-03,2231.595703125,2262.858124401989,2222.6918764801085,2248.315255855017,792587
2025-06-04,2224.967529296875,2236.8392991286055,2216.9539880477464,2225.462186373197,768079
2025-06-05,2219.5263671875,2236.8393653714897,2209.138568277106,2227.0452515829743,996614
2025-06-06,2221.2080078125,2228.5290771994382,2215.0743085917125,2225.066477788955,822087
2025-06-09,2223.879150390625,2231.6948769865094,2212.1064087812865,2216.0636653265124,1041851
2025-06-10,2215.4423828125,2236.5096020141245,2211.7481969540704,2236.5096020141245,1809051
2025-06-11,2205.358154296875,2222.4313617191465,2203.7605500158743,2205.5577938919528,1430888
2025-06-12,2215.941650390625,2259.4738107081753,2204.6594529723643,2220.53458020989,3417373
2025-06-13,2210.749755859375,2213.6453832975812,2171.411246958574,2171.6108865639185,1786807
2025-06-16,2241.302001953125,2246.493850099095,2205.857321207117,2210.749588087704,1301826
2025-06-17,2261.27099609375,2277.4457042063054,2223.529847990987,2227.523615118048,1540986
2025-06-18,2277.844970703125,2280.441016825307,2251.4862053157035,2253.4830888680904,1131156
2025-06-19,2264.4658203125,2281.4393295476466,2260.472053433642,2266.462703751929,524926
2025-06-20,2282.13818359375,2286.331590052743,2259.4736053718843,2263.4673722395323,1945026
2025-06-23,2260.572021484375,2269.2584157952006,2250.387720816316,2257.6763942073076,596186
2025-06-24,2271.754638671875,2306.1009385190196,2265.364465001573,2301.4083108887703,1044179
2025-06-25,2276.34716796875,2290.724874917351,2271.854180252347,2272.5532844608238,807368
2025-06-26,2286.23193359375,2289.027619203835,2276.646795433512,2283.436247983665,921519
2025-06-27,2355.0244140625,2360.8154247360717,2273.551716732878,2279.4424253214006,1555059
2025-06-30,2337.4521484375,2366.207076690577,2322.475521738939,2358.319484133415,785414
2025-07-01,2365.807861328125,2396.260336437012,2346.5378857039027,2376.7907212034615,1232160
2025-07-02,2415.6298828125,2426.2134629119964,2323.373962220665,2336.3537050263667,1936030
2025-07-03,2427.112060546875,2460.5598606598815,2421.2213514638897,2425.115176958039,1547480
2025-07-04,2420.42236328125,2439.19311632593,2408.241423077423,2427.1118740377615,602309
2025-07-07,2438.99365234375,2461.2589530034766,2417.2275725788145,2419.5240374468945,869054
2025-07-08,2480.728515625,2484.123120133966,2433.502171220896,2436.697136128193,1136367
2025-07-09,2495.006103515625,2531.0499498118998,2489.0154527468394,2516.5725437873343,2328636
2025-07-10,2447.38037109375,2508.0856783014938,2441.2900226692773,2503.393050824226,932859
2025-07-11,2435.399169921875,2480.928213134193,2431.704984044081,2443.686285546248,1050411
2025-07-14,2397.85791015625,2444.784674477807,2387.2743296349663,2427.3119430814827,891618
2025-07-15,2389.770263671875,2411.236760713423,2382.581532019301,2406.144610422749,610228
2025-07-16,2406.743896484375,2418.625256092166,2367.3054464071574,2377.289864148225,1200909
2025-07-17,2395.161865234375,2410.238433469769,2390.269598064054,2400.353957448019,526163
2025-07-18,2378.6875,2401.252380791346,2368.6033846985288,2396.8593346465727,599552
2025-07-21,2371.698486328125,2404.247785580512,2357.1213827215047,2378.6875787280683,390931
2025-07-22,2361.514404296875,2377.0901932721026,2357.6205789331657,2371.6984615067413,411317
2025-07-23,2371.698486328125,2380.984043554375,2348.9342089478964,2359.31790586659,368999
2025-07-24,2348.43505859375,2376.2914873489262,2337.352257094049,2371.6985575583717,506960
2025-07-25,2332.5595703125,2346.8373361061545,2322.175873604493,2336.3536977189538,383636
2025-07-28,2355.92333984375,2362.712548992187,2316.3849475453603,2332.5596557546282,650364
2025-07-29,2397.7578125,2414.531682301382,2321.3770202217365,2355.324039012076,1742815
2025-07-30,2412.03564453125,2439.9920137181934,2362.8124171750574,2405.2461918338104,1685818
2025-07-31,2392.366455078125,2413.4334304549966,2369.8015732657213,2397.658001522801,1274735
2025-08-01,2427.2119140625,2468.1480261466477,2374.294500880553,2374.294500880553,2225293
2025-08-04,2445.982666015625,2463.155815490761,2435.7986088422463,2439.3928529127475,1165898
2025-08-05,2433.0029296875,2459.8609155292706,2405.3461416856353,2458.0636716091076,659094
2025-08-06,2487.318115234375,2501.695823132035,2436.1979448164952,2436.1979448164952,2019109
2025-08-07,2502.59423828125,2506.088784394948,2463.055847605046,2480.229240657659,1502806
2025-08-08,2471.742431640625,2507.7860316530255,2464.6533978898347,2502.594183435637,1178226
2025-08-11,2485.221435546875,2500.2977595830134,2448.1791494439526,2460.060508660261,721135
2025-08-12,2474.438232421875,2498.900055243935,2470.1448841541282,2485.2214520505768,608984
2025-08-13,2496.303955078125,2500.4973615761023,2457.36472775656,2475.935841367843,350844
2025-08-14,2524.759521484375,2530.9498113788623,2493.807828251754,2501.096501539215,1088550
2025-08-18,2583.3681640625,2590.9564190945644,2532.6475166467667,2546.0265389946585,1755615
2025-08-19,2575.380615234375,2590.956404418194,2557.2090236933855,2583.368149429113,698587
2025-08-20,2566.09521484375,2575.2808301046007,2559.405460174037,2573.9828070898716,308028
2025-08-21,2562.6005859375,2571.9858404911197,2555.3119127151276,2570.887457107955,781082
2025-08-22,2500.597412109375,2565.296487535277,2497.2028075966155,2558.8066160324975,523774
2025-08-25,2489.015380859375,2518.5693546358907,2472.141812518718,2512.079483157146,766497
2025-08-26,2477.533203125,2519.3680577297696,2464.154181491318,2477.23386561514,7106393
2025-08-28,2485.12158203125,2524.0608113198073,2461.158979392138,2461.158979392138,1485769
2025-08-29,2514.675537109375,2527.655280107417,2486.1200050096036,2487.1184467786834,1798653
2025-09-01,2566.195068359375,2573.783323551593,2511.1810713765135,2514.0764550955355,1314833
2025-09-02,2536.0419921875,2567.89218584515,2527.056016624631,2564.9968023345227,1024054
2025-09-03,2549.92041015625,2561.103153300909,2523.362004588196,2526.057748690489,925847
2025-09-04,2564.59765625,2578.9751203927085,2549.021866961899,2549.920367060743,933071
2025-09-05,2575.8798828125,2597.9455439295107,2561.0031976092214,2561.0031976092214,1153436
2025-09-08,2526.8564453125,2585.56486932839,2522.4631553291565,2575.8797892852117,742880
2025-09-09,2533.346435546875,2547.624202082058,2520.8659130091637,2536.0421796629794,702450
2025-09-10,2539.3369140625,2551.0186336131133,2521.165323232636,2533.346263650884,520584
2025-09-11,2551.917236328125,2555.511724223768,2531.7487612163945,2537.0405513782357,423961
2025-09-12,2542.332275390625,2564.297993878646,2533.2463579665027,2556.010878606127,547539
2025-09-15,2498.700439453125,2539.5366098247428,2494.107509865228,2531.149796567064,583051
2025-09-16,2477.033935546875,2505.988745075061,2470.6440061205894,2491.112061131894,760790
2025-09-17,2489.71435546875,2493.0090181167157,2476.934252777851,2478.132334082582,359627
2025-09-18,2474.837646484375,2502.294796046243,2465.45239104731,2494.0076803355287,400796
2025-09-19,2477.832763671875,2505.589492193983,2464.6533817417203,2471.143252910981,3731525
2025-09-22,2478.831298828125,2499.099715226628,2470.2448459827838,2490.2136811024534,872806
2025-09-23,2443.0869140625,2479.9295592874296,2424.21646331425,2468.2478400737427,1332111
2025-09-24,2453.37109375,2471.1434061910095,2439.392908826091,2442.188594562913,637749
2025-09-25,2400.25390625,2458.8623867395913,2384.278838654326,2454.668980247764,1518215
2025-09-26,2339.1494140625,2396.260234226185,2335.355286606269,2393.7641298155327,1089446
2025-09-29,2338.94970703125,2360.01668139369,2325.570441519752,2339.2490445437415,950369
2025-09-30,2346.338134765625,2385.0777237852835,2336.3537171708776,2348.3350182845743,778874
2025-10-01,2332.160400390625,2353.327317755006,2317.5830526365544,2349.7328297783242,648279
2025-10-03,2354.1259765625,2359.0182435703723,2332.4598396187675,2338.5501879591607,659872
2025-10-06,2351.130615234375,2355.5236613061975,2330.46292034526,2351.3302548266965,362107
2025-10-07,2349.1337890625,2367.7046592845277,2342.344336436732,2351.3303121519625,498524
2025-10-08,2324.87158203125,2365.707751525275,2316.3848272761434,2356.322496711939,701799
2025-10-09,2332.75927734375,2337.35220703594,2320.1790571715687,2324.8716847856413,587567
2025-10-10,2336.553466796875,2354.1261400951894,2332.9592225496335,2335.255443696396,1117236
2025-10-13,2338.849853515625,2362.9123977517115,2333.3584237635073,2336.553388685427,667732
2025-10-14,2314.488037109375,2351.33044207345,2304.4036774121114,2338.749977872924,353345
2025-10-15,2371.399169921875,2380.285204262567,2321.3771392241897,2326.369348125747,753640
2025-10-16,2405.945068359375,2417.027869436486,2363.2117121365436,2373.2960714503183,715890
2025-10-17,2503.892333984375,2540.0358775145787,2417.227539097011,2417.227539097011,3719960
2025-10-20,2512.079345703125,2533.1465633162347,2496.8031387677584,2503.892172422266,714986
2025-10-21,2500.697265625,2515.2743686919584,2480.129268391111,2509.0840786903627,107942
2025-10-23,2498.50048828125,2542.03264522436,2492.9093608479457,2514.974776830426,811738
2025-10-24,2497.701904296875,2502.793810812847,2482.4256972285884,2491.112091440693,327596
2025-10-27,2514.875244140625,2526.0577435021114,2495.7052104123336,2497.7020940040347,550089
2025-10-28,2505.389892578125,2524.659866801746,2488.116801823062,2511.0809617114774,1103957
2025-10-29,2534.744140625,2546.8253838696032,2508.585014302523,2516.0733277780528,615292
2025-10-30,2519.56787109375,2534.7441376342094,2509.383813531086,2531.5491726404607,736486
2025-10-31,2506.8876953125,2526.0577289302064,2501.3962654669995,2519.467915611525,609128
2025-11-03,2508.285400390625,2511.380667424338,2491.112250462125,2492.3103318505873,425210
2025-11-04,2482.824951171875,2517.0715505723174,2475.8358592028126,2506.088691763791,527087
2025-11-06,2598.843994140625,2626.900305473594,2556.110881252824,2556.110881252824,4448622
2025-11-07,2609.72705078125,2614.8189573640493,2580.9718801153545,2598.843889634128,791663
2025-11-10,2646.27001953125,2662.64461112369,2607.0314522395747,2609.727196317294,1706880
2025-11-11,2653.059326171875,2660.747278769722,2629.2963641565566,2646.269873630328,776404
2025-11-12,2765.484130859375,2834.2766729889117,2637.9831624675403,2655.8551730830777,2859196
2025-11-13,2874.9130859375,2892.5856999728535,2835.5745783753837,2854.445030002044,5933630
2025-11-14,2901.87109375,2905.3656399822426,2857.5403761936336,2860.6356432177,2494076
2025-11-17,2883.39990234375,2922.339131539382,2875.5123098312783,2901.871075167319,1230683
2025-11-18,2906.0,2916.0,2862.10009765625,2886.0,1819066
2025-11-19,2893.699951171875,2916.0,2887.199951171875,2914.0,1387906
2025-11-20,2859.800048828125,2906.10009765625,2852.5,2897.39990234375,1062883
2025-11-21,2876.60009765625,2895.60009765625,2854.10009765625,2869.0,857340
2025-11-24,2879.199951171875,2896.5,2864.5,2876.0,5404326
2025-11-25,2875.800048828125,2908.5,2869.0,2899.89990234375,972417
2025-11-26,2874.0,2896.199951171875,2857.60009765625,2880.0,570376
2025-11-27,2879.10009765625,2914.5,2871.39990234375,2880.0,1158685
2025-11-28,2874.39990234375,2889.89990234375,2855.800048828125,2880.0,748446
2025-12-01,2867.60009765625,2887.5,2848.0,2877.699951171875,499153
2025-12-02,2954.39990234375,2962.0,2861.199951171875,2867.0,2102147
2025-12-03,2953.5,2969.199951171875,2932.60009765625,2969.0,1252456
2025-12-04,2957.199951171875,2985.699951171875,2934.0,2950.0,1466098
2025-12-05,2968.5,2973.5,2941.0,2955.0,944978
2025-12-08,2928.300048828125,2974.5,2914.800048828125,2970.0,983544
2025-12-09,2796.0,2913.5,2788.5,2910.0,1839391
2025-12-10,2804.5,2824.0,2796.699951171875,2810.0,845073
2025-12-11,2779.39990234375,2811.60009765625,2763.199951171875,2800.0,777422
2025-12-12,2764.800048828125,2797.0,2746.0,2795.0,977696
2025-12-15,2780.199951171875,2802.0,2758.699951171875,2773.10009765625,1029674
2025-12-16,2790.89990234375,2808.0,2776.10009765625,2793.0,916244
2025-12-17,2785.699951171875,2806.5,2772.0,2800.0,636499
2025-12-18,2759.699951171875,2793.800048828125,2755.300048828125,2780.0,417994
2025-12-19,2799.89990234375,2812.39990234375,2759.699951171875,2766.39990234375,3895542
2025-12-22,2807.60009765625,2823.10009765625,2780.300048828125,2785.800048828125,463953
2025-12-23,2807.800048828125,2819.0,2783.10009765625,2798.0,431068
2025-12-24,2785.5,2824.699951171875,2782.0,2807.800048828125,512144
2025-12-26,2746.5,2794.39990234375,2743.0,2785.0,532078
2025-12-29,2775.39990234375,2793.800048828125,2735.0,2746.5,815529
2025-12-30,2758.300048828125,2792.39990234375,2741.0,2770.300048828125,4833527
2025-12-31,2769.5,2796.800048828125,2754.89990234375,2755.0,1274705
2026-01-01,2752.0,2782.699951171875,2746.10009765625,2775.89990234375,327945
2026-01-02,2772.60009765625,2799.0,2755.800048828125,2755.800048828125,508884
2026-01-05,2815.60009765625,2828.0,2769.0,2770.0,866733
2026-01-06,2845.800048828125,2848.39990234375,2811.60009765625,2820.0,875891
2026-01-07,2809.39990234375,2854.699951171875,2801.10009765625,2845.800048828125,636748
2026-01-08,2786.5,2804.699951171875,2770.10009765625,2795.0,620031
2026-01-09,2825.5,2856.699951171875,2786.199951171875,2789.89990234375,1657381
2026-01-12,2896.39990234375,2900.0,2808.0,2826.0,1743901
2026-01-13,2886.300048828125,2914.5,2870.800048828125,2900.0,1051986
2026-01-14,2813.89990234375,2884.0,2807.300048828125,2884.0,958254
2026-01-15,2813.89990234375,2813.89990234375,2813.89990234375,2813.89990234375,0
2026-01-16,2756.89990234375,2826.5,2750.5,2787.89990234375,1143463
2026-01-19,2754.0,2786.300048828125,2724.699951171875,2756.89990234375,1342048
2026-01-20,2675.60009765625,2740.10009765625,2669.300048828125,2740.0,911151
2026-01-21,2661.10009765625,2688.0,2648.0,2670.0,914318
2026-01-22,2703.800048828125,2729.89990234375,2665.300048828125,2665.300048828125,1290346
2026-01-23,2703.699951171875,2782.89990234375,2690.800048828125,2703.800048828125,1786635
2026-01-27,2622.800048828125,2734.699951171875,2546.0,2719.89990234375,3818761
2026-01-28,2511.800048828125,2548.5,2451.0,2535.0,3430002
2026-01-29,2416.0,2514.89990234375,2410.0,2511.800048828125,3488159
2026-01-30,2428.300048828125,2445.0,2400.5,2417.0,2048843
2026-02-02,2402.0,2429.5,2372.0,2374.89990234375,1183482
2026-02-03,2426.0,2525.0,2391.0,2525.0,2233860
2026-02-04,2452.699951171875,2463.800048828125,2417.10009765625,2430.0,970973
2026-02-05,2432.10009765625,2455.800048828125,2402.60009765625,2445.0,1047405
2026-02-06,2401.10009765625,2444.0,2386.10009765625,2432.0,1043982
2026-02-09,2417.39990234375,2426.199951171875,2396.800048828125,2404.0,669839
2026-02-10,2393.60009765625,2420.0,2386.89990234375,2419.0,1513620
2026-02-11,2392.5,2405.699951171875,2376.300048828125,2399.0,3177710
2026-02-12,2410.5,2413.89990234375,2377.0,2398.0,607767
2026-02-13,2366.39990234375,2411.800048828125,2360.10009765625,2408.89990234375,675635
2026-02-16,2397.199951171875,2405.10009765625,2356.800048828125,2360.0,683108
2026-02-17,2437.39990234375,2452.39990234375,2399.5,2399.5,1004356
2026-02-18,2432.10009765625,2448.199951171875,2416.5,2440.0,551809
2026-02-19,2400.800048828125,2428.0,2391.10009765625,2420.0,971600
2026-02-20,2428.10009765625,2435.699951171875,2376.10009765625,2378.199951171875,790329
2026-02-23,2429.699951171875,2446.60009765625,2411.5,2424.699951171875,634365
2026-02-24,2413.10009765625,2441.5,2403.699951171875,2413.0,499660
2026-02-25,2416.39990234375,2427.89990234375,2400.0,2416.0,526764
2026-02-26,2394.89990234375,2422.199951171875,2382.0,2416.10009765625,588742
2026-02-27,2376.199951171875,2397.60009765625,2359.0,2385.0,2531619
2026-03-02,2307.10009765625,2337.89990234375,2283.5,2300.0,2528308
2026-03-04,2285.199951171875,2290.89990234375,2216.300048828125,2260.699951171875,1610358
2026-03-05,2287.800048828125,2313.0,2253.699951171875,2285.199951171875,925040
2026-03-06,2279.5,2307.89990234375,2253.699951171875,2261.699951171875,979659
