Date,Close,High,Low,Open,Volume
2021-03-08,44.769901275634766,46.51378400081413,44.5075479562842,45.68042348927066,34685358
2021-03-09,43.21120071411133,45.49522191871978,42.979712126242035,45.07854528634347,37113744
2021-03-10,43.13404846191406,44.02913833505455,42.917992163837525,43.64332276015294,24247668
2021-03-12,43.22664260864258,44.291488141926166,42.97971811707731,43.90567259762097,39599325
2021-03-15,42.31612014770508,43.627886630410956,41.174109394843725,43.627886630410956,30156603
2021-03-16,42.54761505126953,42.76367136249644,41.82228087857001,42.43958512953782,29273370
2021-03-17,41.3129997253418,42.73279962127193,41.00434941695835,42.43957811945992,35855832
2021-03-18,40.06297302246094,41.8222848289299,39.52283395949263,41.467337411968025,45353232
2021-03-19,39.49197006225586,40.14013553786263,38.5814441568607,39.63086115035577,56393928
2021-03-22,39.49197006225586,40.72657517321748,39.30677841255238,39.72345874132597,38945382
2021-03-23,39.507572174072266,40.4905797544257,39.36714098917318,39.91325551796656,38253711
2021-03-24,38.21249008178711,39.538772096194364,37.94723439316822,39.47635626198599,32029023
2021-03-25,37.2138786315918,38.493347844555935,36.152852333135066,38.274901358735804,60718449
2021-03-26,38.19688034057617,38.77420081409005,37.43231953978594,37.44792260278295,36092943
2021-03-30,39.25791931152344,39.61679344905707,38.35292707667104,38.69619814610814,42697440
2021-03-31,39.03947067260742,39.6323943707916,38.85223029427599,39.257917185441904,24134520
2021-04-01,39.351531982421875,39.63239073852201,38.7898144702216,39.32032585077884,30019032
2021-04-05,41.00548553466797,41.192725912167724,39.008260793525814,39.585584993207306,61276776
2021-04-06,40.86505126953125,42.11331429722297,40.19410877611177,41.28633758609981,61173012
2021-04-07,40.97427749633789,41.95728496839243,40.8806555262818,41.177120931594274,38346498
2021-04-08,40.584197998046875,41.70763675871985,40.41256067749507,41.3019498451659,25322349
2021-04-09,40.537384033203125,41.05229236307694,40.25652526884586,40.88065506268135,15591087
2021-04-12,38.04085159301758,40.10048834571275,37.60395862384169,39.91324799159269,35499102
2021-04-13,39.195499420166016,39.382739789301766,37.962839311267935,38.10327048094799,19430589
2021-04-15,40.100486755371094,40.474967448759706,38.82101760036638,39.00825437574812,42679908
2021-04-16,39.9444580078125,40.412557152992434,39.19550008978722,40.02247691288453,21451458
2021-04-19,38.50895309448242,39.46075798968114,38.1188728679916,38.72739959269498,30034584
2021-04-20,38.78981018066406,39.83522976034967,38.58696677610288,38.96144388572069,26634339
2021-04-22,39.335933685302734,39.53877713688604,38.24370108882082,38.415338404977966,23128215
2021-04-23,39.601192474365234,40.256532083002405,39.11749019517642,39.27352445570343,27613263
2021-04-26,40.365745544433594,40.47497057649262,39.85083722971876,39.944455624644064,16704927
2021-04-27,40.31894302368164,40.59980182627985,40.05368728948813,40.27213381846751,19097265
2021-04-28,40.19410705566406,40.740221437282486,40.0068667166967,40.69341224536875,19394331
2021-04-29,40.52177810668945,40.95867107432394,40.303331622872214,40.56858730222614,16660074
2021-04-30,41.11469650268555,42.58140944235172,39.88203665359288,39.99126166728132,53187741
2021-05-03,40.6466064453125,41.45798019606337,40.209717007961686,40.88065601628863,19524450
2021-05-04,41.4423828125,42.83107736214717,40.74023400328447,41.005489743924095,52932507
2021-05-05,43.018314361572266,43.22115423974389,41.348757563038355,41.69203219180143,51816273
2021-05-06,44.438209533691406,44.656656024168406,42.87787796904326,43.59562970309259,61565505
2021-05-07,43.033912658691406,44.75027489830339,42.84667229751433,44.5474314713043,32525013
2021-05-10,45.17156219482422,45.5304362592022,43.26795970458523,43.37718115899642,67119504
2021-05-11,46.35741424560547,46.7318913850826,44.14174682548485,44.54743009564235,70482693
2021-05-12,45.826900482177734,48.55747605819244,45.49922898456344,47.574468707974646,136024881
2021-05-14,44.73467254638672,46.40422561517648,44.48501991793745,46.123366854585164,47657991
2021-05-17,46.23258590698242,46.52905128950295,44.90630750351973,45.09354428661137,51486270
2021-05-18,48.245418548583984,48.37024308379249,46.59146845787966,46.96594563481826,97548693
2021-05-19,48.41705322265625,49.275232569482064,47.76171373451284,48.15179752845096,83953914
2021-05-20,48.93195724487305,49.52488441670003,47.746106472531665,48.666701573978436,67499931
2021-05-21,49.181617736816406,49.61851076056883,48.76032778024706,49.462476517424925,58163772
2021-05-24,48.947566986083984,49.9305744803398,48.74472354624638,49.41566613299752,74623869
2021-05-25,46.56025314331055,49.259622469375884,46.43542506140259,49.259622469375884,53594838
2021-05-26,46.73189163208008,48.120589453885366,46.49784207942755,46.809910530506095,45070683
2021-05-27,46.35741424560547,47.10637209587246,44.37579637690033,47.05956289985191,360249207
2021-05-28,45.20277404785156,46.68508683041439,45.06234287451575,46.341815787490205,44625315
2021-05-31,45.374412536621094,45.62406518469831,44.84390110587115,45.42122173851435,29061186
2021-06-01,45.858116149902344,47.746115920433226,45.5616507196686,47.746115920433226,74882883
2021-06-02,46.91912841796875,47.12197182433981,45.56164040162492,45.63965929411378,24742749
2021-06-03,47.184383392333984,47.41843290604336,46.560250165338275,47.19998288384831,26792298
2021-06-04,47.68370056152344,47.8085250955906,47.0751702440068,47.3092198166958,23574183
2021-06-07,47.83972930908203,48.13619113690626,47.55887054738997,47.746110912288984,16889640
2021-06-08,47.730506896972656,47.99576258725758,46.26379371052537,47.93335032397003,31918326
2021-06-09,47.02835464477539,48.526270277644535,46.66947701553717,47.87093084902207,31016931
2021-06-10,47.449642181396484,47.730500902228655,46.84111197683311,47.106367633803075,17381064
2021-06-11,48.07378005981445,48.37024189496138,46.85672301487858,47.43404361865486,25835898
2021-06-14,47.35602569580078,47.85533093967834,46.04535032345041,47.746109480029475,26533281
2021-06-15,47.02835464477539,47.71490020266856,46.82551123320326,47.434037896607094,22951029
2021-06-16,46.71629333496094,47.27801084719455,46.263793712171584,46.80991172989559,19709055
2021-06-17,45.60845184326172,46.73188672087834,45.14035278715067,46.24818817229679,22419540
2021-06-18,45.62405776977539,45.87371037727851,43.845279816417104,45.733279223108745,34091544
2021-06-21,46.56025314331055,46.80990573581406,44.313376239466514,44.313376239466514,23199468
2021-06-22,47.24680709838867,47.43404389770105,46.497845615887044,46.8099140907004,28261329
2021-06-23,52.583133697509766,53.051232831738716,47.59007745617199,48.40145119353575,363893778
2021-06-24,53.41010665893555,54.143461440294935,52.05261855306674,52.723561073369005,169690515
2021-06-25,54.61156463623047,54.892423403362166,53.316492265612595,53.410110664218834,71399592
2021-06-28,54.22148132324219,55.26690464036717,53.987431753296356,54.97044280411926,38881053
2021-06-29,54.50234603881836,54.87682322425932,53.8470065001552,54.12786528206422,49605246
2021-06-30,55.54776382446289,55.82862259623068,54.549153270927185,54.87682124277077,43091670
2021-07-01,57.62300109863281,58.01308489002424,55.26690242695938,55.485348921581036,87835578
2021-07-02,56.37474060058594,57.872656429725666,56.24991249583444,57.872656429725666,40351092
2021-07-05,55.922245025634766,56.796027481477275,55.73500465248527,56.577584546001454,22985568
2021-07-06,56.49956512451172,56.85844280071294,55.672591876682056,55.703798010036415,41588856
2021-07-07,57.07688522338867,57.23291587900121,55.828618550611594,56.20309926670728,17834940
2021-07-08,56.37474060058594,58.481186744177265,55.89103839088584,57.35774808666595,44887437
2021-07-09,56.437156677246094,57.01448089731189,56.234313225402076,56.37474440631356,18512454
2021-07-12,57.37335205078125,57.7166266657326,56.48396295086823,56.48396295086823,18021216
2021-07-13,56.686805725097656,57.6698132149858,56.21870658026396,57.4201605758287,15530661
2021-07-14,57.46696853637695,57.623002771726576,56.4215488020795,56.51516720050149,18423249
2021-07-15,56.15629577636719,57.54499018030827,56.000261533586375,57.466971273261294,14669931
2021-07-16,56.06267166137695,56.546377438395474,55.76620982559587,56.32792736405614,21219636
2021-07-19,58.04429626464844,58.59041076487272,55.438544731093344,56.01586536603751,45407127
2021-07-20,56.546382904052734,58.27834845780762,56.249917468302904,58.247142321689395,21901098
2021-07-22,57.576194763183594,57.65421009681526,56.79602714161468,56.8272368463804,14278368
2021-07-23,56.99887466430664,57.794645409618404,56.67120666826335,57.4825804814194,12770211
2021-07-26,57.607391357421875,57.73221587056284,56.234300284996465,56.998861141922276,13753260
2021-07-27,57.12369918823242,57.81024484417248,56.73361537401489,57.60740140363189,14436747
2021-07-28,59.276954650878906,59.79186300081912,56.9520619713907,57.10809621158683,48274629
2021-07-29,58.91807174682617,59.823063776518026,58.65281607800486,59.589014236815395,27425199
2021-07-30,57.62300109863281,58.808851967444845,56.95205854881723,58.808851967444845,28756776
2021-08-02,57.357749938964844,58.35636052397358,57.24852846867902,57.73222712268654,21084204
2021-08-03,56.874046325683594,57.70101958017704,56.65559981912978,57.357748539199946,17656980
2021-08-04,54.75199508666992,57.66981132734844,54.54915165437301,56.95205956685096,38353227
2021-08-05,55.110870361328125,55.891037974762085,54.33070631920718,54.92362999125145,33065568
2021-08-06,54.736385345458984,56.10947643409037,54.61155725953226,55.20448441788729,23813595
2021-08-09,53.41010665893555,53.95622108581084,50.66392431666937,51.49090106092717,110821485
2021-08-10,52.81718444824219,54.36191305433983,52.3334858080999,53.41011169816557,32690748
2021-08-11,53.75337600708008,53.89380716143722,51.58451786046762,52.81717783486605,27235548
2021-08-12,54.252689361572266,54.377513890342996,53.051231844276565,53.644159069876245,17966661
2021-08-13,54.455528259277344,54.7988028499613,53.84700154963927,54.36190986435236,27821241
2021-08-16,54.40871047973633,54.78319114299378,53.81578692944302,54.34629822629751,12560913
2021-08-17,54.93922805786133,55.07965563502546,53.76898039159796,54.33069784287939,18039039
2021-08-18,54.33070755004883,56.74921863533333,54.0654518411447,54.9548409406729,34210602
2021-08-20,53.378902435302734,54.58035636013647,53.14485287666466,53.64415812558417,15542163
2021-08-23,54.65837097167969,55.20448898220755,52.785974527156256,53.80019164881498,26688300
2021-08-24,55.438541412353516,55.688194046480696,54.424324238105946,54.611564606529576,14925912
2021-08-25,56.15629577636719,56.34353615344153,55.32931893233599,55.32931893233599,16571559
2021-08-26,56.57759094238281,56.858449748203014,55.984663622261515,56.281125496665425,21301485
2021-08-27,57.82584762573242,58.044294132058894,56.577584426233365,56.63999669338005,28167945
2021-08-30,57.43575668334961,58.278336470484064,57.326535229401685,57.70101235710718,13619223
2021-08-31,58.247127532958984,58.4811770657347,57.31092940185611,57.38894472234386,21603702
2021-09-01,59.24574661254883,60.0259142171366,58.215929945773574,58.418773380113876,26940252
2021-09-02,59.33936309814453,60.057118414049555,59.21453857107434,59.526603460062674,25664589
2021-09-03,61.9763298034668,62.27279167099315,59.46420010663355,59.91669622769064,52170660
2021-09-06,60.993324279785156,63.31821352901981,60.774874187468555,62.803308719151524,36365391
2021-09-07,60.63443374633789,61.789082017684805,60.33797193143139,60.99331496567912,15882570
2021-09-08,61.50822067260742,62.22597598004993,60.618835213779825,61.16495322721161,19285563
2021-09-09,61.49263000488281,62.17917213684644,61.00892418481905,61.39901159724595,11581218
2021-09-13,61.320980072021484,61.99192256934075,61.05572440030226,61.63304850924271,10518984
2021-09-14,63.55027389526367,64.05264711905734,61.13260140828536,61.36808908151719,29010315
2021-09-15,65.24578094482422,65.55976690518739,63.644467638650404,64.00554682183427,35238519
2021-09-16,64.5393295288086,65.62257445965363,64.28814646456323,65.27719774631626,12378501
2021-09-17,64.46082305908203,65.10449028765301,63.01649922418364,64.63351496787064,16039149
2021-09-20,63.29907989501953,64.66491262978384,63.12638798680146,63.58166796056057,12243591
2021-09-21,64.19393157958984,65.0730863866465,63.299074242955,63.299074242955,20777913
2021-09-22,64.66490936279297,64.94749022754446,63.9898442950065,64.17823153817416,9672642
2021-09-23,65.13589477539062,66.15633661416588,64.85330668022941,64.99460072781002,19379646
2021-09-24,64.52362060546875,66.09353598625312,63.92705376688255,65.30858188911756,17282355
2021-09-27,64.05265045166016,65.84235829864167,63.66017337135803,64.71201309640995,10315860
2021-09-28,66.04644012451172,66.70580268958814,64.09974311793916,64.366628650138,29934006
2021-09-29,64.41372680664062,66.69011245673845,63.95845398852917,66.21913710658215,27378225
2021-09-30,63.72296142578125,65.16728524304403,63.330477206412915,64.68060739817197,34237251
2021-10-01,63.34617614746094,64.13113735520132,62.529817066331944,62.796702583391415,22069932
2021-10-04,64.61781311035156,64.71200673798721,63.34618117098752,63.42467945394046,16627587
2021-10-05,64.6335220336914,65.19869104191265,64.22534242038888,64.93180547729389,18733530
2021-10-06,62.57692337036133,65.46557111357384,62.16874379130754,64.64921195546628,15618651
2021-10-07,63.77005386352539,63.98984617351932,62.95370193265434,63.11069130656937,7587423
2021-10-08,62.84381103515625,63.94275111752432,62.60832336132641,63.738661321104225,9881742
2021-10-11,65.49696350097656,66.25052684323352,62.843803645987194,62.843803645987194,21749220
2021-10-12,66.01504516601562,66.47031796934743,64.22533745621872,65.52836729961362,18331041
2021-10-13,65.5126724243164,67.17678145330402,65.02599455442493,66.28193118524615,16863453
2021-10-14,66.10923767089844,66.76860025388834,65.63826234404475,65.71675344084491,15404877
2021-10-18,68.18152618408203,69.54735894285666,64.36663035129318,64.44512144803537,40084623
2021-10-19,64.9474868774414,68.82518518464852,64.60211028278248,68.82518518464852,15424062
2021-10-20,64.30382537841797,65.99933937480348,63.69156322254097,64.94749259581408,16082943
2021-10-21,64.1782455444336,64.99460481601439,63.754370561543546,64.63352559455143,15707487
2021-10-22,63.25197219848633,64.96318117152558,62.79669232892812,64.39801235630797,10288875
2021-10-25,63.20487594604492,63.58165757639258,60.834304397607966,63.58165757639258,13207770
2021-10-26,64.743408203125,65.0730966978968,63.142094885005676,63.20489064024406,9505146
2021-10-27,65.01029205322266,65.85804909976116,64.69631328525531,64.82190479244225,9492999
2021-10-28,62.890899658203125,65.26147875508005,62.76530815774985,65.01028856766052,11429706
2021-10-29,64.9474868774414,68.71528903854635,57.60027697519416,62.105939913747996,95295024
2021-11-01,62.96940231323242,65.55976671583484,61.63497456194172,65.21438287908425,23954010
2021-11-02,62.985111236572266,63.92706202401248,61.93326427419359,63.42468874981198,19613109
2021-11-03,62.906593322753906,64.75909643939373,62.62400530004996,63.408966440273865,25307715
2021-11-04,63.37757873535156,63.51887276936711,63.2048868256118,63.48747489364289,1434759
2021-11-08,66.70580291748047,66.97268845059108,63.28338420670136,63.28338420670136,35893830
2021-11-09,69.32756805419922,70.3951102332264,66.7058058283452,66.7058058283452,51756600
2021-11-10,68.98218536376953,69.51596364861147,68.74669769177086,69.35896707627008,15949584
2021-11-11,70.11251831054688,70.64628931606664,68.91937762616985,68.99787589869175,23431827
2021-11-12,70.20671081542969,71.58823870819747,69.7357355607705,70.80327755492812,23132022
2021-11-15,69.90843963623047,70.960286471459,69.31187279270343,70.56780223312737,8602539
2021-11-16,68.38561248779297,70.33230944665091,68.04022868287898,69.84563880019282,8030718
2021-11-17,67.64775848388672,68.38561938649345,66.89419504923949,68.35422150892593,18084606
2021-11-18,65.5754623413086,68.29141796704278,65.43416831510872,67.67914864451846,28766142
2021-11-22,63.73866271972656,66.06214163159945,63.03219968273508,65.90515224110588,17243226
2021-11-23,66.25053405761719,66.45462385226487,63.64446713615957,63.89565733976958,17089326
2021-11-24,65.41847229003906,66.86279619662265,64.99459735580224,66.59591064793403,11478315
2021-11-25,66.4546127319336,66.75289610807859,64.5707116729023,65.4184614002566,9875469
2021-11-26,62.23154067993164,66.04644381136505,61.729167462660115,65.46557230853087,22881369
2021-11-29,61.933258056640625,63.20489005472143,59.28009789657315,61.61927209684392,14850591
2021-11-30,63.97414779663086,64.46082566713615,61.917554525503995,61.93325705717148,32274063
2021-12-01,64.6335220336914,64.77480889586133,63.26768914510007,64.05265049272137,14136084
2021-12-02,64.64920806884766,64.93179612551556,63.50316768471443,64.08403914202466,13228377
2021-12-03,64.88470458984375,65.87375573686485,64.55502326967465,64.6335215598154,12481431
2021-12-06,65.261474609375,66.31332132513553,64.88469294543708,64.88469294543708,14751723
2021-12-07,66.0621337890625,67.41226394656793,65.37137336638051,65.74815504534924,23275224
2021-12-08,65.60686492919922,66.86279435196207,65.40277514036045,66.26622751682405,9462426
2021-12-09,65.2300796508789,65.73245282973909,64.11543713907614,64.71200394150145,12294123
2021-12-10,64.5393295288086,66.20344607549319,64.39804264842796,65.18299691070949,18276354
2021-12-13,65.60686492919922,66.3761236769326,64.7434053662224,64.93179981019608,27024840
2021-12-14,65.87374877929688,66.84709729087949,65.51266961851132,65.74815727754765,19438713
2021-12-15,65.30857849121094,66.046439328576,64.80620530803714,65.77955379959344,14031681
2021-12-16,65.05738830566406,66.18772617116468,64.53931259184375,65.62255723841437,23209956
2021-12-17,63.20487594604492,65.35566240224432,62.89089005633656,65.23007092096573,12549333
2021-12-20,61.3052864074707,63.079291429185695,60.17494139162928,63.079291429185695,16835343
2021-12-21,62.63972091674805,63.25199030286105,61.35238639002532,61.35238639002532,10884186
2021-12-22,63.8642578125,64.11544082310648,62.953705026025006,62.953705026025006,8943987
2021-12-23,65.5911636352539,65.85804918161452,64.17823761810475,64.17823761810475,8703837
2021-12-24,64.0683364868164,65.528362799237,63.55026796595085,65.37137342723423,9183225
2021-12-27,64.97888946533203,65.13588602444649,63.26768015117928,64.05264138721311,8676960
2021-12-28,65.01029205322266,65.65395930732572,64.5236213696166,65.55976567693551,10372101
2021-12-29,65.84234619140625,66.8470925065147,64.96319136905822,64.96319136905822,24965061
2021-12-30,65.92082977294922,66.69009554477117,64.36661726077757,65.87373656178409,42195855
2021-12-31,65.92082977294922,66.87848276245509,65.49695493990453,65.93653230101206,12683187
2022-01-03,66.32901763916016,66.62730103141023,65.77955125828377,65.8580423489732,8974341
2022-01-04,67.86753845214844,68.77808392227521,66.31331864284118,66.72149816338751,31336737
2022-01-05,66.9726791381836,68.10302405052093,66.75289404180555,67.74193775527473,11957511
2022-01-06,66.53311157226562,66.92559579631273,66.12493200370395,66.25053069238581,8820915
2022-01-07,65.32427215576172,67.17677546686967,65.15158025559326,66.53310827042823,12974964
2022-01-10,66.20343017578125,66.40751995972288,65.30857994454622,65.60686335495791,9408897
2022-01-11,66.07783508300781,66.61160612384485,65.48126110809055,66.25052698207497,10022118
2022-01-12,66.12493133544922,66.54881343075479,65.5597623948881,66.25053002286178,7794744
2022-01-13,65.79524993896484,66.65870228593123,65.07309162352354,66.53311078524804,12144687
2022-01-14,69.10777282714844,69.73573745491328,65.43416430372278,65.65394940816118,27463650
2022-01-17,67.97743225097656,69.95552706435683,67.7576471323844,69.70434407168008,28842888
2022-01-18,65.41847229003906,68.60541071551795,65.18298461846007,68.54260777478525,17939775
2022-01-19,65.35567474365234,66.06213773901688,64.36663086204994,65.6696606926521,30378717
2022-01-20,66.6744155883789,66.81570964273078,65.13589789691524,65.62256863394332,20278191
2022-01-21,64.97888946533203,66.45461831383874,64.36662731892922,66.37612003428151,17723898
2022-01-24,61.94894790649414,65.5440656270252,61.242484949507684,64.97888951222578,20025537
2022-01-25,64.11543273925781,64.52361226654222,60.97559519696333,61.63496488969671,29718342
2022-01-27,64.3352279663086,64.77479819949407,62.21583914557166,63.3932773793144,23800311
2022-01-28,65.02598571777344,66.250524305405,64.47651216898815,64.91608957071391,24666333
2022-01-31,65.84234619140625,68.99787915934334,65.19867901124029,67.41226141044913,53776260
2022-02-01,65.12017822265625,66.70579591037693,63.8485464412355,66.45461293454677,29395494
2022-02-02,66.17204284667969,66.62731570710206,65.46557975578986,65.79526109423561,30206025
2022-02-03,65.2928695678711,66.39180945099773,65.16727808100225,66.25052262152639,11555226
2022-02-04,64.30382537841797,65.8109521247664,64.16253853414662,65.76385171900066,17933076
2022-02-07,63.456085205078125,64.61782112978868,62.67112383767001,64.33524021181185,18325029
2022-02-08,62.63972091674805,64.02124907521582,61.66637234902228,63.48747797548041,26278878
2022-02-09,64.09497833251953,64.30061423593064,62.67134849703768,63.08262030385987,15305202
2022-02-10,64.15826416015625,64.775172008428,63.430634832161935,64.20572139500693,12104241
2022-02-11,63.38315200805664,64.42714558467031,63.224973357343806,63.541330658769475,11505933
2022-02-14,61.9753532409668,63.082618444497406,61.010445224023755,62.32334632490434,31961610
2022-02-15,62.94025421142578,63.0826186394088,60.93135245455189,62.070260637460464,10746255
2022-02-16,62.956085205078125,63.69953595129165,62.1809914781301,63.19335687389003,13420629
2022-02-17,63.58880615234375,64.7435287368456,62.78208394039339,63.03516985428061,19166469
2022-02-18,63.27243423461914,63.77861324507493,62.95607687868161,63.27243423461914,10616886
2022-02-21,62.68716812133789,63.8577047943693,62.27589632674547,62.63971089851739,10470885
2022-02-22,62.43408203125,63.304075700260384,61.16863077008877,61.69063131606883,20409699
2022-02-23,62.956085205078125,63.4464427921125,62.449906127676506,62.449906127676506,10145349
2022-02-24,59.42863082885742,62.244258192187225,59.159723472137934,61.91207212716143,24915339
2022-02-25,63.319889068603516,63.636253653556224,60.70990115537117,61.010444252646295,22461840
2022-02-28,66.57842254638672,66.91060138877818,62.070261459908764,62.339168831459524,35587689
2022-03-02,68.33423614501953,69.47313718438737,65.66097648351085,65.66097648351085,51608091
2022-03-03,68.03369140625,69.58386424008015,67.2744192373361,68.96695650795712,28625697
2022-03-04,67.98622131347656,71.10238788033824,67.24277077422299,67.70149973473639,46128378
2022-03-07,67.78060150146484,69.09350999118557,65.34461343473713,67.32187967321764,38244033
2022-03-08,67.3851547241211,68.88787772434412,65.86661747430408,68.47660586150596,20461842
2022-03-09,70.37477111816406,71.29222195847109,67.4484184260349,67.82805450494746,30245265
2022-03-10,68.5715103149414,71.65604192080382,68.2235099464352,71.29222730334178,37328694
2022-03-11,67.95460510253906,69.22005642775054,67.73315492212934,69.04605623695025,29348391
2022-03-14,66.37278747558594,68.36586779581131,66.1829658197347,68.3342320599954,28491564
2022-03-15,65.02824401855469,66.48351684464603,64.30061484646488,65.80333765628268,23328489
2022-03-16,66.11968994140625,66.40441878572881,65.36042509147158,66.08805420769878,23656146
2022-03-17,66.24624633789062,67.00551125912229,65.48697417570298,66.49933223131585,36269526
2022-03-21,66.08806610107422,67.82806073194028,65.45534407210319,66.43606647543875,38413833
2022-03-22,66.37278747558594,66.64169485049905,64.85425043355498,66.21460155555062,19632078
2022-03-23,65.613525390625,67.66988473861453,65.43952519649073,67.66988473861453,33279774
2022-03-24,66.1233901977539,66.61732737774892,65.0877274648319,65.6135235601149,15609300
2022-03-25,65.6453857421875,66.34645688450223,65.31078692140422,66.31459067746131,22413369
2022-03-28,65.3426513671875,65.90032091593295,64.86465098075057,65.64538397276995,13461477
2022-03-29,66.09152221679688,66.47392400820058,65.48605696840372,65.64538800911046,12104067
2022-03-30,66.42611694335938,67.52551929055106,66.17118729398568,67.52551929055106,22181898
2022-03-31,67.17498779296875,67.66892495907352,65.88438813066693,66.98379054437126,21738033
2022-04-01,68.54524230957031,69.15071472444983,66.99971330519085,67.22277671531047,45845880
2022-04-04,69.93146514892578,70.21826103390485,68.7683302700189,69.31006312424273,29426580
2022-04-05,69.66059112548828,71.2857895109357,69.31005556614224,70.55285947998345,29299197
2022-04-06,70.10671997070312,70.42538200613882,69.21445168407026,69.4693813124188,27765654
2022-04-07,74.6795883178711,75.81085676049001,70.60064868383253,70.74405024442059,162897504
2022-04-08,76.35260009765625,77.1811287856526,74.87079592220208,76.06579693669501,86792331
2022-04-11,77.7387924194336,79.0931243678483,76.81465788589567,77.06959481991264,53098242
2022-04-12,77.24486541748047,78.51952825302885,75.66746268243959,77.73879526048601,34166946
2022-04-13,78.74259948730469,79.74639592960852,77.77066195769827,77.77066195769827,35185764
2022-04-18,81.24412536621094,81.6743300712815,77.83439039895869,78.39205992314346,58066713
2022-04-19,79.76234436035156,82.69407954114634,79.04534367068844,81.26007816182009,39192846
2022-04-20,80.71833038330078,81.45126039638284,79.85792825575098,80.52712585845258,31402827
2022-04-21,80.59085845947266,82.4391200787254,80.27218914195022,81.08478824324091,32102493
2022-04-22,80.1925277709961,81.7858672195191,79.93759812720482,80.44746470849427,14025423
2022-04-25,78.32832336425781,79.6667257751773,77.35638593573208,79.6667257751773,15988692
2022-04-26,79.8260726928711,80.75020735400581,78.71074077510484,78.72667023297024,16455561
2022-04-27,78.5513916015625,79.33212456570256,77.38825688318673,78.88599040137869,13818495
2022-04-28,78.59920501708984,79.6667412624164,77.59540119033386,79.6667412624164,9256521
2022-04-29,76.01799011230469,79.61892972322717,75.4443911132632,78.94973210662994,21932493
2022-05-02,75.89051818847656,76.28885666491692,74.47245392647484,74.88672185749726,13942155
2022-05-04,73.6758041381836,76.4322715453027,72.91100047560674,76.16140510099595,16041333
2022-05-05,74.85485076904297,75.97018238412724,73.93071635870257,74.83891402179474,18857412
2022-05-06,72.703857421875,74.64772505956738,72.41705428938488,74.01038638596857,16795458
2022-05-09,71.85938262939453,72.38518592536951,70.58471990764144,71.700051612602,23472795
2022-05-10,71.03086853027344,73.10220134570923,70.77593155772193,71.70006623094577,13234959
2022-05-11,69.7880630493164,71.76379719511318,68.75239301575044,71.66819856748582,17541396
2022-05-12,69.56497955322266,71.1105159448419,68.879852533825,70.10671959799622,23454804
2022-05-13,69.70838928222656,71.92312349788568,69.18259321809795,70.23419264006245,12118287
2022-05-16,72.28959655761719,72.5126600096457,68.92765697066808,69.72432674389889,15258537
2022-05-17,74.16973114013672,74.53619616836073,72.06652500460518,72.91099043267172,17055900
2022-05-18,74.28125762939453,75.60373072272716,73.93072935905874,74.72739181261991,18878982
2022-05-19,72.49673461914062,73.54833411081704,71.44512783375646,73.13406609724892,11176905
2022-05-20,74.87078857421875,75.95425410937001,73.1499843647495,73.61205526831537,17729133
2022-05-23,73.73954010009766,76.54381060585386,73.38900446345097,75.28507695830473,15413691
2022-05-24,73.81920623779297,74.36093913008432,69.81993467526227,70.10673787410278,36815832
2022-05-25,72.1302719116211,75.03014110041185,71.85940545019996,73.93074579484245,12376107
2022-05-26,72.01872253417969,73.14998371900913,70.93524971488625,72.40111698294686,11313504
2022-05-27,73.58019256591797,74.13786210906106,72.40112106790806,73.29338941945421,11187723
2022-05-30,73.50052642822266,74.9823305897352,72.97473036301717,74.53619639560816,8326164
2022-05-31,74.80706024169922,75.18946200838542,73.18186185041668,73.73952410369813,13674072
2022-06-01,78.42393493652344,78.9338015639554,74.80706558510931,74.99826283525596,34360020
2022-06-02,78.3124008178711,79.52333863603312,77.80253418225227,79.09313387573405,26049855
2022-06-03,77.19706726074219,79.01347030208939,77.03773621981964,78.71073767748278,11056728
2022-06-06,77.56352996826172,78.18493194972643,75.9383315186223,76.76686749390859,13057254
2022-06-07,78.32832336425781,79.20465488980571,77.16518871718917,78.39205577043879,28241430
2022-06-08,78.16899871826172,79.81013399224811,77.77066746315313,78.69480210171947,24623397
2022-06-09,78.24866485595703,78.8541300907604,77.46793183345639,78.13712948311198,6650814
2022-06-10,78.6151123046875,78.85411245378077,76.95804800803674,77.43604830622331,9887892
2022-06-13,75.04606628417969,77.43606839514082,74.83893228164922,77.43606839514082,13056528
2022-06-14,76.91026306152344,77.24486918353291,74.58399342672645,74.58399342672645,11702244
2022-06-15,76.52786254882812,77.64319432000646,76.11359458686584,77.46792654427573,9599067
2022-06-16,74.05819702148438,77.72286924684765,73.64392902878434,76.86246705383277,12906030
2022-06-17,74.7911148071289,76.04985532916281,72.91097969180613,73.29338141408819,20333781
2022-06-20,72.38519287109375,75.28506141721334,71.28579051546603,74.88673019015692,12914700
2022-06-21,73.37306213378906,74.05819653355476,72.73573069198433,73.24559730416958,12811437
2022-06-22,71.9709243774414,73.27746071225118,71.71598743423414,73.0225237690439,11056173
2022-06-23,72.30552673339844,72.75166093559864,71.71599094947186,72.27366052564896,9004842
2022-06-24,74.40872192382812,74.53618673600053,72.75165019076155,72.95878415739487,9668958
2022-06-27,76.49598693847656,76.89432543367238,74.7911194766619,74.88672538348116,14977953
2022-06-28,75.34878540039062,76.63938485012973,74.82298211278648,76.30478607333905,9497565
2022-06-29,75.23725891113281,75.74712551055185,74.6317936918928,74.85486443184891,20182623
2022-06-30,74.59992218017578,76.22512048267927,73.86698489292286,75.04605633465438,19573899
2022-07-01,73.22965240478516,75.04605519956694,72.41705326582414,74.24938551568209,15324042
2022-07-04,73.19779968261719,74.13787110386411,72.32146797453423,72.8791302916289,13538427
2022-07-05,73.03846740722656,74.85487050604824,72.6879318123978,73.8669961399476,14922519
2022-07-06,73.62797546386719,73.83510941291449,71.42917846574949,73.22964431279425,21103464
2022-07-07,75.41251373291016,75.7949154401765,73.64391404222249,73.77137884674264,19351467
2022-07-08,75.20539093017578,77.26079402951508,74.39279174030871,75.87459584054812,21179418
2022-07-11,74.80706024169922,75.97019499794509,74.50432763707053,75.1416590524095,10090566
2022-07-12,74.01038360595703,75.4603213755391,73.35711550159527,74.40872208542037,12953874
2022-07-13,74.39279174804688,74.98232749698916,73.61205876395375,73.89886191038703,12866319
2022-07-14,75.6515121459961,75.82677989502785,74.45651139687565,74.5680467451151,16879224
2022-07-15,78.23272705078125,78.61512149908872,75.65152076246639,75.68338696649201,24300105
2022-07-18,81.08480834960938,83.10834552429108,79.39587732346534,79.58707458516572,114055476
2022-07-19,81.30786895751953,82.42320076551616,80.31999468102524,80.81393181927238,30352653
2022-07-20,81.22820281982422,82.37540087684452,80.62273758382503,82.24793604688834,16157313
2022-07-21,85.62580108642578,86.00820285209203,81.06886798554854,81.26006522152815,56209248
2022-07-22,85.02033996582031,86.07193940167396,84.57420576671463,85.99227023599914,28925541
2022-07-25,86.05599975585938,87.44220526468646,85.41866833302483,85.94447168011565,27481563
2022-07-26,85.05220031738281,86.35873661721453,83.80939642821991,86.27906745702505,16387791
2022-07-27,87.04386138916016,87.26692480194237,85.33898676979021,85.48238832486038,26434413
2022-07-28,86.7889404296875,88.23887840719219,86.40653864379668,87.3147437970008,26787639
2022-07-29,87.69713592529297,88.04767149405309,86.67740271954281,87.31474144341708,14660187
2022-08-01,90.56513977050781,91.71234511586401,86.9642072851547,88.01580671478405,24181113
2022-08-02,89.86406707763672,91.4733359180106,88.9399325682508,91.10687092278881,32577612
2022-08-03,88.22293853759766,90.53327133454643,87.314740710208,90.18274306243701,15700254
2022-08-04,90.54920959472656,91.6167457664032,87.9361368513637,88.6690742017751,39839988
2022-08-05,87.99987030029297,90.8200695422811,85.16373430904129,90.78820333746076,80363784
2022-08-08,90.30680084228516,90.86751610073367,88.04793068714251,88.25619593550672,21774303
2022-08-10,92.08507537841797,92.37343759346486,89.95436601074252,90.290792261735,28967340
2022-08-11,92.10107421875,93.6390277387994,91.52434256542408,92.43750040539504,23053884
2022-08-12,93.27056121826172,93.60698740456806,92.02096985936294,92.27729911255018,13774848
2022-08-16,94.1196517944336,94.63230303925783,92.96618832696451,93.7191450719733,18326535
2022-08-17,93.35067749023438,94.74444644140874,93.11037199289109,94.60026167629441,12973041
2022-08-18,92.51760864257812,94.3599481883495,91.87679648177529,93.25454152747021,16134525
2022-08-19,91.34812927246094,93.62302327053327,90.78741400057982,92.75792201302981,17598678
2022-08-22,92.6297607421875,92.99822721481767,90.61118870324952,91.31608873806387,18811092
2022-08-23,95.62554931640625,95.99402306642364,91.92484669823492,92.05300765465454,30535758
2022-08-24,94.21577453613281,96.41057166257576,93.3987372847975,96.12220212279058,20796507
2022-08-25,95.06485748291016,95.89791117354069,94.53618244829106,94.69638367080812,22580238
2022-08-26,97.83636474609375,98.65340186248446,95.3211655836883,95.3211655836883,31345068
2022-08-29,98.95780944824219,99.74280649645262,96.33047253858982,96.69893904416972,27834195
2022-08-30,98.20484161376953,99.91902029521526,97.13148246447247,99.74279529055146,25458348
2022-09-01,102.46627044677734,102.78668024561756,98.04465042378567,98.31699618606004,33768936
2022-09-02,103.98819732666016,105.63829552376383,102.69054913934642,102.85075035582292,37018653
2022-09-05,105.06156921386719,105.3819716632974,103.92412218453491,105.04554542462468,24073551
2022-09-06,104.34065246582031,106.95196542369638,104.068299384109,105.55819643797928,28364094
2022-09-07,105.49411010742188,105.6543113229041,104.37268693196314,104.58095217886083,14016204
2022-09-08,105.14165496826172,106.18298115192702,104.80522876539791,106.05482018579627,13824843
2022-09-09,105.14165496826172,106.63155186692583,104.99747021459403,105.41400068806016,16733637
2022-09-12,108.47390747070312,108.87441421588557,104.4688180182518,105.68636204370674,39074646
2022-09-13,107.59278106689453,109.45114453581598,107.35247557235368,109.09869452154494,18851928
2022-09-14,107.62482452392578,108.76227154318518,106.71165921728138,107.33645498845031,48838458
2022-09-15,106.79176330566406,110.20410435736996,104.38870829278439,110.20410435736996,25552945
2022-09-16,106.69564056396484,109.0986955316217,105.20574355060087,107.03206679272844,27675466
2022-09-19,106.21502685546875,109.33899823357078,105.7344158742223,107.99328601937236,18503444
2022-09-20,105.9266586303711,107.75298184817922,105.73441716893515,107.17625013032973,13735873
2022-09-21,104.24451446533203,106.26308636754884,103.47554132816772,106.11890161259888,16931740
2022-09-22,105.73442840576172,107.65687255859375,103.4274939556548,104.3887160320708,20701188
2022-09-23,102.51432037353516,106.69563430527693,101.98564537824562,106.26308736988828,15215768
2022-09-26,96.7950439453125,100.9283011148614,95.64158058027343,100.9283011148614,41567351
2022-09-27,95.88189697265625,97.90046175800376,94.63230540701433,97.32373000983905,28782718
2022-09-28,95.30516052246094,97.03535568159316,94.77648550149344,95.16097575914783,24892912
2022-09-29,95.16097259521484,96.79504696898881,94.53617686399251,96.02607381278872,74476855
2022-09-30,97.03534698486328,97.41983720805798,92.51760702956337,95.4973934256255,28502920
2022-10-03,94.63230895996094,99.00587227036993,94.29588270536232,97.51597514259306,21407465
2022-10-04,98.09270477294922,98.47718769333603,95.9780120431136,96.36250229704204,14768228
2022-10-06,100.59188079833984,100.92830702170386,98.42913136216048,98.95779904643489,20520361
2022-10-07,102.12982940673828,102.37013488769531,99.967080078125,101.12054345330223,20045623
2022-10-10,100.39962005615234,101.50502665869587,99.91900912752827,101.0244157300718,11511957
2022-10-11,99.0539321899414,101.31280247241139,98.57332117947793,100.92831219733219,11739022
2022-10-12,99.24617004394531,99.43841150770817,97.08342057567532,98.669438319115,6659580
2022-10-13,97.46790313720703,100.35156886710344,97.13147693542734,99.24616220393492,7795689
2022-10-14,96.89117431640625,99.58259134358667,96.55474077115997,99.00585964730097,7476515
2022-10-17,97.85240173339844,98.76555969251592,96.07413518110364,96.60281021019806,9943468
2022-10-18,101.84146118164062,102.7546264209283,98.09270149822623,98.38106367888967,21766333
2022-10-19,101.79341125488281,104.9654394543892,101.2166795216582,102.51432775479907,22878764
2022-10-20,103.81195831298828,104.9173648913625,102.41818958386905,102.65849504292689,25579790
2022-10-21,99.53453826904297,104.72513105805108,98.71749372490126,104.34064813556283,19880033
2022-10-24,100.7360610961914,101.26472875703537,100.30350682800126,100.54381231025978,3728536
2022-10-25,100.97636413574219,101.4089110599273,99.53453127707023,100.92830010703666,13217298
2022-10-27,103.66779327392578,104.67707932720968,101.12055345707662,101.5531077657163,29990758
2022-10-28,101.26473999023438,104.34065490447658,99.870970971942,103.81197985144587,20059496
2022-10-31,102.7065658569336,103.0429920791656,101.07249144406862,101.79340792036933,12793983
2022-11-01,104.29257202148438,106.11889502589595,102.61043376307333,103.1391087205617,26521676
2022-11-02,102.94686889648438,105.97471949152187,102.65850671295885,104.29258108689453,19881462
2022-11-03,105.68634796142578,107.84909729760945,102.37013524602733,102.65850475760168,34173239
2022-11-04,104.72512817382812,107.08012634368912,104.38870195914555,106.31114585280768,22356935
2022-11-07,105.39797973632812,106.02277541986489,104.58094261179895,105.15767426831714,15333789
2022-11-09,103.86003875732422,106.88788215328866,103.47554849533994,105.92666016509885,17033165
2022-11-10,102.56237030029297,104.29257259472784,100.63992656582795,103.86002568788956,12937603
2022-11-11,103.13911437988281,104.2445137149458,102.56237536423455,103.81196678675082,11075218
2022-11-14,102.46627044677734,103.47555654632149,101.36086360764384,103.13913029098755,10547759
2022-11-15,102.89881896972656,103.23524520607944,101.36085788889866,102.56238539983175,11675691
2022-11-16,104.100341796875,105.54217474512235,103.18717652952672,104.72513020761556,27372424
2022-11-17,106.3111572265625,107.03207376381343,103.90810210239272,104.00422284065107,26985734
2022-11-18,103.18716430664062,107.08011573919119,102.27400648100074,106.55144078737393,23962357
2022-11-21,101.6972885131836,103.04299341961745,100.44769700459018,102.94687268823527,16407321
2022-11-22,103.28330993652344,103.61974353257548,100.97638280300512,101.12056024869314,11999335
2022-11-23,102.75463104248047,104.86931646328921,102.22595602050743,103.81197375288484,21024176
2022-11-24,102.85075378417969,103.23524405008125,101.93759581951258,102.85075378417969,12820212
2022-11-25,102.99493408203125,103.81197127816031,102.51432310389163,103.13911884218145,8834584
2022-11-28,103.2352523803711,104.53290071564999,102.80269804624983,102.94688282429026,11289089
2022-11-29,102.0337142944336,103.7158527536754,101.1686130486866,103.7158527536754,8717535
2022-11-30,101.02442932128906,102.4182056019336,100.11127136746887,102.37014156918863,27869373
2022-12-01,100.11126708984375,102.2259524365126,99.82289757277915,101.55310000808382,19098551
2022-12-02,102.0337142944336,102.32207648732145,100.25545510422914,100.49576059840655,13020973
2022-12-05,103.28330993652344,103.42749471575395,100.9283187654141,102.22596711140379,17476086
2022-12-06,101.60115814208984,104.19646183174994,101.40891668368904,103.09105511209147,13880227
2022-12-07,101.60115814208984,102.99493438289107,101.36085265231807,102.12983315300437,11943855
2022-12-08,101.2166748046875,101.40891626228945,100.20738881842345,100.92830528474305,15789329
2022-12-09,101.6972885131836,102.75463122547093,100.44769700459018,101.88952997594794,12630851
2022-12-12,100.4957504272461,102.41819418609505,99.96707546014625,101.8895192189952,19335542
2022-12-13,101.07249450683594,101.31280000621808,100.35157800868951,101.02443047354276,7421330
2022-12-14,101.36084747314453,101.55309625526367,100.78411579386949,101.07248530027759,6168426
2022-12-15,99.24617004394531,101.55310427680833,98.76555905099643,101.16861401574086,10186774
2022-12-16,95.59351348876953,98.42912244842603,94.05555994013838,98.28493769902977,38364152
2022-12-19,96.55473327636719,96.9392234885598,93.95943717776345,95.59351141265604,22872344
2022-12-20,97.37179565429688,97.66015786637556,95.1609820273161,96.84312059850602,10478941
2022-12-21,95.35321044921875,98.23687617651619,94.6322940173944,97.90044997503972,11606766
2022-12-22,94.4400634765625,96.02608127646508,93.04629448080867,95.6415910017096,14577136
2022-12-23,92.80598449707031,95.30516016206057,92.27730947810201,95.11291136718953,23099245
2022-12-26,95.40127563476562,95.97800732050935,90.97965626600867,92.85403607806111,12096095
2022-12-27,96.36250305175781,97.03535550124619,94.58424386364568,95.9299560961641,10240049
2022-12-28,95.88189697265625,96.98730376787147,95.40128596026199,95.73771220222956,9470020
2022-12-29,95.06485748291016,95.92995875158599,94.48812574830689,94.68036721532735,11367064
2022-12-30,96.02606201171875,97.41983072785474,95.40126635728035,95.54545109808006,9236774
2023-01-02,96.36250305175781,97.27566099514084,96.02607682701363,96.50668781480294,6973552
2023-01-03,96.45862579345703,96.98730082446312,95.92995809599279,96.41056909380129,8833881
2023-01-04,94.92066192626953,96.98729046276488,94.63229242497583,96.79504168405539,8927128
2023-01-05,96.07412719726562,96.26637597984293,94.48811690886471,95.1609693140323,10448282
2023-01-06,95.11290740966797,96.60280434037385,94.8726019262342,95.92995192017585,7215940
2023-01-09,96.12220764160156,97.75628223809181,95.64159660339355,96.02608690066846,11920266
2023-01-10,95.30516052246094,96.21831846754114,94.48812330840892,96.12219773651296,10397112
2023-01-11,96.31443786621094,96.84311287986506,95.68964945639993,96.45862262752948,11130194
2023-01-12,95.54547119140625,96.6028139570637,95.0648601766945,96.55474992217569,9299447
2023-01-13,96.07412719726562,96.2183119508133,93.62301572111981,95.64158027016377,11684608
2023-01-16,98.1407699584961,99.00587127126414,96.31444659455073,96.55475210734507,16485682
2023-01-17,98.90973663330078,99.00585735820245,97.56402448405386,98.3810616460298,11762030
2023-01-18,98.71749114990234,99.96708261601918,98.14075944767207,99.10198139590302,13005273
2023-01-19,98.86167907714844,99.0058638407122,97.9004570981124,98.04464186167615,4842895
2023-01-20,97.85240173339844,99.39035545411612,97.6601529348451,98.90974445804548,7912700
2023-01-23,97.61209106445312,98.52524897519692,97.17953679077863,98.38106421730542,9725869
2023-01-24,96.74700164794922,97.90046518465141,96.26639061873291,97.61210296724701,10169994
2023-01-25,95.30516052246094,96.98729898284992,94.96873429709149,96.3144391985693,9232812
2023-01-27,90.64323425292969,96.07413248954549,88.86496775045379,95.73770626842953,24624255
2023-01-30,85.50069427490234,89.34558228876718,83.62631430156,89.34558228876718,62828817
2023-01-31,91.26802062988281,92.5176120902324,85.59681702832769,86.79834445807097,59004021
2023-02-01,87.42313385009766,93.47883509837013,85.59681800292672,93.23852960968537,44092961
2023-02-02,89.48976135253906,89.87425159612918,84.87590043008188,86.07742785783762,24502896
2023-02-03,90.21068572998047,90.73936077802894,88.14405690607568,89.77813875142597,15906920
2023-02-06,90.83547973632812,91.31609074022404,89.58588819278197,89.87425772853629,7015869
2023-02-07,90.78741455078125,91.4122103146281,90.11456208727964,90.83547858397787,10315670
2023-02-08,92.3734359741211,92.56568478099106,90.69129741510494,91.26802916863062,11577350
2023-02-09,92.08507537841797,92.95016935710088,91.84476986577444,92.61374310610839,6577385
2023-02-10,93.1007080078125,93.48762151704399,92.23015445698198,92.42361490147842,10685751
2023-02-13,91.55306243896484,94.01962225258374,91.35960199216869,93.10070911452677,13582939
2023-02-14,91.50469970703125,92.03670673558122,90.05377949799873,91.69816016275934,9624926
2023-02-15,91.55306243896484,91.6981559291216,90.34396232059437,90.97269585809931,11575131
2023-02-16,94.55162811279297,95.1803616426922,91.16614782230934,92.7621614352039,32927840
2023-02-17,93.29415893554688,95.42217949769487,93.0523389202865,94.35817290650148,20383244
2023-02-20,91.79489135742188,93.58435823005446,91.11779079766754,93.53599126872837,17505922
2023-02-21,92.42362213134766,93.0523483307996,91.5047015525698,92.81052829108364,11933886
2023-02-22,91.89160919189453,93.00398277911712,91.69815612444776,92.56870230771969,14589841
2023-02-23,92.27851867675781,92.56869826525586,90.5857785813552,91.98833170849862,16196352
2023-02-24,92.23016357421875,92.76217062447277,91.89161698758534,92.5203505797686,8061923
2023-02-27,92.27851867675781,92.56869826525586,90.10213855409731,92.23015172212756,13928820
2023-02-28,91.50469970703125,93.00398687493623,91.31124663106498,92.03670673558122,10965145
2023-03-01,93.8745346069336,93.92289418302065,91.69815442945996,92.08506055720176,14285091
2023-03-02,93.53598022460938,94.3581741915005,93.05234018750227,94.01962026171647,10048980
2023-03-03,92.71379089355469,94.50325750193828,92.47197088215795,94.0679844333286,7938348
2023-03-06,93.29415893554688,94.06798593628454,92.76215932983078,93.19743240539496,8289319
2023-03-08,92.95561981201172,93.24580680539812,91.40797306672846,93.10071330870493,14292676
2023-03-09,92.32688903808594,93.7294497088503,92.13343595648632,93.00398958320866,7884249
2023-03-10,91.79489135742188,92.37525799452403,90.48906457900146,91.21452472031972,9620249
2023-03-13,89.32831573486328,91.79488294110008,88.89304264188573,90.97269633227499,11482697
2023-03-14,89.71522521972656,89.90867827907756,88.21593818059216,89.81195174940207,14285446
2023-03-15,89.57014465332031,91.16615845231055,89.18323109905567,90.4406983054752,8318506
2023-03-16,88.8930435180664,89.6668631776272,86.71666327220397,89.6668631776272,12278142
2023-03-17,90.34395599365234,91.60141560083872,89.86031598017429,90.05376903366114,13158718
2023-03-20,89.61849975585938,90.29559285140155,88.74794621890425,89.95704630363046,6579446
2023-03-21,90.05377960205078,90.39232617526385,89.3283194966963,89.95705306395588,5886671
2023-03-22,89.61849975585938,90.87595941611788,89.47340626973998,90.44068633752096,6096408
2023-03-23,89.08650207519531,89.71523566090066,87.87740186413197,89.27996253682267,9969670
2023-03-24,89.13517761230469,92.00736213630374,88.79440366186999,91.47186658118042,16650432
2023-03-27,89.32990264892578,91.2771484832348,88.94045199643331,90.64429210145369,15959308
2023-03-28,87.91815948486328,90.06012710418779,87.62606961488541,89.32990985739707,14999850
2023-03-29,89.13517761230469,89.62198905217932,87.52869837508781,87.82078078212075,36103221
2023-03-31,94.97692108154297,95.85317578791047,91.7639623976836,91.7639623976836,64455094
2023-04-03,94.05198669433594,96.38868353847532,93.27309269839247,96.33999941391127,24154016
2023-04-05,95.658447265625,95.8531688689503,92.54285704350198,92.54285704350198,24875169
2023-04-06,96.145263671875,96.38866940268987,94.97691913522496,95.0255958244959,11440418
2023-04-10,97.26493072509766,97.89778710567981,96.14526288686051,96.29130780978767,10870304
2023-04-11,97.36228942871094,98.28722820702241,96.19394492682768,97.75174007205642,8458648
2023-04-12,98.14119720458984,98.43327963529683,96.87548438706521,97.50834079582752,8938731
2023-04-13,98.2385482788086,99.1148103403942,97.84909764830913,98.14118747822197,9153834
2023-04-17,98.7253646850586,98.82272549055163,97.36229112369618,98.33591403493315,8323162
2023-04-18,100.23448944091797,101.11075166643191,98.53064911336756,98.72537817912307,19758227
2023-04-19,98.7253646850586,100.38052066290011,98.57931976274239,100.28315985740707,11271768
2023-04-20,100.13712310791016,100.57525791061771,98.67668862185948,98.82273355609534,13241812
2023-04-21,100.08843994140625,100.76997301955248,99.5042602422484,99.99107170611099,5625649
2023-04-24,99.11481475830078,100.47788088357635,98.82272491536843,100.0884376638709,5994078
2023-04-25,98.48196411132812,99.30954214356038,98.09251344082067,99.11482052238351,5696053
2023-04-26,98.96878814697266,99.2121939183975,97.75175928984844,98.1412100097591,4576455
2023-04-27,98.77405548095703,99.40691194927831,98.48197302276178,98.5306497183838,5362153
2023-04-28,100.57524871826172,100.72128621099614,98.57931879848782,99.26085185842595,11812226
2023-05-02,101.54888153076172,102.32777547125764,100.76998016211184,101.25679166047952,13598952
2023-05-03,103.5447998046875,103.73952885262871,100.91602079678714,101.4028322744097,16034319
2023-05-04,104.42105865478516,105.3946815793053,103.69084146139505,104.12896880616775,15414305
2023-05-05,103.4961166381836,105.10258847130001,103.00930519102027,104.22633380892859,9315810
2023-05-08,104.46974182128906,104.66446343315918,103.20402905967325,103.49611890563177,6721354
2023-05-09,104.71315002441406,105.29732230198087,103.78820377579257,104.37237605335937,10063354
2023-05-10,105.19995880126953,105.73544694693658,104.42105749901323,105.05391387857732,10360986
2023-05-11,105.73544311523438,106.12489375224939,104.66445943455788,105.39467659340364,9435021
2023-05-12,104.46974182128906,105.78413127179574,103.78820132343695,105.78413127179574,6855025
2023-05-15,104.81050109863281,105.73543983319938,104.08028396245305,104.27500556083986,7833289
2023-05-16,105.58940887451172,106.22226529513328,104.56710920564964,104.85919164183002,9051577
2023-05-17,105.39469146728516,106.85512599108125,105.10260159126429,105.93018709727204,9456088
2023-05-18,104.95655059814453,106.36830081852501,104.4210550369502,105.63808365043445,7220608
2023-05-19,104.17765808105469,105.00523612223606,102.911945245257,104.95655943049232,9255095
2023-05-22,107.53665161132812,108.36423705946622,104.7618276957784,105.68677395306403,27946526
2023-05-23,105.05391693115234,108.1208306841917,104.90787200421646,108.02346244746542,15214733
2023-05-24,105.93017578125,106.41698723717825,104.46974141346523,105.05391367494848,10722681
2023-05-25,106.70906829833984,107.82873611838258,105.15127314478843,105.15127314478843,11158044
2023-05-26,107.7800521850586,108.07214202666222,106.22225702886348,106.66039179126892,7958341
2023-05-29,108.51028442382812,108.85105842905483,107.29325562845924,108.07215702875703,10330215
2023-05-30,108.3155517578125,109.62994123733277,108.07214602352528,108.51027337398087,7803617
2023-05-31,109.19181823730469,109.48390067319441,107.29324897732936,107.63402296143141,15741522
2023-06-01,109.92202758789062,110.45751572937105,109.04576548674152,109.24048709670652,9185292
2023-06-02,110.31148529052734,110.50620691294505,109.04577246035106,110.4088461017362,9939324
2023-06-05,112.5994873046875,115.52035593812607,110.3601517144567,110.3601517144567,35214281
2023-06-06,114.93619537353516,115.37432274179945,112.84290448794769,113.18367104417034,18999553
2023-06-07,114.93619537353516,115.86113423016147,114.4006997650754,115.61772848598046,11262532
2023-06-08,114.44937896728516,115.56903939988297,113.32971110653385,115.37431778416686,11188999
2023-06-09,117.1755142211914,118.24649792274401,113.62178915990725,114.88750189783966,19873573
2023-06-12,115.95849609375,120.6318893956667,115.61772953443717,117.75969713139257,24331332
2023-06-13,118.87935638427734,119.22012291874879,115.7637660288908,116.73738894346826,16552079
2023-06-14,118.19782257080078,119.90166266057876,117.9057327270061,119.1227613625618,8660080
2023-06-15,118.73332977294922,119.51223119599756,116.88345189247977,118.19784154423866,13948239
2023-06-16,121.89759063720703,123.89352066036433,118.44123361398688,119.07409001851141,32649860
2023-06-19,121.55681610107422,123.01725043331336,121.16736546017982,123.01725043331336,10053869
2023-06-20,121.84890747070312,123.40670262571264,120.631878845203,121.70286255001245,15471361
2023-06-21,119.5609130859375,122.96859374881507,118.5386059158125,122.82254880620373,14141162
2023-06-22,120.19375610351562,123.99088728045166,119.56090709748793,120.29112434581586,25032998
2023-06-23,116.88343811035156,120.63188498195113,116.34794251662865,120.48584005383091,12413343
2023-06-26,118.19782257080078,119.31749040114269,116.83474901334773,117.8083719217923,17369553
2023-06-27,115.27694702148438,119.36616002362345,114.79013559607958,118.87934859821866,19093714
2023-06-28,117.56497192382812,119.17145128667887,114.98486960508647,116.0071766800334,61890385
2023-06-30,122.43309020996094,123.35802907328757,117.56497529107581,118.19783171616166,27973500
2023-07-03,120.48583984375,122.67649147727272,119.46353277684462,122.67649147727272,15492508
2023-07-04,118.83068084716797,120.9239641912753,118.34386938516099,120.72924257773387,7595425
2023-07-05,118.5385971069336,120.48584305530211,117.85706399626612,119.31749845754251,15615891
2023-07-06,121.50814819335938,121.8002306240203,118.68464012804849,119.07409079708339,16906327
2023-07-07,120.7779312133789,122.57913220455524,120.38848054357366,121.07001364461756,22837962
2023-07-10,119.755615234375,121.36209448534481,119.26880379033283,120.92395972881496,9068813
2023-07-11,124.03955841064453,125.25657960224225,120.14506682744158,120.1937435153397,46215137
2023-07-12,124.2829818725586,125.1105599664725,123.21199801995505,124.91583833078249,18031857
2023-07-13,122.1896743774414,125.4026329299422,121.70286292573846,124.3803259101047,12374030
2023-07-14,123.79615020751953,124.13691672859487,120.82659746353507,122.6764824141408,9577719
2023-07-17,123.79615020751953,124.8671338858219,123.0659330502925,124.42900656274689,9411535
2023-07-18,123.74748229980469,124.91583436128028,121.94628122836974,124.33165461646547,8994063
2023-07-19,123.5527572631836,124.38033530797773,123.35802821089722,124.38033530797773,8975718
2023-07-20,122.6764907836914,123.89351946210104,122.23836343072536,123.65011372641911,10187180
2023-07-21,121.65418243408203,123.30934587608083,121.45946081886028,123.01725602509472,9926528
2023-07-24,122.6764907836914,124.38033093346489,121.70286784096369,122.04363438528767,13121674
2023-07-25,123.69879913330078,123.84483663370827,122.04363565653087,123.21198765686616,7151050
2023-07-26,122.6764907836914,123.9908802707431,122.33572423936742,123.69879784481692,12681896
2023-07-27,123.89352416992188,125.40264275975613,122.67649544526645,122.8712170699498,11597763
2023-07-28,126.71701049804688,128.22612891673705,124.62372727155487,125.84075585819114,37245053
2023-07-31,127.25252532958984,127.54461520590318,125.45133166222273,126.86308206537755,16197160
2023-08-01,127.00911712646484,129.7352644923116,126.61967386976157,127.5446127466628,17079508
2023-08-02,122.04364013671875,127.25252164015514,120.43716071988034,127.00911589300246,20816954
2023-08-03,121.36209869384766,123.16329961363375,120.24243084809304,122.23836080914054,12415922
2023-08-04,124.23429107666016,124.67242587566086,122.18968429911844,122.96858565635046,10589274
2023-08-07,125.15922546386719,125.79207439975923,123.26065637173156,125.0618572323578,8339894
2023-08-08,125.74340057373047,126.57098604036355,124.23428942783377,125.30527320869841,12505272
2023-08-09,128.2261505126953,128.90768366473483,125.5973712940809,126.37627269197256,13111006
2023-08-10,125.98678588867188,129.63787143246614,125.69471093021242,128.12876795940858,11116731
2023-08-11,128.5669403076172,129.73528511979796,126.1328824254446,126.76573153228536,10967883
2023-08-14,127.05779266357422,128.46954294413032,126.03548561341051,128.46954294413032,8529502
2023-08-16,127.83667755126953,128.42084232178203,126.03546941550292,127.30118203607093,7062446
2023-08-17,125.88050842285156,128.71698577757562,125.4403697594743,128.57026294011123,7162118
2023-08-18,124.36447143554688,126.76080270299437,123.97323291614175,125.44037176722036,8997702
2023-08-21,126.41846466064453,126.85860333220161,124.36447175628797,124.41337190743093,5063202
2023-08-22,130.37973022460938,130.77096124577352,126.51626792371293,126.85859133610487,20596242
2023-08-23,130.4775390625,132.43372414544308,129.89069249232173,131.0154929452109,19426832
2023-08-24,131.45562744140625,132.53153517275925,130.67316537261203,132.09139652793567,17543374
2023-08-25,130.4775390625,134.92786311109705,130.13521562768963,134.24320131696854,33919926
2023-08-28,131.94467163085938,133.41181037363916,131.65125582190907,133.11839456468886,13346571
2023-08-29,131.6023406982422,132.8738638542868,131.16220208543996,132.33591002774799,11118400
2023-08-30,131.6023406982422,132.53152553071496,131.30890998153862,132.53152553071496,12555619
2023-08-31,130.28192138671875,132.09139852834983,129.3038288614063,131.60235226569358,14954352
2023-09-01,134.83006286621094,135.36800182463173,130.96658538622887,131.11330822221362,23415545
2023-09-04,137.47091674804688,139.23148639800488,136.15048577945123,136.44391654186234,28262276
2023-09-05,136.6395263671875,138.79132699412983,136.15048009176843,138.2044804183317,11695197
2023-09-06,135.27020263671875,137.66652639908364,134.7322487493696,137.42200326160747,10151022
2023-09-07,136.7862548828125,137.91105539316612,134.5855465520705,135.41691630009012,18438943
2023-09-08,140.16065979003906,141.13875230089138,137.12856703659395,137.47090538519518,16579557
2023-09-11,141.5299835205078,143.9263071903282,139.91613684529398,141.18766009596624,19902175
2023-09-12,131.21112060546875,141.77452401536456,130.67318159750693,141.43220054888968,48752780
2023-09-13,132.87388610839844,133.94977901716362,130.37974698545167,132.0425014259133,19282289
2023-09-14,133.8030548095703,135.6614245595546,132.53153159534094,134.97676280558707,13197189
2023-09-15,132.72715759277344,135.17238899619414,132.1403110106573,134.48772718813797,9651337
2023-09-18,136.83514404296875,141.82342210044274,135.95486670318306,141.82342210044274,51859825
2023-09-20,133.90084838867188,137.03075612043983,133.26509427569124,136.93294090713226,19080613
2023-09-21,132.28701782226562,134.9767723436056,131.65126363247936,133.99867979039107,9531884
2023-09-22,133.0695037841797,133.9008735555264,131.11331854641006,131.21111885359318,12604969
2023-09-25,133.6074676513672,133.85199082428366,130.67318957636945,133.3140368589654,14984591
2023-09-26,134.63442993164062,135.2701990268169,132.92276801498588,133.60744472125378,12315581
2023-09-27,133.6074676513672,134.5366527235478,132.72717527416182,134.38992986509186,8713378
2023-09-28,132.09141540527344,134.9767857386988,131.65127669754912,133.90087785358656,22012674
2023-09-29,135.27020263671875,135.61252607448063,132.77606364956023,133.0205867870364,8504659
2023-10-03,136.15049743652344,137.51983613684712,134.1943120856409,134.87897397354783,19010910
2023-10-04,135.8081512451172,136.101567059077,133.55853548287888,134.9767666402115,14912053
2023-10-05,135.9059600830078,138.2533912137688,135.07459035035959,136.44391398325564,15996620
2023-10-06,135.95486450195312,137.42200332751378,135.61252613951916,135.95486450195312,4987359
2023-10-09,132.77606201171875,134.585539176525,132.0914002201326,133.216200668845,10489249
2023-10-10,136.88406372070312,137.9110639906417,133.50964705477017,134.3899244721407,15593722
2023-10-11,134.73226928710938,137.42202420935655,134.48774611235962,136.8840702400051,10778916
2023-10-12,135.17239379882812,135.66144009688793,134.19430120270852,134.92787064979822,7567439
2023-10-13,134.43882751464844,135.17239697899666,133.31402697245142,133.31402697245142,8303230
2023-10-16,134.3899383544922,134.87898473121817,133.55856846876463,133.9987072229158,7785480
2023-10-17,135.51473999023438,135.8570634639074,134.48773972019643,134.48773972019643,6076896
2023-10-18,134.04757690429688,135.9059466400531,133.41180783979632,135.71033112963246,6806231
2023-10-19,133.99868774414062,134.1943032814931,132.09141013706375,133.02059513286952,7775836
2023-10-20,131.26002502441406,133.90087208142847,130.57536318363384,133.70525654470683,8982112
2023-10-23,129.79287719726562,132.9227703433583,128.52135390914768,131.35783123256584,19333777
2023-10-25,128.3257293701172,131.7001454143684,126.41845203419318,129.5972525689021,10225867
2023-10-26,126.02723693847656,127.34765298809975,124.21775966644537,127.15203745384173,18167694
2023-10-27,129.3038330078125,129.93960212435744,126.41846295051663,126.41846295051663,8761931
2023-10-30,129.05929565429688,131.0154805522006,127.93449530780478,130.57534193507354,9052085
2023-10-31,130.33082580566406,130.7220568364035,127.88559455227448,129.5972564296472,8098744
2023-11-01,129.49945068359375,131.60235867005704,129.1571272377799,130.8198816268267,10431945
2023-11-02,131.79794311523438,132.04246620079138,130.3797122039046,130.77094317099395,4885035
2023-11-03,132.9716796875,133.99867985376255,131.79797160798907,132.18920265965673,9154983
2023-11-06,134.63442993164062,134.97676828477458,133.02058323716915,133.9497681498802,7070089
2023-11-07,135.02566528320312,135.90594251563508,133.70523451004885,134.5366190597395,8587321
2023-11-08,137.32418823242188,138.0577576458953,134.68334132881913,134.7322489412856,9755483
2023-11-09,134.92787170410156,136.8840569116261,134.58554824749,136.8840569116261,5481774
2023-11-10,135.75924682617188,136.05267757153726,134.0475848901328,134.48772354592703,5781314
2023-11-13,140.2584686279297,141.04094566916459,136.00377490132263,136.10157520365937,20245049
2023-11-15,139.91615295410156,142.21466166753748,139.3781990255922,141.3343842750742,11440473
2023-11-16,139.47601318359375,141.1876752637069,139.08476718200538,140.11176741497505,11453235
2023-11-17,142.89932250976562,143.29055354623225,138.6935217074662,139.72052183382533,13496261
2023-11-20,140.6986083984375,143.5350706041165,140.01393172681927,143.19273226830737,7741502
2023-11-21,139.72052001953125,141.38327428968432,139.1336585479444,140.99202833379073,9972235
2023-11-22,138.742431640625,140.30737073719513,137.07966239653953,140.1117552156873,7445272
2023-11-23,136.2971954345703,139.4270884402484,136.0526723103063,138.74242667721057,13138745
2023-11-24,137.27529907226562,139.03585377023956,134.3410213429647,136.8840530869872,19614754
2023-11-28,138.20445251464844,138.69349869132836,137.3241604419216,138.54677588362145,8595693
2023-11-29,137.91107177734375,139.52491877514686,137.4220254235234,138.9380721052686,14680789
2023-11-30,142.7036895751953,143.14384313916872,137.66651917723433,137.91104230188307,27591484
2023-12-01,144.21974182128906,147.00731152590154,143.5350800292199,144.70878809055387,34466616
2023-12-04,150.1861114501953,154.04957397123914,148.27883399545294,148.67006503891017,51416976
2023-12-05,148.67005920410156,151.70215190767226,146.6649666049343,150.33281346029867,29109123
2023-12-06,152.72915649414062,153.70724911318607,148.52337017185243,149.2569396361365,26688698
2023-12-07,156.83714294433594,158.2553741260267,154.7831426642958,158.2553741260267,51346222
2023-12-08,155.27220153808594,158.7933408970996,153.8539702412225,157.81524828898566,22869782
2023-12-11,157.71742248535156,159.6736075704412,155.66342217620434,156.29919128356315,22941648
2023-12-12,157.27728271484375,159.2334677861117,156.49480570143504,158.89112942883673,16306341
2023-12-13,159.28237915039062,160.30936439739529,155.90794788334773,156.69042491519113,16804086
2023-12-14,160.40716552734375,160.74950386260113,159.03784203532766,159.52688827169152,13887946
2023-12-15,165.34654235839844,166.4713427788914,161.629787822954,162.3633572079296,39766631
2023-12-18,168.9165802001953,170.53044186049013,165.73777941645724,167.98739526369653,35901409
2023-12-19,169.2589111328125,170.5793270610881,167.35163373118735,169.11218830222148,14732129
2023-12-20,163.58596801757812,172.4377079863903,162.51006031492432,169.94356916624335,24511237
2023-12-21,166.91146850585938,168.08519137057885,160.45606737243318,161.3852522032476,22646625
2023-12-22,170.97056579589844,171.41070442006435,165.68885753238794,168.18299630200346,19640046
2023-12-26,177.96392822265625,180.45806709422587,174.1004658144835,174.1004658144835,52736391
2023-12-27,176.25225830078125,180.8492898777152,175.17636554952375,179.96901263354934,26206240
2023-12-28,178.69749450683594,180.21354084757857,176.83912475012366,177.52378650656993,20453485
2023-12-29,180.16464233398438,181.1427348710033,177.13256442393032,178.94202666271073,19305150
2024-01-01,180.89820861816406,182.9033012693877,180.40916235808547,180.75150070994346,18008785
2024-01-02,178.15953063964844,182.12080797683225,175.81211477106118,181.92519247520102,22790965
2024-01-03,178.3551788330078,180.65368732403144,176.64351690533792,178.3551788330078,18738690
2024-01-04,182.8054962158203,183.53906564674176,178.50189485755115,178.50189485755115,25403124
2024-01-05,181.8762969970703,184.5171437564621,180.01792722088905,183.5879588683715,22023938
2024-01-08,179.57778930664062,183.3923440939928,179.18654335120246,182.65877471761684,11472441
2024-01-09,180.60479736328125,182.6098902308412,180.16465866662398,180.84932051970299,11550790
2024-01-10,181.53396606445312,181.92519707761315,178.0617348557587,180.3602431759601,8701594
2024-01-11,180.31137084960938,183.53906438384803,179.7734169524002,182.90331018456058,10942508
2024-01-12,179.47998046875,181.43616554197888,179.0887494239073,181.2894576312898,8853157
2024-01-15,184.5171356201172,185.7397511885635,180.06682689057772,180.84928891477819,24570393
2024-01-16,182.7076873779297,186.08210361763173,181.0449330637512,184.7616727338534,16471601
2024-01-17,181.58290100097656,184.37047112303867,179.77343848842725,182.21867020093438,16350370
2024-01-18,184.07699584960938,184.8594727934246,176.0566407556425,181.58285712066984,24831623
2024-01-19,187.64706420898438,189.45652649609596,185.8375869973647,185.8375869973647,22303305
2024-01-23,183.00112915039062,191.21710091825122,180.36026722367757,190.97257777129693,26628471
2024-01-24,185.10401916503906,186.0332041231059,179.9690331644237,182.70769534965353,14742783
2024-01-25,185.54415893554688,187.793774848319,184.1748352970812,186.5711591266503,12592882
2024-01-29,186.71786499023438,189.45652716155877,183.44126384689775,185.83758765011603,28919512
2024-01-30,183.78359985351562,188.1361240119296,182.90332245322355,187.79378562042206,20894159
2024-01-31,181.827392578125,184.95730056589318,180.80040737692764,184.07700834764313,23757415
2024-02-01,179.3821563720703,184.2726188132337,177.57269422354403,183.5879570563722,27835431
2024-02-02,180.55587768554688,183.6368630261699,179.8223083259217,180.94710870754423,27710061
2024-02-05,177.57272338867188,182.90332534015417,174.88296860425785,182.90332534015417,23880364
2024-02-06,179.08876037597656,179.52889905946796,176.7413291898415,178.4040836188693,12134363
2024-02-07,177.71939086914062,180.1157143286115,175.7142984103771,180.1157143286115,14192151
2024-02-08,180.7515106201172,183.0011265247212,177.76832528517545,178.20846395847641,29094709
2024-02-09,177.36422729492188,182.3223779695644,173.28971588834875,182.12601868152234,21081134
2024-02-12,171.47335815429688,179.7696766210656,170.49154673633637,177.9533195053374,19640568
2024-02-13,173.38792419433594,173.6824556717358,168.62613222630216,171.57156685034238,13961795
2024-02-14,178.29696655273438,178.83695086898746,172.1115513784579,174.0260807230246,23449380
2024-02-15,182.5678253173828,182.91146529702985,179.27876614345283,179.67148470768979,17335763
2024-02-16,184.8751220703125,186.9369173835003,183.45149828665186,185.56238717470845,29843059
2024-02-19,185.31692504882812,188.99871826171875,184.87511285953224,186.49509588070214,25343215
2024-02-20,187.182373046875,187.96782531263312,182.86240805708908,185.66057707220997,17809897
2024-02-21,185.267822265625,189.04780243543576,183.5987457550121,187.82053809215358,17870782
2024-02-22,191.2078094482422,192.43507395047737,185.26784626117265,186.29875143930144,31992371
2024-02-23,201.56591796875,203.2349946386131,192.3859738126196,192.7296138540277,76179371
2024-02-26,200.53500366210938,203.13679820671678,199.111379949376,201.9095338024199,27013630
2024-02-27,201.61502075195312,205.1986271474321,199.40594462237553,199.8477568520398,28877205
2024-02-28,201.90953063964844,205.19860518414498,197.78592530205532,202.44952996533135,38996363
2024-02-29,201.36956787109375,202.15500517669267,196.1168697476772,201.7131929469792,24059731
2024-03-01,201.86045837402344,204.26589364788293,201.0750061467159,202.20408342385755,12949604
2024-03-04,205.78770446777344,209.076764133086,202.5968169675605,204.1677064404507,34272251
2024-03-05,206.91677856445312,209.86221313476562,206.03315418586135,207.1622314453125,24964592
2024-03-06,206.62222290039062,209.5676573394019,201.8604462127416,207.94767439044742,26236957
2024-03-07,211.2858428955078,212.85674737047657,207.30950311551314,207.6040495772267,41484038
2024-03-11,208.68405151367188,212.51311063158104,208.04586500651664,212.51311063158104,22800967
2024-03-12,200.53500366210938,207.5058714710176,197.83502197265625,207.1622314453125,34719550
2024-03-13,186.83872985839844,201.860448676987,184.77691973341894,200.38773143950291,41620003
2024-03-14,191.69869995117188,193.56413585320115,182.86239624023438,185.5623779296875,34622781
2024-03-15,185.4151153564453,193.17142053140498,175.84245283964125,193.17142053140498,88781999
2024-03-18,186.4459991455078,188.50780930225307,183.6478453399303,186.54418628868794,22999225
2024-03-19,182.02786254882812,188.94963724527554,181.1933316872034,186.54420184925993,27819341
2024-03-20,184.0405731201172,184.53147889796827,179.18060891564264,183.5005737682299,16235947
2024-03-21,193.2696075439453,193.9077790521211,186.54419250583803,186.54419250583803,43152810
2024-03-22,194.5997772216797,196.02848143990778,189.91952941508234,193.61446189397498,31321524
2024-03-26,196.4718780517578,197.5557309687158,193.07254304452678,194.10712718621951,25723863
2024-03-27,196.52114868164062,200.9550678724084,195.09244439378156,197.0630751452339,37817130
2024-03-28,198.54103088378906,199.477077402104,196.07774265942444,197.55571559404322,17425093
2024-04-01,208.0000762939453,209.62584060673746,200.75800246121153,201.98964664809014,45840349
2024-04-02,217.75469970703125,219.38046407557147,209.47805650128532,210.61116317818068,93873385
2024-04-03,218.24734497070312,222.1393375061263,215.63626536755964,218.44440502919568,47658754
2024-04-04,217.06497192382812,220.61209811906934,215.04507247439858,220.21797799783772,18279026
2024-04-05,221.20327758789062,222.68125048936872,215.5377147988912,217.11422524102164,25365958
2024-04-08,220.26724243164062,222.38566435227835,218.83853822692785,222.23787306840822,16422350
2024-04-09,224.7996826171875,225.5386691018393,217.95174419969126,221.49888533990728,29048035
2024-04-10,225.390869140625,229.43066778173213,223.1739097720287,225.63719795935793,37218693
2024-04-12,230.0711212158203,231.94321426107675,227.16444410461978,227.9034305753344,57174716
2024-04-15,231.00717163085938,234.50504399145717,222.68126026079545,226.62252150434935,51676313
2024-04-16,230.0218505859375,233.47045408807963,226.6225158550553,229.08580407087112,32508661
2024-04-18,227.755615234375,233.91383557961245,225.83425349360445,232.14028014795818,18623078
2024-04-19,229.87405395507812,231.0564292641987,222.38565193945155,225.19380645399096,27227241
2024-04-22,229.87405395507812,232.68219343489977,228.88873869169137,232.53440215927887,17549094
2024-04-23,230.90866088867188,232.63296277060434,228.34683493591308,230.81012333867375,19202860
2024-04-24,233.02708435058594,235.63816405986543,230.66233348311465,231.79544014154476,33392337
2024-04-25,234.1109161376953,236.5249355625839,231.99247926852198,232.9285257759623,16197834
2024-04-26,235.4410858154297,238.10143409461455,234.4065017527694,234.9976969413519,20473627
2024-04-29,231.94322204589844,236.6727386241547,231.4013106436272,236.62346985084312,19876408
2024-04-30,230.3174591064453,233.81533154580782,229.7755326663099,232.83001621273212,14514418
2024-05-02,231.3027801513672,233.9138598346089,227.36151872173795,231.253511376553,19171145
2024-05-03,230.66232299804688,234.5050467416913,227.7556307690619,233.61826896537912,15782582
2024-05-06,228.4453582763672,232.3866194756336,226.62251895781912,231.64763300077115,32422021
2024-05-07,224.06069946289062,232.33735723484295,222.13933758118125,229.08581364710165,26418769
2024-05-08,228.19903564453125,229.23360470964133,221.30182835863096,223.86363918684842,18952985
2024-05-09,222.87831115722656,234.70209440201012,221.99153342775494,231.05643090847875,35229412
2024-05-10,223.76512145996094,225.14455693275102,219.87311380905936,224.55336171028725,18478580
2024-05-13,221.44961547851562,225.34160793826888,217.7546830734236,225.04601033891782,32874369
2024-05-14,227.55856323242188,228.49460975103526,222.4349267310533,222.4349267310533,23191411
2024-05-15,229.4306640625,231.05642822589533,226.1791207009916,228.39608003364947,33045920
2024-05-16,234.406494140625,236.47566219875114,224.15922145923287,231.30275708815347,55556781
2024-05-17,244.5552520751953,245.98395623936008,234.35724784018362,237.460984991118,82231249
2024-05-21,270.1241760253906,278.84422220359517,267.06969266581035,278.84422220359517,127035921
2024-05-22,279.4354248046875,280.3222025598824,260.4188214927066,272.9323378175305,85801218
2024-05-23,284.2634582519531,288.9929595677121,279.04129929624276,282.09575260839256,70631009
2024-05-24,292.83575439453125,295.4960879827131,281.80020967998644,283.7708405169094,63609206
2024-05-27,290.1261291503906,298.74763882885173,285.39659722797114,297.318919482931,49890427
2024-05-28,284.8546447753906,291.40698517369316,280.8640999714186,291.3577314389695,33893805
2024-05-29,287.8598937988281,289.633479595628,280.81489456314944,281.2090147170693,31645904
2024-05-30,286.38189697265625,291.9489226184073,285.39658163466714,288.6973940308183,42769599
2024-05-31,291.6040954589844,292.8357396701316,282.0957780933771,289.8797935633783,51397345
2024-06-03,313.970703125,318.25683054090865,304.75799938492867,318.25683054090865,67256146
2024-06-04,251.79733276367188,307.41837951124705,226.6717921305411,307.41837951124705,268052657
2024-06-05,256.52685546875,260.6159081267951,226.6225288059088,260.6159081267951,193487058
2024-06-06,269.63153076171875,277.36626202204695,263.07918991078697,263.07918991078697,95502477
2024-06-07,279.0413513183594,280.3715031386616,264.7542770962074,269.97643702549317,60109827
2024-06-10,279.23834228515625,287.7120596447448,276.9721291855918,284.6575762853141,42363741
2024-06-11,281.99725341796875,286.2340972182088,281.1597293915668,282.78549363726654,32269277
2024-06-12,286.23406982421875,288.69735786057174,281.8494050917368,283.6722442525248,33990756
2024-06-13,296.4813537597656,298.5505218059713,282.8347314851106,289.58414698537024,49511492
2024-06-14,305.0536193847656,305.9403971306774,297.0725595326868,300.5211630430165,67366844
2024-06-18,313.5765686035156,316.2861854571202,307.6646772865601,308.40366370117954,64859245
2024-06-19,304.75799560546875,315.20234329705505,299.6343743335416,315.20234329705505,58698689
2024-06-20,307.3198547363281,308.74857403594643,297.81156752726105,305.2506864666679,39505506
2024-06-21,300.4718933105469,309.3889841704893,299.6343693458799,308.10808639118795,37620968
2024-06-24,305.2014465332031,307.3198686389161,293.08207908605283,300.32412325332274,39139609
2024-06-25,305.15216064453125,310.32506597303615,304.65950299419745,306.33452096367034,29124110
2024-06-26,302.3440246582031,306.92573507480614,301.3587092968073,305.4477620327124,24238007
2024-06-27,300.02850341796875,303.6248981839685,296.7769750146125,301.6050138833133,39996580
2024-06-28,301.407958984375,305.25068282826186,298.3042216515986,301.5064965330773,24256902
2024-07-01,303.1322326660156,307.9110176742064,301.35867723198635,306.3837910543165,39495237
2024-07-02,301.6050109863281,304.4624192632612,298.55052762708135,304.4624192632612,23974162
2024-07-03,309.8816833496094,310.81774497732806,301.26017387644856,302.4918180869001,44919849
2024-07-04,312.6898193359375,313.8229259274396,308.45294546542766,312.73907307361446,35591681
2024-07-05,319.2914123535156,322.00102944053475,309.8816632245512,312.9854004194312,63125211
2024-07-08,329.6864929199219,330.8688531935243,320.81865555544397,323.6268100680824,70983243
2024-07-09,329.883544921875,334.3667475039217,323.8731457474572,333.036565857173,52225572
2024-07-10,328.947509765625,335.49985031441287,319.3899395937984,335.0071926781215,46779965
2024-07-11,330.5732727050781,333.23363595879493,328.10998453290915,330.5732727050781,31919433
2024-07-12,328.2085266113281,332.5439078403972,323.2819501988778,331.9527126570159,24517961
2024-07-15,326.5334777832031,331.11518782138734,326.1393576850842,331.06593408516096,22021426
2024-07-16,321.3605651855469,329.489416059057,319.7348010247319,328.35630952693964,26585927
2024-07-18,308.9455871582031,321.90250685813226,307.71394308554335,321.70543177873253,48043715
2024-07-19,301.8020935058594,312.2464427083093,300.52119551994366,305.3492349422778,43313606
2024-07-22,307.7139892578125,310.07877028770133,292.9342581682069,301.50651422795414,39386992
2024-07-23,297.0232849121094,312.34492454581,276.9721141836887,312.34492454581,76513131
2024-07-24,295.693115234375,301.9991268779725,294.9048449855282,298.05786584204463,24099148
2024-07-25,297.0232849121094,298.94463154825434,289.09147935438017,293.5746816442534,27820556
2024-07-26,305.3492431640625,305.9404384309573,297.56525734669594,299.33881307793985,24512844
2024-07-29,316.6310729980469,320.8186629612729,306.28526250066494,308.2066092656599,51391698
2024-07-30,313.4288024902344,321.7546987215216,312.93614484094746,320.42454712399615,41111245
2024-07-31,311.4089050292969,315.8921079233872,310.81773987353836,315.2023751490846,25709971
2024-08-01,306.58087158203125,313.03470530183455,303.5263879189475,313.03470530183455,28141436
2024-08-02,298.50128173828125,304.1668447052244,297.26963761503276,300.81674863443914,26155604
2024-08-05,285.9877624511719,293.0820445552545,280.81485718719716,285.59364234970866,50390560
2024-08-06,283.03179931640625,298.1563940840158,282.14502162486315,287.7120466506201,39171936
2024-08-07,295.7916564941406,296.5798966834652,285.5443536163062,291.1606626909102,22199473
2024-08-08,293.87030029296875,298.25496558580244,292.7864474045723,296.57991747924086,21963656
2024-08-09,297.7622985839844,300.5211694230441,296.2350418124674,298.0578811490847,15551076
2024-08-12,296.9739990234375,299.19095825148656,293.8702621180556,294.6092485274053,15361379
2024-08-13,291.8011169433594,298.2056663244909,291.06213047630575,297.565217400265,14746085
2024-08-14,290.17095947265625,293.48068228361836,287.15758969806905,292.59150257095865,16641055
2024-08-16,299.65557861328125,300.24837512945913,292.44330642728596,292.9372984989537,21353408
2024-08-19,298.5194091796875,301.8785493077551,297.4820378676421,301.13756118461293,12232725
2024-08-20,299.5074157714844,300.841200523193,294.2216940670901,298.51943153331297,14183642
2024-08-21,301.7303771972656,303.0641619352262,298.91461611732353,299.35922108027233,11862616
2024-08-22,300.8411865234375,303.212342554529,299.8532023312423,302.7183504584314,13074829
2024-08-23,302.3231506347656,305.4847119828029,300.44598677538005,301.82915855856504,21891698
2024-08-26,303.0147705078125,305.1883176881792,302.12556059446405,304.99073893590156,15280637
2024-08-27,297.284423828125,303.75573808207105,296.00005649726603,302.9159455268709,16873099
2024-08-28,296.3458557128906,300.84117150257583,295.9012507882478,297.4326141493362,14005947
2024-08-29,292.6409606933594,297.4326604108329,288.59021904739745,295.75310519725997,19185385
2024-08-30,295.7036437988281,298.5194046542593,290.8131403507583,293.2336834257979,28684991
2024-09-02,293.33251953125,298.3218581138171,291.5047426277529,298.3218581138171,11713172
2024-09-03,293.57952880859375,297.7290749302744,293.18434111864514,296.39529009467077,13971488
2024-09-04,295.3578796386719,298.2724148492153,291.75171329799184,293.5794900424014,17937646
2024-09-05,287.10821533203125,295.9012687057995,286.51541878023994,295.4072766044543,26342723
2024-09-06,280.19232177734375,286.86121504706654,278.660928195247,286.86121504706654,30062372
2024-09-09,278.1669616699219,281.0815273530945,272.4366649125336,278.6115666557914,29170063
2024-09-10,282.31646728515625,284.88523207278314,278.90790995049406,279.10551883834347,19982334
2024-09-11,284.5888366699219,286.9600228699656,280.9333132214769,283.0080860710727,21650737
2024-09-12,288.19500732421875,288.98538263517446,285.52743788569376,287.4046018623776,16102095
2024-09-13,286.4660339355469,290.46735792828645,286.12023343164566,289.47937371764607,12330463
2024-09-16,286.9106140136719,288.6890037160455,284.9346455560696,287.40460612807243,9184637
2024-09-17,280.8839111328125,287.3552260819982,280.488723461698,287.0094255631905,15946216
2024-09-18,279.45135498046875,282.5634993805315,277.0307814743716,281.476710660429,10450571
2024-09-19,269.4233093261719,281.4273115900163,263.89059165430575,280.5875189713685,44560220
2024-09-20,274.0174255371094,276.0427810988545,269.5714966105502,270.7076724171605,38501362
2024-09-23,282.8598327636719,283.2550505201774,275.3017605091685,276.63554506017067,19445968
2024-09-24,288.29376220703125,289.8745428733553,281.13087713698826,282.8598493952745,25346532
2024-09-25,286.3672180175781,291.4553304684609,284.19364078084953,290.46734629738137,19263084
2024-09-26,287.0093994140625,288.3925712123872,285.57681031704664,287.1082038605608,18343882
2024-09-27,289.9239807128906,291.3071525873431,285.72504778812225,288.8371920433617,208588855
2024-09-30,281.67431640625,291.0601668046109,280.19234002756144,289.92399094446034,32695169
2024-10-01,280.53814697265625,283.1562992714719,279.15494486681797,281.6743228588343,13883476
2024-10-03,275.3512268066406,282.8598831024067,271.745060117492,271.745060117492,27321529
2024-10-04,273.8692321777344,278.51273982512436,270.263065728641,275.3512084770708,17451235
2024-10-07,264.1376037597656,275.5488101537841,261.81583466744286,274.06683373113816,21704629
2024-10-08,276.882568359375,278.1175485929137,262.3591887526061,263.7917778838648,29190708
2024-10-09,279.0067443847656,283.15629026857187,275.1536118645949,278.61155671747133,18984175
2024-10-10,283.45263671875,286.12020589106567,279.9946923143539,280.5381016684313,19155691
2024-10-11,282.46466064453125,285.1816170396185,280.73568839311207,283.74905812182976,9677338
2024-10-14,282.26708984375,285.7250344438266,281.2296883731965,282.66227748215334,11386559
2024-10-15,285.3792419433594,285.9720384930029,282.3164848959386,283.69965674451686,14701531
2024-10-16,282.26708984375,287.55278104030265,281.3284928205184,284.68763297327314,11835439
2024-10-17,281.130859375,284.4406120904985,278.3151288529684,282.61283550275624,11695551
2024-10-18,283.69964599609375,284.34182967100867,274.4619880542136,279.5007133089558,10095514
2024-10-21,278.9079284667969,283.99607123332436,277.7223655136418,282.8598652790838,8393942
2024-10-22,268.3858947753906,278.75972860001224,267.3979106016171,278.6115370041231,15240897
2024-10-23,265.4219665527344,271.39928944180224,263.10019750163815,267.7437356038306,13503954
2024-10-24,268.0895080566406,269.86786748568323,265.12555557431375,265.76773924864113,10700271
2024-10-25,269.0774841308594,272.6836201791388,254.3565266078868,267.7436995237196,40406841
2024-10-28,266.80511474609375,274.61021385947265,264.1869627091087,273.3752336391133,24479817
2024-10-29,280.24169921875,281.0814917797273,267.5955141094004,267.9413145934362,34271117
2024-10-30,285.08282470703125,291.2083387183738,278.66092750034954,280.0441294809579,40787587
2024-10-31,281.4766845703125,284.9840464714142,280.34050880269865,284.49005438541826,18720310
2024-11-01,285.1816101074219,286.7623907290419,282.56345822052015,283.20564186811754,5265231
2024-11-04,280.7357177734375,285.52744740188166,276.9319723920587,285.52744740188166,15157659
2024-11-05,282.9092712402344,283.7490638093619,273.81980487594325,279.1055261806924,18761867
2024-11-06,298.2230224609375,300.6435655440213,283.74906065705545,284.04544384245065,52804364
2024-11-07,296.7410583496094,298.3712262376181,292.54212553004027,297.3832420447783,24357284
2024-11-08,294.17230224609375,300.84119574789435,292.1963338011158,296.74106725474223,22935845
2024-11-11,296.1482238769531,300.14954728516346,290.862503092009,293.92525972775167,20155408
2024-11-12,286.66363525390625,297.2350792003192,283.84787400174133,296.3952865249875,14292965
2024-11-13,278.1669616699219,285.3792649965794,276.0922188048972,284.53947232931887,20001842
2024-11-14,277.5741882324219,281.032133121556,272.18966198755834,278.6115596388075,20541591
2024-11-18,274.708984375,283.2550715029569,273.9186091052033,279.5995180406584,12999925
2024-11-19,275.6475830078125,281.7730969127842,273.67161467083895,276.6355671762993,13160982
2024-11-21,272.1402587890625,275.1042113764146,267.0027289106316,275.1042113764146,14858108
2024-11-22,277.4753723144531,280.0935244493226,272.1896507435216,272.68364285013416,13268900
2024-11-25,288.8371887207031,295.4072776619371,284.49006424348045,286.5154198058921,49366681
2024-11-26,294.32049560546875,297.3832527436369,289.6275705206439,290.4673631449476,27347402
2024-11-27,303.6569519042969,304.2497484583863,293.87591428991954,295.2590861488714,39464505
2024-11-28,302.076171875,305.78111265842193,300.69300001269954,304.29913634505317,27772319
2024-11-29,304.29913330078125,306.86789824843237,301.3351807036957,302.02678170336964,23241947
2024-12-02,303.21234130859375,305.6823017789324,299.6555922011292,304.10152104773874,15549685
2024-12-03,308.3498840332031,308.9920677521511,304.1015337561512,305.28712689181356,21405136
2024-12-04,309.09088134765625,316.99475541682625,307.4607133510673,312.20302573221454,41441172
2024-12-05,310.7210388183594,311.61021859084207,306.86790637034386,310.2270467057706,17911694
2024-12-06,309.98004150390625,312.05481434574284,309.3378578066648,310.72102965092756,8359798
2024-12-09,310.81982421875,313.289784630293,309.48603956633997,309.8318400541328,11830104
2024-12-10,311.0668029785156,314.4753300665531,310.2270104550691,313.73434198425593,15811501
2024-12-11,310.3258361816406,312.6969921774539,309.2390475562182,311.1162114632836,9281006
2024-12-12,309.1896667480469,312.2030064908482,308.3498741497774,309.78243314599246,10978047
2024-12-13,311.8572082519531,312.54880925574923,304.44732671507376,309.23905613909943,15557064
2024-12-16,312.4006042480469,313.536780004764,310.2270270301572,312.0053864623332,10543307
2024-12-17,306.867919921875,314.82118122542283,306.2751233304129,311.7584239619413,18053073
2024-12-18,300.1495666503906,306.8678768252951,298.0254068009487,306.47268920344965,16598070
2024-12-19,294.9132995605469,296.8398809145131,291.45535467457734,291.45535467457734,13349532
2024-12-20,287.3551940917969,298.47001570325716,285.8732178769355,294.41927468579274,14964305
2024-12-23,290.81317138671875,291.75173833810527,284.53946533950716,290.46737086741354,10201072
2024-12-24,288.9360046386719,293.77712141114034,287.9974075451513,292.6903327109814,10685518
2024-12-26,291.6529846191406,292.443360018294,288.98541488294256,289.4794070451356,9172485
2024-12-27,288.540771484375,292.5915127055583,287.849200639856,292.29512950803365,9495184
2024-12-30,281.4766845703125,288.9853703076277,279.4513290780828,288.5407653698777,25876258
2024-12-31,289.6275634765625,290.4673560804415,280.8345100879779,281.0815061390667,15725947
2025-01-01,290.3685607910156,291.0601618162385,286.7624243615217,289.6275726143709,6954271
2025-01-02,293.23370361328125,294.22168783051046,287.8492077199133,290.91196482350097,13361957
2025-01-03,288.4419860839844,293.6782900446114,287.997381153925,292.9373019284349,8167968
2025-01-06,278.7597351074219,289.03476472435113,277.1789543623055,289.03476472435113,12638091
2025-01-07,283.55145263671875,284.7370456837066,277.6729348509699,278.7597234522281,13247733
2025-01-08,278.7103576660156,283.55147436896715,276.7343892035141,283.55147436896715,10996122
2025-01-09,277.87054443359375,280.6863053140309,276.2403766030934,277.87054443359375,12715512
2025-01-10,267.74371337890625,277.6235552010061,266.7557291966963,276.63557101879616,15317565
2025-01-13,256.4806823730469,265.66892258537763,255.19628493257238,261.815790565719,19429753
2025-01-14,266.6568908691406,267.7436793616704,258.06144766650834,259.83980690818936,18938129
2025-01-15,264.631591796875,268.9293293860785,263.1001980933565,268.7317204724351,11376064
2025-01-16,272.8318176269531,274.7089814861429,268.138892903537,270.1148612081333,17234302
2025-01-17,278.7597351074219,280.48870745188685,270.7570570828641,272.140259079144,12741720
2025-01-20,282.3658447265625,284.34181293360876,277.3271499193001,279.79711017810797,10483849
2025-01-21,275.6475830078125,283.4526519086813,274.9065948814474,282.365863293169,13020489
2025-01-22,267.10150146484375,275.9439408706726,263.10014785920345,275.64755770768346,21272549
2025-01-23,270.65826416015625,273.622216546721,263.89056684732356,265.5701217758472,11978782
2025-01-24,266.9039001464844,273.37521412987735,265.570115573504,270.6582578389804,10164897
2025-01-27,259.7904357910156,263.7917594070619,258.6542299350358,263.7917594070619,13710372
2025-01-28,255.14691162109375,262.5074057398294,249.663596468553,260.333828507873,29049716
2025-01-29,263.9894104003906,264.7797857602155,255.8879272831933,255.8879272831933,14361301
2025-01-30,275.4006042480469,277.1295766513978,264.6809693170937,265.61956639641005,46735932
2025-01-31,289.1335754394531,290.66496906826546,278.2163618881914,280.48871352980245,50252116
2025-02-01,278.4139404296875,296.00007759162673,266.06413771100216,292.3939412279477,61832253
2025-02-03,270.8558654785156,274.5114191204206,260.13623075649355,274.5114191204206,41786023
2025-02-04,281.08148193359375,282.5634581125055,272.58481247765656,272.68361691976054,29035155
2025-02-05,285.4780578613281,288.29378882119636,281.57550805771757,282.2176917827597,18818511
2025-02-06,276.3885803222656,286.46603123619286,275.6475921712676,285.47804703486213,16834939
2025-02-07,273.72100830078125,278.90792530816606,269.81848883337494,277.37656187110156,26682639
2025-02-10,270.1642761230469,278.8091373793956,268.7316870544986,275.5487716150427,21789085
2025-02-11,261.8652038574219,270.70767463297733,259.5928522256014,270.5100657298253,23839025
2025-02-12,256.0361022949219,262.556804118831,250.94798963756563,261.7664288102479,27997028
2025-02-13,258.4072570800781,262.30980675505543,255.49272176221976,256.0361010152942,18016813
2025-02-14,247.34185791015625,261.3218287287975,245.21768277125375,259.04947706107544,25683310
2025-02-17,245.5140838623047,246.99606022364657,239.68498287120389,245.95867375561863,24947159
2025-02-18,241.6609344482422,246.7490469027466,237.65959553743355,246.00805877390954,21180375
2025-02-19,250.3551788330078,250.94797535615183,237.3631932256515,237.80778308028857,21516255
2025-02-20,257.12286376953125,257.8144647045764,247.24302270249834,248.9719948892291,18922988
2025-02-21,253.02276611328125,259.3458591246186,251.34318087002464,256.3819064489087,16594628
2025-02-24,253.26976013183594,255.34453301831687,247.49004643052677,247.98403853917054,15409569
2025-02-25,253.56613159179688,255.44329548751816,252.2817642291676,253.26974840069292,14770656
2025-02-27,249.41659545898438,255.29509813183714,248.87320116181743,254.0107307981866,11087361
2025-02-28,243.29110717773438,247.93462986309402,240.57415065087642,246.996047896177,17754591
2025-03-03,254.29725646972656,255.78909204318117,241.4238090433643,244.526078691217,24644079
2025-03-04,261.529296875,263.2977970875547,249.4660178784524,250.8393153540527,24998454
2025-03-05,271.6166687011719,272.4860695958078,260.1659036390385,261.8158507573725,28499877
2025-03-06,269.6702880859375,277.62354850041805,268.56372050182694,272.8910959396048,22586087
2025-03-07,273.6617431640625,276.36884046620946,270.7076799544489,272.48603951423325,25542382
2025-03-10,269.0577392578125,280.06389834566653,268.28711274391674,275.25241984151967,20986855
2025-03-11,275.3661804199219,276.67754987154603,267.28937671643797,270.1704239317,20980143
2025-03-12,275.0184631347656,278.5651090015789,272.3262053547748,276.9557148281683,15308721
2025-03-13,278.2372741699219,283.92975856660445,277.5915337291201,281.14809344413095,38015489
2025-03-17,278.0981750488281,281.5256109212779,274.9091892704679,279.1611804142402,13883681
2025-03-18,278.0981750488281,278.0981750488281,278.0981750488281,278.0981750488281,0
2025-03-19,288.102294921875,291.07271922641786,282.89659419121415,284.1284701643319,21095205
2025-03-20,295.10614013671875,295.8313740477965,289.1950941767289,292.88080804052265,27889890
2025-03-21,293.8047180175781,299.03030717356074,290.83429377096314,299.03030717356074,41751586
2025-03-24,300.12310791015625,302.9047729931034,294.41073506799194,294.9571238213965,29935092
2025-03-25,298.066650390625,302.50740063732644,296.69567603933956,302.01067255746216,19364944
2025-03-26,297.5798645019531,303.5008546837003,296.5367173507763,299.0998512030386,23869923
2025-03-27,298.6825866699219,300.023758541547,294.68890384483063,295.0564777709916,14453677
2025-03-28,299.34820556640625,304.5737641451472,297.11292929482534,302.01066069359933,20850848
2025-04-01,290.0892028808594,303.7988859583522,288.1022905323603,300.02376462335457,33171384
2025-04-02,280.552001953125,288.84736661067814,272.65404399748735,288.0029228459198,52653587
2025-04-03,285.6186218261719,286.3637138831097,280.7506931177527,281.14806948454486,20968721
2025-04-04,278.167724609375,286.11537388392856,276.478837011382,285.22126940411647,19699594
2025-04-07,270.3194274902344,272.7037162132229,254.52348059282508,255.31823339452924,24954083
2025-04-08,279.6082458496094,286.1153715120562,274.7899774532791,280.6017020006929,26787606
2025-04-09,278.3167419433594,280.9493947490269,274.7899846419017,279.1611857574465,11389916
2025-04-11,283.135009765625,285.12192211485745,280.80038169170155,281.14809741639255,13883110
2025-04-15,291.778076171875,292.2251132376026,285.6682967460563,288.00292470443924,19512440
2025-04-16,291.6787414550781,293.4172897757019,289.3937740429609,291.57938977318145,12479078
2025-04-17,293.21856689453125,294.6590903914567,289.2447424261849,291.08264230637,13609937
2025-04-21,297.9871826171875,299.6263791917473,293.2185749337062,295.5532029364431,14064356
2025-04-22,301.36492919921875,302.7557617457966,297.78848099525027,299.0303011828869,11962358
2025-04-23,303.84857177734375,308.2694334866551,299.82505614950605,303.60020773801585,21918666
2025-04-24,303.6995544433594,306.580571188803,301.4642781260173,303.0041230174806,17241517
2025-04-25,295.6525573730469,305.7857919489767,291.77808443760676,304.79233579538305,20307004
2025-04-28,303.05377197265625,305.8354672506762,293.91399401941027,294.0630063712262,29913417
2025-04-29,315.02496337890625,317.3595914850266,303.79889026019765,304.54398240143547,57882724
2025-04-30,312.0445861816406,318.3530388665139,310.5544019403891,316.9125153061537,24863436
2025-05-02,309.1138916015625,315.6707086070949,308.5675028168837,308.76617586682266,15451259
2025-05-05,313.2367248535156,314.82626082247975,311.1504911069944,311.8955832501454,10955241
2025-05-06,308.4681396484375,317.2105417850753,307.17665875934654,313.58443284151105,17029890
2025-05-07,307.9217529296875,313.13739783761883,303.0041327464874,303.0041327464874,19274367
2025-05-08,305.1400451660156,311.64720102743524,302.805417190054,308.4681292749077,17110997
2025-05-09,313.7831115722656,319.69415710728686,303.0041069499785,303.0041069499785,44244945
2025-05-12,320.6876220703125,322.87323765233975,314.13083595998006,322.87323765233975,39927141
2025-05-13,333.55291748046875,335.53982987052365,320.68764762771235,321.58178245753874,57985762
2025-05-14,342.0966491699219,343.73584583939555,332.311099518144,336.7816524264598,43684324
2025-05-15,348.1070251464844,348.7031048936383,338.5698401456474,344.2325522667968,35959338
2025-05-16,361.5186767578125,368.72123364282226,347.31226633935694,349.29917858349756,68855818
2025-05-19,361.36968994140625,371.0558878161243,360.1775303835209,370.4598080371817,52003735
2025-05-20,361.4193420410156,368.57223858270925,356.1540364741274,366.98270264923553,67088831
2025-05-21,380.49371337890625,381.3878178689629,361.61804613556626,364.4990629670271,88688170
2025-05-22,380.8910827636719,384.2191669377616,376.51988175672045,380.49370636629004,43486783
2025-05-23,381.2884521484375,387.34854063014984,378.6061387770363,386.60344852955916,37666187
2025-05-26,382.0335388183594,383.27535896835775,376.023141419517,382.3812545239339,26722908
2025-05-27,382.8780212402344,386.2557663256805,380.94079980137514,381.9839167055395,16859142
2025-05-28,387.8949890136719,390.9250183246151,381.5865360216051,382.9277079676158,27549144
2025-05-29,384.2688293457031,389.5341651677785,383.02700914963003,388.98774609078083,18562683
2025-05-30,382.083251953125,387.4479092483733,381.13945645729245,384.26883735303096,23144580
2025-06-02,384.9642639160156,386.7028122046686,381.23880329747357,382.4806235036542,11943152
2025-06-03,383.4740905761719,389.23612436959564,382.9773624795706,384.96427486597565,18630318
2025-06-04,388.0439758300781,388.73937694000966,381.5865108954077,384.4675276488394,20648850
2025-06-05,390.92498779296875,392.1171472780643,386.95116326648366,391.12369114644304,20746844
2025-06-06,388.1433410644531,394.2530904986112,386.6531567967133,392.2661781416247,17366507
2025-06-09,389.88189697265625,392.71322288222177,389.2361261897533,391.42174195217007,13744521
2025-06-10,394.7994689941406,399.220361000523,392.1171555727477,393.90536452034297,26456073
2025-06-11,390.32891845703125,395.64391496648386,388.0439814205334,395.64391496648386,18042738
2025-06-12,384.86492919921875,393.1602946057068,383.076720150652,390.2295866627963,15555771
2025-06-13,391.62042236328125,395.14717953176347,377.0166049837944,377.1656173411616,35564550
2025-06-16,401.207275390625,401.85301582961904,391.6204295314417,393.5576508484238,32061745
2025-06-17,399.12103271484375,404.833405927315,397.879212451263,403.14451824169424,24371681
2025-06-18,397.8791809082031,402.34973350267734,395.8922686439924,399.02164939654926,18879759
2025-06-19,395.9419250488281,401.15756968607286,390.8753230840902,398.37590467335895,18220823
2025-06-20,405.5784912109375,407.3170395504822,395.14720117366903,396.389021416201,122552435
2025-06-23,418.14569091796875,419.63587515525154,406.3732293798597,408.3104810154777,43017721
2025-06-24,415.7613830566406,423.7090319561702,412.28428666309645,423.6096802813512,33807025
2025-06-25,403.3928527832031,417.6489544297447,402.34973596525816,417.5496027523511,29028317
2025-06-26,407.4163818359375,411.19150315900634,404.1876492798288,406.2739133027358,25730795
2025-06-27,411.78759765625,414.07253480439306,406.8203166230021,407.81377282965167,41398277
2025-06-30,418.7417907714844,420.23197508027965,411.53923327897365,413.9235221094707,20350621
2025-07-01,429.4214172363281,433.14687776758603,421.3247557453027,422.02015685374556,35405785
2025-07-02,424.1560974121094,429.9181307110113,419.8345572789957,428.2292432003636,22843521
2025-07-03,423.4606628417969,427.8815546162099,421.27504729352825,424.901186314684,13499244
2025-07-04,424.7521667480469,429.5704351611594,422.9639577970184,427.1861464538295,16618426
2025-07-07,414.37054443359375,424.6528211088437,413.42674901358504,424.6528211088437,22221724
2025-07-08,419.2384948730469,420.57966673775616,413.52612201636435,415.26467027709384,15970711
2025-07-09,414.9169616699219,421.2254143876518,413.77449314258723,421.17575370650184,14956297
2025-07-10,410.7940979003906,416.754834508377,407.8137295963975,415.711717729129,17914452
2025-07-11,406.62158203125,410.4960851939736,402.449084474442,408.31046958002054,15186245
2025-07-14,404.63470458984375,407.66476423892254,402.498779789335,402.8464955284591,17844425
2025-07-15,406.2738952636719,410.1980287745957,405.1313964633223,405.82682787937205,11971127
2025-07-16,403.4922180175781,407.61505506599786,402.8464775696361,406.7209505751646,9173824
2025-07-17,401.55499267578125,406.02554540331425,400.4124938355553,403.4922140003199,7922270
2025-07-18,392.16680908203125,404.28698604971527,391.5707293377742,401.6046423594962,21172393
2025-07-21,397.3327941894531,398.32625032662605,388.54070131189786,392.017797792003,12980473
2025-07-22,400.4621887207031,402.0517246583826,397.1341044832222,400.36283703999635,12447434
2025-07-23,397.5811767578125,402.25040262946555,394.00472843369147,400.859570036162,10413255
2025-07-24,395.6439208984375,399.2700298663231,393.4086445091808,398.0779006494454,6767566
2025-07-25,392.6138916015625,398.07790055173774,390.92500398072144,396.3890129308967,9202508
2025-07-28,386.70281982421875,393.7563647978826,380.791743399177,392.6138962492605,19856033
2025-07-29,385.7093505859375,388.19299096318116,375.5264250392386,387.4478988500081,25307639
2025-07-30,383.9707946777344,389.83217978776514,382.48061048105495,388.3916865883668,11335944
2025-07-31,380.5930480957031,385.70934108319955,376.32116856136514,376.5198719137994,9702316
2025-08-01,374.7316589355469,380.99042033674516,373.7382028199361,380.59304395407577,8702605
2025-08-04,387.0008544921875,387.69628596636335,373.98660239502414,376.5199036034637,13454379
2025-08-05,384.11981201171875,387.6962601936724,380.84141886368866,387.4478961576739,13482710
2025-08-06,387.1498718261719,390.92499304994874,384.5668797856467,389.43480883247753,16852693
2025-08-07,385.2126159667969,387.74591698140136,380.9904273972059,383.4740677322594,11520396
2025-08-08,382.083251953125,384.8649171231422,381.0897957755651,382.77865308669107,7139111
2025-08-11,381.3878173828125,385.8583701452734,379.0531893210632,381.4871690633313,8910936
2025-08-12,377.861083984375,382.8283651454214,377.0663008078807,381.4871931683632,9329093
2025-08-13,386.3054504394531,387.34856732501834,379.5996210719922,379.69897275582633,10930440
2025-08-14,383.2683410644531,386.35520574469433,380.9282970138731,386.20584769640396,8046552
2025-08-18,380.8785400390625,388.09780648424737,379.4844808721172,386.3552249285131,11778056
2025-08-19,378.43890380859375,382.0734552689266,375.899725763357,380.8785300781035,11111204
2025-08-20,370.273681640625,382.6708861070648,369.5268609960849,382.27258784095204,20289349
2025-08-21,372.6137390136719,375.8001556443125,369.9251724422527,371.4188137845498,12680853
2025-08-22,373.2609558105469,378.3393421566636,372.016254764352,372.2153886988177,15246732
2025-08-25,370.4728088378906,378.4388955680221,369.9251525304778,376.24823995016146,8577673
2025-08-26,364.2991027832031,370.4728016462858,362.7058793904626,370.42302576047246,15718869
2025-08-28,362.3075866699219,366.19104785711414,359.6688265291508,362.5067206044238,12218065
2025-08-29,367.83404541015625,369.4272688196348,360.06712307273597,360.7641374224891,12739664
2025-09-01,372.3149719238281,373.65925513520085,365.991884513452,368.381734839541,8821349
2025-09-02,375.0035400390625,377.3435841007971,372.16561555518047,375.7005543971432,12169182
2025-09-03,377.0946350097656,379.5840370618813,375.50141161876985,376.14865007467824,9919255
2025-09-04,370.9209289550781,379.88277690298605,370.42304851352765,379.88277690298605,9288078
2025-09-05,369.2281188964844,373.90820714654546,366.9378810479414,372.4145658397017,7325669
2025-09-08,370.3234558105469,372.9124401105854,369.2779190683244,370.0745155968549,6897641
2025-09-09,370.3732604980469,372.41455808628416,368.3319325216001,370.32345422259624,10598912
2025-09-10,386.4049987792969,387.3509837741323,371.46858552322493,372.11585440822313,23174318
2025-09-11,383.5173034667969,390.83615213862737,382.42196040226935,387.948451614481,19042696
2025-09-12,397.6072998046875,398.1549865113875,383.66664774498406,384.36369250325316,26356961
2025-09-15,396.76092529296875,401.39120719647934,394.02258293852367,398.3043424647357,18486916
2025-09-16,401.1920471191406,401.5903453881819,394.5204675451209,396.7609294952146,12467341
2025-09-17,410.45263671875,414.88375429200426,403.2831464051523,403.781026832813,31367478
2025-09-18,408.1623840332031,413.240770666018,406.46960874773873,413.240770666018,12000897
2025-09-19,407.1665954589844,411.69732544781976,406.51935700006754,407.2661776191736,16150731
2025-09-22,404.6772155761719,409.6560199764403,403.63167880739974,408.0627964907123,10884230
2025-09-23,402.7355041503906,405.9717270431687,400.59459392613803,404.67721965313103,11906108
2025-09-24,393.7736511230469,403.23337945834527,393.3255465729328,402.7354990196453,10835672
2025-09-25,401.44097900390625,404.7270080287682,390.78635618419,393.77363872231393,23804019
2025-09-26,394.2217102050781,404.4282588080028,392.7280689461135,401.9388567097285,11687034
2025-09-29,398.25457763671875,406.4197986510677,397.3583685307176,399.3001144094393,23390892
2025-09-30,402.23760986328125,404.6772057271114,400.14650598841985,403.2831466066071,14681751
2025-10-01,404.77679443359375,407.26619661338214,397.65711027704094,400.29587050997463,13156495
2025-10-03,410.9007263183594,412.0458452673873,403.38274373333155,405.0755190180912,16002501
2025-10-06,411.4981689453125,413.1411682609187,405.77254409005405,410.9505126361802,14684188
2025-10-07,408.5606689453125,413.78841346341665,407.3657741455289,411.4981756393407,11933246
2025-10-08,401.9388732910156,410.2534827198984,401.39121696208633,408.6602592336353,8668516
2025-10-09,407.6147155761719,408.2619540598443,401.2916280149201,401.9886727746965,9035150
2025-10-10,411.7471008300781,413.7386224785912,406.6189386627987,407.2661771209237,13813014
2025-10-13,407.66448974609375,411.2492349174471,404.6274312803166,411.1994590297628,7858503
2025-10-14,400.69415283203125,412.3943426113271,399.89755632149047,408.2619412350048,10789648
2025-10-15,406.3700256347656,408.5109054724575,401.291639013773,401.291639013773,10892830
2025-10-16,410.0543212890625,410.95053039831953,407.3159788486255,407.3657851259235,11479498
2025-10-17,411.0500793457031,418.2195698411208,407.91343864953683,408.61048342122285,19566580
2025-10-20,414.7344055175781,415.77994228376684,410.7513620072052,414.7344055175781,10580573
2025-10-21,415.9293212890625,417.37315629588767,414.83397827091983,416.37739544088697,2915071
2025-10-23,416.8752746582031,420.7089600164685,416.22803618197355,419.7131991643585,21980966
2025-10-24,420.2608642578125,421.90389400868776,418.11998445869074,420.2110883694509,18720794
2025-10-27,413.3901062011719,423.1983565422036,412.842449895048,423.1983565422036,12158324
2025-10-28,411.7969055175781,415.0331284227572,409.1083693369713,415.0331284227572,12247991
2025-10-29,405.4738464355469,413.14118705320493,405.1253240465145,411.7969037744863,14498733
2025-10-30,408.1623840332031,408.90920470308146,402.5861169538026,406.07128007990156,11172780
2025-10-31,424.293701171875,425.43882006339146,406.41978188929374,412.0458245731689,51342361
2025-11-03,420.5097961425781,429.1729277205269,414.6348131864588,426.1856451609873,27222212
2025-11-04,413.3901062011719,420.6093722833624,412.7428677335139,418.21955234758946,12831686
2025-11-06,407.0670166015625,413.24074592488046,405.72276378683193,409.25770259066473,12786294
2025-11-07,412.4939270019531,414.23650846786364,403.58185534958443,406.27042176655857,10141248
2025-11-10,415.0829162597656,418.6178551207863,412.24499176058345,414.18673757271057,9288444
2025-11-11,425.4886169433594,426.0860795561272,415.38164996845944,415.38164996845944,24889361
2025-11-12,422.9494323730469,427.57971437200206,420.01192563153444,426.3350132761426,15221773
2025-11-13,418.0203857421875,423.39751855357974,417.2237892306822,421.3561906120078,9091428
2025-11-14,425.04052734375,426.8826910044827,416.92508244723524,417.02463422223997,14719899
2025-11-17,422.7502746582031,427.679303230227,420.60939481746345,426.1358860024919,12996079
2025-11-18,419.1157531738281,427.629527029468,418.5182905612587,422.7502743503268,13340937
2025-11-19,421.406005859375,422.4515426015139,413.29053058309756,418.21955896908855,9661756
2025-11-20,421.20684814453125,425.38905595515104,420.4102516035609,423.1983698851673,10463382
2025-11-21,414.5850524902344,421.555378717899,413.7386496563758,419.713214994374,8395038
2025-11-24,402.0882263183594,413.58928257597734,399.3001080434151,412.2449993266181,23696864
2025-11-25,408.5108947753906,410.65177455702246,404.27891110008187,404.7767915324711,14107503
2025-11-26,413.5394592285156,414.7343843759989,406.7682977613338,408.51087920829184,8339381
2025-11-27,411.29901123046875,415.5309948871433,410.25347448233896,413.53947316635526,5251173
2025-11-28,410.0045471191406,413.4897102397648,406.9176822775171,412.24500912525616,6690232
2025-12-01,415.4812316894531,417.4229775818122,411.7471283489248,414.1369484092208,9650320
2025-12-02,411.29901123046875,416.87527812631726,409.2577136219449,416.27781553243886,11215451
2025-12-03,402.23760986328125,410.9505173516956,401.6899231596551,410.25347259733854,12294040
2025-12-04,405.4240417480469,407.76408592562854,400.04693900029616,404.07975846405645,10865110
2025-12-05,405.1750793457031,408.95898876714847,403.63166220040637,407.2661831854217,11774958
2025-12-08,384.7619934082031,404.7270170492327,383.3679342703167,404.7270170492327,25593778
2025-12-09,387.799072265625,389.34248941621115,378.93677645683687,383.41770024807204,19270896
2025-12-10,385.7079772949219,389.79060292075246,384.1147538326209,388.34673751062127,8372979
2025-12-11,385.8573303222656,388.346732453377,383.517286241379,384.3636890435988,7666925
2025-12-12,387.799072265625,392.4293541055928,386.35520688872106,386.35520688872106,12661065
2025-12-15,389.09356689453125,390.73656628170284,386.35522445317497,387.4007612300449,9087687
2025-12-16,386.355224609375,389.54167160679845,383.1190017228274,389.09356705183836,8700626
2025-12-17,383.96539306640625,386.75351131456773,383.3679304737403,386.3552130488603,6612962
2025-12-18,381.82452392578125,385.16029858360804,378.83724126751684,382.4219561468656,7510229
2025-12-19,391.1846618652344,391.8319003497966,381.87429170050063,381.87429170050063,11595429
2025-12-22,397.2588195800781,397.6073115813247,391.23444795720303,391.33403012393524,9321669
2025-12-23,397.7068786621094,400.79374338445143,394.0723576258302,397.30858039849966,7734965
2025-12-24,398.3043518066406,401.9388729392341,395.91453177344283,397.308590927124,8097208
2025-12-26,396.76092529296875,405.8223247734737,395.46641794703254,401.29162503322124,13284184
2025-12-29,391.58294677734375,401.7397194084796,390.7863502678546,399.30009321732956,15690096
2025-12-30,391.6327209472656,395.3170481609764,387.8986178475083,394.12212301377053,37726382
2025-12-31,397.9060363769531,399.5988115662219,394.022575191914,394.2217091263055,9409818
2026-01-01,396.01409912109375,399.0511575346954,392.9272344324536,398.20475474113465,6084786
2026-01-02,401.44097900390625,403.8806052319912,397.25880168345844,397.9558160427617,10950368
2026-01-05,412.04583740234375,416.8255078292685,401.09246779109696,401.1422740677106,26097635
2026-01-06,411.34881591796875,413.9378002226377,408.461115511619,412.9420393660888,9927677
2026-01-07,413.88800048828125,414.48546308929525,407.81385308969095,411.3488224192345,8279218
2026-01-08,413.88800048828125,421.1570730888995,412.29477701498064,413.9378067648217,22238704
2026-01-09,416.8752746582031,422.7502576080101,414.087156427579,415.23227532986357,22963210
2026-01-12,415.9293212890625,418.02039477399614,408.8594131409158,417.72167867277983,14594852
2026-01-13,411.9462890625,420.55961461465586,407.6644990367261,417.97063024366406,13393010
2026-01-14,415.8297424316406,419.016158960048,409.2577146587487,409.2577146587487,17676239
2026-01-15,415.8297424316406,415.8297424316406,415.8297424316406,415.8297424316406,0
2026-01-16,408.5108947753906,415.4812208288403,404.62743348039635,414.7841760682113,18888193
2026-01-19,411.0500793457031,413.14118327255085,405.9717231653436,408.26196103537984,8012134
2026-01-20,407.6147155761719,413.6390566454295,404.2789106056019,412.1454153500886,32732305
2026-01-21,400.943115234375,407.76408339071406,395.3170722982014,404.77680072851103,19150437
2026-01-22,415.531005859375,416.52676674606244,404.2789199950914,404.2789199950914,19763144
2026-01-23,408.958984375,417.22378709535235,406.7682983972588,417.22378709535235,12715222
2026-01-27,414.1867370605469,417.4727357050885,409.8551712922261,414.68461748476284,15482165
2026-01-28,451.0796813964844,455.5606053838667,415.53100560796724,416.228050383511,71986647
2026-01-29,442.6156921386719,454.0171658799798,436.39218690612586,452.3243603014436,42412510
2026-01-30,447.09661865234375,450.0341252954324,437.43772631682003,444.9557389168396,36684903
2026-02-02,437.23858642578125,439.4790482927439,418.46848870714103,430.16867845683504,43652893
2026-02-03,437.0892333984375,458.04998695033777,433.40490613072717,458.04998695033777,26696516
2026-02-04,437.33819580078125,441.5203733130986,431.96106267489915,434.9483453500733,12400181
2026-02-05,431.06488037109375,437.1390278378264,426.3350161746708,437.1390278378264,14345511
2026-02-06,427.8286437988281,431.5627469922106,423.7460182297548,431.164448729225,11078888
2026-02-09,435.4461975097656,437.7364656448853,427.679275214129,430.1686772817316,12162696
2026-02-10,435.4461975097656,439.4292408179298,431.7120944083617,436.1432422439779,10878065
2026-02-11,435.6951599121094,436.8403092321109,432.508743336178,436.8403092321109,8274702
2026-02-12,442.01824951171875,443.0638166709096,432.75768546294563,435.1475055024796,16140306
2026-02-13,433.7036437988281,444.3085215955896,430.9653013493417,442.01825331400175,14086068
2026-02-16,436.14324951171875,436.740712095541,427.28098408101744,431.2142211804464,8156650
2026-02-17,444.95574951171875,447.44515167930336,438.43349759972097,440.12630322896257,17963084
2026-02-18,445.8021545410156,451.57755544321924,444.2587069565195,448.092392391287,14341134
2026-02-19,433.5044860839844,447.3455556284585,431.1146661549299,445.80213848775077,9791516
2026-02-20,439.2799072265625,443.5118909770847,431.861506885044,433.1559838769783,9533724
2026-02-23,437.8858337402344,443.412294301854,433.85301445345345,440.9228921771227,12915631
2026-02-24,433.20574951171875,435.6453757713221,428.525691707787,435.14749534186916,12223376
2026-02-25,437.437744140625,439.130549798534,431.7121190582178,433.15598449515255,9469190
2026-02-26,447.1463928222656,447.9927956134826,438.1347693800728,438.73223196141475,13738213
2026-02-27,442.81488037109375,447.0966400469945,439.827597698174,446.6983417682473,22732811
2026-03-02,452.0256652832031,454.76400771321033,439.8275944586255,440.22589273443896,35034174
2026-03-04,444.95574951171875,458.8964016501927,442.6157053965472,458.0499988355719,35193505
2026-03-05,458.04998779296875,465.9164923752496,443.9599779417617,446.8974541957692,38023711
2026-03-06,468.45001220703125,473.45001220703125,460.3500061035156,462.0,28141400
