Date,Close,High,Low,Open,Volume
2021-03-08,97.69133758544922,99.50929984124483,97.18104127032188,98.16974768083982,18727656
2021-03-09,96.76641082763672,98.83952118700687,94.72519642045097,98.83952118700687,14621175
2021-03-10,96.28800201416016,97.75512823448175,95.29928588307746,97.62755415734034,10788943
2021-03-12,96.00096893310547,97.59566941372185,95.04414864473566,96.9577892214753,14835735
2021-03-15,96.92469024658203,97.38655865471239,95.50612318662944,96.62778203261017,15783310
2021-03-16,96.1329345703125,97.68346983263893,95.40716003277696,96.9906772671791,11857531
2021-03-17,92.2730941772461,95.96797054517913,92.04215999960722,95.70405440023949,15554810
2021-03-18,90.4256591796875,93.52671946953527,89.86482473601274,93.36176934701403,14401450
2021-03-19,89.9308090209961,92.37206882642899,88.0833656309162,89.73286685995959,33294812
2021-03-22,89.5019302368164,90.78854921483006,89.27100611165835,90.78854921483006,11414253
2021-03-23,89.23802185058594,90.16173856722298,88.4792552667596,89.46895606362376,8887103
2021-03-24,87.2916030883789,89.17202836339617,87.12665297296918,88.34727778634752,10865477
2021-03-25,84.52044677734375,87.81944922661155,83.82765424944621,87.09366466067003,18629600
2021-03-26,85.51016235351562,86.0379947828054,84.91633576892725,85.18026205133039,9505615
2021-03-30,87.7204818725586,88.71018270617398,85.87303830292505,86.4338728024101,20582346
2021-03-31,86.00499725341797,87.75346451169888,85.77406305654777,87.75346451169888,14900610
2021-04-01,87.19263458251953,87.3575847123145,86.16995183199626,86.730776232645,6226087
2021-04-05,85.6421127319336,87.15965599858427,84.48746177848852,87.02768783541326,9012457
2021-04-06,85.97200012207031,86.99469282685867,85.31219967611085,86.33489238089919,6689423
2021-04-07,86.59881591796875,86.89572413042187,85.60911516462053,85.97200745439955,5657926
2021-04-08,86.86273956298828,88.24832476395528,86.56583132499752,86.63181540799881,9330363
2021-04-09,85.44416809082031,87.06067736547361,85.08127578808009,86.86273519418285,10149401
2021-04-12,82.2771224975586,84.65240838705107,81.55134293527077,84.45446621830054,11334755
2021-04-13,84.42147064208984,84.7513708869341,82.34310312667374,82.34310312667374,7809483
2021-04-15,84.61941528320312,86.30190859478307,83.76167260791169,84.42147311694251,8924391
2021-04-16,84.35549926757812,85.74107941509368,83.86064885533123,85.01530485111935,10358366
2021-04-19,82.21113586425781,83.13485751003378,81.4193773300944,82.87093632068665,7131534
2021-04-20,82.14515686035156,83.29980765959345,81.84824866838342,82.4750570887064,7738871
2021-04-22,82.508056640625,82.80496485963805,81.81526408442325,82.24413542712536,8514980
2021-04-23,83.23381805419922,83.95959745766683,81.98019633882204,82.44205458633488,8992991
2021-04-26,83.76168823242188,84.45448090968587,83.4647799615255,84.28953075165914,4967884
2021-04-27,84.12455749511719,84.38847868226962,83.53073608249372,83.79465726964614,3982954
2021-04-28,84.78436279296875,85.41117124364563,84.12456230430752,84.45446254863813,6206074
2021-04-29,84.4874496459961,85.80705054615142,84.22352845918944,85.60910839757695,8345584
2021-04-30,87.78645324707031,88.80914597397705,83.79465844913135,84.0585796399987,27396950
2021-05-03,87.22562408447266,88.05037470945398,86.5658235844876,87.75346649801203,10262391
2021-05-04,87.62150573730469,89.6009071768473,87.25861345983726,87.4565556173428,9926789
2021-05-05,87.85244750976562,88.74318236356649,87.42358113882943,87.7534814450137,4877341
2021-05-06,88.80915832519531,89.36998275373385,88.24832382889933,88.54523206374414,7632817
2021-05-07,90.29370880126953,91.05247540252094,89.0730737633357,89.33698995479078,12644960
2021-05-10,97.02365112304688,97.98035969235043,90.45863913700944,90.45863913700944,45098431
2021-05-11,102.73092651367188,103.42371898935266,95.77002985681821,96.62777244252986,66582000
2021-05-12,101.27935791015625,105.37011823564742,100.15769928235693,102.86287478849,42959024
2021-05-14,96.85871887207031,102.89588963553595,96.39686051913014,102.89588963553595,23140309
2021-05-17,97.74944305419922,98.4092435744915,95.01127492208902,96.99067648296588,17076463
2021-05-18,96.6277847290039,98.83812051156973,96.39686058625152,98.37626215830797,10295029
2021-05-19,100.19071960449219,100.61958594370658,95.73706580042649,96.62779052058505,23999878
2021-05-20,96.7597427368164,100.55359574665299,96.3638684634007,100.55359574665299,22983457
2021-05-21,97.12262725830078,98.70615442838687,96.89170313424562,96.99066917773266,13009821
2021-05-24,98.24430847167969,98.8051430268151,96.09995645273379,97.7164760289152,14192862
2021-05-25,97.2875747680664,98.97006793653875,97.05665065020138,98.83810985950788,10434892
2021-05-26,96.1329345703125,97.65047779280617,95.80303430749896,97.51851970123217,9948786
2021-05-27,95.3741683959961,96.52881932072303,95.07726017176059,96.16592701654315,24064196
2021-05-28,96.92469024658203,98.17831724788958,95.50612318662944,96.06695764349817,16465504
2021-05-31,97.45252990722656,97.91438823453204,95.7040626439428,97.02366361781928,11767444
2021-06-01,97.38655853271484,98.5741913871145,96.92469012516307,98.01336699870504,9307143
2021-06-02,98.37625885009766,98.90409119735708,96.99067376914999,97.32057402006546,10714318
2021-06-03,98.34326171875,99.23398630944162,98.0463535218528,98.9700701494788,9282774
2021-06-04,101.01544952392578,101.87318202586681,97.78242138703186,98.31026374282634,29422387
2021-06-07,103.09382629394531,104.80931159057916,102.56598388976903,102.928876171875,31071589
2021-06-08,102.92890167236328,103.91860264998216,100.81754160032814,103.85261855770399,12874065
2021-06-09,103.19280242919922,106.4918051931475,102.40104377940312,103.58868678797599,30443113
2021-06-10,103.2587661743164,104.74331712570434,102.7639158571871,103.65465045512205,11459484
2021-06-11,107.31654357910156,108.86707872747417,103.35774071628431,103.58867491038451,61728565
2021-06-14,105.13919830322266,108.20726615176514,102.63195475688681,108.20726615176514,30836595
2021-06-15,103.68766021728516,106.78873109012756,103.42374400450451,106.29388064034524,30153988
2021-06-16,102.63196563720703,104.7763171754705,102.17010731943999,103.78661646550273,14098443
2021-06-17,100.38861846923828,102.53296959058633,99.89376821046567,102.26905347967597,15784276
2021-06-18,96.59478759765625,101.4773172586873,95.73705501584924,100.94947485374387,24823176
2021-06-21,97.32057189941406,97.6504721431409,94.68136994959946,96.33087116823359,15038290
2021-06-22,98.1123275756836,98.6401699636221,97.51851118160037,98.24428565572917,12494441
2021-06-23,97.94739532470703,99.36597263028104,97.74945313465507,98.87112218903015,7983220
2021-06-24,96.59478759765625,98.37625697280986,96.33087142906278,97.94738061414986,12929173
2021-06-25,98.14531707763672,98.47521730310777,96.82571617575253,96.82571617575253,7400514
2021-06-28,97.12262725830078,98.3102701189263,96.99066917773266,97.05665325189482,8217659
2021-06-29,95.34117126464844,97.58448891436107,94.9782789798476,97.05665657402155,21576435
2021-06-30,96.7597427368164,97.25459312940379,95.73705997967475,96.06696024139968,12919448
2021-07-01,96.09992980957031,97.18860657339923,96.00096377092937,96.72674828014864,5668038
2021-07-02,97.41952514648438,98.07932554725366,96.36385054590659,96.99065891308639,20805994
2021-07-05,98.90409088134766,99.299975208284,97.3865577861905,97.65047395897696,10401054
2021-07-06,97.32057189941406,99.43193144571447,96.92468757983929,99.00306515597218,9579038
2021-07-07,97.35356140136719,98.14531995213571,96.69376093110073,97.32056936430263,6067804
2021-07-08,96.49583435058594,97.74945141931947,95.86902581621916,96.99068478315304,12349670
2021-07-09,96.79273986816406,97.32058232824163,96.0999472685471,96.49583163054466,4963821
2021-07-12,96.59478759765625,97.55150636125965,96.39685550508939,96.8587138340062,4010172
2021-07-13,97.71646118164062,97.98037736292282,96.75974237203951,96.99067658147915,5717442
2021-07-14,97.74944305419922,98.57419370456458,97.15562661303895,97.61748496369215,7216739
2021-07-15,96.79273986816406,97.91439880348042,96.0999472685471,97.65048260732041,7257500
2021-07-16,96.0339584350586,97.68345957592955,95.86900832097149,96.82571696912545,10819800
2021-07-19,95.30818176269531,96.59479074508498,95.01127354641413,95.67107405715312,5158738
2021-07-20,94.28549194335938,95.70406912702622,93.49373331895032,95.34117682107623,6271740
2021-07-22,95.47313690185547,95.93499527006477,94.51642812461675,95.01127853364615,4772582
2021-07-23,95.0772476196289,95.67106398970407,94.58239728864767,95.47312184376042,3419739
2021-07-26,95.01127624511719,96.00097703933716,94.5164258480072,95.01127624511719,4423596
2021-07-27,93.98857116699219,95.83601442242134,93.75764705241092,95.34116408977546,4245486
2021-07-28,95.04426574707031,95.20921587503545,93.06486421148853,94.64838141285122,8834228
2021-07-29,93.79064178466797,95.44014311797383,93.62569165133739,95.04426883863472,8237916
2021-07-30,94.54940795898438,95.60508265463704,93.19681500204071,93.88960749879293,9526451
2021-08-02,94.94527435302734,95.60507475872664,94.41744208267207,95.2092005559602,6164197
2021-08-03,95.17623138427734,95.5061316663719,94.35148067904098,94.9452971597081,5648929
2021-08-04,95.47313690185547,97.22161438774711,95.11024458834909,95.11024458834909,8839351
2021-08-05,95.96797943115234,96.26488763863999,93.82362783475985,95.67107122366468,6237158
2021-08-06,96.39685821533203,97.94738336798625,95.83602375660719,96.06695796143666,10812438
2021-08-09,94.51642608642578,97.55151255679257,93.92260963549873,97.32057834378921,12986298
2021-08-10,93.8236312866211,95.17622435689086,92.86692255273752,94.81333205982966,14022502
2021-08-11,94.97828674316406,95.24221300266312,93.13084319770009,94.2854941551454,8356558
2021-08-12,95.27517700195312,96.79271998757365,94.81331871965699,95.04425289468278,7685737
2021-08-13,94.84632873535156,96.5288221455997,94.48343642055178,95.70407146094448,9455100
2021-08-16,93.69168853759766,95.1102558510283,93.52673838172161,94.87933167345695,5259207
2021-08-17,91.8772201538086,94.05456382989185,90.52462710747228,93.7576556167343,13714266
2021-08-18,91.28340911865234,92.53702612280308,91.05247490158165,91.877225580038,7654460
2021-08-20,89.46895599365234,91.08546528038148,89.07307164811343,90.72257297493034,8877297
2021-08-23,88.38027954101562,89.99678883622633,87.58852091354069,89.93081482346177,7768805
2021-08-24,89.86483001708984,90.32668837373997,88.41327086715073,88.64420507935434,7452062
2021-08-25,91.6133041381836,91.81123623546057,90.06276892446917,90.06276892446917,7817617
2021-08-26,90.5905990600586,91.97617389193024,89.96379067889602,91.61329171761612,6845692
2021-08-27,91.41536712646484,91.91021753306669,90.42566631326116,90.9864907334222,4418540
2021-08-30,94.74734497070312,94.97826907858924,91.44834284871145,91.44834284871145,11333690
2021-08-31,96.23190307617188,96.42983516399444,94.51641781816377,94.7473520109651,14301855
2021-09-01,95.14321899414062,96.75972801712798,94.94527685366646,96.72674605017852,8415876
2021-09-02,95.75183868408203,97.23950636638115,95.4813470848098,97.23950636638115,7787657
2021-09-03,98.96385192871094,99.50481448550194,95.85326563616584,95.9546935360143,12734022
2021-09-06,98.96385192871094,99.97817219999311,97.57761216098542,99.94435946064384,9712271
2021-09-07,99.53861236572266,100.14721062856002,98.42286436115093,99.40337174671365,9475870
2021-09-08,100.85723876953125,101.33059647114227,98.93003649745432,99.64006273167176,7873034
2021-09-09,100.51911163330078,102.07440442179275,100.07957707746908,100.85721831261657,9519564
2021-09-13,104.5426025390625,105.4216717614464,100.95866922327244,101.16153532005269,35672746
2021-09-14,104.61021423339844,105.15118703419142,103.69733230537085,105.04975914825434,8804432
2021-09-15,108.9041748046875,109.71562885585233,104.30592142382264,105.15118821007728,24591822
2021-09-16,109.74945068359375,110.22279805947318,106.5374366297134,109.64801246992029,18440504
2021-09-17,105.962646484375,110.42565942095176,105.08356692799492,110.01992722009989,17317065
2021-09-20,104.27210235595703,106.5374213328187,103.32540774012683,105.42166305180726,12541523
2021-09-21,105.75978088378906,106.84172654570855,103.7649532429361,105.28643352602373,13645046
2021-09-22,109.61419677734375,109.88467801132332,104.81307748772379,106.33455764480364,18861877
2021-09-23,113.16431427001953,114.95627561557153,110.29040737963024,110.72994195323434,31399318
2021-09-24,112.3190689086914,114.58437799180989,110.15517740728954,113.67149593796789,17259638
2021-09-27,112.96145629882812,114.38149832038393,111.81189552379779,112.92764356346291,9099672
2021-09-28,118.03306579589844,119.21643939390161,113.70529330371038,113.94197215059057,41551332
2021-09-29,125.57283782958984,133.21405201381918,116.84968829708112,117.99924911883984,100988643
2021-09-30,125.1671142578125,129.49487622904968,124.49090080491929,126.85764789004553,48957916
2021-10-01,127.60148620605469,128.4129403476275,123.34133906504825,125.36997957807995,25492957
2021-10-04,128.44674682617188,130.74587881980426,127.33099872566412,130.17109324184648,23341448
2021-10-05,133.85646057128906,134.49886133413662,128.75104657082824,129.15677879904732,42359592
2021-10-06,130.40777587890625,137.8123115424135,129.63012417326362,135.2426982127318,41926821
2021-10-07,128.95391845703125,131.82782596732415,127.97341089951243,131.69258532459733,16517664
2021-10-08,127.43241119384766,129.6301047098298,124.49088914029775,129.2243828670285,28978175
2021-10-11,133.1126251220703,135.03982731233046,129.59630683869293,129.83298567945056,34952223
2021-10-12,130.71205139160156,135.9188924724282,129.32581186742237,134.7017062970953,25216411
2021-10-13,128.51434326171875,131.5573031953749,128.04099600234483,131.185383806511,17378156
2021-10-14,124.28805541992188,129.69776394467843,123.27373507153003,128.48057746296817,29542941
2021-10-18,125.30235290527344,126.95907377504989,124.01754117415423,124.96424618416812,15468914
2021-10-19,124.76136016845703,127.77050744221408,124.15277229491393,126.6547595679862,17403803
2021-10-20,122.05651092529297,124.01752553310199,119.960245391541,123.5441782468926,15921230
2021-10-21,123.34131622314453,123.74704837789196,120.97456939624496,123.07083499877778,15586097
2021-10-22,118.94595336914062,124.62615309598938,118.54023145035104,124.0175547405059,13603152
2021-10-25,117.72874450683594,119.85881236230061,116.98490571891682,119.1825990344456,11744666
2021-10-26,118.37117767333984,119.01357844791315,116.1396710138016,116.98493790618735,11602891
2021-10-27,117.3906478881836,119.45309046007013,116.84967511596852,118.81068980727609,9535881
2021-10-28,112.62335205078125,116.98492673536771,112.21761985389946,116.98492673536771,24509136
2021-10-29,111.20330047607422,114.61818048331718,110.42565913104792,111.5752199395123,14826816
2021-11-01,115.46344757080078,116.27490165407154,110.76376611691741,111.57522020018817,13585170
2021-11-02,114.41529083251953,117.49206347935929,113.84051570569657,115.93677079124505,14278962
2021-11-03,114.7872314453125,115.70012371663405,113.16432331651669,113.73909854962434,8974463
2021-11-04,115.42963409423828,115.90298144659458,114.78723337902628,115.7677408199497,973260
2021-11-08,116.10584259033203,117.79637614673815,113.94196170177182,115.63249525817793,8761953
2021-11-09,115.29439544677734,116.57919689925671,114.68580745732893,116.34252837811505,5723308
2021-11-10,112.72477722167969,115.5310691596536,112.55572386342335,114.88865814372105,9212143
2021-11-11,112.92765808105469,113.36719274271313,111.7104716788166,112.1838190801871,6453205
2021-11-12,112.8938217163086,114.17863332910122,112.04855499139134,114.17863332910122,7027513
2021-11-15,108.02510070800781,113.33338051953052,107.85604734226759,111.06806129133199,19400018
2021-11-16,107.55177307128906,109.30992220649193,107.24747902079247,108.87038750224134,8505431
2021-11-17,105.55691528320312,107.68698335413781,105.28642373378125,107.55174273852566,7477627
2021-11-18,103.73114776611328,106.67268064656287,103.46066649080265,105.5231197491938,12981172
2021-11-22,101.80391693115234,103.3930120350778,100.82340968520747,102.91966477684886,11522286
2021-11-23,105.62454986572266,105.99646936573355,101.43202810118044,101.43202810118044,13305061
2021-11-24,107.58555603027344,109.30989194512222,105.21880913108751,107.04458324681998,18809310
2021-11-25,107.21363067626953,110.08753746657972,105.48928453844402,109.2084580317866,22402592
2021-11-26,105.42168426513672,107.78843159915505,105.04977508149345,106.67268341182621,11829847
2021-11-29,104.30591583251953,105.92882384785347,102.71681023226535,105.42166380328692,18176163
2021-11-30,102.7844467163086,107.17983424036127,102.34491209118279,107.17983424036127,56643275
2021-12-01,105.18499755859375,105.65834488001668,103.15635733689743,103.8663834781307,16283427
2021-12-02,107.72079467773438,107.88984802458639,104.9145029290727,106.09787635703671,15647910
2021-12-03,108.02510070800781,108.66750143418098,107.01078051356643,107.51794061078712,20414051
2021-12-06,106.4486083984375,109.24328301650881,106.1261476246923,108.92082224276359,24185368
2021-12-07,107.95343780517578,108.16841531663559,106.87856118208724,107.55932512407834,7866368
2021-12-08,108.132568359375,108.74166939855292,107.52347825440596,108.38337724237977,7313306
2021-12-09,109.38661193847656,109.99571309477042,107.95344303821896,108.74169030704503,9423435
2021-12-10,108.4192123413086,110.17484177957212,108.13257204607196,109.38659463543294,7419042
2021-12-13,106.77105712890625,109.49407956467304,106.01864145223001,109.49407956467304,9888293
2021-12-14,106.69942474365234,107.30852592559573,105.15877248468229,106.77108756536737,8474759
2021-12-15,106.12615203857422,107.9176130052334,106.01865782004866,106.87855689720307,5410912
2021-12-16,107.30852508544922,107.55933402527671,105.73204142796436,106.12616507588841,7539061
2021-12-17,104.94377136230469,107.05769291714935,104.62131060549939,106.84272636875181,8758284
2021-12-20,100.82341766357422,104.37050807274906,99.7127097143432,104.15554151126727,8858645
2021-12-21,103.65391540527344,104.6213085912735,101.32501641265947,101.6116566953526,8097050
2021-12-22,104.15556335449219,107.05772188522563,103.51063073216436,104.22721524527621,6798820
2021-12-23,105.83952331542969,106.01866943171653,104.62133191152132,104.80047802780818,4857807
2021-12-24,104.54967498779297,106.16199012530718,104.19138273501203,106.05450682315764,4568316
2021-12-27,104.65714263916016,104.9796033979092,103.2598053951083,103.90472691260638,3534825
2021-12-28,106.66360473632812,106.95023415602651,104.80048070565412,104.80048070565412,4907497
2021-12-29,105.15876770019531,106.95022881944907,104.83630688557183,106.95022881944907,4216568
2021-12-30,104.7646484375,106.77108716160738,103.11650195218996,105.15877208701936,24782255
2021-12-31,104.65714263916016,105.73201912446298,104.15553579952731,104.58547983312303,5320232
2022-01-03,111.28553771972656,111.75131311485451,105.33788617729613,105.51703224222351,29486720
2022-01-04,109.63743591308594,112.25296514124908,109.17166033027742,111.78718955844056,13744440
2022-01-05,110.13902282714844,110.56897785150532,108.99249431921417,109.63741592153904,8454060
2022-01-06,110.81977081298828,111.24972581785238,109.67324235703398,110.71228752887724,12446900
2022-01-07,112.46790313720703,112.82619528542,111.03473454435519,111.0705659460182,11679683
2022-01-10,115.15512084960938,115.37009837503864,112.53959193715166,113.07703028361924,14655298
2022-01-11,113.61444854736328,115.11926909095061,113.29198778332379,115.11926909095061,7670386
2022-01-12,114.18771362304688,115.19092727853882,113.57861258879255,114.94011839756145,6334581
2022-01-13,118.0572738647461,119.2754650956284,113.9369137753847,114.18772267624708,20271714
2022-01-14,118.0572738647461,119.06048759977631,116.9823973196953,118.0572738647461,10211720
2022-01-17,117.30486297607422,119.02467208022274,116.1225031010178,118.66637988363473,8384625
2022-01-18,115.22676086425781,118.59470498204199,114.86846870419122,117.51982850184221,6574122
2022-01-19,117.44818115234375,118.1289450934261,115.22677602811902,115.37009072416409,11503199
2022-01-20,118.27228546142578,120.56535389850728,117.41238616429682,117.87816176109628,17462235
2022-01-21,113.75776672363281,117.01822773625443,112.86203627699004,117.01822773625443,14466758
2022-01-24,112.00215148925781,114.94014116763017,110.9272748164899,113.3636575677461,10854431
2022-01-25,115.47756958007812,115.80004130156462,110.56897309013395,111.07057997414292,7267866
2022-01-27,115.0476303100586,115.58506862268652,113.22033786028157,113.8652594617509,9269062
2022-01-28,115.83586120605469,118.2364232641935,115.08345635083234,115.08345635083234,10310726
2022-01-31,114.51018524169922,117.08988242959315,114.04439883770864,117.08988242959315,5811200
2022-02-01,116.839111328125,117.12574077018071,113.65031231485273,116.08669537496333,7248713
2022-02-02,117.41236877441406,117.94980712229656,116.26582925858027,116.80326760646277,5369074
2022-02-03,115.5850601196289,117.6273189968492,115.08345325158584,116.87491416188942,4654885
2022-02-04,114.94014739990234,116.65995673010887,114.65351797864037,115.58507999905912,6402287
2022-02-07,115.33426666259766,116.80326699259832,114.40270467765495,115.11928913773225,5871041
2022-02-08,114.61768341064453,116.44497598994435,113.47115482296259,115.97920045966907,14158927
2022-02-09,120.81615447998047,121.35359287013303,114.65352323254629,115.011815492648,35079516
2022-02-10,120.42203521728516,122.03435044679124,118.23645016377888,121.10278834956746,17724098
2022-02-11,119.31128692626953,121.31772516952903,118.37972514180525,120.35033198292982,10097767
2022-02-14,115.83586120605469,119.1321537434677,115.47756901434501,119.02467045963878,9478670
2022-02-15,117.26902770996094,118.12893770083849,114.54601585288111,116.6241061510125,16850616
2022-02-16,117.41236877441406,118.95302099799275,116.65995290053634,118.41558265011025,10653203
2022-02-17,116.839111328125,118.59474126269401,116.588302365667,118.02147144437025,6906440
2022-02-18,119.88455963134766,120.56531255252905,116.51661549428525,116.8032448502956,23740696
2022-02-21,119.0720443725586,120.77096540618528,118.07485967771372,120.51242977915386,14870901
2022-02-22,118.11177825927734,118.6657734880189,114.86167742575152,117.81631864570654,11654816
2022-02-23,117.07765197753906,119.88456323815286,116.85605164387408,118.4441779759222,7627472
2022-02-24,110.79906463623047,115.82195782061899,110.06040420532226,113.75370635986327,12115340
2022-02-25,120.73401641845703,121.80507153393201,112.46102381715443,112.46102381715443,17079977
2022-02-28,125.2398681640625,125.53532780405342,118.59192482470155,119.99537502125264,20872239
2022-03-02,136.50442504882812,137.13227953822263,126.31091070281006,126.31091070281006,72648396
2022-03-03,139.56985473632812,146.07006731875816,138.0186749433674,140.04999067093544,74050073
2022-03-04,133.69749450683594,141.08409641329095,133.32816441151317,139.56984076825566,36095156
2022-03-07,139.38522338867188,141.8228051056378,134.21460028586216,137.3539071697109,41642776
2022-03-08,139.71759033203125,141.6011763390491,137.83401559607503,139.60679579617323,22940456
2022-03-09,137.87094116210938,140.78865837825484,137.09535686015857,140.34545768765858,13870658
2022-03-10,132.1832733154297,135.91351050468947,130.77982309581733,135.91351050468947,30890343
2022-03-11,134.25149536132812,134.80549052788106,132.40484480615166,133.6975001947752,14663558
2022-03-14,133.21737670898438,134.54695610334193,131.3707261378649,133.6975013490512,8306420
2022-03-15,127.71439361572266,132.95888757863926,126.68027344298129,132.88501702155864,14074860
2022-03-16,130.6689910888672,131.33379206313484,127.714350148284,127.78822068022286,11846738
2022-03-17,130.41049194335938,132.95886799233318,129.63489629252484,132.220207614598,20052773
2022-03-21,134.6577911376953,137.64936796666439,131.11221901710465,131.37075466161994,20271556
2022-03-22,135.43336486816406,137.24308027351748,133.32817859248973,135.65495393207823,12372751
2022-03-23,135.21177673339844,136.09816688221807,132.44180047392317,134.87938183647387,13731315
2022-03-24,138.4249267578125,139.2374575436801,135.3964264863425,135.69188607880656,16323203
2022-03-25,137.4646759033203,139.53291556946846,136.35668553742914,138.4249252035773,10044811
2022-03-28,141.26876831054688,143.07848361116268,137.0214720083997,137.46467265270016,19132062
2022-03-29,137.39080810546875,141.97049945477215,137.02147797615297,141.82276965725805,10622472
2022-03-30,135.10096740722656,138.83120426053156,134.43617763066453,138.83120426053156,10298319
2022-03-31,135.21177673339844,136.57829159210223,134.177645500557,136.02429634020717,9435203
2022-04-01,137.5016326904297,138.3141636609488,135.39645725582508,135.76578746586767,13505929
2022-04-04,138.68348693847656,139.60681241742782,136.35671123994462,137.02150107636433,9490374
2022-04-05,138.79425048828125,139.56984597158618,138.0186662760368,138.8681210185238,7637664
2022-04-06,143.1892852783203,145.5160604161442,139.08971888548083,139.38517845911997,46157039
2022-04-07,140.89947509765625,145.55303799729614,140.27160923230812,144.03878188226983,21712301
2022-04-08,143.70635986328125,146.84566605623186,142.08130949996615,143.81715439696083,20151959
2022-04-11,145.0728759765625,146.25473694514994,142.81997111622633,143.66942593854375,12393619
2022-04-12,137.39080810546875,144.5927456271264,136.13508792000732,144.5927456271264,18907630
2022-04-13,137.83401489257812,141.30571600817032,137.16921386763818,138.86813479218037,14216953
2022-04-18,139.93919372558594,141.0102489227893,136.35669797831534,137.8340186009577,13052104
2022-04-19,146.070068359375,150.1326998434537,140.82557593513982,141.41650640521806,59341710
2022-04-20,147.06724548339844,151.83160136222807,145.5899251320677,147.6950998700781,38356653
2022-04-21,152.82882690429688,153.56748727845212,148.470735205206,148.6184650258245,43683145
2022-04-22,149.32017517089844,154.3800027354862,148.6553854091703,152.20095710419764,24007670
2022-04-25,139.20053100585938,149.3571101107996,137.94481075255183,147.47352409530743,26465084
2022-04-26,141.37957763671875,142.0443786727656,139.20053199475467,141.97050813396203,20819291
2022-04-27,138.49880981445312,141.6750514404103,137.83402003576853,140.93639112139988,12214126
2022-04-28,140.53013610839844,142.19212194936503,138.2402844413082,139.60681064119476,12706800
2022-04-29,135.06402587890625,142.56142261144672,134.36228965231237,142.1920925010544,21654415
2022-05-02,138.60958862304688,139.53291391702152,132.10938757031408,134.9532227131195,21289439
2022-05-04,138.3880157470703,140.8625210615586,137.760149965345,139.42213568878748,18239949
2022-05-05,137.28001403808594,141.785834868298,136.4305479751581,139.9761194827595,12651103
2022-05-06,138.4249267578125,139.56985240296743,135.21176142328724,136.28281653479564,14257553
2022-05-09,135.21177673339844,137.35388719896775,134.10378622960835,137.35388719896775,10549451
2022-05-10,125.60916900634766,135.80268199963334,124.68584375824317,134.43615612401462,19965511
2022-05-11,125.46144104003906,128.30527608280008,122.06359956932215,126.82795566441192,20641617
2022-05-12,123.3931884765625,125.7199635946,121.62039723662235,123.98411888987589,10406343
2022-05-13,124.61199188232422,128.26835815790352,124.09493192020241,125.57225253830005,11590435
2022-05-16,126.82794189453125,127.64047254485132,123.98410716052919,125.2028918649502,7437937
2022-05-17,136.3197784423828,136.65217336662954,127.89904315877422,128.08370825791832,28092052
2022-05-18,137.05841064453125,138.4987958673394,134.28843472718447,137.64934109444405,15425248
2022-05-19,133.8452606201172,135.54418177394876,133.47593042454784,133.77140134364117,9396007
2022-05-20,137.3538818359375,138.01868287489154,135.58110160751707,136.28282664497257,6365038
2022-05-23,136.13510131835938,137.94481687590581,134.7316399261948,137.35388635662926,7794071
2022-05-24,134.6947021484375,137.9448027654096,133.84523609166314,135.50722166715002,8572565
2022-05-25,133.47592163085938,137.05842880028376,132.99579691667614,136.06123282951876,7926434
2022-05-26,135.35948181152344,137.3907973639474,131.29685070667554,135.87654169792842,23140556
2022-05-27,134.3253936767578,139.3482752089571,133.32819766227138,136.28283916171227,16408080
2022-05-30,138.27720642089844,138.79426637861224,134.84244052152792,135.91349570630547,10577525
2022-05-31,142.48756408691406,144.22342026044515,136.7998821618412,137.39081264247272,21380248
2022-06-01,144.81436157226562,145.73768699510453,142.709175099768,143.66943579373293,30867456
2022-06-02,146.40245056152344,147.1411107674555,143.5216802668125,145.146730465651,17646759
2022-06-03,145.5160675048828,148.47070846944897,144.92513705775744,147.73204822830743,25335178
2022-06-06,143.927978515625,145.36836399204645,142.7091821347585,145.14676362542866,22020642
2022-06-07,145.92233276367188,147.69511283243156,143.00462706793533,143.04155106311137,12961285
2022-06-08,145.9962158203125,149.17245762632655,145.14676091372087,146.25475145504697,13059792
2022-06-09,146.8087615966797,148.02754680717,145.1467756163399,145.4791705581951,10562238
2022-06-10,146.6240692138672,147.21499970672483,144.96208354267725,145.77461437923924,6741014
2022-06-13,141.12103271484375,145.81151819730064,140.0130424207273,145.2575230502424,8516696
2022-06-14,141.9705047607422,143.66942567330202,139.68066463604112,139.68066463604112,6727598
2022-06-15,140.3824005126953,143.18931207173407,139.7175994410201,141.93358047114612,5805589
2022-06-16,132.88497924804688,142.41370357854626,132.29406004363315,141.49037823282316,14490962
2022-06-17,134.9163055419922,136.5413672941878,132.51565945568584,132.9588601646596,15215695
2022-06-20,130.63206481933594,134.36228992502134,129.0808738441155,134.36228992502134,23276003
2022-06-21,136.50442504882812,137.13227953822263,131.4815327783637,131.4815327783637,7564329
2022-06-22,132.47872924804688,136.46749035765376,132.2201936347498,136.46749035765376,6560404
2022-06-23,130.85365295410156,134.43615951555,129.15474347157758,133.18043940066082,9304799
2022-06-24,130.41049194335938,133.25432763500208,129.1178362823228,131.96167197396554,8171322
2022-06-27,134.47311401367188,135.027109255746,131.07527202052574,132.9588580977902,7063839
2022-06-28,137.68629455566406,138.0925600313641,133.51286778880984,133.80832744146625,9844211
2022-06-29,139.422119140625,140.53010949141142,135.6549474395269,137.39080349751657,16856241
2022-06-30,137.09536743164062,139.60680814917967,134.84245107766623,138.9420183330848,8693744
2022-07-01,135.35948181152344,137.50159188565553,130.44739598408594,136.65213716306596,17248729
2022-07-04,134.47311401367188,137.16921968334114,132.29406831572607,135.35950414677808,8780396
2022-07-05,134.7685546875,136.79987028952635,134.25149478846902,135.17482006211736,5313753
2022-07-06,134.21456909179688,135.06403516675016,131.4815283411647,134.80549956327278,9367397
2022-07-07,137.39080810546875,137.8340087690721,134.02990167448297,135.87655232106184,6322630
2022-07-08,140.19775390625,141.7489340691611,138.166437694221,138.166437694221,14647592
2022-07-11,142.81997680664062,143.52170185360902,138.72040979289838,139.56986464906086,9048841
2022-07-12,143.22622680664062,144.2603579831048,141.8966472914264,142.41370724412766,6942704
2022-07-13,142.8938446044922,144.88822532530423,142.5614496962006,143.22623951278376,7842930
2022-07-14,141.82276916503906,144.37114479426114,140.56704898393582,143.30008967717487,6795141
2022-07-15,142.85690307617188,143.22623324055812,139.90226176108197,142.56144345308775,5610793
2022-07-18,144.48193359375,145.44218279679447,143.1892782977412,143.66940289926345,7600779
2022-07-19,146.4394073486328,147.43660328162582,143.30010101202907,144.00182605658694,9913955
2022-07-20,146.1439666748047,148.02754170407107,145.81156047334508,147.4366223927282,5519522
2022-07-21,146.6979217529297,147.32577616681834,144.99900102106224,146.1439265971725,6167419
2022-07-22,145.58995056152344,147.6212663994028,145.36835021590605,146.69794101854853,4844223
2022-07-25,148.3968505859375,148.9877810834325,143.7432996869358,145.88541006041083,10207034
2022-07-26,149.43099975585938,150.16966014884824,147.39968367514,148.8031339133936,12853314
2022-07-27,150.28042602539062,151.20375134045332,149.06164111793228,149.5048305065258,7343180
2022-07-28,149.83726501464844,151.42538034890686,148.7292744267296,150.68671995696096,5096403
2022-07-29,156.04197692871094,156.92836696947842,150.13269496217987,150.39123055663995,12477455
2022-08-01,157.1499786376953,157.8517036676466,154.97093300950482,156.9653135629154,7849924
2022-08-02,158.9966278076172,160.4739483911955,156.33744624875155,157.33464215109157,12615631
2022-08-03,156.6698455810547,158.77502055843215,154.23226446998402,158.77502055843215,9949919
2022-08-04,153.0134735107422,157.6670355598893,152.2748132258319,156.70677493529365,8058280
2022-08-05,153.97373962402344,155.30333043847003,151.97935903788448,153.27201458255664,31999040
2022-08-08,159.107421875,159.66141709221247,152.93961521933795,154.74933067468643,16358151
2022-08-10,162.3944854736328,162.83767492923093,159.14437311059987,159.43984401872797,14267910
2022-08-11,163.70501708984375,169.84582497213165,163.25568494580196,169.24671925573966,28800337
2022-08-12,165.9890899658203,166.43842211036804,163.06846530723348,164.0045644192153,8861089
2022-08-16,166.92518615722656,168.0485050719508,165.09043421524183,168.0485050719508,7844356
2022-08-17,165.8393096923828,167.3745144593996,164.86576436986067,167.3745144593996,6119157
2022-08-18,166.06399536132812,166.73798220349727,165.20278868222402,165.83932927160777,4233196
2022-08-19,162.61911010742188,165.98906643278212,161.53323757687033,165.98906643278212,8783707
2022-08-22,163.48033142089844,165.46485672737728,160.29759482526913,161.45835986907306,10390480
2022-08-23,166.88775634765625,167.5242968955913,162.2072607290546,162.50680787784862,9344364
2022-08-24,167.48684692382812,169.246717808116,166.2512006787688,166.81286014052142,10825973
2022-08-25,168.42294311523438,170.10792147136405,167.52429027736335,167.52429027736335,13077805
2022-08-26,172.20477294921875,173.73997762309668,169.62114194668706,170.51979471796025,12673156
2022-08-29,172.6915740966797,173.44045340945453,165.80187527755777,165.80187527755777,8757016
2022-08-30,175.8368682861328,176.3610815296975,172.87879722952562,173.59023030486279,12991363
2022-09-01,172.46690368652344,177.33461909732375,171.90524421604647,175.49986711249727,9682321
2022-09-02,171.71800231933594,174.07696722131328,170.89423063106366,172.99109467003782,4599518
2022-09-05,173.44044494628906,174.0021044034636,171.11891461917133,172.2422335335204,4909470
2022-09-06,174.2642059326172,175.72451824122473,172.991113443754,174.2642059326172,5307321
2022-09-07,178.86981201171875,179.20680538614238,174.00209692540517,174.45141761563988,12751679
2022-09-08,177.07249450683594,180.10545772269944,176.0240681387058,180.10545772269944,7677716
2022-09-09,177.93373107910156,178.2332782364334,174.7509939677367,177.8588385762728,8436280
2022-09-12,173.3655548095703,179.01959570754846,170.7444773070498,178.60770981461133,19053188
2022-09-13,173.2157745361328,176.2112915659769,172.72899616258877,174.26420092578198,9884429
2022-09-14,173.70254516601562,175.08797639249258,171.90523948079388,172.3545601886039,7705022
2022-09-15,175.42495727539062,175.9491704439639,173.92719883547267,174.5637507432338,5386854
2022-09-16,173.02854919433594,175.23774064787477,171.90523034402906,175.12541333364018,8750965
2022-09-19,172.16734313964844,174.22676117446238,171.26869028258238,172.95366867470287,4011597
2022-09-20,172.1298828125,175.0879532660829,171.26866490571706,172.9910892922936,6890375
2022-09-21,173.4029998779297,174.26420648066562,170.10792418387226,172.1299073850627,5673523
2022-09-22,170.0330352783203,173.215772077351,168.87227016033455,172.2047805233333,7677219
2022-09-23,166.88775634765625,169.95815461726417,165.50232507375367,168.49784226965872,5495315
2022-09-26,161.3834686279297,166.32607595020747,159.13683101361977,165.50230425416456,7832594
2022-09-27,160.18524169921875,164.5287429484598,159.32403526856254,161.75789244657818,5795048
2022-09-28,157.86375427246094,159.81083354134398,156.44087678640196,158.53774105265296,6134706
2022-09-29,160.18524169921875,161.12134061384018,157.7513845212031,158.61260237884804,8962595
2022-09-30,158.94961547851562,161.75791257177562,155.65455145988662,159.51127489716762,12875386
2022-10-03,160.97161865234375,163.25570302129705,158.98709288824878,159.51130616301043,11397506
2022-10-04,167.18731689453125,167.74897641377382,163.33059276652932,163.48036635292888,10862095
2022-10-06,174.86331176757812,175.3126439060856,168.23572557304269,168.49783789167057,12795784
2022-10-07,172.017578125,174.90076808796047,170.59471198278072,174.48888217511018,14641624
2022-10-10,172.1298828125,173.73996846671912,169.69602549561708,169.99557259459155,10850668
2022-10-11,168.8348388671875,172.9536750895837,167.74896614849953,172.9536750895837,19154740
2022-10-12,173.8148651123047,174.48885181461247,168.90970411709682,168.90970411709682,9256951
2022-10-13,175.64962768554688,176.43595317141458,173.06599659797322,173.8897569041758,7231841
2022-10-14,176.9976348876953,178.94471429688605,176.2487555548546,178.94471429688605,6241886
2022-10-17,178.23324584960938,178.64513168634042,174.4139574391791,176.99759976640578,5623812
2022-10-18,181.00408935546875,181.3410826895926,177.37203231237297,178.60767834649016,6674374
2022-10-19,178.383056640625,181.9776797608047,177.48440371732806,181.22880042022527,13886387
2022-10-20,180.47988891601562,181.6032077266962,174.93818735412063,177.48437208753404,10755972
2022-10-21,178.7574462890625,180.74198284245855,178.270679424695,180.4798705758061,3285505
2022-10-24,180.10546875,181.00412161013193,179.7310291060291,180.40501589438028,730136
2022-10-25,179.6935577392578,180.4424369225237,178.195799372726,180.10544357545197,6976548
2022-10-27,180.40499877929688,180.92922337271565,178.98213283799168,180.44244502553966,6422639
2022-10-28,183.02609252929688,185.57228895235042,180.14291414066597,181.22878681760466,14076967
2022-10-31,184.18685913085938,185.34762431601445,182.3895534052581,184.22430538076588,8365329
2022-11-01,183.96217346191406,184.97316496673878,182.16486792777008,184.97316496673878,8813106
2022-11-02,184.0745086669922,186.92025189726425,181.3410927453272,183.96216993139547,14974441
2022-11-03,184.37408447265625,185.422522366468,180.4799143326204,182.72655227037086,6754654
2022-11-04,184.26173400878906,186.24625936714156,183.84984815319044,184.74850093004835,5511411
2022-11-07,186.8828125,188.23079738762718,184.7859483889122,185.19783424721356,10513106
2022-11-09,191.56332397460938,197.25479970183147,190.62722486549478,191.33865790302366,40391668
2022-11-10,189.91580200195312,195.0830647902849,188.79248301083825,193.17343164698298,20832572
2022-11-11,189.65367126464844,193.88483448317209,189.01711932731735,193.80994198690118,20165337
2022-11-14,185.12295532226562,191.9003150767146,184.41152229323308,190.62722258892094,18762693
2022-11-15,185.0830841064453,190.42471217205326,183.84734631367192,186.87691115873113,20225373
2022-11-16,187.27554321289062,187.75390196932574,183.68788903513283,186.03980539490888,9764275
2022-11-17,185.2823944091797,187.1559519357324,184.1662402434683,187.1559519357324,5737884
2022-11-18,183.01022338867188,186.19924923847609,181.9339222982957,185.32226226371264,6413585
2022-11-21,182.93048095703125,183.68787211397623,180.73802582814616,182.57171800533808,6430876
2022-11-22,182.65145874023438,183.92706176936863,181.49542714813683,182.21296525686992,5885877
2022-11-23,183.8473358154297,184.2459640265081,182.57172067391173,183.36897709606856,5693274
2022-11-24,182.173095703125,184.8040443760724,181.25625566740396,183.96692268488445,8198891
2022-11-25,184.4851531982422,186.27898036178885,181.61503703566896,183.08995429326146,10046363
2022-11-28,183.2493896484375,185.56142835804548,182.0933581284662,183.80746669918764,8146840
2022-11-29,181.13665771484375,184.40541393041036,180.45899705124322,183.52842699496537,6628470
2022-11-30,181.17652893066406,182.45214412143562,180.61845184663952,181.13666367498342,12154948
2022-12-01,180.2596893310547,183.6878823552203,179.30297185297604,182.0933694453133,22435771
2022-12-02,180.65834045410156,181.77449476642403,179.62190449827662,180.259712176105,6325649
2022-12-05,184.36553955078125,184.8040329968003,180.57857171135979,180.65830221615127,8732711
2022-12-06,184.6844482421875,185.3621210777863,182.97035177355679,184.9634928604147,7394839
2022-12-07,183.169677734375,185.08308843550017,182.33255599069452,185.08308843550017,4519547
2022-12-08,183.68788146972656,184.36555431923745,182.57172730423946,183.08993913139392,3135706
2022-12-09,182.4521484375,185.24254608880005,181.61502670907632,183.80748200652636,4197165
2022-12-12,185.2823944091797,186.31883022886484,181.85420140085128,182.05351551366888,7881379
2022-12-13,184.604736328125,186.916775203348,184.24597335302738,186.0796534846748,4878457
2022-12-14,185.0830841064453,185.92020583054568,184.44528866443386,184.7641863854396,4730078
2022-12-15,181.93389892578125,185.44183420901263,181.53527074576633,184.88374502485843,5221433
2022-12-16,179.10366821289062,183.28926484616252,178.02737923486484,181.7744823592364,7757065
2022-12-19,181.21640014648438,181.654893643057,178.98407957179796,179.10366317760486,4073907
2022-12-20,180.2596893310547,180.89748476288304,178.06723407993255,180.89748476288304,3784271
2022-12-21,178.4658660888672,181.53529620637454,177.03080200651013,180.5785908731926,3675466
2022-12-22,177.54901123046875,179.98064586679686,174.67889527322205,178.66517757370482,4755089
2022-12-23,171.45001220703125,177.7084684128167,170.77233931814163,175.39642943631458,6561011
2022-12-26,175.99436950683594,176.67204238685946,170.81220234128924,171.4500099639287,3116608
2022-12-27,176.39300537109375,177.70847376542073,175.1173900707041,176.9909477621822,2961726
2022-12-28,177.9476318359375,178.7847535162041,175.83490717327348,176.39298423839534,3015714
2022-12-29,176.71189880371094,178.86450109126397,175.7551934343367,176.03423807610653,4784105
2022-12-30,179.4225616455078,180.5387157792073,177.19024121294117,177.19024121294117,4102247
2023-01-02,179.1833953857422,181.13667134512258,178.70503662765498,180.77790835914146,4210225
2023-01-03,178.66517639160156,179.98064467599005,177.78818942523048,179.3827023348738,3643132
2023-01-04,173.12423706054688,178.98407696304346,172.40671110582693,178.86449335897956,9550461
2023-01-05,173.92147827148438,174.5194205696882,171.5695743315828,172.84518943381784,8815728
2023-01-06,170.81219482421875,175.316688911509,169.01836780739498,174.59916297084672,12237065
2023-01-09,171.3702850341797,173.56274044490235,170.61289377987293,171.6891949384771,6967190
2023-01-10,172.80532836914062,173.24382183148452,170.77232207294077,171.41012963951664,5400260
2023-01-11,170.13453674316406,174.20054986699685,169.1778313508414,173.24384447467415,7637956
2023-01-12,170.5331268310547,173.00462635939837,169.65615215321748,171.8087418453933,7161675
2023-01-13,171.4898681640625,171.96821473748048,170.25411822702196,170.77233005618345,3671193
2023-01-16,170.41357421875,172.12767080096472,169.37713835187125,171.80877307200294,3987352
2023-01-17,169.89535522460938,171.5297212232821,168.30084231650483,170.41356705367616,5871758
2023-01-18,172.88510131835938,173.2837296246824,169.9751073830991,170.4933314804213,6441530
2023-01-19,178.5456085205078,179.22328147905407,171.52974818887515,172.80536358196107,12938871
2023-01-20,180.9772186279297,182.77104568481445,177.5888786315918,179.2631220840849,13444947
2023-01-23,183.44871520996094,183.68788241438958,181.13666419075017,182.1731000155572,8736715
2023-01-24,181.45556640625,184.9634897949141,181.13665653853752,183.52842580312694,4252051
2023-01-25,180.29954528808594,181.7744746192657,178.38613463184518,181.61502575877367,3855827
2023-01-27,177.30984497070312,181.49544169571683,174.83835706074885,180.9772298244018,6171667
2023-01-30,180.06039428710938,180.8177855664952,175.99438107015692,177.30984949408128,6172517
2023-01-31,179.2631072998047,182.05350471371656,178.5057039838948,179.382690894334,7424552
2023-02-01,175.9146270751953,181.77446672380617,170.73246026070083,181.77446672380617,24008324
2023-02-02,173.52285766601562,176.75174865064545,173.0046458509623,176.19367158093397,6806578
2023-02-03,174.51942443847656,175.95448841901202,171.0912315849114,173.80189853079258,8776614
2023-02-06,175.0775146484375,175.675456963268,171.92834205819616,174.75860478142738,5742881
2023-02-07,175.15724182128906,176.31326125520476,173.00465181241702,175.07752347439344,4907167
2023-02-08,176.01486206054688,177.36253467349556,174.9122117677803,175.40228133411807,6316867
2023-02-09,175.23892211914062,177.07666422662012,174.13627186945843,176.42324231803016,4383159
2023-02-10,172.74777221679688,175.11641280809704,172.29854383900206,174.78970805860297,4954439
2023-02-13,174.01377868652344,174.54467703165486,170.82835122677216,172.7477759446859,6142208
2023-02-14,172.95196533203125,175.03474237762367,172.4210669997961,174.01377445948887,6758731
2023-02-15,173.8912353515625,174.62633966497225,171.76762974867984,172.3393692393411,9612884
2023-02-16,175.9739990234375,176.8316144266488,174.05458712985393,174.38129182489385,13093683
2023-02-17,177.64840698242188,178.26098769615436,174.95304934940162,175.48396011242835,7243093
2023-02-20,178.30181884765625,178.83271711775643,176.3823944010126,177.93427293274186,8479587
2023-02-21,174.83053588867188,179.0369184156931,174.2587963893175,178.71021369120098,4655766
2023-02-22,173.03363037109375,176.30072738097618,172.8294368079761,175.2389183601672,6003852
2023-02-23,175.52481079101562,176.38242639001166,173.52371603535025,173.9321032288733,6219715
2023-02-24,177.28086853027344,177.48506211013714,175.3614438943597,176.42325300224843,5154174
2023-02-27,177.19918823242188,178.0568037707039,175.6881632011509,177.2400294414805,4841279
2023-02-28,175.93316650390625,177.19916906989295,173.15613907005257,176.9133055633707,6054079
2023-03-01,178.66940307617188,178.8735966796875,175.19811181640625,175.9332038038671,4510175
2023-03-02,182.01815795898438,183.32498936276315,177.52589930358457,178.66937833976436,11354939
2023-03-03,182.09982299804688,184.95853297435212,181.65059465203018,182.87575607044673,7089438
2023-03-06,183.69253540039062,184.18260496642728,181.11970133616518,182.09982800525168,4771341
2023-03-08,183.6516876220703,183.89670991670778,181.8547743748257,183.6516876220703,4271464
2023-03-09,183.61085510253906,185.36691476641658,182.6715572310578,183.6516963079054,4263468
2023-03-10,183.24330139160156,184.01923440863712,180.87464867387897,182.0998100048779,3670173
2023-03-13,180.3437957763672,184.38682669298439,179.15947535111408,183.1208238399254,3877606
2023-03-14,180.54794311523438,181.97729799462644,178.75104233088146,180.3437495610355,5723922
2023-03-15,179.608642578125,182.30399994547855,179.36362028717173,181.28303218988898,2992144
2023-03-16,180.3845977783203,181.69142909821494,176.70911365982784,178.50601451404918,4988245
2023-03-17,181.03802490234375,184.55015700701614,179.77203466372973,181.32390090247495,15720256
2023-03-20,177.28086853027344,180.99719417639042,176.17821821381455,179.69035028006783,4244575
2023-03-21,177.28086853027344,178.83273475204282,176.38241179367827,178.17931280388154,3998751
2023-03-22,174.74884033203125,177.15832176713997,174.05458972895812,177.15832176713997,9675449
2023-03-23,174.25880432128906,175.4022833720471,173.4828587550744,174.09543948862054,4730918
2023-03-24,170.25660705566406,174.70802467358723,169.889061098769,174.17712634284848,6611089
2023-03-27,170.21572875976562,171.68592473000612,169.56231940675607,170.2974111603841,4002212
2023-03-28,170.6241455078125,172.54357008926647,170.25659956708358,171.03253265595276,6157526
2023-03-29,173.9320831298828,175.52479050797737,170.2157576056711,171.48176025189528,16734166
2023-03-31,174.50381469726562,175.0347254411167,172.46187905857548,173.31949451942253,5139018
2023-04-03,179.81285095214844,180.38460291279932,174.6263418039937,174.87137657813176,7754066
2023-04-05,181.73226928710938,183.16162421408663,179.93536844293513,179.93536844293513,6491910
2023-04-06,181.078857421875,182.26317764861005,179.93537840219702,181.69143813877105,4589598
2023-04-10,181.36473083496094,183.32498411602023,180.62962650732388,180.8746612832029,3498235
2023-04-11,182.67156982421875,183.20248060460926,181.32389719512543,181.93647792889274,3995959
2023-04-12,185.97950744628906,186.22454223129603,182.6715690061621,182.95744499916802,5136012
2023-04-13,184.18260192871094,187.57221023843493,183.32498643378483,186.1428552345536,3478451
2023-04-17,187.5313720703125,187.8172355789312,184.10091026300086,184.18259267288389,6265943
2023-04-18,189.6549835205078,189.81833588235764,187.24550191001006,187.53137789048705,8004952
2023-04-19,188.18479919433594,191.6152613242483,187.04132012635654,190.79848700055243,7424582
2023-04-20,187.4905548095703,189.0832623018044,187.12300884412974,187.7764183546963,2589165
2023-04-21,187.89891052246094,188.22561522303917,185.775292579746,187.8580693191423,2459508
2023-04-24,189.12408447265625,189.4916304010956,187.49053593471575,187.49053593471575,2587030
2023-04-25,188.062255859375,189.736645429113,187.77637990979107,188.79734763975512,2570946
2023-04-26,187.6538848876953,188.3889767312231,186.2245299429577,187.85807845122926,3439487
2023-04-27,189.28744506835938,189.90002579673595,187.16382689145922,187.6538964593552,3349374
2023-04-28,190.3900909423828,191.73776352831374,189.16492951408688,189.90002138586982,4771074
2023-05-02,192.8404083251953,193.94304610157133,190.39008553815592,190.47175548659885,3773537
2023-05-03,193.49383544921875,195.16822533265855,191.6152644445172,192.7995847405643,4523385
2023-05-04,193.9430389404297,194.3922672607302,191.24768148161232,193.45298187890836,7248108
2023-05-05,193.90220642089844,194.39227596735518,192.75872742981437,194.26976481223414,3043479
2023-05-08,190.1859130859375,190.63512900970852,187.85810119463503,189.90003707718543,9711437
2023-05-09,193.0446014404297,195.04569588591295,190.7167898129783,191.7785988441489,7318928
2023-05-10,193.2079620361328,193.77970155021683,191.57441344561465,193.53466676904176,3650159
2023-05-11,192.88121032714844,194.51475862536856,192.5136644526458,193.20792746458312,2675726
2023-05-12,191.9827880859375,193.77968892584553,191.32936619970206,192.88123227439857,2348435
2023-05-15,194.14723205566406,195.69911057107305,191.00265874670407,191.61523941944787,4217892
2023-05-16,196.80174255371094,197.41432320855523,193.94303283110426,195.0048417920981,6016484
2023-05-17,197.33265686035156,199.04787524736915,196.63839378702042,196.80174613869082,4968232
2023-05-18,195.69912719726562,198.39447241594064,195.16821642465786,197.6593805313905,3512113
2023-05-19,195.94412231445312,197.3326484015956,193.00374272146993,196.02580471827974,3810543
2023-05-22,194.96401977539062,197.00595549248308,193.94305191684438,195.5357592835792,2891415
2023-05-23,195.45408630371094,196.1891781652778,193.41215061826261,195.16821032255365,3213453
2023-05-24,196.8426055908203,197.250992739349,194.3922826996483,194.63731748136283,2422138
2023-05-25,196.06666564941406,197.82272534152494,194.31059349431692,197.04679227903375,3810138
2023-05-26,197.25100708007812,198.02694022609788,195.29075360981898,195.86249316672894,2646742
2023-05-29,201.00814819335938,202.27413831225402,196.67924216966395,197.2918228580269,8069985
2023-05-30,199.53797912597656,201.86577857984636,198.72120476398976,201.13068663925333,4657906
2023-05-31,197.04681396484375,202.47835846303195,195.45410645855446,202.47835846303195,15727646
2023-06-01,188.1439666748047,189.40995688075074,187.16382753563929,188.18479541978087,35509867
2023-06-02,188.59317016601562,190.63510579996117,186.30621222638547,186.63291694262233,36400588
2023-06-05,187.61305236816406,188.83821380608805,187.40885879517674,188.26647429432086,19807347
2023-06-06,186.06118774414062,188.3889870177397,185.20357223787286,187.6947363416081,13495524
2023-06-07,188.42982482910156,189.0832467489089,186.30621916846079,186.83711746787435,21853324
2023-06-08,186.3062286376953,189.0015739415417,185.93867022081886,189.0015739415417,8538256
2023-06-09,185.9386749267578,187.40887124251154,185.69365259328842,187.00048406941258,5137982
2023-06-12,187.04132080078125,187.24551438244148,185.12189614798012,186.42874005580052,4261576
2023-06-13,187.00045776367188,188.10310796112194,186.22452473653345,187.85807319913462,5574798
2023-06-14,187.00045776367188,187.7763907908103,185.85697882504533,187.7763907908103,7034468
2023-06-15,186.71458435058594,187.5721872775455,186.14283244863284,187.20464138556497,6363240
2023-06-16,186.6737518310547,187.61303720569077,186.22452351419085,186.63291062716058,8518319
2023-06-19,185.53028869628906,186.87797385215532,185.08107277398784,186.6329390544535,8210198
2023-06-20,185.61195373535156,186.02034087228304,184.18259875609144,186.02034087228304,5024593
2023-06-21,186.59207153320312,186.87794750070879,184.9585230628525,186.06117326553348,4705567
2023-06-22,185.36691284179688,187.53137207387857,185.08104933317279,186.55123300720751,6566989
2023-06-23,184.50929260253906,185.8569775527508,183.6108484320502,185.48943164377874,3881707
2023-06-26,183.20249938964844,184.9585593546478,182.34488378183946,184.5910133692977,6145625
2023-06-27,183.89674377441406,185.24442895797335,182.87577581549996,184.87688298536185,6282912
2023-06-28,185.61195373535156,185.9386584597022,183.07994850118195,183.89672277504488,19512531
2023-06-30,188.6748809814453,188.96075699843055,185.20358988113733,186.14287542896668,7850296
2023-07-03,189.20574951171875,190.92098041723915,187.7355658361138,189.08323835974699,7860203
2023-07-04,189.32827758789062,190.14505185491086,188.10311618736023,189.69582351545247,3662791
2023-07-05,189.00157165527344,190.18590438334965,187.93977501532333,189.328288859324,4859892
2023-07-06,191.61521911621094,192.75869793231055,188.67482721340568,189.00153188572432,7254947
2023-07-07,191.12518310546875,192.63622052119806,189.24659975328777,189.49163453191773,6393850
2023-07-10,190.92100524902344,192.43204278913055,190.18591331561262,191.9419731915316,6223180
2023-07-11,191.12518310546875,192.59537931426198,190.716795962081,190.96183074071095,10775084
2023-07-12,191.45187377929688,193.82052651484008,190.83929310918865,191.94194330057772,11313272
2023-07-13,187.77642822265625,192.18701742868927,187.04133625314486,191.94198261785607,20205328
2023-07-14,188.71571350097656,189.57332904944417,187.65390436777795,187.85809795250893,7390502
2023-07-17,188.0214385986328,190.0225331115677,187.61305145464667,188.674860521608,4963515
2023-07-18,186.42872619628906,189.85917562055673,185.85698670274215,187.61304638927612,6168942
2023-07-19,186.71458435058594,187.77638082453305,186.3878671976149,187.20464138556497,5247533
2023-07-20,187.6538848876953,188.42981793652712,186.02033637942375,186.75542822295154,3195629
2023-07-21,187.04132080078125,188.2664822907427,186.67377484639024,187.5313903819607,3903407
2023-07-24,188.63401794433594,189.4916334330743,186.67376465263666,187.04131058695697,3456895
2023-07-25,187.8172607421875,189.77752667513764,186.91881642803284,189.73668546472433,11024983
2023-07-26,188.26644897460938,188.83818840948408,186.9596052980515,188.30729017631148,7574284
2023-07-27,187.0821533203125,189.40995256532776,186.34704898268672,188.67486069068855,7837850
2023-07-28,185.48944091796875,187.81724009983535,185.28524735133206,187.5313765843357,8817344
2023-07-31,187.24551391601562,187.81725345064265,185.2852605221551,186.63293317256083,19422170
2023-08-01,196.3116912841797,197.08762431055086,187.0004575787684,187.85807301338315,22409256
2023-08-02,191.5743865966797,198.59863707367498,189.73664468990424,196.9650887120968,25003960
2023-08-03,187.89891052246094,192.02362279793485,187.40884100860814,191.57439448740067,13949266
2023-08-04,190.92100524902344,193.16713472254136,188.26648859850226,190.14507210531477,6725977
2023-08-07,190.267578125,192.75874232991197,189.7366797944557,191.73777441502898,6744074
2023-08-08,188.062255859375,192.26863792163283,187.28632287719932,190.30838486529586,13828141
2023-08-09,191.73777770996094,192.51371084600865,188.34816915949526,190.51261619104744,35271302
2023-08-10,191.8603057861328,193.41218465798949,191.49275979066286,191.737794608639,10749822
2023-08-11,191.8603057861328,192.4320578490734,190.92102019071083,191.12521379519288,6132454
2023-08-14,191.0435028076172,192.9220861806056,188.4298275535835,192.7587338140385,6092872
2023-08-16,190.34927368164062,191.77862886113354,189.57334050537065,191.12520685791057,4576249
2023-08-17,189.73663330078125,191.04346443380905,188.75650683526436,190.8801121000536,5602132
2023-08-18,189.03024291992188,190.27687017067717,188.65625728096495,189.90288453172022,6904019
2023-08-21,191.2326202392578,191.81437707116166,188.6562522505221,189.0302378795069,4955953
2023-08-22,191.77279663085938,192.85320928899264,190.90015515000766,191.4819119101267,4280368
2023-08-23,191.89747619628906,192.39613215129373,191.39883292263215,192.1883609502664,2524601
2023-08-24,190.5261993408203,193.35188272088206,189.9028857115701,192.6870249947604,6378317
2023-08-25,189.23802185058594,191.23263314199707,189.07180741330552,190.3184347149317,3890957
2023-08-28,190.69239807128906,191.19105400617065,189.07178530494468,189.90287007551586,3360861
2023-08-29,191.10794067382812,191.48192628474087,190.1106414842784,190.69239828807014,3112560
2023-08-30,190.1106414794922,191.77281102248227,189.90287028661842,191.23261099354937,4086281
2023-08-31,191.1910858154297,191.52351470642688,189.81978810703038,190.31844412487547,10403460
2023-09-01,196.88397216796875,197.17485690295655,191.68969248137876,191.73124925514085,14869577
2023-09-04,205.94281005859375,206.89855247859185,197.9228343602356,198.42149029844603,24785966
2023-09-05,212.21751403808594,212.67460054439215,205.69349312305783,207.2310051138906,19654487
2023-09-06,212.5915069580078,214.2536639750311,209.89048119815382,212.71616461284634,13346191
2023-09-07,227.7172393798828,228.3405529913241,211.76041346325547,212.75771270529196,72255521
2023-09-08,234.4490203857422,236.4020746819111,225.1408607493213,228.21588456564638,41855413
2023-09-11,231.83114624023438,236.19434202621596,230.41829174540845,236.02811489881336,14505153
2023-09-12,225.01622009277344,232.7452989481114,223.5618216249531,232.70375485125228,17547706
2023-09-13,232.4128875732422,233.9503997131686,223.5618384470421,225.6395507002674,17607568
2023-09-14,230.6676025390625,234.53216759225933,229.96120066823562,233.7841708963514,12033796
2023-09-15,232.1219940185547,236.15276071011897,230.66759549622614,231.45713626771206,13288180
2023-09-18,233.74261474609375,234.98924202473958,228.09124789464474,232.1219891387754,8754852
2023-09-20,236.2774200439453,239.35244422947247,231.95579390742066,232.28822278519982,18615797
2023-09-21,233.0777587890625,238.35512735213817,231.54024672778579,236.77607119300146,11071899
2023-09-22,235.4879150390625,237.77339854853113,232.03891772458596,232.7037755095337,8691024
2023-09-25,239.39401245117188,240.18355330781742,233.6595313028678,236.27744385288705,9118957
2023-09-26,238.3135986328125,242.178138402967,237.81494261282833,239.72645312898453,11256196
2023-09-27,242.3027801513672,243.8402922108674,236.4436420488386,239.35243905119688,12805340
2023-09-28,241.18081665039062,244.4635863593621,240.18350475546293,242.30276082881548,12432497
2023-09-29,245.33627319335938,247.24775832270765,242.17813534842506,243.34164913858046,8640829
2023-10-03,242.59364318847656,246.915294206995,241.0977007235174,246.8737247502104,9348540
2023-10-04,239.31089782714844,242.26123896274788,237.6071586305467,241.67946941021123,6338888
2023-10-05,240.47439575195312,241.47168231009275,235.94497337531166,240.01728388711373,8687014
2023-10-06,239.1862335205078,241.84571545061146,238.5213757193316,241.8041713490502,3741467
2023-10-09,239.1862335205078,240.14200148341027,235.23858008961295,237.73183488807285,4647845
2023-10-10,252.02651977539062,252.56671993897248,239.18624671017912,239.5602450956516,23283411
2023-10-11,250.86294555664062,253.48085753735634,248.86834716003312,253.1068592418135,12321154
2023-10-12,255.30929565429688,256.8883519179144,250.90453039371258,251.44473051512136,15375295
2023-10-13,255.9325714111328,258.3427122313412,253.0237746440239,253.4808611337773,9516879
2023-10-16,259.2984924316406,260.6697774633067,254.7690695181238,255.84949512087488,10535107
2023-10-17,263.7862854003906,264.5758260305002,259.3815465237081,260.1295177001476,7760527
2023-10-18,263.412353515625,265.7393809519866,261.99949912467173,263.7447823832914,9662837
2023-10-19,261.6255187988281,262.3735155059169,256.6805788156333,262.04106125267805,8977527
2023-10-20,259.6308898925781,263.2045697976155,257.30386256677826,259.71400344622003,6009115
2023-10-23,254.3950653076172,260.00488777278144,253.48086694445868,259.7555471122679,8086150
2023-10-25,257.88555908203125,259.8801825502216,253.48082054227467,254.39501873808007,7253336
2023-10-26,253.6886749267578,256.9299010817834,251.73562026837723,256.9299010817834,8329092
2023-10-27,260.91912841796875,263.5785850222099,254.31199296545307,254.31199296545307,10503070
2023-10-30,261.417724609375,262.4565806527483,259.25692432931567,261.7917229300679,6229982
2023-10-31,261.16839599609375,263.28765207150906,258.25959922286756,263.2461079769696,7446586
2023-11-01,254.8521728515625,262.45659441527124,254.1873150940188,260.2957940219053,9593653
2023-11-02,256.6805725097656,259.96334259691304,255.39237571685885,256.7636860710335,7071960
2023-11-03,259.2984924316406,261.54243183814776,257.8856379367733,258.13497862788455,4658440
2023-11-06,263.0799255371094,265.57318033744605,260.1295841684574,260.2958113002263,10340818
2023-11-07,261.16839599609375,264.94982165620974,260.6697400481445,263.038336778882,6826885
2023-11-08,263.7862854003906,264.4095989412057,261.41768887275487,262.62277186340776,6424833
2023-11-09,268.8974914550781,269.68703220290803,262.37349571197564,264.6589790357291,15503280
2023-11-10,268.7728576660156,271.058341192704,267.2353454937036,269.64551204837056,8445203
2023-11-13,290.3394470214844,290.8796470076744,274.50726815959405,276.7512070101588,42178783
2023-11-15,291.37835693359375,298.3594646837379,289.71618721390723,298.3594646837379,35092206
2023-11-16,287.3891296386719,294.6195779448802,286.5996142524884,293.3729506757199,17617280
2023-11-17,286.9320373535156,289.6746071454874,284.4803269616801,289.21752063439084,13542916
2023-11-20,289.009765625,292.87430522580695,285.85165324132277,289.2175368439971,19032608
2023-11-21,290.4873962402344,294.22495522353717,285.83715899872027,291.1827474147266,15148068
2023-11-22,288.70550537109375,293.70341802016384,286.8367259466307,291.87808809531424,7599447
2023-11-23,290.7047424316406,292.0954449989318,286.8367812857403,289.0097872045717,6186567
2023-11-24,289.2705078125,293.31231963021304,288.66208213282863,291.48698953930204,7054445
2023-11-28,297.2237243652344,297.7017749993798,289.70510357149897,291.0089069656569,10791886
2023-11-29,297.5714111328125,299.8747919104128,293.87730137739436,298.13638731962783,14149513
2023-11-30,297.39752197265625,299.8747535024306,293.8337877128006,299.8747535024306,11959336
2023-12-01,301.3089599609375,305.1769206519002,297.65832636224775,298.83172819964386,15105221
2023-12-04,308.3060607910156,312.9128222865211,304.7857756247231,305.1769272629607,22705896
2023-12-05,309.04486083984375,309.8271641146181,304.2207987837944,309.17526240293853,15782945
2023-12-06,306.089599609375,315.08584915953384,303.74276920017076,309.262182854343,14817158
2023-12-07,305.9156799316406,307.5236825445119,302.8299966596597,307.5236825445119,8507659
2023-12-08,305.09002685546875,311.5221189825591,301.5262918918529,305.95922921118233,13444251
2023-12-11,307.39337158203125,311.6959333463527,305.08999091591824,305.08999091591824,11420609
2023-12-12,302.0477600097656,308.21910084321183,300.0051295649421,307.8279492486483,8789103
2023-12-13,300.0486145019531,304.0469234605159,298.7448111826097,303.699247880547,8091533
2023-12-14,302.13470458984375,305.26383796587544,300.5701246388542,303.5254334820742,13142466
2023-12-15,304.22076416015625,308.00179896276444,302.8735113863966,304.22076416015625,14331890
2023-12-18,302.17816162109375,305.3072950750957,297.52792420586354,305.08999450920595,7959685
2023-12-19,318.9537658691406,321.38752147956734,301.17856982466554,301.17856982466554,28937243
2023-12-20,306.089599609375,323.1694203344879,304.2208198781706,320.7356643858427,23224408
2023-12-21,309.00140380859375,310.131356137599,300.8309078597727,305.1769191650975,10028664
2023-12-22,315.73773193359375,319.3449161329447,309.78369094018615,312.0436222000279,13916380
2023-12-26,318.1714782714844,323.16939129175677,315.0858208432606,316.2157731765952,11910267
2023-12-27,317.78033447265625,320.90946774557773,314.99887677984907,318.99721226602946,7890042
2023-12-28,331.12255859375,332.4698112708754,317.95412524030553,318.8233273612751,28310022
2023-12-29,326.8200378417969,331.77450115350075,325.29893394226724,331.6006500974615,8859317
2024-01-01,331.8614196777344,336.20743107490716,328.08041098295286,328.38461055999613,11124690
2024-01-02,341.292236328125,344.0736939606009,333.9909432003081,336.72892480749624,28363847
2024-01-03,334.2517395019531,343.16106322748016,333.64331379724297,343.16106322748016,12903439
2024-01-04,334.4255676269531,338.81502840453015,333.6867404049789,337.0766238944485,11039940
2024-01-05,333.9909973144531,337.68510723920633,332.46989322779007,336.207452658925,8369460
2024-01-08,330.64453125,337.81544982670954,329.6449539657088,335.9032207884889,9424716
2024-01-09,334.9471130371094,337.2070443319268,332.12220555007485,333.4694585104347,9473743
2024-01-10,332.0787048339844,335.38168925809504,326.68966686719426,335.38168925809504,9670366
2024-01-11,334.077880859375,338.03274037719075,333.16520260653124,335.07745811405897,9163771
2024-01-12,331.25299072265625,335.3382254800395,329.9057112872839,335.3382254800395,7471050
2024-01-15,334.338623046875,337.16353021480484,331.51371587894516,332.469843610203,7490747
2024-01-16,331.9483642578125,336.3378519363916,327.7327276554752,334.99057241039304,10165133
2024-01-17,329.9926452636719,334.94710894462304,327.8631155611885,331.86142488861,10996538
2024-01-18,326.5158386230469,332.51332918663076,319.86644633459633,330.99222516194175,12493835
2024-01-19,333.1217956542969,334.5559742051527,329.5146112609472,330.8618642729133,15893456
2024-01-23,326.21160888671875,351.8530764464427,324.7774304131443,350.723124079614,16406737
2024-01-24,332.5567932128906,337.0766290932445,325.2989489661712,330.12301094567107,22938994
2024-01-25,338.4673767089844,340.46655795232147,334.94711793786087,336.2074453811009,13440949
2024-01-29,358.8066711425781,360.4581766059003,340.29267419157617,341.50955201248695,27149058
2024-01-30,349.89739990234375,361.41433118862767,349.0716735747468,361.37088168094664,14159072
2024-01-31,353.0264892578125,355.63409601317136,348.02857631004133,352.07036147565805,23750822
2024-02-01,353.50457763671875,358.02441357395753,349.8539174529176,355.32988120267083,8862155
2024-02-02,364.8911437988281,367.5856764472021,356.06874506101343,357.0683224799075,25177075
2024-02-05,382.66632080078125,391.1410434079536,362.54429242842866,367.88988138314744,31418925
2024-02-06,389.9676513671875,392.01028231191896,380.05874931460437,386.621216822749,13386526
2024-02-07,393.44439697265625,400.311089509055,389.22876071408643,394.6178253267248,14430152
2024-02-08,399.1376953125,407.30819139276315,391.14102377167745,395.31318408152936,18790158
2024-02-09,396.53009033203125,403.1360064323697,378.6679675811269,401.7453040065817,17472069
2024-02-12,376.19073486328125,397.61659221140997,373.8004286016071,397.225440576393,19472346
2024-02-13,393.1836853027344,397.96429819095476,377.23381699775445,385.75198935183965,35665854
2024-02-14,405.35247802734375,406.7866564468064,385.0566000126821,392.57519423369956,18592696
2024-02-15,414.4791259765625,418.30361082750983,406.3955285946119,407.6558825519005,18501875
2024-02-16,417.2170715332031,423.8230138043349,415.044065952301,419.3031515856797,14513583
2024-02-19,400.7022399902344,423.69265027033515,395.8781780801237,419.65083855943686,19798448
2024-02-20,392.5694885253906,402.6365107778514,387.73380613594014,402.6365107778514,27899165
2024-02-21,380.65618896484375,396.4820607934158,378.94170878414224,396.4820607934158,19032050
2024-02-22,391.382568359375,393.8883365811605,376.260085821685,385.09618621104534,22083710
2024-02-23,390.2835388183594,395.29507512395975,388.3053050395455,393.8883257371673,9625544
2024-02-26,388.8768005371094,393.2289257073931,387.3381742207585,390.2835499640758,7570244
2024-02-27,388.08551025390625,391.5144435167808,382.5024894272766,388.8767984174137,8343526
2024-02-28,381.75518798828125,389.3603928551926,378.3702046569062,387.1183783638337,8893614
2024-02-29,383.9532470703125,390.37150660394224,377.7547644814081,390.37150660394224,11711699
2024-03-01,392.4376525878906,394.5917134144728,385.0962013734859,385.0962013734859,8411615
2024-03-04,400.39453125,402.6804957625531,393.9322952202588,397.27332853291773,11977226
2024-03-05,405.0103759765625,405.9775178227892,398.7679442398393,400.9220316777301,9605493
2024-03-06,405.84564208984375,408.7910176533382,390.8550105097052,406.5929801927471,14061966
2024-03-07,403.2080078125,409.1866591309942,400.9659934444301,405.8456528350438,9680802
2024-03-11,399.07568359375,406.9446685854263,397.75686109222966,405.31811546724873,7824738
2024-03-12,395.0312805175781,400.74617789822844,392.7453430305275,399.07567479941764,8409613
2024-03-13,366.6766052246094,395.5588233572337,360.47815020371155,395.0312889906331,17803423
2024-03-14,376.0403137207031,377.051405732086,362.4124794997176,368.3911315221243,20478918
2024-03-15,365.0940246582031,376.3479657994694,352.7410647792541,376.040262018128,25435001
2024-03-18,370.8968505859375,372.34754995973793,363.5993500368157,365.75343750472484,9803914
2024-03-19,368.43505859375,373.31471825490945,363.9950332922354,366.6326784610197,8373676
2024-03-20,368.8307189941406,371.7321179699512,362.85206729728236,369.0944727804818,6950340
2024-03-21,379.8648376464844,381.1836601729712,372.03982935563175,372.7871674869436,9911230
2024-03-22,379.7769775390625,383.51364175697535,376.56782092199535,378.853785574551,9172888
2024-03-26,383.2938232421875,387.68989862364845,378.85377100800304,381.4034893629474,9389403
2024-03-27,377.57891845703125,386.6787728678189,374.5895657861776,386.6787728678189,17985246
2024-03-28,381.6672668457031,385.49185776242155,378.0624796962499,378.0624796962499,10332853
2024-04-01,388.6570129394531,390.1956393197859,382.28270364950305,383.953233756219,7256592
2024-04-02,389.6680908203125,394.1520657640545,383.3816822327494,388.65697212563356,11530800
2024-04-03,391.6903076171875,393.00913020175716,387.6459129915377,389.6681237201197,6972648
2024-04-04,394.63568115234375,398.7240257746899,389.0966102301045,395.64677309506163,14743020
2024-04-05,392.9651794433594,394.63568268104007,390.3714842993056,394.5477558092644,4820138
2024-04-08,393.3607482910156,396.0423698853503,390.8549804125917,394.767497523772,3980972
2024-04-09,386.72271728515625,395.910497797712,384.43675295332235,394.5037752841331,8005012
2024-04-10,401.22979736328125,403.20803124515527,388.70098277807926,389.0966134555455,15825331
2024-04-12,400.57037353515625,407.47221689558864,397.88875159139525,400.04283915019397,11259294
2024-04-15,396.5260314941406,400.74625346923204,387.82180690081657,394.7236511745013,7680715
2024-04-16,398.46026611328125,401.2737381370963,392.4376377342742,394.7675522196016,4996845
2024-04-18,385.62371826171875,401.6254157394103,382.59041566981296,399.9988893960106,10945138
2024-04-19,382.7222595214844,385.6236849744882,376.3479510920285,383.33772072313974,7628287
2024-04-22,389.44830322265625,390.81107576888513,385.0961781479678,387.645896335613,6396926
2024-04-23,387.6898498535156,391.91007095622206,386.19517367923845,391.91007095622206,5390120
2024-04-24,390.23956298828125,394.50376088464225,387.8656718781183,388.21735249367663,6538090
2024-04-25,397.80084228515625,399.16361481900367,388.3932309389755,389.49224970224367,10858594
2024-04-26,400.74615478515625,404.83452567918766,397.5810024990176,399.1635786420869,7209435
2024-04-29,398.5042419433594,403.2959749453341,396.1303504534514,403.2959749453341,5305655
2024-04-30,399.4273986816406,403.03218586304024,397.44916475872174,401.2737557093346,6021793
2024-05-02,399.07568359375,404.0432429831741,395.119216089189,402.284812981147,14980896
2024-05-03,417.27545166015625,418.33049357969065,395.11922254026683,402.59255017089845,51071947
2024-05-06,404.9664611816406,423.29810051179453,390.41543586921966,421.1440128865541,36408390
2024-05-07,400.92205810546875,412.7914611414859,398.15253609670077,407.07656338340354,13728379
2024-05-08,408.3514099121094,414.4619379499178,400.13074444821115,401.5374937884337,16978094
2024-05-09,389.9319152832031,411.2089324416351,388.041608095146,409.14277149265865,15601338
2024-05-10,395.1192321777344,396.6578584921582,387.07441995719256,393.18497519565256,9190621
2024-05-13,390.3714904785156,397.22935728134314,382.19480107272005,396.7457997261941,11107909
2024-05-14,394.5037841796875,396.2182373435876,391.33860478974,392.7453541665514,6592194
2024-05-15,411.34075927734375,413.2310662353089,395.20715802717314,395.6467655444447,23543942
2024-05-16,411.73638916015625,417.6271406129869,402.5486081655786,412.0441197879632,17232651
2024-05-17,413.4508972167969,416.4842000182981,410.4175944152956,412.3958283732707,10625019
2024-05-21,431.3868408203125,434.2442896129478,412.96730239438665,412.96730239438665,27356982
2024-05-22,441.1022033691406,446.0697630584416,432.2221259565372,434.771844247093,28346931
2024-05-23,437.233642578125,442.94854052005087,432.661740323493,442.59685985915837,14378840
2024-05-24,440.4867248535156,444.3552655737509,430.0680215041508,436.046699736799,12190536
2024-05-27,434.7278747558594,442.24515239902286,431.47476846882796,442.20120238089254,8811105
2024-05-28,428.74920654296875,436.2665111927315,425.62800390065786,436.09065745308857,8165238
2024-05-29,427.69415283203125,432.4858585430565,423.8695621678923,423.8695621678923,8014727
2024-05-30,423.91351318359375,429.01297635828575,421.5835987652707,427.2984963502014,7725080
2024-05-31,431.8704528808594,433.54095614664453,421.1440183001088,425.8917743092142,11223848
2024-06-03,450.4657897949219,463.69801865188674,444.4871384477595,452.795731041218,24416215
2024-06-04,388.52508544921875,450.5097669593772,361.18149482751323,450.46576328096023,48046493
2024-06-05,404.9224853515625,406.9446960894757,373.7543275579865,397.40520731743356,18966089
2024-06-06,415.82476806640625,425.89176427635084,408.5272670623905,413.23107293981667,21757857
2024-06-07,421.27587890625,423.1661858663294,411.1209559785236,415.86871180406433,8317343
2024-06-10,420.00103759765625,429.0569418257165,418.0667537666561,426.41929669154194,10958537
2024-06-11,418.8140563964844,425.10043806674304,417.80296454711606,423.78161561152046,11169021
2024-06-12,429.67236328125,434.59594561033686,421.45169800840006,422.90239733148854,15412796
2024-06-13,428.968994140625,434.2442841530078,425.1004534978468,434.2442841530078,7438571
2024-06-14,428.1337890625,432.9254950950173,426.63911271091723,428.96902728007836,5974636
2024-06-18,429.9801025390625,433.3650857933029,426.5951461163357,432.5737976273604,6946544
2024-06-19,420.2208251953125,431.8704240898221,418.94595269689313,430.28782097128294,8962510
2024-06-20,424.7927551269531,428.5294191693754,414.5938549625093,422.9463981161592,7864157
2024-06-21,422.1990966796875,432.04628958245956,421.14402783975845,424.7927650946141,10340882
2024-06-24,416.4841613769531,422.06715523070346,414.9894851258861,422.02320521276556,11124175
2024-06-25,412.5716552734375,420.22083681239116,409.09874515174295,418.41842989129754,7951999
2024-06-26,412.1319885253906,414.8575601091405,408.87888263002634,413.45081088867187,6655899
2024-06-27,410.6373596191406,412.3518396209587,405.75772704706276,412.13203586849545,14857335
2024-06-28,416.0006103515625,418.5063786995751,411.4726580491621,413.2310882117653,8302706
2024-07-01,417.4512634277344,418.77008590296714,414.330060968955,416.17641780058324,8579861
2024-07-02,421.2319030761719,426.4192661016212,416.17641693166814,420.2647612300514,14629287
2024-07-03,426.3753356933594,428.7492001540845,421.4956762218725,423.6937137770883,7244652
2024-07-04,430.419677734375,433.2771263862342,426.68301411271295,429.7163164911373,7796954
2024-07-05,432.1341857910156,433.71676210708546,428.08979130032094,430.37575573693215,5754517
2024-07-08,433.716796875,436.0906883709156,428.3536062453281,433.18928928169913,7477292
2024-07-09,434.1563415527344,436.9258901740773,431.78247723209813,436.9258901740773,6444684
2024-07-10,431.47479248046875,435.12352962826463,422.5067880987529,434.15638769195965,5981477
2024-07-11,439.6514587402344,444.88279882663096,429.5404860396291,432.5737885824159,20146927
2024-07-12,436.2664794921875,447.16873977001825,435.65101827967214,443.1243455357311,8198389
2024-07-15,437.6292419433594,442.77265477398834,433.05731346468673,439.60747558348504,7106020
2024-07-16,450.5537414550781,455.7850814838071,437.84907386045774,437.84907386045774,23169665
2024-07-18,444.223388671875,453.49909639644596,440.7065285933248,453.1034389050039,12540956
2024-07-19,429.05694580078125,445.2344974072948,427.9579269846932,444.2673554828345,9971704
2024-07-22,431.8704528808594,436.0906744819498,425.1444361338192,429.05695392578934,7281653
2024-07-23,428.177734375,435.9148161731951,408.439345538249,434.3322397972279,11311831
2024-07-24,434.1563415527344,439.07995075216326,426.5071874108911,427.9139367295153,6823248
2024-07-25,434.33221435546875,442.7287069570635,425.5400642673013,431.6945693290185,10281157
2024-07-26,448.26776123046875,449.8943143036431,438.06886213459035,438.06886213459035,20437968
2024-07-29,450.2900085449219,453.411211234425,446.20163710427255,452.35614244364183,7259754
2024-07-30,456.6203308105469,462.1154250662964,448.35574124771756,450.29002515834736,13197520
2024-07-31,459.1260986328125,461.93959745672515,448.83927206636497,460.22511741847944,11972565
2024-08-01,475.1277770996094,476.75430328044746,464.22549033116877,470.379994937832,34763894
2024-08-02,461.1483154296875,472.3143578228408,459.2140314960417,469.50085879781335,10985150
2024-08-05,445.58612060546875,452.79569384196446,437.45338241510336,452.79569384196446,11835031
2024-08-06,439.255859375,454.73005015073664,437.8491098805667,446.7291875556924,7142269
2024-08-07,467.30279541015625,468.4457642335869,446.37748811686953,446.37748811686953,18293730
2024-08-08,460.22515869140625,470.3800824490553,458.2908747225609,469.5008673416739,13624148
2024-08-09,465.8080749511719,467.17084740620396,458.8183052884315,465.9839286757295,6468264
2024-08-12,460.6647033691406,466.4235508038596,460.0931921621355,465.10472832279305,5238736
2024-08-13,458.7304382324219,465.8960621348039,457.19181194223165,461.5878870570608,5201294
2024-08-14,443.7398376464844,464.1376371336013,438.772251247524,459.7415619709911,14766889
2024-08-16,454.9288024902344,457.99245651974746,446.22629064696673,450.84396658420553,7313429
2024-08-19,463.5425109863281,464.83013991239727,455.6836222789083,456.2607978664703,10737456
2024-08-20,465.8512878417969,469.27016813467407,462.6988546314636,465.6292847396611,8191127
2024-08-21,472.60028076171875,475.30870814656464,465.6737938463802,467.5385984851308,9067794
2024-08-22,469.6253356933594,475.48625004876897,467.80492111477577,474.1986212297791,8531700
2024-08-23,478.5054626464844,480.54793453750506,469.62533859848446,469.71417235895,12566904
2024-08-26,477.8395080566406,482.67918705695047,474.8202980545995,481.3027785119036,7193307
2024-08-27,471.8898010253906,481.03631771128516,470.64656201178485,478.7274530002993,7865530
2024-08-28,467.40533447265625,475.57505990675173,466.60615578235127,474.10987187453645,6066259
2024-08-29,468.470947265625,470.64658856218153,458.3031940878239,467.4053215081302,9147836
2024-08-30,466.1621398925781,476.86267892415816,463.5424923620309,470.6465918618321,30921282
2024-09-02,462.5213317871094,469.75865601247585,459.67973488388526,467.9826308479674,6370038
2024-09-03,461.4112243652344,464.9632739883693,460.21242929741675,462.654463413322,5526155
2024-09-04,447.24749755859375,458.9692464913269,444.4946533433336,458.9692464913269,16783593
2024-09-05,441.3421630859375,450.66629329197843,439.69933472487554,450.66629329197843,10830621
2024-09-06,433.8384704589844,443.11821137691345,427.1783771016159,443.11821137691345,13110103
2024-09-09,430.1976623535156,433.7941021041474,424.51436072783935,433.3500958583909,10189742
2024-09-10,436.1029052734375,436.90211103215717,427.84437350003174,432.7284418144156,9809547
2024-09-11,429.7536315917969,438.2785293440141,427.9776067100868,437.656936895409,8134497
2024-09-12,440.14337158203125,441.56419694191266,428.24401000550506,432.4620692020341,12058489
2024-09-13,435.34808349609375,442.09698322424094,434.6820741893685,441.34216725662134,8093877
2024-09-16,438.0121154785156,439.47733051577006,432.7728477483393,437.3461061797647,5244657
2024-09-17,433.7940979003906,439.3885657027127,433.039281869921,438.01215719420196,5063902
2024-09-18,432.5509033203125,438.32298469241687,431.7072805874699,434.94852086103793,6527832
2024-09-19,424.4255676269531,436.54693232964996,422.91593559951536,434.2380945053292,10014450
2024-09-20,435.9697570800781,442.2302344995633,426.51240207193166,427.0896318893238,12982128
2024-09-23,444.5390625,446.22628082840777,435.5701308384756,438.23416833595866,6123879
2024-09-24,447.8246765136719,449.91151123226416,445.3826422280828,448.44629608090867,7306001
2024-09-25,448.71270751953125,450.2223396166248,445.78227709575077,449.7783333645374,5059851
2024-09-26,449.8227233886719,450.62195632284653,444.05064210846984,449.33432735111273,6877039
2024-09-27,458.3031921386719,459.8572138867491,448.35746921097075,449.822684296303,15443031
2024-09-30,453.01959228515625,455.9500499298953,446.22630176779427,455.55043344652427,8881502
2024-10-01,451.5543518066406,458.21444549110436,449.4675170321772,454.662395526057,4743517
2024-10-03,446.0930480957031,452.7975310791407,443.5622072589128,443.5622072589128,11285134
2024-10-04,441.5198059082031,448.13548247455316,438.7225449794889,443.65103039199386,7170285
2024-10-07,426.6456298828125,444.49466001416397,422.1167605703834,442.3190455807363,8940891
2024-10-08,436.7689514160156,437.5681572421218,423.093564402673,426.95639707885135,6049075
2024-10-09,432.4176940917969,440.4541963094632,431.26326159147527,436.9021463392256,6874313
2024-10-10,433.43890380859375,438.6337823192972,431.6184619356171,433.9717167250745,4700891
2024-10-11,437.7457580566406,438.5893536433975,432.86168947018854,432.9060792537058,4364566
2024-10-14,442.4966125488281,446.181886059171,437.7457674113808,439.521792389863,5369297
2024-10-15,439.0777587890625,443.4290142952462,435.1704823998473,442.4965849796426,4279311
2024-10-16,440.2321472167969,443.4733870561867,437.70130645727767,439.56613791692274,8000451
2024-10-17,435.0373229980469,441.56422036308004,432.6397054823144,440.23220159878724,4334990
2024-10-18,437.0797424316406,438.4561509008018,429.2208267625853,433.35007927005825,4573163
2024-10-21,431.0412292480469,439.3441509106203,428.3328021693412,436.9021167216274,4737527
2024-10-22,415.900634765625,432.9060676972205,414.8794258720807,430.6860365808245,8671135
2024-10-23,421.0067443847656,422.7383525520672,407.55336002345996,415.90067235555784,10686743
2024-10-24,423.803955078125,429.6204259683787,420.07429183094587,421.0067211927357,5045880
2024-10-25,409.4625549316406,425.4023624923667,407.5977233264888,424.5587669066958,10330954
2024-10-28,392.1907043457031,406.709713738687,386.5074299230645,401.3816388862151,21378247
2024-10-29,395.6539306640625,396.58635998337417,389.6598467113021,394.4551355535016,7680865
2024-10-30,398.8507995605469,404.75607712645694,395.16555319234664,397.8295906295984,7818123
2024-10-31,401.426025390625,403.60166677760697,393.56713672742256,401.38163560721307,8475238
2024-11-01,403.29083251953125,408.08609413657746,401.69242101384526,403.7348387266649,3095957
2024-11-04,393.6559143066406,406.84290481219585,386.72942792998015,406.70970836264274,15720990
2024-11-05,400.4232482910156,401.66623250984526,393.1495272933041,395.08305517833975,10186343
2024-11-06,401.25189208984375,404.10614484194946,397.0165801138798,403.0933418527128,9130749
2024-11-07,400.83758544921875,405.4412098873669,400.19306678856054,403.09334456493514,5861077
2024-11-08,390.4333801269531,401.4360538514185,387.8553616626377,400.83758828987675,9934413
2024-11-11,388.131591796875,391.9986478298168,384.2645638622288,389.46665421494424,7201246
2024-11-12,381.22613525390625,391.1239279716992,380.07522912393034,389.00627193186114,6564348
2024-11-13,374.6429748535156,382.5612150076286,373.53812177745283,381.18012758882855,7170870
2024-11-14,377.26702880859375,380.5816440773336,370.6838513752167,374.91919154647906,8776485
2024-11-18,380.5816650390625,385.3233929285601,378.41795577930276,381.13410563066225,7352509
2024-11-19,379.56884765625,388.5459156117344,378.14173527187546,382.9755410940594,6291292
2024-11-21,373.8143005371094,381.0880214549954,372.11095389283577,380.30539968889207,14141967
2024-11-22,381.22613525390625,382.7913788299912,374.18259535811245,375.1033202620932,8155453
2024-11-25,384.3566589355469,393.5639088504164,382.7453902004447,387.6252214160068,10903727
2024-11-26,378.8782958984375,386.70445753910997,377.22100231973036,385.27734518512847,5798977
2024-11-27,384.0804138183594,387.62521055592913,379.9832045800119,386.70448559023805,9219932
2024-11-28,382.2850036621094,391.2160186588671,380.7197600357038,386.7044721039797,7788912
2024-11-29,383.3898620605469,384.86302759444305,378.41795296965574,382.37705899984974,7057742
2024-12-02,388.26971435546875,389.8349298780366,383.7581397182624,385.23130522643413,6404844
2024-12-03,388.63800048828125,391.76845964605246,386.10600691830086,391.3080971787833,7928558
2024-12-04,383.62005615234375,392.1367621919238,382.1008655595374,388.63801851768517,6836472
2024-12-05,385.23126220703125,387.8553335850693,379.3386289306791,385.0010810001558,9500273
2024-12-06,384.0804138183594,388.0855730387746,383.38987009409107,386.70448559023805,4252732
2024-12-09,381.1801452636719,387.5791951734798,379.7990577808325,384.86304521791027,6662023
2024-12-10,381.22613525390625,384.1264411800809,378.8782979880731,382.561197603996,6035289
2024-12-11,383.8962707519531,386.38221120364676,382.6072333714879,383.021570829251,5353413
2024-12-12,376.6685485839844,384.7248911675528,374.82709885059734,383.48190697785793,9409378
2024-12-13,377.7734375,378.6481374458802,370.13143161883,376.6685844138466,9439175
2024-12-16,377.91156005859375,380.1212942785407,374.2746853332576,377.95758506593415,5434635
2024-12-17,370.9600830078125,378.37193583961505,370.13143615846025,377.9115733568309,5070262
2024-12-18,364.42291259765625,372.70943688904777,363.2720064460741,371.51250573072025,7176597
2024-12-19,360.878173828125,363.2260113312515,356.3205738534711,359.9574488310876,5745829
2024-12-20,351.7169189453125,362.4894117334789,350.33583156725496,361.8448930510676,7923854
2024-12-23,352.59161376953125,357.7937038654899,352.08519821257426,355.39981349174155,5163415
2024-12-24,354.01873779296875,356.0903688983893,351.1644848725082,354.34099714013763,4242999
2024-12-26,355.95220947265625,359.35887433705506,354.5250691890255,355.7680532753198,4190081
2024-12-27,350.3358154296875,357.6555894355384,349.46111555789133,356.7808895637422,5909271
2024-12-30,347.9419250488281,351.99310888389647,345.9163471804406,350.33581534628,22328728
2024-12-31,353.6965026855469,354.2029182938883,346.28467768418653,347.94197144278354,7686615
2025-01-01,355.76812744140625,357.37939615997993,352.17730563110143,353.144055622927,3584876
2025-01-02,361.79888916015625,362.7196141325976,353.604414426791,357.6095736765702,7538972
2025-01-03,362.4433288574219,367.6454186011459,358.62232637831266,361.84486332908057,7122319
2025-01-06,348.7245788574219,362.81165951650235,347.2514133006752,362.81165951650235,8774141
2025-01-07,349.6913146972656,353.7885518460564,346.65293368910926,350.3818583898734,6542121
2025-01-08,350.19775390625,351.7629695228529,346.19259459907477,349.92151955158124,7407778
2025-01-09,342.6938171386719,351.3025724277932,341.4047798071107,351.3025724277932,6247612
2025-01-10,339.2871398925781,343.6145583435519,335.7883963650257,341.9572365950045,4893721
2025-01-13,334.13104248046875,341.0364788561947,332.61185209746753,337.0773732400955,8661589
2025-01-14,339.9776611328125,344.3511043024289,334.2231306464751,336.0645804021031,5698113
2025-01-15,344.9035339355469,351.21050476867,340.0236753785623,342.41756560479126,11117714
2025-01-16,348.8166809082031,351.25659660176683,345.08772770260015,348.44839651831956,6923722
2025-01-17,356.91900634765625,358.43819683207596,348.540404032776,349.87546639385977,8380692
2025-01-20,356.3665771484375,360.00345190443727,352.31539302799547,358.71444260679147,14597375
2025-01-21,351.3026123046875,358.76049041997385,350.79622479430327,357.24129979052407,20854879
2025-01-22,349.138916015625,353.46630646795717,344.9496005893157,351.25657218396884,10653690
2025-01-23,355.21563720703125,357.42539933385416,346.3767010929102,347.5736321630287,5844752
2025-01-24,352.68365478515625,361.15433493825816,351.4406986731814,355.44582943095554,5351964
2025-01-27,345.96240234375,352.6376582771956,343.200227474738,350.70413024922806,6645109
2025-01-28,341.2667236328125,347.6657737721847,338.59662668986,346.19260811798057,10866038
2025-01-29,349.36907958984375,354.47909161932404,341.4047866111896,342.9700302031122,6680927
2025-01-30,354.5251159667969,356.6428001224209,350.24375074758177,351.44070999162,6300164
2025-01-31,369.89459228515625,370.87563825853215,350.04043667202234,354.5718614204387,10339434
2025-02-01,359.9908752441406,373.2114302270839,354.15141757074764,369.8946011608105,7015540
2025-02-03,349.43310546875,358.91637789585536,342.42575709705045,358.77623663101605,7689700
2025-02-04,351.81561279296875,355.69303525923084,350.27400176491193,352.70322170974623,4649921
2025-02-05,357.7017822265625,359.8039867379349,353.0769208963538,353.1703579105651,5914200
2025-02-06,354.6653137207031,359.3835842056371,352.4229676339323,357.6550989987384,4652107
2025-02-07,353.4039611816406,357.8419487972726,351.30175652160443,354.5718526594385,3006598
2025-02-10,346.1630554199219,354.8988899165154,344.7615855599222,352.2360914799205,3380494
2025-02-11,335.41839599609375,346.162996424938,334.01692637494017,345.69583988455344,6803431
2025-02-12,336.6797180175781,338.0344548513982,328.4577459538581,336.2592657339608,4565992
2025-02-13,337.8943786621094,343.4068210937646,335.0447346758657,338.22139399978755,3712240
2025-02-14,330.9337158203125,341.0242860291359,327.4767458992114,339.9965359028918,4464446
2025-02-17,336.4461975097656,338.2213869319512,326.3088933314474,330.9337551933043,6017586
2025-02-18,337.3804626464844,338.54835400948593,330.55995997877164,336.5862908170488,3843725
2025-02-19,338.50164794921875,341.30458744152685,334.48411274876713,336.3527390769725,3097726
2025-02-20,343.7805480957031,345.18201787430286,336.3527468639343,336.3527468639343,4624287
2025-02-21,345.6491394042969,346.81703076799164,341.30456072097405,343.4067651756247,5235241
2025-02-24,340.8374328613281,344.29440299400204,337.4271954949188,343.8739506624964,4533486
2025-02-25,337.42718505859375,341.398015906538,335.13813497168104,340.08998321216296,4525493
2025-02-27,339.9498596191406,343.6403796089788,332.75563665655744,335.4184349485772,6196610
2025-02-28,345.08856201171875,351.068160371337,341.3045767083151,342.70604641039625,21899478
2025-03-03,336.6797180175781,346.6301464377937,329.2519177601509,345.69583337461904,12675744
2025-03-04,339.9498596191406,342.42578386811573,329.4388362398328,332.7089324022841,5535218
2025-03-05,344.06085205078125,344.6681499566936,338.26809853366944,338.26809853366944,5730797
2025-03-06,357.4682312011719,358.9164052364489,343.920689983897,345.7425835915382,11247215
2025-03-07,355.64630126953125,364.0084155182797,354.4784098109337,357.4682233501335,8321771
2025-03-10,350.5075988769531,361.20549665409055,349.4798486320747,355.6930543571675,5541001
2025-03-11,354.1513977050781,355.0390066268353,343.82724852283,346.63018804883137,5340552
2025-03-12,355.69305419921875,357.7018219192847,349.2462701719243,354.6185711860185,3951912
2025-03-13,353.4506530761719,357.84193628432865,352.56307269186755,356.4404665599775,3918004
2025-03-17,360.41131591796875,361.62591166946885,354.151406089835,355.2258890772882,5456361
2025-03-18,360.41131591796875,360.41131591796875,360.41131591796875,360.41131591796875,0
2025-03-19,369.8478698730469,371.903341716064,363.2609449911008,364.4288364404202,5827114
2025-03-20,370.3617248535156,371.95006860468266,366.2974569715083,371.5763490494005,7025398
2025-03-21,378.7705383300781,384.0961345921652,369.1471244675407,370.36172013497685,16564019
2025-03-24,379.3311462402344,384.7501512099048,378.44353732536894,381.15306832317924,5260300
2025-03-25,372.1369323730469,381.4333600237643,371.015773652226,381.199781726138,5636291
2025-03-26,368.8668212890625,376.0143397177579,367.3252102896678,372.32379135932007,5025274
2025-03-27,370.7822265625,373.39829231091267,366.2975057628206,367.41869309098496,7697174
2025-03-28,372.04351806640625,375.50045970961673,367.65223473427557,370.92233085008235,6923988
2025-04-01,371.5296630859375,376.1077923690424,369.1004429011335,371.66980437270007,4332950
2025-04-02,371.3895263671875,375.22021649269,365.7836467239092,375.22021649269,4197123
2025-04-03,370.96905517578125,373.72529059914064,367.371972064146,369.0537244666514,4970602
2025-04-04,359.75726318359375,369.9880034726873,357.4682130981761,369.9880034726873,6718760
2025-04-07,352.7032165527344,354.4784058473585,332.6154836894661,335.2782818878896,10202400
2025-04-08,357.7017822265625,360.1777062818064,351.9090295011469,359.71054972372366,3577328
2025-04-09,349.99371337890625,357.5616556329644,348.5922436471538,357.18790756078397,5781453
2025-04-11,366.3442077636719,366.9982098893543,357.04778011133106,364.33544010633,6185984
2025-04-15,369.28729248046875,372.790966982181,367.6522443796697,372.790966982181,4371156
2025-04-16,373.0245361328125,373.81870803631654,366.71792218441806,369.2872834226528,4992290
2025-04-17,372.6508483886719,373.3048505610162,362.79382641605355,370.82892613168724,8364450
2025-04-21,374.19244384765625,379.33116654718714,369.6610190372928,373.02455232503564,8987570
2025-04-22,372.4172058105469,379.14424299472813,368.39964238950625,376.9953342788729,7558174
2025-04-23,372.7442626953125,375.2201869737145,368.1194009482594,373.72528015051716,7429142
2025-04-24,373.58514404296875,374.93988109447645,370.78220440305097,372.69753508513753,5762303
2025-04-25,367.32525634765625,377.46256102836514,364.0551599031036,374.0055905246468,7337588
2025-04-28,371.0624694824219,372.6040805091616,365.8303100317818,367.32521680524684,3458518
2025-04-29,363.5412902832031,374.0523143169524,362.9339923749598,371.06250051993936,6274213
2025-04-30,359.9908752441406,364.7091741520283,357.9354032508924,363.54128261734974,4559122
2025-05-02,358.30908203125,365.2697261903712,356.3470187738557,360.17770827391627,5045851
2025-05-05,360.27117919921875,362.4200881753618,356.6740676409129,360.5981945250604,6395704
2025-05-06,353.4039611816406,362.18649939208564,352.60978927414294,361.11204493510667,5982166
2025-05-07,358.1222229003906,361.85947554120025,345.97615181775944,345.97615181775944,9162368
2025-05-08,360.1310119628906,369.00698681124493,357.1411985035184,364.38212535349163,14258083
2025-05-09,357.2813415527344,358.07551342992923,352.2827605158926,354.1981195741831,3809943
2025-05-12,369.5208740234375,370.0814676512264,362.0463683541897,366.2040735378993,6743279
2025-05-13,369.19384765625,373.3515527156142,368.16609745487034,369.52086297209473,6307140
2025-05-14,376.6216125488281,377.50919287717426,370.4084361985141,370.68871872052387,6822756
2025-05-15,378.0697937011719,379.7048416412598,373.3515239078216,377.228917606007,10511989
2025-05-16,378.2099609375,382.13408766838006,377.0888022379452,379.3311481500301,4702603
2025-05-19,376.2479248046875,380.68591236030613,374.7062852644609,379.28444260590027,5446656
2025-05-20,381.2932434082031,389.8422039516412,377.46255337678383,378.8640232531828,18755291
2025-05-21,378.7238464355469,386.38519726660536,377.6960962533509,384.61000795898053,7393102
2025-05-22,372.6508483886719,379.9384803906549,367.37198418735284,378.3968692186559,7936875
2025-05-23,375.1267395019531,376.5282092634797,372.79095656607547,373.9121437804869,4178408
2025-05-26,376.2479248046875,379.14427282007955,375.36031588837375,376.1077550188668,6067873
2025-05-27,373.6785583496094,377.0420629026498,372.1369188309953,376.0610454935088,6553758
2025-05-28,372.04351806640625,375.4537554560097,370.45517426210995,374.6595835538615,6002200
2025-05-29,372.04351806640625,374.84645759424063,370.92233085008235,373.72527037791673,7724668
2025-05-30,371.2026062011719,378.1632506322047,370.3150258090171,372.7442457219733,6565658
2025-06-02,373.44500732421875,375.03332269845004,369.5208803752204,372.74427240568167,6119571
2025-06-03,367.0449523925781,374.1924427881841,364.84931063367264,373.4450036210138,7360608
2025-06-04,368.67999267578125,369.05371225141533,364.00842669791524,367.04494458352815,3861957
2025-06-05,368.96026611328125,371.6697686109041,366.76462445533724,368.6799835667247,6097293
2025-06-06,372.7442626953125,374.28587377333815,370.0347316038404,371.71651247230335,7633919
2025-06-09,374.6595764160156,379.5180162435579,373.72526325787095,374.5661393976062,9626374
2025-06-10,373.3048095703125,377.9296710914547,372.65080746978083,376.5282013593479,6362912
2025-06-11,375.6873474121094,382.60125946293465,372.2303771302085,373.818720992266,11946342
2025-06-12,366.90478515625,375.9209013449149,365.7835979718362,375.59388604004636,11262656
2025-06-13,365.50335693359375,366.57781147475504,360.644916600111,364.3821696218738,5253032
2025-06-16,368.4464416503906,368.6800199665741,360.8317942454053,365.3164865109366,3706240
2025-06-17,365.59674072265625,369.8478828551842,364.4755819997405,368.1193977469245,3248476
2025-06-18,364.7091369628906,367.55878061173945,362.6069324148295,365.5967173309542,4118145
2025-06-19,359.00982666015625,365.78359697449883,358.3090918000519,364.709142558267,4416367
2025-06-20,363.4945373535156,366.06389864149,358.91640839753825,358.9631411651051,6531957
2025-06-23,366.7178955078125,367.2784890761516,359.4302646583243,361.57917340515525,3359491
2025-06-24,366.8580627441406,369.4274239773726,365.03616915927046,368.5398435682231,4606984
2025-06-25,366.0171813964844,369.42741873689425,365.31644652463405,367.97924474026024,4672204
2025-06-26,368.2595520019531,368.773441383588,364.98945571382444,366.2507842704123,5569101
2025-06-27,368.2595520019531,371.5763810591269,366.34422129552564,369.05372394595116,16253653
2025-06-30,366.2040710449219,371.2960608896468,365.1295880519011,369.52087150788054,4870935
2025-07-01,364.1485290527344,368.0259226973338,363.44779423095235,366.7178900659352,5997283
2025-07-02,361.48577880859375,365.97049936857337,360.1310417485296,364.3821554907308,7752338
2025-07-03,361.0653381347656,363.4478253274806,360.1777292127089,362.4200751316716,3851213
2025-07-04,360.73834228515625,362.4200946868772,358.2156851695979,362.2332491494509,3990767
2025-07-07,359.00982666015625,361.1120312404695,358.7762483734548,361.1120312404695,2810768
2025-07-08,357.7017822265625,360.1777062818064,357.1878929048874,359.6638454731048,5231160
2025-07-09,361.9996643066406,362.6536664452892,357.701817841762,357.88866337581464,4497121
2025-07-10,358.8229675292969,363.30768792802235,357.42149775087813,362.56022027174697,4668066
2025-07-11,355.9266052246094,359.05653146081085,355.59958992013287,358.8229531737525,4677164
2025-07-14,358.6361389160156,360.5514696316729,356.4404971236676,356.9076537385086,5109504
2025-07-15,361.0653381347656,361.8127772700947,358.2623986078185,358.6828224290754,4586811
2025-07-16,361.0653381347656,362.51351215183155,359.6638683712921,361.25218366211027,5205724
2025-07-17,360.55145263671875,362.70039007148114,359.6171394510766,361.6259070976121,3749218
2025-07-18,362.9806823730469,363.68141728110294,358.86970994837986,361.5792125569347,5172481
2025-07-21,361.392333984375,363.8215540044802,360.084301208311,363.44783442745853,4396850
2025-07-22,363.5412902832031,366.01721468633525,360.1777568898079,361.39235270629456,5043629
2025-07-23,365.0828857421875,366.67122959974324,363.3076963509628,363.8215572097728,3670943
2025-07-24,360.22442626953125,365.08286609103175,358.6828152631046,364.4755682415879,4022204
2025-07-25,355.7864685058594,360.55147170726354,355.03902932300184,360.2244563723969,4616856
2025-07-28,353.49737548828125,358.63609766040037,352.23604707071183,356.16017358915593,4521716
2025-07-29,358.4492492675781,359.00984288358944,352.1893680088833,352.1893680088833,4872086
2025-07-30,354.945556640625,358.82295047402476,354.1513847680071,358.7762462221543,5107774
2025-07-31,351.6287841796875,354.1047084969256,350.0871730774809,353.1703952818941,6461803
2025-08-01,348.0316467285156,356.113449735187,346.34989447166157,350.3674295924654,13769152
2025-08-04,350.0871887207031,353.87114600547153,345.88277906519255,347.98498389294787,19756930
2025-08-05,354.5718688964844,355.6930561717035,349.900302771366,351.3017726089015,6846687
2025-08-06,357.2738037109375,358.411450030775,354.1452112337466,354.5718466863628,5808208
2025-08-07,359.8335266113281,360.4971753248789,354.1926282752792,355.51989677009755,3468573
2025-08-08,359.97576904296875,362.2510906674367,358.506269397376,359.3121203085354,4172600
2025-08-11,362.63031005859375,364.7160384475308,356.98938255143514,358.3640711167279,5740719
2025-08-12,365.3322448730469,366.37510900385337,361.39783054218316,361.72962596046835,4860757
2025-08-13,366.0433044433594,367.844599530894,365.0952513517849,365.90110226608004,4216888
2025-08-14,364.47900390625,366.7543254226937,362.677679978961,366.04328564053736,4034887
2025-08-18,367.65496826171875,368.366008062843,364.09976925609766,366.564713019785,3520271
2025-08-19,365.3322448730469,368.3186061635924,364.2893807422404,368.3186061635924,5219052
2025-08-20,364.7160339355469,366.7543422849873,363.62574974028615,365.9484913750362,4904231
2025-08-21,363.3707580566406,366.6378699950099,362.5059386207281,366.061343254308,6212604
2025-08-22,359.81536865234375,364.18752910559414,359.43097840712124,363.37074382178406,4699261
2025-08-25,365.1484680175781,365.8691557834023,360.1516877779198,360.34388291208364,4349832
2025-08-26,357.8935241699219,365.004303623935,356.88454379325947,364.18751836421524,6381642
2025-08-28,359.6712341308594,361.20870725037946,354.24205875320916,357.94159519943724,4372269
2025-08-29,360.15167236328125,364.1875354091041,358.08570672131486,358.08570672131486,4578400
2025-09-01,363.1304931640625,363.8031467286713,360.43993755534075,360.6321033417599,2829114
2025-09-02,365.2445373535156,369.95302452799115,364.23555696443356,366.2534884177397,7511709
2025-09-03,374.5654296875,377.928639140966,365.14845494773886,366.0613378150519,8111851
2025-09-04,376.15093994140625,376.7755300742313,370.62566765320616,376.4872374034109,5515006
2025-09-05,377.30401611328125,377.88057212007595,373.7966752821603,377.06378688752153,4535470
2025-09-08,371.92291259765625,380.42703390068334,371.2022248486685,378.6012974682197,4607020
2025-09-09,372.7877502441406,374.18106225573547,371.6346381501888,373.50843797164583,4376579
2025-09-10,376.5833435058594,377.3040312119786,372.8838074161425,373.3162317697571,4285507
2025-09-11,377.9766845703125,379.0817331873827,375.2380654237591,378.26494792264117,3442373
2025-09-12,378.9376220703125,380.7153243724085,377.8325733932883,378.16887088096485,4276055
2025-09-15,379.3219909667969,384.991395479796,378.8895665809059,378.9376300264827,4618798
2025-09-16,380.3309326171875,381.4840447342372,378.6493278859912,379.5622107557272,2581384
2025-09-17,384.1265563964844,386.72104392948097,381.9644932272734,386.2886195656954,5970395
2025-09-18,377.7845153808594,385.08749049794454,375.33418874331795,384.84726124623035,5899621
2025-09-19,379.08172607421875,379.7543796501742,376.19897530559354,378.6012676127812,5272435
2025-09-22,379.27392578125,381.4359888838987,377.97668205468926,379.08173066440486,3399517
2025-09-23,378.6493225097656,380.28289309824873,376.77555200223856,379.32197612263724,4720322
2025-09-24,377.4962463378906,380.1387680670507,376.43923178125476,379.0817535104148,5139791
2025-09-25,377.159912109375,379.7543996678416,376.3431268169052,376.7274877413443,4563970
2025-09-26,373.9408264160156,377.59232843253596,372.88381190268456,377.1599040737184,4698693
2025-09-29,373.1240539550781,376.295097603974,370.52959568764607,374.56542943416014,6606409
2025-09-30,374.7095947265625,376.102906777358,371.97097542002024,374.46936547730195,5362610
2025-10-01,373.3162536621094,379.4661165833344,372.73969759843146,374.56543402936177,4976933
2025-10-03,368.3675231933594,373.89279572404473,366.5898209489498,373.31623968195805,7431240
2025-10-06,366.97418212890625,369.0882111764368,365.1004116468691,368.51165513394136,7022052
2025-10-07,369.6647644042969,373.74866146399535,368.79991568470945,368.9921108056974,7895734
2025-10-08,367.1663818359375,371.2983130965073,366.2054648613995,370.4334936843949,3642904
2025-10-09,368.3675231933594,371.20221063592635,365.676938105241,368.0311963917373,4628511
2025-10-10,369.47259521484375,371.5866243946517,367.98318555965653,368.99213670351105,5061600
2025-10-13,366.6378479003906,369.28036949384733,365.77302851659454,368.27141843356156,4750043
2025-10-14,366.0613098144531,370.09714325498965,365.2445245732596,367.11829495909035,4288494
2025-10-15,369.23236083984375,370.33740953561556,366.3496098118163,366.3496098118163,6135157
2025-10-16,372.451416015625,372.7877428133952,369.4725676030088,369.9530260784354,3513302
2025-10-17,373.6044921875,374.2771457712039,370.1932488019417,372.45140946168175,4093872
2025-10-20,375.33416748046875,376.679445348886,373.26820189773605,374.75761144404476,4007425
2025-10-21,375.81463623046875,377.7845043068388,375.334177741124,377.73647018784794,678084
2025-10-23,377.30401611328125,378.98562069359946,375.1900165215095,376.295065095033,4311356
2025-10-24,378.6493225097656,379.9946297355088,375.52634233902825,377.3040446088813,4070949
2025-10-27,381.1957702636719,382.63714570556897,378.21692181877944,380.04265818021076,5438773
2025-10-28,376.1029052734375,382.63715842211195,374.1330371673216,381.4360121806122,7672258
2025-10-29,367.0702819824219,383.69413380822687,365.1964821638247,377.8805978785011,26856509
2025-10-30,372.5475158691406,373.74866206510137,364.4757899723975,367.98316032448963,15154040
2025-10-31,373.46038818359375,378.7934951570495,372.59556874393763,374.7095978851946,13103909
2025-11-03,373.3642578125,375.6224184411434,372.1631116616107,375.28609165392294,14152223
2025-11-04,372.6240539550781,377.0160063914343,371.5877654617147,375.042100598809,10536699
2025-11-06,368.2814636230469,373.7590702155045,367.49191336150557,373.7590702155045,6648689
2025-11-07,371.09429931640625,371.83451400919165,366.65301115969396,367.1464876215509,4650451
2025-11-10,376.3744812011719,377.410769661959,371.1929786584139,371.1929786584139,4451727
2025-11-11,377.8055725097656,378.00297514507406,373.66038824300813,376.4732101393802,3299015
2025-11-12,381.4573059082031,382.5429601507119,377.70689683707786,379.23666182464956,4326520
2025-11-13,378.20037841796875,382.34556269171435,377.7562375474826,381.4573110701556,3480764
2025-11-14,381.90142822265625,382.29620335000783,377.31207324403294,378.20035492983845,3760163
2025-11-17,382.7897033691406,384.1220958605136,381.1118713252764,381.9507873472085,3847261
2025-11-18,378.9405822753906,382.7896926049076,377.95362936426255,382.7896926049076,4462641
2025-11-19,374.1044921875,378.8418842739987,373.5123445311739,378.10166958417824,5332643
2025-11-20,374.6966552734375,376.275785907028,372.62404819931317,376.0290476867611,3971851
2025-11-21,373.2655944824219,375.387537168837,372.6240510093606,373.068191856955,3088629
2025-11-24,367.6893005371094,373.265608664594,367.1464884755693,373.2162429466457,5543493
2025-11-25,365.221923828125,368.52822220489037,364.7778130762515,367.73867189972856,4902920
2025-11-26,372.42669677734375,372.77213632915465,366.4556134372223,366.99845562418614,4102285
2025-11-27,373.1175231933594,373.75906665909554,371.1929831543855,372.4266742509373,3330267
2025-11-28,371.2423400878906,374.25256460813864,370.0086489204316,374.0551619735799,4689402
2025-12-01,374.6966552734375,375.0420948056935,370.89688065744485,371.98253485050157,4217206
2025-12-02,374.0058288574219,374.9434160792668,371.8345203405148,374.5486409269419,3695491
2025-12-03,370.35406494140625,374.3512120222565,367.3438707318189,374.0058026128436,4650434
2025-12-04,374.1044921875,374.7953712790976,368.9229893587567,370.1073449102346,3135061
2025-12-05,374.9927673339844,375.6836162940526,371.5877677727638,373.95644871476355,3154258
2025-12-08,372.42669677734375,375.9303676557074,370.6501634192078,375.9303676557074,3911363
2025-12-09,374.40057373046875,376.2264425466461,368.47885656626806,370.2060240724933,4242651
2025-12-10,377.1640319824219,377.9042466324408,373.31492182620576,373.5616600428787,4752336
2025-12-11,378.98992919921875,380.3223216929424,375.53559390703833,377.3614628710735,2695140
2025-12-12,378.348388671875,380.71706953557634,377.26273449118355,379.53271404402,1410201
2025-12-15,379.4340515136719,379.97686355670237,375.1408004080449,378.9899106643473,1870236
2025-12-16,376.6212463378906,379.18732999494,373.4136492964322,378.989927360008,5109787
2025-12-17,379.7301330566406,380.47034774096153,375.8316570047853,375.88102272205424,3651138
2025-12-18,380.27294921875,381.45730477422296,377.85493262882767,379.3846976118517,2379619
2025-12-19,380.56903076171875,382.2961982754408,378.4964237213701,379.9768530188461,3611941
2025-12-22,381.2105712890625,381.9014503915912,379.03926278346955,380.5690579049506,3112021
2025-12-23,395.1759338378906,395.7187760027546,381.4079589997683,382.394911896526,18487395
2025-12-24,397.1004943847656,407.0193587083864,396.50831663721857,398.53155797864207,17624423
2025-12-26,396.9031066894531,403.0715623762823,395.3733417268845,398.5315729668935,5435637
2025-12-29,395.42266845703125,400.20939598654803,393.7942022161102,398.72896665490856,6105510
2025-12-30,392.8072509765625,394.9785593865093,390.3398687468102,394.78115676036435,4418163
2025-12-31,393.7942199707031,398.72898463199016,392.3631261711646,393.202042187466,4644679
2026-01-01,395.2253112792969,397.54462655995354,393.0540027942502,393.794217488778,3161157
2026-01-02,422.317138671875,423.8962693312171,395.76811176209094,396.1135512999802,35090129
2026-01-05,421.8730163574219,431.0023304055312,417.97454047289716,425.3273514026524,17258568
2026-01-06,421.47821044921875,425.6727601403841,419.15889530375046,421.4288748535578,6308113
2026-01-07,426.0182189941406,426.8077993964135,418.12259568788744,421.37955837336443,8920605
2026-01-08,419.70172119140625,428.3375590760031,417.925218017197,426.0182137345432,5991259
2026-01-09,412.8917541503906,422.76128320803394,411.7567643326441,418.17195822011223,7306605
2026-01-12,426.65972900390625,427.4986449974717,410.2269691510589,413.4345660939641,14407896
2026-01-13,423.3041076660156,430.1140768915158,420.0471750292935,428.33757365683346,7104004
2026-01-14,426.5610656738281,436.2331922783892,421.8236735683879,422.41585134649455,17125550
2026-01-15,426.5610656738281,426.5610656738281,426.5610656738281,426.5610656738281,0
2026-01-16,425.376708984375,427.9427926030589,422.41585022114265,426.5610645374331,6410141
2026-01-19,424.53778076171875,427.2025656197152,422.7612776026625,425.3766967443778,7105031
2026-01-20,409.88153076171875,425.3273678718609,408.1543631722254,424.4884518759387,6768420
2026-01-21,408.6478271484375,414.1747692899354,406.1804449530734,409.5361088342978,7312100
2026-01-22,417.678466796875,421.28083874991677,411.7073838593678,411.7073838593678,11497522
2026-01-23,412.94110107421875,420.244546753314,409.9802422757142,418.4680435219766,6520896
2026-01-27,417.38238525390625,421.37956266505523,413.4345735605718,415.50718072345495,8749844
2026-01-28,438.25640869140625,440.13164323486774,416.0993348914296,417.97453931547983,17496873
2026-01-29,449.80377197265625,455.5280865896013,436.7759819983112,440.18098145870476,16915601
2026-01-30,434.9994812011719,448.02727124520527,431.29840790677736,448.02727124520527,10191610
2026-02-02,417.97454833984375,419.94845411712754,407.61154300910385,413.5332603409552,9618062
2026-02-03,423.7975769042969,431.29842510389943,414.4708899021874,431.29842510389943,13955805
2026-02-04,429.2257995605469,435.6409932517375,422.85997158478153,425.8701658074987,11476290
2026-02-05,426.2156066894531,432.0879582460571,422.1197582667403,431.2984079908636,5252658
2026-02-06,427.1531982421875,428.534956382093,421.4782191313575,424.9325542422975,4738027
2026-02-09,426.06756591796875,429.12709571865844,424.1923313699185,428.3375454706246,4512635
2026-02-10,425.3273620605469,428.09081811821375,423.10671804725354,426.3636505523189,5103221
2026-02-11,417.7278137207031,422.3665043850948,414.81629062633203,420.63933681507416,5715603
2026-02-12,413.6813049316406,420.39260277066865,410.72044621073746,418.2212943275747,5987886
2026-02-13,403.6144104003906,412.1515471708599,402.7754943909359,406.9206786009387,8190851
2026-02-16,416.98760986328125,418.3200023328808,401.29506441538587,402.676792483358,9719418
2026-02-17,416.04998779296875,419.06021224467617,413.0397934606739,416.7408668787803,4564907
2026-02-18,418.0,418.79998779296875,413.1000061035156,418.45001220703125,4872345
2026-02-19,416.1499938964844,419.8500061035156,414.6000061035156,418.0,3824366
2026-02-20,423.54998779296875,425.5,415.04998779296875,416.0,8843227
2026-02-23,426.0,427.5,418.95001220703125,426.0,6515765
2026-02-24,430.95001220703125,432.0,422.1000061035156,424.0,8950772
2026-02-25,438.6000061035156,439.6499938964844,428.54998779296875,430.95001220703125,8935314
2026-02-26,433.5,439.54998779296875,429.5,438.75,8650353
2026-02-27,430.6499938964844,434.3999938964844,425.45001220703125,432.79998779296875,8147373
2026-03-02,426.25,429.6000061035156,416.0,417.8999938964844,7498197
2026-03-04,435.1499938964844,437.8999938964844,426.0,426.0,18921256
2026-03-05,449.3999938964844,458.5,440.0,440.1499938964844,30106255
2026-03-06,440.45001220703125,451.6000061035156,438.6000061035156,451.1499938964844,10551882
