Date,Close,High,Low,Open,Volume
2021-03-08,786.3695068359375,795.4439242450873,771.7359347249356,778.6848282049801,5621823
2021-03-09,795.5664672851562,798.632155182678,775.9051489845713,788.1679005746588,5440319
2021-03-10,808.1152954101562,813.5108859213649,800.9211580961241,805.8262585235,7694950
2021-03-12,800.5533447265625,819.8058558278449,795.9343547419165,808.1153752996753,6447010
2021-03-15,811.2628173828125,812.8978510651659,790.8248963533944,799.1227122502454,5321071
2021-03-16,823.4437255859375,832.8860338298832,809.7094545131746,811.7941121934336,8094575
2021-03-17,807.2571411132812,837.0556446162849,803.3739355100753,827.3271727251324,6758901
2021-03-18,774.8016357421875,817.3125142002131,762.2527713870442,813.4293089564511,8269566
2021-03-19,785.1839599609375,792.1737180822105,766.5854541958495,776.6409000805985,9004154
2021-03-22,800.1445922851562,803.1694145164156,772.2263727589052,785.1840443705423,4745254
2021-03-23,801.8614501953125,811.7125689889613,794.4629320564047,804.1505374867678,5158305
2021-03-24,797.6101684570312,805.0495502829207,789.557599224148,793.8495617922975,3874331
2021-03-25,782.4044799804688,796.6701587857941,776.6409962509025,792.9913330140794,4879437
2021-03-26,783.6307983398438,797.0789610467012,779.7475931450008,788.903792215453,4271178
2021-03-30,814.0831909179688,818.1707747746539,788.4540600954582,788.9036843402407,5475000
2021-03-31,803.3328247070312,817.5167198373042,800.062757827682,817.5167198373042,4445140
2021-04-01,819.642333984375,828.5532871748611,809.832132261535,810.9766757547728,5269079
2021-04-05,844.9036254882812,850.2174847680817,819.6423360300154,823.2394299629407,9452833
2021-04-06,840.7343139648438,850.7079792073498,834.0715319521172,849.3999722599851,4260257
2021-04-07,847.928466796875,854.3051383695068,837.7095058115939,842.859902065992,3551106
2021-04-08,848.1737670898438,861.9898223873721,843.3913132776912,853.4876268354668,4852068
2021-04-09,854.6322021484375,862.3168811015894,845.4351368627744,851.9343564134915,3708082
2021-04-12,825.2015991210938,852.6292319141614,818.4979503967116,852.6292319141614,5976427
2021-04-13,803.946044921875,834.5211434496687,794.789846738654,827.7357639566867,7773994
2021-04-15,810.89501953125,813.1840568335809,783.7943147897798,791.3563459885339,7430279
2021-04-16,827.940185546875,831.2511187927631,813.0205031116932,817.5168457633918,4677808
2021-04-19,813.102294921875,840.7752222369602,807.5840558051997,814.2468385494276,6239343
2021-04-20,785.8788452148438,822.421854078292,782.3635331540014,822.421854078292,9742418
2021-04-22,786.3695068359375,794.5446756359897,780.9738654895407,789.7213060850507,4970596
2021-04-23,781.2599487304688,796.9562313495829,776.804472197565,788.086194041528,6023490
2021-04-26,759.3095703125,780.3197614003758,754.6088488582809,768.4657681679971,19619972
2021-04-27,759.3505859375,767.2805101950354,754.895158554748,761.1082673085614,6406825
2021-04-28,755.22216796875,765.07323749165,753.5462681573481,761.271813514169,6845677
2021-04-29,756.677978515625,773.4413009776157,754.6397504808432,773.4413009776157,8588734
2021-04-30,747.8594970703125,761.2118922378314,744.9061714688842,752.892636584959,10921664
2021-05-03,755.1387939453125,757.426589092853,741.2456278030901,747.6930504916131,6871176
2021-05-04,749.5233764648438,761.2119209425543,748.1090927951825,757.0522929592616,6217026
2021-05-05,756.5531616210938,757.7178269961004,749.2321757132391,752.0191569417342,2696835
2021-05-06,762.0438842773438,768.6161171271015,749.7729811189477,758.7161817259143,6319104
2021-05-07,762.3765869140625,766.5362146235965,760.130377795573,763.7076474704312,3651558
2021-05-10,760.33837890625,766.7025790009179,757.2186580431658,763.7492534058729,4029147
2021-05-11,754.8060302734375,759.0904671036922,752.975783934978,755.8043510741159,3818154
2021-05-12,753.8076171875,756.1786351459263,744.5732651593321,753.8492540806558,4076940
2021-05-14,757.3433837890625,758.7160812203732,745.8212355417376,756.2203046374115,5184569
2021-05-17,767.1602172851562,771.3614314368372,757.1354731193086,760.8791383433883,7956551
2021-05-18,775.0218505859375,781.5940829834425,769.115199274287,772.0269388064232,5913426
2021-05-19,774.85546875,782.8419336282994,769.6559341217568,772.0269016015535,4178834
2021-05-20,769.0321655273438,777.6841626578662,767.0771095947849,775.3547807679839,4753782
2021-05-21,774.2315673828125,777.5592697287949,767.8673163354379,769.9471303016769,4161547
2021-05-24,776.0201416015625,781.1780901583753,771.77734161426,774.9386485436918,4191877
2021-05-25,782.5091552734375,785.1713271998495,777.9752016284475,780.3461691451249,5032874
2021-05-26,786.835205078125,789.4557909713683,775.8121911197369,782.0100468592287,5017674
2021-05-27,784.006591796875,796.0695112435535,780.4292716154642,789.4972796481309,9078274
2021-05-28,784.1314697265625,790.1213442446965,779.8470833219799,782.0516557117041,4098094
2021-05-31,786.3360595703125,788.5406318666134,775.8537669136105,783.2995109266159,4171524
2021-06-01,790.9116821289062,791.9931752591073,783.715505341341,788.6654728420522,2944472
2021-06-02,785.1296997070312,790.9115921542541,780.0133375121662,787.8334576133071,3657189
2021-06-03,781.5525512695312,790.1629613176011,779.5143232997979,786.1697284080138,4164240
2021-06-04,779.1398315429688,785.504082048506,777.6423757701082,782.0931569682473,3550303
2021-06-07,789.99658203125,791.9516377874032,779.5975113390909,781.1781903949841,3282517
2021-06-08,804.638427734375,808.6316603461752,791.5355999046916,791.9931488164184,6385642
2021-06-09,808.0494384765625,819.4468309507126,802.8914888776717,810.2124758060154,5521459
2021-06-10,805.7615356445312,816.6597915506254,804.0976844323071,814.8711311868007,3878256
2021-06-11,818.073974609375,823.6062998635856,807.3837515329392,811.9593420877369,4777035
2021-06-14,818.78125,822.3169340777686,811.9594493887275,817.7829290462287,2236373
2021-06-15,819.821044921875,826.1020726806719,817.9492124309068,819.5298405128119,2559001
2021-06-16,814.7879028320312,820.2785911436084,810.2954845576821,818.6563261680542,3138753
2021-06-17,820.611572265625,822.7329727525007,814.0809247245272,815.2872272058386,3609989
2021-06-18,811.3352661132812,829.1800765333016,807.0508298882381,823.6061660621876,5622783
2021-06-21,816.9508666992188,818.1571688675065,799.6884120311853,805.3039093328347,1639495
2021-06-22,815.3702392578125,822.1088669103536,812.1673460909537,817.0340904149771,2529648
2021-06-23,809.3803100585938,819.4465879347257,807.7996313549428,819.4465879347257,2395543
2021-06-24,823.3567504882812,827.4331553335951,806.2190532031616,808.6316576776978,4686567
2021-06-25,828.3067016601562,840.2448130999533,822.9823577813156,827.7659297370827,5196000
2021-06-28,819.6961059570312,831.9254197831837,818.781008305949,831.9254197831837,1844159
2021-06-29,818.2820434570312,826.8509182150491,815.703094270278,821.0690248315799,1895170
2021-06-30,818.19873046875,824.8125483589422,816.118916715652,816.118916715652,2682591
2021-07-01,819.8626708984375,821.942484878393,811.2522613321054,821.1105592864108,2861509
2021-07-02,819.1554565429688,821.6095961246082,812.9991875874709,818.2403080351502,1646631
2021-07-05,815.0791015625,828.5147202301464,813.6232317714978,825.0206225763994,2598033
2021-07-06,808.6732788085938,817.1173440583074,807.1342367412278,815.2870975615009,2486069
2021-07-07,811.4185180664062,813.2903504459096,798.8980494166254,806.9677369413799,3014899
2021-07-08,812.6248168945312,816.9508396426844,806.9677336592707,811.1273611523598,2555624
2021-07-09,812.6664428710938,814.8710658612371,804.1392060920456,808.6316243155921,3218471
2021-07-12,814.8296508789062,817.8245631391575,811.1275712955985,815.2871998663452,2037878
2021-07-13,805.2623291015625,817.7827982066592,801.9762130938143,817.7827982066592,2997764
2021-07-14,823.1487426757812,826.0604820904273,805.3871017804169,805.5119109231555,4371180
2021-07-15,864.99462890625,875.6016801383296,824.2718612755913,826.1021077219584,12701032
2021-07-16,836.0850219726562,872.4817580038042,830.3031303220832,869.2788655437419,8665827
2021-07-19,832.0919799804688,847.1498127530036,825.6861428228741,836.0852126317263,4644600
2021-07-20,812.957763671875,842.0751617204613,806.4271167863787,831.0937328725091,10216774
2021-07-22,814.1222534179688,816.534857617688,806.9677146094318,806.9677146094318,6156400
2021-07-23,826.9340209960938,835.1701044937599,817.4500491367635,819.1971233091177,5265839
2021-07-26,832.1751708984375,835.2533057862586,821.3185519297648,826.934049752531,2477027
2021-07-27,830.2500610351562,838.7869166374214,823.4289337496589,836.9456260435043,2883514
2021-07-28,822.8013305664062,833.556113896923,817.9470555263939,832.7610052330928,2952249
2021-07-29,843.306640625,844.4783852796478,824.8519943545915,824.8519943545915,4732101
2021-07-30,857.8274536132812,878.751096095348,845.231482138811,847.8259933733426,9330054
2021-08-02,866.57373046875,869.5867150153437,856.2374188463668,865.401985876675,2536478
2021-08-03,869.9631958007812,872.8925058477633,857.0324251741656,862.0540995404205,3359006
2021-08-04,870.381591796875,876.9098087629575,865.9039529823192,871.3440997319819,3122161
2021-08-05,888.1248779296875,898.0426632367572,865.150659028981,870.4234573776585,7896314
2021-08-06,878.751220703125,895.5320252197661,872.9344881347813,888.1250751640464,11584782
2021-08-09,879.2535400390625,892.8120225047194,873.3530306854227,885.3213977031443,6321578
2021-08-10,890.2592163085938,897.4570320001293,877.1192079716956,880.8854641127954,5871606
2021-08-11,892.9793090820312,903.0645471619666,884.7773012787278,896.3270923893972,5011239
2021-08-12,917.7110595703125,921.6028779306017,893.8581045336011,896.3689419058866,6540144
2021-08-13,936.9188842773438,940.6851401736743,912.438220951195,919.8033844594,7270809
2021-08-16,940.4340209960938,945.2045704408312,932.650385411291,938.1742063910449,3159376
2021-08-17,956.5872192382812,964.119731894953,931.1441471087387,936.7516434422089,5295838
2021-08-18,949.3056030273438,969.0993880729712,947.0876766227339,969.0993880729712,4871006
2021-08-20,935.161376953125,954.7459292688093,926.6663565794189,926.9174811879959,3467046
2021-08-23,973.451416015625,986.0892742603793,942.4426425458306,944.9115912223981,9383780
2021-08-24,964.91455078125,981.7371360033086,962.4873882385378,977.5105200841267,3947317
2021-08-25,966.128173828125,979.1427193255846,954.3691489500293,970.7732629712608,3447912
2021-08-26,977.09228515625,980.9004292249379,966.6723513266239,970.7734059776193,4654833
2021-08-27,973.3262329101562,979.0175061268709,970.4388103048573,977.0924896125038,3050466
2021-08-30,973.7025146484375,979.5192456014447,966.295566649666,974.2046615665187,2956868
2021-08-31,989.5208129882812,998.8108886140361,972.5726647725438,975.8785589901173,7199002
2021-09-01,974.7488403320312,996.3838664744818,972.3216773429057,995.9653936200197,3200410
2021-09-02,981.5282592773438,989.2700084978217,965.8355243709698,980.9005498810889,5224479
2021-09-03,983.2019653320312,988.0980772649856,969.392361222239,982.1557832025014,4533364
2021-09-06,1004.4605712890625,1012.7881415386896,982.5744171184654,983.4113629592817,4331916
2021-09-07,989.4373779296875,1016.8473554847332,987.6798120158953,1016.052297765665,3721585
2021-09-08,994.961181640625,996.9279837854566,976.7576109711791,991.7807468180908,3118518
2021-09-09,1003.1213989257812,1008.477770149768,990.1068512653942,997.6393632361368,3388292
2021-09-13,1011.365234375,1016.8890557259451,984.624757165434,997.6393040537668,3723138
2021-09-14,1036.682861328125,1038.314864654703,1010.1935082227583,1017.726019883077,5593286
2021-09-15,1065.64111328125,1078.7811199140858,1029.65244815571,1036.6828124739438,6063895
2021-09-16,1057.1461181640625,1084.0958316392655,1050.5342265449108,1077.3164895764314,3616292
2021-09-17,1057.3135986328125,1072.12749742631,1053.2962181975106,1058.7363655302747,4817180
2021-09-20,1068.068603515625,1087.0254498759346,1046.1824463056598,1052.878013962016,5453683
2021-09-21,1087.6109619140625,1100.5836205594399,1068.7796832352888,1078.823031863968,4645597
2021-09-22,1101.002197265625,1112.0080549425381,1087.6947386442187,1088.0295373966646,5367303
2021-09-23,1111.715087890625,1118.536114064926,1099.6630485782496,1110.5014552454193,3037295
2021-09-24,1136.73974609375,1153.1020773703995,1118.996535978388,1121.5073733814809,7951730
2021-09-27,1084.0120849609375,1144.8998877357565,1079.7018961194829,1143.2678844041598,7653504
2021-09-28,1062.0841064453125,1092.1722638662213,1049.5299207899304,1092.1722638662213,8572321
2021-09-29,1072.2947998046875,1089.2429503850742,1053.5472976857823,1062.9210487452349,4639821
2021-09-30,1070.9141845703125,1080.8737592087527,1061.958801995403,1080.8737592087527,3589722
2021-10-01,1066.0596923828125,1074.6383866689157,1055.0957230455274,1066.268928828815,3372796
2021-10-04,1070.16064453125,1082.6729419358005,1066.0595901496376,1072.5459193536885,2706626
2021-10-05,1092.33984375,1099.41199497409,1056.3929599306591,1062.9211781115396,3710314
2021-10-06,1067.4822998046875,1104.642707494037,1064.4275298825994,1098.0727045047483,2861608
2021-10-07,1093.3021240234375,1102.9687848093417,1074.6800836420227,1074.6800836420227,2421641
2021-10-08,1106.5677490234375,1119.8333175915582,1083.0495958959023,1093.3021804553166,5197831
2021-10-11,1090.45654296875,1108.8693478622806,1034.1719461919345,1088.0293800722677,5264998
2021-10-12,1046.4749755859375,1095.5618585109032,1034.7159504746073,1093.8460790577492,12811641
2021-10-13,1059.029296875,1063.5907125662743,1040.700164299619,1057.0624947724464,5705730
2021-10-14,1047.14453125,1082.3799213633629,1041.2022377905846,1079.1577011646712,10360519
2021-10-18,1022.2455444335938,1065.0134511957124,1016.8890712792067,1037.8127147211658,23861603
2021-10-19,1031.2008056640625,1048.6929917213915,1025.258511459461,1029.443240077663,10189780
2021-10-20,1031.870361328125,1057.397204865552,1021.4085402062287,1036.9757096023661,8222562
2021-10-21,1021.5760498046875,1045.3709788447622,1003.2658562859206,1045.3709788447622,5998795
2021-10-22,1007.4848022460938,1032.2500068936029,1000.7344853131216,1015.2898561998428,3812305
2021-10-25,983.3524169921875,1004.1096204790699,976.3911528165974,999.0891135773385,6690819
2021-10-26,984.533935546875,997.359498729184,973.100543070585,987.2340215847253,5126660
2021-10-27,993.2672119140625,996.8110879741595,980.0618805682298,987.2340940721729,3536653
2021-10-28,972.0457153320312,999.8907748858134,967.65805017877,998.45637362462,4096585
2021-10-29,965.0845947265625,989.7654466572747,960.2328033213798,972.0458606557378,3558520
2021-11-01,1003.4345703125,1005.3330969488139,964.873426055587,964.873426055587,4511112
2021-11-02,987.7822875976562,1008.4129015271216,986.2634251604195,1004.9533848663682,3016082
2021-11-03,992.5918579101562,1002.1688491014631,988.6682157388008,991.4527625705132,2063067
2021-11-04,998.2874145507812,1001.7048034924309,993.9841083661655,999.8906353258965,256369
2021-11-08,998.0765991210938,1006.4723682106174,986.0104685375866,1001.9580110360564,3808317
2021-11-09,989.5966796875,1004.9536122423361,987.613691334208,1002.4222429419776,3565461
2021-11-10,986.5166625976562,991.4528113132234,980.5679045291115,982.1711254200783,2401325
2021-11-11,979.3864135742188,985.3774013161934,972.2564336300096,983.8585390432555,2861259
2021-11-12,989.2166748046875,994.1106954767953,981.3272629812229,986.3056420094038,3812518
2021-11-15,987.950927734375,997.0216649719358,981.7490954327446,988.0775167612754,3619915
2021-11-16,981.6649169921875,991.8747513397149,979.1756756791049,987.9933394805311,3141207
2021-11-17,972.425537109375,982.8041930987292,970.3582932505161,979.2180863628034,3172985
2021-11-18,945.2130126953125,974.5769302355384,939.559663911058,968.6704033856261,5384530
2021-11-22,936.6907958984375,949.9804818365112,929.8561208734741,945.2130500901404,3961223
2021-11-23,938.8005981445312,945.0446638452763,919.7309674922778,932.3878156687771,4545069
2021-11-24,944.5802612304688,955.7183461607635,939.0956286289212,945.0443867281883,2675632
2021-11-25,949.0946655273438,954.3261203000272,937.4503268376042,942.0911700397705,3106454
2021-11-26,936.648681640625,950.1070844875422,930.9531018712725,945.0443469147845,2207274
2021-11-29,956.1404418945312,966.1393305227484,928.2531475289865,929.0969373373033,3661152
2021-11-30,960.781005859375,977.0239549361208,956.0135742313237,956.0135742313237,7421904
2021-12-01,976.011474609375,981.3273907556666,966.3078933594264,966.982966299221,2918586
2021-12-02,999.6378173828125,1001.0723219622465,972.8897197153403,980.3994701556326,4011279
2021-12-03,988.415283203125,1003.8565730374557,986.9386512161394,1002.4221717364819,2571036
2021-12-06,959.0092163085938,989.470003610592,957.5747120301958,987.1495819559823,2493755
2021-12-07,970.0628051757812,974.5770592655522,954.6636438497238,970.3581109570433,2299958
2021-12-08,988.5839233398438,997.0218197544918,976.3068458575299,976.6021516317095,2525711
2021-12-09,986.0104370117188,995.5030705771411,974.5770460500323,995.5030705771411,1734844
2021-12-10,980.65234375,984.7025754925403,974.7458158764372,974.7458158764372,957733
2021-12-13,978.0366821289062,990.145044484454,973.100532674056,983.8588520251024,2225682
2021-12-14,980.779052734375,983.7745477229253,966.5612152147911,975.4210081085103,1972685
2021-12-15,969.4298706054688,980.4412628410021,963.8608799689356,977.3192825906956,1604301
2021-12-16,978.5849609375,985.4618665834367,969.9783484614546,975.4207500269455,2121810
2021-12-17,988.415283203125,998.1188648318872,983.0150084789575,988.9215364268997,6373455
2021-12-20,978.7117919921875,989.2169336122994,966.561198490702,978.7961503703311,3091768
2021-12-21,1016.7666625976562,1025.162329523828,983.0573028267296,986.3058728081371,6217986
2021-12-22,1031.7860107421875,1034.4860963836322,1021.0698205365621,1027.7357792783557,3809814
2021-12-23,1035.709228515625,1038.451543988009,1025.710345008951,1037.7765742880943,2814281
2021-12-24,1067.5628662109375,1083.2574396633927,1051.488731532192,1064.989368995507,15952929
2021-12-27,1069.2503662109375,1077.519547241656,1058.1546130240076,1069.9254392344712,3372907
2021-12-28,1083.3416748046875,1087.6449819062307,1071.6129767423686,1071.6129767423686,3446067
2021-12-29,1090.092041015625,1096.0829278732563,1077.603911029329,1082.5822913482584,2254162
2021-12-30,1111.313232421875,1119.244772963844,1082.328974690485,1090.0919014998271,4518139
2021-12-31,1113.04296875,1121.7761715139109,1104.478482724826,1113.80240007766,2231508
2022-01-03,1118.99169921875,1130.5938072615832,1108.8239924241811,1110.7225191948264,2661272
2022-01-04,1125.1512451171875,1127.8935614249103,1103.0439979294413,1121.8183172669285,3367100
2022-01-05,1105.997314453125,1122.2402656667223,1098.6141548105807,1121.3964759932887,3510253
2022-01-06,1084.1851806640625,1095.0700861307807,1077.519222819975,1088.4884866388159,4409632
2022-01-07,1088.952880859375,1095.6609680344254,1081.907154189195,1094.8594089889407,3898684
2022-01-10,1086.8856201171875,1101.0190992585729,1080.0509433416903,1101.0190992585729,2529949
2022-01-11,1133.7581787109375,1137.4286437190412,1080.0509376560628,1087.3497399835285,6772189
2022-01-12,1140.930419921875,1145.1071383089986,1123.4217812457503,1142.4914104806137,3162044
2022-01-13,1125.8265380859375,1147.047872107943,1114.772912331449,1130.6783294248876,4598005
2022-01-14,1128.3155517578125,1133.167342559122,1091.0200880162404,1113.8024100397815,5636243
2022-01-17,1062.12060546875,1074.1446123231133,1049.168450264566,1074.1446123231133,11973283
2022-01-18,1029.21240234375,1071.5706006164653,1026.8919808586545,1071.5706006164653,7799487
2022-01-19,1011.8726806640625,1029.8454444929205,1004.9536455477823,1029.4235495955454,8464215
2022-01-20,1000.0878295898438,1022.2534290575608,995.5356148595617,1021.0621690867299,6172404
2022-01-21,993.791259765625,1003.9168137260725,982.7723387270238,1000.087830588175,5514748
2022-01-24,957.1604614257812,990.8554832780821,945.3331403365816,989.1537134484934,5878438
2022-01-25,956.1395874023438,969.7112676653161,926.1034043711447,948.7369282536786,4725254
2022-01-27,917.041259765625,949.5450234822955,910.61703681166,948.7367243225905,8304735
2022-01-28,919.3387451171875,937.845495647012,916.6159544024514,918.1050032956557,7654724
2022-01-31,935.4630737304688,947.8433892709114,929.8897349331478,936.5266800759264,7572995
2022-02-01,963.8826293945312,967.0308625428858,937.037164430579,950.1832969497024,6783774
2022-02-02,996.3436279296875,998.8112149028967,964.3078946732589,972.4763689054471,6982539
2022-02-03,984.2612915039062,996.2587500562196,979.3687024171136,988.7284380614127,4169794
2022-02-04,990.26025390625,993.068112792623,967.7542776683028,987.0268485449214,3625482
2022-02-07,984.771728515625,996.6841184495677,975.114204592738,984.4739395408359,3824483
2022-02-08,988.6858520507812,995.4078647856345,977.2840753625803,986.133196875607,3267641
2022-02-09,1004.81005859375,1011.7022059176966,992.1318520605839,997.2371617624393,3772972
2022-02-10,1012.85107421875,1014.1699876919788,999.0241911224967,1008.2562738316635,2053245
2022-02-11,990.1749267578125,1003.1935100382565,985.3675091466166,1003.1935100382565,3912397
2022-02-14,975.4971313476562,990.7279946305429,964.5632791466453,966.0523279953223,3243813
2022-02-15,994.3017578125,998.9390397463136,976.9010963752833,981.49589637766,3000492
2022-02-16,993.66357421875,1006.2991960725006,987.0266294734461,1002.3425599307926,1885868
2022-02-17,989.6218872070312,998.9390368468548,987.026646288204,998.9390368468548,1644055
2022-02-18,991.2811889648438,995.6206824090667,978.6029795942196,980.9429137312611,2166690
2022-02-21,991.0684204101562,995.1101246359113,978.6880006557193,981.1555882197423,1706058
2022-02-22,978.135009765625,982.0490604581192,963.2019346903945,963.2019346903945,3254855
2022-02-23,981.0704956054688,986.1758060769629,976.858656013609,983.6231508412158,1937649
2022-02-24,934.7398681640625,965.7120027102101,929.1665292118673,941.0789206120195,5469084
2022-02-25,961.2448120117188,970.8598547496127,948.7368431602263,949.2473534233434,3213276
2022-02-28,958.9049072265625,964.3081106231413,941.929791288407,952.650922610811,4571884
2022-03-02,949.205078125,956.9481130933183,943.6317382142051,956.9481130933183,3867328
2022-03-03,969.7535400390625,980.2194665151168,953.416590477594,957.2455727686687,3969380
2022-03-04,968.690185546875,982.6447231848963,955.2462621079062,959.7984770187843,3522375
2022-03-07,982.091552734375,988.2179878490548,944.9079149624027,945.3333575175411,5249845
2022-03-08,1000.04541015625,1003.7041541701263,982.7723991691782,983.6232843632641,3805165
2022-03-09,1006.3418579101562,1016.8077871408256,987.9627588492082,1004.04450947797,3781326
2022-03-10,1014.382568359375,1019.530360262489,999.7898699101063,1019.530360262489,3834327
2022-03-11,1015.488525390625,1027.1457106465227,1000.8959326936734,1004.0441652239571,2770879
2022-03-14,1023.4871215820312,1033.655260845935,1002.0448586129138,1015.4887808698712,5740660
2022-03-15,1001.364013671875,1033.2297199488635,993.9187697568497,1027.0182177640652,3003066
2022-03-16,1020.6367797851562,1023.5722921273642,1008.298944598091,1012.6810240760265,1894018
2022-03-17,1018.4243774414062,1033.8253766826228,1013.2339992044625,1033.8253766826228,6987787
2022-03-21,993.8764038085938,1029.4859252298368,991.3662303893478,1020.9770740482822,4046440
2022-03-22,1000.98095703125,1005.5331701993625,988.9835014351753,995.5352732246703,4516870
2022-03-23,1004.639892578125,1013.2763962274122,995.5354644927046,1012.5531647404432,2338886
2022-03-24,1014.3400268554688,1015.956729191394,994.6846033708036,994.6846033708036,2351703
2022-03-25,1003.4913940429688,1020.2113082333676,1000.1304392035054,1020.2113082333676,2489854
2022-03-28,990.3875732421875,1010.5110246526023,985.4949843981319,1008.213676655557,3406258
2022-03-29,993.5784912109375,999.7899939973644,990.1324688714625,992.9829131871696,2443230
2022-03-30,991.4511108398438,1005.7034338766457,988.8133882453972,1001.7893838460676,3073672
2022-03-31,990.2174072265625,999.6197279142642,987.877473503793,999.6197279142642,3006639
2022-04-01,995.23779296875,998.9391224359,980.262235756902,987.8776159694037,2479745
2022-04-04,1010.0430908203125,1011.6596892421165,993.8336898623388,998.2582503591269,2282137
2022-04-05,1017.190673828125,1023.6148986544235,1007.5331475528718,1012.5533910214165,2634464
2022-04-06,995.9609985351562,1016.7226155191048,993.4083432633873,1012.5532578016539,2838968
2022-04-07,998.3434448242188,1004.6824967352201,989.5792874893593,991.7915677884322,3391918
2022-04-08,991.5790405273438,1004.0445293989544,989.1966243037002,1003.1936442045486,2656091
2022-04-11,964.4783935546875,990.4303926754798,962.989344424806,990.4303926754798,5679058
2022-04-12,962.478515625,971.4552893744163,952.6082711461363,961.3298417355606,2906617
2022-04-13,957.3306884765625,972.6466184085706,955.5438507580544,965.7544707127264,1971580
2022-04-18,937.4627075195312,946.8224441047048,922.8700065245387,944.4825099584114,4391701
2022-04-19,910.6597900390625,949.545198064267,900.8746112626558,949.5027161294041,3422431
2022-04-20,926.9542236328125,931.5490238220523,905.9372999107848,914.7014577507756,2573318
2022-04-21,935.2928466796875,940.2706075360585,919.8918473687285,931.7191708591321,2547848
2022-04-22,937.7178955078125,965.711930099072,919.8917916822298,924.571659380414,9567571
2022-04-25,927.3369750976562,934.2717084613428,916.6584309145177,933.3357557564798,3565801
2022-04-26,931.1236572265625,941.9298570384135,923.252969622583,939.3772015992851,3213714
2022-04-27,932.229736328125,935.8885839682932,914.3611484318714,924.9121449156031,3288792
2022-04-28,945.11962890625,953.5976321206213,928.509788424254,944.6870798770022,5202061
2022-04-29,933.6571655273438,952.0405009616325,929.4181635301712,946.4173630640853,2988180
2022-05-02,922.9732055664062,936.03616606093,918.7342036568463,928.2502829790923,2584604
2022-05-04,903.9841918945312,930.8455293841404,896.0686289846975,930.7590406971353,3385725
2022-05-05,927.4285888671875,930.1535637775723,905.8443249194091,916.1390148565843,2982126
2022-05-06,908.526123046875,914.106070017501,890.1427855755649,908.2666569383789,4075606
2022-05-09,930.9320678710938,936.8147773412283,894.5979467507059,903.162439278214,4207192
2022-05-10,927.8610229492188,938.6314522104224,922.7136258173545,928.2502748587864,2473518
2022-05-11,917.782470703125,933.7002947007849,911.85657064389,924.7897432404243,2895668
2022-05-12,916.4850463867188,926.4768671498451,902.9462385515875,908.4395909541903,3195189
2022-05-13,910.2130737304688,932.5758406248923,904.1140893034417,925.6550551657094,2496626
2022-05-16,903.63818359375,923.0162948573437,899.8749227055242,911.8133176829045,1415370
2022-05-17,936.81494140625,939.4967249332863,904.3304589982312,915.446950691105,2620776
2022-05-18,928.8557739257812,949.3153648073041,926.3470739552978,937.3770745663883,2865869
2022-05-19,873.2301025390625,915.5334236213475,869.0775891360544,912.7650461517412,4729354
2022-05-20,890.0560913085938,894.9439163220654,879.6316705574362,890.1858771342729,2005622
2022-05-23,880.929443359375,897.1067894674286,877.8583554600513,884.9954152605394,2285466
2022-05-24,857.9611206054688,884.4764009612783,853.8519042476407,884.1735849172283,3418456
2022-05-25,842.9949340820312,858.8694646025233,833.0895493370065,858.1773966171448,3904551
2022-05-26,848.4016723632812,852.9866814905274,838.3232589107105,845.2007990022772,4278059
2022-05-27,868.4720458984375,874.1384281684145,855.58206246172,855.58206246172,2795530
2022-05-30,899.6156005859375,911.2511286340838,878.636970138745,881.5350278634667,3562969
2022-05-31,900.350830078125,904.7196176393427,882.7893495496837,904.0274969316748,5185485
2022-06-01,880.5833129882812,904.4167005461054,875.0899087724611,900.3507820132954,2554081
2022-06-02,899.4423217773438,907.4012865037996,871.4131790865341,874.9601124625452,3560227
2022-06-03,902.2973022460938,925.3521873214544,899.874985368074,911.7700840314334,3556955
2022-06-06,897.3662719726562,906.0604442311508,883.3949169948103,897.9717983817005,1997494
2022-06-07,884.9088134765625,894.2951061668002,876.4741075175529,891.050988490258,1839248
2022-06-08,891.2239990234375,894.3384365910459,878.9396485389124,885.0818237811749,1665512
2022-06-09,889.8832397460938,892.5217257615648,875.2198154340974,886.6823132055716,1654005
2022-06-10,878.3772583007812,885.6441028291675,872.191839104715,875.4792010384543,2260855
2022-06-13,858.0043334960938,866.828345174921,849.9589312718163,861.637756281658,1738804
2022-06-14,862.416259765625,865.9198962777833,846.1956714673053,854.7168660661316,2461791
2022-06-15,856.360595703125,871.1537514947416,854.7168882589918,855.5819863240313,2408630
2022-06-16,834.7764282226562,871.1537930317771,831.9216150321863,871.1537930317771,3198618
2022-06-17,829.412841796875,833.219294733765,816.695888577493,823.9194897279591,4302066
2022-06-20,830.5374755859375,835.6848201835803,823.6599346732147,834.8197220260404,1305407
2022-06-21,853.5057983398438,865.0116457693108,833.6518383950562,840.6158678171969,2128325
2022-06-22,831.6187744140625,846.9310210026845,829.7588452214012,846.0226785782316,2575065
2022-06-23,840.2266235351562,845.6334872644687,829.2831102264664,832.3109539148813,2169033
2022-06-24,836.2903442382812,851.7323242102558,830.4941764051739,851.2565308153032,1922313
2022-06-27,858.4801025390625,870.9807809956305,851.4295845067707,853.1165364094562,3626024
2022-06-28,866.7850952148438,871.1538302781033,850.6077493753179,856.360673148658,2702471
2022-06-29,854.3275756835938,865.3143315684611,852.1215861983845,852.2080748835319,3150015
2022-06-30,841.956787109375,862.1135637462676,839.1019737318584,856.4471813391023,3741119
2022-07-01,843.7733764648438,849.0505063414784,834.1275647222154,834.3870835814017,2827579
2022-07-04,851.7754516601562,856.0144528910369,842.129640845048,843.7732953294416,2738846
2022-07-05,849.6560668945312,867.3905768353412,846.4551935644477,854.1978316354704,2476050
2022-07-06,853.5057983398438,864.2330363277349,847.8394161193963,849.5263680418775,2998254
2022-07-07,856.3173217773438,865.8766978963437,852.0783728245509,862.5027942306499,2985141
2022-07-08,850.8671875,864.232963105301,847.0607877117047,864.232963105301,3141642
2022-07-11,816.263427734375,847.0609565306759,813.1923395654462,843.4707777407554,5787815
2022-07-12,802.6380004882812,820.5887859261533,799.6966986515888,808.8667173209789,5305354
2022-07-13,793.9437866210938,809.731827052404,782.9137857718223,804.5412384174527,12874342
2022-07-14,781.18359375,802.421741801639,771.9270334077436,801.2106361278268,4916497
2022-07-15,764.0114135742188,782.9137860732172,758.9938023173823,775.127903117793,5591590
2022-07-18,778.8477783203125,785.0764949562778,768.9423949035602,774.2627691304338,5156225
2022-07-19,778.322998046875,785.1465450857164,774.2113564354975,778.5854318955851,4636293
2022-07-20,802.5553588867188,803.7800679363004,783.0469402970441,791.3576833824211,4827089
2022-07-21,808.72265625,810.909693530467,799.1871523493777,805.7045341240625,3498709
2022-07-22,805.048583984375,815.2402011079006,795.2069142535147,813.0531633899317,3514659
2022-07-25,814.1466064453125,815.3275853452669,799.5809152420321,805.0485090278776,2120224
2022-07-26,799.1434326171875,813.2717149894977,797.0438554430015,812.2656564696865,2780103
2022-07-27,812.2220458984375,813.0093474087378,797.0439727060002,797.918787758205,1742497
2022-07-28,827.6624145507812,830.199399299473,815.9399260915579,818.7393446500704,2843497
2022-07-29,829.6744995117188,844.8087870952286,828.5809808511405,837.1978865387108,3617725
2022-08-01,832.9551391601562,836.7605631234204,826.8751641177411,834.5735255825855,2489519
2022-08-02,831.9927978515625,834.4422691808544,823.2446478223268,832.9551263914607,2545241
2022-08-03,837.373046875,841.397175085222,831.1180973843191,831.9491824305217,4119614
2022-08-04,838.1602783203125,848.5268687028743,827.4000638807012,844.1965235250686,3513266
2022-08-05,837.8540649414062,844.1527436104627,835.4483236951636,842.3593835421577,2565683
2022-08-08,845.1151123046875,846.8210124197589,831.1180707770882,837.8541576911406,1746911
2022-08-10,832.8675537109375,845.9460477548095,829.4120240158792,845.1149628821549,3271939
2022-08-11,841.878173828125,847.2583073076909,838.7288612609691,844.1964548806625,3594584
2022-08-12,836.6731567382812,843.3217299318211,834.5735792063873,843.3217299318211,3022304
2022-08-16,838.2477416992188,847.6957329980115,833.3925291395792,847.6957329980115,2784861
2022-08-17,857.8436279296875,859.8557452866711,835.4483837135841,842.4469042054257,4649125
2022-08-18,851.6323852539062,860.3368050065303,846.9083629917826,860.3368050065303,2829269
2022-08-19,848.6142578125,863.4861124224208,845.771109137074,852.5071951392848,2880969
2022-08-22,839.3412475585938,848.5705349661878,835.6232838744635,844.1964600436817,3616799
2022-08-23,828.3623046875,831.9490246557789,821.4512451648542,831.0304796292164,3753715
2022-08-24,830.3306274414062,834.3984849040557,825.9565527109442,830.9867386509756,1494361
2022-08-25,825.6503295898438,834.4859925194186,824.6443244456495,834.4859925194186,3316314
2022-08-26,827.268798828125,836.3231124217657,825.606629025148,829.8057302077862,2195046
2022-08-29,802.642822265625,806.5794900587534,787.4210187744055,798.3562070886511,4974880
2022-08-30,821.407470703125,826.9187939591089,808.0665433210817,810.865961712928,2998417
2022-09-01,810.122314453125,814.4526588174596,801.5491392497286,802.4676842010812,2953921
2022-09-02,808.72265625,819.7015727190517,803.9549042996889,814.6276569072611,1750283
2022-09-05,818.8267822265625,824.3381056588096,807.0167805598333,810.0786328438,2279812
2022-09-06,820.4015502929688,824.863139123166,810.9972884242893,818.8268938682706,2108615
2022-09-07,815.0652465820312,815.8088180658394,807.5418046185802,810.953604896648,2709547
2022-09-08,814.4963989257812,823.1133576952947,811.8282241696338,819.1766906599893,3214686
2022-09-09,829.7620239257812,833.698691408824,817.3396403003969,821.4512814615799,2206526
2022-09-12,835.929443359375,842.8842331284308,834.1360833294849,835.5795494040985,2517615
2022-09-13,835.7982177734375,839.6473714853746,831.4678731273498,835.4482704385038,2442828
2022-09-14,815.3275756835938,820.9701430826156,810.5598232799406,816.464824498679,6761712
2022-09-15,804.7423706054688,819.4392524881147,801.5930044484553,819.2642788025353,2995215
2022-09-16,784.6214599609375,803.0800319296404,781.5596079873495,800.543047508026,5095937
2022-09-19,785.4089965820312,793.5885499128694,776.3984116106843,785.5402402065731,2686561
2022-09-20,799.5809326171875,805.573394178904,789.0831523202442,789.3455861487734,1836721
2022-09-21,788.1646118164062,799.3622335195088,786.3274682170517,795.2068621277521,1819649
2022-09-22,785.2777099609375,791.620118742058,778.3666500692386,785.2339264951465,2315711
2022-09-23,783.7030029296875,798.3561543019208,780.3349865093803,784.2716540422191,2569608
2022-09-26,793.1946411132812,802.5551707572645,771.5867034775902,779.6787409006829,4182702
2022-09-27,803.7362060546875,806.0982170125984,793.9819983594758,797.1750941685267,3545337
2022-09-28,805.5296630859375,810.9097968390929,797.7000579454932,798.7061165804643,4154139
2022-09-29,807.4979858398438,814.4527758614864,801.8554183357008,810.9535158148204,2928360
2022-09-30,815.633544921875,818.4329629178629,796.1251858597503,806.4917731175475,3229901
2022-10-03,813.7966918945312,816.0711896433542,801.3305775602157,815.6337821228518,1598950
2022-10-04,827.574951171875,831.9490259666524,819.7453466103301,824.513098815531,2331351
2022-10-06,843.8027954101562,846.777187760327,835.8857303593256,835.8857303593256,3713623
2022-10-07,837.8103637695312,851.1512929588727,835.4483525128519,844.1965028009446,2174327
2022-10-10,842.6654663085938,846.0772658325916,824.2506230390871,824.2506230390871,2758812
2022-10-11,821.101318359375,850.3201600309845,818.8268207705777,846.9083602533195,3134969
2022-10-12,832.8238525390625,843.2341720535882,825.2129516111248,825.2129516111248,3502390
2022-10-13,859.15576171875,865.2357364465001,847.9581407680951,850.363881938506,9698562
2022-10-14,877.0457153320312,894.9356916953527,869.5660582064327,879.1890226332644,7424383
2022-10-17,870.0908813476562,880.7636338453772,867.029029186517,879.8013588096619,2136170
2022-10-18,882.86328125,886.7562185579478,874.0276179878252,874.8149728211517,2487826
2022-10-19,879.7266235351562,889.3133378962319,878.2687112457571,889.3133378962319,2517099
2022-10-20,898.9443359375,900.6230869469076,872.9673506915377,874.734491077553,3931399
2022-10-21,907.6033935546875,909.9890981438085,893.8197180735756,903.4506561754961,2071897
2022-10-24,911.490966796875,917.8968505363778,910.077276094867,914.4951269496964,398105
2022-10-25,906.9847412109375,916.4831201374037,902.0367700393846,915.3786574715356,3068136
2022-10-27,911.8886108398438,916.6598033343398,900.8880978254178,910.9608190449786,3313674
2022-10-28,910.0772705078125,918.6920796218427,906.1012047628755,911.8001891875441,2423629
2022-10-31,919.9290771484375,929.9575767129502,915.7321189637473,918.0293797669884,2418565
2022-11-01,936.628662109375,938.2190238030785,923.3308870522908,926.865167959668,2275488
2022-11-02,923.5074462890625,942.1949758987632,921.1218501081138,940.9579561592162,2799322
2022-11-03,923.4634399414062,927.0418346291708,912.8163756134685,913.6116103855362,2396164
2022-11-04,923.6400146484375,926.8650671973527,913.1255085205155,923.4633437653525,1709158
2022-11-07,925.2305297851562,932.7849900624041,917.7201833020204,926.0698783078436,2213508
2022-11-09,930.7969360351562,937.8654972705502,927.0417628788531,937.3795984002278,2307691
2022-11-10,929.9133911132812,938.7049791029671,925.1421984360752,927.748687319278,2321667
2022-11-11,963.665771484375,970.7784462249525,944.6247922842527,946.3035970812364,3923101
2022-11-14,971.0436401367188,974.5336992489114,963.1357300684899,967.5093593718899,2170007
2022-11-15,975.373291015625,977.3171025629836,962.1197363080779,966.1841381801848,2172420
2022-11-16,976.521728515625,982.927612377845,971.3528644879921,978.5539830908531,2213697
2022-11-17,965.3445434570312,972.4572179557586,962.2961619367109,967.5975824683879,2460883
2022-11-18,974.7105712890625,977.2287250034718,957.790178936495,970.2043844541669,2623894
2022-11-21,967.9510498046875,977.537763870195,965.3886749292416,970.9552097325318,1733741
2022-11-22,974.9313354492188,977.1402608477091,961.3243334229813,964.0633793455722,2529146
2022-11-23,974.9313354492188,982.0882321687902,971.7062827958858,979.835085119256,2217599
2022-11-24,998.0808715820312,1002.8521722107836,975.0197110437001,977.2286365331512,3295202
2022-11-25,996.8436889648438,1005.1051552325531,990.1727997905846,1003.0286793253786,1977441
2022-11-28,988.5384521484375,1000.8642141587591,986.9479825339517,994.016544629092,2368293
2022-11-29,997.5062255859375,1006.1652540104957,987.8753996712162,988.5380771162286,1785948
2022-11-30,990.3056030273438,998.3460709231013,986.9479928539641,995.7836955652798,6053488
2022-12-01,1004.089111328125,1016.6799856056958,997.0205503301906,998.4342409582413,3919684
2022-12-02,1003.3381958007812,1007.6234897506994,993.0003596220342,1004.0892089082611,2944923
2022-12-05,999.1851196289062,1008.9927251231419,995.9600675357461,1001.3057092146599,2646466
2022-12-06,990.4381713867188,994.0166745582131,978.1124077652818,991.0125137035615,2807894
2022-12-07,977.1403198242188,986.5944779573003,973.6943744230524,984.2972169757536,2399879
2022-12-08,973.1199340820312,984.0762251865082,970.8668949813981,984.0762251865082,1752350
2022-12-09,907.8682861328125,949.8378662703391,901.8600201831028,949.8378662703391,12415478
2022-12-12,908.6636352539062,918.1620151129937,894.5706794679097,905.6594749362378,4275785
2022-12-13,923.065673828125,925.0095928332834,911.0491416035397,911.9327117356075,2284909
2022-12-14,933.2266845703125,934.1986979540536,923.3307427196416,923.3307427196416,2425507
2022-12-15,920.9892578125,929.3390598419993,916.3505148597815,929.1181673204413,1906369
2022-12-16,909.76806640625,924.6119808624453,903.3179608853826,910.0772944007707,5159215
2022-12-19,912.9487915039062,916.7039643700002,904.2014260795873,909.7679607653384,3328172
2022-12-20,909.8121337890625,913.0371863849775,893.7312003174279,907.4265375442396,2629849
2022-12-21,919.2222290039062,930.620306068714,914.4951500414136,914.4951500414136,2878658
2022-12-22,918.1177978515625,931.8573579728222,913.2581616213373,924.2144539664747,2623451
2022-12-23,910.6073608398438,922.5355576791156,907.5148653629955,909.6354552615137,2177675
2022-12-26,911.5792236328125,920.4591462283383,909.1936275200002,910.9607677095433,1680715
2022-12-27,915.6880493164062,919.5757801675403,910.3866275715058,918.029532158611,554319
2022-12-28,914.8927001953125,917.4109614957218,906.9847902234342,910.0772858549802,1397806
2022-12-29,922.8448486328125,924.2144255805251,908.3984974909265,910.0773024358899,1277244
2022-12-30,918.2946166992188,932.3875192390227,913.8767653879702,927.7487753622116,1860560
2023-01-02,918.4269409179688,921.1218729940222,911.4026014324545,918.1177129398192,701880
2023-01-03,920.105712890625,924.0376645965003,913.1697090955425,918.0293447027274,2484372
2023-01-04,915.9087524414062,920.6800525964554,911.4025664618462,915.5553028266472,1219170
2023-01-05,922.5355224609375,927.5719367598614,912.8162513333087,920.5033759397677,2294943
2023-01-06,912.5513305664062,925.8932187935636,905.8803325239833,922.4472734991841,1887689
2023-01-09,943.1669311523438,946.3036483867095,918.9571948747246,923.2866024047238,4562242
2023-01-10,939.9862670898438,947.7175074205174,933.3153758620001,937.468113239394,2297082
2023-01-11,931.9898071289062,953.9022814234452,928.2346341132258,944.5364597088135,3594167
2023-01-12,946.8779907226562,949.3961441262328,937.4679468756938,937.4679468756938,4748542
2023-01-13,952.3119506835938,957.7900424697751,919.7965260249409,922.3589010311293,8253765
2023-01-16,966.3609008789062,972.3250010637362,952.9748956391264,960.4410223570499,4508538
2023-01-17,981.6906127929688,984.2528798230439,967.5092693997906,970.071644287545,4390338
2023-01-18,985.3133544921875,994.7675127231415,984.3855626161446,988.6708566206855,6905092
2023-01-19,990.885498046875,992.6240065007767,979.6071774903842,982.8167901618514,2298287
2023-01-20,987.6761474609375,999.8014145671187,987.0074734422107,990.5737348754205,4747128
2023-01-23,999.6229248046875,1001.1386510450975,987.9880634755402,990.5290026968264,1696834
2023-01-24,1014.4673461914062,1019.6829803569689,999.6227652327802,1003.8131865811235,4861107
2023-01-25,1001.0048217773438,1011.79273886032,995.655430612201,1011.79273886032,2692236
2023-01-27,994.6300048828125,1011.3023375712539,985.1794365791862,1001.0047171215216,3864525
2023-01-30,1011.7036743164062,1016.3397701144692,985.8929036868698,994.6301778960882,3508427
2023-01-31,1000.5145874023438,1014.3338502605732,992.3122297554395,1012.8182327063605,4582858
2023-02-01,1009.3408203125,1013.7095110361981,993.6046746497417,1013.7095110361981,2393911
2023-02-02,1024.9432373046875,1030.2034932646302,1011.9264083559976,1014.4228342184346,3048359
2023-02-03,1021.8673706054688,1031.2288042422588,1015.1360105046101,1028.8661349386284,1814055
2023-02-06,1021.4661865234375,1025.1662037992307,1005.6855263194344,1012.1047521029108,2070175
2023-02-07,1005.9083862304688,1027.97462381895,1003.8132298827343,1023.3830415035084,1931191
2023-02-08,1020.8421630859375,1024.4084239176786,1009.8758674948757,1010.9458110445842,2848255
2023-02-09,1022.0458374023438,1027.0832030032482,1014.6012890778615,1019.95068076017,1501083
2023-02-10,994.6748046875,1007.4687444095102,980.7217865933285,1003.7242138487047,3185163
2023-02-13,992.3119506835938,999.6673627169627,985.1794299239632,999.6673627169627,2009185
2023-02-14,1003.412109375,1018.5242062996964,996.7699915159801,999.4446873787242,3938046
2023-02-15,1010.0542602539062,1011.5698775955725,998.1963992856531,1003.010873243953,1648954
2023-02-16,1005.8193359375,1027.216901456357,1002.1193184664684,1015.1361490570438,2369355
2023-02-17,989.236083984375,1000.0685127044837,987.4529538136735,1000.0685127044837,1958807
2023-02-20,994.7192993164062,1011.6590389544339,987.4976426058714,989.2362601320683,1706036
2023-02-21,985.3578491210938,1000.380810320502,983.4855839039517,999.4446232951077,1313278
2023-02-22,974.1240234375,985.6698569835103,971.8505976931336,976.2638014814461,2212194
2023-02-23,975.684326171875,991.3758514638755,974.0349523670889,985.0012475381786,2139983
2023-02-24,976.1300659179688,984.733691234184,964.6734757042889,978.046952724219,1684570
2023-02-27,966.4120483398438,971.8060612960908,959.324148582196,971.8060612960908,1834553
2023-02-28,960.7507934570312,977.9580481391763,952.2809226843644,966.0110507562616,20793703
2023-03-01,981.7025146484375,984.2880757445696,960.5278391059253,960.5278391059253,1655100
2023-03-02,986.026611328125,995.8784515397559,972.0737012897704,972.0737012897704,4074162
2023-03-03,997.6614379882812,1007.2011418958211,990.5735383295954,994.0951772626752,3253621
2023-03-06,1004.5264892578125,1023.5168719662541,1001.495254578487,1006.577132796081,4091674
2023-03-08,999.132568359375,1002.1192900282288,987.2301946440068,991.4205075724113,3209393
2023-03-09,995.5664672851562,1004.5266337294278,993.2484191478469,1000.2916983278136,1834324
2023-03-10,995.2544555664062,996.9038297167758,985.1797234582103,985.1797234582103,1193681
2023-03-13,979.4735717773438,1010.6783558425564,976.2639586116519,999.4000335493996,3028387
2023-03-14,966.5014038085938,983.7531705399246,950.4086066632449,979.4291006159268,3683544
2023-03-15,962.5783081054688,978.8493716220548,958.8782910733267,976.3084327848214,1528510
2023-03-16,956.1143188476562,969.6215502383784,953.6625151205278,966.4118292014256,1812907
2023-03-17,988.2554931640625,995.9675546190366,966.5013873531645,970.2012962060356,5350523
2023-03-20,972.5639038085938,988.1217822831767,968.4627255408117,985.1795735075691,2066169
2023-03-21,966.3676147460938,982.8615721869261,960.3049273965437,979.830228512151,2421127
2023-03-22,964.1831665039062,985.848244947816,962.043497036457,973.5446013417558,1382329
2023-03-23,950.3193359375,963.2470308952597,945.9506448402188,960.2156875522297,2178855
2023-03-24,937.7036743164062,971.8060423150775,933.5133615206137,956.6494343156681,2688253
2023-03-27,937.4807739257812,949.9626862747693,931.5073308350782,939.0856347612495,1459887
2023-03-28,928.20849609375,948.4470911753513,926.6482570136848,942.2061348550907,2965015
2023-03-29,951.7457885742188,953.9747014280226,929.1000122128452,932.5771380315063,2478745
2023-03-31,967.5711059570312,977.9578620102365,953.4398197031013,965.9217321503701,3131614
2023-04-03,979.072265625,980.0529654976159,970.0228578225209,971.7613662860839,1540702
2023-04-05,990.7073364257812,992.3121975293724,950.5423842069293,967.6603947548358,3342291
2023-04-06,973.4554443359375,988.7904311152329,967.7494052746565,988.7904311152329,2378264
2023-04-10,983.4854736328125,985.1794691473946,973.1433398863178,973.4553659152485,711625
2023-04-11,969.1314086914062,989.5482743026923,967.3482782246327,984.2880176589812,2318905
2023-04-12,975.8179931640625,978.44806665193,962.9794340729305,973.5890804341309,2715967
2023-04-13,955.6241455078125,970.9145105770167,947.7338151913395,970.9145105770167,3071057
2023-04-17,929.1893310546875,940.6014106606203,906.0532545818535,940.6014106606203,9509446
2023-04-18,948.4917602539062,950.7652953925328,931.8640449827471,935.7424412584819,3686404
2023-04-19,926.06884765625,957.4965249590683,924.062825700751,957.4965249590683,4322881
2023-04-20,924.9989013671875,933.6470403332595,919.9615361857844,927.22781438253,3057560
2023-04-21,935.207275390625,957.5410272410164,925.2217886586265,939.7097231955598,7708194
2023-04-24,939.7545166015625,944.0785868554934,932.5773718791612,942.3845908950989,2033625
2023-04-25,939.2192993164062,943.9892601165257,931.1506997034089,936.5446037650753,1237595
2023-04-26,950.00732421875,951.3000502005616,934.3603117246379,940.6012680052413,1647101
2023-04-27,955.0891723632812,958.4325416947746,945.9506295238659,950.0072945128661,1654910
2023-04-28,964.927978515625,969.1446299213719,955.5426000277386,961.1647281063326,2629188
2023-05-02,968.0565185546875,974.6308330491,964.8373271799821,964.9279852411844,1905168
2023-05-03,960.2579345703125,964.8373289522737,956.6761109442187,963.0237249504837,1649820
2023-05-04,967.3764038085938,968.4191375385461,950.6005670525699,957.6282824503637,1403672
2023-05-05,957.1748657226562,970.2327255632204,954.046332503421,967.376387906597,1641673
2023-05-08,975.4921264648438,977.0790297614401,956.6759873766304,959.3963930279383,1389075
2023-05-09,978.4393310546875,981.7037960260665,966.6962897555214,971.1849152544675,2981949
2023-05-10,977.8046264648438,987.3260473245003,972.182387731552,983.1093959479321,2091411
2023-05-11,986.6912841796875,990.7718933869597,979.3915941250661,981.2958562830713,2653108
2023-05-12,993.4015502929688,1000.5653079381372,977.0337305862383,984.7869316459736,1585037
2023-05-15,997.2554931640625,1002.8776212509016,990.9532635815443,996.5300072912304,1523466
2023-05-16,989.048828125,1002.2882249562823,986.6911652281949,997.6634465240311,1166324
2023-05-17,974.4041137695312,991.9959836606477,963.6584217308837,988.8675611010423,3602382
2023-05-18,979.2554931640625,983.8801611839023,972.9985372814075,981.1143708312438,1515743
2023-05-19,993.265625,1001.1094850423605,981.5678561610544,987.1447110289529,1984436
2023-05-22,1015.4822387695312,1017.3412272224103,987.4620336937511,993.26558886798,1864932
2023-05-23,1004.1470947265625,1025.9103410396224,1001.1093304007503,1015.6181612761235,2138096
2023-05-24,1008.318603515625,1011.0843943426206,995.6687578369484,996.6209443691591,1302744
2023-05-25,1011.9910888671875,1014.0313934818391,1000.2480465847478,1005.824790643241,1124803
2023-05-26,1033.02880859375,1034.0716530470795,1010.1774421510779,1011.0842441637809,1635167
2023-05-29,1021.2404174804688,1040.9633619337048,1019.6082402177456,1039.195142225686,1288914
2023-05-30,1029.990966796875,1037.3814247852445,1022.9179780440427,1023.7793956141093,1983735
2023-05-31,1038.379150390625,1045.8602683483293,1026.5907220936365,1029.0391543868784,5967930
2023-06-01,1035.4771728515625,1047.4922987355674,1031.6232645491457,1041.0086426292526,1445692
2023-06-02,1031.079345703125,1043.8198484660002,1026.137207968396,1041.0087841666423,1336554
2023-06-05,1032.2127685546875,1041.4621047460394,1030.1270796617334,1037.3814957156892,1435758
2023-06-06,1023.41650390625,1026.7717370301482,1009.9505191233218,1024.6860485830337,1943605
2023-06-07,1023.8247680664062,1028.132077253774,1012.1722746572823,1028.132077253774,2459039
2023-06-08,1021.7391967773438,1025.8198059501842,1014.0767638302309,1023.8248857431278,1385218
2023-06-09,1006.3235473632812,1025.5930903968201,1002.8776553904293,1023.8701444103941,1824218
2023-06-12,1033.43701171875,1034.6157880055646,1007.9105110500597,1009.2253297874795,1670970
2023-06-13,1025.8651123046875,1038.242870632661,1024.0515083658079,1038.242870632661,2014656
2023-06-14,1029.990966796875,1032.3033560334068,1021.1043741545581,1031.9406131167905,836964
2023-06-15,1037.0185546875,1040.1017030602225,1030.6256681772554,1033.7540902255046,2109652
2023-06-16,1041.18994140625,1046.6761374110758,1026.9078108762742,1042.8222291728284,2909817
2023-06-19,1031.53271484375,1046.358906202245,1029.6283419864676,1041.1900681081504,1278608
2023-06-20,1059.734130859375,1061.6383928333607,1026.9532179233663,1027.406618902582,3504867
2023-06-21,1061.3663330078125,1066.1270434018895,1053.38654200152,1065.492326293453,2019683
2023-06-22,1054.9736328125,1061.366521489374,1050.8476387941496,1061.094547263289,972005
2023-06-23,1056.560302734375,1061.4570553500428,1043.7290331421702,1053.613196428804,1699790
2023-06-26,1058.6912841796875,1066.3537164344266,1054.6560597508317,1058.4645836905697,1190307
2023-06-27,1060.95849609375,1064.993721309992,1052.07179090885,1058.2380896935097,1504039
2023-06-28,1061.1851806640625,1064.5403042297744,1057.7846727149147,1064.086903169888,1424076
2023-06-30,1077.2352294921875,1082.7214250439235,1056.4241710018182,1061.2755388329374,3036648
2023-07-03,1071.4774169921875,1083.6285881528777,1065.0391437536023,1079.094577323786,1749952
2023-07-04,1079.6385498046875,1081.814896966646,1068.7116510000283,1071.8400739434833,1094468
2023-07-05,1083.447021484375,1090.520010326179,1076.9179809839427,1082.7215356420165,1653610
2023-07-06,1070.6158447265625,1086.3488378945779,1065.4470067110663,1083.4471156601157,2334220
2023-07-07,1049.7139892578125,1072.7013981737753,1046.268208020808,1068.3488149227794,2159585
2023-07-10,1019.6988525390625,1053.6132695954898,1015.6182435249,1051.8903236507892,3960400
2023-07-11,1010.9935913085938,1026.2731831626184,1008.363843319489,1026.2731831626184,4982603
2023-07-12,1007.0490112304688,1019.698854926549,999.7038264328953,1015.3461610238095,3824027
2023-07-13,1005.4622802734375,1019.6083718446132,985.7393332740573,997.4823769801471,12294227
2023-07-14,1043.6837158203125,1049.2605702494031,1007.9558056368908,1010.3587423778586,6605038
2023-07-17,1046.2225341796875,1062.771666356311,1037.0638585110655,1044.5902467286728,3159479
2023-07-18,1058.41943359375,1060.9585239113287,1039.558015140389,1050.9383157969394,2431478
2023-07-19,1060.096923828125,1065.4016933966636,1049.1699154357307,1056.4243314456578,2242397
2023-07-20,1057.12451171875,1063.5268921214279,1049.9903860391616,1060.9658953008952,1990001
2023-07-21,1020.2191162109375,1042.581779894979,1001.515066702299,1015.234451177673,5259150
2023-07-24,1017.8869018554688,1031.4232944017167,1016.149090801598,1024.3807216001708,2672505
2023-07-25,1016.6522216796875,1023.4661383524249,1010.7528190404812,1023.0088255113379,2506726
2023-07-26,1019.807861328125,1025.1584004232968,1015.3261721638553,1015.4176124225818,1969964
2023-07-27,1021.9571533203125,1026.8503792026245,1014.2742739847537,1019.8078049400814,1769815
2023-07-28,1009.3350219726562,1023.0086286301688,1003.7557170662366,1018.9385897872444,2031899
2023-07-31,1021.3624267578125,1023.9234232574836,1002.4297203128201,1013.4052281994568,2526624
2023-08-01,1041.3013916015625,1044.5025816504035,1016.9723695601007,1024.3808156291173,2710536
2023-08-02,1034.35009765625,1039.9292914017662,1025.7525948171337,1039.9292914017662,2701150
2023-08-03,1029.4112548828125,1038.603288090981,1019.8534607030667,1029.8685677459323,1608187
2023-08-04,1046.6519775390625,1053.9689836988478,1029.8686169897856,1033.9386570067047,3315303
2023-08-07,1052.5511474609375,1057.0784993594173,1045.5542395416815,1055.9809933381582,1655404
2023-08-08,1043.907958984375,1058.1304324425637,1039.9293597530423,1056.3011811501221,1667697
2023-08-09,1046.4688720703125,1048.1609070512716,1028.953770011065,1043.5420032464367,1559337
2023-08-10,1037.4599609375,1047.0635306465006,1032.2923034786425,1042.6732826915002,1676669
2023-08-11,1071.4381103515625,1085.6148070971947,1055.7523706906238,1060.9656919311774,7391806
2023-08-14,1071.0267333984375,1076.5144877967216,1055.4780959366326,1070.7066367216007,1720940
2023-08-16,1076.6517333984375,1084.9748054668087,1070.203577144843,1075.3712350074607,2567226
2023-08-17,1076.239990234375,1080.1271493643985,1064.5785128443042,1076.3772064157513,2331256
2023-08-18,1073.4959716796875,1077.291690071275,1059.7309240348825,1072.855778449186,3406088
2023-08-21,1078.5723876953125,1087.3985482834773,1069.1516980553472,1072.810200960398,1661946
2023-08-22,1078.8009033203125,1085.6605953719466,1075.736929866976,1081.087467337524,1805887
2023-08-23,1081.544921875,1092.9777434593022,1078.0236351567646,1091.1027160600174,2347850
2023-08-24,1071.2557373046875,1087.490349332144,1069.197828737827,1087.4445733711839,2464221
2023-08-25,1055.432373046875,1070.8439067423765,1051.8196458791865,1065.5390325645674,2105159
2023-08-28,1048.572509765625,1060.6912993736605,1042.0330258243491,1056.392603568378,2571967
2023-08-29,1058.724853515625,1063.9839504452807,1050.2645671505268,1055.3864479175095,1794652
2023-08-30,1070.5694580078125,1074.8224901450922,1062.4750423167236,1066.453642065023,1497356
2023-08-31,1072.07861328125,1086.6668495804347,1066.3622022472978,1078.8010903274471,4483967
2023-09-01,1084.5631103515625,1086.575242066305,1071.1180466802475,1072.855857696781,1669640
2023-09-04,1127.2763671875,1129.5629318268257,1083.8316390403145,1084.7462648960447,4517935
2023-09-05,1130.0657958984375,1135.6906544732717,1120.5993308559002,1131.163302047517,2842400
2023-09-06,1130.3402099609375,1136.3310532784096,1118.312859027718,1133.9987129581966,1767709
2023-09-07,1146.9405517578125,1149.6844286758935,1125.2639687644285,1132.3065415280478,2582004
2023-09-08,1154.3033447265625,1161.1630370925568,1147.2149959483681,1151.513691838269,2280777
2023-09-11,1172.138671875,1174.6538926817127,1161.9405724562343,1167.5655431355221,2691836
2023-09-12,1172.9158935546875,1181.467620597975,1157.4586985614378,1175.2938977885797,2140769
2023-09-13,1166.3765869140625,1172.9161839126325,1158.0077382598736,1172.5503112517767,2275523
2023-09-14,1174.013427734375,1180.507247330057,1166.6964227479984,1171.498207270308,2655172
2023-09-15,1193.2205810546875,1198.1595818132635,1180.8274706899997,1183.5255716537122,4286280
2023-09-18,1193.5867919921875,1199.3489797854104,1179.5929711507426,1190.8429143094468,2761885
2023-09-20,1182.9769287109375,1192.6719390142998,1172.0928603119823,1172.0928603119823,2220756
2023-09-21,1168.8917236328125,1175.2941039656996,1151.7882665458465,1174.3794782038585,3112700
2023-09-22,1164.958740234375,1174.0135572335314,1157.0929813361176,1163.8154580791443,1321467
2023-09-25,1155.583740234375,1170.7208394982813,1149.3185768214753,1161.574582939701,1246703
2023-09-26,1153.7545166015625,1160.6142091850638,1149.7759172328601,1156.0868567394098,903152
2023-09-27,1153.4344482421875,1159.4252912382137,1146.300434769507,1151.056443751294,1670373
2023-09-28,1135.8736572265625,1157.9161138412044,1132.8096835204553,1153.4344256680145,1807072
2023-09-29,1129.3798828125,1143.0077167106863,1122.474413972562,1129.6542035390921,2338327
2023-10-03,1132.94677734375,1149.4100394702195,1118.3127665646662,1127.2761428263118,2162636
2023-10-04,1133.72412109375,1138.5259051293112,1120.4162749643158,1128.647904739564,2253785
2023-10-05,1129.9742431640625,1146.8948181162946,1122.9774460838098,1142.367465693938,2995200
2023-10-06,1132.031982421875,1148.7696744074851,1125.0808506707904,1145.1111722596904,2497711
2023-10-09,1142.916259765625,1158.5106727107152,1126.0414601511882,1130.4773724950846,3430211
2023-10-10,1154.0745849609375,1156.7726857238108,1141.635587932334,1148.3581751678767,1532394
2023-10-11,1139.2578125,1165.6447430723554,1135.0505563774047,1157.9162001400439,2186131
2023-10-12,1119.273193359375,1141.955955236657,1111.4074347184066,1138.708989362551,3921609
2023-10-13,1148.6785888671875,1158.373600222699,1105.3710786501017,1107.6118672480761,5740821
2023-10-16,1162.1690673828125,1170.0806013323477,1152.7027145373934,1155.1721590540644,2527113
2023-10-17,1168.1141357421875,1169.806170813559,1162.4891658358354,1169.7147305810645,1687345
2023-10-18,1161.071533203125,1172.0928173861903,1159.1966175347677,1168.8916274830676,1743126
2023-10-19,1159.15087890625,1165.9191315347496,1156.9100905613864,1158.6479017516108,2279726
2023-10-20,1162.15185546875,1164.6911194640884,1150.0095341842232,1156.0576444231199,1625449
2023-10-23,1141.8836669921875,1163.9059829604003,1137.8670365993241,1152.363876822356,1646367
2023-10-25,1134.820068359375,1156.8886015891205,1131.403649448233,1136.8514342985568,1420065
2023-10-26,1137.4056396484375,1143.3151093110712,1119.1691073440043,1121.8929999942522,4617424
2023-10-27,1171.4775390625,1172.6779631662655,1138.928800321074,1142.2068034934414,2675348
2023-10-30,1167.83056640625,1177.1104669520969,1159.7510902599329,1172.6782520940403,1158770
2023-10-31,1178.2183837890625,1181.7733305073154,1160.3973239635739,1174.52490923173,2525870
2023-11-01,1162.4749755859375,1187.4059303960191,1159.1047700158174,1181.9119317371965,1572719
2023-11-02,1175.817626953125,1177.2949942065973,1168.0613079775258,1168.984676600433,1368604
2023-11-03,1169.215576171875,1188.6525317249034,1166.2146280000616,1184.312631354586,2052536
2023-11-06,1172.4012451171875,1181.4503038634673,1168.1999849760589,1178.4493554558424,1175823
2023-11-07,1176.3253173828125,1179.7879494400042,1170.0002653681863,1171.7546881536744,1385282
2023-11-08,1170.50830078125,1182.650621165972,1168.8924056312349,1181.9118811538906,937671
2023-11-09,1170.3697509765625,1178.0337557734588,1165.1065948159267,1170.5082788157158,1483749
2023-11-10,1159.242919921875,1173.6013449563552,1154.8108188214337,1165.5680842196384,1469902
2023-11-13,1164.3677978515625,1166.7685336544696,1157.2579047591273,1163.4444292569142,730991
2023-11-15,1178.81884765625,1184.6822172248174,1171.2010547551552,1177.2952665328467,2410620
2023-11-16,1210.5826416015625,1216.9537957871376,1180.0652594076678,1185.4208432299984,3936945
2023-11-17,1208.8280029296875,1224.1558988637014,1206.2887393265382,1212.752319407282,2882039
2023-11-20,1223.8328857421875,1229.6500408666463,1213.3064601203369,1214.183615290531,2831858
2023-11-21,1224.94091796875,1233.620606455556,1220.5088157547418,1233.2512364254117,1514256
2023-11-22,1227.80322265625,1233.3896479560726,1219.2159620237696,1224.9408024454233,1535630
2023-11-23,1227.1568603515625,1232.9279140590097,1224.1096989076734,1231.7274898015037,1307344
2023-11-24,1208.8280029296875,1230.527164629327,1205.5962128893157,1227.0645324432141,1795933
2023-11-28,1215.75341796875,1218.7543662352848,1196.0395188225407,1208.8281527382849,2152951
2023-11-29,1231.7274169921875,1236.2058445771538,1220.2315237728499,1222.5399451193744,1835524
2023-11-30,1238.1451416015625,1243.59303960335,1227.8033442878846,1234.5439810433702,4104385
2023-12-01,1234.266845703125,1245.6243253347916,1226.2335834281714,1242.8542193481314,1854324
2023-12-04,1235.4210205078125,1246.5476576494875,1229.003653578865,1246.5476576494875,1547057
2023-12-05,1216.5843505859375,1243.7775109164236,1208.043190989815,1243.7775109164236,3932040
2023-12-06,1227.664794921875,1237.2677384058761,1218.4311087134922,1223.4634226107025,2077245
2023-12-07,1226.2335205078125,1234.5438380413746,1223.7865711353068,1229.0036263523332,1985003
2023-12-08,1259.5672607421875,1264.9689452638977,1227.1570408960163,1230.8505158121818,4509751
2023-12-11,1269.908935546875,1277.0188289877794,1261.3677756277593,1265.107350989833,2824656
2023-12-12,1269.908935546875,1280.7123035473971,1265.0150366690223,1271.4786171483531,2730422
2023-12-13,1264.2762451171875,1276.8341482805308,1253.0574067725397,1273.6484589732247,1896931
2023-12-14,1306.197265625,1310.490952377131,1276.0954702731688,1284.405788096945,5145574
2023-12-15,1377.0196533203125,1382.2828093114933,1313.0301635544045,1313.0301635544045,7374290
2023-12-18,1389.0234375,1394.1942791444942,1367.5089039185032,1375.6806935290574,3075527
2023-12-19,1374.2496337890625,1389.3466889689817,1364.4618357346983,1386.438055121351,2590417
2023-12-20,1329.6048583984375,1387.8695198478767,1325.034227925063,1371.202667922452,4368383
2023-12-21,1313.076416015625,1336.1606319526395,1311.2757795429989,1312.2453616987127,2841508
2023-12-22,1350.611083984375,1354.9047701292327,1313.9533989660536,1321.3403470979779,2303438
2023-12-26,1346.4100341796875,1354.90498076569,1331.6361356190564,1350.6112939533264,1363265
2023-12-27,1359.2449951171875,1362.8922565439323,1345.8561484234972,1353.1506712769865,1402329
2023-12-28,1359.614013671875,1369.078541569102,1355.920539370518,1357.9058043506757,1928616
2023-12-29,1353.750732421875,1368.2937884144399,1345.8559982268782,1360.9991536591167,1481617
2024-01-01,1370.048095703125,1381.1285183810946,1343.5474632180028,1348.11809248631,1222315
2024-01-02,1356.9364013671875,1374.7112473121408,1349.36471104941,1370.3252463646847,1440888
2024-01-03,1327.573486328125,1352.7352860168342,1325.495906537314,1348.1184420372545,1651716
2024-01-04,1311.1373291015625,1334.0831312701805,1308.5519643935397,1326.8808103863146,3392241
2024-01-05,1323.002685546875,1328.588998413415,1312.9379444239767,1315.800364779615,1776925
2024-01-08,1336.945556640625,1341.285344422733,1320.925132318283,1325.0340779265364,2025264
2024-01-09,1348.4876708984375,1367.4628300380673,1341.054507783275,1348.6722995519212,3119270
2024-01-10,1377.7586669921875,1392.4402545535434,1353.7049755825392,1361.8767675305999,4368914
2024-01-11,1371.0179443359375,1385.0531040371498,1361.0455169005058,1385.0531040371498,2271368
2024-01-12,1422.726318359375,1435.8381067883863,1383.667783294146,1389.669678917377,5862043
2024-01-15,1466.4940185546875,1495.4878161881131,1454.7672819962654,1486.6234998501982,9712071
2024-01-16,1436.253662109375,1465.3859868974432,1420.1409249201436,1465.3859868974432,4459799
2024-01-17,1455.13671875,1463.5393511566779,1400.3348103839382,1403.520387229117,3846289
2024-01-18,1447.426513671875,1462.8005108979335,1419.2637709894354,1456.1523019740107,3205598
2024-01-19,1458.9647216796875,1479.4821134035146,1449.7529427853356,1460.8722754990679,2374099
2024-01-23,1417.7440185546875,1458.918285489885,1411.6027946780507,1450.5438583166244,3196630
2024-01-24,1466.827392578125,1471.2936853602157,1417.7904033461268,1423.7455739743466,2136023
2024-01-25,1442.4947509765625,1460.8719619630403,1429.9331130870714,1460.8719619630403,2641656
2024-01-29,1465.10595703125,1478.1792990974766,1442.4949601177295,1456.2197146165115,2521598
2024-01-30,1450.9158935546875,1481.7616055242856,1446.914733423591,1470.1770281731665,1939386
2024-01-31,1466.455078125,1471.3867301036257,1438.8659735129872,1450.9159104851296,7025931
2024-02-01,1467.7579345703125,1485.9955529539754,1457.4759537196437,1466.4552232031717,2845408
2024-02-02,1473.6663818359375,1501.7207322009172,1465.5245786213743,1474.6434436558548,2337374
2024-02-05,1447.2403564453125,1478.086181437919,1443.6114158134608,1474.7828902095391,1452864
2024-02-06,1510.8861083984375,1513.9102068448085,1449.7528406244319,1457.150205235999,4988311
2024-02-07,1503.06982421875,1516.6085246025668,1487.8097368161505,1514.8405675621611,3320199
2024-02-08,1520.23779296875,1533.1715402022014,1504.8846757975414,1512.9799103263651,3496692
2024-02-09,1517.2598876953125,1532.287352797507,1502.4185891020823,1526.0065332247832,3341297
2024-02-12,1551.083251953125,1567.8786742839268,1525.076051721873,1525.076051721873,4885445
2024-02-13,1549.8271484375,1558.573794238671,1534.0087875407494,1558.573794238671,3129897
2024-02-14,1555.3170166015625,1560.341694951102,1512.4678245239581,1535.0788203041745,1386643
2024-02-15,1546.9892578125,1578.5794104236463,1535.404566224888,1561.3653113415141,2555162
2024-02-16,1551.548583984375,1560.4348265524625,1535.3581167239104,1558.573842859496,1776881
2024-02-19,1558.806396484375,1565.9711379494315,1544.2907470419875,1553.9213145076294,762624
2024-02-20,1547.454345703125,1556.4800702173109,1530.6589242310424,1545.546792187089,2240414
2024-02-21,1522.563720703125,1549.082736009099,1518.609130701357,1540.4756871817215,2890991
2024-02-22,1569.181396484375,1573.8338554910379,1525.076062384125,1529.7285213907878,3820901
2024-02-23,1549.9666748046875,1579.3701921889558,1547.8264982871924,1579.0445427846644,2191549
2024-02-26,1535.1253662109375,1552.8511662623746,1525.5412555543176,1549.9666644950316,1844253
2024-02-27,1543.4998779296875,1557.0850357976242,1533.450520829884,1534.3810126507758,2049420
2024-02-28,1537.0794677734375,1555.7823307308072,1529.9146125727627,1548.9896949770578,936575
2024-02-29,1548.19873046875,1561.1325889698794,1522.889399404644,1528.0071042112806,3532888
2024-03-01,1529.821533203125,1562.4817724000354,1525.1690742410174,1558.9924281784547,2371138
2024-03-04,1524.09912109375,1539.0335611204162,1521.3542154969048,1534.3811017458079,1788071
2024-03-05,1506.7918701171875,1516.65506045722,1495.3468891549946,1511.1186796942343,3339546
2024-03-06,1529.9146728515625,1535.3115710810507,1492.3693489667578,1500.8833722143847,2366177
2024-03-07,1523.8199462890625,1539.5452807078952,1516.7946876390224,1535.3114975078695,3181239
2024-03-11,1524.7503662109375,1544.4302899226789,1518.6091432275614,1539.9638839790846,2970902
2024-03-12,1521.9122314453125,1549.2687106752192,1519.539545715347,1522.1914243949154,2414182
2024-03-13,1518.097412109375,1536.4746256485478,1498.4174872984413,1524.8434778389446,2564135
2024-03-14,1562.5284423828125,1566.0177868276155,1498.0918816354492,1520.4236860821889,3513306
2024-03-15,1532.7991943359375,1560.4347554836788,1528.6584376564163,1560.4347554836788,3931561
2024-03-18,1529.17041015625,1547.687221670976,1520.6563865598462,1535.2186075022123,1183544
2024-03-19,1487.9959716796875,1527.448846371893,1483.2969426965944,1527.448846371893,1915379
2024-03-20,1476.78369140625,1506.5594326021085,1468.4092641949148,1493.2068963766783,1815178
2024-03-21,1484.87890625,1507.3501930534849,1473.2942148269315,1496.2308611303752,2684744
2024-03-22,1449.566650390625,1462.2213163497697,1403.367709087156,1451.5672305087319,7468824
2024-03-26,1453.660888671875,1481.8548370836486,1447.4266387281618,1453.660888671875,4496344
2024-03-27,1438.726318359375,1467.2459136092957,1432.957314863573,1459.9415759876272,2589697
2024-03-28,1436.2607421875,1452.544349581613,1424.5830240221208,1441.33187734178,5301493
2024-04-01,1448.4964599609375,1459.9415539056463,1440.4012271803317,1441.3317189291563,1014857
2024-04-02,1422.0706787109375,1456.2196827050582,1419.0930367675694,1450.6367318448472,2031775
2024-04-03,1429.0960693359375,1450.1251651397965,1412.4868103893573,1419.3259036514262,3343884
2024-04-04,1432.631591796875,1444.5883876182102,1413.1377222152873,1433.7016799862677,3388449
2024-04-05,1437.8424072265625,1440.1220666283139,1417.8834041993107,1435.2369848370572,2773570
2024-04-08,1433.0037841796875,1445.984097925744,1430.7705813885884,1445.984097925744,1820136
2024-04-09,1433.422607421875,1453.242128051167,1427.886226686515,1432.957361525276,2432095
2024-04-10,1432.1663818359375,1444.2627744348038,1429.421363056483,1433.9343388559323,1829986
2024-04-12,1415.7431640625,1435.702166192672,1410.8115124702454,1430.1657858455883,4319991
2024-04-15,1400.436767578125,1424.117739105891,1390.1547874708926,1402.3442076693818,3295684
2024-04-16,1374.6156005859375,1397.2264834874047,1365.3106824572449,1383.0364833411486,2446933
2024-04-18,1364.8919677734375,1377.9654238947237,1351.1672127816285,1374.383052935982,5180223
2024-04-19,1346.88671875,1354.330652256045,1335.255572646805,1341.7690144645942,5219506
2024-04-22,1364.0079345703125,1370.8935965177088,1349.6783383198765,1351.2601289251031,1939632
2024-04-23,1383.3155517578125,1397.0867611969861,1368.8463599364106,1372.3822739410912,2783858
2024-04-24,1376.4300537109375,1392.899713837478,1373.685148218324,1386.4328409865113,1321471
2024-04-25,1399.5992431640625,1409.7416263524246,1377.081273783,1377.081273783,4558032
2024-04-26,1371.4051513671875,1425.0014498681762,1363.1237526285631,1411.416293943178,4328477
2024-04-29,1290.96435546875,1336.1862345620518,1285.009185188157,1316.6459066192922,11493223
2024-04-30,1271.610107421875,1300.7345470265054,1267.7485436246807,1280.7289727560621,7606726
2024-05-02,1266.1201171875,1282.1246439241083,1263.6078348204794,1263.6078348204794,6555505
2024-05-03,1254.3494873046875,1274.7737364063726,1240.8573565179047,1274.7737364063726,5964228
2024-05-06,1264.3524169921875,1270.1214212368916,1254.7683051560061,1263.6079780510615,2504082
2024-05-07,1255.0638427734375,1271.990465657768,1250.5375910414418,1271.094562266956,5096525
2024-05-08,1238.750244140625,1257.939934512366,1232.7623221970498,1255.06378891783,6832455
2024-05-09,1244.7852783203125,1262.6547676359482,1239.5516744267768,1240.0231661249231,5653762
2024-05-10,1241.15478515625,1247.4728434102672,1229.273216571314,1244.8324436757098,3357203
2024-05-13,1238.0430908203125,1246.5299425304079,1227.4345261826932,1241.1548673811715,2316566
2024-05-14,1245.7283935546875,1251.2919040933905,1234.082455289736,1246.6241818318576,3200462
2024-05-15,1256.902587890625,1263.880688022762,1243.087858157395,1244.0308415506493,2975965
2024-05-16,1271.283203125,1280.3830167400877,1252.7535546984823,1268.3127821373419,5055915
2024-05-17,1257.185546875,1273.9706990952038,1254.3565963958843,1273.9706990952038,2487831
2024-05-21,1265.3896484375,1272.8863216139289,1239.0803843772926,1239.0803843772926,4966721
2024-05-22,1266.47412109375,1275.7624861728325,1263.5979751807492,1272.037632030561,2390777
2024-05-23,1276.3753662109375,1280.9958932862505,1261.7119266988338,1269.8687570198047,3326149
2024-05-24,1268.5013427734375,1282.4575444483144,1264.3993876202378,1282.4575444483144,1769966
2024-05-27,1276.1396484375,1282.080375569564,1261.711954483371,1273.9707402892632,1942325
2024-05-28,1280.9486083984375,1285.5692498453625,1268.878375448544,1280.4299215107205,2147233
2024-05-29,1275.9510498046875,1288.6813280421875,1270.1516778077666,1288.1155609203583,3845920
2024-05-30,1255.91259765625,1274.489442355841,1249.5474587970853,1269.2558376941877,4150461
2024-05-31,1248.604248046875,1264.446414590915,1240.730359987119,1255.912369110831,10319045
2024-06-03,1239.504638671875,1277.5069204754766,1235.1669375129502,1273.5464357456524,5384064
2024-06-04,1229.226318359375,1249.4532705440615,1164.5847465071065,1249.4532705440615,5447244
2024-06-05,1267.0867919921875,1279.534242365255,1241.0604722816386,1244.738130689824,3005139
2024-06-06,1317.819580078125,1319.9884884007288,1273.8765673709258,1276.7997935068202,5936709
2024-06-07,1349.880859375,1356.623214317792,1318.2909126135173,1326.7777639822739,5884025
2024-06-10,1337.85791015625,1359.7822776707048,1317.8195097398127,1357.896310572687,3293739
2024-06-11,1347.3349609375,1355.9631684512171,1334.6989581704995,1343.7515773537707,2269082
2024-06-12,1356.7174072265625,1388.0716062119895,1352.7097276569966,1388.0716062119895,5990861
2024-06-13,1361.8095703125,1374.5869269748102,1355.161490955782,1365.20428770539,4232861
2024-06-14,1349.45654296875,1363.5540998239212,1343.185679861057,1361.809603423659,3065114
2024-06-18,1355.2557373046875,1357.660391091313,1345.6845475942835,1349.456481308029,2223029
2024-06-19,1363.4124755859375,1369.1175709896477,1348.7491533228808,1357.9432411338073,3117522
2024-06-20,1361.1494140625,1366.3358230344675,1348.0420362033917,1366.3358230344675,3163919
2024-06-21,1365.2984619140625,1397.4541721076869,1357.1416326657427,1378.6416997455565,6489262
2024-06-24,1358.69775390625,1361.6209797362428,1345.2602390218217,1355.868803404265,1988692
2024-06-25,1365.392822265625,1367.4202596782793,1345.1186783596481,1358.791938203214,2079037
2024-06-26,1361.3851318359375,1370.4378648520903,1356.1987229709794,1365.3928114134053,1917424
2024-06-27,1371.9466552734375,1377.2745348301157,1342.3369516872913,1353.1812614480245,6613193
2024-06-28,1376.378662109375,1384.959788741124,1359.7821759108838,1384.299746350331,4943575
2024-07-01,1385.101318359375,1394.2954076662948,1372.0410196480143,1381.4708548345986,3723295
2024-07-02,1396.3699951171875,1407.355660664492,1389.014677866447,1390.9006448425048,3811366
2024-07-03,1396.5584716796875,1404.1023391836966,1387.3171879431632,1404.1023391836966,2070876
2024-07-04,1435.5509033203125,1447.0553710473575,1400.330492737163,1400.330492737163,6822557
2024-07-05,1432.76904296875,1442.057406708886,1419.7087455180792,1436.1637602861751,3061687
2024-07-08,1445.9708251953125,1452.1944928569285,1420.3216066449165,1440.8786916138874,2939620
2024-07-09,1443.802001953125,1458.1354201014115,1438.049825672493,1445.9709100294026,2658608
2024-07-10,1423.85791015625,1445.216509758949,1403.0179975300896,1443.802034488708,3507096
2024-07-11,1425.6968994140625,1446.5368135361675,1422.0664356485645,1428.6201254936725,3304053
2024-07-12,1471.24267578125,1476.7120256239693,1424.3764461717788,1442.764622736062,6430647
2024-07-15,1480.10693359375,1543.0982797792644,1478.032415860756,1489.9139853803376,10337489
2024-07-16,1480.0596923828125,1492.7427735046106,1466.339237397138,1475.7690717212354,3540650
2024-07-18,1503.63427734375,1508.0662534294595,1468.2252034326518,1469.2153820802357,4399468
2024-07-19,1503.63427734375,1524.2855224136326,1498.023456857912,1518.6748170380768,5633838
2024-07-22,1487.1793212890625,1503.587257944381,1481.3328693719043,1498.023632023688,2704495
2024-07-23,1518.7738037109375,1521.101896503033,1473.876213495106,1495.6361269781773,2907674
2024-07-24,1504.8531494140625,1518.4412495461963,1498.344209809512,1514.6403953545912,2484299
2024-07-25,1508.5592041015625,1514.6405948075212,1485.0414156941056,1491.8354666548357,2934731
2024-07-26,1553.9315185546875,1558.3500342283564,1514.640216195122,1523.0021408247073,2814159
2024-07-29,1551.0810546875,1563.10127921254,1539.3459406226839,1558.540207806142,1639491
2024-07-30,1549.0855712890625,1551.6986584358467,1537.445455817024,1547.8978044041608,1783877
2024-07-31,1560.82080078125,1563.10133656813,1538.585779846692,1540.296210685069,1984986
2024-08-01,1558.872802734375,1573.078448152319,1554.6442830666103,1558.3976959847066,1785188
2024-08-02,1529.1788330078125,1557.4001312712833,1521.4345687660034,1539.393629475882,1692851
2024-08-05,1484.613525390625,1516.2555638485455,1460.4780804334277,1496.5861917258612,3279717
2024-08-06,1503.950439453125,1525.0926901420096,1485.1837225495083,1485.1837225495083,2138704
2024-08-07,1515.2105712890625,1534.5949517731926,1510.8396119624622,1525.0928158489005,1897787
2024-08-08,1480.2901611328125,1522.242112718734,1477.1545260019577,1517.4910449511974,2373805
2024-08-09,1510.7918701171875,1522.2419889027683,1497.3938833010714,1505.9933616579954,2021762
2024-08-12,1506.3260498046875,1520.8168066313845,1495.4935919946815,1510.8395642261178,1273739
2024-08-13,1513.3577880859375,1528.3236530261163,1499.104583381005,1499.4371349588782,1973825
2024-08-14,1545.1898193359375,1548.610564987774,1518.6788375466851,1520.4367094517945,3932148
2024-08-16,1585.1937255859375,1590.6574533977878,1551.4135881085706,1553.5991256304558,3101056
2024-08-19,1594.933349609375,1601.1097373201053,1576.451743549025,1582.105467440935,1631947
2024-08-20,1602.7725830078125,1610.6594012673916,1586.096290082265,1596.358642035349,2786109
2024-08-21,1593.74560546875,1604.7680589572774,1590.41985819247,1602.05997365945,1410370
2024-08-22,1592.7005615234375,1603.0103559669744,1589.7073654610244,1603.0103559669744,1749127
2024-08-23,1578.732177734375,1602.0124085515663,1574.646329268298,1592.6053876687029,2158185
2024-08-26,1633.8447265625,1647.6703808264447,1584.1010678485804,1587.8069240836155,2672708
2024-08-27,1626.385498046875,1669.3826614240406,1620.209109937448,1639.9260412098497,3556487
2024-08-28,1633.8447265625,1651.2336818230417,1608.759180340754,1627.2883455230583,2516461
2024-08-29,1664.631591796875,1668.5750012455442,1612.7499549339407,1628.6660319674618,5112407
2024-08-30,1665.9617919921875,1678.362124364233,1655.4618865894759,1664.6314699150826,4792561
2024-09-02,1716.703369140625,1721.7869885406676,1672.3758829092578,1676.366733505417,4445349
2024-09-03,1701.3096923828125,1726.6804620960531,1698.079059319436,1716.0855585113238,2553290
2024-09-04,1696.36865234375,1706.250895950878,1677.1268289520901,1677.2218271036006,2644961
2024-09-05,1701.4046630859375,1708.198596154844,1679.312201362995,1702.782426129584,2878565
2024-09-06,1668.669921875,1706.3459107487427,1653.4190646337302,1698.9817560455251,3351716
2024-09-09,1659.785400390625,1678.3621203687821,1654.4642280877295,1670.8078535879497,1418238
2024-09-10,1690.5250244140625,1700.2172729124052,1660.1657457191857,1662.3511674446404,2307528
2024-09-11,1690.1923828125,1707.3912251818288,1685.3937579005517,1689.669718953345,2303930
2024-09-12,1717.60595703125,1723.8773431430982,1688.6244443088503,1710.3843573875197,3349489
2024-09-13,1722.547119140625,1729.3886101021262,1706.2509340391673,1715.135407271614,1599349
2024-09-16,1721.6444091796875,1733.4270804790917,1718.1761064998213,1728.438459307369,836199
2024-09-17,1723.4498291015625,1736.9903722109752,1717.2258839418441,1721.7393983116485,830317
2024-09-18,1669.0499267578125,1718.0809176330838,1653.4664029621295,1718.0809176330838,2629136
2024-09-19,1650.045654296875,1687.5790855348403,1635.7924525609387,1687.5790855348403,4167373
2024-09-20,1672.42333984375,1678.1720620013089,1635.6975643701223,1660.9732206157023,4644317
2024-09-23,1665.5345458984375,1676.1768924693456,1646.2451622466788,1676.1768924693456,1541597
2024-09-24,1687.1990966796875,1694.7058066585246,1651.803643190464,1662.8736538561357,1907389
2024-09-25,1693.6605224609375,1695.2283978945752,1667.6246500255008,1690.2397771466358,2240579
2024-09-26,1695.0384521484375,1718.3662416684754,1690.3349413782398,1693.518133636354,4303250
2024-09-27,1718.3660888671875,1737.5129137817635,1707.1060822724758,1719.8864072440804,4099016
2024-09-30,1706.6785888671875,1730.0538197506903,1700.0746508793582,1717.9861536745707,2117894
2024-10-01,1726.0628662109375,1731.7165902811503,1700.882207826908,1700.882207826908,1642542
2024-10-03,1690.00244140625,1719.2215095496983,1681.878068744826,1689.479777530113,3552386
2024-10-04,1688.1492919921875,1717.8910211347275,1679.2648189073902,1689.4796140994993,2982759
2024-10-07,1688.48193359375,1714.375253020156,1679.8825704992319,1696.0836420492085,3419048
2024-10-08,1700.3594970703125,1704.6830148820118,1656.2221264990783,1685.6787449279202,2353030
2024-10-09,1719.601318359375,1734.1396312541558,1701.0247140969975,1703.7803564356443,2499596
2024-10-10,1718.603759765625,1748.3453742738227,1707.5337487136774,1729.388660355533,3753869
2024-10-11,1748.0604248046875,1760.5557565027693,1711.002095414511,1714.185287689196,2977110
2024-10-14,1763.5013427734375,1772.6233696141549,1741.1713244480918,1754.1417625462805,1751092
2024-10-15,1776.994384765625,1789.0146096971257,1738.843286501674,1738.8908435776073,5696544
2024-10-16,1772.3858642578125,1791.152582295122,1761.743518654055,1775.9491651509725,2144442
2024-10-17,1774.8089599609375,1783.5984355206683,1759.2728752313353,1776.8043852678163,2399099
2024-10-18,1765.211669921875,1780.605199066697,1751.2435770985392,1774.048702356469,2366406
2024-10-21,1751.813720703125,1794.478333346907,1748.3929750374948,1781.935560575307,1284980
2024-10-22,1743.3492431640625,1771.3250848113257,1740.2408163143666,1750.0921850314505,2089660
2024-10-23,1765.3472900390625,1783.7587408494387,1715.373352125184,1715.373352125184,2522186
2024-10-24,1764.534423828125,1781.7980786008827,1757.6479926276274,1764.6300443824068,1621637
2024-10-25,1771.65966796875,1790.0233658841344,1760.03891136069,1778.9764492962545,4078295
2024-10-28,1790.214599609375,1795.044662994362,1764.7254783132612,1764.7254783132612,2418907
2024-10-29,1790.214599609375,1794.1838445912315,1770.559732541233,1790.214599609375,1719955
2024-10-30,1758.7000732421875,1788.0148350789473,1755.352536754862,1779.9329722606706,1732047
2024-10-31,1689.1192626953125,1763.578020786468,1680.0330915495665,1759.847885070809,3616088
2024-11-01,1680.845947265625,1703.7048630604625,1674.724714222872,1699.592128597398,242223
2024-11-04,1686.1541748046875,1704.4700059443742,1668.9861405755373,1686.2020434582648,2843690
2024-11-05,1696.29248046875,1705.6655128674724,1684.767343509725,1691.9406362013644,1818350
2024-11-06,1758.317626953125,1772.2816141620683,1705.330878602789,1713.0780117955135,3477029
2024-11-07,1752.1483154296875,1781.4154411642553,1735.1715237990088,1769.459954100397,2173869
2024-11-08,1757.4566650390625,1773.381397762631,1748.4183631771275,1758.843454889943,1521324
2024-11-11,1785.9586181640625,1792.3667128589661,1754.109152285669,1766.255881066567,1679869
2024-11-12,1791.266845703125,1810.4912471959715,1783.2327343583017,1808.626237755572,2711052
2024-11-13,1783.5196533203125,1797.7227493432895,1778.1157495347006,1784.715202089129,1254074
2024-11-14,1777.97216796875,1814.3647173021038,1765.9210603556803,1790.4537431679169,2462563
2024-11-18,1755.0654296875,1783.806466122739,1735.9366511622957,1777.9720952703128,2483933
2024-11-19,1741.2451171875,1783.758785233633,1738.1366903499616,1756.978492479455,2354204
2024-11-21,1756.3568115234375,1759.4174865096948,1740.9102976437193,1755.0656421672286,1841245
2024-11-22,1815.703857421875,1819.1470145404749,1756.5002587821145,1765.921159770787,2765950
2024-11-25,1809.295654296875,1836.3150567143796,1796.6707058861032,1835.4064863430567,6531524
2024-11-26,1816.8038330078125,1831.5329008854037,1806.8568435981363,1807.7654139889494,2079873
2024-11-27,1808.6739501953125,1833.4934946185265,1804.8959462345315,1814.1256055908661,1631975
2024-11-28,1760.7088623046875,1817.7126125440323,1755.0658479443828,1802.9834262188929,3631255
2024-11-29,1767.547119140625,1790.7407646083655,1754.0612360024977,1761.7606165599218,2482280
2024-12-02,1789.9755859375,1796.71852757897,1755.4959133357374,1767.5471381207312,2014744
2024-12-03,1808.3868408203125,1813.695123388971,1790.5014801839507,1801.9308782787089,2954648
2024-12-04,1814.986572265625,1827.7550101318388,1795.8099227632736,1800.0182779006389,3730643
2024-12-05,1840.1884765625,1853.6742419435054,1801.930919877209,1802.8873587943413,3881814
2024-12-06,1838.9451904296875,1854.869922886312,1831.8676353403484,1842.1014857824619,2250408
2024-12-09,1826.7027587890625,1842.1492710538757,1818.1904288541773,1831.5805740430033,1379520
2024-12-10,1852.00048828125,1858.1695893965411,1828.9024649018174,1832.967330331329,2695207
2024-12-11,1846.7880859375,1850.5182213829855,1832.5371215063308,1842.3406212429904,1387117
2024-12-12,1851.857177734375,1864.0996438512484,1837.7975708877239,1841.0972387947513,2306173
2024-12-13,1883.037109375,1888.9669843462561,1829.0460589352936,1854.5351810872864,2569918
2024-12-16,1869.264404296875,1893.749219337751,1865.2951590977016,1884.9977791402498,1371189
2024-12-17,1865.6298828125,1877.6809908151913,1853.578774809809,1860.560826183848,1987909
2024-12-18,1874.9552001953125,1886.0498694216537,1861.9476529384706,1864.0996407227838,3460812
2024-12-19,1849.9920654296875,1861.4214643441198,1826.7984205613043,1826.7984205613043,1916115
2024-12-20,1828.0897216796875,1872.3728955918937,1813.7910048428928,1869.455709841227,3786921
2024-12-23,1820.103271484375,1854.9176716515565,1816.4210049793305,1834.9280747991452,2058339
2024-12-24,1814.31689453125,1839.8538856039963,1806.9523610128151,1825.4594321101026,1310301
2024-12-26,1817.951416015625,1825.7464171594404,1804.130919267359,1822.5901217812946,1065107
2024-12-27,1809.5826416015625,1820.0078503609286,1800.687711936963,1817.2341538282076,1328546
2024-12-30,1844.9229736328125,1883.1805338668037,1784.3804546142062,1805.7568430443873,6262203
2024-12-31,1833.8760986328125,1843.8230872399372,1796.7184681163058,1831.7718628537805,1968650
2025-01-01,1828.6634521484375,1852.5744265312608,1824.7899443501028,1833.8761146155757,880695
2025-01-02,1886.2889404296875,1890.2104337139108,1826.8463502551256,1828.6634909445281,3487645
2025-01-03,1861.8519287109375,1905.3220328323212,1856.448025225126,1893.749144742787,2853344
2025-01-06,1867.973388671875,1887.4369005657265,1845.927421214789,1866.251751629719,1789037
2025-01-07,1832.44140625,1894.7055584966804,1825.7463336051353,1874.6203405620868,2494547
2025-01-08,1848.0792236328125,1854.056967272458,1812.0215206995929,1823.2596787421264,2372138
2025-01-09,1850.518310546875,1859.7478539267786,1836.3629659829644,1842.8667981886126,2742139
2025-01-10,1908.19140625,1915.1255889298677,1850.9485560295154,1851.6658852722603,4802079
2025-01-13,1902.7398681640625,1924.5466084379739,1879.7853309792208,1908.0002829355888,5694121
2025-01-14,1734.550048828125,1854.5352783900382,1719.438265459356,1851.7615818536426,15819311
2025-01-15,1746.170654296875,1763.2431840319339,1733.5935747144458,1756.0220228034866,3350594
2025-01-16,1714.1778564453125,1757.8870735408407,1707.530651868828,1753.1527470298552,5362008
2025-01-17,1728.3319091796875,1732.3896594889736,1690.7973060382847,1712.9702236877545,2424374
2025-01-20,1735.3846435546875,1738.0898890004191,1702.9222878923313,1729.49119948072,3401004
2025-01-21,1741.374755859375,1759.1034419574432,1730.747191470232,1730.747191470232,4005357
2025-01-22,1765.818115234375,1769.4411486145987,1742.9689457329252,1746.9783416572118,3009261
2025-01-23,1745.8189697265625,1767.0257440156777,1743.1137243694504,1755.528746091155,3750930
2025-01-24,1732.1480712890625,1767.4606169260542,1730.4573223886894,1739.0560118123294,3171259
2025-01-27,1653.9871826171875,1719.491674536344,1649.494715491195,1714.9024988352355,4174844
2025-01-28,1635.9202880859375,1671.909085210521,1633.746468125392,1653.9871001386684,5079829
2025-01-29,1660.7984619140625,1665.7257636062814,1638.577191044939,1638.577191044939,3733620
2025-01-30,1655.0982666015625,1674.276166696466,1640.3645972738043,1663.6969562229247,2543744
2025-01-31,1667.0301513671875,1679.3484654483905,1651.1855123106093,1651.1855123106093,2033832
2025-02-01,1636.6448974609375,1673.309947014858,1630.8480442231773,1667.5614480623249,569018
2025-02-03,1634.712646484375,1643.0214460409877,1605.2453085897098,1608.626806380901,2659929
2025-02-04,1673.8896484375,1677.1262010898242,1634.7608909118096,1637.707553740885,3647768
2025-02-05,1654.8568115234375,1687.657413302548,1652.1033295616267,1671.4261755214118,2681942
2025-02-06,1665.1461181640625,1669.9284749838764,1654.856679921284,1665.4842443540108,2057798
2025-02-07,1667.223388671875,1672.3922260951683,1643.0698325468725,1664.8080330593748,2428098
2025-02-10,1675.145751953125,1681.0875505035694,1654.1321575718305,1665.580919888664,1823071
2025-02-11,1664.856201171875,1689.7827172461298,1656.9338822625002,1683.792682747557,1702553
2025-02-12,1659.156005859375,1683.406150887176,1641.620501779214,1665.5325206329032,2214307
2025-02-13,1645.4368896484375,1671.377786218565,1642.6834077443082,1654.0355795078697,1838463
2025-02-14,1653.3109130859375,1665.049564924085,1642.3934585667596,1653.0693775252237,1460459
2025-02-17,1652.0067138671875,1661.9096722714025,1636.7416186155301,1653.3109823622358,1127023
2025-02-18,1667.078369140625,1669.9767957459114,1643.6494207478922,1648.2385962062626,1511900
2025-02-19,1654.325439453125,1672.9719143141651,1645.774986099813,1664.856295740352,1294110
2025-02-20,1630.4134521484375,1656.4992937141897,1626.5488830275854,1647.4657690443657,1681532
2025-02-21,1643.117919921875,1646.4511811272835,1628.0944801366097,1632.7802460125636,1222563
2025-02-24,1588.3861083984375,1632.7802946794557,1582.154420535075,1627.9495837484515,4455420
2025-02-25,1580.705322265625,1596.0186534436289,1576.0195559090769,1580.608731627433,1951519
2025-02-27,1574.038818359375,1603.7960451675156,1560.5128276169983,1565.1503573321536,2266866
2025-02-28,1521.722412109375,1560.2713938910233,1509.548925296973,1557.4213214020822,4910121
2025-03-03,1519.1619873046875,1549.112394882425,1515.345654931609,1521.7222876689495,1784684
2025-03-04,1483.5113525390625,1507.181836509891,1471.4345750029256,1507.181836509891,3246644
2025-03-05,1519.693359375,1527.85733190497,1479.2120946641812,1480.129882599235,3112003
2025-03-06,1531.7701416015625,1540.7069571720203,1521.8189474584497,1526.5047136565845,2011489
2025-03-07,1505.2012939453125,1533.267773906609,1502.9308832109803,1529.0650786430938,2091986
2025-03-10,1496.84423828125,1519.210337066457,1494.6220639266126,1504.2834864471465,1855766
2025-03-11,1514.7659912109375,1520.6594349132547,1471.0480576269676,1478.1491790525988,1846190
2025-03-12,1488.438720703125,1512.0126150946132,1456.0729554598856,1503.3173348800117,3113860
2025-03-13,1482.7867431640625,1495.5397730438926,1477.3763704252644,1488.43865145314,1983351
2025-03-17,1492.8348388671875,1495.1536040374517,1467.618547741641,1476.2654743859334,2029100
2025-03-18,1492.8348388671875,1492.8348388671875,1492.8348388671875,1492.8348388671875,0
2025-03-19,1492.1583251953125,1508.4861525271813,1473.4634965665346,1505.7326707494562,4522829
2025-03-20,1509.1141357421875,1528.5335706236285,1494.6703568419748,1495.4431998495122,4608677
2025-03-21,1513.655029296875,1538.1468299009719,1469.9854463852864,1483.1249575141221,8109210
2025-03-24,1549.8370361328125,1556.358495992976,1507.18183434888,1537.1322425955566,2487843
2025-03-25,1569.884521484375,1602.7815934097953,1564.1359044960918,1567.082685450675,4906013
2025-03-26,1578.0968017578125,1589.2556741740043,1567.0827563317714,1569.884592492202,3096513
2025-03-27,1574.9566650390625,1589.3038525214822,1558.9187287773645,1570.6090253209186,3383080
2025-03-28,1538.58154296875,1570.5125917104574,1528.050568788916,1561.3824766271716,2211077
2025-04-01,1478.5357666015625,1531.3354640765813,1474.4296620448904,1523.6063260875512,4126827
2025-04-02,1475.83056640625,1486.4581306179255,1455.3966352663454,1463.7054346080174,3167863
2025-04-03,1420.32568359375,1449.2133601604044,1415.3983817566616,1449.2133601604044,3966161
2025-04-04,1373.9508056640625,1406.8962312556212,1371.052379050073,1399.9400545569586,4421312
2025-04-07,1327.575927734375,1336.8992232309022,1258.641707724703,1299.4612142696033,6484139
2025-04-08,1355.835693359375,1376.0280898289989,1325.5471576235818,1333.2762955689088,3938359
2025-04-09,1333.2763671875,1341.6817579796348,1311.1034486907115,1333.9043832667496,3306801
2025-04-11,1343.468994140625,1376.752543544745,1313.9533047163884,1313.9533047163884,4859622
2025-04-15,1378.201904296875,1380.4240786220748,1358.395988392153,1371.9219797417193,3265147
2025-04-16,1383.2257080078125,1387.4767571752107,1357.912830138519,1367.0911808224862,2553111
2025-04-17,1389.3125,1393.273659479303,1337.1408205841446,1371.9219401947148,3549969
2025-04-21,1431.8228759765625,1448.2472949317591,1381.58347681949,1386.4141882769009,2840104
2025-04-22,1429.7939453125,1449.1167903929115,1414.9153310131258,1439.5519584906503,2608145
2025-04-23,1540.03076171875,1545.8276152760352,1491.4337588885946,1502.3512135963967,13293318
2025-04-24,1532.9779052734375,1549.0159614375018,1522.7368207144577,1540.9969333554695,3193118
2025-04-25,1524.765625,1563.2181330496833,1515.0076120338092,1536.1661505247198,3800415
2025-04-28,1514.11328125,1533.7567583224293,1502.1902887075348,1529.45666460708,2618810
2025-04-29,1533.36572265625,1544.8977751729592,1512.9403682654263,1519.6836830659456,2231069
2025-04-30,1531.89990234375,1551.8366139276175,1518.706506055622,1535.320412492524,3682256
2025-05-02,1536.6885986328125,1545.0932566245697,1521.7360355269539,1531.4112164014552,1370848
2025-05-05,1532.9749755859375,1561.4140518690672,1527.795417241797,1544.116090223083,1012225
2025-05-06,1543.2364501953125,1547.8297783303724,1529.5544093893036,1540.988757927368,2055057
2025-05-07,1527.7952880859375,1542.5523218157716,1509.9108593146914,1516.7518793892564,5469936
2025-05-08,1544.800048828125,1561.7071893987334,1520.465658023644,1526.4270946492481,2789018
2025-05-09,1533.7568359375,1541.8682601789571,1521.9316670953258,1530.4340306575843,2035161
2025-05-12,1632.3651123046875,1636.9583207691708,1557.7979482424228,1562.4889810002123,4028207
2025-05-13,1582.816650390625,1649.7609219305975,1578.516556534311,1646.7313510197612,3118470
2025-05-14,1600.5054931640625,1605.0011161642653,1580.2756668548495,1592.980418660114,1569126
2025-05-15,1657.4815673828125,1663.9316486793148,1588.0940725218575,1612.5262890221936,4961582
2025-05-16,1622.201416015625,1655.0382900272623,1620.3445437645119,1653.4746520834565,2586263
2025-05-19,1612.13525390625,1626.2082336338199,1600.896434983901,1623.2763678279898,1642018
2025-05-20,1601.092041015625,1628.1628888676619,1599.2351687233568,1623.0810356131776,2421580
2025-05-21,1614.480712890625,1619.8558000098128,1591.4167265660574,1607.6396929207494,1420835
2025-05-22,1595.912353515625,1603.4374283451793,1577.3438693044818,1601.1897360457465,2202093
2025-05-23,1610.7669677734375,1632.8537848172423,1585.6506993306352,1595.9122292800785,1459454
2025-05-26,1635.5902099609375,1637.74031650289,1608.2261286111677,1614.871738943854,1078813
2025-05-27,1614.5784912109375,1637.447068579784,1604.2192557885498,1635.7857256593927,2740015
2025-05-28,1619.660400390625,1628.9446418377852,1609.5942803655878,1626.2081861131378,1775441
2025-05-29,1626.892333984375,1637.4470989032811,1617.9990313145547,1632.0720114404533,2374051
2025-05-30,1599.4305419921875,1626.8923285324765,1590.3418293460747,1626.8923285324765,4408910
2025-06-02,1594.4464111328125,1598.06233137024,1569.2323165811392,1588.1917399969473,1883100
2025-06-03,1593.3714599609375,1614.1876369033746,1580.2757680175937,1609.4967228998926,2380133
2025-06-04,1589.1689453125,1607.2487841475554,1585.3574959687687,1593.9576832419102,1659720
2025-06-05,1595.325927734375,1616.3376325452718,1587.703028967531,1597.7691492240142,1409322
2025-06-06,1600.5054931640625,1602.557894663253,1585.1621098568744,1594.1531172614302,1261281
2025-06-09,1610.8648681640625,1620.3445199888556,1601.77603634604,1610.571633861058,1299786
2025-06-10,1630.215087890625,1646.6335840705608,1611.5488995120772,1615.751288206324,3055223
2025-06-11,1682.7933349609375,1686.2138452047698,1628.1628760641452,1637.9357624750944,5085821
2025-06-12,1662.5633544921875,1686.8001600145808,1656.504212760553,1685.822871393483,3607962
2025-06-13,1656.7974853515625,1672.140869338182,1626.7946524117979,1628.1628803725373,1988422
2025-06-16,1683.8682861328125,1690.1229571376387,1645.16768078122,1653.572339023052,2116100
2025-06-17,1690.3182373046875,1699.309363464099,1680.9362911670594,1688.754599498069,1777245
2025-06-18,1676.9295654296875,1705.368640386869,1671.1635387172182,1688.657028859282,1794428
2025-06-19,1674.9749755859375,1680.6431779554941,1658.6541841904886,1680.6431779554941,2514527
2025-06-20,1700.3843994140625,1703.0230308224286,1670.283863869687,1674.974896704472,2719770
2025-06-23,1664.517822265625,1690.5137933155127,1660.608668038324,1689.927324743082,2221446
2025-06-24,1653.376953125,1693.250257678503,1650.8359072468563,1680.8387397878778,3601071
2025-06-25,1678.1021728515625,1681.6203878296467,1662.3678507982415,1663.3451393642604,1307518
2025-06-26,1684.943115234375,1687.6795708124025,1664.029117024922,1671.1633709475484,2971055
2025-06-27,1684.1614990234375,1712.698278541594,1671.945391473212,1695.5957279712784,6478283
2025-06-30,1689.341064453125,1695.4003254033596,1674.3886203248433,1685.8228493228191,1855229
2025-07-01,1679.275146484375,1705.3687058984333,1675.0727575414983,1689.3411480693717,1639826
2025-07-02,1679.5682373046875,1699.0163051519198,1672.140867480549,1682.8910425490974,2069447
2025-07-03,1673.0203857421875,1691.1979299245538,1667.74300341881,1677.027245160667,1839063
2025-07-04,1686.7025146484375,1689.7320856213707,1667.449856553345,1676.0500444422503,768500
2025-07-07,1671.5545654296875,1686.3116004906508,1664.615839730605,1686.3116004906508,1366412
2025-07-08,1669.306640625,1679.8614052673206,1649.1745192422793,1661.390626792222,2139193
2025-07-09,1635.9810791015625,1675.365856502806,1633.0492133684056,1671.1634678994455,2894808
2025-07-10,1625.9149169921875,1641.7470631206315,1611.5488229903374,1636.958325354042,2740853
2025-07-11,1601.092041015625,1617.9013580554706,1592.9804975115778,1605.880659956303,2548153
2025-07-14,1583.01220703125,1605.09890671806,1570.5028645601362,1602.753390092485,3334703
2025-07-15,1530.824951171875,1584.575826428627,1514.7973935993668,1553.8889392406409,14685607
2025-07-16,1527.306640625,1538.2522250024176,1524.5701848816846,1530.8248556536041,5218099
2025-07-17,1508.8358154296875,1531.2157470727775,1507.3698826054404,1528.0883521356325,4966082
2025-07-18,1525.4814453125,1526.6633301202655,1506.9644484412943,1520.7536656165742,3902458
2025-07-21,1507.3585205078125,1527.352814206147,1503.0247422895857,1525.4815165452098,3368842
2025-07-22,1497.2135009765625,1516.6169718680485,1495.4406737376653,1510.0177742647013,3218227
2025-07-23,1506.767578125,1512.874183637855,1495.1451892983487,1501.153324444694,3471536
2025-07-24,1484.5076904296875,1514.7455462558817,1478.9920275496038,1506.9644638665545,4654421
2025-07-25,1467.6651611328125,1489.4324014259423,1464.2178568256334,1478.4995460982325,2733655
2025-07-28,1444.0264892578125,1471.703393813639,1441.465658700526,1467.6651471387913,4404841
2025-07-29,1450.231689453125,1455.2548802216168,1439.0033028790403,1444.0264936475323,6223556
2025-07-30,1454.2698974609375,1461.952509184248,1446.6858763290873,1458.209673681624,1642426
2025-07-31,1445.7994384765625,1460.3765387150347,1437.5258841615207,1442.9430765992654,2306285
2025-08-01,1430.2373046875,1444.8145254719295,1428.1689461223614,1442.943107633972,2152783
2025-08-04,1452.2015380859375,1453.186482140495,1418.9103809489254,1430.2372375763357,2384774
2025-08-05,1460.3765869140625,1463.036008156187,1449.0497296249407,1457.6188155396505,2614394
2025-08-06,1441.170166015625,1461.361520163538,1434.4726182426073,1458.6037488096254,1735697
2025-08-07,1453.2850341796875,1456.9292792933993,1429.1539034867683,1436.0485122561738,1495363
2025-08-08,1453.48193359375,1459.8840701262184,1437.0334155186883,1452.595580105969,2815614
2025-08-11,1465.5968017578125,1507.9493975075343,1443.5340301579827,1452.7925286241757,2374556
2025-08-12,1476.5296630859375,1487.1671073639752,1466.5817518112065,1467.566695902416,3422656
2025-08-13,1478.49951171875,1484.8031777803567,1466.5817125803987,1477.416097293887,2916128
2025-08-14,1467.3697509765625,1493.3721787241154,1463.429974623002,1478.4010766735587,4227538
2025-08-18,1462.6419677734375,1479.287546874046,1453.6790006369354,1475.5447112541108,2795155
2025-08-19,1453.8759765625,1460.2781132767866,1447.0798381577704,1454.0730375239393,2515817
2025-08-20,1473.4764404296875,1477.711748344754,1436.048562932142,1445.8980043788645,10219330
2025-08-21,1471.0140380859375,1482.340895426405,1463.7254275768885,1477.416174843593,2157601
2025-08-22,1444.2236328125,1469.0441769141178,1441.9582132097007,1467.1727590116886,2802805
2025-08-25,1481.5528564453125,1486.9700489562556,1453.9744218441479,1457.7172574901363,2764914
2025-08-26,1470.3245849609375,1483.8182708946867,1462.6419729695385,1479.2875521292813,4092265
2025-08-28,1427.9720458984375,1465.5968635222293,1424.22921011636,1465.5968635222293,4367902
2025-08-29,1432.896728515625,1440.5792203762308,1417.5315043295445,1427.9720080027619,3404604
2025-09-01,1446.2919921875,1450.3302390953695,1424.229219512329,1424.229219512329,2105254
2025-09-02,1443.632568359375,1455.1564868606395,1437.7229035584512,1446.8829320928585,1295198
2025-09-03,1444.0264892578125,1452.7925156018284,1430.7297441997619,1452.7925156018284,1800307
2025-09-04,1421.56982421875,1443.8295361526164,1419.205934404439,1443.0415328037025,2192155
2025-09-05,1397.6356201171875,1430.4343053841567,1381.679574449836,1426.1989978362844,3895199
2025-09-08,1381.8765869140625,1407.0911320942328,1379.90669869323,1402.4619428682502,2929976
2025-09-09,1405.6136474609375,1410.2429566938608,1387.8846543370264,1388.9680687592238,2906889
2025-09-10,1441.8597412109375,1449.7392942796687,1410.5384696697556,1413.2963613367867,3205017
2025-09-11,1445.6024169921875,1448.2618382191527,1436.3440385771949,1441.859701527013,1982922
2025-09-12,1445.10986328125,1457.7171952248143,1440.9731463607454,1452.7924749706763,2110883
2025-09-15,1444.4205322265625,1446.1934797112908,1430.1388426818744,1445.1099450081597,1725617
2025-09-16,1460.7706298828125,1462.8389885301765,1439.1018588043655,1441.8597504891434,1724524
2025-09-17,1459.1947021484375,1476.4312241110413,1453.0880967460891,1468.3547304843955,2656774
2025-09-18,1471.3094482421875,1480.2724149182607,1463.7253070297977,1470.1274432601965,2792406
2025-09-19,1445.3070068359375,1471.3095553104206,1441.958172825239,1471.3095553104206,3197957
2025-09-22,1418.2210693359375,1427.3809775570503,1393.6959365821042,1401.5754895804482,4457129
2025-09-23,1408.2730712890625,1422.4561696296425,1399.0145730377624,1422.4561696296425,3106480
2025-09-24,1420.5848388671875,1422.948608380378,1398.620538653115,1403.6437292172852,2894044
2025-09-25,1402.363525390625,1420.7819328570436,1394.6809129466715,1418.5165132246768,2713246
2025-09-26,1374.2926025390625,1405.0228115224993,1371.0422387937742,1398.6206746315802,2568054
2025-09-29,1366.5113525390625,1381.4824534968982,1362.1775748199761,1376.0652614061464,2990852
2025-09-30,1364.24609375,1383.8465060313804,1361.0943206192737,1371.1407026768466,2782077
2025-10-01,1368.579833984375,1375.7699740443054,1361.192753196406,1365.2309999806755,2253527
2025-10-03,1372.5196533203125,1378.724849469203,1359.6169091870397,1375.474485727891,2793839
2025-10-06,1396.3551025390625,1399.6054659294057,1369.8602043312653,1372.519505117964,1970901
2025-10-07,1411.8189697265625,1420.190995007908,1395.8628023450046,1400.590582361564,1592836
2025-10-08,1431.3206787109375,1436.737871112136,1405.7121328143633,1411.6217972520342,1735807
2025-10-09,1464.119384765625,1468.6501035176059,1430.6312858204308,1431.320698588094,2681316
2025-10-10,1472.98388671875,1475.938718988998,1451.7091184194492,1468.5516383133775,2129445
2025-10-13,1472.1959228515625,1479.5830037253727,1454.269988024091,1467.5667335969492,1820492
2025-10-14,1472.885498046875,1511.889262130931,1467.7637163549157,1492.5843809410892,5802489
2025-10-15,1473.1807861328125,1486.6745919280122,1463.7253471796544,1475.3477352096886,1710696
2025-10-16,1492.1903076171875,1497.016557741116,1475.446257960757,1477.3176757923743,2021043
2025-10-17,1475.5111083984375,1490.5026052102426,1468.5614528351703,1488.2190984767906,3210161
2025-10-20,1484.64501953125,1499.0407346788663,1478.390281024646,1479.184575854568,2354881
2025-10-21,1475.3126220703125,1492.1903573160696,1470.3485822921484,1491.8924664524288,274400
2025-10-23,1512.9400634765625,1536.370306923643,1494.6723729069756,1499.1400086944757,5011470
2025-10-24,1512.8408203125,1521.5774576588615,1505.4940171584299,1514.032141389429,1491451
2025-10-27,1522.470947265625,1538.355874005925,1515.8191826700736,1520.3860748694353,1394846
2025-10-28,1511.1529541015625,1530.9098565142488,1501.1256180606642,1523.9602008750792,1936466
2025-10-29,1546.099853515625,1547.7875785367585,1511.053684754937,1518.9961482753308,2596355
2025-10-30,1538.65380859375,1548.6811446451054,1527.0378828693122,1546.4968944408054,2183395
2025-10-31,1530.4134521484375,1546.993296406407,1526.541476911987,1538.6538065954383,1723467
2025-11-03,1532.3990478515625,1538.5544085723318,1517.2090379673377,1529.0234766336932,2252136
2025-11-04,1518.1025390625,1530.8105286880013,1514.0320509018281,1525.3500852257325,1666863
2025-11-06,1515.4219970703125,1520.8824404996724,1503.4090457641944,1518.102529913232,2474769
2025-11-07,1501.522705078125,1507.876699931102,1479.7801876431495,1504.2032379541695,2238714
2025-11-10,1529.420654296875,1533.7890335362633,1500.5299670520405,1507.0824753149343,1558896
2025-11-11,1558.70849609375,1561.1905159919884,1530.1155783890918,1536.6682078743436,2270763
2025-11-12,1582.535888671875,1588.4927364335006,1562.1833254863207,1563.672537426727,2331564
2025-11-13,1587.00341796875,1593.4566692773499,1568.6364719365813,1587.8969693114916,1944022
2025-11-14,1583.1314697265625,1586.5070408604847,1562.778907562833,1578.5645775770781,2543918
2025-11-17,1594.8466796875,1596.1372572784026,1574.0969697549983,1582.5358371425214,2000978
2025-11-18,1583.7271728515625,1592.46393117536,1578.6638766106146,1592.46393117536,1640123
2025-11-19,1650.6424560546875,1657.4928550760465,1577.1746685281062,1583.8265544385058,6342672
2025-11-20,1633.566162109375,1656.400744077912,1630.7862514797346,1650.6424097132451,2724035
2025-11-21,1596.4351806640625,1631.6798628242454,1594.449564767714,1624.2338032129392,2958835
2025-11-24,1598.81787109375,1628.2049607815773,1591.371811821883,1602.689846153595,6392688
2025-11-25,1589.584716796875,1607.2567460310713,1581.1458495813354,1606.6610855249191,2285950
2025-11-26,1606.263916015625,1615.7948475599933,1589.5846949187028,1589.5846949187028,1243303
2025-11-27,1617.2840576171875,1621.4538022906338,1602.3919392229225,1607.4552352384987,2106176
2025-11-28,1612.5185546875,1625.127287826632,1607.3560020460795,1617.2840811198662,1841289
2025-12-01,1631.0841064453125,1634.6581906102379,1616.2912446483251,1618.2768604279913,2034350
2025-12-02,1623.7373046875,1641.0121862182775,1612.320013948334,1639.1258269881153,2326220
2025-12-03,1628.701416015625,1642.6999836490309,1617.0856116627165,1623.7373763447454,2371611
2025-12-04,1642.699951171875,1659.9748331234766,1633.2682759836734,1638.1330590034308,3935708
2025-12-05,1670.895751953125,1678.8382154205196,1639.1258980835469,1650.7417024276615,3391204
2025-12-08,1676.4554443359375,1683.206586728738,1664.8396400459083,1670.8957441731231,2702407
2025-12-09,1645.6783447265625,1674.866921117288,1644.4870237279085,1674.866921117288,2817704
2025-12-10,1654.0179443359375,1658.981983784725,1645.0826733281203,1651.33741151054,1482249
2025-12-11,1660.3719482421875,1665.3359877184005,1637.1402192550368,1655.5071653170248,1408684
2025-12-12,1661.1661376953125,1665.8324075629043,1648.0611218299982,1665.336003610546,1284337
2025-12-15,1671.8885498046875,1675.8597815144374,1648.0611595461885,1661.1661757114134,1689723
2025-12-16,1639.82080078125,1669.9029293771819,1633.5661835709452,1668.910121452463,1929309
2025-12-17,1643.09716796875,1652.5288435552777,1634.4597872243548,1639.1259361428438,1394918
2025-12-18,1649.4510498046875,1661.8611484080207,1639.3243366289462,1645.0826708578404,1822056
2025-12-19,1630.5877685546875,1668.9101304161918,1620.758945808705,1662.953282835884,3487150
2025-12-22,1658.287109375,1661.4640462269583,1632.1762127260945,1640.0194194953087,1339691
2025-12-23,1667.818115234375,1674.7677709501743,1644.2884938811706,1663.0525885523043,1614314
2025-12-24,1662.6553955078125,1667.917326025199,1653.124463597572,1663.9460942965677,989858
2025-12-26,1648.9547119140625,1664.343234798626,1638.6294852240096,1656.0036239646458,921138
2025-12-29,1619.0711669921875,1648.8554039037997,1613.7099801096233,1647.7632182631444,1516288
2025-12-30,1603.583251953125,1623.9358136537296,1599.512763851478,1619.0711519572365,3323273
2025-12-31,1611.6251220703125,1619.9646115256955,1605.1718706821791,1612.816443080404,1359963
2026-01-01,1622.7445068359375,1633.8639067998354,1606.7603239406958,1611.227959474964,773806
2026-01-02,1628.403564453125,1631.183475212849,1613.4121885237892,1620.262587673384,950573
2026-01-05,1596.0379638671875,1621.7517128456075,1568.7357464792142,1613.3128456529612,3245802
2026-01-06,1604.675537109375,1614.3057257417076,1585.8121860705728,1588.7906099188046,2112043
2026-01-07,1635.849609375,1642.6007519063255,1605.0725629506446,1609.1431724961542,3816569
2026-01-08,1634.8568115234375,1648.6568663406495,1623.63815434392,1641.409440982351,3266398
2026-01-09,1649.4510498046875,1662.95321284664,1635.2538485255266,1635.2538485255266,3281306
2026-01-12,1655.6064453125,1665.137377003319,1629.6941831182085,1647.2668346358942,4175707
2026-01-13,1653.025146484375,1685.3906596485378,1614.3056385487048,1672.881304400103,7149266
2026-01-14,1656.5,1665.8324186046716,1637.3387588350079,1653.0251723104584,2470615
2026-01-15,1656.5,1656.5,1656.5,1656.5,0
2026-01-16,1698.0,1700.9000244140625,1664.800048828125,1670.0,3098089
2026-01-19,1716.800048828125,1719.0,1685.0999755859375,1698.0,2087629
2026-01-20,1687.300048828125,1720.0,1681.800048828125,1720.0,1739341
2026-01-21,1682.5,1694.9000244140625,1668.9000244140625,1687.5999755859375,1728435
2026-01-22,1703.0999755859375,1709.0,1681.5,1690.5999755859375,1853439
2026-01-23,1707.0,1721.0,1698.800048828125,1712.699951171875,1874357
2026-01-27,1720.199951171875,1725.5,1700.5,1720.0,2671530
2026-01-28,1729.5999755859375,1734.4000244140625,1691.0,1705.0999755859375,2713867
2026-01-29,1721.5999755859375,1725.0,1696.0999755859375,1722.800048828125,2235602
2026-01-30,1695.5999755859375,1713.199951171875,1683.0,1713.199951171875,4448681
2026-02-02,1676.800048828125,1688.5,1653.5999755859375,1670.0,1916380
2026-02-03,1695.300048828125,1780.0999755859375,1689.0999755859375,1780.0,3200948
2026-02-04,1621.800048828125,1645.0,1586.0,1642.0,5834470
2026-02-05,1610.0,1631.800048828125,1600.199951171875,1613.699951171875,3184531
2026-02-06,1593.699951171875,1612.0,1574.0999755859375,1612.0,3342992
2026-02-09,1602.0,1619.9000244140625,1594.4000244140625,1600.4000244140625,1863558
2026-02-10,1573.0999755859375,1602.4000244140625,1567.800048828125,1595.0,3234785
2026-02-11,1551.5999755859375,1578.0999755859375,1546.0999755859375,1574.0,2944646
2026-02-12,1476.0999755859375,1535.0,1469.5,1529.0,5397659
2026-02-13,1455.199951171875,1476.800048828125,1396.0,1423.0,7214938
2026-02-16,1461.800048828125,1467.0,1446.800048828125,1451.0999755859375,2388700
2026-02-17,1482.5999755859375,1510.699951171875,1458.0,1464.0,2840341
2026-02-18,1467.199951171875,1483.199951171875,1443.4000244140625,1483.199951171875,2036245
2026-02-19,1450.4000244140625,1501.800048828125,1443.0,1470.0,2397127
2026-02-20,1436.5,1455.0,1431.0,1443.0,2392491
2026-02-23,1426.199951171875,1441.5999755859375,1415.5,1438.199951171875,2629763
2026-02-24,1339.199951171875,1406.699951171875,1322.5,1402.300048828125,10004684
2026-02-25,1378.199951171875,1391.4000244140625,1354.0,1355.0,5703505
2026-02-26,1373.5,1405.0,1368.0,1391.0,2329520
2026-02-27,1389.0999755859375,1404.800048828125,1382.0,1398.0,8651443
2026-03-02,1371.0,1386.0,1350.0,1351.0,2088938
2026-03-04,1364.0,1382.0,1356.0,1356.0,3161598
2026-03-05,1354.0999755859375,1378.199951171875,1332.5,1378.199951171875,2217963
2026-03-06,1356.699951171875,1380.800048828125,1354.199951171875,1356.0,1871514
