Date,Close,High,Low,Open,Volume
2021-03-08,1999.72802734375,2037.9376777603409,1994.624172318335,2032.327994847174,1440724
2021-03-09,2021.7525634765625,2027.7299988473142,1988.2329900308796,2001.061441039345,1711842
2021-03-10,2048.7431640625,2057.065414068962,2016.8786993849574,2032.7879191353597,2696085
2021-03-12,2027.5001220703125,2059.824163931164,2023.131996169492,2056.2377924704474,2038930
2021-03-15,2033.10986328125,2039.1791247354995,2007.7746874293366,2028.7417372555083,1632022
2021-03-16,2063.640625,2066.813218853807,2036.2823632598884,2042.7656264908264,2633605
2021-03-17,2047.31787109375,2080.147744169406,2040.8346070945863,2072.7908998045277,3703365
2021-03-18,2037.1104736328125,2069.020746079947,2027.7305405248428,2058.077528206167,2597091
2021-03-19,2126.173583984375,2138.312329642476,2015.315114680781,2026.9022318393913,5382214
2021-03-22,2164.014892578125,2167.0496346138543,2116.931151657582,2124.380043516828,2471516
2021-03-23,2149.393798828125,2182.1776423337556,2145.807202972689,2173.027613282846,1970612
2021-03-24,2132.197509765625,2161.9005893049643,2129.3926679463884,2149.394088581314,1762743
2021-03-25,2057.203369140625,2135.32380540474,2051.6857365685196,2132.1972367524313,2495833
2021-03-26,2131.553466796875,2138.0827555545443,2068.0088624041427,2073.710371516343,1929236
2021-03-30,2205.903564453125,2212.570703939226,2138.0826627841648,2138.0826627841648,3327203
2021-03-31,2236.020263671875,2242.549551039107,2190.177850138913,2194.1782229574724,2709756
2021-04-01,2206.225341796875,2250.090473218725,2199.7420790098367,2250.090473218725,1532653
2021-04-05,2182.407470703125,2222.870107938357,2157.85405164708,2207.052940103555,2545447
2021-04-06,2214.686279296875,2217.1691695903965,2186.224530006701,2190.7765329636727,3683538
2021-04-07,2211.881103515625,2239.2393668269606,2195.4202550595746,2222.686468016741,1713970
2021-04-08,2216.1572265625,2242.917836682386,2203.0070473928945,2212.5708548822554,1814515
2021-04-09,2276.94287109375,2283.3801086129974,2229.1233923793416,2229.1233923793416,2604858
2021-04-12,2264.068359375,2288.2079996810903,2241.630078762358,2245.216449802625,2261945
2021-04-13,2257.07958984375,2304.4392718442073,2251.9299338874557,2271.42552507047,1811781
2021-04-15,2262.826904296875,2296.25464989857,2226.456690874267,2296.25464989857,3352379
2021-04-16,2261.2177734375,2279.655907793938,2243.8373200667934,2271.3334334869814,1225517
2021-04-19,2240.756591796875,2261.9535429071598,2219.9736427609587,2243.837359944644,1746316
2021-04-20,2204.708251953125,2258.551201100209,2192.155726165919,2258.551201100209,1589508
2021-04-22,2160.52099609375,2197.8570678890533,2144.519950760365,2197.8570678890533,1721265
2021-04-23,2122.219482421875,2161.07281277929,2115.0925401669647,2151.876758256825,1949756
2021-04-26,2170.866455078125,2179.280979418333,2125.2081355666464,2137.163006082599,1946867
2021-04-27,2188.523193359375,2194.5924548250214,2163.785671217204,2173.0277512021607,1668456
2021-04-28,2213.076416015625,2248.435198675003,2176.062298736824,2188.660847789982,1951215
2021-04-29,2214.042236328125,2252.0677880959197,2192.477308281079,2237.4001256397332,3151150
2021-04-30,2164.521728515625,2246.5044797500777,2142.910996441226,2216.2495446511552,4010778
2021-05-03,2214.409423828125,2220.8466605252997,2151.8762673412843,2154.6350830686447,1692239
2021-05-04,2214.088134765625,2223.7900178794494,2181.4881640675335,2215.5135682205964,1453111
2021-05-05,2202.133056640625,2238.3196201737965,2178.2233154226633,2238.3196201737965,1256857
2021-05-06,2197.85693359375,2222.272502172891,2185.948088416844,2207.052987709205,1377740
2021-05-07,2217.3525390625,2229.1235333159516,2204.432038036505,2215.1455758644333,1169518
2021-05-10,2237.307861328125,2250.22836194754,2221.7666200576045,2228.2038577812814,988495
2021-05-11,2208.984375,2230.9628557855767,2201.7653823019855,2230.0432503215266,1019077
2021-05-12,2141.715087890625,2196.937440581824,2138.128716407328,2196.937440581824,2053932
2021-05-14,2185.7646484375,2190.8682798796476,2139.002614123168,2141.669380543625,1388970
2021-05-17,2185.21240234375,2202.455004150776,2176.2462494040965,2193.2589498536954,811243
2021-05-18,2183.37353515625,2214.7321750504902,2176.660369560093,2208.9846402101293,1153722
2021-05-19,2170.038330078125,2188.660335029532,2155.554548449253,2170.2682313738214,1323590
2021-05-20,2155.69287109375,2172.107917003328,2151.8765985553714,2170.268706235332,856235
2021-05-21,2172.337890625,2175.924261936701,2151.8766701502805,2151.8766701502805,771492
2021-05-24,2148.704345703125,2170.223025296683,2138.3127583130636,2165.6710228264765,1194864
2021-05-25,2155.601318359375,2179.281159997357,2150.0376601787125,2165.670953687283,1098457
2021-05-26,2164.751220703125,2179.6487840313525,2156.7046730475804,2166.360530234234,811095
2021-05-27,2139.3701171875,2163.8317129702023,2136.151497979937,2163.8317129702023,3755182
2021-05-28,2135.0478515625,2161.072729763968,2132.8869135405607,2145.7613893774524,1215325
2021-05-31,2151.922607421875,2156.474609135568,2133.6223257111574,2138.082501594966,1178704
2021-06-01,2168.70556640625,2173.0276670962567,2143.2325404757803,2158.3139799724563,1141451
2021-06-02,2169.16552734375,2182.821534493742,2161.072953932793,2166.590587006664,1113091
2021-06-03,2173.257568359375,2180.4305357345133,2156.4747689845485,2178.545299669252,868532
2021-06-04,2153.761962890625,2179.46489000303,2146.313069030966,2179.46489000303,1283795
2021-06-07,2151.232666015625,2164.7508186637274,2143.5998973258916,2164.7508186637274,1128300
2021-06-08,2169.34912109375,2172.1079372714867,2147.416442675528,2151.2329397625517,1106664
2021-06-09,2166.5908203125,2181.2584849107247,2157.0270117598197,2172.1084539805283,1072858
2021-06-10,2187.557373046875,2207.0069374749924,2165.9006209482873,2173.94716820794,1944339
2021-06-11,2176.245849609375,2196.5231905119276,2170.2684154143776,2189.5801258905226,1128097
2021-06-14,2190.233154296875,2199.95887838143,2164.2978900713942,2184.490164879758,1761632
2021-06-15,2215.56591796875,2218.3910541002247,2185.97197815304,2185.97197815304,1215463
2021-06-16,2230.33984375,2240.4825647487182,2207.87805405588,2209.128594658817,2153668
2021-06-17,2239.4169921875,2247.012272975136,2210.4250318046466,2221.1697297932656,1555777
2021-06-18,2299.80908203125,2312.5915053570707,2227.653574380543,2241.5474636178437,3937751
2021-06-21,2328.940185546875,2342.509793977499,2285.081716782321,2291.5191737565333,2506277
2021-06-22,2306.617431640625,2347.0949215050528,2298.6515104810155,2332.4138459471405,1945883
2021-06-23,2297.58642578125,2328.616115466262,2276.930796076852,2311.017186988195,1035668
2021-06-24,2306.524658203125,2320.0944935293815,2291.6583763635376,2306.3858097539387,759681
2021-06-25,2268.084716796875,2306.339270647295,2264.703960848163,2304.533110261853,1112942
2021-06-28,2278.783203125,2283.2292932236933,2257.571954507064,2269.4281193910674,694906
2021-06-29,2308.747314453125,2313.3322520675624,2264.7036461682446,2273.9662377681143,1354397
2021-06-30,2289.064697265625,2320.2795910474197,2281.376699700517,2308.747707768522,1447245
2021-07-01,2295.270751953125,2300.8283082532535,2281.3768612028034,2300.8283082532535,735043
2021-07-02,2303.885009765625,2308.886719981417,2271.1880083011542,2295.270752271721,860231
2021-07-05,2314.7685546875,2328.0602411416858,2301.80092333461,2314.7221964908736,761700
2021-07-06,2290.17626953125,2313.749525035621,2286.9343617685163,2306.385808344919,461782
2021-07-07,2298.651123046875,2307.126530666817,2265.491223589638,2276.7451827564787,623145
2021-07-08,2267.066162109375,2287.6290748581196,2258.6371114028316,2280.635771399949,1114426
2021-07-09,2270.678466796875,2282.766196693423,2258.6370950959154,2260.0728423339224,538094
2021-07-12,2263.9169921875,2278.505578833827,2250.8105111475725,2272.1144789485575,543898
2021-07-13,2257.016357421875,2274.476438515854,2250.810464332093,2273.9669505906536,994396
2021-07-14,2236.777587890625,2261.323461829811,2231.3588799811064,2259.8877145417077,1377829
2021-07-15,2234.461669921875,2246.178759386968,2223.9485366136537,2246.178759386968,693792
2021-07-16,2239.139404296875,2250.810363302352,2228.5801374919583,2241.547769214688,545405
2021-07-19,2231.034423828125,2238.7687796161094,2221.632982171799,2223.0687293473416,463873
2021-07-20,2255.3486328125,2278.597831220202,2225.801052204124,2225.801052204124,1061476
2021-07-22,2202.78369140625,2323.058564391675,2200.3291944626894,2269.3355194416285,3546044
2021-07-23,2184.21240234375,2215.380940994813,2181.062984671303,2206.3499117590236,1517589
2021-07-26,2175.505126953125,2185.971902050617,2165.5941978789588,2183.4246890291597,1311535
2021-07-27,2169.669921875,2185.4626898271626,2160.0369145976797,2175.505401305754,1656945
2021-07-28,2187.26904296875,2193.799217522357,2170.318675415327,2176.709775364562,912373
2021-07-29,2162.583984375,2196.531298578877,2158.1842525297143,2187.26870522038,1012663
2021-07-30,2161.24072265625,2182.7762499138757,2147.068911104375,2167.446614315892,1708251
2021-08-02,2160.77734375,2179.858146146027,2153.182064111291,2169.298882518734,1229936
2021-08-03,2210.842041015625,2216.5384451019368,2154.571790058691,2158.1841107762275,1733476
2021-08-04,2201.810791015625,2218.159175115713,2192.964970603929,2210.84181803614,1588974
2021-08-05,2183.841552734375,2214.686033306552,2180.41443847914,2214.686033306552,921757
2021-08-06,2196.623779296875,2205.1916772342547,2183.6561499862464,2183.8413566060394,1432661
2021-08-09,2208.6650390625,2218.3907605597346,2199.726728331945,2203.9873849244254,921476
2021-08-10,2206.164306640625,2217.464624159466,2185.1382670859966,2217.464624159466,1061370
2021-08-11,2214.17626953125,2218.3907941380103,2188.009447011668,2213.7594981168454,1300594
2021-08-12,2215.890380859375,2235.5270346727034,2202.135338481883,2218.391235981406,1226064
2021-08-13,2227.190185546875,2231.9603298415414,2211.9069091644574,2223.948278435453,1033159
2021-08-16,2247.4755859375,2257.1551770100336,2216.2143330203194,2226.7274670489633,1146309
2021-08-17,2300.642822265625,2304.023578149369,2251.782645726145,2253.588806076878,1921902
2021-08-18,2302.72705078125,2315.648323197184,2273.0403940503556,2301.754433258001,1545643
2021-08-20,2426.2431640625,2436.061601657256,2293.417690381508,2306.385318679303,5779927
2021-08-23,2439.90576171875,2475.752176320514,2403.1796721769115,2431.4305798667924,2163220
2021-08-24,2438.8408203125,2461.997303604491,2417.5368556838685,2439.76707964418,1482854
2021-08-25,2449.9560546875,2469.8242731170976,2427.4015483793105,2437.914682774102,1746570
2021-08-26,2469.77783203125,2498.8625112053965,2436.988341607171,2436.988341607171,2117291
2021-08-27,2480.476318359375,2491.6377893719896,2455.606389118247,2472.186341945666,1176229
2021-08-30,2489.507080078125,2506.2261057021647,2474.5944410025118,2493.1196270374535,1168190
2021-08-31,2523.222900390625,2535.588325631961,2478.345459049141,2489.6921348032292,2535891
2021-09-01,2531.3740234375,2570.369631545875,2514.794071944883,2542.581851745379,1775792
2021-09-02,2594.49853515625,2602.788510272855,2528.8266182003094,2545.3604363807135,1946183
2021-09-03,2562.681640625,2601.6308906416407,2552.7707110310143,2595.563846808455,1561823
2021-09-06,2575.556640625,2616.6824621413466,2570.6474212207354,2584.2633873891527,1444978
2021-09-07,2572.8701171875,2601.5841521930315,2565.7379666233032,2582.9664780816215,1219915
2021-09-08,2594.359619140625,2602.7886693433315,2561.1997166476253,2583.244507385422,946711
2021-09-09,2603.390625,2615.431995964337,2576.85338636822,2576.85338636822,879454
2021-09-13,2580.882568359375,2614.320391817803,2570.369435348978,2591.2102686085645,1341412
2021-09-14,2558.83740234375,2597.230801018611,2548.185421526448,2595.378282615602,1755061
2021-09-15,2570.786376953125,2579.632198660778,2546.3332214316033,2569.443346170556,1362350
2021-09-16,2564.1171875,2591.0250641361094,2549.065474577802,2549.065474577802,1259196
2021-09-17,2521.509521484375,2577.779777129586,2499.973991546084,2565.8311219414204,3095032
2021-09-20,2593.85009765625,2601.862149455713,2510.2088448474565,2519.4250788606405,2671330
2021-09-21,2605.057861328125,2648.4531989598404,2590.4229195074095,2602.788571324403,2277437
2021-09-22,2579.1689453125,2630.48361857461,2569.4432229473423,2619.3685073001443,1580594
2021-09-23,2577.130859375,2609.920342589567,2568.377755699182,2592.599341839076,1054473
2021-09-24,2544.109619140625,2575.0004524332644,2529.984167018464,2565.8305772483,1635284
2021-09-27,2509.699951171875,2561.107350060983,2505.068653974658,2561.107350060983,1465932
2021-09-28,2522.991455078125,2551.3348536421627,2510.069957085121,2524.0565628055847,1078052
2021-09-29,2487.2841796875,2542.0723276242175,2479.5961821581964,2514.7476778768632,1503894
2021-09-30,2502.567626953125,2505.80953476867,2484.181287887088,2487.2843472512695,1620199
2021-10-01,2504.651611328125,2512.0153278470725,2482.467745382351,2506.4577718120127,956111
2021-10-04,2488.117919921875,2523.1305699750287,2482.097233906883,2500.900344688905,1025005
2021-10-05,2508.912353515625,2514.7478327774365,2487.9326692282666,2488.117875874863,562784
2021-10-06,2487.97900390625,2532.3930950755503,2478.670052092967,2495.3890788003996,862471
2021-10-07,2472.556396484375,2504.8366223892344,2469.4072054320786,2499.0475019713986,1082816
2021-10-08,2445.37109375,2481.0320794768295,2431.8012583038894,2473.5756463246203,1579941
2021-10-11,2450.048583984375,2468.9441833966657,2441.156404180046,2447.362296310919,1086252
2021-10-12,2478.808837890625,2489.8314596996006,2431.4307631886486,2431.4307631886486,1174337
2021-10-13,2451.576904296875,2494.972244762773,2447.733018496922,2489.8778184007692,1660007
2021-10-14,2454.17041015625,2479.3646182646175,2426.799402205397,2451.576838850052,2158809
2021-10-18,2458.292236328125,2481.3560029509467,2448.1497419973066,2475.705956779055,1758177
2021-10-19,2358.9970703125,2530.5402357987336,2334.6364071488683,2473.0194467188758,5431133
2021-10-20,2295.87255859375,2393.4540677957752,2287.8605059812558,2379.5601780833385,4864654
2021-10-21,2265.398681640625,2320.279545133299,2248.9575790753092,2318.797439799162,3254632
2021-10-22,2273.13330078125,2314.027563138219,2250.810358621384,2277.671881419746,1845622
2021-10-25,2274.754150390625,2281.8863022686014,2232.2850680802235,2273.133196503015,1560381
2021-10-26,2271.026123046875,2300.894986853421,2252.57343768493,2300.894986853421,1595060
2021-10-27,2233.515625,2288.1278602986035,2228.4363060090363,2287.941515456568,3083879
2021-10-28,2227.0380859375,2251.5951020054545,2206.8614244821674,2236.6838761643585,2015791
2021-10-29,2230.2998046875,2238.547667077929,2211.5210715969715,2236.683763941311,2453400
2021-11-01,2243.300537109375,2246.84177077252,2207.0941304776456,2230.1599300044363,1941114
2021-11-02,2254.297607421875,2262.7784578919227,2238.547716580065,2250.6630872359938,1350154
2021-11-03,2247.261474609375,2268.3700863328436,2223.8227564696685,2268.3700863328436,1591607
2021-11-04,2257.978759765625,2264.642121911803,2255.322607006816,2263.710170421304,245719
2021-11-08,2266.4130859375,2282.3495498773123,2236.777206021329,2282.3495498773123,2555533
2021-11-09,2265.714111328125,2279.7400288469034,2252.0144678903252,2273.7756294335327,1696949
2021-11-10,2236.8232421875,2255.3225699810823,2232.9557345763114,2246.9816497834963,1794509
2021-11-11,2214.503173828125,2243.160683294713,2205.183658554438,2239.1998893033965,1282647
2021-11-12,2241.297119140625,2249.3586375876625,2214.5035086773823,2225.500583868618,1651974
2021-11-15,2259.74951171875,2264.642257336452,2240.5048033000144,2240.5048033000144,1007999
2021-11-16,2242.880859375,2268.975499896391,2236.776759417656,2268.975499896391,1245209
2021-11-17,2228.43603515625,2246.0500573696754,2224.7548717461746,2240.411704537913,956809
2021-11-18,2236.124267578125,2242.6015123206575,2208.7249853529866,2227.364014765248,1236943
2021-11-22,2226.01318359375,2245.9102150237145,2215.3887981505522,2245.44423919359,1629290
2021-11-23,2231.2783203125,2236.6836847226928,2177.5047622310713,2225.313921497465,1932539
2021-11-24,2213.152099609375,2242.2755876029714,2205.929474586963,2242.2755876029714,999070
2021-11-25,2189.200927734375,2224.5684450652166,2181.698671930319,2224.5684450652166,1363272
2021-11-26,2176.199951171875,2204.065208890729,2166.97349517647,2184.4942281775343,2450902
2021-11-29,2170.887939453125,2182.8636083774177,2129.229748948553,2175.5476973960804,1724612
2021-11-30,2159.844482421875,2200.3377340552224,2145.3525894939103,2163.9916215485923,3931035
2021-12-01,2185.28662109375,2196.3767532135435,2165.156377173381,2180.766565193462,1263139
2021-12-02,2221.120361328125,2225.5004884758723,2185.4265684572533,2196.609987997333,1673117
2021-12-03,2184.16796875,2227.2707241801795,2178.809247804626,2221.119981002688,1890178
2021-12-06,2149.546142578125,2203.0867109426626,2144.4204093094586,2184.4943239553977,1079171
2021-12-07,2163.61865234375,2182.3040975423087,2154.671827102679,2169.4897646605345,895313
2021-12-08,2181.325927734375,2184.913804749343,2160.4967192105473,2160.4967192105473,839769
2021-12-09,2180.53369140625,2188.7815538324444,2163.5722182949253,2181.698630871688,716666
2021-12-10,2174.05712890625,2187.290798500369,2162.1281007758225,2187.290798500369,724539
2021-12-13,2147.54248046875,2191.9498774079,2144.4203520049227,2191.9498774079,1804894
2021-12-14,2160.54345703125,2166.74084420982,2147.216503539423,2148.148455146862,1219031
2021-12-15,2163.0126953125,2166.6007994439383,2143.954333463313,2158.399581091516,755122
2021-12-16,2152.341796875,2167.0666747643436,2147.1694210068595,2163.0125950908064,926493
2021-12-17,2078.484619140625,2151.8291491430286,2074.523825672921,2146.284083793682,2439222
2021-12-20,2114.69140625,2119.584152010436,2051.3651148145655,2074.5242024248582,2175705
2021-12-21,2118.18603515625,2146.004650617717,2099.4537191954882,2134.1689121996083,1591415
2021-12-22,2122.659423828125,2159.7044991096,2114.5981336771406,2143.488632638794,1661605
2021-12-23,2144.093994140625,2148.148073924424,2119.816841096998,2142.509722194582,1423081
2021-12-24,2140.64599609375,2155.60386347937,2127.9249488700993,2152.808008922328,895503
2021-12-27,2144.793212890625,2151.03747031701,2123.218625451306,2140.6460739855556,584302
2021-12-28,2151.969482421875,2160.6364500861596,2141.391740987647,2152.808147832212,783710
2021-12-29,2149.872314453125,2163.8515863397383,2142.603047566644,2157.3743416771713,1410236
2021-12-30,2167.3466796875,2171.4471756176845,2140.366499496552,2150.944240912281,963711
2021-12-31,2199.54541015625,2209.0514982060076,2171.4471612903626,2180.766677004055,1123597
2022-01-03,2200.6171875,2216.180732504574,2192.881944315922,2216.180732504574,879278
2022-01-04,2237.848388671875,2244.2323470278493,2195.0719087134544,2207.746311743591,1484275
2022-01-05,2251.40869140625,2255.322842569724,2229.2281981102396,2240.225272352185,1202512
2022-01-06,2228.6689453125,2247.867239111832,2206.5817380953326,2234.81991682843,1198901
2022-01-07,2251.734375,2257.0930957663277,2225.5000330418175,2225.5000330418175,1026186
2022-01-10,2243.254150390625,2259.9826361507035,2238.547749292367,2259.9826361507035,919447
2022-01-11,2240.085205078125,2253.738431515085,2229.228060759648,2252.666550738767,1321335
2022-01-12,2248.93896484375,2251.5951179764356,2235.2859645970534,2243.39389820021,1487554
2022-01-13,2249.91748046875,2257.093462197997,2239.7126560755087,2253.4589420121,1586299
2022-01-14,2202.85400390625,2256.254877364186,2200.1514352127488,2255.3229257419785,1596037
2022-01-17,2226.945068359375,2231.278552438457,2185.426577636983,2203.1336586498196,912205
2022-01-18,2208.2587890625,2244.7912375563233,2196.982086383484,2244.7912375563233,1667579
2022-01-19,2152.71484375,2207.4205830125657,2148.195015145087,2203.1335147732616,2145255
2022-01-20,2107.887939453125,2167.2998473314365,2090.3672058204297,2166.7872285031203,2829711
2022-01-21,2167.15966796875,2175.500814918203,2096.8906242814837,2110.683550337752,4596050
2022-01-24,2129.136474609375,2185.37961076667,2112.4544063472613,2179.741258721451,2231103
2022-01-25,2168.88427734375,2174.895319426171,2088.410168780537,2128.1113964182846,1843543
2022-01-27,2139.15478515625,2167.3463156408807,2120.1894827284355,2152.807782462719,2620474
2022-01-28,2128.158203125,2160.9162121076724,2123.03246912885,2138.4563142045336,1967721
2022-01-31,2119.024658203125,2154.5321002761502,2116.4617916566453,2134.1688696141423,1639875
2022-02-01,2148.75390625,2162.1275014183693,2123.3582276234265,2146.563956719639,1270508
2022-02-02,2169.489990234375,2174.2430342992475,2140.273444742455,2165.9487562551662,1246111
2022-02-03,2141.76416015625,2173.264165059229,2134.1688467561903,2170.514953753348,1448039
2022-02-04,2149.6396484375,2155.371059758247,2127.6454996986613,2149.0803864674167,1014561
2022-02-07,2103.973876953125,2159.0520761690627,2084.775584316431,2139.061761243759,1207402
2022-02-08,2110.2646484375,2113.6661806891766,2093.675864829641,2113.6661806891766,1190660
2022-02-09,2122.659423828125,2125.1758751143198,2102.1100735239675,2113.246849392447,1049611
2022-02-10,2127.785400390625,2129.5096020202354,2102.34330139049,2124.849843591307,1195100
2022-02-11,2104.3466796875,2123.9176629795447,2095.959115419481,2123.9176629795447,2100036
2022-02-14,2076.900634765625,2084.076616065637,2056.8170337202287,2068.9324036515213,1661501
2022-02-15,2134.262451171875,2147.356189136219,2071.3090750569004,2094.9805546971043,1533070
2022-02-16,2130.906982421875,2146.983144873997,2120.189540787127,2134.262098640158,995668
2022-02-17,2150.52490234375,2155.603992921927,2121.121784647776,2126.7134940976384,869374
2022-02-18,2155.1845703125,2169.3968312380184,2137.896823812407,2137.896823812407,890713
2022-02-21,2138.642578125,2147.2631304287875,2129.276419035436,2141.624777740861,737919
2022-02-22,2115.4833984375,2124.8495571223684,2096.9842964850354,2124.8495571223684,902667
2022-02-23,2106.58349609375,2119.2114869209463,2098.9881808779255,2115.530323273567,1324411
2022-02-24,2023.6395263671875,2089.4353975138897,2013.2950005675596,2050.293431994004,2997629
2022-02-25,2022.987060546875,2046.5654788275176,2015.0188297755042,2045.6335273344268,2193728
2022-02-28,2024.292236328125,2031.5612770554924,1975.7374651592988,2016.7433370776994,2334036
2022-03-02,2002.8575439453125,2008.1696232743118,1978.5801559946751,1984.0785801632874,2034688
2022-03-03,1948.710693359375,2020.4243197114147,1944.6101975454092,2011.0581611173682,2372998
2022-03-04,1882.0760498046875,1936.5485693455835,1840.8371960270904,1933.7993579325212,6320118
2022-03-07,1811.667236328125,1845.4039519292721,1795.8707024837552,1844.7981606469089,2976453
2022-03-08,1816.37353515625,1824.7610989409632,1772.152480485624,1793.5873657132247,3211938
2022-03-09,1861.946044921875,1870.4734244506374,1818.2374939947017,1830.3528642775982,2879079
2022-03-10,1958.91552734375,1970.1455890973632,1909.5687379661765,1912.2713064672894,4879791
2022-03-11,1951.8790283203125,1966.6039067542463,1929.1395039226397,1957.0980474577505,2481643
2022-03-14,1919.1678466796875,1952.438471063,1906.8660181265152,1952.438471063,1730325
2022-03-15,1899.5035400390625,1939.2047657492935,1887.2018254968248,1905.840855872102,2391023
2022-03-16,1931.1431884765625,1938.459098681995,1893.7720702538804,1919.820068886976,2808685
2022-03-17,1959.0089111328125,1972.661911095697,1940.6495100728332,1955.327747809153,2995889
2022-03-21,1911.6190185546875,1967.2564818852334,1906.772915886816,1963.1559859802433,1674982
2022-03-22,1857.8453369140625,1913.9954154438203,1835.0125248978125,1913.9954154438203,5356303
2022-03-23,1843.912841796875,1879.3270017923637,1840.8373560812922,1875.086576603245,3212162
2022-03-24,1832.12353515625,1855.841656083822,1818.5635948924385,1835.944513675644,3054664
2022-03-25,1820.1014404296875,1842.468278407318,1812.6458277704771,1840.5112028369995,2233647
2022-03-28,1840.697509765625,1846.0097019341574,1799.878099554704,1826.5784208300988,1794533
2022-03-29,1851.8343505859375,1859.1035043300467,1839.7189805821397,1845.2640467322778,1249125
2022-03-30,1878.72119140625,1881.6102185185125,1859.2900239380176,1863.9031387008545,1476829
2022-03-31,1909.242431640625,1914.2284633911195,1880.6782079470688,1881.9829628559494,2540524
2022-04-01,1936.73486328125,1943.9110716476312,1899.6899059801547,1915.0669915264236,1714996
2022-04-04,1983.6119384765625,1987.3397441266497,1929.3257686971683,1936.5950352202783,1693019
2022-04-05,1994.190185546875,2011.151660066077,1982.2611589251833,1998.5703127950426,1277652
2022-04-06,1996.2867431640625,2017.1157225379618,1976.9487496641832,1989.7164396261294,1736115
2022-04-07,2017.4888916015625,2026.994752521732,1989.809974279474,1994.3298030733458,1824732
2022-04-08,2034.49658203125,2044.2354288126078,2016.2768863624697,2029.510550950095,1693462
2022-04-11,2015.85791015625,2044.7950522139772,1993.3511429881326,2039.1100565664012,1380107
2022-04-12,1987.15380859375,2017.6752236395678,1980.3971594614695,1995.2150989613647,1370233
2022-04-13,2005.6993408203125,2017.6750086725144,1985.709026540064,1992.2326870761876,1071601
2022-04-18,2029.464111328125,2034.3568567473978,1989.7631135852155,2001.8318401139775,1828131
2022-04-19,1969.26025390625,2056.6773541657226,1958.076835387611,2036.9664425102826,1775996
2022-04-20,2017.62841796875,2021.0765931219128,1950.2949199729485,1970.518222654477,1511804
2022-04-21,2048.3828125,2053.788176860029,2020.470909782209,2036.3140857352982,2244813
2022-04-22,1982.21435546875,2040.0419961600035,1975.7373375327581,2033.5183351398482,3520828
2022-04-25,1957.797119140625,2014.8791486764399,1907.7047258745017,1957.0981555136557,2437310
2022-04-26,2002.1580810546875,2011.1046788714114,1976.6691167095207,1996.4264428562417,1447088
2022-04-27,1999.129150390625,2005.9322139674175,1960.3598789824648,2001.6453738051985,2214481
2022-04-28,2089.295654296875,2096.8909683491133,2017.6750873225915,2078.2519375193438,5865359
2022-04-29,2082.77197265625,2134.1690086439226,2071.308923305249,2091.671927766584,2678692
2022-05-02,2078.718017578125,2098.75497672537,2055.791917496427,2068.9325259015636,1543544
2022-05-04,2023.7789306640625,2097.6827157071916,2002.4371089596957,2089.388212458408,1608395
2022-05-05,2019.1663818359375,2052.1107336333866,2007.0510113103558,2029.7905388243976,1101451
2022-05-06,2002.9500732421875,2022.3347095116133,1962.8761596435704,1980.3968929549208,1585602
2022-05-09,1972.614990234375,1993.8168862012708,1966.557305672405,1977.1350458799618,1341414
2022-05-10,2032.0267333984375,2048.3358828330197,1974.8050086788392,1988.7842796227667,2162232
2022-05-11,2016.27734375,2040.6944308566365,1972.0096414952623,2036.314303717934,1858636
2022-05-12,1993.258056640625,2017.535440461984,1965.6721992515734,2017.535440461984,1531515
2022-05-13,2044.794921875,2067.0684722011733,2007.5632766140677,2022.3347992229694,2057239
2022-05-16,2066.36962890625,2070.7497558016858,2024.478451130906,2050.293464243432,1396818
2022-05-17,2092.231201171875,2122.0536503645253,2070.1439952440146,2085.6142542463635,2055096
2022-05-18,2135.473388671875,2145.352164715765,2083.9366572667113,2083.9366572667113,2137455
2022-05-19,2110.450439453125,2128.390502637198,2092.650077958315,2092.7900071747595,1734602
2022-05-20,2167.6728515625,2188.222430540445,2127.365943504206,2134.1692359189183,2599505
2022-05-23,2217.8583984375,2225.5003558289523,2149.4066009213248,2151.8761815783296,2363306
2022-05-24,2152.4814453125,2218.044316866036,2145.398751237144,2218.044316866036,3078655
2022-05-25,2142.27685546875,2171.400339679584,2130.9070927382845,2171.400339679584,1884260
2022-05-26,2125.03564453125,2139.760522903361,2104.346367907574,2134.308515926021,2299127
2022-05-27,2172.006103515625,2176.0133126608434,2125.3152456522207,2140.692444316225,1011303
2022-05-30,2189.107421875,2204.065288897061,2172.378938020739,2182.816749274554,939562
2022-05-31,2193.114990234375,2206.767989463334,2147.1230901219974,2199.4056632117813,3123979
2022-06-01,2151.363525390625,2249.544712892195,2145.3524833558267,2208.7251892064764,2197599
2022-06-02,2129.322998046875,2149.965634363882,2103.5544005546167,2138.8288585795585,1460335
2022-06-03,2135.986083984375,2166.740481887106,2111.009739576109,2128.5771154496138,1845303
2022-06-06,2125.31591796875,2145.3062370501966,2094.654797095788,2117.5806731126518,2131405
2022-06-07,2061.104248046875,2106.0709127136256,2056.863822764561,2096.891098449515,2034730
2022-06-08,2047.544189453125,2067.9538372977217,2037.246079365342,2064.2726741968127,1506843
2022-06-09,2048.14990234375,2058.0753229955944,2023.0338532527846,2047.497581755784,1497867
2022-06-10,2050.2001953125,2058.5413439975937,2015.6249281184046,2015.8112729294546,1641981
2022-06-13,2047.4041748046875,2066.1364911070755,2009.287449177652,2020.4708672621286,1519441
2022-06-14,2023.2669677734375,2063.2942443618927,2013.0154999496199,2041.7662984482267,1592475
2022-06-15,2018.142822265625,2029.7539040767374,2003.522981724058,2029.5659140401,1432377
2022-06-16,2018.2841796875,2034.5493381408578,2007.3311754809924,2016.6859197375877,1353485
2022-06-17,1984.2022705078125,2031.1642022380368,1974.377438210597,2030.7882221594712,3252189
2022-06-20,2064.54052734375,2071.121785294525,1982.039758032247,1984.7193620123442,2022000
2022-06-21,2073.09619140625,2098.481042729592,2042.211197148429,2063.694394619827,1606187
2022-06-22,2071.074951171875,2091.8057300002215,2055.2798862496575,2058.2413605005468,1741378
2022-06-23,2117.848876953125,2122.314730513193,2060.9680052933136,2075.9167706589064,1585753
2022-06-24,2166.079833984375,2180.0886486860836,2124.8530934793994,2129.5069369044973,1930048
2022-06-27,2181.828125,2192.358322214852,2160.580199592781,2177.315445663441,1450391
2022-06-28,2179.007568359375,2184.9778017577833,2141.5885968634702,2181.8281076903877,1404108
2022-06-29,2099.844482421875,2162.3193828566273,2091.9000091930543,2158.8407635800163,1682914
2022-06-30,2097.1650390625,2114.464254622484,2080.9937637575617,2091.8058308665695,2387212
2022-07-01,2145.819580078125,2155.832403701725,2071.7804166278365,2092.8403535281464,1235612
2022-07-04,2233.11474609375,2236.02939493714,2139.8489670740096,2139.8489670740096,2410245
2022-07-05,2257.841552734375,2267.713439598298,2229.7302714791517,2241.858497811833,2463079
2022-07-06,2348.94482421875,2359.0049304386744,2256.43123538249,2256.43123538249,4770394
2022-07-07,2325.01708984375,2379.5945613884924,2318.0127977492402,2355.1498918523007,3333262
2022-07-08,2347.488037109375,2354.0222408446275,2306.0730708063625,2328.308231372418,1346970
2022-07-11,2341.61181640625,2373.953908533825,2331.6458190748067,2338.227077435098,1587197
2022-07-12,2303.017333984375,2341.6117583184705,2298.222325483538,2326.9448625220853,1116476
2022-07-13,2348.334228515625,2368.6422051607865,2314.158599034669,2316.6031584676207,2528792
2022-07-14,2348.381103515625,2371.979478303374,2320.5516901761675,2353.034947525601,1663307
2022-07-15,2414.851806640625,2419.928685725884,2352.3769050877404,2378.6548844854124,2996964
2022-07-18,2400.7490234375,2449.168281204107,2381.522393202441,2426.6039669051056,1566888
2022-07-19,2414.334228515625,2420.962540796665,2371.8381552601113,2397.410995220736,1473121
2022-07-20,2448.697998046875,2461.390423838249,2383.9197093408793,2420.962697243503,4012897
2022-07-21,2451.471435546875,2472.5784232390215,2436.6636057388623,2460.4501973059278,1990695
2022-07-22,2482.638671875,2485.0830014366134,2454.8563151138937,2460.4503385664325,1905780
2022-07-25,2466.65576171875,2495.237135205847,2455.749584460314,2487.2456070787753,1253821
2022-07-26,2394.731689453125,2467.971592713911,2386.27007256382,2467.971592713911,1685576
2022-07-27,2427.4970703125,2435.5356531176712,2373.953879221046,2383.684831490896,1404133
2022-07-28,2463.36474609375,2467.9715344770234,2430.364349189754,2467.9715344770234,1442054
2022-07-29,2479.6298828125,2486.7753404444593,2440.70653451562,2482.074441880292,1463059
2022-08-01,2437.885986328125,2480.19407324859,2425.6636501066573,2479.7239833939184,1559918
2022-08-02,2477.6083984375,2481.2281818690262,2443.5268864582345,2444.467066099042,1359934
2022-08-03,2469.2412109375,2504.638887179492,2442.492913066802,2458.805123759822,1767904
2022-08-04,2470.74560546875,2485.318393229677,2458.570322246679,2476.433739502009,1189384
2022-08-05,2487.1513671875,2498.6685688858342,2470.3692967201387,2480.1941289964025,1176666
2022-08-08,2491.805419921875,2498.9977029862466,2468.959006752598,2487.151346665565,1024511
2022-08-10,2484.707275390625,2516.5792794894205,2473.8010976589776,2491.805678942235,1098949
2022-08-11,2457.34765625,2508.164415361328,2450.672518046582,2497.164358687816,810674
2022-08-12,2439.719482421875,2469.0062203891734,2430.458849279328,2467.877821020509,1473527
2022-08-16,2486.3056640625,2489.9254483733066,2435.583006027133,2451.94204393653,1584117
2022-08-17,2524.053466796875,2532.8442392486363,2486.305341756874,2492.416510114378,1711381
2022-08-18,2521.609130859375,2552.588007548374,2505.2498655755444,2524.382615199773,1465489
2022-08-19,2476.951171875,2537.4986697864333,2469.3826772520397,2528.143925045016,1324508
2022-08-22,2469.5703125,2507.2716154813493,2463.3652633463025,2489.596188777673,1410895
2022-08-23,2437.6513671875,2472.3909676085327,2430.600018135757,2446.3950859188817,1305045
2022-08-24,2433.42041015625,2453.8693211659665,2408.08261000775,2421.9032074036513,1242489
2022-08-25,2420.210693359375,2471.1683904667857,2411.9841204557224,2445.595546890646,1106593
2022-08-26,2417.719482421875,2458.2881501826396,2408.7407191579205,2444.37344282205,1048791
2022-08-29,2421.71484375,2451.8944734834326,2397.458162318159,2397.458162318159,1450034
2022-08-30,2500.737060546875,2507.4592535704824,2430.9287179980906,2433.843137339098,2227943
2022-09-01,2450.1083984375,2496.177205622242,2438.8262415759305,2491.4763069299215,1702269
2022-09-02,2447.85205078125,2466.091445832684,2430.3646158892443,2458.5700079498542,937600
2022-09-05,2445.031494140625,2465.5272285963338,2431.398888075206,2441.6467553030598,1274074
2022-09-06,2419.176513671875,2463.270850439749,2409.680606746976,2436.1936287719777,1250776
2022-09-07,2411.185302734375,2441.552927852562,2407.612573445149,2417.9545516562225,1344964
2022-09-08,2422.984375,2440.706856741082,2409.680922121492,2425.6639793497657,1004533
2022-09-09,2433.84326171875,2488.6557867987513,2428.907318053962,2442.5869792607314,1785443
2022-09-12,2426.039794921875,2449.1683091567497,2420.022736187898,2436.005792332107,1595709
2022-09-13,2431.869140625,2452.9290761411776,2424.723682394824,2442.5870984341814,1342130
2022-09-14,2417.578125,2450.1084362675592,2394.3557310085926,2397.458370100643,1610054
2022-09-15,2407.236328125,2443.3393710668047,2398.3987295990864,2425.663944478888,1199906
2022-09-16,2376.91552734375,2410.4801306486484,2367.9838190266,2402.1594474019203,2516820
2022-09-19,2424.95849609375,2433.185068485267,2358.0177472265605,2379.5948254776704,1166725
2022-09-20,2429.00146484375,2464.6812408283668,2425.287800698982,2443.1512161388982,1253333
2022-09-21,2466.65576171875,2488.4208318033448,2425.663831511336,2427.5441910706472,1960049
2022-09-22,2531.6689453125,2539.660472946018,2463.3179254600923,2466.1855195181556,2620240
2022-09-23,2521.609130859375,2560.8145803167163,2514.0406380052864,2536.5108420952433,1789791
2022-09-26,2501.3955078125,2565.750771659812,2484.9423606875284,2508.8698915991968,2678551
2022-09-27,2518.976806640625,2551.4130107384512,2494.6730662485415,2515.921222196627,1898501
2022-09-28,2540.459716796875,2546.711820129236,2493.403675837528,2510.2328010347546,1526197
2022-09-29,2539.00244140625,2563.8701496087356,2530.1177887752156,2548.9213835651585,2019666
2022-09-30,2535.147705078125,2552.493975996988,2508.305526629742,2545.066647598627,1340054
2022-10-03,2465.62158203125,2570.451632134771,2460.9677378217643,2560.1096540976523,1683197
2022-10-04,2508.352294921875,2516.3908769763475,2476.574176292154,2491.476115818166,1327939
2022-10-06,2457.630126953125,2531.2462550869814,2449.2155632060862,2520.904276740966,1752351
2022-10-07,2444.185302734375,2456.68973958552,2420.96290831715,2455.6554500238467,1025923
2022-10-10,2449.732666015625,2454.5274454448854,2389.937136789768,2416.262172128129,1043728
2022-10-11,2398.0693359375,2454.3862394726934,2392.757412278695,2453.8690947141035,1129783
2022-10-12,2436.335205078125,2448.792588392129,2401.4073850836153,2410.1040489065995,882873
2022-10-13,2412.877197265625,2451.1895217396013,2409.586568169701,2428.4842727921514,753331
2022-10-14,2421.71484375,2467.877527898887,2416.449745775194,2435.0653491780513,1001536
2022-10-17,2435.58251953125,2453.8219135357876,2414.381421808702,2419.646519838906,778918
2022-10-18,2446.582763671875,2483.9549088754325,2441.6468199657447,2463.270954297363,1123374
2022-10-19,2428.484375,2460.9205774535426,2424.1594561917627,2458.852227841982,1241979
2022-10-20,2445.3134765625,2453.869204299969,2414.5225890372803,2414.5225890372803,1428125
2022-10-21,2495.143310546875,2507.2247139104875,2450.1087857694683,2450.1087857694683,2458302
2022-10-24,2419.176513671875,2482.0744447179154,2397.458270466168,2453.9631630864824,719908
2022-10-25,2355.5263671875,2431.304950498523,2350.4494881076207,2431.304950498523,2923789
2022-10-27,2368.31298828125,2378.6549663960154,2339.1674135941844,2344.8084925658745,1846329
2022-10-28,2373.248779296875,2398.3044782988304,2361.731577139249,2374.988203682049,1164951
2022-10-31,2398.116455078125,2418.1423297660617,2389.98399201212,2392.7574763820476,1324443
2022-11-01,2415.248046875,2438.0111287575533,2411.2728436181856,2431.5275937357715,1280132
2022-11-02,2383.54052734375,2426.7949782049504,2367.5447431708913,2426.7949782049504,1338284
2022-11-03,2410.089111328125,2412.597211369291,2374.0752071715146,2381.0791239070722,730444
2022-11-04,2385.48095703125,2409.7582801093517,2380.6537761370964,2408.764421563361,889055
2022-11-07,2397.2646484375,2415.4371702744916,2382.3100930959617,2395.655665189773,1283685
2022-11-09,2374.549072265625,2408.7171494364193,2359.2631528599154,2375.6848116176993,1436444
2022-11-10,2379.09228515625,2402.186499497946,2367.2138147610717,2370.0059080941123,1459152
2022-11-11,2369.106689453125,2410.5155369158833,2361.487415304746,2408.811812405041,1162847
2022-11-14,2326.278076171875,2379.234029540042,2323.7697445164235,2372.655984654207,2137131
2022-11-15,2325.993896484375,2336.8785067832846,2313.3581912286645,2326.277889055226,1558333
2022-11-16,2345.255126953125,2350.129447190016,2298.167354098633,2331.7203038169064,1330395
2022-11-17,2328.360595703125,2364.327141490409,2322.9182894326805,2347.2429860262123,960476
2022-11-18,2350.791748046875,2355.382306395984,2317.8067862254925,2337.824911151664,1075675
2022-11-21,2367.544921875,2377.577786813517,2337.872662584153,2350.7921309777334,1354881
2022-11-22,2381.079833984375,2388.935730660975,2363.380554461353,2371.804205296685,921265
2022-11-23,2373.1767578125,2389.8821784312645,2368.112954627732,2386.0962264654327,734152
2022-11-24,2412.739501953125,2423.0089879457746,2376.772962288305,2382.310008851373,999929
2022-11-25,2401.665771484375,2418.6551837521515,2383.4458786822634,2418.276681007505,783480
2022-11-28,2390.0712890625,2406.4455765656708,2386.853322511518,2391.7750135620254,830905
2022-11-29,2493.238525390625,2498.680831133064,2391.964314183493,2391.964314183493,2542932
2022-11-30,2540.705078125,2553.6245465024504,2482.6379486567557,2493.049316340791,3698270
2022-12-01,2520.35546875,2539.427108047889,2505.2116619185554,2536.5876442669933,1675569
2022-12-02,2475.16064453125,2517.657859580169,2467.635880729102,2517.657859580169,2101890
2022-12-05,2479.65625,2484.5305699257824,2446.812937224266,2460.8683740217275,1640511
2022-12-06,2512.499755859375,2517.6106986070267,2464.512860680038,2467.304954052851,1484562
2022-12-07,2562.47412109375,2574.257849291455,2514.1084967355036,2517.705196988416,2368561
2022-12-08,2560.67578125,2565.9762062069585,2542.030014827384,2550.832398988402,1314703
2022-12-09,2576.5771484375,2594.8917850216226,2566.165779667985,2578.8959979936544,1883397
2022-12-12,2571.844482421875,2578.2332763334944,2544.7748335658794,2557.599792003697,1163204
2022-12-13,2565.266357421875,2574.447244394373,2553.435257953151,2571.607780521879,1265839
2022-12-14,2540.98876953125,2574.4472108229606,2528.400664721609,2574.4472108229606,886858
2022-12-15,2520.734130859375,2539.663890595482,2506.7260624394216,2525.56131202255,990722
2022-12-16,2528.353515625,2543.8758268550387,2511.3167311195625,2525.230058917101,1793864
2022-12-19,2572.648681640625,2574.4469161000948,2528.353004663088,2528.353004663088,1546941
2022-12-20,2531.429443359375,2561.243814378814,2511.2692034071883,2561.1964437651377,827567
2022-12-21,2523.526123046875,2550.9269029512657,2508.2878057158546,2544.112235934674,779092
2022-12-22,2503.7919921875,2544.63285481951,2500.6211651229855,2533.2749994139554,852567
2022-12-23,2480.83935546875,2507.7668881453783,2468.4876430131476,2491.155980434474,1189702
2022-12-26,2477.384765625,2496.69325788262,2467.25739107319,2480.6974733525367,605144
2022-12-27,2454.479736328125,2493.900864766486,2437.4429541999434,2484.5307270264448,870960
2022-12-28,2445.346435546875,2463.802951141692,2440.1407516611575,2454.2433301210895,822651
2022-12-29,2430.6279296875,2445.0618679764557,2403.510916813729,2442.175034103442,1345863
2022-12-30,2424.003173828125,2448.0438769468897,2418.466126517221,2441.8917048575186,696432
2023-01-02,2421.494384765625,2441.9859850401717,2402.2334959680034,2436.1649462089254,681703
2023-01-03,2406.019775390625,2424.902164059462,2399.3469890283905,2413.591679103535,821843
2023-01-04,2400.38818359375,2421.494680028095,2391.822421426849,2414.0175176499197,1672649
2023-01-05,2445.441162109375,2453.2496886289705,2401.7134598148796,2401.760830433266,2008493
2023-01-06,2438.578857421875,2472.131809376192,2437.111754869187,2441.9389358938606,991782
2023-01-09,2483.63134765625,2488.7422893249154,2432.473636060073,2450.7882673456825,1267078
2023-01-10,2502.372314453125,2511.3639501772454,2475.1607852880243,2483.6318064128836,1413088
2023-01-11,2454.479736328125,2506.1580678807336,2449.6054160941317,2502.513997050636,1471687
2023-01-12,2451.451171875,2463.3296419148805,2435.076884052882,2447.712590671319,1703829
2023-01-13,2483.58447265625,2498.0184144275945,2429.3032942856776,2451.593132547807,1348015
2023-01-16,2458.123779296875,2487.3227919121446,2445.7246955692203,2487.3227919121446,930068
2023-01-17,2524.803955078125,2531.8552440285057,2462.5723729118167,2466.026961468533,1892865
2023-01-18,2542.455810546875,2549.3652185945693,2517.6578731990176,2525.22977657706,2038075
2023-01-19,2507.95654296875,2535.9253091933156,2472.131880238682,2527.2176659301786,1649842
2023-01-20,2412.361083984375,2465.601029437684,2400.340733626147,2413.5441938833374,4569549
2023-01-23,2457.461181640625,2464.654582376025,2415.437209763293,2423.009113242175,1388360
2023-01-24,2461.34228515625,2470.333922037228,2442.6965159446177,2464.654993480821,1462462
2023-01-25,2482.0224609375,2500.620854422796,2455.189438445395,2461.3416093590013,1591810
2023-01-27,2472.3681640625,2504.927484999918,2440.2349475217848,2494.4687479613276,1581382
2023-01-30,2430.722900390625,2470.3335129424054,2394.803729434912,2470.3335129424054,2744039
2023-01-31,2438.86279296875,2451.593009512975,2405.215100575178,2430.581023515572,2366794
2023-02-01,2436.49658203125,2463.708110334017,2410.5629048792493,2461.0578978840813,2014615
2023-02-02,2493.853759765625,2498.4914580898353,2425.848511065157,2432.0006824744128,1980667
2023-02-03,2507.010009765625,2515.244408886857,2490.351729068288,2498.728240030675,1638238
2023-02-06,2496.45654296875,2503.460460901495,2460.6318840183976,2490.209630484625,1697446
2023-02-07,2462.004150390625,2503.9809789887977,2456.4199645033896,2503.46036445582,1495745
2023-02-08,2444.589111328125,2467.9673173617275,2440.3772861867856,2453.9592495561014,1061956
2023-02-09,2448.280029296875,2460.7736224664864,2428.6877773858782,2448.5640218617564,1102484
2023-02-10,2439.57275390625,2448.233026441154,2418.6081377046994,2446.6714137139306,1523011
2023-02-13,2442.88525390625,2452.1135108708318,2413.5441291983484,2423.0090081363815,1146525
2023-02-14,2441.56005859375,2462.7612932070497,2432.6629344922144,2446.671000361346,1944364
2023-02-15,2412.077392578125,2434.1779806808,2401.240150765664,2413.544495251259,2009134
2023-02-16,2391.86962890625,2424.8072224749017,2387.847055391145,2423.0089879221355,1982857
2023-02-17,2380.890380859375,2409.9948846206253,2372.750492255035,2389.8820161677286,1395341
2023-02-20,2377.05712890625,2406.918870108475,2373.9810430518055,2383.2566712281323,632091
2023-02-21,2381.50537109375,2407.8177801990973,2377.8615314255153,2392.721344828088,862797
2023-02-22,2360.588134765625,2388.5095271243335,2349.8927755451964,2381.505378192057,885515
2023-02-23,2357.3701171875,2381.268937894084,2347.3848541888447,2358.647968348811,757215
2023-02-24,2351.265380859375,2376.8679267937805,2339.670903167698,2358.837284658021,732783
2023-02-27,2336.074462890625,2353.9158556342118,2324.574725145808,2353.9158556342118,853991
2023-02-28,2328.975341796875,2341.942410793656,2305.3131444686555,2337.5884740548054,1780454
2023-03-01,2334.27587890625,2337.825208676508,2317.0024740243284,2326.467353411683,967339
2023-03-02,2323.959228515625,2337.825184242716,2313.216498092793,2334.275854509554,827174
2023-03-03,2338.771484375,2356.660012363278,2324.242803403406,2334.039045110785,1176008
2023-03-06,2351.880859375,2365.131691713863,2343.1258451511085,2349.1359054591003,1214503
2023-03-08,2352.116943359375,2367.5445097640745,2335.1746729557717,2353.9151777635657,1448340
2023-03-09,2329.68505859375,2358.6003080932005,2325.4258633473014,2351.8803831278155,1038910
2023-03-10,2333.518798828125,2338.298609454509,2314.2579066288986,2318.895605409248,772024
2023-03-13,2323.72265625,2355.3352613192606,2314.1630355336915,2334.039282464656,1314549
2023-03-14,2311.74951171875,2339.71827763631,2309.19404039773,2330.2533978724096,1250763
2023-03-15,2277.3447265625,2327.8870901657224,2264.945642108792,2320.693689385896,1738040
2023-03-16,2327.745361328125,2337.1628707375603,2278.9064879697203,2295.186035397131,1628035
2023-03-17,2316.434326171875,2350.318638214497,2309.24115698828,2339.386657074509,2127178
2023-03-20,2376.8203125,2381.9786252187464,2295.233103649422,2316.4343396815416,1561128
2023-03-21,2330.821044921875,2388.2254399309595,2327.1769743110062,2380.4169152586396,1595161
2023-03-22,2343.83544921875,2348.615028345868,2323.0598545484304,2340.2861195246614,1063244
2023-03-23,2352.116943359375,2366.2668898693473,2334.0389338017503,2342.5573240710996,1578627
2023-03-24,2348.04736328125,2364.2321686543496,2337.82524715941,2339.907474443672,1449326
2023-03-27,2365.273193359375,2370.9521205943315,2332.146117822129,2352.0223631444765,1387736
2023-03-28,2349.940185546875,2378.9973176293265,2339.623328873672,2375.495358642555,1412387
2023-03-29,2395.41943359375,2403.89045563756,2347.337793237771,2352.0228629870344,2613254
2023-03-31,2423.34033203125,2431.0067452010458,2381.8841167397177,2421.8732296044172,2146167
2023-04-03,2400.38818359375,2432.4740326839024,2380.464566021321,2432.4740326839024,918048
2023-04-05,2444.541748046875,2450.0314243612925,2368.112846234936,2378.0509696903587,1489612
2023-04-06,2427.978271484375,2446.6714089414713,2416.3837938211127,2437.2065292163593,797414
2023-04-10,2396.649169921875,2431.4799697869917,2389.8818740752467,2427.9780108798127,853322
2023-04-11,2411.41455078125,2418.27658806637,2397.4538542356613,2404.0792695454325,913184
2023-04-12,2393.62060546875,2419.2231502023587,2383.871733569996,2419.2231502023587,1109809
2023-04-13,2400.482666015625,2425.233464279976,2389.8820473081432,2389.8820473081432,1261711
2023-04-17,2415.295166015625,2440.99221928254,2405.4041829028697,2435.3132920566018,1566977
2023-04-18,2405.0732421875,2423.009142554852,2394.6145041655373,2423.009142554852,1474786
2023-04-19,2396.12939453125,2411.6517071230696,2375.9217809284482,2411.6517071230696,1320243
2023-04-20,2359.2158203125,2396.8858536854373,2347.289980400972,2383.0672690594097,1401364
2023-04-21,2364.279541015625,2375.2115231112857,2352.6376929537028,2358.647983898515,1206288
2023-04-24,2365.983154296875,2370.8574746055406,2342.6523197332685,2368.112752095522,1735797
2023-04-25,2357.1806640625,2365.9830474479513,2345.444306932658,2357.55939785529,1701098
2023-04-26,2376.44189453125,2383.2565612791695,2349.372247830502,2356.754899755811,1245903
2023-04-27,2336.831298828125,2387.0425290910475,2325.5208144237527,2379.4232551362525,2743893
2023-04-28,2325.8046875,2335.74281012788,2289.554155889742,2305.691820276909,3761927
2023-05-02,2320.50439453125,2345.397073120602,2318.895411277431,2339.5288942134157,1760370
2023-05-03,2352.968994140625,2356.7549458608837,2321.4035292425083,2325.4734735570173,1258140
2023-05-04,2372.60888671875,2375.0698480453902,2347.4322125044064,2353.8683773711587,1150227
2023-05-05,2366.929443359375,2385.149334106018,2361.2031457666326,2366.2195774861293,1354871
2023-05-08,2381.647705078125,2391.6331992928026,2363.5223219595014,2371.6622108634474,972810
2023-05-09,2381.174072265625,2389.8817138791874,2366.2668892978636,2389.8817138791874,1651327
2023-05-10,2387.705078125,2399.3469259929784,2371.75689499437,2386.0960948435104,2025658
2023-05-11,2453.67529296875,2459.9222059298563,2388.5571062375384,2401.1925818470027,1749356
2023-05-12,2483.01611328125,2498.7279038952875,2447.9960631130207,2455.1894631455966,2170011
2023-05-15,2519.78759765625,2527.8327453997294,2482.685315454495,2496.787893774364,1561055
2023-05-16,2532.706787109375,2535.073006773357,2508.7608289707878,2527.122601132833,1477905
2023-05-17,2519.314453125,2530.9089312130177,2505.4011256346134,2529.0159551986476,839404
2023-05-18,2486.944091796875,2526.365216659521,2481.5491574941975,2522.8632579771606,1434067
2023-05-19,2500.100341796875,2507.246371441466,2461.4835904269426,2487.9852508272297,1174757
2023-05-22,2496.929931640625,2513.3513587848156,2482.6852419016027,2493.9957265906437,768232
2023-05-23,2487.654296875,2508.0037875682942,2484.530840460333,2491.1562560348934,703864
2023-05-24,2475.0185546875,2496.835147586533,2468.440509820196,2479.7983649267308,628872
2023-05-25,2458.265625,2485.6190320642017,2442.459323756377,2470.3333453652904,1072231
2023-05-26,2510.417236328125,2514.534319985662,2463.8027079525486,2464.41783264786,947073
2023-05-29,2508.47705078125,2536.161823215901,2503.50798906221,2527.122817111749,698267
2023-05-30,2514.392333984375,2522.3901100693683,2508.997399476377,2513.398475530659,948051
2023-05-31,2524.803955078125,2536.58768373697,2496.835190185868,2514.3925877195034,3388305
2023-06-01,2553.52978515625,2585.095251180072,2512.45229995698,2524.2833995047145,1541080
2023-06-02,2571.323486328125,2591.672975027533,2547.6139195584715,2564.9820639719082,1509260
2023-06-05,2551.542236328125,2576.3401741550915,2540.515513175117,2571.0871198698524,1000190
2023-06-06,2547.140869140625,2562.9945417736317,2527.2646228544672,2555.5173796488234,655372
2023-06-07,2570.8505859375,2581.072702260696,2535.9726427796395,2546.0526472611928,1428490
2023-06-08,2536.492919921875,2575.914280987985,2531.7604802555584,2562.1428353437727,923536
2023-06-09,2495.13134765625,2545.058584219,2479.893031161459,2545.058584219,1413808
2023-06-12,2501.99365234375,2514.8186109331446,2492.1028989789124,2503.4607549560283,775484
2023-06-13,2532.706787109375,2552.6777735038395,2486.896866845138,2488.8845837933386,1787924
2023-06-14,2554.33447265625,2557.505299865189,2510.086158956693,2528.069430834588,1536248
2023-06-15,2545.7685546875,2572.0809655177795,2534.8365728138583,2568.720887130483,1830192
2023-06-16,2570.329833984375,2578.23310056672,2539.6163471183318,2545.76851861381,1748145
2023-06-19,2560.406005859375,2587.2671552212655,2552.5337056457015,2578.297597254088,1068263
2023-06-20,2553.583251953125,2557.686203575258,2526.86514409262,2547.7624281267213,1129279
2023-06-21,2554.060546875,2582.925647646169,2546.283528707355,2562.982347335304,1201840
2023-06-22,2532.8291015625,2555.3962681763737,2527.437629105136,2546.4742350703746,830052
2023-06-23,2520.66259765625,2538.744983854198,2507.1602719158145,2529.918466528957,991214
2023-06-26,2530.68212890625,2551.7702109107204,2521.187471642475,2521.187471642475,758700
2023-06-27,2529.966552734375,2539.747289419602,2515.3192099764915,2530.6822163942697,687747
2023-06-28,2539.413330078125,2564.557074272448,2521.0446286769024,2531.4932719721824,1397573
2023-06-30,2555.539306640625,2562.9344974808137,2529.966445976903,2543.8978915235925,1160181
2023-07-03,2577.39111328125,2581.9714072296324,2537.6955430131725,2563.98430099116,980665
2023-07-04,2576.389404296875,2582.7826203000327,2552.533946849682,2577.3913801023473,721907
2023-07-05,2629.68212890625,2633.0694168998043,2572.6675955919104,2576.341195617382,1717547
2023-07-06,2630.875,2638.41323032986,2610.40683395817,2633.5466244954214,1265020
2023-07-07,2574.576171875,2642.850296475034,2567.801129592601,2627.0581719224147,1178930
2023-07-10,2534.928466796875,2587.2196720077654,2529.632509066761,2585.835869213727,1518183
2023-07-11,2561.5986328125,2592.3721682597725,2524.8612339064534,2535.453148594602,2476367
2023-07-12,2551.245361328125,2581.112437160341,2521.521558001949,2581.112437160341,2395826
2023-07-13,2533.1630859375,2564.413732937298,2529.8233221359947,2562.028187364794,1495067
2023-07-14,2554.3466796875,2563.5072678557194,2529.680278287794,2533.449393693257,1419016
2023-07-17,2558.927001953125,2579.4426940677295,2547.7626951625157,2547.7626951625157,912701
2023-07-18,2559.976806640625,2577.4390474739866,2554.728606185778,2562.6009068680487,1215904
2023-07-19,2549.28955078125,2573.4310859545835,2539.079229212013,2559.928991003643,1166542
2023-07-20,2579.49072265625,2591.943318562052,2536.503139929029,2546.8565020835513,1430764
2023-07-21,2484.7841796875,2553.8219592785504,2473.333561347926,2528.678216655866,5198952
2023-07-24,2462.12158203125,2486.644943890536,2457.111936335808,2484.7842649392014,1777469
2023-07-25,2450.575439453125,2468.180952061506,2444.9934026192527,2462.0738156481693,1653775
2023-07-26,2465.031982421875,2479.8223648804947,2454.5355819673705,2461.4059065812685,1300033
2023-07-27,2452.19775390625,2464.745630150409,2436.1190839233427,2443.752829583894,2276136
2023-07-28,2466.272216796875,2475.003219305642,2447.760245711061,2452.3405392252525,966450
2023-07-31,2443.562255859375,2464.6503403958914,2437.0735248621963,2457.1598665599568,2003252
2023-08-01,2434.30615234375,2455.9668589723788,2428.4853281165274,2452.3407832060807,1758897
2023-08-02,2451.338623046875,2455.632604639891,2419.8971821973637,2421.8056184609263,2082908
2023-08-03,2434.496826171875,2443.800453185906,2421.042256996987,2440.842283719155,1475310
2023-08-04,2429.439697265625,2441.796777177096,2418.991053879893,2434.4971006515216,1359318
2023-08-07,2451.5771484375,2456.1574420082857,2422.5212532628343,2423.714025913382,803823
2023-08-08,2448.380859375,2466.844841749746,2438.5523653314685,2451.577350563966,1002061
2023-08-09,2435.355712890625,2451.338868196379,2424.668515338569,2448.380931470091,1212549
2023-08-10,2420.5654296875,2434.592391610331,2411.8821832416734,2432.350118462447,1313334
2023-08-11,2387.26318359375,2420.5175487019674,2384.591325991549,2418.9431818281623,1472199
2023-08-14,2417.13037109375,2423.714383911913,2374.190549331531,2387.263292919785,1060479
2023-08-16,2435.737548828125,2438.0753369006125,2408.8284083521016,2417.9889965520374,1155882
2023-08-17,2426.815185546875,2443.4184873201357,2417.0344500109054,2435.7372179772433,1532873
2023-08-18,2437.788818359375,2450.193654307578,2416.175870450372,2416.175870450372,1970819
2023-08-21,2445.4228515625,2457.016510263372,2422.8079253400365,2437.7891054645584,977004
2023-08-22,2448.333251953125,2457.112013330394,2436.119211663105,2455.7762009551248,960025
2023-08-23,2456.20556640625,2465.222882398685,2445.1842988761878,2457.1120271633886,1136112
2023-08-24,2463.07568359375,2473.0949745100634,2449.4303169912287,2466.6540017781476,1143934
2023-08-25,2446.18603515625,2462.5507835787557,2434.6876596204243,2449.478041248532,802955
2023-08-28,2438.695556640625,2450.4324878127904,2422.7601583164624,2447.5698330373084,619841
2023-08-29,2410.498046875,2441.7486907746006,2406.6336498016562,2441.7486907746006,958564
2023-08-30,2416.03271484375,2419.897345130354,2404.629853993885,2410.4982027140945,1227377
2023-08-31,2390.364501953125,2423.5235865317863,2377.053203801286,2416.1283950070488,3235414
2023-09-01,2390.1259765625,2399.381847216979,2385.545682259872,2390.364531130726,813413
2023-09-04,2386.881591796875,2398.90483571016,2377.912032851917,2398.90483571016,1143301
2023-09-05,2392.272705078125,2407.9217898505804,2387.549371738417,2395.087602081513,844088
2023-09-06,2407.969482421875,2410.4505427775584,2392.6542346431925,2398.379543497772,1094146
2023-09-07,2392.654296875,2406.3951782614326,2385.5454181216815,2395.087599794168,1894798
2023-09-08,2398.7138671875,2405.631949453119,2387.0246937042134,2389.362481808183,1018234
2023-09-11,2420.135986328125,2422.6645714527635,2394.1812970595506,2398.7138336529692,1121083
2023-09-12,2384.4482421875,2432.302191730767,2374.0948815324236,2432.302191730767,3946716
2023-09-13,2391.795654296875,2394.1334422731693,2377.9117330190265,2379.820169401867,1231305
2023-09-14,2386.30908203125,2398.9047165277284,2378.9616479885913,2396.042061734736,2081195
2023-09-15,2356.6328125,2376.0034899545676,2353.102251497174,2361.4994188575743,3750697
2023-09-18,2374.715087890625,2378.8182728429147,2349.2852654286894,2358.207299000642,1499641
2023-09-20,2353.913330078125,2366.4612065970864,2333.0635686007568,2337.500590177752,1795159
2023-09-21,2360.115966796875,2369.3240803676536,2331.0598326825757,2353.102368983743,2223720
2023-09-22,2368.799072265625,2376.0034667192494,2345.4684824079977,2355.010665005264,1176741
2023-09-25,2362.501220703125,2385.259184966629,2347.3767690666537,2368.7989210371984,1122778
2023-09-26,2365.458984375,2375.048923164469,2348.5693700837887,2360.735651228966,1263548
2023-09-27,2387.21533203125,2390.125744073198,2355.9646866334188,2362.6442138940242,1086791
2023-09-28,2347.710693359375,2386.49956755551,2340.8878938819985,2385.5453494157437,1612346
2023-09-29,2352.720703125,2359.591028203127,2338.311913796658,2352.6729456179296,1249567
2023-10-03,2355.869140625,2384.5912006529666,2349.0943314136016,2376.003237145213,1585626
2023-10-04,2393.0361328125,2396.0895843663584,2352.290830548836,2354.103984851398,1587335
2023-10-05,2404.20068359375,2409.2103295004617,2381.1086481021675,2402.7215986857464,1909928
2023-10-06,2384.97265625,2404.629642545056,2379.8199716299087,2404.581885046769,1083342
2023-10-09,2396.328125,2401.290012866647,2367.41526800006,2371.232140661084,1468771
2023-10-10,2401.003662109375,2405.440916284318,2388.742098661599,2397.1867895098962,1092373
2023-10-11,2439.36328125,2446.5676751580454,2401.0515142086524,2403.0554655876986,1697398
2023-10-12,2439.93603515625,2450.003084162273,2422.950903923054,2438.0275986797883,1625010
2023-10-13,2451.815673828125,2458.7337551190826,2426.2903394097643,2436.1665900242865,1531977
2023-10-16,2441.1767578125,2463.7916852478393,2435.737760018703,2442.798882352621,954899
2023-10-17,2439.124755859375,2452.3407710991128,2429.8688859230097,2441.1764647650048,1253538
2023-10-18,2431.5869140625,2453.53393614567,2423.285260997646,2452.388920716632,1084689
2023-10-19,2431.44384765625,2437.455236833209,2409.4013107958613,2409.4013107958613,1272343
2023-10-20,2380.91748046875,2427.1017817460606,2371.280016297584,2404.6298962420647,3608160
2023-10-23,2369.80078125,2395.03980478579,2366.7950872556053,2379.820071849205,922707
2023-10-25,2363.884765625,2376.003290029655,2352.1478353104817,2361.7377747002747,1435836
2023-10-26,2363.025634765625,2376.003094248893,2343.2256089802177,2348.3307690548295,2650560
2023-10-27,2368.41748046875,2380.774560351634,2351.0507547173906,2354.342761123986,1784812
2023-10-30,2365.411376953125,2377.911728421933,2349.6667768251305,2357.8731464408493,875135
2023-10-31,2370.27783203125,2377.9115770619464,2354.8195449367718,2357.1095752606166,920414
2023-11-01,2359.066162109375,2379.772652362786,2353.865719033344,2371.232445279319,1267131
2023-11-02,2390.353515625,2399.1966615134816,2367.7649252621927,2379.0111126786323,1595123
2023-11-03,2411.932861328125,2415.05681541772,2389.3923779852994,2400.1579574519587,1125583
2023-11-06,2400.542236328125,2420.1030879528025,2394.4867595025,2417.4597423101177,1338677
2023-11-07,2399.62939453125,2408.0400406939307,2388.863814377428,2399.1968939487215,1473411
2023-11-08,2421.641357421875,2427.072137841694,2400.830875317947,2401.1192872588317,745022
2023-11-09,2380.645263671875,2424.188425464951,2377.136916718744,2422.314099905442,1823094
2023-11-10,2390.11328125,2392.0838222948596,2369.7355354324045,2380.9336154108005,771062
2023-11-13,2382.0390625,2390.738120537505,2375.1664569890236,2381.125953572758,760809
2023-11-15,2389.968994140625,2405.973392229623,2379.972434809914,2404.8678522745317,1457029
2023-11-16,2394.582763671875,2408.6166199984764,2379.3476212589244,2384.0093809981963,1420578
2023-11-17,2430.724609375,2435.242280505872,2369.3989427459933,2369.3989427459933,1756043
2023-11-20,2409.241455078125,2436.203629376514,2403.0416545438093,2436.1555216090155,944231
2023-11-21,2408.08837890625,2419.382676262661,2401.1195571331455,2407.8480747071776,1088806
2023-11-22,2424.09228515625,2426.3512382545014,2406.8866002136365,2410.4911628137966,816610
2023-11-23,2422.169677734375,2429.715322104033,2409.0010569157093,2409.0010569157093,1023670
2023-11-24,2417.65234375,2422.0740347073847,2410.2029138725334,2417.556362877398,735137
2023-11-28,2413.1826171875,2433.5603641585562,2403.041734135041,2433.5603641585562,1880641
2023-11-29,2427.1201171875,2430.580356278902,2410.827542118069,2414.576193135095,1265214
2023-11-30,2446.825439453125,2455.4282827636653,2418.5655251078015,2418.5655251078015,3095684
2023-12-01,2464.222900390625,2481.81321151669,2443.412654382418,2448.6993458061406,1345599
2023-12-04,2501.374267578125,2507.2375486501332,2475.1330047102824,2477.055438111999,2188039
2023-12-05,2463.8388671875,2534.728603442285,2457.1584576206137,2534.728603442285,3108717
2023-12-06,2468.06787109375,2483.495445470624,2463.5983074792334,2470.3268241208075,1573754
2023-12-07,2420.583740234375,2460.522337513956,2401.6959276222537,2452.159799899551,3925967
2023-12-08,2424.476806640625,2435.6748867600672,2411.019773521691,2421.304744756755,1605805
2023-12-11,2406.55029296875,2431.8303411708434,2402.0807288187652,2424.4771266861426,2012243
2023-12-12,2405.684814453125,2420.3433674130333,2400.157819074799,2403.041468837404,1677929
2023-12-13,2414.47998046875,2419.093867268127,2401.1672708282504,2410.5872408203054,1513205
2023-12-14,2418.7578125,2426.8800469344105,2404.1952382366917,2423.56389615019,2166569
2023-12-15,2425.053466796875,2433.8006324489797,2409.770215461924,2422.266032295193,2543337
2023-12-18,2437.164794921875,2445.81574469679,2417.459853767902,2422.410025603624,1969036
2023-12-19,2461.3876953125,2467.395300025681,2436.6844716663104,2436.732579438428,1656220
2023-12-20,2458.3115234375,2473.1622733895497,2448.218748854472,2473.1622733895497,1468642
2023-12-21,2454.178466796875,2479.9391216617246,2437.64558625354,2443.6531907149297,1945695
2023-12-22,2475.709716796875,2479.6986720564782,2448.02663012791,2459.945622811475,1174984
2023-12-26,2484.5048828125,2491.137184220364,2467.4913940371575,2475.7098438144135,893776
2023-12-27,2507.141357421875,2510.697811982238,2480.803881224971,2485.70617985684,1073278
2023-12-28,2531.652587890625,2537.612084487968,2505.747844795886,2512.476361686574,1635216
2023-12-29,2560.633056640625,2563.6610299017602,2519.5891524788576,2531.6524684122573,1305681
2024-01-01,2551.7900390625,2565.8717698748246,2535.689659307609,2560.5372049175576,526353
2024-01-02,2512.42822265625,2551.020978758828,2505.8919022522155,2545.3017864073136,1310629
2024-01-03,2505.45947265625,2526.6543481330496,2494.8860888029035,2498.2022395315885,1008270
2024-01-04,2492.002197265625,2521.2711964354744,2487.676722471893,2505.4592299572364,1376844
2024-01-05,2518.435791015625,2527.903634441405,2494.357266422686,2494.357266422686,1150738
2024-01-08,2478.2568359375,2524.1549311245517,2466.9625402631996,2523.145606704356,1189828
2024-01-09,2479.69873046875,2488.589984759606,2471.816800626399,2482.390184107417,1017205
2024-01-10,2477.439453125,2493.684153695489,2465.520461720768,2479.9387100349245,881278
2024-01-11,2437.837646484375,2488.5899330735856,2433.6564948160362,2479.9389831324256,2399600
2024-01-12,2445.335205078125,2455.908588433416,2414.432183049432,2435.2424300571656,2979841
2024-01-15,2473.402587890625,2478.7373871269424,2432.839292997883,2447.2575424625093,1391204
2024-01-16,2469.4619140625,2484.3607728897164,2457.206401156241,2473.402761723246,1599406
2024-01-17,2463.502197265625,2471.6246661535556,2441.250124432753,2450.1413789463877,3047652
2024-01-18,2449.18017578125,2470.3269433900364,2439.1355081014863,2470.3269433900364,1273095
2024-01-19,2465.905029296875,2474.123478353003,2433.8004879767354,2465.5206365167164,1323064
2024-01-23,2283.418212890625,2384.2978512994473,2273.709831056434,2355.9419607074965,4369332
2024-01-24,2346.954345703125,2351.0395161281167,2275.343711194449,2295.385170559978,1551469
2024-01-25,2334.12255859375,2372.2828146337984,2326.3366094581024,2359.5948011333753,2364765
2024-01-29,2349.597900390625,2354.019590877666,2316.5321412883522,2316.5321412883522,1587091
2024-01-30,2363.295166015625,2397.8029837268405,2352.385498102803,2358.825602569055,1793711
2024-01-31,2385.30712890625,2389.4882803625414,2347.050660838892,2354.9806978827833,1445004
2024-02-01,2377.665771484375,2414.143899058984,2372.6193837064475,2379.107596563783,1727534
2024-02-02,2357.480224609375,2390.4497704134455,2347.291233494428,2380.933818741072,1956115
2024-02-05,2325.66357421875,2369.158625565474,2319.1753621394046,2368.4377131122133,1315445
2024-02-06,2332.248046875,2346.666296218703,2324.2699019704123,2330.902202799705,1557511
2024-02-07,2331.3828125,2345.272345774969,2318.021995302354,2345.272345774969,1149076
2024-02-08,2323.30859375,2347.0987042291736,2305.9585874560375,2347.0987042291736,1758661
2024-02-09,2330.133056640625,2334.2663348301853,2312.7832852722836,2323.3085597899685,886474
2024-02-12,2293.12646484375,2335.6124295793047,2289.6181178518773,2330.085433702878,1292460
2024-02-13,2301.152587890625,2307.8329964640893,2287.7917707436964,2297.307721411276,957865
2024-02-14,2295.33740234375,2301.1528103904666,2278.083609283795,2292.501859975465,1397975
2024-02-15,2259.67626953125,2292.213312532259,2255.735187373002,2276.4975610105416,2553695
2024-02-16,2283.130126953125,2289.6183401336043,2266.164744875956,2278.035631151077,2363302
2024-02-19,2294.568359375,2302.0658965950224,2281.7362571893896,2296.8273124965353,576683
2024-02-20,2310.861083984375,2315.042235684377,2276.3532648212054,2278.179717292503,1032995
2024-02-21,2313.744873046875,2328.835928697773,2301.24905561955,2310.8612228713387,1127778
2024-02-22,2295.481689453125,2326.4328201820526,2273.9984023925185,2326.4328201820526,2258516
2024-02-23,2301.248779296875,2312.2065547793372,2291.4922899045896,2295.9139801782985,1210775
2024-02-26,2311.005126953125,2313.2159721788876,2287.6956232290477,2298.365221895274,831596
2024-02-27,2312.0146484375,2315.5229956344447,2296.490857439168,2310.8131275245664,1120424
2024-02-28,2327.63427734375,2330.9504279253597,2307.8812278139335,2317.5896100629743,629152
2024-02-29,2318.7431640625,2334.603240103048,2304.2768053456502,2330.9505695956627,2848084
2024-03-01,2316.243896484375,2344.2153970650215,2310.765008083479,2323.212717744194,2326244
2024-03-04,2328.066650390625,2333.737734571899,2311.1491440334266,2322.491547068001,1501261
2024-03-05,2306.77587890625,2326.1443005982023,2298.365233191277,2311.726050801106,1587199
2024-03-06,2307.68896484375,2315.4268057589834,2283.1779404324334,2310.7648111688027,1354111
2024-03-07,2325.711669921875,2331.9114700533587,2309.8034882680217,2311.6778137023744,1820704
2024-03-11,2297.16357421875,2319.4156445318367,2291.1078627337656,2315.5707781505157,2040761
2024-03-12,2285.917236328125,2292.5016641169373,2269.2402685894435,2287.695580963652,1012157
2024-03-13,2222.90966796875,2282.889491692188,2214.499022473042,2282.889491692188,2322669
2024-03-14,2244.05615234375,2250.8806487439997,2212.576311722207,2215.459961244791,2292515
2024-03-15,2237.423828125,2246.315081656082,2226.081425334729,2239.6827809990023,2751403
2024-03-18,2210.750244140625,2234.8287687773436,2207.914701884541,2230.791705677831,2487402
2024-03-19,2179.0302734375,2214.5471855616215,2159.7099574862964,2194.6981534613324,4220638
2024-03-20,2154.999755859375,2177.588348542376,2153.1254302094503,2162.7375973086,2995013
2024-03-21,2155.384033203125,2171.5322835687643,2147.3577811103855,2147.3577811103855,3504486
2024-03-22,2169.033447265625,2178.116897542949,2145.4836396796577,2152.212156132791,3507809
2024-03-26,2153.12548828125,2171.5326949037612,2145.435754394531,2145.531969936937,3027027
2024-03-27,2152.8369140625,2175.233309253919,2149.2804593423607,2162.7374926298353,2168861
2024-03-28,2176.53125,2199.16771681085,2153.221743723947,2157.9316119480163,3186360
2024-04-01,2197.244873046875,2205.9920377407097,2174.271890792804,2181.9616233862357,1427873
2024-04-02,2198.014404296875,2208.8762010449564,2188.7387560681905,2208.8762010449564,1221495
2024-04-03,2177.34814453125,2193.3525442908262,2173.359188870415,2193.3525442908262,1175309
2024-04-04,2177.107666015625,2193.496457295735,2162.0166111185067,2181.961857169728,1890255
2024-04-05,2179.0302734375,2192.054807387964,2170.5236459682587,2177.1078399295957,1153449
2024-04-08,2180.95263671875,2200.1769711787706,2179.2705074534983,2188.6904782733186,1127294
2024-04-09,2176.338623046875,2186.3835249561675,2168.2644969116745,2182.9230510856314,1189343
2024-04-10,2173.214599609375,2188.5940657934834,2170.1387533069596,2188.5940657934834,2308993
2024-04-12,2145.72412109375,2177.011772119853,2142.1676661805636,2173.2147783557252,3388551
2024-04-15,2108.95751953125,2141.350474956183,2105.064545013597,2141.3023671874134,4909564
2024-04-16,2134.670166015625,2144.714833933699,2087.810850316233,2098.336126600455,2821129
2024-04-18,2128.90283203125,2150.9146009846795,2123.3758359077597,2129.1431362105322,3392171
2024-04-19,2145.051025390625,2156.7297130319407,2110.831621088865,2133.9008191335524,2337694
2024-04-22,2154.567138671875,2166.149846333918,2142.600038215488,2162.7374802639833,1804108
2024-04-23,2174.9931640625,2185.326243949218,2161.4880220203318,2165.62130090943,1991778
2024-04-24,2172.58984375,2180.375792163384,2158.555987368747,2178.1649470249645,1404398
2024-04-25,2144.330322265625,2152.981272376825,2129.1911595710244,2151.251035420177,4951866
2024-04-26,2136.447998046875,2167.543449157478,2132.5552585254745,2157.931283085826,2307512
2024-04-29,2139.7646484375,2147.3581667069893,2133.901132537832,2147.3581667069893,1395292
2024-04-30,2143.94580078125,2153.3657716357725,2138.7072165560066,2145.4838414125384,2119102
2024-05-02,2139.95654296875,2156.201009483979,2119.530690414858,2119.530690414858,2140383
2024-05-03,2131.0654296875,2148.9439186486993,2118.521505418379,2145.4355717304093,2595307
2024-05-06,2168.697021484375,2173.7915168110444,2126.211291260681,2138.7071080718874,1619256
2024-05-07,2287.118896484375,2296.9234944521527,2171.3885009699343,2178.1170177945423,8277810
2024-05-08,2250.25634765625,2280.246261031328,2234.8287730626357,2274.623049604483,1813439
2024-05-09,2235.453125,2270.4896551914408,2229.4936294593995,2249.823499834582,1558987
2024-05-10,2270.922607421875,2279.0448417666416,2230.9840057951815,2230.9840057951815,2610266
2024-05-13,2269.095947265625,2289.2814965269827,2256.840435214087,2281.928283164871,1170617
2024-05-14,2258.474609375,2280.294179184719,2255.735048205718,2269.0479919382315,689430
2024-05-15,2233.19482421875,2264.4343672229857,2227.763809016323,2258.4267627990944,812282
2024-05-16,2252.274658203125,2257.032868270841,2212.095990708857,2246.363269783034,1880021
2024-05-17,2230.359130859375,2260.6853282003162,2225.3127434849703,2260.6853282003162,1264582
2024-05-21,2221.083251953125,2234.636500499877,2212.4804099252933,2217.5267973053774,1663959
2024-05-22,2275.103515625,2281.92824747066,2221.0831887144805,2221.3716006338227,1914851
2024-05-23,2290.0986328125,2294.2319112772707,2263.665175350866,2275.103559438179,1614718
2024-05-24,2277.17041015625,2290.819640002725,2272.9890237524455,2286.253860797852,974100
2024-05-27,2292.02099609375,2306.871745716128,2270.874230770176,2277.1702464713717,1116934
2024-05-28,2303.027099609375,2315.571024447078,2286.3020229404683,2297.30790719324,1631747
2024-05-29,2281.3515625,2302.1139365481226,2277.5066958001285,2288.8490994991575,1592495
2024-05-30,2260.205078125,2280.43873859623,2243.528107533288,2276.161370792457,1837380
2024-05-31,2238.721923828125,2285.24472076957,2227.7160389489504,2261.743018110778,5529186
2024-06-03,2264.5302734375,2294.8567065039656,2253.380300797559,2288.6569058773034,1207445
2024-06-04,2399.485107421875,2412.701836012871,2251.2655508121684,2281.9282672744675,7826048
2024-06-05,2501.806884765625,2618.306307405162,2427.0722827905884,2435.2907329003897,11061076
2024-06-06,2450.71826171875,2499.1634909043833,2420.343719268168,2499.1634909043833,4102547
2024-06-07,2477.824462890625,2495.799168294792,2427.0721740590598,2456.197087082178,3974253
2024-06-10,2465.85693359375,2493.059173814988,2447.2572997601565,2478.9774454365447,1449122
2024-06-11,2457.206298828125,2476.766917025401,2452.352107768287,2466.4819457138465,1402423
2024-06-12,2430.628173828125,2468.404030101699,2419.38198744781,2468.404030101699,1754677
2024-06-13,2390.93017578125,2408.6167027553947,2351.568401318949,2391.4588918675045,3123098
2024-06-14,2406.79931640625,2436.5475426423045,2397.724285194477,2400.2478917119292,1729552
2024-06-18,2413.108154296875,2424.512486448906,2400.3934423908386,2406.9448672441335,1820933
2024-06-19,2384.71875,2421.600847069597,2379.380551739927,2421.600847069597,986976
2024-06-20,2409.17724609375,2416.7478288529137,2374.6730278925506,2384.7186407596823,2163310
2024-06-21,2369.480712890625,2405.1010072938175,2355.164635466257,2402.189262732929,3646215
2024-06-24,2370.35400390625,2395.2495606319985,2355.6497895105103,2363.3658647573675,1945519
2024-06-25,2360.648193359375,2374.7216246112826,2356.474645665412,2367.5879930137835,833789
2024-06-26,2373.654052734375,2394.4244006645386,2360.8421882229086,2365.3069576082207,1738656
2024-06-27,2389.716796875,2410.1475818616186,2364.336189135392,2377.875751693822,3402726
2024-06-28,2400.29638671875,2417.232984813931,2390.396503797189,2390.5419962243377,2129791
2024-07-01,2431.40380859375,2448.777122647256,2378.021826134139,2388.649646159423,3312865
2024-07-02,2412.040283203125,2441.0122329179167,2406.411100622321,2441.0122329179167,1305210
2024-07-03,2436.499267578125,2445.71979146585,2401.5097584861905,2413.496297365214,1406405
2024-07-04,2422.52294921875,2462.219876410053,2419.5626281278155,2441.061151430241,1977010
2024-07-05,2472.07080078125,2478.86487051249,2422.522573421036,2422.522573421036,1754286
2024-07-08,2511.03955078125,2518.6587094834504,2461.637052765858,2484.688360800629,2818809
2024-07-09,2513.951171875,2537.099631698892,2492.4528899015895,2511.039427844741,1479529
2024-07-10,2533.654296875,2548.746885802939,2497.3060689912268,2505.0707205854474,1764036
2024-07-11,2532.1015625,2540.060283161406,2513.854583474437,2540.0117066962384,1432671
2024-07-12,2545.107177734375,2561.8497075526293,2524.4823221611628,2524.4823221611628,1912642
2024-07-15,2543.214599609375,2551.9012561227323,2536.760090845706,2550.688029320354,920101
2024-07-16,2609.359619140625,2644.834418084959,2547.3395600466733,2548.698279276291,3298003
2024-07-18,2657.840087890625,2670.2635775618123,2576.8936915714958,2620.5698558354193,5569762
2024-07-19,2646.775634765625,2662.3049380865823,2636.0506622679163,2658.4226122563427,1668862
2024-07-22,2654.83154296875,2669.0504667245777,2626.0536602007933,2626.102236665979,1911629
2024-07-23,2684.968017578125,2728.5956052035795,2651.6284508740205,2665.2165908126135,3906259
2024-07-24,2637.1181640625,2676.3295567061523,2596.402322900649,2667.1576101328446,3611927
2024-07-25,2627.55810546875,2644.6890105715133,2591.452522213848,2637.118427721687,2166670
2024-07-26,2631.294921875,2646.7756488135715,2608.1950356707994,2643.863904425438,2135309
2024-07-29,2631.82861328125,2639.9814022401224,2613.581635609391,2631.4402385470876,957011
2024-07-30,2612.22265625,2673.3209442701027,2606.399167914487,2635.7109154365803,1560399
2024-07-31,2626.0537109375,2629.9360368935118,2596.3540595490326,2625.4229277529967,1751085
2024-08-01,2635.66259765625,2644.785968827308,2615.9111696630976,2634.1581489635837,1886392
2024-08-02,2613.33935546875,2678.3197417461824,2602.274583811602,2632.2171189040214,1738872
2024-08-05,2636.001953125,2661.334222675603,2587.764104503914,2597.227273238811,3118731
2024-08-06,2669.147705078125,2690.209276264947,2628.9654887487327,2640.0788365054686,2296031
2024-08-07,2663.323974609375,2700.0119994244997,2655.025456133828,2699.8662700374903,1713875
2024-08-08,2652.79296875,2678.0766609794014,2640.369479749004,2672.9811087568255,1464161
2024-08-09,2666.38134765625,2676.8636748479075,2638.622859990569,2674.9225119219846,1284031
2024-08-12,2667.837158203125,2682.1046579872973,2642.3108189254185,2657.451984181087,1297178
2024-08-13,2660.751953125,2676.5239020483646,2649.7845720557543,2661.334396791671,1051237
2024-08-14,2641.97119140625,2661.8681104387065,2626.9757559173618,2660.363661851899,946995
2024-08-16,2667.400390625,2672.593096011396,2630.9550108698363,2657.3547781329457,1727926
2024-08-19,2661.8681640625,2678.562117366071,2656.5299661657655,2669.1475248307747,1130327
2024-08-20,2670.1181640625,2675.165140246076,2654.588860754042,2661.8682216798816,1097889
2024-08-21,2709.086669921875,2712.872079436205,2662.2561188648465,2668.613474223842,1417729
2024-08-22,2710.639892578125,2727.333845951709,2700.254718563504,2720.4911994091617,1552947
2024-08-23,2732.769287109375,2738.010332274373,2689.821056977102,2716.851608794936,2111401
2024-08-26,2738.15576171875,2751.549833114722,2721.1222468451892,2732.7692242402322,1152244
2024-08-27,2685.50146484375,2741.018908091678,2678.367834036984,2726.363034801577,1357212
2024-08-28,2683.02685546875,2699.9148774708824,2664.9739461905906,2678.804731489039,1723549
2024-08-29,2703.31201171875,2727.333902856005,2664.246107950083,2688.462067987683,2129934
2024-08-30,2696.275390625,2733.448709240914,2678.902076663861,2713.4546356789924,4029712
2024-09-02,2707.000244140625,2726.2661437739175,2697.245853163385,2711.804574932889,957950
2024-09-03,2712.095703125,2744.7556730503247,2693.363434369963,2698.216341458918,2022116
2024-09-04,2757.66455078125,2760.188157340057,2690.111986931693,2698.216436840079,1640986
2024-09-05,2754.947021484375,2771.0101927605288,2740.5823678395104,2756.500046673475,1945173
2024-09-06,2755.43212890625,2782.123118479223,2744.9014624679285,2744.9014624679285,1672730
2024-09-09,2835.844970703125,2851.7624119394613,2759.5571728010573,2769.166071475763,3342754
2024-09-10,2813.327392578125,2851.180067874474,2802.553844056592,2847.6858799868537,1536584
2024-09-11,2818.714111328125,2863.2153669847785,2812.8422829388005,2825.9451329233075,1913665
2024-09-12,2869.4267578125,2876.2208276163733,2809.056642089753,2825.362457010719,2454564
2024-09-13,2846.666748046875,2869.426835111309,2832.641893822737,2869.426835111309,1902001
2024-09-16,2782.75390625,2824.3917517240393,2724.8100096118765,2824.3917517240393,1489057
2024-09-17,2788.9658203125,2828.177216442892,2775.9601235551504,2782.7541937629762,1098661
2024-09-18,2791.246826171875,2808.42607086622,2777.512956142777,2789.451155662023,464796
2024-09-19,2826.090576171875,2847.9772355641235,2788.8203427591193,2791.6349342197495,1713010
2024-09-20,2890.00341796875,2901.4077499970376,2810.2214332765097,2838.7566700584757,3641632
2024-09-23,2939.454345703125,2945.7145483400527,2882.5781808925276,2892.332571352012,1300470
2024-09-24,2863.7490234375,2931.15585489431,2859.429983559541,2931.15585489431,1929308
2024-09-25,2862.196044921875,2873.260815338254,2819.636191624619,2863.749069984707,1055354
2024-09-26,2898.25341796875,2904.8048428813454,2854.674167856613,2864.2830665701063,1902889
2024-09-27,2878.9873046875,2940.8618738147916,2865.884454754662,2898.253441779502,2977081
2024-09-30,2871.271240234375,2909.706124674832,2856.0331583870834,2876.9975761841415,1627702
2024-10-01,2837.7373046875,2875.541401979056,2806.338902317453,2875.541401979056,1184642
2024-10-03,2808.23193359375,2837.106731735907,2776.9306818262016,2823.1787931428157,1233447
2024-10-04,2764.94384765625,2828.2742859395566,2734.176463728675,2805.9509130580846,2456486
2024-10-07,2750.04541015625,2782.1231747563133,2741.9411971515387,2761.3042498599384,1280975
2024-10-08,2735.875,2801.098025126875,2716.3662183472698,2760.333604802783,1761488
2024-10-09,2687.491455078125,2742.717681686061,2679.484158126076,2740.3395675699758,1476282
2024-10-10,2673.66064453125,2705.398610217547,2652.793143577846,2688.5105879502285,2065078
2024-10-11,2701.322265625,2707.922266928901,2656.5300261363855,2683.463661587022,679307
2024-10-14,2707.048583984375,2722.189511126188,2683.6574782692883,2709.4750374005316,874010
2024-10-15,2699.623779296875,2716.9487533001934,2683.9004068922713,2710.9311955846492,1082666
2024-10-16,2699.4296875,2715.2502127006615,2674.5343678170534,2707.09718625598,1170797
2024-10-17,2658.082763671875,2700.1575638443824,2643.3299731877614,2697.68253378276,1368242
2024-10-18,2637.166748046875,2659.392966744725,2614.212356359638,2658.08258710551,1137277
2024-10-21,2614.3095703125,2657.451866034502,2601.5948592234436,2635.128493894694,792345
2024-10-22,2602.80810546875,2630.275606612126,2595.0920306934213,2606.1082244195836,1272253
2024-10-23,2581.0673828125,2613.8245078342925,2543.8940646553547,2543.8940646553547,1431962
2024-10-24,2431.40380859375,2569.1292285561976,2380.4482798823033,2569.1292285561976,9216267
2024-10-25,2453.678466796875,2465.276867660535,2426.5507628298415,2428.6859946148834,2761166
2024-10-28,2500.023681640625,2513.4177526958706,2445.9623436655493,2469.159144937238,852829
2024-10-29,2472.70166015625,2509.632330583052,2461.394481395327,2509.632330583052,1695654
2024-10-30,2479.787109375,2487.891559530861,2458.871031051871,2481.776848804237,1200637
2024-10-31,2453.87255859375,2488.0855548126483,2449.8447403470686,2479.7870359976687,1901355
2024-11-01,2462.850341796875,2471.051707366065,2437.4697325652455,2469.110544535092,118532
2024-11-04,2450.52392578125,2472.0707851149646,2429.850494909821,2472.0707851149646,1097260
2024-11-05,2447.175537109375,2455.813616889939,2433.247599068502,2445.865157420273,702046
2024-11-06,2455.374267578125,2476.386532154494,2449.777629154025,2469.611452196455,1219166
2024-11-07,2430.630859375,2464.407253718044,2421.401332931118,2455.374054274254,1322446
2024-11-08,2462.247314453125,2469.6605169147483,2422.579669604473,2438.927788649835,1700877
2024-11-11,2445.899169921875,2469.316739128912,2430.189173754933,2463.5237739285594,1175577
2024-11-12,2416.884765625,2451.692178555918,2411.484454346943,2449.7775706822567,1624222
2024-11-13,2420.272216796875,2427.980029788182,2405.985890652603,2417.4740174733843,1262017
2024-11-14,2345.89501953125,2420.026560463074,2340.4947086024417,2415.804451248359,2443393
2024-11-18,2378.984130859375,2381.046163629545,2332.688834326965,2357.628355989708,1374215
2024-11-19,2366.661865234375,2395.970682267616,2361.507022871615,2387.8210740176746,1133370
2024-11-21,2339.611083984375,2380.8006797217895,2333.032571434998,2380.8006797217895,1291829
2024-11-22,2400.92919921875,2407.6551370493976,2334.7509378705845,2347.613353088314,1696471
2024-11-25,2426.654296875,2460.2835069783887,2413.0554754508216,2425.2306264341637,4368045
2024-11-26,2434.263916015625,2449.7284438602323,2415.80462213737,2441.186181184411,982442
2024-11-27,2441.82421875,2447.7646089278323,2413.4481343744396,2430.2871904428803,948232
2024-11-28,2417.572021484375,2493.1272374282194,2408.735148515141,2440.940689057231,2540530
2024-11-29,2450.906494140625,2462.050868133835,2410.600728530422,2410.600728530422,1795164
2024-12-02,2434.214599609375,2445.358973491614,2415.9518737711646,2439.9586625684246,1006993
2024-12-03,2437.847900390625,2446.291879693493,2421.3032144140357,2435.0494613734018,1641588
2024-12-04,2419.830322265625,2447.8137526509245,2412.024465943355,2436.12953900783,1321495
2024-12-05,2449.385009765625,2469.4151601085237,2405.642438807475,2420.9106401262025,2071795
2024-12-06,2438.780517578125,2450.5630144118554,2430.1399719569536,2449.7774666798377,1308086
2024-12-09,2357.23583984375,2432.054648922866,2340.1021731538126,2420.3212934353196,3385021
2024-12-10,2353.897705078125,2369.2639501866993,2345.0116899782884,2365.0418405006158,2063838
2024-12-11,2357.824951171875,2365.6799489199275,2341.77120363809,2361.4086980082207,1718225
2024-12-12,2302.447265625,2356.450379655681,2295.6232837042285,2341.82054101358,3231056
2024-12-13,2346.77880859375,2351.148103051197,2291.1554631934337,2302.4470222060845,2260902
2024-12-16,2323.2626953125,2349.6261265509324,2320.1698859339126,2346.9751128385005,1247552
2024-12-17,2320.41552734375,2336.861929579234,2310.6950631027157,2310.6950631027157,2131569
2024-12-18,2316.438720703125,2339.807386268207,2307.454663175832,2307.454663175832,988403
2024-12-19,2317.077392578125,2343.686056401983,2293.6595822074737,2304.4602052401287,1655915
2024-12-20,2291.597412109375,2330.479748587135,2282.515070557055,2309.467724557705,2069691
2024-12-23,2296.5068359375,2309.124022795506,2273.285593186901,2294.641369734494,1066199
2024-12-24,2293.217529296875,2314.229552226785,2288.848234775878,2288.848234775878,683646
2024-12-26,2290.46826171875,2299.403417590653,2282.564122249837,2289.9773243568984,1033769
2024-12-27,2298.814208984375,2303.134361905232,2286.049837508968,2300.5324897599107,556816
2024-12-30,2301.0234375,2316.389681190017,2282.8587549338595,2299.05968803339,924180
2024-12-31,2284.67529296875,2310.007469026126,2281.140448083042,2297.586849677959,1878762
2025-01-01,2280.011474609375,2294.7884979654154,2278.1949104183414,2282.8588155253287,559893
2025-01-02,2327.04296875,2336.517963432763,2273.5307992154535,2287.767981935654,1650744
2025-01-03,2362.635986328125,2370.834735922727,2321.9373281379058,2338.678339641274,1274239
2025-01-06,2333.130615234375,2375.10575867804,2318.8442903999216,2374.1730256557257,900419
2025-01-07,2347.46630859375,2358.708727057057,2332.1981075834215,2334.063573808319,922768
2025-01-08,2357.481201171875,2365.3361989267164,2325.0793354331527,2347.662453978323,953351
2025-01-09,2391.257568359375,2428.8142759463803,2343.1457076596816,2361.457814796113,2425267
2025-01-10,2397.787353515625,2411.484458748228,2370.049390991343,2391.2577424018345,1651911
2025-01-13,2406.5751953125,2415.903006147045,2365.3855943599074,2373.2405929574184,2595013
2025-01-14,2325.0302734375,2423.2668904188554,2321.2501994677364,2420.3212661598373,2052741
2025-01-15,2329.989013671875,2341.6732284736895,2307.5041755449906,2330.8726051486196,1215150
2025-01-16,2302.496337890625,2336.861954874067,2283.8898589241226,2333.867188879549,2762596
2025-01-17,2311.333251953125,2336.1747320433897,2300.532629280447,2307.4057527994237,1333005
2025-01-20,2302.692626953125,2325.079419305078,2293.315675101929,2313.7387179443335,1382273
2025-01-21,2298.077880859375,2334.2109200503423,2290.173741080801,2310.8422527675875,1842885
2025-01-22,2300.4833984375,2319.1881603751613,2289.928244871017,2300.0907444235577,2658047
2025-01-23,2279.618408203125,2298.8632479151706,2212.9983546557087,2273.0398957567777,3408925
2025-01-24,2325.177734375,2337.647495987577,2280.895086444603,2290.5666487972244,1688664
2025-01-27,2349.47900390625,2366.023448998165,2318.353383718259,2322.1336972511494,2477358
2025-01-28,2345.551513671875,2363.3724438998315,2336.321747502455,2357.48119559763,1892156
2025-01-29,2340.740234375,2352.5718729143537,2321.151881289454,2341.9184361178313,699576
2025-01-30,2365.0908203125,2381.0462851096263,2340.7894200830306,2340.7894200830306,1419960
2025-01-31,2424.052490234375,2434.0675649870627,2357.9722699945264,2357.9722699945264,2116148
2025-02-01,2460.627197265625,2554.838028984739,2391.0121355827387,2430.139939176491,2970999
2025-02-03,2397.68896484375,2474.3243359703793,2372.7003007430244,2459.5962149229367,2528480
2025-02-04,2393.859619140625,2405.5929736608914,2359.297678237658,2405.5929736608914,1992474
2025-02-05,2347.711669921875,2408.538762766955,2343.735029239593,2408.538762766955,1357416
2025-02-06,2329.694091796875,2365.2870502684787,2317.518941198998,2356.499319499281,1132113
2025-02-07,2321.004638671875,2338.7764271667124,2293.757615357239,2336.8618194174337,855602
2025-02-10,2318.648193359375,2354.535765162653,2309.418666146116,2327.9268622556306,1326354
2025-02-11,2273.28564453125,2334.849146922713,2254.9246336026426,2328.025164964299,1389260
2025-02-12,2290.22265625,2297.4884328852386,2263.3193863135825,2283.5458605845,1341909
2025-02-13,2279.42236328125,2303.0856420040236,2271.4201794945166,2287.8665825033304,1334967
2025-02-14,2276.329345703125,2323.1155800749834,2271.4688740822953,2279.9130925334366,1135380
2025-02-17,2287.178955078125,2293.659424337889,2258.311933209394,2276.3294308235972,1409168
2025-02-18,2254.384521484375,2296.1633418095184,2246.5295231516766,2287.17904363718,1035705
2025-02-19,2209.61083984375,2263.9085614208143,2207.254436331737,2257.084579856575,1521343
2025-02-20,2207.303466796875,2213.5873689893037,2186.1440190733874,2209.61072851207,2206196
2025-02-21,2201.01953125,2212.703985102254,2186.045940674385,2207.3036737471143,1781509
2025-02-24,2200.822998046875,2210.1999493735907,2178.5836319813607,2189.5805806766357,1627949
2025-02-25,2218.349609375,2228.4629669638985,2197.3864881550335,2202.345003448744,1988040
2025-02-27,2204.259521484375,2228.5117782094676,2192.6244503210396,2228.5117782094676,1699658
2025-02-28,2150.55126953125,2208.8256344948168,2146.2311163198974,2204.3580562349134,3683249
2025-03-03,2137.39404296875,2159.1424717525438,2119.376546283704,2159.1424717525438,1306470
2025-03-04,2118.24755859375,2140.4869254884225,2097.284437084069,2140.437783808497,1800330
2025-03-05,2131.110107421875,2152.171273896323,2111.030815745448,2112.99456534149,1145673
2025-03-06,2178.73095703125,2189.3843940941274,2124.5315180663188,2135.5776091481193,1856868
2025-03-07,2164.592041015625,2186.340470972133,2149.5201676266793,2186.340470972133,1738356
2025-03-10,2207.009033203125,2226.0573080183467,2154.871386582588,2167.979510760761,1242387
2025-03-11,2176.76708984375,2221.44238913751,2171.170451941259,2199.399349846657,1325891
2025-03-12,2153.153076171875,2189.5315841563634,2145.39636141498,2177.160105947309,1526212
2025-03-13,2135.38134765625,2169.894150742321,2125.2188476629813,2145.3964226012604,1845629
2025-03-17,2131.8955078125,2155.656828338742,2117.412855542962,2121.8312918285837,1111886
2025-03-18,2131.8955078125,2131.8955078125,2131.8955078125,2131.8955078125,0
2025-03-19,2160.173583984375,2172.7416286827006,2153.6931147712576,2166.9975655294597,1341405
2025-03-20,2201.755859375,2208.1380452959766,2148.783764173998,2163.9536812276774,1426689
2025-03-21,2205.487060546875,2214.32393347734,2185.45691112403,2204.308858765917,2152415
2025-03-24,2215.3056640625,2224.9280841258274,2200.3812164721885,2209.4635575040347,1454404
2025-03-25,2230.13232421875,2250.4570850278583,2202.6889709722714,2209.9547487462705,2229340
2025-03-26,2205.241455078125,2238.576053510754,2197.239272084734,2230.8193391946506,1416907
2025-03-27,2203.965087890625,2219.920552767721,2160.124475668381,2203.5232921909783,3752627
2025-03-28,2217.90771484375,2254.3842632873084,2199.6938916027498,2206.2724040098356,2280152
2025-04-01,2193.361083984375,2243.240131281449,2179.7620223282347,2218.0551389367038,2495962
2025-04-02,2197.33740234375,2203.0323238244255,2150.3548394880845,2203.0323238244255,1351493
2025-04-03,2203.866943359375,2212.0654534146915,2180.3510918370066,2185.1130403837997,1310088
2025-04-04,2203.866943359375,2225.959124485599,2181.7256205542135,2189.580618287982,1120226
2025-04-07,2208.62890625,2220.6079696442002,2111.0306546602815,2111.0306546602815,3435185
2025-04-08,2247.7568359375,2264.399565484465,2211.525752509045,2227.186607277835,2774874
2025-04-09,2307.405517578125,2311.480201648499,2248.0020989340924,2252.3713933540657,2989089
2025-04-11,2323.2626953125,2351.442690608515,2301.8580189031986,2351.1972219367067,3836083
2025-04-15,2318.697265625,2356.4994442091893,2302.692658956642,2356.4994442091893,3042779
2025-04-16,2323.704833984375,2332.934360568433,2308.3874922964587,2308.3874922964587,1131979
2025-04-17,2331.95263671875,2336.7637273251385,2300.6309266633484,2314.377173785059,1962402
2025-04-21,2308.387451171875,2329.3994741521456,2306.2273747455256,2325.177604656988,1478430
2025-04-22,2355.22314453125,2362.390878848253,2312.4135450863487,2327.0433844016457,2352346
2025-04-23,2379.8681640625,2393.810738138083,2350.0190266157124,2366.3182440167266,2226066
2025-04-24,2283.1533203125,2442.3150676159876,2275.1019956011355,2379.867979637484,7065430
2025-04-25,2289.92822265625,2299.4523596993467,2252.8133095091957,2289.633612290894,2859858
2025-04-28,2276.574951171875,2306.4238484715047,2273.0401060926065,2302.496349368105,1555660
2025-04-29,2279.618408203125,2290.22270274414,2270.6834923989963,2285.8042666616752,1896387
2025-04-30,2299.64892578125,2309.8603271969996,2274.0218991661004,2277.949398128391,2083807
2025-05-02,2276.574951171875,2302.496349368105,2268.130732213357,2291.794010197549,1424284
2025-05-05,2306.031005859375,2312.2166246689503,2277.0657023405943,2281.9750758183536,2074103
2025-05-06,2338.629150390625,2346.778758141565,2297.7830679976596,2297.7830679976596,1888125
2025-05-07,2327.828857421875,2343.636898100996,2312.609797801949,2326.061434813229,1610400
2025-05-08,2312.216796875,2328.9086679425363,2298.5688334765755,2318.8935932451186,2323073
2025-05-09,2290.615478515625,2300.2378988832365,2260.57025538677,2287.768137663965,1805685
2025-05-12,2339.316650390625,2343.7350868761478,2303.5765044828277,2317.2244679630116,1274873
2025-05-13,2317.224365234375,2354.5356050135724,2310.1549151140503,2332.541706924671,1929665
2025-05-14,2307.896484375,2327.0430410418,2296.1139879646616,2327.0430410418,1568111
2025-05-15,2312.51123046875,2326.9447405218516,2297.586783068839,2308.976625401022,3236681
2025-05-16,2338.236328125,2343.734922362786,2306.4236835484644,2317.224305310505,1473000
2025-05-19,2339.512939453125,2361.408794513757,2331.95255175475,2331.95255175475,936655
2025-05-20,2298.667236328125,2351.19753918304,2296.1142659106454,2351.19753918304,1617408
2025-05-21,2321.053466796875,2332.6396359970754,2302.496131178057,2303.478005860862,1570754
2025-05-22,2288.45556640625,2320.268454005645,2271.174713619723,2312.3151721769136,2423653
2025-05-23,2316.438720703125,2321.642704503221,2287.3753737084476,2294.5428671730415,844118
2025-05-26,2350.706298828125,2353.8482499032,2321.250058032729,2325.07927344993,892618
2025-05-27,2337.058349609375,2365.8273291751543,2317.5191369873537,2350.706553150472,1865258
2025-05-28,2319.188232421875,2344.7169767245714,2309.3694846131457,2344.7169767245714,897517
2025-05-29,2323.802978515625,2332.9344618523432,2312.8060289954524,2326.0613384377953,1111275
2025-05-30,2305.736572265625,2331.854297340192,2301.0235254225727,2317.2244591411445,3288892
2025-06-02,2328.6142578125,2340.789408851528,2301.121764755519,2305.343634416857,1178205
2025-06-03,2309.6640625,2336.3710082209473,2300.139925202615,2322.2321074614806,1643913
2025-06-04,2321.642822265625,2324.686729845221,2299.6489239802295,2316.733448566607,3287896
2025-06-05,2333.3271484375,2336.861993557662,2306.3255917892498,2321.642934355921,1787978
2025-06-06,2346.484375,2353.0628880206928,2327.1414899600004,2330.2834412831876,997488
2025-06-09,2349.822509765625,2355.517431030935,2335.1926724620143,2350.608057477307,1293622
2025-06-10,2351.786376953125,2356.695750752591,2335.2908330438154,2350.0189544422137,1778782
2025-06-11,2333.3271484375,2359.346830298541,2328.319730852048,2351.7864423801357,1977707
2025-06-12,2290.419189453125,2344.7169112625684,2281.9752104026784,2343.6367531475557,3339584
2025-06-13,2276.967529296875,2282.760494395082,2260.2756586638234,2263.221282893185,1740682
2025-06-16,2285.215087890625,2294.248526930686,2271.1744714100378,2277.94931097458,1105297
2025-06-17,2286.3935546875,2290.8119909000766,2271.1744966219585,2277.949336261707,1119284
2025-06-18,2255.660888671875,2289.1426734843863,2244.0747187940665,2285.5097848886408,2056563
2025-06-19,2252.616943359375,2265.9705354890243,2248.7877278228257,2258.410148058999,1214549
2025-06-20,2264.399658203125,2271.0764549112105,2250.849737766385,2253.402708180384,2685864
2025-06-23,2257.35498046875,2268.169866753373,2241.082750343553,2265.590049100476,842856
2025-06-24,2245.44873046875,2283.053027199062,2242.6705210148793,2277.099825042089,2440747
2025-06-25,2260.9267578125,2272.6347697099336,2253.683647230803,2261.2244663474958,1047270
2025-06-26,2263.010498046875,2273.130892683563,2253.8823037125367,2271.0471751540676,1874722
2025-06-27,2288.90673828125,2292.4787561982344,2261.5221557844948,2263.0104562105053,1050745
2025-06-30,2276.702880859375,2298.928070446473,2270.1542620550413,2291.8833514974594,1403754
2025-07-01,2277.595703125,2284.6404218850275,2268.7652176811503,2282.060604307341,759914
2025-07-02,2289.10546875,2290.9905524746237,2269.7575623951902,2277.099747912196,1128034
2025-07-03,2295.356201171875,2308.750905945756,2286.029614742405,2291.9828168641297,1060039
2025-07-04,2321.05419921875,2323.1376744970185,2292.2803906553454,2299.920284481797,1242346
2025-07-07,2391.599609375,2396.858319639088,2322.7410024796927,2322.7410024796927,2701583
2025-07-08,2374.03759765625,2399.6364137173014,2367.3899041263103,2386.6384929568344,1471046
2025-07-09,2404.498046875,2420.670959786851,2378.4033734605428,2380.2884570863953,1741690
2025-07-10,2389.615234375,2415.0156603181044,2378.8996643467794,2404.4982396768783,1053695
2025-07-11,2499.947998046875,2510.2667843766285,2441.8049629845386,2480.50077507572,7242235
2025-07-14,2496.971435546875,2512.7473238245966,2470.5788099993074,2480.5008132523167,2427712
2025-07-15,2507.19091796875,2510.167518959921,2490.422829279717,2501.0393243676117,1700294
2025-07-16,2497.963623046875,2513.144094156912,2487.9423029182253,2506.5957173853917,1284379
2025-07-17,2490.224365234375,2505.702544596446,2486.652347254296,2493.3993577519996,807474
2025-07-18,2470.181884765625,2495.2843577635995,2462.144965698126,2495.2843577635995,771112
2025-07-21,2445.674560546875,2474.150904552474,2436.2486571651175,2471.471769802211,1169960
2025-07-22,2460.359130859375,2465.6178411005535,2433.470647028656,2450.734836023488,861632
2025-07-23,2431.28759765625,2467.6022267172193,2422.953211758524,2461.6490247227266,1320795
2025-07-24,2418.785888671875,2446.7658880933027,2402.1168755368553,2436.744568380519,693984
2025-07-25,2396.560546875,2409.657784838074,2386.638543712917,2407.1772840475533,769388
2025-07-28,2422.556396484375,2429.204090176368,2393.4848786817606,2396.5605543297306,987995
2025-07-29,2434.462890625,2438.3323751192297,2410.7491567723273,2425.7314790440246,732282
2025-07-30,2418.388916015625,2433.768020676373,2379.7924212132107,2422.9531342933756,1224146
2025-07-31,2501.535400390625,2529.1186177565537,2401.224093298107,2401.224093298107,5505507
2025-08-01,2533.781982421875,2706.2264515000306,2517.112968113841,2530.110889578397,4259653
2025-08-04,2523.85986328125,2563.0517752650835,2515.327086013953,2527.1341727297113,1293028
2025-08-05,2514.93017578125,2533.0874906124764,2497.6659866058358,2517.7083852053106,756361
2025-08-06,2515.8232421875,2543.1087511382634,2506.893439258159,2518.898917854651,885487
2025-08-07,2497.8642578125,2524.1575657894737,2475.539751039598,2515.922254843745,847151
2025-08-08,2479.11181640625,2510.16749263262,2467.2054125664436,2496.3760050794067,839794
2025-08-11,2498.757080078125,2504.8095986608714,2459.168385930271,2470.678006035155,992436
2025-08-12,2464.42724609375,2516.815472347512,2460.7561532932295,2498.3604491802103,1406211
2025-08-13,2475.63916015625,2481.9891454246754,2454.108219033236,2465.6178398482184,969803
2025-08-14,2461.252197265625,2489.430589305409,2453.909769595819,2479.4092692334916,1104362
2025-08-18,2548.06982421875,2576.744317534717,2501.6347992367637,2519.1966970429903,3089136
2025-08-19,2584.4833984375,2594.603793083701,2538.445159023351,2552.13757165593,1400717
2025-08-20,2648.9765625,2659.096957697686,2568.3106250001715,2578.7287287523454,3156954
2025-08-21,2627.346435546875,2646.2975584682295,2606.807937462502,2646.2975584682295,2235686
2025-08-22,2609.387451171875,2637.76447641911,2598.5725648830726,2626.3541730605166,1223445
2025-08-25,2611.074462890625,2622.385449660888,2594.8022322765755,2622.385449660888,667598
2025-08-26,2671.5986328125,2683.901819675416,2604.1290122069813,2604.1290122069813,4348648
2025-08-28,2633.696533203125,2726.5665836002318,2626.1559558246827,2726.5665836002318,3198743
2025-08-29,2639.054443359375,2701.7614547505946,2620.797812241766,2644.0154449288766,1972773
2025-09-01,2628.834716796875,2652.4491325813005,2618.714322099665,2639.054428419475,1096729
2025-09-02,2656.120361328125,2671.400149963799,2624.469266767194,2628.338751273143,1525106
2025-09-03,2643.916015625,2665.9428132100716,2637.5660307805015,2660.0889285014373,1010692
2025-09-04,2645.801513671875,2728.5509248247226,2634.787993044382,2728.5509248247226,2494678
2025-09-05,2612.860107421875,2652.0520182863465,2603.335130123233,2646.793550617698,944879
2025-09-08,2603.434326171875,2623.9730666119685,2598.3742498750744,2609.486845026385,903410
2025-09-09,2621.393310546875,2625.560503547093,2590.9328084136164,2616.4323088236597,1610956
2025-09-10,2622.881591796875,2632.2081780734443,2598.5726835316877,2621.393291290843,1031486
2025-09-11,2601.54931640625,2636.9708204363524,2593.6117136101975,2623.1793324727764,1212707
2025-09-12,2560.372802734375,2608.395199020342,2548.9624996026387,2604.5257148528326,1368380
2025-09-15,2560.868896484375,2573.1720829359647,2548.3670761897,2560.37279634945,752745
2025-09-16,2560.769775390625,2569.7988954313,2552.534706310226,2568.01288636171,1040928
2025-09-17,2549.656982421875,2570.8902135171456,2546.4819900088273,2566.8220955202946,970247
2025-09-18,2566.623779296875,2589.5434608386845,2550.847649216938,2550.847649216938,1550153
2025-09-19,2539.635986328125,2584.384074543658,2534.8733764379313,2579.7207815780857,2214708
2025-09-22,2552.1376953125,2567.0207005828506,2540.231291096219,2548.962702635441,1174161
2025-09-23,2502.527587890625,2555.2135215505277,2498.558786627699,2548.8632941880032,1430474
2025-09-24,2529.61474609375,2555.9080548882134,2490.4228329850216,2502.5276285865116,1882881
2025-09-25,2518.502197265625,2547.474399043097,2512.0528949895665,2526.142091514596,1624258
2025-09-26,2492.208740234375,2525.54652468155,2479.905311279923,2515.2277385461766,885612
2025-09-29,2478.4169921875,2497.7648977229896,2423.945293497526,2475.5397082588324,2403556
2025-09-30,2494.788330078125,2506.5956589551924,2472.1663570938695,2478.4170251763394,1678088
2025-10-01,2516.41845703125,2530.110870187784,2478.4171355140884,2495.780641485965,1483899
2025-10-03,2525.050537109375,2528.721872140129,2488.7361501691885,2516.4184426371576,1242611
2025-10-06,2521.974853515625,2529.714064556161,2500.5432294397424,2515.4262344267695,818923
2025-10-07,2497.566650390625,2539.4374563414676,2488.736164248618,2520.188866616989,1291750
2025-10-08,2480.60009765625,2505.305788537764,2466.7092932841597,2491.414984165673,1225128
2025-10-09,2497.963623046875,2503.3214078814285,2478.814108419605,2481.493000836882,1259173
2025-10-10,2509.17529296875,2515.12849489021,2486.9501026898624,2490.422803810714,1018875
2025-10-13,2473.35693359375,2511.854353327809,2466.0145060992772,2499.5509243788547,1114750
2025-10-14,2482.782958984375,2489.6290444351353,2462.9389521863327,2473.555447376003,1461017
2025-10-15,2499.3525390625,2512.0527512652384,2483.0805511453786,2483.0805511453786,881070
2025-10-16,2541.52099609375,2548.466397996017,2487.545398204978,2498.1618926654496,1446646
2025-10-17,2583.391845703125,2594.603757423401,2540.0327414928897,2545.4898430859407,2050690
2025-10-20,2574.164306640625,2604.228023538072,2565.4331379755677,2588.6505276068815,1011485
2025-10-21,2571.485595703125,2586.3686009360827,2564.9372187424715,2573.7677049527942,82020
2025-10-23,2581.308349609375,2646.396542743126,2575.8512480603545,2580.7129325458322,3386744
2025-10-24,2496.772705078125,2563.845541367595,2455.1996099512826,2563.845541367595,3110800
2025-10-27,2492.208740234375,2505.3057356327795,2486.453930097325,2496.7727162326983,2127832
2025-10-28,2477.62353515625,2506.298027731777,2462.541896386315,2499.3526254379835,2294976
2025-10-29,2468.693603515625,2493.994710552656,2464.6254854896224,2493.002510276694,1870143
2025-10-30,2450.337890625,2477.5240812054235,2435.752352825584,2471.5708795685664,1195631
2025-10-31,2446.269775390625,2460.160579225737,2433.7679550444664,2449.742476349403,1401937
2025-11-03,2440.812744140625,2455.5964317532575,2421.2664466287306,2436.943259855451,1049185
2025-11-04,2426.624267578125,2444.0870900572017,2422.2586830765586,2440.812780562824,1251588
2025-11-06,2417.0,2444.682292267998,2413.6266157779787,2444.682292267998,1329256
2025-11-07,2414.0,2425.0,2400.60009765625,2417.0,817896
2025-11-10,2408.800048828125,2429.300048828125,2404.0,2405.0,780558
2025-11-11,2427.5,2433.699951171875,2403.10009765625,2422.199951171875,1422399
2025-11-12,2424.5,2434.800048828125,2416.199951171875,2430.60009765625,1680827
2025-11-13,2407.60009765625,2431.0,2405.0,2429.0,1256059
2025-11-14,2427.699951171875,2430.199951171875,2392.0,2405.10009765625,975973
2025-11-17,2425.0,2438.39990234375,2416.0,2431.39990234375,920038
2025-11-18,2404.0,2422.89990234375,2401.89990234375,2415.800048828125,1229034
2025-11-19,2441.60009765625,2450.699951171875,2411.0,2412.0,1465143
2025-11-20,2428.39990234375,2459.0,2425.0,2445.10009765625,1396929
2025-11-21,2433.699951171875,2443.199951171875,2413.0,2436.199951171875,1840712
2025-11-24,2424.199951171875,2444.89990234375,2413.0,2441.89990234375,4092327
2025-11-25,2414.10009765625,2424.199951171875,2406.0,2422.0,1240672
2025-11-26,2425.199951171875,2427.699951171875,2409.0,2412.0,1242683
2025-11-27,2451.699951171875,2459.699951171875,2425.0,2426.10009765625,1872248
2025-11-28,2466.60009765625,2470.0,2447.199951171875,2450.0,973225
2025-12-01,2464.5,2488.0,2458.800048828125,2466.60009765625,1924828
2025-12-02,2477.800048828125,2484.39990234375,2460.0,2471.0,2179406
2025-12-03,2448.0,2484.89990234375,2403.10009765625,2478.199951171875,3535932
2025-12-04,2462.199951171875,2483.0,2423.199951171875,2440.0,2587753
2025-12-05,2338.60009765625,2422.0,2286.699951171875,2422.0,4008271
2025-12-08,2314.0,2355.10009765625,2302.0,2350.10009765625,1898154
2025-12-09,2306.5,2330.39990234375,2298.10009765625,2318.0,1471488
2025-12-10,2301.699951171875,2316.89990234375,2295.0,2306.5,2857290
2025-12-11,2305.60009765625,2313.0,2292.0,2296.300048828125,1108032
2025-12-12,2260.60009765625,2309.0,2244.699951171875,2306.89990234375,3203114
2025-12-15,2293.5,2299.0,2252.0,2260.60009765625,1274115
2025-12-16,2281.10009765625,2302.699951171875,2276.0,2293.39990234375,1256042
2025-12-17,2275.60009765625,2286.199951171875,2268.300048828125,2281.199951171875,808100
2025-12-18,2265.5,2278.300048828125,2255.300048828125,2270.0,1057295
2025-12-19,2280.0,2284.800048828125,2263.699951171875,2263.699951171875,1237214
2025-12-22,2289.5,2295.0,2280.0,2280.0,790773
2025-12-23,2302.60009765625,2310.0,2280.699951171875,2289.300048828125,1128801
2025-12-24,2282.199951171875,2305.0,2278.10009765625,2302.60009765625,519380
2025-12-26,2285.39990234375,2290.0,2275.0,2282.300048828125,533626
2025-12-29,2293.300048828125,2298.699951171875,2280.0,2288.89990234375,1086695
2025-12-30,2290.199951171875,2298.0,2283.0,2293.300048828125,1556717
2025-12-31,2315.89990234375,2325.5,2286.800048828125,2290.0,1324220
2026-01-01,2323.0,2326.0,2300.0,2322.0,758866
2026-01-02,2348.0,2357.699951171875,2322.0,2326.0,973413
2026-01-05,2384.10009765625,2394.0,2336.39990234375,2341.5,1344113
2026-01-06,2424.699951171875,2428.10009765625,2367.800048828125,2398.800048828125,1584720
2026-01-07,2399.39990234375,2421.89990234375,2382.0,2416.0,892690
2026-01-08,2386.699951171875,2418.10009765625,2368.10009765625,2389.0,1163828
2026-01-09,2372.60009765625,2386.0,2361.0,2382.0,1189464
2026-01-12,2406.199951171875,2413.89990234375,2361.0,2362.0,1057665
2026-01-13,2389.5,2422.199951171875,2365.0,2415.10009765625,1519683
2026-01-14,2353.5,2398.89990234375,2341.0,2398.89990234375,1027639
2026-01-15,2353.5,2353.5,2353.5,2353.5,0
2026-01-16,2360.39990234375,2372.89990234375,2348.89990234375,2370.0,1367606
2026-01-19,2413.89990234375,2425.39990234375,2353.0,2353.0,1505238
2026-01-20,2379.10009765625,2439.0,2368.5,2423.0,1460806
2026-01-21,2368.0,2400.5,2360.0,2379.10009765625,1020245
2026-01-22,2390.60009765625,2402.0,2365.699951171875,2368.89990234375,1745964
2026-01-23,2409.5,2434.300048828125,2376.800048828125,2400.0,1378097
2026-01-27,2400.89990234375,2421.60009765625,2380.5,2412.0,2060117
2026-01-28,2378.39990234375,2420.199951171875,2340.60009765625,2403.10009765625,1797593
2026-01-29,2352.60009765625,2374.699951171875,2312.0,2370.5,1478536
2026-01-30,2373.0,2385.0,2340.0,2341.0,2090462
2026-02-02,2357.300048828125,2360.0,2303.0,2356.10009765625,1375089
2026-02-03,2368.60009765625,2399.89990234375,2343.300048828125,2390.0,1553270
2026-02-04,2371.0,2393.5,2356.800048828125,2360.60009765625,1232755
2026-02-05,2354.39990234375,2423.0,2351.60009765625,2362.5,1962066
2026-02-06,2424.199951171875,2429.0,2337.5,2354.39990234375,1421995
2026-02-09,2435.0,2439.0,2402.0,2425.0,958484
2026-02-10,2453.60009765625,2458.10009765625,2430.10009765625,2435.0,792532
2026-02-11,2462.89990234375,2470.60009765625,2447.0,2460.0,1137856
2026-02-12,2409.699951171875,2479.60009765625,2350.10009765625,2475.0,4656164
2026-02-13,2305.199951171875,2400.0,2300.300048828125,2400.0,2791519
2026-02-16,2319.0,2327.0,2288.10009765625,2308.10009765625,2036833
2026-02-17,2312.300048828125,2326.0,2303.39990234375,2309.300048828125,1233244
2026-02-18,2323.5,2328.89990234375,2306.0,2312.60009765625,830787
2026-02-19,2279.300048828125,2337.39990234375,2275.60009765625,2336.0,940180
2026-02-20,2314.5,2331.199951171875,2278.300048828125,2285.0,1716316
2026-02-23,2345.39990234375,2350.0,2320.800048828125,2325.0,1300035
2026-02-24,2358.60009765625,2372.0,2330.300048828125,2331.10009765625,1544803
2026-02-25,2374.89990234375,2380.0,2349.0,2368.89990234375,1158620
2026-02-26,2383.300048828125,2387.300048828125,2355.199951171875,2378.0,1470677
2026-02-27,2338.10009765625,2378.89990234375,2330.60009765625,2369.300048828125,3053227
2026-03-02,2320.60009765625,2354.0,2290.199951171875,2303.0,2273224
2026-03-04,2261.300048828125,2311.60009765625,2252.10009765625,2292.89990234375,2648737
2026-03-05,2255.0,2277.800048828125,2228.39990234375,2275.5,1751288
2026-03-06,2225.699951171875,2250.0,2219.5,2245.10009765625,1674115
