Date,Open,High,Low,Close,Volume
2021-02-23 00:00:00+05:30,1511.0,1541.199951171875,1506.050048828125,1530.449951171875,1062743
2021-02-24 00:00:00+05:30,1531.0,1635.0,1531.0,1621.0,1579112
2021-02-25 00:00:00+05:30,1621.550048828125,1669.949951171875,1619.550048828125,1660.199951171875,1344545
2021-02-26 00:00:00+05:30,1638.0,1654.550048828125,1606.300048828125,1619.949951171875,1160739
2021-03-01 00:00:00+05:30,1621.0,1685.0,1620.050048828125,1674.699951171875,1088141
2021-03-02 00:00:00+05:30,1675.0,1698.9000244140625,1667.0,1691.4000244140625,907278
2021-03-03 00:00:00+05:30,1704.0,1823.8499755859375,1700.25,1782.5999755859375,2461629
2021-03-04 00:00:00+05:30,1751.0,1819.449951171875,1736.5,1798.9000244140625,1733743
2021-03-05 00:00:00+05:30,1770.0,1787.6500244140625,1733.0,1742.0,1056152
2021-03-08 00:00:00+05:30,1744.699951171875,1744.699951171875,1696.1500244140625,1707.9000244140625,1651023
2021-03-09 00:00:00+05:30,1707.9000244140625,1727.449951171875,1659.0,1688.699951171875,1272447
2021-03-10 00:00:00+05:30,1700.0,1707.699951171875,1678.050048828125,1684.550048828125,417598
2021-03-12 00:00:00+05:30,1687.9000244140625,1705.0,1657.3499755859375,1663.949951171875,530235
2021-03-15 00:00:00+05:30,1668.0,1686.0,1630.0999755859375,1661.949951171875,815004
2021-03-16 00:00:00+05:30,1646.0,1701.4000244140625,1635.0999755859375,1682.0999755859375,1126523
2021-03-17 00:00:00+05:30,1682.0,1718.0,1671.050048828125,1695.550048828125,1629064
2021-03-18 00:00:00+05:30,1680.0,1730.0,1680.0,1719.949951171875,1836379
2021-03-19 00:00:00+05:30,1712.0,1730.0,1651.0,1663.5999755859375,1381719
2021-03-22 00:00:00+05:30,1663.5999755859375,1727.8499755859375,1626.25,1713.8499755859375,2226951
2021-03-23 00:00:00+05:30,1700.0,1782.0,1700.0,1773.449951171875,2790975
2021-03-24 00:00:00+05:30,1744.0,1768.9000244140625,1725.800048828125,1734.25,1288016
2021-03-25 00:00:00+05:30,1727.0,1742.0,1650.0,1663.550048828125,1428198
2021-03-26 00:00:00+05:30,1654.0,1676.3499755859375,1600.0,1613.0,1262754
2021-03-30 00:00:00+05:30,1602.0,1629.699951171875,1575.199951171875,1585.4000244140625,1229662
2021-03-31 00:00:00+05:30,1585.0,1655.0,1579.800048828125,1631.949951171875,1283008
2021-04-01 00:00:00+05:30,1631.9000244140625,1640.0,1601.4000244140625,1616.5999755859375,663120
2021-04-05 00:00:00+05:30,1601.0,1609.9000244140625,1525.0,1552.699951171875,1714868
2021-04-06 00:00:00+05:30,1564.0,1590.800048828125,1546.550048828125,1577.5999755859375,1069917
2021-04-07 00:00:00+05:30,1590.0,1612.0,1581.5999755859375,1599.6500244140625,860357
2021-04-08 00:00:00+05:30,1596.699951171875,1648.949951171875,1595.6500244140625,1640.75,812682
2021-04-09 00:00:00+05:30,1621.550048828125,1663.699951171875,1608.0,1646.949951171875,624303
2021-04-12 00:00:00+05:30,1609.949951171875,1612.949951171875,1529.199951171875,1593.800048828125,1367498
2021-04-13 00:00:00+05:30,1594.0,1639.5999755859375,1593.800048828125,1605.75,1096901
2021-04-15 00:00:00+05:30,1575.0,1619.949951171875,1565.5999755859375,1609.8499755859375,847017
2021-04-16 00:00:00+05:30,1604.0,1616.449951171875,1576.4000244140625,1582.9000244140625,546565
2021-04-19 00:00:00+05:30,1535.0,1558.0,1516.550048828125,1527.9000244140625,971452
2021-04-20 00:00:00+05:30,1520.9000244140625,1585.8499755859375,1503.0,1554.300048828125,1964923
2021-04-22 00:00:00+05:30,1520.0,1565.0,1520.0,1541.300048828125,619438
2021-04-23 00:00:00+05:30,1549.300048828125,1549.300048828125,1505.25,1541.8499755859375,646250
2021-04-26 00:00:00+05:30,1545.0,1585.0,1545.0,1573.050048828125,565955
2021-04-27 00:00:00+05:30,1576.0,1650.0,1565.0,1640.5,1017757
2021-04-28 00:00:00+05:30,1640.0999755859375,1656.4000244140625,1633.0999755859375,1647.550048828125,553525
2021-04-29 00:00:00+05:30,1649.9000244140625,1664.0,1638.199951171875,1655.8499755859375,516705
2021-04-30 00:00:00+05:30,1632.0,1679.800048828125,1632.0,1643.4000244140625,753681
2021-05-03 00:00:00+05:30,1620.0,1674.800048828125,1612.199951171875,1666.25,519292
2021-05-04 00:00:00+05:30,1685.0,1685.0,1615.699951171875,1621.949951171875,484049
2021-05-05 00:00:00+05:30,1633.0,1664.0,1596.5999755859375,1649.3499755859375,767445
2021-05-06 00:00:00+05:30,1637.800048828125,1683.0,1637.800048828125,1662.949951171875,646315
2021-05-07 00:00:00+05:30,1673.0,1681.949951171875,1625.300048828125,1640.5999755859375,568355
2021-05-10 00:00:00+05:30,1646.0,1685.0,1643.050048828125,1677.699951171875,525536
2021-05-11 00:00:00+05:30,1670.0,1712.5999755859375,1664.6500244140625,1674.949951171875,1161037
2021-05-12 00:00:00+05:30,1679.9000244140625,1694.0999755859375,1658.5,1680.9000244140625,413106
2021-05-14 00:00:00+05:30,1695.0,1715.0,1680.0,1694.75,731403
2021-05-17 00:00:00+05:30,1694.0,1709.050048828125,1670.0,1703.75,347534
2021-05-18 00:00:00+05:30,1710.0,1724.8499755859375,1692.699951171875,1714.699951171875,524717
2021-05-19 00:00:00+05:30,1724.9000244140625,1725.0,1679.050048828125,1689.5999755859375,527228
2021-05-20 00:00:00+05:30,1683.0,1694.4000244140625,1657.0,1669.5999755859375,550260
2021-05-21 00:00:00+05:30,1661.0,1704.050048828125,1661.0,1692.5,512802
2021-05-24 00:00:00+05:30,1697.5,1708.800048828125,1674.0,1683.0999755859375,427968
2021-05-25 00:00:00+05:30,1695.699951171875,1736.300048828125,1672.25,1719.0999755859375,1097806
2021-05-26 00:00:00+05:30,1735.0,1748.699951171875,1710.0,1724.1500244140625,617840
2021-05-27 00:00:00+05:30,1724.800048828125,1747.9000244140625,1704.4000244140625,1740.699951171875,730539
2021-05-28 00:00:00+05:30,1745.550048828125,1794.9000244140625,1720.050048828125,1776.0999755859375,1013747
2021-05-31 00:00:00+05:30,1792.0,1831.1500244140625,1732.0,1758.9000244140625,1491987
2021-06-01 00:00:00+05:30,1761.5,1777.949951171875,1738.0,1745.699951171875,438074
2021-06-02 00:00:00+05:30,1735.0,1774.8499755859375,1728.449951171875,1764.6500244140625,429246
2021-06-03 00:00:00+05:30,1772.0999755859375,1784.6500244140625,1749.9000244140625,1764.5999755859375,449007
2021-06-04 00:00:00+05:30,1770.0,1780.0,1747.800048828125,1754.449951171875,423366
2021-06-07 00:00:00+05:30,1754.449951171875,1850.050048828125,1742.75,1755.449951171875,2648012
2021-06-08 00:00:00+05:30,1769.5,1795.0,1759.300048828125,1784.300048828125,1268201
2021-06-09 00:00:00+05:30,1786.050048828125,1859.5999755859375,1781.0,1793.050048828125,1902195
2021-06-10 00:00:00+05:30,1801.0,1812.8499755859375,1771.5,1787.449951171875,650874
2021-06-11 00:00:00+05:30,1805.0,1811.0999755859375,1778.050048828125,1791.6500244140625,605765
2021-06-14 00:00:00+05:30,1800.0,1801.0999755859375,1765.449951171875,1776.4000244140625,328593
2021-06-15 00:00:00+05:30,1778.0,1799.0,1778.0,1789.699951171875,370508
2021-06-16 00:00:00+05:30,1780.0,1783.449951171875,1728.0,1733.699951171875,893431
2021-06-17 00:00:00+05:30,1701.0999755859375,1738.300048828125,1695.699951171875,1707.5,835755
2021-06-18 00:00:00+05:30,1708.0,1716.25,1665.0999755859375,1702.699951171875,477005
2021-06-21 00:00:00+05:30,1690.0,1725.0,1676.050048828125,1719.0,519407
2021-06-22 00:00:00+05:30,1720.0,1737.949951171875,1707.5,1717.449951171875,491436
2021-06-23 00:00:00+05:30,1723.0,1743.5999755859375,1702.0999755859375,1708.8499755859375,574750
2021-06-24 00:00:00+05:30,1724.0,1733.449951171875,1684.050048828125,1690.1500244140625,653570
2021-06-25 00:00:00+05:30,1695.0,1732.449951171875,1692.0,1728.199951171875,513349
2021-06-28 00:00:00+05:30,1734.0,1747.449951171875,1720.050048828125,1729.5999755859375,290011
2021-06-29 00:00:00+05:30,1731.8499755859375,1752.949951171875,1722.0,1729.25,354016
2021-06-30 00:00:00+05:30,1731.449951171875,1745.0,1709.0999755859375,1716.949951171875,281540
2021-07-01 00:00:00+05:30,1717.0,1747.0,1717.0,1742.5999755859375,310710
2021-07-02 00:00:00+05:30,1742.5999755859375,1742.5999755859375,1708.1500244140625,1719.949951171875,440453
2021-07-05 00:00:00+05:30,1729.0,1760.0,1720.0,1755.949951171875,545078
2021-07-06 00:00:00+05:30,1780.0,1810.0,1759.0,1768.6500244140625,1458817
2021-07-07 00:00:00+05:30,1769.0,1813.6500244140625,1769.0,1809.5,695752
2021-07-08 00:00:00+05:30,1820.0,1843.300048828125,1805.5,1821.949951171875,841105
2021-07-09 00:00:00+05:30,1821.800048828125,1838.0,1802.0999755859375,1809.300048828125,482765
2021-07-12 00:00:00+05:30,1829.9000244140625,1829.9000244140625,1800.300048828125,1812.5,314517
2021-07-13 00:00:00+05:30,1820.0,1829.0,1802.0,1824.449951171875,272846
2021-07-14 00:00:00+05:30,1823.0,1828.5999755859375,1810.0999755859375,1822.550048828125,543340
2021-07-15 00:00:00+05:30,1822.550048828125,1860.0,1816.0,1824.6500244140625,758999
2021-07-16 00:00:00+05:30,1822.0,1822.0,1802.0,1809.050048828125,236121
2021-07-19 00:00:00+05:30,1800.0,1800.0,1760.1500244140625,1765.9000244140625,526822
2021-07-20 00:00:00+05:30,1761.0,1765.9000244140625,1670.0,1673.949951171875,1196682
2021-07-22 00:00:00+05:30,1697.0,1697.0,1657.0,1694.1500244140625,798942
2021-07-23 00:00:00+05:30,1694.1500244140625,1750.9000244140625,1680.0,1727.0999755859375,1108929
2021-07-26 00:00:00+05:30,1727.0,1763.949951171875,1721.0,1740.300048828125,743650
2021-07-27 00:00:00+05:30,1731.050048828125,1749.699951171875,1691.8499755859375,1704.8499755859375,612943
2021-07-28 00:00:00+05:30,1681.0,1699.75,1626.449951171875,1667.449951171875,2844402
2021-07-29 00:00:00+05:30,1675.0,1678.199951171875,1640.300048828125,1653.199951171875,551479
2021-07-30 00:00:00+05:30,1666.0,1674.5,1637.050048828125,1647.3499755859375,451139
2021-08-02 00:00:00+05:30,1657.0,1674.9000244140625,1650.0,1663.1500244140625,211863
2021-08-03 00:00:00+05:30,1669.5,1692.0,1639.0,1678.75,552933
2021-08-04 00:00:00+05:30,1679.4000244140625,1694.699951171875,1656.449951171875,1662.550048828125,318769
2021-08-05 00:00:00+05:30,1669.949951171875,1669.949951171875,1640.0,1648.949951171875,309824
2021-08-06 00:00:00+05:30,1658.75,1661.949951171875,1641.1500244140625,1646.5,292430
2021-08-09 00:00:00+05:30,1646.5,1676.8499755859375,1629.0,1662.800048828125,764977
2021-08-10 00:00:00+05:30,1652.0,1676.0,1629.0,1638.75,248451
2021-08-11 00:00:00+05:30,1650.0,1656.5999755859375,1616.199951171875,1640.8499755859375,351235
2021-08-12 00:00:00+05:30,1643.0,1678.9000244140625,1637.0,1669.300048828125,307770
2021-08-13 00:00:00+05:30,1690.0,1720.0,1653.0999755859375,1676.5999755859375,1380674
2021-08-16 00:00:00+05:30,1677.0,1704.8499755859375,1661.4000244140625,1692.4000244140625,357010
2021-08-17 00:00:00+05:30,1685.0,1717.949951171875,1680.0,1705.550048828125,775310
2021-08-18 00:00:00+05:30,1706.0,1714.550048828125,1691.0999755859375,1697.449951171875,412379
2021-08-20 00:00:00+05:30,1697.449951171875,1723.050048828125,1648.949951171875,1658.5,852318
2021-08-23 00:00:00+05:30,1656.0,1687.9000244140625,1630.0,1671.449951171875,484938
2021-08-24 00:00:00+05:30,1679.0,1696.0,1654.0,1692.5,272693
2021-08-25 00:00:00+05:30,1698.0,1742.449951171875,1692.4000244140625,1717.0,853633
2021-08-26 00:00:00+05:30,1729.449951171875,1761.0,1718.0,1747.800048828125,781715
2021-08-27 00:00:00+05:30,1759.3499755859375,1783.0,1734.550048828125,1776.8499755859375,602056
2021-08-30 00:00:00+05:30,1789.0,1827.0,1775.0,1819.25,603866
2021-08-31 00:00:00+05:30,1830.0,1924.050048828125,1807.050048828125,1904.1500244140625,1684036
2021-09-01 00:00:00+05:30,1906.0,1934.9000244140625,1894.9000244140625,1916.0,687249
2021-09-02 00:00:00+05:30,1919.0,1954.0,1898.0,1944.050048828125,585550
2021-09-03 00:00:00+05:30,1944.699951171875,1986.5,1927.0999755859375,1965.6500244140625,734991
2021-09-06 00:00:00+05:30,1984.5,1985.0,1955.0,1968.699951171875,598181
2021-09-07 00:00:00+05:30,1984.0999755859375,1985.0,1927.949951171875,1950.6500244140625,649759
2021-09-08 00:00:00+05:30,1958.0,1959.449951171875,1924.550048828125,1950.6500244140625,367903
2021-09-09 00:00:00+05:30,1941.0,1955.949951171875,1904.9000244140625,1911.5999755859375,633432
2021-09-13 00:00:00+05:30,1921.699951171875,1922.050048828125,1865.0,1897.699951171875,716996
2021-09-14 00:00:00+05:30,1895.0,1948.949951171875,1893.449951171875,1943.0,639673
2021-09-15 00:00:00+05:30,1954.0,2023.0999755859375,1935.0,1977.449951171875,1030513
2021-09-16 00:00:00+05:30,1988.0,1999.0,1957.0,1979.8499755859375,513545
2021-09-17 00:00:00+05:30,1995.0,2273.949951171875,1983.550048828125,2196.050048828125,8384566
2021-09-20 00:00:00+05:30,2196.050048828125,2204.5,2141.25,2169.5,2860263
2021-09-21 00:00:00+05:30,2175.0,2249.550048828125,2140.199951171875,2236.25,2496310
2021-09-22 00:00:00+05:30,2255.0,2307.14990234375,2180.10009765625,2188.300048828125,2111974
2021-09-23 00:00:00+05:30,2204.0,2246.0,2195.699951171875,2216.5,1442660
2021-09-24 00:00:00+05:30,2217.0,2221.89990234375,2114.5,2138.699951171875,871505
2021-09-27 00:00:00+05:30,2157.0,2170.199951171875,2057.89990234375,2082.10009765625,901244
2021-09-28 00:00:00+05:30,2065.0,2065.0,1985.4000244140625,2023.050048828125,995262
2021-09-29 00:00:00+05:30,2023.050048828125,2057.89990234375,2000.050048828125,2009.300048828125,693658
2021-09-30 00:00:00+05:30,2027.25,2040.449951171875,1983.8499755859375,2021.699951171875,683725
2021-10-01 00:00:00+05:30,2010.0,2030.0,1958.199951171875,1976.050048828125,820838
2021-10-04 00:00:00+05:30,1980.0,2012.800048828125,1954.0999755859375,1993.1500244140625,424271
2021-10-05 00:00:00+05:30,1977.0,2010.800048828125,1962.0,1971.050048828125,337980
2021-10-06 00:00:00+05:30,1985.550048828125,1987.449951171875,1920.0,1929.300048828125,499906
2021-10-07 00:00:00+05:30,1936.3499755859375,1988.5999755859375,1936.3499755859375,1947.699951171875,518119
2021-10-08 00:00:00+05:30,1967.0,1988.5,1917.8499755859375,1962.5,815674
2021-10-11 00:00:00+05:30,1948.9000244140625,2136.0,1930.0,2048.199951171875,2311543
2021-10-12 00:00:00+05:30,2065.199951171875,2084.60009765625,2010.5999755859375,2040.300048828125,850605
2021-10-13 00:00:00+05:30,2140.0,2140.0,2010.3499755859375,2017.550048828125,1540619
2021-10-14 00:00:00+05:30,2020.0,2087.0,2015.550048828125,2073.199951171875,628438
2021-10-18 00:00:00+05:30,2093.0,2098.89990234375,2045.0,2052.85009765625,434290
2021-10-19 00:00:00+05:30,2080.0,2084.85009765625,2004.75,2016.550048828125,386825
2021-10-20 00:00:00+05:30,2022.0,2073.89990234375,1986.5999755859375,2011.949951171875,682880
2021-10-21 00:00:00+05:30,2032.050048828125,2057.550048828125,1993.0,2043.5,696012
2021-10-22 00:00:00+05:30,2044.5,2065.0,2001.1500244140625,2018.699951171875,360974
2021-10-25 00:00:00+05:30,2030.0,2067.75,1962.1500244140625,1996.050048828125,859034
2021-10-26 00:00:00+05:30,2006.5999755859375,2030.0,1989.300048828125,2021.199951171875,234685
2021-10-27 00:00:00+05:30,2030.0,2079.0,2002.0,2010.25,759257
2021-10-28 00:00:00+05:30,2020.800048828125,2058.0,1976.199951171875,1997.949951171875,612492
2021-10-29 00:00:00+05:30,2000.0,2189.699951171875,1850.0,2175.199951171875,5299099
2021-11-01 00:00:00+05:30,2168.0,2205.0,2129.14990234375,2179.300048828125,984882
2021-11-02 00:00:00+05:30,2165.10009765625,2226.39990234375,2161.0,2178.75,571371
2021-11-03 00:00:00+05:30,2176.0,2197.10009765625,2134.10009765625,2164.449951171875,329832
2021-11-04 00:00:00+05:30,2170.0,2192.0,2164.0,2170.949951171875,51064
2021-11-08 00:00:00+05:30,2175.0,2235.0,2145.800048828125,2161.949951171875,622515
2021-11-09 00:00:00+05:30,2169.0,2202.5,2143.550048828125,2155.199951171875,734072
2021-11-10 00:00:00+05:30,2159.0,2199.89990234375,2130.0,2136.85009765625,783646
2021-11-11 00:00:00+05:30,2145.0,2198.0,2126.550048828125,2147.449951171875,1105941
2021-11-12 00:00:00+05:30,2164.0,2324.949951171875,2160.0,2306.25,4162955
2021-11-15 00:00:00+05:30,2310.0,2355.0,2285.050048828125,2346.64990234375,1313934
2021-11-16 00:00:00+05:30,2349.949951171875,2380.0,2325.35009765625,2364.39990234375,830737
2021-11-17 00:00:00+05:30,2363.0,2369.89990234375,2308.10009765625,2332.0,438454
2021-11-18 00:00:00+05:30,2343.64990234375,2357.949951171875,2240.800048828125,2251.14990234375,524409
2021-11-22 00:00:00+05:30,2260.300048828125,2273.949951171875,2128.0,2162.800048828125,838797
2021-11-23 00:00:00+05:30,2163.0,2193.39990234375,2122.050048828125,2179.449951171875,584703
2021-11-24 00:00:00+05:30,2190.89990234375,2203.0,2123.0,2141.75,476843
2021-11-25 00:00:00+05:30,2134.10009765625,2140.0,2060.0,2071.60009765625,943511
2021-11-26 00:00:00+05:30,1991.199951171875,1999.9000244140625,1870.8499755859375,1888.0999755859375,2819594
2021-11-29 00:00:00+05:30,1870.0,1945.0,1812.25,1894.5,2315808
2021-11-30 00:00:00+05:30,1901.0,1968.0,1891.1500244140625,1905.050048828125,2430528
2021-12-01 00:00:00+05:30,1907.9000244140625,1960.949951171875,1853.5,1902.800048828125,1712409
2021-12-02 00:00:00+05:30,1861.3499755859375,1935.0,1861.3499755859375,1912.050048828125,879202
2021-12-03 00:00:00+05:30,1913.0,1979.0,1871.0,1875.6500244140625,1109110
2021-12-06 00:00:00+05:30,1878.0999755859375,1911.9000244140625,1848.0,1859.050048828125,729396
2021-12-07 00:00:00+05:30,1899.050048828125,1964.0,1895.199951171875,1945.25,2025528
2021-12-08 00:00:00+05:30,1972.0,1997.449951171875,1951.25,1986.800048828125,805233
2021-12-09 00:00:00+05:30,1997.300048828125,2028.949951171875,1974.0,2019.5,987230
2021-12-10 00:00:00+05:30,1992.0,2026.5,1982.1500244140625,1997.5999755859375,743526
2021-12-13 00:00:00+05:30,2018.0,2020.0,1991.949951171875,2010.300048828125,519616
2021-12-14 00:00:00+05:30,1990.0,2025.0,1961.050048828125,1977.5,932488
2021-12-15 00:00:00+05:30,1971.0,2018.949951171875,1956.550048828125,1962.800048828125,468818
2021-12-16 00:00:00+05:30,1985.9000244140625,1994.3499755859375,1948.550048828125,1965.5999755859375,484056
2021-12-17 00:00:00+05:30,1957.0,1993.949951171875,1942.0,1955.4000244140625,922125
2021-12-20 00:00:00+05:30,1941.75,1941.75,1795.1500244140625,1818.4000244140625,769021
2021-12-21 00:00:00+05:30,1837.0,1858.1500244140625,1771.0,1838.449951171875,1165324
2021-12-22 00:00:00+05:30,1840.0,1929.800048828125,1840.0,1915.550048828125,1071632
2021-12-23 00:00:00+05:30,1922.0,1980.0,1922.0,1969.6500244140625,1012553
2021-12-24 00:00:00+05:30,1989.0,1990.0,1947.0999755859375,1967.5999755859375,679232
2021-12-27 00:00:00+05:30,1942.0,2011.949951171875,1925.050048828125,2002.75,796381
2021-12-28 00:00:00+05:30,2009.800048828125,2066.0,1990.0,2000.949951171875,803912
2021-12-29 00:00:00+05:30,1990.0,2017.9000244140625,1970.0999755859375,2008.1500244140625,483618
2021-12-30 00:00:00+05:30,2007.0,2007.0,1974.0,1979.550048828125,449008
2021-12-31 00:00:00+05:30,1990.0,2025.0,1981.800048828125,2017.550048828125,417284
2022-01-03 00:00:00+05:30,2001.0,2024.800048828125,1935.0,2014.0,1313054
2022-01-04 00:00:00+05:30,2014.0,2060.0,2002.5,2041.699951171875,787910
2022-01-05 00:00:00+05:30,2015.0,2027.949951171875,1965.0,1977.75,903873
2022-01-06 00:00:00+05:30,1955.0,1990.9000244140625,1940.1500244140625,1960.1500244140625,1064170
2022-01-07 00:00:00+05:30,1979.4000244140625,2018.75,1970.0,2005.449951171875,1430111
2022-01-10 00:00:00+05:30,1977.0,2066.85009765625,1977.0,2055.10009765625,1307846
2022-01-11 00:00:00+05:30,2040.0,2115.0,2025.3499755859375,2035.550048828125,1461780
2022-01-12 00:00:00+05:30,2057.60009765625,2100.0,2040.699951171875,2089.0,725042
2022-01-13 00:00:00+05:30,2096.0,2160.89990234375,2091.10009765625,2144.89990234375,1194980
2022-01-14 00:00:00+05:30,2121.35009765625,2169.0,2121.35009765625,2165.449951171875,628330
2022-01-17 00:00:00+05:30,2165.449951171875,2173.39990234375,2136.0,2165.25,443336
2022-01-18 00:00:00+05:30,2168.0,2183.0,2097.050048828125,2112.25,819354
2022-01-19 00:00:00+05:30,2122.25,2123.0,2057.60009765625,2079.5,459357
2022-01-20 00:00:00+05:30,2085.0,2107.199951171875,2053.89990234375,2091.75,409415
2022-01-21 00:00:00+05:30,2087.60009765625,2127.699951171875,2070.0,2084.35009765625,708173
2022-01-24 00:00:00+05:30,2089.0,2089.0,1970.8499755859375,1992.199951171875,459730
2022-01-25 00:00:00+05:30,1985.0999755859375,2024.0,1955.5999755859375,1966.699951171875,705168
2022-01-27 00:00:00+05:30,1925.0,1935.0,1838.0,1862.5999755859375,1484512
2022-01-28 00:00:00+05:30,1869.0,1901.25,1826.0,1856.6500244140625,1843563
2022-01-31 00:00:00+05:30,1865.0,1898.9000244140625,1835.0999755859375,1856.8499755859375,814981
2022-02-01 00:00:00+05:30,1867.0999755859375,1962.0,1864.050048828125,1950.9000244140625,1050461
2022-02-02 00:00:00+05:30,1960.0,1979.949951171875,1938.050048828125,1947.550048828125,318185
2022-02-03 00:00:00+05:30,1959.4000244140625,1959.4000244140625,1920.0,1941.5,258633
2022-02-04 00:00:00+05:30,1950.6500244140625,2005.0,1937.050048828125,1974.3499755859375,946376
2022-02-07 00:00:00+05:30,2005.0,2187.050048828125,1985.0,2170.10009765625,4481201
2022-02-08 00:00:00+05:30,2165.0,2235.0,2155.0,2182.60009765625,2280188
2022-02-09 00:00:00+05:30,2190.0,2263.0,2180.10009765625,2253.800048828125,1079814
2022-02-10 00:00:00+05:30,2250.5,2282.10009765625,2195.10009765625,2236.75,1182724
2022-02-11 00:00:00+05:30,2208.199951171875,2282.0,2201.10009765625,2264.949951171875,1317813
2022-02-14 00:00:00+05:30,2170.0,2228.5,2082.75,2092.300048828125,1288158
2022-02-15 00:00:00+05:30,2125.0,2198.949951171875,2071.550048828125,2190.60009765625,1091103
2022-02-16 00:00:00+05:30,2195.0,2223.39990234375,2152.10009765625,2170.949951171875,796340
2022-02-17 00:00:00+05:30,2197.949951171875,2244.0,2130.0,2156.64990234375,1442010
2022-02-18 00:00:00+05:30,2149.0,2168.0,2091.0,2116.60009765625,951796
2022-02-21 00:00:00+05:30,2085.050048828125,2096.14990234375,2025.199951171875,2086.550048828125,1964631
2022-02-22 00:00:00+05:30,1996.0,2078.800048828125,1996.0,2066.050048828125,999361
2022-02-23 00:00:00+05:30,2085.0,2095.0,2030.449951171875,2039.4000244140625,720061
2022-02-24 00:00:00+05:30,1975.0,1988.0,1800.0,1830.550048828125,2400153
2022-02-25 00:00:00+05:30,1900.0,1977.300048828125,1870.050048828125,1918.25,1612923
2022-02-28 00:00:00+05:30,1870.0,1894.0,1840.0,1874.9000244140625,1586689
2022-03-02 00:00:00+05:30,1836.0,1865.0,1786.8499755859375,1805.050048828125,1602449
2022-03-03 00:00:00+05:30,1801.0,1803.8499755859375,1721.0999755859375,1729.949951171875,1741377
2022-03-04 00:00:00+05:30,1720.0,1742.300048828125,1634.0,1724.199951171875,2922485
2022-03-07 00:00:00+05:30,1668.0,1668.0,1594.1500244140625,1617.0,1586234
2022-03-08 00:00:00+05:30,1600.0,1614.949951171875,1555.0999755859375,1598.800048828125,1559479
2022-03-09 00:00:00+05:30,1658.0,1754.8499755859375,1658.0,1709.0999755859375,5596423
2022-03-10 00:00:00+05:30,1800.0,1824.5999755859375,1753.4000244140625,1789.449951171875,2787796
2022-03-11 00:00:00+05:30,1780.0,1839.0,1761.699951171875,1820.800048828125,1619561
2022-03-14 00:00:00+05:30,1823.0,1849.800048828125,1806.300048828125,1838.800048828125,818803
2022-03-15 00:00:00+05:30,1872.0,1883.4000244140625,1820.6500244140625,1832.550048828125,965034
2022-03-16 00:00:00+05:30,1866.0,1923.75,1866.0,1899.800048828125,1552404
2022-03-17 00:00:00+05:30,1930.0,1944.0,1883.050048828125,1897.050048828125,1295677
2022-03-21 00:00:00+05:30,1882.0,1895.0,1809.550048828125,1814.050048828125,715151
2022-03-22 00:00:00+05:30,1810.0,1851.5,1762.25,1836.25,990082
2022-03-23 00:00:00+05:30,1845.0,1855.0,1812.050048828125,1832.800048828125,628556
2022-03-24 00:00:00+05:30,1800.0,1870.9000244140625,1796.4000244140625,1863.0999755859375,770859
2022-03-25 00:00:00+05:30,1875.0,1954.050048828125,1871.0,1940.550048828125,2367298
2022-03-28 00:00:00+05:30,1963.9000244140625,1996.0,1940.0,1964.300048828125,1586405
2022-03-29 00:00:00+05:30,1992.0,2019.800048828125,1950.0999755859375,1963.1500244140625,1176404
2022-03-30 00:00:00+05:30,1983.1500244140625,2011.75,1966.199951171875,1989.3499755859375,786916
2022-03-31 00:00:00+05:30,1990.3499755859375,2020.0,1990.3499755859375,2014.1500244140625,991862
2022-04-01 00:00:00+05:30,2017.5,2033.949951171875,1963.0,1998.5999755859375,1057578
2022-04-04 00:00:00+05:30,2000.0,2025.0,1995.0,2014.550048828125,553033
2022-04-05 00:00:00+05:30,2006.800048828125,2023.5,1975.6500244140625,1986.4000244140625,933228
2022-04-06 00:00:00+05:30,1987.699951171875,2004.0,1972.0,1979.25,392851
2022-04-07 00:00:00+05:30,1987.0,1991.199951171875,1968.050048828125,1980.4000244140625,444888
2022-04-08 00:00:00+05:30,2000.0,2029.5,1992.0,2000.1500244140625,1007511
2022-04-11 00:00:00+05:30,2005.0,2038.9000244140625,1984.050048828125,1991.550048828125,650549
2022-04-12 00:00:00+05:30,2001.8499755859375,2001.8499755859375,1922.8499755859375,1932.8499755859375,693537
2022-04-13 00:00:00+05:30,1944.449951171875,1948.949951171875,1890.0,1899.199951171875,476689
2022-04-18 00:00:00+05:30,1885.0,1892.449951171875,1830.25,1884.9000244140625,570705
2022-04-19 00:00:00+05:30,1899.0,1926.699951171875,1843.25,1869.550048828125,356096
2022-04-20 00:00:00+05:30,1890.0,1906.5,1867.199951171875,1896.3499755859375,445449
2022-04-21 00:00:00+05:30,1906.0,1951.0,1894.0,1938.449951171875,417188
2022-04-22 00:00:00+05:30,1925.0,1945.0,1905.199951171875,1916.0999755859375,448347
2022-04-25 00:00:00+05:30,1880.0999755859375,1899.0,1855.0,1864.9000244140625,548420
2022-04-26 00:00:00+05:30,1890.0,1890.0,1853.550048828125,1870.199951171875,240122
2022-04-27 00:00:00+05:30,1852.0,1854.75,1782.0,1791.300048828125,701836
2022-04-28 00:00:00+05:30,1826.0,1873.199951171875,1795.449951171875,1858.5999755859375,767167
2022-04-29 00:00:00+05:30,1872.0,1885.0,1851.5,1858.0999755859375,408066
2022-05-02 00:00:00+05:30,1818.949951171875,1875.0,1818.9000244140625,1866.8499755859375,271403
2022-05-04 00:00:00+05:30,1863.9000244140625,1866.800048828125,1795.0,1801.75,316292
2022-05-05 00:00:00+05:30,1817.0,1825.0,1770.0999755859375,1781.9000244140625,311876
2022-05-06 00:00:00+05:30,1750.0,1774.5,1723.4000244140625,1745.3499755859375,409633
2022-05-09 00:00:00+05:30,1745.0,1745.0,1683.050048828125,1717.300048828125,389574
2022-05-10 00:00:00+05:30,1712.9000244140625,1762.0,1687.199951171875,1693.4000244140625,324348
2022-05-11 00:00:00+05:30,1698.0,1712.0,1640.449951171875,1678.9000244140625,504697
2022-05-12 00:00:00+05:30,1670.0,1670.0,1615.0,1631.25,371011
2022-05-13 00:00:00+05:30,1644.9000244140625,1689.8499755859375,1616.0,1624.800048828125,422044
2022-05-16 00:00:00+05:30,1644.0,1666.0,1607.5999755859375,1654.5999755859375,498742
2022-05-17 00:00:00+05:30,1662.0,1691.800048828125,1630.0,1680.8499755859375,567445
2022-05-18 00:00:00+05:30,1690.0,1760.75,1686.199951171875,1696.4000244140625,1379451
2022-05-19 00:00:00+05:30,1652.0,1685.949951171875,1574.300048828125,1661.699951171875,406789
2022-05-20 00:00:00+05:30,1685.0,1697.0,1645.050048828125,1664.199951171875,464240
2022-05-23 00:00:00+05:30,1676.0,1733.4000244140625,1670.0999755859375,1725.199951171875,921302
2022-05-24 00:00:00+05:30,1732.5,1741.449951171875,1653.050048828125,1683.0,591584
2022-05-25 00:00:00+05:30,1689.0,1698.949951171875,1626.0,1645.6500244140625,557933
2022-05-26 00:00:00+05:30,1665.199951171875,1836.0,1665.199951171875,1816.199951171875,3255118
2022-05-27 00:00:00+05:30,1816.199951171875,1842.8499755859375,1797.5,1821.8499755859375,1030081
2022-05-30 00:00:00+05:30,1821.8499755859375,1835.0,1787.699951171875,1808.9000244140625,620207
2022-05-31 00:00:00+05:30,1810.0,1849.449951171875,1785.5999755859375,1838.550048828125,987688
2022-06-01 00:00:00+05:30,1865.949951171875,1880.0,1816.0999755859375,1825.550048828125,558609
2022-06-02 00:00:00+05:30,1825.550048828125,1856.5,1814.800048828125,1828.550048828125,492271
2022-06-03 00:00:00+05:30,1844.0,1847.0,1809.550048828125,1812.5999755859375,411462
2022-06-06 00:00:00+05:30,1790.0,1825.5999755859375,1786.050048828125,1819.800048828125,308050
2022-06-07 00:00:00+05:30,1814.0,1827.75,1795.050048828125,1820.6500244140625,237334
2022-06-08 00:00:00+05:30,1820.0,1838.5,1781.1500244140625,1802.5,711054
2022-06-09 00:00:00+05:30,1790.0,1808.0,1763.550048828125,1793.550048828125,315997
2022-06-10 00:00:00+05:30,1770.0999755859375,1820.0,1770.0999755859375,1808.9000244140625,507818
2022-06-13 00:00:00+05:30,1780.25,1799.75,1722.6500244140625,1755.800048828125,420743
2022-06-14 00:00:00+05:30,1735.0,1770.0,1730.550048828125,1742.9000244140625,306321
2022-06-15 00:00:00+05:30,1742.9000244140625,1761.8499755859375,1732.1500244140625,1735.5,245913
2022-06-16 00:00:00+05:30,1729.0999755859375,1746.0,1629.550048828125,1649.199951171875,1482360
2022-06-17 00:00:00+05:30,1648.0,1653.949951171875,1599.0,1631.949951171875,1008746
2022-06-20 00:00:00+05:30,1647.3499755859375,1678.300048828125,1511.75,1549.300048828125,1954116
2022-06-21 00:00:00+05:30,1586.0,1634.9000244140625,1557.550048828125,1627.5999755859375,1298081
2022-06-22 00:00:00+05:30,1600.0,1670.0,1590.4000244140625,1646.8499755859375,920897
2022-06-23 00:00:00+05:30,1660.6500244140625,1667.3499755859375,1598.550048828125,1621.5,992947
2022-06-24 00:00:00+05:30,1646.4000244140625,1646.4000244140625,1603.0,1630.75,464612
2022-06-27 00:00:00+05:30,1650.949951171875,1655.949951171875,1618.75,1625.1500244140625,497514
2022-06-28 00:00:00+05:30,1605.0,1646.550048828125,1571.75,1637.9000244140625,1172518
2022-06-29 00:00:00+05:30,1620.0,1638.699951171875,1604.0,1615.199951171875,747275
2022-06-30 00:00:00+05:30,1611.0,1628.5,1597.550048828125,1606.199951171875,868721
2022-07-01 00:00:00+05:30,1610.550048828125,1667.0,1591.5999755859375,1650.4000244140625,692564
2022-07-04 00:00:00+05:30,1623.25,1654.0,1587.550048828125,1648.75,934321
2022-07-05 00:00:00+05:30,1640.050048828125,1670.0,1619.199951171875,1629.449951171875,498699
2022-07-06 00:00:00+05:30,1645.9000244140625,1690.0,1622.1500244140625,1662.1500244140625,1422886
2022-07-07 00:00:00+05:30,1684.300048828125,1696.1500244140625,1653.5999755859375,1692.0,793404
2022-07-08 00:00:00+05:30,1681.0999755859375,1690.5,1643.5,1677.9000244140625,786294
2022-07-11 00:00:00+05:30,1650.0,1705.699951171875,1648.0,1694.6500244140625,511612
2022-07-12 00:00:00+05:30,1696.6500244140625,1711.800048828125,1679.3499755859375,1693.449951171875,483227
2022-07-13 00:00:00+05:30,1730.0,1760.0,1714.5999755859375,1737.699951171875,1592742
2022-07-14 00:00:00+05:30,1733.5,1775.0,1728.1500244140625,1761.0,389255
2022-07-15 00:00:00+05:30,1772.0,1790.0,1753.199951171875,1785.8499755859375,317909
2022-07-18 00:00:00+05:30,1801.0,1808.949951171875,1785.0,1801.1500244140625,304257
2022-07-19 00:00:00+05:30,1787.3499755859375,1795.800048828125,1770.300048828125,1776.6500244140625,397131
2022-07-20 00:00:00+05:30,1804.949951171875,1805.0,1761.550048828125,1766.4000244140625,320599
2022-07-21 00:00:00+05:30,1766.9000244140625,1830.0,1766.9000244140625,1826.0,436256
2022-07-22 00:00:00+05:30,1828.699951171875,1836.5,1805.050048828125,1815.449951171875,433565
2022-07-25 00:00:00+05:30,1815.0,1824.5999755859375,1795.800048828125,1816.4000244140625,217342
2022-07-26 00:00:00+05:30,1806.0,1809.800048828125,1762.4000244140625,1779.6500244140625,331090
2022-07-27 00:00:00+05:30,1777.0,1784.5999755859375,1751.550048828125,1772.0999755859375,540921
2022-07-28 00:00:00+05:30,1794.0,1848.4000244140625,1787.050048828125,1843.0,777228
2022-07-29 00:00:00+05:30,1855.0,1892.9000244140625,1848.0,1867.949951171875,785199
2022-08-01 00:00:00+05:30,1893.0,1897.0,1870.0,1891.4000244140625,408960
2022-08-02 00:00:00+05:30,1900.0,1949.0,1874.0999755859375,1944.6500244140625,699094
2022-08-03 00:00:00+05:30,1954.0,1990.4000244140625,1916.6500244140625,1976.6500244140625,863499
2022-08-04 00:00:00+05:30,2014.0,2014.0,1918.5999755859375,1986.0999755859375,1878817
2022-08-05 00:00:00+05:30,1991.0,2103.949951171875,1985.199951171875,2080.89990234375,2194620
2022-08-08 00:00:00+05:30,2085.0,2085.0,2055.25,2067.199951171875,511464
2022-08-10 00:00:00+05:30,2061.0,2066.800048828125,2022.25,2038.300048828125,328575
2022-08-11 00:00:00+05:30,2081.89990234375,2084.60009765625,2012.5,2019.800048828125,813952
2022-08-12 00:00:00+05:30,2025.0,2027.5,2002.0,2014.1500244140625,279338
2022-08-16 00:00:00+05:30,2049.0,2074.800048828125,2032.0,2069.14990234375,558344
2022-08-17 00:00:00+05:30,2088.0,2088.0,2040.9000244140625,2050.550048828125,400670
2022-08-18 00:00:00+05:30,2034.0,2043.550048828125,2003.0,2022.0,413211
2022-08-19 00:00:00+05:30,2003.300048828125,2013.3499755859375,1950.0,1970.300048828125,910803
2022-08-22 00:00:00+05:30,1980.550048828125,2000.0,1940.199951171875,1968.75,502683
2022-08-23 00:00:00+05:30,1932.0,2011.800048828125,1932.0,2004.5,723276
2022-08-24 00:00:00+05:30,1980.0,2009.0,1960.4000244140625,1970.699951171875,664666
2022-08-25 00:00:00+05:30,1970.699951171875,1992.5999755859375,1963.550048828125,1973.800048828125,344550
2022-08-26 00:00:00+05:30,1975.0,1995.550048828125,1965.050048828125,1974.699951171875,254212
2022-08-29 00:00:00+05:30,1950.0,1983.449951171875,1946.0,1959.199951171875,448732
2022-08-30 00:00:00+05:30,1960.0,2023.0,1960.0,2016.800048828125,739182
2022-09-01 00:00:00+05:30,2018.0,2048.0,2005.5,2038.3499755859375,439898
2022-09-02 00:00:00+05:30,2044.949951171875,2064.0,2020.0,2029.4000244140625,397345
2022-09-05 00:00:00+05:30,2035.0,2049.89990234375,2011.5,2019.9000244140625,207310
2022-09-06 00:00:00+05:30,2030.0,2033.25,2013.0,2021.4000244140625,235605
2022-09-07 00:00:00+05:30,2028.0999755859375,2067.550048828125,1945.0,1977.699951171875,914065
2022-09-08 00:00:00+05:30,1926.0,1978.0,1885.0,1940.6500244140625,24596666
2022-09-09 00:00:00+05:30,1959.800048828125,1959.800048828125,1925.800048828125,1933.300048828125,1279304
2022-09-12 00:00:00+05:30,1938.0,1950.0999755859375,1918.9000244140625,1927.25,635908
2022-09-13 00:00:00+05:30,1931.0,1942.0,1921.25,1930.25,910985
2022-09-14 00:00:00+05:30,1907.0,1931.800048828125,1896.0999755859375,1905.050048828125,423379
2022-09-15 00:00:00+05:30,1914.5999755859375,1920.5,1887.300048828125,1902.0999755859375,638241
2022-09-16 00:00:00+05:30,1911.0,1928.0,1824.9000244140625,1836.050048828125,980903
2022-09-19 00:00:00+05:30,1845.25,1845.949951171875,1812.0,1838.550048828125,518856
2022-09-20 00:00:00+05:30,1847.75,1924.0,1846.5999755859375,1905.6500244140625,1113254
2022-09-21 00:00:00+05:30,1906.0,1917.1500244140625,1872.050048828125,1877.550048828125,491778
2022-09-22 00:00:00+05:30,1885.0,1912.0,1860.550048828125,1876.800048828125,518678
2022-09-23 00:00:00+05:30,1877.0,1894.550048828125,1830.0,1844.25,493102
2022-09-26 00:00:00+05:30,1848.0,1856.300048828125,1802.6500244140625,1839.25,696800
2022-09-27 00:00:00+05:30,1849.0,1868.800048828125,1816.0,1845.1500244140625,473796
2022-09-28 00:00:00+05:30,1833.8499755859375,1852.0,1811.0,1819.699951171875,418863
2022-09-29 00:00:00+05:30,1828.800048828125,1844.949951171875,1807.050048828125,1827.300048828125,370229
2022-09-30 00:00:00+05:30,1830.0,1871.8499755859375,1803.199951171875,1855.300048828125,507332
2022-10-03 00:00:00+05:30,1874.0,1874.0,1783.0,1796.8499755859375,732261
2022-10-04 00:00:00+05:30,1840.0,1869.5,1830.0999755859375,1851.75,830556
2022-10-06 00:00:00+05:30,1873.5,1876.0,1808.050048828125,1816.300048828125,684009
2022-10-07 00:00:00+05:30,1820.0,1820.0,1750.6500244140625,1794.0999755859375,1470158
2022-10-10 00:00:00+05:30,1762.699951171875,1784.449951171875,1735.0999755859375,1775.550048828125,531321
2022-10-11 00:00:00+05:30,1777.0,1796.25,1760.050048828125,1769.949951171875,629472
2022-10-12 00:00:00+05:30,1778.6500244140625,1778.6500244140625,1732.3499755859375,1747.199951171875,717715
2022-10-13 00:00:00+05:30,1747.199951171875,1782.0,1722.949951171875,1736.1500244140625,447044
2022-10-14 00:00:00+05:30,1765.0,1772.550048828125,1743.0,1751.949951171875,540291
2022-10-17 00:00:00+05:30,1740.0,1756.25,1728.0,1745.0,480719
2022-10-18 00:00:00+05:30,1751.0,1786.550048828125,1749.1500244140625,1781.0,375593
2022-10-19 00:00:00+05:30,1789.949951171875,1799.3499755859375,1775.0,1781.199951171875,357081
2022-10-20 00:00:00+05:30,1765.0,1805.0,1761.449951171875,1784.300048828125,445735
2022-10-21 00:00:00+05:30,1793.25,1795.800048828125,1765.800048828125,1779.0999755859375,307651
2022-10-24 00:00:00+05:30,1800.0,1800.0,1781.0,1793.4000244140625,64226
2022-10-25 00:00:00+05:30,1798.0,1801.949951171875,1762.0,1768.5999755859375,492471
2022-10-27 00:00:00+05:30,1779.949951171875,1781.1500244140625,1737.5999755859375,1741.25,611156
2022-10-28 00:00:00+05:30,1749.5,1768.0,1741.550048828125,1762.300048828125,404541
2022-10-31 00:00:00+05:30,1769.0,1790.0,1763.0999755859375,1781.699951171875,462834
2022-11-01 00:00:00+05:30,1777.0,1827.75,1773.6500244140625,1820.699951171875,572111
2022-11-02 00:00:00+05:30,1818.800048828125,1836.5,1785.5999755859375,1805.5,504628
2022-11-03 00:00:00+05:30,1800.0,1817.1500244140625,1788.25,1803.199951171875,206322
2022-11-04 00:00:00+05:30,1809.800048828125,1817.4000244140625,1790.0,1798.0,422417
2022-11-07 00:00:00+05:30,1768.0,1817.949951171875,1768.0,1778.050048828125,1277160
2022-11-09 00:00:00+05:30,1780.0,1784.8499755859375,1676.0,1718.75,1765811
2022-11-10 00:00:00+05:30,1725.550048828125,1729.449951171875,1697.550048828125,1710.4000244140625,527241
2022-11-11 00:00:00+05:30,1719.0,1769.199951171875,1695.5999755859375,1766.0999755859375,727988
2022-11-14 00:00:00+05:30,1766.0999755859375,1780.0,1757.0999755859375,1775.75,215093
2022-11-15 00:00:00+05:30,1784.6500244140625,1800.0,1770.25,1792.949951171875,382601
2022-11-16 00:00:00+05:30,1801.949951171875,1813.0,1760.1500244140625,1770.9000244140625,660124
2022-11-17 00:00:00+05:30,1770.9000244140625,1772.25,1741.0,1748.6500244140625,239383
2022-11-18 00:00:00+05:30,1758.0,1796.0,1750.0,1782.949951171875,725512
2022-11-21 00:00:00+05:30,1788.949951171875,1809.0,1766.0999755859375,1792.449951171875,376851
2022-11-22 00:00:00+05:30,1801.3499755859375,1829.300048828125,1788.949951171875,1818.949951171875,612018
2022-11-23 00:00:00+05:30,1828.0,1897.9000244140625,1825.699951171875,1893.3499755859375,2277315
2022-11-24 00:00:00+05:30,1910.0,1968.0,1888.0,1897.300048828125,2102042
2022-11-25 00:00:00+05:30,1910.0,1912.949951171875,1876.0,1906.949951171875,355530
2022-11-28 00:00:00+05:30,1916.5,1952.0,1906.0999755859375,1913.300048828125,819638
2022-11-29 00:00:00+05:30,1925.0,1940.0,1901.0,1911.3499755859375,567704
2022-11-30 00:00:00+05:30,1900.0,1941.6500244140625,1888.5999755859375,1937.449951171875,749904
2022-12-01 00:00:00+05:30,1955.0,1955.5,1932.1500244140625,1944.1500244140625,453065
2022-12-02 00:00:00+05:30,1936.949951171875,1952.8499755859375,1912.0999755859375,1916.5,383481
2022-12-05 00:00:00+05:30,1915.0,1934.449951171875,1906.25,1919.050048828125,298145
2022-12-06 00:00:00+05:30,1923.25,1950.0,1916.050048828125,1932.8499755859375,475367
2022-12-07 00:00:00+05:30,1945.25,2008.75,1940.449951171875,1973.1500244140625,1759557
2022-12-08 00:00:00+05:30,1978.0,2025.0,1968.1500244140625,2019.25,1038461
2022-12-09 00:00:00+05:30,2029.949951171875,2030.0,1988.1500244140625,1992.050048828125,617265
2022-12-12 00:00:00+05:30,2002.5,2060.0,1995.0,2053.949951171875,1503825
2022-12-13 00:00:00+05:30,2052.949951171875,2052.949951171875,2020.5,2030.449951171875,519818
2022-12-14 00:00:00+05:30,2038.0,2041.5999755859375,2011.0,2015.699951171875,300111
2022-12-15 00:00:00+05:30,2014.949951171875,2025.4000244140625,1998.0,2015.0,304652
2022-12-16 00:00:00+05:30,2017.949951171875,2028.949951171875,1955.550048828125,1962.4000244140625,461827
2022-12-19 00:00:00+05:30,1965.0,2032.449951171875,1945.300048828125,2027.0999755859375,463961
2022-12-20 00:00:00+05:30,2034.9000244140625,2100.0,2007.050048828125,2063.800048828125,1740107
2022-12-21 00:00:00+05:30,2070.949951171875,2084.300048828125,1983.0,2016.25,1206297
2022-12-22 00:00:00+05:30,1985.9000244140625,2015.949951171875,1958.25,1977.0999755859375,1088470
2022-12-23 00:00:00+05:30,1951.0,1959.949951171875,1893.9000244140625,1914.25,1193836
2022-12-26 00:00:00+05:30,1910.0,1963.0,1895.25,1958.300048828125,232709
2022-12-27 00:00:00+05:30,1963.0,2034.5,1962.0,2027.75,650703
2022-12-28 00:00:00+05:30,2019.9000244140625,2053.449951171875,2008.550048828125,2015.199951171875,552390
2022-12-29 00:00:00+05:30,2005.0,2026.699951171875,1986.0,2015.6500244140625,508658
2022-12-30 00:00:00+05:30,2040.0,2047.3499755859375,2001.1500244140625,2007.699951171875,371770
2023-01-02 00:00:00+05:30,2013.0,2050.0,2007.0999755859375,2042.75,203965
2023-01-03 00:00:00+05:30,2029.0,2049.949951171875,2022.0,2040.949951171875,321613
2023-01-04 00:00:00+05:30,2048.0,2056.550048828125,1990.4000244140625,2003.0999755859375,427181
2023-01-05 00:00:00+05:30,2023.949951171875,2041.449951171875,2015.0,2037.550048828125,849893
2023-01-06 00:00:00+05:30,2039.0,2048.0,2002.0,2020.0,361483
2023-01-09 00:00:00+05:30,2024.0,2037.949951171875,2006.0,2024.199951171875,223959
2023-01-10 00:00:00+05:30,2024.199951171875,2072.199951171875,2018.25,2044.1500244140625,1133162
2023-01-11 00:00:00+05:30,2044.1500244140625,2118.800048828125,2037.0,2107.35009765625,988453
2023-01-12 00:00:00+05:30,2114.949951171875,2127.85009765625,2090.0,2105.050048828125,1010301
2023-01-13 00:00:00+05:30,2100.60009765625,2120.85009765625,2097.550048828125,2117.39990234375,349581
2023-01-16 00:00:00+05:30,2116.949951171875,2141.60009765625,2083.85009765625,2100.14990234375,763655
2023-01-17 00:00:00+05:30,2110.699951171875,2129.89990234375,2068.050048828125,2081.25,453194
2023-01-18 00:00:00+05:30,2086.0,2106.64990234375,2080.0,2084.25,488684
2023-01-19 00:00:00+05:30,2080.0,2128.0,2075.0,2122.800048828125,611765
2023-01-20 00:00:00+05:30,2129.550048828125,2165.0,2086.89990234375,2099.85009765625,924550
2023-01-23 00:00:00+05:30,2110.0,2131.35009765625,2094.75,2121.800048828125,212199
2023-01-24 00:00:00+05:30,2119.0,2130.800048828125,2091.5,2102.35009765625,208212
2023-01-25 00:00:00+05:30,2103.0,2120.0,2070.0,2109.25,847403
2023-01-27 00:00:00+05:30,2109.0,2109.35009765625,2070.0,2094.050048828125,631918
2023-01-30 00:00:00+05:30,2090.0,2110.75,2060.0,2083.75,1191976
2023-01-31 00:00:00+05:30,2090.0,2135.0,2085.800048828125,2124.25,548748
2023-02-01 00:00:00+05:30,2120.25,2146.75,2062.800048828125,2084.89990234375,807503
2023-02-02 00:00:00+05:30,2090.0,2130.60009765625,2060.699951171875,2124.85009765625,759436
2023-02-03 00:00:00+05:30,2135.5,2160.0,2079.550048828125,2097.699951171875,596525
2023-02-06 00:00:00+05:30,2180.0,2180.0,2043.449951171875,2071.550048828125,2308032
2023-02-07 00:00:00+05:30,2070.0,2102.699951171875,2006.6500244140625,2025.4000244140625,1319373
2023-02-08 00:00:00+05:30,2025.4000244140625,2056.949951171875,2020.3499755859375,2040.199951171875,397784
2023-02-09 00:00:00+05:30,2040.199951171875,2065.0,2035.050048828125,2039.699951171875,464624
2023-02-10 00:00:00+05:30,2048.0,2054.0,2035.0,2043.5,181307
2023-02-13 00:00:00+05:30,2042.0,2056.85009765625,2035.8499755859375,2048.550048828125,420872
2023-02-14 00:00:00+05:30,2057.0,2057.0,2025.0,2036.800048828125,339630
2023-02-15 00:00:00+05:30,2032.0,2036.4000244140625,1968.550048828125,1986.050048828125,1465671
2023-02-16 00:00:00+05:30,1922.050048828125,1940.0,1890.0,1897.25,6360784
2023-02-17 00:00:00+05:30,1898.949951171875,1898.949951171875,1875.9000244140625,1882.199951171875,1098641
2023-02-20 00:00:00+05:30,1885.949951171875,1891.949951171875,1860.3499755859375,1881.75,1747492
2023-02-21 00:00:00+05:30,1895.0,1897.8499755859375,1848.0,1853.1500244140625,1002468
2023-02-22 00:00:00+05:30,1857.0,1860.0,1820.0,1834.8499755859375,1095395
2023-02-23 00:00:00+05:30,1831.0999755859375,1871.9000244140625,1820.0,1865.0,923512
2023-02-24 00:00:00+05:30,1865.0,1876.0999755859375,1843.25,1853.25,322247
2023-02-27 00:00:00+05:30,1839.0,1845.949951171875,1816.0,1838.050048828125,708346
2023-02-28 00:00:00+05:30,1839.699951171875,1864.699951171875,1835.300048828125,1856.3499755859375,458233
2023-03-01 00:00:00+05:30,1868.949951171875,1868.949951171875,1831.449951171875,1843.699951171875,416942
2023-03-02 00:00:00+05:30,1845.9000244140625,1876.5,1837.1500244140625,1853.4000244140625,395347
2023-03-03 00:00:00+05:30,1862.699951171875,1875.0,1850.0,1865.1500244140625,272832
2023-03-06 00:00:00+05:30,1875.0,1877.800048828125,1851.0,1855.75,273649
2023-03-08 00:00:00+05:30,1860.0,1905.050048828125,1853.300048828125,1901.800048828125,969908
2023-03-09 00:00:00+05:30,1911.300048828125,1911.300048828125,1864.0,1867.050048828125,369301
2023-03-10 00:00:00+05:30,1869.949951171875,1893.449951171875,1850.0999755859375,1889.800048828125,336656
2023-03-13 00:00:00+05:30,1889.949951171875,1890.0,1845.050048828125,1858.9000244140625,144555
2023-03-14 00:00:00+05:30,1850.0,1869.9000244140625,1846.699951171875,1862.75,348163
2023-03-15 00:00:00+05:30,1879.0,1891.949951171875,1858.550048828125,1867.25,317609
2023-03-16 00:00:00+05:30,1873.0,1882.800048828125,1842.4000244140625,1865.3499755859375,377044
2023-03-17 00:00:00+05:30,1868.3499755859375,1890.0,1848.050048828125,1856.3499755859375,447591
2023-03-20 00:00:00+05:30,1858.0,1866.0999755859375,1827.0,1857.75,489457
2023-03-21 00:00:00+05:30,1884.949951171875,1919.0,1865.6500244140625,1874.5999755859375,408947
2023-03-22 00:00:00+05:30,1894.0,1896.550048828125,1881.0,1888.75,269461
2023-03-23 00:00:00+05:30,1888.949951171875,1919.949951171875,1888.949951171875,1908.949951171875,738568
2023-03-24 00:00:00+05:30,1910.0,1919.0,1860.0,1865.199951171875,338567
2023-03-27 00:00:00+05:30,1867.1500244140625,1880.050048828125,1826.050048828125,1834.300048828125,382151
2023-03-28 00:00:00+05:30,1842.0,1843.5,1810.6500244140625,1825.199951171875,746374
2023-03-29 00:00:00+05:30,1818.050048828125,1840.0,1810.800048828125,1825.3499755859375,633537
2023-03-31 00:00:00+05:30,1834.5,1916.199951171875,1833.0,1910.6500244140625,1498501
2023-04-03 00:00:00+05:30,1900.0,1903.949951171875,1861.0,1900.0,346577
2023-04-05 00:00:00+05:30,1890.0,1933.300048828125,1884.4000244140625,1927.75,439816
2023-04-06 00:00:00+05:30,1933.800048828125,1939.699951171875,1902.0,1911.949951171875,419500
2023-04-10 00:00:00+05:30,1913.25,1922.449951171875,1896.6500244140625,1902.0999755859375,178590
2023-04-11 00:00:00+05:30,1906.5,1922.949951171875,1876.5,1879.050048828125,320625
2023-04-12 00:00:00+05:30,1880.0,1884.800048828125,1864.550048828125,1880.050048828125,294063
2023-04-13 00:00:00+05:30,1889.0,1899.0,1873.5,1879.3499755859375,223972
2023-04-17 00:00:00+05:30,1890.0,1940.0,1882.8499755859375,1937.0,700514
2023-04-18 00:00:00+05:30,1947.0,1970.0,1936.3499755859375,1960.0,566126
2023-04-19 00:00:00+05:30,1950.0,1980.0,1950.0,1968.8499755859375,554013
2023-04-20 00:00:00+05:30,1967.800048828125,1994.699951171875,1962.5,1990.3499755859375,391997
2023-04-21 00:00:00+05:30,1999.0,1999.949951171875,1971.1500244140625,1987.6500244140625,201671
2023-04-24 00:00:00+05:30,2000.0,2000.0,1975.050048828125,1991.949951171875,169783
2023-04-25 00:00:00+05:30,1975.0,1997.699951171875,1975.0,1992.699951171875,153686
2023-04-26 00:00:00+05:30,1990.0,2021.449951171875,1979.1500244140625,2017.550048828125,473999
2023-04-27 00:00:00+05:30,2024.0,2033.050048828125,2010.199951171875,2021.050048828125,317706
2023-04-28 00:00:00+05:30,2027.699951171875,2037.449951171875,2007.199951171875,2020.949951171875,579273
2023-05-02 00:00:00+05:30,2031.0,2087.89990234375,2022.0,2067.39990234375,850179
2023-05-03 00:00:00+05:30,2145.0,2236.949951171875,2145.0,2164.10009765625,4126517
2023-05-04 00:00:00+05:30,2176.949951171875,2180.0,2130.300048828125,2163.60009765625,581130
2023-05-05 00:00:00+05:30,2169.0,2172.89990234375,2149.39990234375,2158.85009765625,304849
2023-05-08 00:00:00+05:30,2170.0,2210.0,2161.0,2199.85009765625,752671
2023-05-09 00:00:00+05:30,2213.0,2223.85009765625,2198.0,2207.85009765625,393517
2023-05-10 00:00:00+05:30,2224.89990234375,2230.64990234375,2203.300048828125,2223.64990234375,430542
2023-05-11 00:00:00+05:30,2233.0,2257.35009765625,2225.0,2251.449951171875,458136
2023-05-12 00:00:00+05:30,2300.050048828125,2304.75,2228.699951171875,2234.60009765625,718138
2023-05-15 00:00:00+05:30,2240.0,2256.949951171875,2222.39990234375,2251.39990234375,290376
2023-05-16 00:00:00+05:30,2250.0,2295.0,2245.75,2281.0,477303
2023-05-17 00:00:00+05:30,2293.85009765625,2307.0,2268.0,2300.199951171875,516811
2023-05-18 00:00:00+05:30,2313.89990234375,2332.949951171875,2255.300048828125,2264.64990234375,827802
2023-05-19 00:00:00+05:30,2300.0,2302.449951171875,2230.5,2266.800048828125,1606656
2023-05-22 00:00:00+05:30,2264.949951171875,2299.050048828125,2255.0,2290.050048828125,528624
2023-05-23 00:00:00+05:30,2290.050048828125,2299.0,2258.050048828125,2277.199951171875,635920
2023-05-24 00:00:00+05:30,2277.949951171875,2303.75,2260.050048828125,2269.0,1205803
2023-05-25 00:00:00+05:30,2280.64990234375,2316.300048828125,2259.35009765625,2305.699951171875,1391561
2023-05-26 00:00:00+05:30,2305.64990234375,2327.0,2292.949951171875,2323.35009765625,625438
2023-05-29 00:00:00+05:30,2327.60009765625,2352.85009765625,2315.39990234375,2321.199951171875,644870
2023-05-30 00:00:00+05:30,2335.0,2413.75,2323.0,2371.39990234375,1581691
2023-05-31 00:00:00+05:30,2372.39990234375,2394.0,2316.699951171875,2372.5,3931180
2023-06-01 00:00:00+05:30,2372.5,2372.5,2335.75,2343.800048828125,431516
2023-06-02 00:00:00+05:30,2348.85009765625,2389.85009765625,2345.699951171875,2385.75,685037
2023-06-05 00:00:00+05:30,2393.0,2418.5,2376.0,2402.75,880388
2023-06-06 00:00:00+05:30,2410.0,2413.5,2383.25,2410.39990234375,286207
2023-06-07 00:00:00+05:30,2411.0,2438.699951171875,2402.14990234375,2419.89990234375,256312
2023-06-08 00:00:00+05:30,2432.0,2468.550048828125,2415.60009765625,2447.050048828125,627078
2023-06-09 00:00:00+05:30,2447.0,2488.0,2439.89990234375,2462.75,512036
2023-06-12 00:00:00+05:30,2485.0,2485.0,2377.0,2410.949951171875,1070310
2023-06-13 00:00:00+05:30,2411.0,2416.949951171875,2331.10009765625,2340.0,2035531
2023-06-14 00:00:00+05:30,2365.0,2368.85009765625,2346.10009765625,2356.0,737180
2023-06-15 00:00:00+05:30,2380.0,2420.0,2370.0,2414.10009765625,1126186
2023-06-16 00:00:00+05:30,2434.949951171875,2450.550048828125,2415.60009765625,2429.5,707941
2023-06-19 00:00:00+05:30,2445.0,2450.0,2420.550048828125,2432.300048828125,359751
2023-06-20 00:00:00+05:30,2490.0,2490.0,2428.85009765625,2437.75,1276432
2023-06-21 00:00:00+05:30,2450.0,2474.800048828125,2430.0,2470.300048828125,716072
2023-06-22 00:00:00+05:30,2478.949951171875,2482.5,2455.64990234375,2476.949951171875,472856
2023-06-23 00:00:00+05:30,2480.0,2508.949951171875,2462.0,2475.050048828125,748652
2023-06-26 00:00:00+05:30,2452.0,2480.0,2444.85009765625,2464.85009765625,536769
2023-06-27 00:00:00+05:30,2477.0,2544.449951171875,2469.0,2529.75,1985055
2023-06-28 00:00:00+05:30,2544.0,2635.14990234375,2532.60009765625,2621.10009765625,1917308
2023-06-30 00:00:00+05:30,2643.0,2658.300048828125,2608.050048828125,2626.89990234375,1098881
2023-07-03 00:00:00+05:30,2626.0,2661.550048828125,2613.39990234375,2638.199951171875,542790
2023-07-04 00:00:00+05:30,2638.199951171875,2643.300048828125,2585.199951171875,2593.699951171875,602465
2023-07-05 00:00:00+05:30,2605.0,2669.699951171875,2605.0,2654.60009765625,628970
2023-07-06 00:00:00+05:30,2667.35009765625,2705.949951171875,2646.449951171875,2698.550048828125,482391
2023-07-07 00:00:00+05:30,2714.0,2714.89990234375,2622.0,2631.050048828125,481899
2023-07-10 00:00:00+05:30,2641.0,2695.0,2619.85009765625,2671.60009765625,610910
2023-07-11 00:00:00+05:30,2670.0,2715.0,2666.0,2703.75,525593
2023-07-12 00:00:00+05:30,2720.0,2745.10009765625,2705.14990234375,2725.550048828125,725554
2023-07-13 00:00:00+05:30,2730.050048828125,2740.0,2664.85009765625,2686.39990234375,457858
2023-07-14 00:00:00+05:30,2700.0,2703.75,2617.35009765625,2657.949951171875,512467
2023-07-17 00:00:00+05:30,2650.0,2688.35009765625,2642.800048828125,2677.449951171875,264029
2023-07-18 00:00:00+05:30,2677.0,2693.0,2645.050048828125,2653.050048828125,345789
2023-07-19 00:00:00+05:30,2655.0,2706.949951171875,2655.0,2700.5,619288
2023-07-20 00:00:00+05:30,2710.050048828125,2735.0,2685.0,2730.64990234375,478630
2023-07-21 00:00:00+05:30,2724.050048828125,2724.050048828125,2667.699951171875,2678.64990234375,305614
2023-07-24 00:00:00+05:30,2668.050048828125,2703.89990234375,2650.64990234375,2670.64990234375,235716
2023-07-25 00:00:00+05:30,2675.0,2676.050048828125,2557.550048828125,2584.39990234375,1044638
2023-07-26 00:00:00+05:30,2590.0,2606.10009765625,2531.35009765625,2539.85009765625,1047212
2023-07-27 00:00:00+05:30,2539.0,2568.0,2506.449951171875,2549.85009765625,1224458
2023-07-28 00:00:00+05:30,2561.0,2645.75,2535.60009765625,2617.0,1243697
2023-07-31 00:00:00+05:30,2614.949951171875,2650.0,2587.199951171875,2592.89990234375,563930
2023-08-01 00:00:00+05:30,2589.0,2610.0,2528.10009765625,2570.75,1292753
2023-08-02 00:00:00+05:30,2570.75,2592.0,2522.14990234375,2565.300048828125,791943
2023-08-03 00:00:00+05:30,2574.0,2574.0,2430.10009765625,2447.75,3539409
2023-08-04 00:00:00+05:30,2465.10009765625,2520.0,2451.0,2512.89990234375,1068401
2023-08-07 00:00:00+05:30,2529.35009765625,2550.0,2472.050048828125,2528.449951171875,592210
2023-08-08 00:00:00+05:30,2545.0,2565.0,2516.14990234375,2560.10009765625,750887
2023-08-09 00:00:00+05:30,2560.10009765625,2593.949951171875,2550.25,2587.550048828125,537738
2023-08-10 00:00:00+05:30,2586.0,2599.0,2541.39990234375,2550.35009765625,527423
2023-08-11 00:00:00+05:30,2556.800048828125,2564.14990234375,2510.0,2515.89990234375,453278
2023-08-14 00:00:00+05:30,2515.949951171875,2571.89990234375,2480.0,2549.10009765625,474072
2023-08-16 00:00:00+05:30,2468.0,2480.0,2432.050048828125,2458.64990234375,12656820
2023-08-17 00:00:00+05:30,2458.64990234375,2481.550048828125,2446.449951171875,2459.75,1259895
2023-08-18 00:00:00+05:30,2450.0,2471.39990234375,2405.0,2454.300048828125,2310869
2023-08-21 00:00:00+05:30,2458.800048828125,2463.699951171875,2431.699951171875,2449.64990234375,595109
2023-08-22 00:00:00+05:30,2444.75,2479.199951171875,2436.699951171875,2473.199951171875,950180
2023-08-23 00:00:00+05:30,2489.0,2505.5,2479.25,2497.449951171875,1045094
2023-08-24 00:00:00+05:30,2515.949951171875,2516.39990234375,2475.5,2482.64990234375,649167
2023-08-25 00:00:00+05:30,2470.449951171875,2492.39990234375,2450.949951171875,2458.14990234375,716506
2023-08-28 00:00:00+05:30,2479.10009765625,2490.85009765625,2458.949951171875,2482.64990234375,257414
2023-08-29 00:00:00+05:30,2500.0,2510.5,2475.550048828125,2485.39990234375,615712
2023-08-30 00:00:00+05:30,2483.050048828125,2483.050048828125,2412.300048828125,2454.89990234375,1387562
2023-08-31 00:00:00+05:30,2464.89990234375,2464.89990234375,2425.0,2435.0,886676
2023-09-01 00:00:00+05:30,2429.949951171875,2445.25,2403.0,2438.89990234375,562991
2023-09-04 00:00:00+05:30,2461.699951171875,2472.949951171875,2430.0,2455.35009765625,541048
2023-09-05 00:00:00+05:30,2477.949951171875,2490.0,2440.35009765625,2450.050048828125,578274
2023-09-06 00:00:00+05:30,2460.0,2473.0,2440.0,2461.89990234375,822724
2023-09-07 00:00:00+05:30,2461.0,2473.75,2441.0,2446.60009765625,368692
2023-09-08 00:00:00+05:30,2470.0,2509.0,2449.5,2473.5,797367
2023-09-11 00:00:00+05:30,2490.0,2508.85009765625,2477.14990234375,2500.85009765625,675723
2023-09-12 00:00:00+05:30,2510.0,2515.0,2464.10009765625,2493.14990234375,968871
2023-09-13 00:00:00+05:30,2458.0,2482.0,2435.050048828125,2447.300048828125,1188056
2023-09-14 00:00:00+05:30,2459.800048828125,2482.0,2436.800048828125,2464.64990234375,1249199
2023-09-15 00:00:00+05:30,2463.0,2465.800048828125,2383.0,2391.449951171875,2527706
2023-09-18 00:00:00+05:30,2405.0,2415.0,2390.0,2400.550048828125,590695
2023-09-20 00:00:00+05:30,2379.050048828125,2419.60009765625,2365.050048828125,2401.89990234375,1613294
2023-09-21 00:00:00+05:30,2404.0,2412.0,2378.300048828125,2387.14990234375,714106
2023-09-22 00:00:00+05:30,2401.0,2407.449951171875,2346.050048828125,2355.550048828125,702509
2023-09-25 00:00:00+05:30,2360.0,2385.0,2350.050048828125,2378.800048828125,363097
2023-09-26 00:00:00+05:30,2385.0,2411.949951171875,2362.550048828125,2404.449951171875,660787
2023-09-27 00:00:00+05:30,2400.0,2409.949951171875,2381.449951171875,2388.14990234375,849017
2023-09-28 00:00:00+05:30,2373.050048828125,2394.449951171875,2333.35009765625,2342.35009765625,740050
2023-09-29 00:00:00+05:30,2350.0,2387.14990234375,2343.050048828125,2381.199951171875,755086
2023-10-03 00:00:00+05:30,2385.0,2428.699951171875,2367.050048828125,2419.75,633840
2023-10-04 00:00:00+05:30,2414.949951171875,2422.0,2377.0,2385.0,542952
2023-10-05 00:00:00+05:30,2420.0,2479.0,2400.300048828125,2473.39990234375,1263799
2023-10-06 00:00:00+05:30,2555.0,2568.949951171875,2502.10009765625,2535.5,1931108
2023-10-09 00:00:00+05:30,2498.050048828125,2500.0,2440.300048828125,2473.5,782723
2023-10-10 00:00:00+05:30,2490.89990234375,2515.0,2473.25,2510.300048828125,395079
2023-10-11 00:00:00+05:30,2521.0,2550.0,2510.0,2533.14990234375,714427
2023-10-12 00:00:00+05:30,2526.0,2614.949951171875,2526.0,2582.10009765625,1127349
2023-10-13 00:00:00+05:30,2570.0,2629.75,2570.0,2607.5,1302788
2023-10-16 00:00:00+05:30,2603.050048828125,2604.0,2576.0,2593.550048828125,390919
2023-10-17 00:00:00+05:30,2605.0,2608.85009765625,2586.5,2599.35009765625,359291
2023-10-18 00:00:00+05:30,2592.0,2595.0,2562.050048828125,2571.550048828125,648088
2023-10-19 00:00:00+05:30,2559.35009765625,2559.35009765625,2515.550048828125,2527.5,965483
2023-10-20 00:00:00+05:30,2520.0,2527.550048828125,2430.0,2439.050048828125,1385743
2023-10-23 00:00:00+05:30,2445.0,2455.0,2388.85009765625,2390.949951171875,885829
2023-10-25 00:00:00+05:30,2420.949951171875,2482.0,2410.699951171875,2428.949951171875,916854
2023-10-26 00:00:00+05:30,2427.60009765625,2428.949951171875,2393.0,2412.199951171875,755290
2023-10-27 00:00:00+05:30,2421.0,2479.949951171875,2421.0,2471.25,371457
2023-10-30 00:00:00+05:30,2471.199951171875,2504.050048828125,2445.0,2495.050048828125,631220
2023-10-31 00:00:00+05:30,2501.949951171875,2520.0,2445.5,2453.85009765625,359950
2023-11-01 00:00:00+05:30,2463.0,2472.85009765625,2414.75,2418.800048828125,342997
2023-11-02 00:00:00+05:30,2440.0,2498.449951171875,2422.60009765625,2490.89990234375,567144
2023-11-03 00:00:00+05:30,2500.0,2540.0,2472.550048828125,2509.199951171875,644154
2023-11-06 00:00:00+05:30,2499.949951171875,2580.0,2486.25,2559.300048828125,1169751
2023-11-07 00:00:00+05:30,2563.5,2590.0,2549.0,2585.550048828125,320134
2023-11-08 00:00:00+05:30,2562.0,2599.14990234375,2546.10009765625,2577.35009765625,901525
2023-11-09 00:00:00+05:30,2580.0,2608.949951171875,2571.699951171875,2580.39990234375,380551
2023-11-10 00:00:00+05:30,2572.0,2573.75,2493.0,2501.75,1354595
2023-11-13 00:00:00+05:30,2525.0,2543.449951171875,2500.0,2540.699951171875,281628
2023-11-15 00:00:00+05:30,2565.0,2565.0,2534.85009765625,2543.35009765625,778846
2023-11-16 00:00:00+05:30,2548.949951171875,2579.449951171875,2524.199951171875,2567.199951171875,589877
2023-11-17 00:00:00+05:30,2591.0,2660.0,2571.449951171875,2606.550048828125,1263161
2023-11-20 00:00:00+05:30,2612.0,2648.25,2590.199951171875,2631.25,418954
2023-11-21 00:00:00+05:30,2618.0,2639.800048828125,2594.050048828125,2625.85009765625,359401
2023-11-22 00:00:00+05:30,2645.0,2660.75,2594.050048828125,2604.35009765625,476632
2023-11-23 00:00:00+05:30,2590.0,2615.5,2581.39990234375,2606.050048828125,634974
2023-11-24 00:00:00+05:30,2596.0,2619.949951171875,2562.300048828125,2568.35009765625,423377
2023-11-28 00:00:00+05:30,2588.300048828125,2650.0,2575.0,2642.449951171875,429852
2023-11-29 00:00:00+05:30,2657.0,2696.14990234375,2645.75,2689.550048828125,750576
2023-11-30 00:00:00+05:30,2690.0,2713.449951171875,2665.0,2705.35009765625,775685
2023-12-01 00:00:00+05:30,2705.35009765625,2754.949951171875,2705.35009765625,2744.949951171875,734476
2023-12-04 00:00:00+05:30,2795.0,2859.89990234375,2780.800048828125,2820.25,664340
2023-12-05 00:00:00+05:30,2825.0,2858.949951171875,2783.0,2836.10009765625,465521
2023-12-06 00:00:00+05:30,2877.0,2890.949951171875,2830.0,2872.14990234375,574140
2023-12-07 00:00:00+05:30,2900.550048828125,2966.0,2870.0,2878.35009765625,1133420
2023-12-08 00:00:00+05:30,2900.0,2938.800048828125,2873.64990234375,2897.949951171875,818640
2023-12-11 00:00:00+05:30,2917.0,2954.449951171875,2898.0,2925.550048828125,779909
2023-12-12 00:00:00+05:30,2930.0,2951.949951171875,2901.0,2926.449951171875,651347
2023-12-13 00:00:00+05:30,2963.949951171875,3007.0,2953.0,2981.14990234375,1415518
2023-12-14 00:00:00+05:30,3000.0,3003.199951171875,2957.0,2980.199951171875,679553
2023-12-15 00:00:00+05:30,2985.0,2990.0,2902.14990234375,2914.39990234375,1958780
2023-12-18 00:00:00+05:30,2927.0,2980.0,2911.5,2975.550048828125,540022
2023-12-19 00:00:00+05:30,2974.0,3006.89990234375,2946.64990234375,2984.64990234375,555103
2023-12-20 00:00:00+05:30,3000.0,3009.0,2844.699951171875,2859.35009765625,1057629
2023-12-21 00:00:00+05:30,2848.39990234375,2894.949951171875,2819.550048828125,2882.699951171875,575343
2023-12-22 00:00:00+05:30,2900.0,2913.39990234375,2847.35009765625,2871.39990234375,534098
2023-12-26 00:00:00+05:30,2881.0,2938.300048828125,2864.0,2921.10009765625,707097
2023-12-27 00:00:00+05:30,2930.0,2948.199951171875,2913.64990234375,2927.5,516482
2023-12-28 00:00:00+05:30,2941.0,2947.949951171875,2900.60009765625,2927.0,1094620
2023-12-29 00:00:00+05:30,2935.10009765625,2975.0,2925.10009765625,2967.10009765625,501880
2024-01-01 00:00:00+05:30,3000.0,3049.949951171875,2970.0,2978.5,615820
2024-01-02 00:00:00+05:30,2980.0,2989.89990234375,2918.60009765625,2925.699951171875,439889
2024-01-03 00:00:00+05:30,2933.89990234375,3000.0,2929.35009765625,2990.449951171875,655799
2024-01-04 00:00:00+05:30,2995.050048828125,3005.75,2966.0,2995.85009765625,416938
2024-01-05 00:00:00+05:30,3008.39990234375,3025.0,2945.550048828125,2954.949951171875,715186
2024-01-08 00:00:00+05:30,2970.0,2991.949951171875,2942.75,2952.25,451446
2024-01-09 00:00:00+05:30,2992.949951171875,3042.0,2975.0,3012.89990234375,831003
2024-01-10 00:00:00+05:30,3012.89990234375,3090.0,2973.449951171875,3082.14990234375,839629
2024-01-11 00:00:00+05:30,3094.800048828125,3094.800048828125,3027.25,3052.0,891708
2024-01-12 00:00:00+05:30,3056.050048828125,3086.35009765625,3031.0,3072.60009765625,583998
2024-01-15 00:00:00+05:30,3074.10009765625,3128.300048828125,3071.25,3119.5,638566
2024-01-16 00:00:00+05:30,3079.0,3132.0,3045.0,3051.60009765625,568486
2024-01-17 00:00:00+05:30,3000.0,3083.300048828125,2995.10009765625,3058.75,771661
2024-01-18 00:00:00+05:30,3025.800048828125,3072.89990234375,3013.949951171875,3052.60009765625,925829
2024-01-19 00:00:00+05:30,3068.60009765625,3112.14990234375,3017.85009765625,3029.550048828125,586989
2024-01-23 00:00:00+05:30,3068.0,3068.0,2900.0,2911.800048828125,1061598
2024-01-24 00:00:00+05:30,2939.949951171875,2949.949951171875,2895.39990234375,2910.14990234375,1244427
2024-01-25 00:00:00+05:30,2910.550048828125,2922.550048828125,2847.0,2863.050048828125,1096039
2024-01-29 00:00:00+05:30,2889.89990234375,2921.39990234375,2851.75,2896.0,1539851
2024-01-30 00:00:00+05:30,2919.0,2966.75,2910.0,2929.0,1253067
2024-01-31 00:00:00+05:30,2940.0,2969.949951171875,2912.0,2961.35009765625,1571722
2024-02-01 00:00:00+05:30,2982.0,3081.89990234375,2972.10009765625,3066.60009765625,1610034
2024-02-02 00:00:00+05:30,3099.949951171875,3150.0,3072.39990234375,3127.10009765625,1104594
2024-02-05 00:00:00+05:30,3225.050048828125,3300.0,3154.550048828125,3171.14990234375,3430174
2024-02-06 00:00:00+05:30,3190.050048828125,3191.10009765625,3070.75,3137.85009765625,1007663
2024-02-07 00:00:00+05:30,3169.0,3189.0,3106.5,3114.550048828125,636345
2024-02-08 00:00:00+05:30,3140.0,3168.550048828125,3115.0,3132.39990234375,762163
2024-02-09 00:00:00+05:30,3130.0,3157.5,2984.199951171875,3105.949951171875,1667210
2024-02-12 00:00:00+05:30,3123.0,3130.550048828125,3052.800048828125,3063.0,410580
2024-02-13 00:00:00+05:30,3050.0,3073.800048828125,3006.050048828125,3041.449951171875,414063
2024-02-14 00:00:00+05:30,3049.89990234375,3099.550048828125,3011.699951171875,3094.300048828125,347614
2024-02-15 00:00:00+05:30,3128.699951171875,3128.699951171875,3021.25,3028.85009765625,544154
2024-02-16 00:00:00+05:30,3064.800048828125,3064.800048828125,3010.5,3045.300048828125,727944
2024-02-19 00:00:00+05:30,3062.0,3088.5,3040.25,3068.050048828125,547439
2024-02-20 00:00:00+05:30,3080.0,3136.35009765625,3053.89990234375,3114.89990234375,745295
2024-02-21 00:00:00+05:30,3135.0,3135.0,3083.0,3095.64990234375,481341
2024-02-22 00:00:00+05:30,3110.0,3134.14990234375,3082.64990234375,3128.300048828125,397181
2024-02-23 00:00:00+05:30,3142.0,3215.35009765625,3136.10009765625,3179.0,873751
2024-02-26 00:00:00+05:30,3198.0,3201.949951171875,3135.25,3184.050048828125,417096
2024-02-27 00:00:00+05:30,3190.0,3198.75,3153.050048828125,3183.0,460969
2024-02-28 00:00:00+05:30,3190.0,3202.050048828125,3098.050048828125,3125.89990234375,506498
2024-02-29 00:00:00+05:30,3134.39990234375,3169.5,3079.0,3155.35009765625,3097349
2024-03-01 00:00:00+05:30,3155.39990234375,3171.75,3130.300048828125,3157.35009765625,210443
2024-03-04 00:00:00+05:30,3174.0,3202.800048828125,3153.300048828125,3171.10009765625,484126
2024-03-05 00:00:00+05:30,3171.14990234375,3215.0,3152.14990234375,3186.39990234375,341136
2024-03-06 00:00:00+05:30,3196.89990234375,3196.89990234375,3026.0,3069.800048828125,1168268
2024-03-07 00:00:00+05:30,3083.0,3126.699951171875,3081.0,3105.699951171875,340788
2024-03-11 00:00:00+05:30,3033.050048828125,3262.0,3020.0,3218.550048828125,9136024
2024-03-12 00:00:00+05:30,3220.949951171875,3317.0,3197.39990234375,3242.949951171875,3251109
2024-03-13 00:00:00+05:30,3242.0,3258.5,3090.10009765625,3112.550048828125,2053050
2024-03-14 00:00:00+05:30,3110.0,3187.25,3079.35009765625,3176.60009765625,1379775
2024-03-15 00:00:00+05:30,3176.60009765625,3215.89990234375,3135.0,3203.10009765625,2268294
2024-03-18 00:00:00+05:30,3200.0,3255.75,3160.0,3249.199951171875,890781
2024-03-19 00:00:00+05:30,3260.0,3342.0,3223.050048828125,3233.0,3389294
2024-03-20 00:00:00+05:30,3234.050048828125,3260.0,3180.89990234375,3213.64990234375,1147219
2024-03-21 00:00:00+05:30,3258.449951171875,3297.39990234375,3245.0,3290.14990234375,727852
2024-03-22 00:00:00+05:30,3300.0,3327.050048828125,3266.800048828125,3286.800048828125,681688
2024-03-26 00:00:00+05:30,3324.0,3507.949951171875,3302.35009765625,3492.050048828125,2463948
2024-03-27 00:00:00+05:30,3514.949951171875,3561.550048828125,3471.60009765625,3546.64990234375,1246756
2024-03-28 00:00:00+05:30,3546.0,3573.800048828125,3516.0,3548.64990234375,1102586
2024-04-01 00:00:00+05:30,3569.949951171875,3606.199951171875,3525.25,3548.949951171875,756301
2024-04-02 00:00:00+05:30,3615.0,3645.0,3550.5,3567.800048828125,936798
2024-04-03 00:00:00+05:30,3522.0,3563.699951171875,3480.0,3490.85009765625,992280
2024-04-04 00:00:00+05:30,3525.0,3525.0,3460.0,3484.050048828125,628441
2024-04-05 00:00:00+05:30,3515.0,3518.5,3462.0,3499.550048828125,702689
2024-04-08 00:00:00+05:30,3548.0,3612.0,3504.89990234375,3599.800048828125,792454
2024-04-09 00:00:00+05:30,3614.0,3651.0,3572.75,3634.0,667654
2024-04-10 00:00:00+05:30,3679.699951171875,3812.85009765625,3672.10009765625,3795.300048828125,2692686
2024-04-12 00:00:00+05:30,3830.0,3830.449951171875,3670.14990234375,3693.25,2751797
2024-04-15 00:00:00+05:30,3670.300048828125,3693.25,3552.0,3595.64990234375,1767191
2024-04-16 00:00:00+05:30,3589.699951171875,3636.75,3512.89990234375,3570.050048828125,701956
2024-04-18 00:00:00+05:30,3647.0,3677.5,3573.25,3590.10009765625,962322
2024-04-19 00:00:00+05:30,3505.050048828125,3598.0,3441.050048828125,3560.199951171875,1244645
2024-04-22 00:00:00+05:30,3620.050048828125,3739.949951171875,3616.89990234375,3727.0,1274812
2024-04-23 00:00:00+05:30,3722.050048828125,3733.449951171875,3673.0,3702.550048828125,518205
2024-04-24 00:00:00+05:30,3719.89990234375,3766.35009765625,3705.0,3742.199951171875,589705
2024-04-25 00:00:00+05:30,3739.949951171875,3829.0,3727.14990234375,3812.550048828125,634457
2024-04-26 00:00:00+05:30,3858.0,3972.0,3835.0,3935.35009765625,1760839
2024-04-29 00:00:00+05:30,4001.0,4009.949951171875,3875.0,3927.699951171875,701974
2024-04-30 00:00:00+05:30,3955.0,3996.0,3940.39990234375,3982.300048828125,1044306
2024-05-02 00:00:00+05:30,4019.0,4122.89990234375,3970.10009765625,4108.25,1197616
2024-05-03 00:00:00+05:30,4167.0498046875,4179.10009765625,3998.0,4019.25,1134070
2024-05-06 00:00:00+05:30,4050.949951171875,4055.0,3938.0,3998.25,539618
2024-05-07 00:00:00+05:30,3998.300048828125,4039.949951171875,3915.550048828125,3948.64990234375,730464
2024-05-08 00:00:00+05:30,3964.0,4094.39990234375,3929.050048828125,4075.64990234375,946627
2024-05-09 00:00:00+05:30,4094.949951171875,4124.35009765625,4028.89990234375,4045.35009765625,795242
2024-05-10 00:00:00+05:30,4045.0,4045.35009765625,3990.75,4019.199951171875,694961
2024-05-13 00:00:00+05:30,4006.10009765625,4090.0,3980.050048828125,4082.0,321881
2024-05-14 00:00:00+05:30,4117.85009765625,4174.0,4082.699951171875,4147.35009765625,682523
2024-05-15 00:00:00+05:30,4163.64990234375,4314.39990234375,4134.60009765625,4295.5,854988
2024-05-16 00:00:00+05:30,4290.0,4333.9501953125,4262.0,4290.39990234375,587188
2024-05-17 00:00:00+05:30,4302.5498046875,4391.85009765625,4296.5498046875,4366.2998046875,770169
2024-05-21 00:00:00+05:30,4342.4501953125,4365.0498046875,4279.14990234375,4315.5,1035962
2024-05-22 00:00:00+05:30,4337.4501953125,4407.5,4284.0,4355.75,746320
2024-05-23 00:00:00+05:30,4388.0,4438.89990234375,4320.0,4400.5,1290154
2024-05-24 00:00:00+05:30,4520.0,4529.0,4242.0,4256.5,4290541
2024-05-27 00:00:00+05:30,4260.0,4298.0,4206.2998046875,4252.9501953125,1064775
2024-05-28 00:00:00+05:30,4252.0498046875,4266.14990234375,4156.0,4197.0498046875,540184
2024-05-29 00:00:00+05:30,4185.0,4185.0,4005.300048828125,4027.550048828125,1877700
2024-05-30 00:00:00+05:30,4040.050048828125,4197.89990234375,4040.050048828125,4162.2001953125,2191200
2024-05-31 00:00:00+05:30,4189.9501953125,4217.7998046875,4106.39990234375,4189.0498046875,1839602
2024-06-03 00:00:00+05:30,4324.0,4324.0,4230.10009765625,4298.0498046875,775065
2024-06-04 00:00:00+05:30,4340.0,4340.0,3868.25,4073.199951171875,1977245
2024-06-05 00:00:00+05:30,4120.0,4363.7998046875,4030.0,4348.5,1729894
2024-06-06 00:00:00+05:30,4350.0498046875,4357.0,4260.0,4301.0,1087088
2024-06-07 00:00:00+05:30,4355.0,4411.0,4320.2001953125,4373.2001953125,2066566
2024-06-10 00:00:00+05:30,4398.0,4609.7998046875,4385.5,4566.60009765625,2022024
2024-06-11 00:00:00+05:30,4400.0,4474.2998046875,4361.0,4369.5,4381077
2024-06-12 00:00:00+05:30,4390.0498046875,4393.7001953125,4284.10009765625,4300.39990234375,2488000
2024-06-13 00:00:00+05:30,4348.0,4348.39990234375,4230.0,4302.64990234375,4510241
2024-06-14 00:00:00+05:30,4334.0,4334.0,4260.25,4270.39990234375,1243397
2024-06-18 00:00:00+05:30,4300.0,4328.7998046875,4280.0,4302.25,1160966
2024-06-19 00:00:00+05:30,4308.0,4325.0,4214.2001953125,4228.0,1285543
2024-06-20 00:00:00+05:30,4225.0,4262.60009765625,4186.0,4229.25,1449293
2024-06-21 00:00:00+05:30,4235.14990234375,4315.75,4216.7998046875,4310.14990234375,1798803
2024-06-24 00:00:00+05:30,4302.25,4346.64990234375,4264.75,4315.64990234375,1058926
2024-06-25 00:00:00+05:30,4336.0,4340.0,4227.0498046875,4233.5,1512109
2024-06-26 00:00:00+05:30,4241.2001953125,4267.7998046875,4212.5,4225.89990234375,792643
2024-06-27 00:00:00+05:30,4220.10009765625,4236.85009765625,4150.0,4221.64990234375,1336815
2024-06-28 00:00:00+05:30,4231.0,4264.9501953125,4217.4501953125,4228.25,805457
2024-07-01 00:00:00+05:30,4276.35009765625,4281.4501953125,4212.64990234375,4222.14990234375,1761756
2024-07-02 00:00:00+05:30,4234.9501953125,4283.10009765625,4225.5,4249.10009765625,1070473
2024-07-03 00:00:00+05:30,4275.0,4285.39990234375,4245.60009765625,4279.0,598290
2024-07-04 00:00:00+05:30,4279.0,4324.0,4267.0498046875,4288.75,669475
2024-07-05 00:00:00+05:30,4300.0,4345.0,4288.75,4322.89990234375,576448
2024-07-08 00:00:00+05:30,4323.5498046875,4324.7998046875,4228.60009765625,4237.9501953125,385991
2024-07-09 00:00:00+05:30,4240.0,4319.0,4220.4501953125,4305.10009765625,433465
2024-07-10 00:00:00+05:30,4314.0,4314.0,4165.39990234375,4281.25,559022
2024-07-11 00:00:00+05:30,4295.0,4330.0,4280.2001953125,4320.39990234375,710193
2024-07-12 00:00:00+05:30,4335.0,4368.89990234375,4285.0,4331.64990234375,1056812
2024-07-15 00:00:00+05:30,4333.0,4424.89990234375,4320.2001953125,4385.85009765625,1596638
2024-07-16 00:00:00+05:30,4444.0,4452.2998046875,4391.0,4431.10009765625,709083
2024-07-18 00:00:00+05:30,4409.10009765625,4444.0,4365.0,4417.25,822843
2024-07-19 00:00:00+05:30,4401.0,4416.0,4250.2001953125,4281.39990234375,727696
2024-07-22 00:00:00+05:30,4288.7998046875,4355.0,4250.5498046875,4336.5498046875,603718
2024-07-23 00:00:00+05:30,4339.2001953125,4369.89990234375,4171.0498046875,4315.39990234375,722279
2024-07-24 00:00:00+05:30,4315.0,4396.25,4296.25,4375.7998046875,648265
2024-07-25 00:00:00+05:30,4350.0,4467.64990234375,4335.2001953125,4432.2001953125,1133699
2024-07-26 00:00:00+05:30,4442.60009765625,4510.0,4415.5,4493.39990234375,1008958
2024-07-29 00:00:00+05:30,4478.0,4479.0,4273.2001953125,4439.2998046875,1950730
2024-07-30 00:00:00+05:30,4487.0,4527.85009765625,4430.0498046875,4474.0,998970
2024-07-31 00:00:00+05:30,4473.9501953125,4512.0,4450.5498046875,4472.2001953125,778444
2024-08-01 00:00:00+05:30,4432.0,4468.60009765625,4373.39990234375,4404.2998046875,792851
2024-08-02 00:00:00+05:30,4355.0,4407.7998046875,4301.4501953125,4312.5,675767
2024-08-05 00:00:00+05:30,4280.0,4300.0,4162.9501953125,4220.39990234375,903676
2024-08-06 00:00:00+05:30,4300.5498046875,4337.14990234375,4250.0,4261.4501953125,992747
2024-08-07 00:00:00+05:30,4348.0,4348.0,4278.5498046875,4317.89990234375,477082
2024-08-08 00:00:00+05:30,4318.10009765625,4335.0,4241.0,4256.9501953125,374911
2024-08-09 00:00:00+05:30,4305.0,4318.0,4273.64990234375,4290.2001953125,503538
2024-08-12 00:00:00+05:30,4270.0,4287.5,4225.5498046875,4251.64990234375,1736347
2024-08-13 00:00:00+05:30,4269.7001953125,4319.85009765625,4219.4501953125,4227.39990234375,508342
2024-08-14 00:00:00+05:30,4239.0,4259.0,4197.2001953125,4209.89990234375,627078
2024-08-16 00:00:00+05:30,4240.0,4289.89990234375,4200.0,4277.7001953125,727461
2024-08-19 00:00:00+05:30,4299.7998046875,4324.89990234375,4206.14990234375,4231.9501953125,1548752
2024-08-20 00:00:00+05:30,4254.7001953125,4318.25,4230.0,4302.0498046875,798389
2024-08-21 00:00:00+05:30,4310.0,4352.0,4280.5498046875,4299.85009765625,605150
2024-08-22 00:00:00+05:30,4400.0,4490.0,4376.0,4483.14990234375,2341452
2024-08-23 00:00:00+05:30,4493.0,4722.0,4470.14990234375,4710.4501953125,3390956
2024-08-26 00:00:00+05:30,4718.0,4743.7998046875,4602.2001953125,4720.10009765625,1147478
2024-08-27 00:00:00+05:30,4700.0,4755.9501953125,4661.2998046875,4746.75,1051934
2024-08-28 00:00:00+05:30,4775.0,4943.7998046875,4730.0,4859.85009765625,1955254
2024-08-29 00:00:00+05:30,4731.10009765625,4879.7998046875,4721.2001953125,4759.85009765625,6958538
2024-08-30 00:00:00+05:30,4783.0,4869.0,4777.0498046875,4830.0,2120523
2024-09-02 00:00:00+05:30,4894.7001953125,4908.4501953125,4768.2998046875,4793.0498046875,1273990
2024-09-03 00:00:00+05:30,4796.0498046875,4829.0,4775.0498046875,4813.39990234375,1351206
2024-09-04 00:00:00+05:30,4820.0,4864.89990234375,4780.0,4815.0,1569180
2024-09-05 00:00:00+05:30,4835.0,4855.7001953125,4801.5498046875,4828.5498046875,1042127
2024-09-06 00:00:00+05:30,4877.0,4884.89990234375,4760.0,4783.7001953125,971127
2024-09-09 00:00:00+05:30,4780.0,4825.4501953125,4718.39990234375,4808.5,1083107
2024-09-10 00:00:00+05:30,4815.0498046875,4844.9501953125,4760.2998046875,4831.85009765625,636042
2024-09-11 00:00:00+05:30,4869.9501953125,4923.35009765625,4847.2001953125,4900.39990234375,1630528
2024-09-12 00:00:00+05:30,4958.5,5035.0,4925.0,4994.64990234375,1714854
2024-09-13 00:00:00+05:30,5012.0,5012.0,4929.0,4942.35009765625,656466
2024-09-16 00:00:00+05:30,4980.0,4993.0,4935.2001953125,4947.10009765625,455240
2024-09-17 00:00:00+05:30,4953.0,4969.2998046875,4910.2001953125,4933.75,587354
2024-09-18 00:00:00+05:30,4934.0,4957.85009765625,4887.5,4924.64990234375,545644
2024-09-19 00:00:00+05:30,4935.0,4975.9501953125,4814.4501953125,4873.5498046875,930127
2024-09-20 00:00:00+05:30,4845.0,4916.60009765625,4782.0,4903.64990234375,1361564
2024-09-23 00:00:00+05:30,4934.89990234375,4949.9501953125,4900.0,4930.35009765625,490477
2024-09-24 00:00:00+05:30,4939.89990234375,4945.0,4783.89990234375,4827.10009765625,1344873
2024-09-25 00:00:00+05:30,4810.0,4824.89990234375,4757.60009765625,4782.2001953125,766857
2024-09-26 00:00:00+05:30,4800.0,4876.9501953125,4780.75,4867.5498046875,608615
2024-09-27 00:00:00+05:30,4895.9501953125,4957.0,4870.64990234375,4945.7001953125,1102149
2024-09-30 00:00:00+05:30,4902.0,4960.0,4779.35009765625,4787.4501953125,1477169
2024-10-01 00:00:00+05:30,4824.0,4915.0,4802.0,4905.25,806651
2024-10-03 00:00:00+05:30,4821.0,4865.0,4655.0498046875,4716.85009765625,1209060
2024-10-04 00:00:00+05:30,4651.0,4713.39990234375,4590.0498046875,4609.35009765625,1208848
2024-10-07 00:00:00+05:30,4605.0,4649.0,4455.39990234375,4485.2001953125,1121745
2024-10-08 00:00:00+05:30,4492.0498046875,4627.39990234375,4430.2998046875,4602.9501953125,1298237
2024-10-09 00:00:00+05:30,4658.25,4789.14990234375,4640.0,4708.2998046875,1382163
2024-10-10 00:00:00+05:30,4734.0,4754.25,4656.0498046875,4665.14990234375,519523
2024-10-11 00:00:00+05:30,4660.64990234375,4703.0,4613.7998046875,4693.4501953125,418673
2024-10-14 00:00:00+05:30,4703.0,4705.0,4626.10009765625,4678.9501953125,534572
2024-10-15 00:00:00+05:30,4764.9501953125,4777.7001953125,4701.0,4756.4501953125,1774742
2024-10-16 00:00:00+05:30,4745.14990234375,4788.0,4683.39990234375,4699.85009765625,1788208
2024-10-17 00:00:00+05:30,4707.2998046875,4725.0,4613.4501953125,4624.0,420382
2024-10-18 00:00:00+05:30,4600.0,4697.0,4573.60009765625,4663.0498046875,624908
2024-10-21 00:00:00+05:30,4701.0,4707.14990234375,4570.35009765625,4591.0,848568
2024-10-22 00:00:00+05:30,4595.0,4619.9501953125,4495.0,4524.39990234375,589153
2024-10-23 00:00:00+05:30,4499.5,4568.2998046875,4477.5498046875,4520.0,612802
2024-10-24 00:00:00+05:30,4551.60009765625,4579.60009765625,4494.10009765625,4519.85009765625,722355
2024-10-25 00:00:00+05:30,4546.2001953125,4558.4501953125,4315.0,4366.10009765625,1328953
2024-10-28 00:00:00+05:30,4200.0,4200.0,3780.0,4015.449951171875,9138963
2024-10-29 00:00:00+05:30,4027.699951171875,4060.050048828125,3975.35009765625,4026.75,1406204
2024-10-30 00:00:00+05:30,4005.050048828125,4119.2998046875,3991.050048828125,4057.699951171875,1159067
2024-10-31 00:00:00+05:30,4063.0,4086.949951171875,4010.050048828125,4052.5,866950
2024-11-01 00:00:00+05:30,4050.0,4099.7001953125,4050.0,4069.550048828125,79727
2024-11-04 00:00:00+05:30,4069.550048828125,4075.0,3874.0,3963.10009765625,1120004
2024-11-05 00:00:00+05:30,3970.89990234375,3975.0,3892.0,3940.85009765625,1050031
2024-11-06 00:00:00+05:30,3945.0,4080.0,3920.10009765625,4061.949951171875,1106076
2024-11-07 00:00:00+05:30,4073.0,4090.5,3980.0,3995.75,885454
2024-11-08 00:00:00+05:30,3990.10009765625,4068.14990234375,3960.75,4002.949951171875,411058
2024-11-11 00:00:00+05:30,4003.0,4047.699951171875,3970.25,4011.60009765625,231599
2024-11-12 00:00:00+05:30,4020.0,4040.64990234375,3895.0,3912.89990234375,822043
2024-11-13 00:00:00+05:30,3894.0,3906.199951171875,3830.0,3848.800048828125,692857
2024-11-14 00:00:00+05:30,3864.0,3919.89990234375,3838.949951171875,3891.199951171875,583377
2024-11-18 00:00:00+05:30,3950.0,4014.449951171875,3907.050048828125,3976.300048828125,754253
2024-11-19 00:00:00+05:30,4002.0,4114.0,3982.050048828125,4045.89990234375,940659
2024-11-21 00:00:00+05:30,4045.0,4089.449951171875,4001.199951171875,4069.800048828125,701807
2024-11-22 00:00:00+05:30,4074.0,4153.85009765625,4052.25,4142.64990234375,966107
2024-11-25 00:00:00+05:30,4204.0,4263.10009765625,4155.0,4244.5,1329034
2024-11-26 00:00:00+05:30,4274.5,4292.0,4213.2001953125,4229.60009765625,751363
2024-11-27 00:00:00+05:30,4237.60009765625,4290.0,4170.9501953125,4267.89990234375,403134
2024-11-28 00:00:00+05:30,4312.0,4386.39990234375,4289.85009765625,4352.64990234375,1478829
2024-11-29 00:00:00+05:30,4359.5498046875,4400.0,4326.2998046875,4378.89990234375,873325
2024-12-02 00:00:00+05:30,4382.5,4433.2001953125,4352.75,4409.25,525558
2024-12-03 00:00:00+05:30,4450.0,4455.5498046875,4390.0,4405.5,659008
2024-12-04 00:00:00+05:30,4424.0,4444.5,4357.25,4370.85009765625,720797
2024-12-05 00:00:00+05:30,4369.0,4382.9501953125,4315.5,4368.5498046875,732476
2024-12-06 00:00:00+05:30,4388.0,4505.0,4376.14990234375,4469.2001953125,546985
2024-12-09 00:00:00+05:30,4470.5,4509.0,4470.5,4489.4501953125,537952
2024-12-10 00:00:00+05:30,4475.0,4501.0,4454.89990234375,4477.0,651287
2024-12-11 00:00:00+05:30,4453.0498046875,4489.64990234375,4452.5498046875,4465.5498046875,261785
2024-12-12 00:00:00+05:30,4423.2001953125,4483.14990234375,4405.60009765625,4464.35009765625,930994
2024-12-13 00:00:00+05:30,4459.89990234375,4459.89990234375,4380.0,4432.89990234375,401395
2024-12-16 00:00:00+05:30,4434.10009765625,4458.39990234375,4380.0,4406.75,391652
2024-12-17 00:00:00+05:30,4410.4501953125,4444.14990234375,4370.0,4386.7998046875,616363
2024-12-18 00:00:00+05:30,4386.7998046875,4414.7998046875,4354.0498046875,4390.35009765625,543593
2024-12-19 00:00:00+05:30,4255.25,4444.0,4255.25,4434.0498046875,486361
2024-12-20 00:00:00+05:30,4467.0,4488.0,4193.35009765625,4395.60009765625,876328
2024-12-23 00:00:00+05:30,4468.9501953125,4494.9501953125,4425.14990234375,4439.9501953125,552061
2024-12-24 00:00:00+05:30,4480.0,4667.89990234375,4435.0,4612.25,1570584
2024-12-26 00:00:00+05:30,4652.9501953125,4736.39990234375,4572.10009765625,4725.0,1316409
2024-12-27 00:00:00+05:30,4725.0,4740.0,4665.39990234375,4681.9501953125,701112
2024-12-30 00:00:00+05:30,4678.85009765625,4678.85009765625,4578.75,4597.5498046875,1105001
2024-12-31 00:00:00+05:30,4594.0,4629.7001953125,4545.0498046875,4554.25,685310
2025-01-01 00:00:00+05:30,4581.60009765625,4635.0,4552.0,4595.7001953125,425992
2025-01-02 00:00:00+05:30,4605.0,4630.0,4529.14990234375,4537.75,892469
2025-01-03 00:00:00+05:30,4563.9501953125,4563.9501953125,4440.0,4466.2001953125,702022
2025-01-06 00:00:00+05:30,4466.0,4483.89990234375,4233.0,4266.9501953125,828533
2025-01-07 00:00:00+05:30,4300.0,4356.0,4285.10009765625,4328.60009765625,584163
2025-01-08 00:00:00+05:30,4352.2998046875,4352.2998046875,4226.9501953125,4262.14990234375,727751
2025-01-09 00:00:00+05:30,4278.0,4307.4501953125,4234.89990234375,4260.5498046875,516365
2025-01-10 00:00:00+05:30,4259.0,4299.0,4195.25,4228.7998046875,772259
2025-01-13 00:00:00+05:30,4100.0,4129.9501953125,3952.0,4001.39990234375,2144483
2025-01-14 00:00:00+05:30,3961.050048828125,4025.550048828125,3950.0,3995.0,1163662
2025-01-15 00:00:00+05:30,4053.60009765625,4153.7001953125,3995.10009765625,4066.0,784809
2025-01-16 00:00:00+05:30,4090.0,4143.60009765625,4075.25,4111.75,569356
2025-01-17 00:00:00+05:30,4100.0,4136.0,4068.14990234375,4090.199951171875,302579
2025-01-20 00:00:00+05:30,4117.0,4166.25,4090.199951171875,4114.2998046875,532179
2025-01-21 00:00:00+05:30,4130.0,4139.9501953125,3985.050048828125,4009.800048828125,1419661
2025-01-22 00:00:00+05:30,4030.0,4094.64990234375,3945.0,4011.5,1055656
2025-01-23 00:00:00+05:30,3989.050048828125,4193.0498046875,3988.949951171875,4134.7998046875,1213108
2025-01-24 00:00:00+05:30,4162.10009765625,4269.7998046875,4126.0498046875,4161.7998046875,1481820
2025-01-27 00:00:00+05:30,4135.5498046875,4238.10009765625,4056.39990234375,4175.75,1360996
2025-01-28 00:00:00+05:30,4207.7001953125,4301.0,4182.7998046875,4282.5,691200
2025-01-29 00:00:00+05:30,4287.4501953125,4309.0,4230.0,4293.89990234375,344762
2025-01-30 00:00:00+05:30,4293.10009765625,4353.89990234375,4183.4501953125,4227.75,571581
2025-01-31 00:00:00+05:30,4227.75,4344.85009765625,4218.0498046875,4324.35009765625,519645
2025-02-01 00:00:00+05:30,4340.0,4516.9501953125,4285.7001953125,4492.39990234375,642870
2025-02-03 00:00:00+05:30,4482.9501953125,4498.9501953125,4337.5,4393.7001953125,787814
2025-02-04 00:00:00+05:30,4403.5498046875,4420.0,4292.89990234375,4345.2001953125,727129
2025-02-05 00:00:00+05:30,4369.9501953125,4429.9501953125,4361.4501953125,4415.39990234375,670519
2025-02-06 00:00:00+05:30,4505.0,4505.0,4364.7998046875,4394.85009765625,587111
2025-02-07 00:00:00+05:30,4425.0,4455.0,4336.0,4364.5498046875,1091319
2025-02-10 00:00:00+05:30,4364.60009765625,4380.0,4290.0,4325.14990234375,1026383
2025-02-11 00:00:00+05:30,4325.14990234375,4390.0,4275.0,4316.85009765625,997718
2025-02-12 00:00:00+05:30,4316.85009765625,4359.0,4200.0,4337.5,685035
2025-02-13 00:00:00+05:30,4341.35009765625,4400.0,4327.5,4364.85009765625,839061
2025-02-14 00:00:00+05:30,4367.0,4383.0,4206.7001953125,4223.2998046875,821919
2025-02-17 00:00:00+05:30,4176.0,4315.0,4157.85009765625,4303.0,435501
2025-02-18 00:00:00+05:30,4300.0,4355.0,4255.0,4345.5498046875,415081
2025-02-19 00:00:00+05:30,4336.0,4410.0,4325.25,4399.89990234375,596622
2025-02-20 00:00:00+05:30,4396.39990234375,4525.39990234375,4366.89990234375,4501.4501953125,940390
2025-02-21 00:00:00+05:30,4500.0,4545.0,4480.0,4510.75,505647
2025-02-24 00:00:00+05:30,4502.0,4574.0,4495.64990234375,4536.0,739113
2025-02-25 00:00:00+05:30,4540.0,4558.89990234375,4415.0,4427.4501953125,547833
2025-02-27 00:00:00+05:30,4443.5,4499.0,4418.0,4443.39990234375,591554
2025-02-28 00:00:00+05:30,4469.89990234375,4525.0,4403.2998046875,4477.2998046875,2126278
2025-03-03 00:00:00+05:30,4478.9501953125,4492.5498046875,4267.5498046875,4464.7001953125,802730
2025-03-04 00:00:00+05:30,4434.64990234375,4611.0,4417.64990234375,4598.7001953125,825683
2025-03-05 00:00:00+05:30,4620.0,4722.10009765625,4608.10009765625,4698.10009765625,1344602
2025-03-06 00:00:00+05:30,4750.64990234375,4782.4501953125,4659.0498046875,4762.39990234375,1390376
2025-03-07 00:00:00+05:30,4796.0,4815.64990234375,4645.9501953125,4657.5498046875,843155
2025-03-10 00:00:00+05:30,4666.0,4706.7001953125,4605.0,4627.5498046875,534997
2025-03-11 00:00:00+05:30,4602.2998046875,4675.0,4567.7998046875,4651.4501953125,812720
2025-03-12 00:00:00+05:30,4669.9501953125,4743.14990234375,4639.7001953125,4729.2001953125,1122703
2025-03-13 00:00:00+05:30,4740.0,4744.5498046875,4670.85009765625,4700.85009765625,553796
2025-03-17 00:00:00+05:30,4710.0,4794.9501953125,4710.0,4780.4501953125,1030205
2025-03-18 00:00:00+05:30,4780.4501953125,4780.4501953125,4780.4501953125,4780.4501953125,0
2025-03-19 00:00:00+05:30,4811.0,5052.75,4790.0,4980.5498046875,2103310
2025-03-20 00:00:00+05:30,5040.0,5190.35009765625,5005.4501953125,5086.75,1825431
2025-03-21 00:00:00+05:30,5072.0,5114.7998046875,5018.5498046875,5044.0498046875,897795
2025-03-24 00:00:00+05:30,5055.2998046875,5077.4501953125,4956.2998046875,4970.35009765625,766222
2025-03-25 00:00:00+05:30,5011.0,5032.14990234375,4958.0498046875,5006.7001953125,818364
2025-03-26 00:00:00+05:30,5020.0,5075.0,4975.0,5025.14990234375,736014
2025-03-27 00:00:00+05:30,4975.0,5149.0,4975.0,5127.7998046875,940051
2025-03-28 00:00:00+05:30,5149.89990234375,5176.7998046875,5051.7998046875,5115.35009765625,951945
2025-04-01 00:00:00+05:30,5100.0,5132.9501953125,4991.64990234375,5028.0,793792
2025-04-02 00:00:00+05:30,5028.0,5082.75,5000.0,5068.25,418272
2025-04-03 00:00:00+05:30,4999.5,5085.0,4966.89990234375,5003.60009765625,950156
2025-04-04 00:00:00+05:30,5055.9501953125,5150.0,5045.0,5098.89990234375,1413600
2025-04-07 00:00:00+05:30,4750.0,5016.14990234375,4634.60009765625,4988.7001953125,1786910
2025-04-08 00:00:00+05:30,5108.0,5201.0,5026.2998046875,5157.0498046875,1232399
2025-04-09 00:00:00+05:30,5145.5,5265.0,5145.5,5193.75,1128920
2025-04-11 00:00:00+05:30,5214.89990234375,5234.35009765625,5115.0,5151.10009765625,1131912
2025-04-15 00:00:00+05:30,5320.0,5347.0,5201.0,5256.0,1567359
2025-04-16 00:00:00+05:30,5260.0,5285.0,5200.5,5244.5,1012248
2025-04-17 00:00:00+05:30,5244.0,5400.0,5178.5,5366.0,1172355
2025-04-21 00:00:00+05:30,5394.0,5517.5,5351.0,5496.5,844886
2025-04-22 00:00:00+05:30,5502.0,5649.0,5451.0,5534.0,1045582
2025-04-23 00:00:00+05:30,5540.0,5570.0,5485.0,5558.5,1454342
2025-04-24 00:00:00+05:30,5560.0,5575.0,5470.5,5520.5,852761
2025-04-25 00:00:00+05:30,5480.5,5522.0,5193.0,5313.5,1913262
2025-04-28 00:00:00+05:30,5254.0,5379.0,5220.0,5341.0,1162878
2025-04-29 00:00:00+05:30,5380.0,5446.5,5215.5,5264.0,761297
2025-04-30 00:00:00+05:30,5262.0,5320.5,5206.5,5249.5,881119
2025-05-02 00:00:00+05:30,5230.0,5386.5,5218.0,5321.5,560286
2025-05-05 00:00:00+05:30,5420.0,5592.0,5412.5,5531.5,1049781
2025-05-06 00:00:00+05:30,5555.5,5569.5,5299.0,5322.0,872819
2025-05-07 00:00:00+05:30,5206.0,5361.5,5157.0,5296.5,1565403
2025-05-08 00:00:00+05:30,5310.0,5368.0,5075.0,5146.0,1756653
2025-05-09 00:00:00+05:30,4972.0,5123.5,4891.5,5101.0,2112896
2025-05-12 00:00:00+05:30,5421.5,5597.0,5413.0,5476.5,2240163
2025-05-13 00:00:00+05:30,5501.0,5545.0,5468.0,5521.0,1117587
2025-05-14 00:00:00+05:30,5525.0,5535.0,5420.0,5451.5,933189
2025-05-15 00:00:00+05:30,5421.0,5595.0,5410.0,5589.0,701995
2025-05-16 00:00:00+05:30,5599.0,5633.0,5544.5,5562.5,433634
2025-05-19 00:00:00+05:30,5560.0,5665.5,5544.0,5574.5,953693
2025-05-20 00:00:00+05:30,5591.0,5608.0,5432.0,5442.0,666863
2025-05-21 00:00:00+05:30,5461.0,5482.5,5390.0,5461.5,597496
2025-05-22 00:00:00+05:30,5465.0,5565.0,5329.5,5503.0,2271953
2025-05-23 00:00:00+05:30,5520.0,5545.0,5435.5,5521.0,544144
2025-05-26 00:00:00+05:30,5530.0,5562.0,5410.5,5420.0,556606
2025-05-27 00:00:00+05:30,5270.0,5328.0,5230.5,5313.5,28753330
2025-05-28 00:00:00+05:30,5336.0,5355.0,5294.0,5330.5,1090832
2025-05-29 00:00:00+05:30,5330.5,5344.0,5271.5,5322.0,1713578
2025-05-30 00:00:00+05:30,5306.0,5393.5,5306.0,5330.0,1743945
2025-06-02 00:00:00+05:30,5350.0,5370.0,5280.0,5333.0,1172879
2025-06-03 00:00:00+05:30,5359.0,5458.5,5344.5,5383.5,1239471
2025-06-04 00:00:00+05:30,5383.5,5428.0,5361.5,5416.0,932116
2025-06-05 00:00:00+05:30,5464.0,5506.0,5421.5,5482.0,1119642
2025-06-06 00:00:00+05:30,5480.0,5492.0,5445.0,5480.5,447731
2025-06-09 00:00:00+05:30,5510.0,5709.0,5510.0,5695.0,1386071
2025-06-10 00:00:00+05:30,5705.0,5729.0,5571.0,5599.0,1124088
2025-06-11 00:00:00+05:30,5606.5,5652.5,5581.0,5631.0,1217882
2025-06-12 00:00:00+05:30,5598.0,5626.0,5418.0,5476.5,1444586
2025-06-13 00:00:00+05:30,5200.0,5318.0,5176.0,5262.0,3340182
2025-06-16 00:00:00+05:30,5280.0,5404.5,5244.0,5382.5,1208296
2025-06-17 00:00:00+05:30,5380.0,5388.5,5281.0,5310.5,821905
2025-06-18 00:00:00+05:30,5308.0,5334.5,5258.5,5273.0,603006
2025-06-19 00:00:00+05:30,5281.5,5328.0,5233.0,5271.0,621641
2025-06-20 00:00:00+05:30,5255.5,5408.0,5241.5,5390.0,1218340
2025-06-23 00:00:00+05:30,5319.0,5484.5,5315.0,5467.0,922620
2025-06-24 00:00:00+05:30,5631.5,5700.5,5570.0,5606.5,1450372
2025-06-25 00:00:00+05:30,5674.5,5690.0,5563.0,5639.0,962393
2025-06-26 00:00:00+05:30,5692.0,5722.0,5642.5,5691.5,1374904
2025-06-27 00:00:00+05:30,5690.0,5843.5,5675.0,5816.0,2751255
2025-06-30 00:00:00+05:30,5840.0,5997.0,5820.0,5976.5,2392470
2025-07-01 00:00:00+05:30,5962.5,6018.0,5928.0,5965.0,1289620
2025-07-02 00:00:00+05:30,5901.0,5991.5,5886.5,5956.0,1388532
2025-07-03 00:00:00+05:30,5956.0,5967.5,5750.0,5766.0,1144838
2025-07-04 00:00:00+05:30,5789.5,5825.0,5737.5,5753.0,345735
2025-07-07 00:00:00+05:30,5756.5,5792.0,5731.0,5748.0,385469
2025-07-08 00:00:00+05:30,5749.5,5808.0,5739.5,5802.0,512178
2025-07-09 00:00:00+05:30,5815.0,5864.0,5791.0,5852.0,1655274
2025-07-10 00:00:00+05:30,5925.0,5936.0,5831.5,5840.0,716153
2025-07-11 00:00:00+05:30,5866.0,5939.0,5839.0,5917.5,1332425
2025-07-14 00:00:00+05:30,5917.0,5960.0,5887.5,5940.5,979832
2025-07-15 00:00:00+05:30,5950.0,5964.5,5907.5,5930.5,787926
2025-07-16 00:00:00+05:30,5919.5,5958.5,5865.5,5950.0,842097
2025-07-17 00:00:00+05:30,5931.0,5958.0,5770.0,5796.5,1351389
2025-07-18 00:00:00+05:30,5818.0,5869.0,5790.0,5861.0,789730
2025-07-21 00:00:00+05:30,5900.0,5910.0,5820.0,5878.0,491974
2025-07-22 00:00:00+05:30,5900.0,5959.5,5871.0,5948.0,514262
2025-07-23 00:00:00+05:30,5925.0,5957.0,5815.0,5897.0,585120
2025-07-24 00:00:00+05:30,5840.0,5933.0,5825.5,5844.0,343255
2025-07-25 00:00:00+05:30,5815.0,5857.0,5760.5,5803.0,877612
2025-07-28 00:00:00+05:30,5771.0,5870.5,5745.0,5762.0,506105
2025-07-29 00:00:00+05:30,5725.5,5795.0,5703.0,5756.0,634249
2025-07-30 00:00:00+05:30,5800.0,5805.5,5698.0,5740.0,1217558
2025-07-31 00:00:00+05:30,5625.0,5930.5,5606.5,5910.5,2572409
2025-08-01 00:00:00+05:30,5870.0,5913.5,5780.5,5788.5,523408
2025-08-04 00:00:00+05:30,5800.0,5817.0,5742.0,5780.5,545636
2025-08-05 00:00:00+05:30,5765.5,5802.0,5706.0,5781.5,929923
2025-08-06 00:00:00+05:30,5800.0,5916.0,5781.5,5893.5,980678
2025-08-07 00:00:00+05:30,5893.5,5907.0,5793.5,5859.0,483125
2025-08-08 00:00:00+05:30,5848.5,5865.0,5761.0,5769.5,345649
2025-08-11 00:00:00+05:30,5742.0,5905.0,5734.5,5878.5,799984
2025-08-12 00:00:00+05:30,5825.0,5962.5,5824.0,5927.5,883247
2025-08-13 00:00:00+05:30,5886.0,5993.0,5886.0,5969.5,510227
2025-08-14 00:00:00+05:30,5978.0,6055.0,5955.5,6002.5,767646
2025-08-18 00:00:00+05:30,6009.0,6232.5,6009.0,6096.5,1148778
2025-08-19 00:00:00+05:30,6060.0,6129.0,6021.0,6055.5,499624
2025-08-20 00:00:00+05:30,6050.0,6173.5,6026.5,6155.5,501673
2025-08-21 00:00:00+05:30,6100.0,6125.0,6010.0,6099.0,689343
2025-08-22 00:00:00+05:30,6099.0,6145.0,6072.5,6086.5,596200
2025-08-25 00:00:00+05:30,6149.5,6149.5,6028.5,6116.0,478863
2025-08-26 00:00:00+05:30,6100.0,6101.5,6017.0,6050.0,920406
2025-08-28 00:00:00+05:30,5875.0,5875.0,5709.5,5727.0,18614885
2025-08-29 00:00:00+05:30,5715.0,5739.0,5610.0,5646.0,1628751
2025-09-01 00:00:00+05:30,5629.5,5710.0,5582.0,5670.0,1708748
2025-09-02 00:00:00+05:30,5679.0,5690.0,5646.5,5665.5,579446
2025-09-03 00:00:00+05:30,5660.5,5747.5,5660.5,5740.0,801254
2025-09-04 00:00:00+05:30,5780.0,5794.0,5686.0,5695.0,658347
2025-09-05 00:00:00+05:30,5705.0,5710.0,5637.0,5670.0,820854
2025-09-08 00:00:00+05:30,5681.0,5739.5,5660.0,5696.5,603400
2025-09-09 00:00:00+05:30,5670.0,5706.5,5608.0,5637.5,549536
2025-09-10 00:00:00+05:30,5665.0,5679.0,5602.5,5619.0,740160
2025-09-11 00:00:00+05:30,5560.0,5683.0,5540.5,5667.0,675142
2025-09-12 00:00:00+05:30,5699.0,5778.5,5668.5,5727.5,918969
2025-09-15 00:00:00+05:30,5758.0,5760.5,5718.5,5728.5,359796
2025-09-16 00:00:00+05:30,5691.0,5745.5,5691.0,5727.5,651834
2025-09-17 00:00:00+05:30,5749.0,5759.5,5720.0,5746.5,429255
2025-09-18 00:00:00+05:30,5740.0,5763.5,5705.5,5715.5,460346
2025-09-19 00:00:00+05:30,5758.0,5758.0,5648.5,5679.0,750086
2025-09-22 00:00:00+05:30,5698.5,5769.0,5682.0,5747.5,449815
2025-09-23 00:00:00+05:30,5765.0,5812.5,5716.0,5732.0,662077
2025-09-24 00:00:00+05:30,5745.0,5757.5,5663.0,5686.0,690321
2025-09-25 00:00:00+05:30,5690.0,5717.0,5644.5,5674.5,572155
2025-09-26 00:00:00+05:30,5679.0,5700.0,5531.5,5561.0,896954
2025-09-29 00:00:00+05:30,5575.0,5785.5,5501.0,5707.0,13795988
2025-09-30 00:00:00+05:30,5551.0,5655.5,5526.0,5594.5,1425301
2025-10-01 00:00:00+05:30,5568.0,5625.5,5526.0,5606.0,795729
2025-10-03 00:00:00+05:30,5602.0,5690.0,5602.0,5657.0,856525
2025-10-06 00:00:00+05:30,5659.5,5706.0,5604.5,5694.5,632790
2025-10-07 00:00:00+05:30,5675.0,5693.5,5610.5,5664.0,471217
2025-10-08 00:00:00+05:30,5637.5,5683.5,5625.0,5635.0,386534
2025-10-09 00:00:00+05:30,5656.0,5744.0,5624.5,5724.5,668462
2025-10-10 00:00:00+05:30,5721.0,5770.0,5706.0,5735.0,426462
2025-10-13 00:00:00+05:30,5758.0,5824.0,5712.5,5787.5,669754
2025-10-14 00:00:00+05:30,5778.0,5799.5,5740.5,5759.0,535051
2025-10-15 00:00:00+05:30,5780.0,5872.5,5775.5,5860.5,734165
2025-10-16 00:00:00+05:30,5895.5,5921.0,5853.0,5881.0,533386
2025-10-17 00:00:00+05:30,5875.0,5930.5,5838.0,5848.0,582184
2025-10-20 00:00:00+05:30,5890.0,5944.0,5878.0,5934.0,401435
2025-10-21 00:00:00+05:30,5950.0,5950.0,5904.5,5913.0,35982
2025-10-23 00:00:00+05:30,5941.0,5945.0,5772.0,5789.0,577925
2025-10-24 00:00:00+05:30,5800.0,5804.5,5694.5,5779.0,562338
2025-10-27 00:00:00+05:30,5801.0,5872.0,5797.0,5835.0,473915
2025-10-28 00:00:00+05:30,5807.0,5834.5,5743.5,5809.0,950434
2025-10-29 00:00:00+05:30,5815.5,5839.5,5763.5,5813.0,659529
2025-10-30 00:00:00+05:30,5815.0,5840.5,5709.0,5725.0,907522
2025-10-31 00:00:00+05:30,5729.0,5730.0,5602.0,5625.0,1168861
2025-11-03 00:00:00+05:30,5625.0,5704.5,5615.0,5695.5,615829
2025-11-04 00:00:00+05:30,5696.0,5699.5,5581.5,5637.0,644454
2025-11-06 00:00:00+05:30,5750.0,5833.5,5679.5,5693.0,2249415
2025-11-07 00:00:00+05:30,5689.5,5689.5,5569.0,5583.5,795267
2025-11-10 00:00:00+05:30,5604.0,5640.0,5541.0,5588.5,983156
2025-11-11 00:00:00+05:30,5624.0,5799.5,5597.0,5782.5,959131
2025-11-12 00:00:00+05:30,5790.0,5824.5,5752.0,5795.5,695865
2025-11-13 00:00:00+05:30,5838.0,5938.0,5811.0,5905.5,1250921
2025-11-14 00:00:00+05:30,5900.0,5935.0,5864.0,5908.5,643970
2025-11-17 00:00:00+05:30,5900.0,5905.0,5839.5,5873.0,608336
2025-11-18 00:00:00+05:30,5876.0,5888.5,5733.5,5739.5,906483
2025-11-19 00:00:00+05:30,5712.0,5773.0,5674.0,5758.5,784194
2025-11-20 00:00:00+05:30,5761.5,5836.0,5750.0,5785.5,429193
2025-11-21 00:00:00+05:30,5785.0,5873.5,5755.0,5843.5,410054
2025-11-24 00:00:00+05:30,5953.0,5970.0,5785.0,5805.5,1224537
2025-11-25 00:00:00+05:30,5805.5,5805.5,5750.0,5775.0,478426
2025-11-26 00:00:00+05:30,5799.0,5923.0,5781.0,5913.0,520063
2025-11-27 00:00:00+05:30,5913.0,5959.0,5886.5,5919.0,472382
2025-11-28 00:00:00+05:30,5922.0,5936.5,5885.0,5901.5,273162
2025-12-01 00:00:00+05:30,5890.0,5916.5,5763.0,5794.0,586223
2025-12-02 00:00:00+05:30,5792.0,5805.5,5680.0,5697.5,1179053
2025-12-03 00:00:00+05:30,5675.0,5694.0,5570.5,5595.5,1062464
2025-12-04 00:00:00+05:30,5520.0,5573.0,5397.0,5436.5,4118078
2025-12-05 00:00:00+05:30,5406.0,5475.0,5265.0,5370.5,6700523
2025-12-08 00:00:00+05:30,5110.0,5202.5,4842.5,4923.5,15824857
2025-12-09 00:00:00+05:30,4901.0,5017.0,4817.0,4967.5,10230467
2025-12-10 00:00:00+05:30,4999.5,4999.5,4788.5,4805.5,7127760
2025-12-11 00:00:00+05:30,4650.0,4848.5,4645.0,4819.0,6526881
2025-12-12 00:00:00+05:30,4830.0,4898.0,4811.5,4860.5,3379049
2025-12-15 00:00:00+05:30,4900.0,5014.0,4864.5,4965.5,4014614
2025-12-16 00:00:00+05:30,4990.0,5002.0,4951.5,4974.0,2389083
2025-12-17 00:00:00+05:30,4999.0,5009.0,4944.5,4980.5,1600991
2025-12-18 00:00:00+05:30,4977.0,5140.0,4957.0,5115.5,4260902
2025-12-19 00:00:00+05:30,5123.0,5166.5,5103.5,5153.5,9087607
2025-12-22 00:00:00+05:30,5100.0,5184.0,5100.0,5145.5,1513801
2025-12-23 00:00:00+05:30,5148.0,5172.0,5132.0,5157.0,968910
2025-12-24 00:00:00+05:30,5155.0,5168.0,5047.5,5081.5,980384
2025-12-26 00:00:00+05:30,5081.5,5098.0,5031.0,5074.0,585777
2025-12-29 00:00:00+05:30,5073.5,5099.0,5065.0,5085.5,581866
2025-12-30 00:00:00+05:30,5070.0,5074.5,4989.0,5018.0,1306997
2025-12-31 00:00:00+05:30,5000.0,5064.5,4976.5,5059.5,908946
2026-01-01 00:00:00+05:30,5081.0,5175.0,5062.5,5110.5,744719
2026-01-02 00:00:00+05:30,5119.0,5136.0,5095.0,5106.0,464130
2026-01-05 00:00:00+05:30,5106.0,5140.0,5075.0,5102.5,634271
2026-01-06 00:00:00+05:30,5100.0,5140.5,4990.0,5002.5,856866
2026-01-07 00:00:00+05:30,5010.0,5045.0,4919.0,4951.0,1157501
2026-01-08 00:00:00+05:30,4959.0,4992.5,4893.5,4906.5,1303022
2026-01-09 00:00:00+05:30,4924.0,4924.0,4833.0,4844.0,1257421
2026-01-12 00:00:00+05:30,4814.5,4869.0,4771.0,4850.0,691685
2026-01-13 00:00:00+05:30,4832.5,4848.5,4725.0,4759.5,1339651
2026-01-14 00:00:00+05:30,4730.0,4756.5,4701.0,4733.0,1059301
2026-01-15 00:00:00+05:30,4733.0,4733.0,4733.0,4733.0,0
2026-01-16 00:00:00+05:30,4700.0,4757.5,4700.0,4740.0,1079566
2026-01-19 00:00:00+05:30,4764.5,4952.5,4764.5,4941.5,2171150
2026-01-20 00:00:00+05:30,4941.5,4941.5,4775.0,4790.0,681597
2026-01-21 00:00:00+05:30,4784.5,4952.0,4750.0,4857.5,1740395
2026-01-22 00:00:00+05:30,4905.0,4932.5,4880.0,4909.0,1281956
2026-01-23 00:00:00+05:30,4878.0,4878.0,4686.5,4704.5,3668328
2026-01-27 00:00:00+05:30,4700.0,4784.0,4643.5,4769.0,1255311
2026-01-28 00:00:00+05:30,4777.0,4794.5,4707.0,4749.0,1075513
2026-01-29 00:00:00+05:30,4749.0,4749.0,4585.5,4621.0,1751127
2026-01-30 00:00:00+05:30,4580.0,4661.0,4551.0,4596.5,1567278
2026-02-02 00:00:00+05:30,4610.0,4699.5,4582.7998046875,4687.0,1309113
2026-02-03 00:00:00+05:30,4950.0,5007.7998046875,4834.5,4946.2001953125,2915322
2026-02-04 00:00:00+05:30,4945.0,4977.60009765625,4897.2001953125,4960.7001953125,1026215
2026-02-05 00:00:00+05:30,4845.0,4939.89990234375,4780.2998046875,4932.2001953125,1189049
2026-02-06 00:00:00+05:30,4911.0,4931.2998046875,4870.0,4909.39990234375,463970
2026-02-09 00:00:00+05:30,4895.0,4978.10009765625,4888.7001953125,4964.10009765625,538869
2026-02-10 00:00:00+05:30,4950.0,4996.0,4929.0,4960.39990234375,1115549
2026-02-11 00:00:00+05:30,4990.0,5056.0,4945.60009765625,5013.7998046875,527542
2026-02-12 00:00:00+05:30,4999.89990234375,4999.89990234375,4930.7001953125,4982.7998046875,971327
2026-02-13 00:00:00+05:30,4966.0,4988.0,4900.60009765625,4929.2001953125,232702
2026-02-16 00:00:00+05:30,4929.0,4976.2998046875,4903.0,4940.7998046875,425143
2026-02-17 00:00:00+05:30,4970.0,5008.2001953125,4937.5,4977.0,263838
2026-02-18 00:00:00+05:30,4974.10009765625,4999.39990234375,4960.60009765625,4980.39990234375,201866
2026-02-19 00:00:00+05:30,4939.0,4939.0,4790.10009765625,4815.10009765625,1546005
2026-02-20 00:00:00+05:30,4785.0,4880.0,4783.89990234375,4854.60009765625,819782
2026-02-23 00:00:00+05:30,4850.0,4871.7001953125,4821.0,4862.2001953125,321229
