Date,Close,High,Low,Open,Volume
2021-03-08,50.05270004272461,50.72908862830628,49.32799877660595,49.400467797411444,74599173
2021-03-09,48.57913589477539,49.71450035119565,47.926903720291264,49.497093312388465,44887903
2021-03-10,47.757808685302734,49.23136737706954,47.68533967338592,49.23136737706954,31741065
2021-03-12,48.94148254394531,49.42461478694241,48.41003762955158,48.4341939652499,52481499
2021-03-15,48.820701599121094,49.61787174720681,48.31340748377134,49.110577631857055,31646668
2021-03-16,48.50666809082031,49.56956356079647,48.289255517563056,49.327994649291895,41291265
2021-03-17,47.44377517700195,48.91733400560574,47.34714981880674,48.91733400560574,31383499
2021-03-18,46.984798431396484,48.0718502804851,46.62244781503361,47.78196868158848,32120652
2021-03-19,47.70949172973633,48.120154956114185,46.09098963033229,46.83984707767379,51668046
2021-03-22,47.90275192260742,48.21678987078966,47.46793227475193,48.144320850985714,31878691
2021-03-23,48.20166778564453,48.57532412506813,48.027291786423774,48.42586386991599,33229980
2021-03-24,47.10560989379883,48.20166889476459,46.956146784435916,47.82801254674315,28562503
2021-03-25,45.28715133666992,47.180343249333994,45.062958082680844,47.00597293572062,41865562
2021-03-26,45.28715133666992,45.93482390460715,45.13769106785847,45.73554069541998,28462275
2021-03-30,45.61098861694336,45.81027183048358,44.88858589882058,45.336972416593085,30887440
2021-03-31,45.76045227050781,45.9846455319942,45.31206289676307,45.61098914592623,20242771
2021-04-01,46.40812683105469,46.50776987471914,45.43662069649461,45.835187169607856,22265911
2021-04-05,45.21242141723633,46.33339054328351,44.86367508680762,46.33339054328351,25774072
2021-04-06,45.41170883178711,45.760455194504296,45.06296246906992,45.28715574488178,16560441
2021-04-07,46.183929443359375,46.28357247817168,45.41170661395911,45.41170661395911,20614233
2021-04-08,46.30847930908203,46.68213567483496,46.08428320901281,46.33338935336265,19175106
2021-04-09,45.68572235107422,46.308484936860076,45.48643912183895,46.23375194416424,15445974
2021-04-12,43.34414291381836,45.06296180403949,43.21958982875116,44.888588625254265,29943736
2021-04-13,44.24091720581055,44.465110469958454,43.393961390308206,43.44378148216951,23964055
2021-04-15,44.88858413696289,45.01313720957636,43.892168108370704,43.94198819710735,23591248
2021-04-16,44.913490295410156,45.41169969198703,44.415283749604875,44.415283749604875,15435475
2021-04-19,43.89216613769531,44.24091244473749,43.269406504132405,43.817433157173866,22902361
2021-04-20,43.74270248413086,44.83876147814394,43.51850924689448,44.01671865801997,16299066
2021-04-22,43.767616271972656,43.991809528391755,43.51851297048165,43.84234640718838,14235285
2021-04-23,43.86725997924805,44.11636328457899,43.543423686777444,43.6679767648289,12005517
2021-04-26,43.94198989868164,44.2409161442206,43.717796639913395,44.1910932027828,10600021
2021-04-27,44.26582336425781,44.390376433744684,43.941987094054994,43.941987094054994,13128622
2021-04-28,44.53983688354492,44.6145698658601,44.34055368199077,44.440196708153735,9505056
2021-04-29,44.29073715209961,45.08787002234865,44.19109411793247,44.96331694233273,13435744
2021-04-30,45.26224136352539,46.383210486017354,43.84234600139347,44.14127224103342,44723547
2021-05-03,45.56116485595703,45.78535809678283,44.61456895520342,44.76403206601119,20483677
2021-05-04,45.536258697509766,46.582494860879606,45.38679557395065,46.08428539927322,22283461
2021-05-05,45.9348258972168,46.55758559659495,45.735542679384906,46.23374929857862,34464111
2021-05-06,46.13410949707031,46.408122854818664,45.835183242461156,46.25866257828613,22084128
2021-05-07,47.18034362792969,47.4543598244933,45.93482427320825,46.28357060477727,27762753
2021-05-10,49.397377014160156,49.596663096583235,47.42945474526133,47.479274840481,55456126
2021-05-11,51.66421890258789,52.0129652257583,48.72478805081314,49.12335446278737,115361688
2021-05-12,51.21582794189453,53.10901965929739,50.96672181802411,51.76385457255761,58626690
2021-05-14,50.343971252441406,51.63931071248567,49.820848898129306,51.21583424090304,32738629
2021-05-17,50.81726837158203,50.94181859942909,49.87066953531244,50.642892351052176,29540865
2021-05-18,52.585914611816406,52.760284945714254,51.04146884825773,51.36529946835372,53646370
2021-05-19,53.407955169677734,54.279818202761476,51.86350947608063,52.06278984865099,111262026
2021-05-20,52.16242980957031,54.65346839292299,52.06278393306311,54.65346839292299,84723675
2021-05-21,51.96315383911133,53.258493469569366,51.589497408963574,52.71046669940683,57868768
2021-05-24,54.52892303466797,54.75311344831947,52.311894734849965,52.311894734849965,124798564
2021-05-25,54.952392578125,55.74952535131147,54.60364627716301,55.00221266375624,61080268
2021-05-26,55.799346923828125,56.19791332104196,54.42927742783084,54.852753868524076,55487863
2021-05-27,54.92748260498047,56.646304069155015,54.77802234789718,56.14809180912403,51485233
2021-05-28,54.728206634521484,55.79935577874898,54.030719604869155,55.55025530442472,45369177
2021-05-31,54.429290771484375,55.05204771268523,53.98089847584232,54.802947216822844,27328504
2021-06-01,54.753116607666016,55.27623900612599,54.329640100344946,54.55383622847699,25662061
2021-06-02,55.22640609741211,55.50041655521971,54.57873361223532,54.70328382032968,26079462
2021-06-03,56.02355194091797,56.27265811693662,54.877672653703236,54.877672653703236,31434373
2021-06-04,57.09469223022461,57.26906253531121,55.99863320790692,56.048453295074516,42494730
2021-06-07,57.14451217651367,57.66762879202732,56.94522612679107,57.21924230708084,28815546
2021-06-08,58.14093780517578,58.53950424957709,56.47193618674066,57.36870926125757,34179129
2021-06-09,57.26906967163086,58.71387518570299,57.044879251440214,58.34021878384103,31520341
2021-06-10,57.76727294921875,58.04128341981385,57.39361660595483,57.543076862643076,19462978
2021-06-11,57.34379959106445,58.4647687923374,56.99505323723214,57.99147220554505,22644016
2021-06-14,57.169429779052734,57.64272637010151,56.04846056769876,57.41853594875726,15977089
2021-06-15,57.66763687133789,57.99147318404232,57.06979004149795,57.06979004149795,18716286
2021-06-16,57.74235916137695,58.36512165509897,57.54307881237376,57.667629030500756,17840275
2021-06-17,57.09469223022461,57.9416451151608,56.82067604925931,57.26906253531121,14332735
2021-06-18,55.948822021484375,57.59290796574229,55.30114938218211,57.393627585368925,24316953
2021-06-21,56.123191833496094,56.54666833940411,55.12677283624265,55.550255043695024,22640152
2021-06-22,56.721031188964844,57.21923772102543,56.297554781481885,56.59647527979242,18181960
2021-06-23,56.247737884521484,57.04487644393354,56.14809770267396,57.04487644393354,8197572
2021-06-24,55.52532958984375,56.59647273029077,55.32604356507093,56.297552245445715,11987605
2021-06-25,55.500423431396484,55.99863572858562,55.40078325257616,55.55024922235041,7819713
2021-06-28,55.22640609741211,55.77443271457036,55.151675972555495,55.749522672951485,9776194
2021-06-29,53.88124465942383,55.74952641392218,53.70687435639092,55.22640980328002,22785070
2021-06-30,53.75669860839844,54.753111820310664,53.60723263553089,53.93106892494272,17106526
2021-07-01,53.58232116699219,54.27981381772943,53.482680988756506,53.75669718044836,13216218
2021-07-02,54.03071212768555,54.67837897284392,53.681965810349375,53.681965810349375,17907844
2021-07-05,54.20508575439453,54.52892204757303,54.03071543582208,54.52892204757303,9305578
2021-07-06,54.00579071044922,54.504002940917665,53.90615054497273,54.15525666020695,9301320
2021-07-07,53.7816162109375,54.005806649425935,53.383049729857824,53.63215021706719,11177004
2021-07-08,53.58232116699219,54.35454395140619,53.482680988756506,53.781607225007285,14297863
2021-07-09,53.4577751159668,53.60723539498399,53.08411871687964,53.58232534848113,10924398
2021-07-12,53.407955169677734,53.95598189579044,53.233579142134474,53.48268530939163,9438729
2021-07-13,53.706878662109375,53.8563389338342,53.23357639855963,53.48268255297823,11227437
2021-07-14,53.35813522338867,53.881251904369805,53.133939102085776,53.58232564314736,9119790
2021-07-15,52.959564208984375,53.43286075587417,52.88482837396496,53.30831053341467,11451739
2021-07-16,52.859920501708984,53.50759308820137,52.536089910006744,52.83501045619343,11793582
2021-07-19,52.785186767578125,53.75669558110333,52.36171032113182,52.685546592306885,17532862
2021-07-20,52.610816955566406,53.20866371435907,52.08769462738625,52.85991739608684,19243816
2021-07-22,53.158851623535156,53.30831761187687,52.411538786459985,53.059211432336994,16258848
2021-07-23,52.81010055541992,53.40795305251978,52.53609005399778,53.15884689513751,10996716
2021-07-26,52.137516021728516,52.93465455599604,52.062785887700116,52.81009863107162,10937572
2021-07-27,51.78877639770508,52.4862633636679,51.44003006395173,52.18734282177406,11591373
2021-07-28,51.81368637084961,52.187342749241445,51.36529415554431,51.81368637084961,13733836
2021-07-29,51.763858795166016,52.062785027886626,51.41511817545958,51.938234806562896,15139800
2021-07-30,51.39020538330078,52.959566769897016,51.26565515481854,51.938237791710634,39367890
2021-08-02,52.56100082397461,52.73537114546458,51.63931202003831,52.06278850234373,19968907
2021-08-03,52.88483428955078,53.05921032204312,52.4613577842756,52.81010414771593,15159726
2021-08-04,52.46134567260742,53.55740460443958,52.26206534038869,53.0591980723497,17376739
2021-08-05,52.537174224853516,52.966770337977366,51.829602114789516,52.81514443785698,20246398
2021-08-06,53.522708892822266,53.69960478700603,52.46135087952726,52.53716671071222,13803814
2021-08-09,52.76460266113281,53.80069077273749,52.5371724943485,53.67434068007954,12460222
2021-08-10,51.6779670715332,53.01730099660739,51.50107696728186,53.01730099660739,12318604
2021-08-11,52.89094924926758,53.04257513434697,51.70324110517021,51.95594705767845,16287054
2021-08-12,52.612979888916016,53.32055193988638,52.436083984205325,52.8909500787045,13442644
2021-08-13,52.89094924926758,53.06784515120418,52.43608316190162,52.5624390301238,10050325
2021-08-16,54.179744720458984,54.306094808186536,52.714060567074355,52.94149650892021,32819128
2021-08-17,53.421630859375,54.710419063379916,52.91622474124414,54.2302829619588,25693791
2021-08-18,53.674339294433594,53.825959401708936,52.916227190184166,53.77541936595049,18888795
2021-08-20,52.309730529785156,53.3205485066485,52.05702458958536,53.2952784910221,15736258
2021-08-23,52.05702590942383,53.01730387938099,51.652699865214494,53.01730387938099,10432123
2021-08-24,53.522708892822266,53.674334771256326,52.38554083227816,52.51189091102666,17847588
2021-08-25,53.6237907409668,54.05339259088495,53.27000472475753,53.8259566576304,11312487
2021-08-26,53.371089935302734,53.59852008189505,52.91622385818213,53.52271003303095,11929699
2021-08-27,53.54798126220703,53.80068721474727,53.21946525908555,53.44690119476538,8356207
2021-08-30,54.25555419921875,54.68515027688472,53.623792199390806,53.77541808699634,19240269
2021-08-31,56.024478912353516,56.25190904587129,54.28081896903903,54.58406493099837,33485407
2021-09-01,55.973941802978516,56.45407789383487,55.392719863571386,56.10029188374704,17700178
2021-09-02,55.67069625854492,55.77177632394657,55.089474314613504,55.49380036015606,17265598
2021-09-03,57.16164779663086,57.363807918372096,55.64542374782864,55.94866971437623,22906791
2021-09-06,56.403541564941406,57.51543970051869,56.226645656314666,57.490169682705776,11302936
2021-09-07,56.52988815307617,56.833134131987286,55.94867199543784,56.40353807183653,11374723
2021-09-08,56.90894317626953,57.06056327108096,56.150831134340656,56.150831134340656,12497221
2021-09-09,57.0100212097168,57.94502911290525,56.80786109049918,56.93421116501019,19983877
2021-09-13,57.616519927978516,57.742870017385656,56.85840782366301,57.01002793095157,13133424
2021-09-14,58.24828338623047,58.576793626829236,57.616521355667565,57.616521355667565,13852611
2021-09-15,58.829490661621094,59.05692657758609,58.22300452560711,58.34935459895677,19025859
2021-09-16,59.81504821777344,60.1435642453202,58.7031500414369,58.98112603150517,21129102
2021-09-17,59.764503479003906,60.37098966497401,58.677875406884695,59.99193362976666,52041975
2021-09-20,57.919761657714844,59.48652578663574,57.818675809702974,58.88003383430821,13756386
2021-09-21,58.12192916870117,58.450445202613096,57.28800696627527,57.89449899564137,14070891
2021-09-22,58.854766845703125,59.031662750871256,58.147194792903036,58.147194792903036,11751877
2021-09-23,59.63814926147461,59.96666527226903,59.031663058723275,59.13274312852579,13392397
2021-09-24,59.25909423828125,60.11829219823663,58.627338007178466,59.63815029051745,11883868
2021-09-27,59.9666633605957,60.06774342717589,59.385447193823545,59.71395741020917,14908830
2021-09-28,62.139930725097656,62.62006691205584,59.99194421848598,59.99194421848598,30580264
2021-09-29,64.41426086425781,64.69223685358686,61.65978834144898,61.78613843480922,29772804
2021-09-30,63.3276252746582,64.94492941553798,62.84748919232249,64.41425330179176,17995564
2021-10-01,64.38898468017578,65.1218267193667,63.17600654825369,63.50451675953461,20085250
2021-10-04,63.807769775390625,64.86912792684785,63.428713705865654,64.59115193347978,11345266
2021-10-05,65.65249633789062,66.00628231429674,63.8077564146163,63.8077564146163,30310881
2021-10-06,65.75357818603516,68.1795400595401,65.37452218554397,66.15790420096339,38136735
2021-10-07,66.84021759033203,67.1687336181353,65.62723933809139,65.95575536589466,19049433
2021-10-08,66.61277770996094,67.95210586073455,66.13263585566759,67.49723980545173,13639896
2021-10-11,66.48641967773438,67.69940349742662,66.30952957799164,66.78966563265743,9461719
2021-10-12,66.33480834960938,66.99184037469328,65.34926031198353,66.63805434456627,14989111
2021-10-13,66.33480834960938,66.89075452041679,65.85467223155712,66.68859437973639,13747222
2021-10-14,67.92684173583984,68.4827936835663,66.20845742600066,66.71386355525874,21061104
2021-10-18,68.91238403320312,70.75712405997885,68.58386805211312,70.75712405997885,22145724
2021-10-19,67.62359619140625,69.36725631396568,67.3961660345091,69.06401032083323,15474921
2021-10-20,65.98102569580078,67.87630603134454,65.5261595720576,67.32035983208877,16132831
2021-10-21,66.5369644165039,68.4827903550356,66.05682832784842,66.73913032874282,27519955
2021-10-22,66.05682373046875,67.54777770868046,65.70303774662518,66.99183161060371,16376905
2021-10-25,65.93048095703125,66.91602319088035,64.91966292216965,66.51169713372295,15055837
2021-10-26,66.46116638183594,66.91603253667465,65.72832421639808,66.2084661757794,15198604
2021-10-27,66.10736083984375,67.21925877083332,65.8293906950478,66.58750265781636,13412194
2021-10-28,65.02074432373047,66.41061842717262,64.56587822309335,66.10737243210245,13901230
2021-10-29,64.66696166992188,65.70304392059629,63.908849602438316,64.69223168657558,12613387
2021-11-01,66.5369644165039,67.14345636928469,63.98465809306328,66.76440034478068,26818699
2021-11-02,66.10736083984375,67.21925877083332,65.98101077402741,66.9918286523639,14533176
2021-11-03,66.9918441772461,68.2300924610072,65.90521600760147,66.10737615975678,31141038
2021-11-04,68.05319213867188,68.23008804429344,67.49724597229603,68.20481802690982,4986216
2021-11-08,70.98456573486328,71.21200169225968,67.85103707348044,68.23009314651665,37249699
2021-11-09,70.60550689697266,71.51524490699694,70.22645083877998,71.48997488871319,19382632
2021-11-10,70.4791488647461,71.41415100377203,70.10009284926124,70.45387884930949,15366904
2021-11-11,69.8763198852539,71.08198739272035,69.50937707871783,70.32189200768364,19049466
2021-11-12,69.69284057617188,70.6626200676859,69.22105871499049,70.24325774674337,14255041
2021-11-15,69.64041900634766,70.32188500765574,69.19484692827135,69.85010316022387,8808997
2021-11-16,68.670654296875,69.98116092882343,68.48717988896341,69.92874138342938,9738892
2021-11-17,67.33392333984375,68.8803237286603,67.176664723638,68.61822003595238,9331351
2021-11-18,67.80570983886719,68.27749771791174,66.88835585000781,67.33392795885472,10891344
2021-11-22,65.2633285522461,68.09402594024789,65.02743460364914,67.91055753503096,11624364
2021-11-23,66.12825775146484,66.49520053162931,64.87017079048603,65.00121964089054,18446718
2021-11-24,66.88835906982422,67.77950333041518,66.25931253350568,66.4165771671015,12152407
2021-11-25,65.86615753173828,67.098040786756,65.26332678899443,66.88835661599803,9581943
2021-11-26,63.40239715576172,65.8399416708218,63.16650923438715,65.8399416708218,11587932
2021-11-29,62.275367736816406,63.40240595919012,61.777376056847885,62.66852032606154,15803560
2021-11-30,62.354000091552734,63.376193175607874,61.777373121903864,62.3802098629884,27563893
2021-12-01,61.69873809814453,62.87819570070163,61.06969164383478,62.7209310876084,19871665
2021-12-02,63.245155334472656,63.4810433184806,61.80359365829137,61.856013210293135,20686078
2021-12-03,64.05766296386719,64.39839601141868,63.29756754987522,63.42861641469022,14866089
2021-12-06,63.40239715576172,64.5294352216461,63.16650923438715,64.18870222507346,9379269
2021-12-07,63.21893310546875,64.66048849865612,63.035458710570566,63.847973604613344,14464680
2021-12-08,63.11408996582031,64.24112814364314,62.904411792661946,63.769346255004606,14700337
2021-12-09,62.74715805053711,63.690721901313886,62.616103183072305,63.42861816541693,19297434
2021-12-10,62.93062210083008,63.585878395600844,62.69472815498357,62.904412328961826,20332264
2021-12-13,62.01327133178711,63.585881722286985,61.77737737359911,63.428617083817464,20362045
2021-12-14,61.803585052490234,62.48505113168924,61.41043246818809,62.380212042283965,17422254
2021-12-15,60.650333404541016,62.065685022058425,60.54549432147513,61.698742232295835,17936938
2021-12-16,60.676544189453125,61.41042978124444,60.51928556222588,61.17454184040357,15950560
2021-12-17,59.156349182128906,60.80759464366954,58.894251489052344,60.78138487436188,17648721
2021-12-20,57.00712966918945,58.97289276123047,56.69260637465632,58.71078901594738,17713881
2021-12-21,57.40027618408203,57.819638532523406,56.95470406380259,57.40027618408203,12582459
2021-12-22,57.16438674926758,57.68859422545794,56.74502436773492,57.68859422545794,16343983
2021-12-23,58.78941345214844,58.94667808585667,57.505116605198474,57.60995569498238,15427636
2021-12-24,57.79342269897461,59.497081685888496,57.55752877814166,59.47087191679945,17403219
2021-12-27,58.0555305480957,58.18657940292946,57.16438033813005,57.7672170684294,6689944
2021-12-28,58.868045806884766,58.972884891394244,58.29141884401847,58.31762861514584,8475690
2021-12-29,58.44868850708008,58.97288997383665,58.18658477418549,58.92047042706425,6332934
2021-12-30,57.95069122314453,58.579737786912354,57.60995816768968,58.44868891905765,8269432
2021-12-31,58.44868850708008,59.02530952060905,57.97690058806331,57.97690058806331,8717971
2022-01-03,59.208778381347656,59.39224677784725,58.37004771453915,58.44868302635672,10026562
2022-01-04,59.785404205322266,60.23097634639357,59.366041837312075,59.60193579389453,8322088
2022-01-05,61.46284866333008,61.567693746053926,59.654350473517944,59.785399328132726,21374004
2022-01-06,61.46284866333008,61.672532829745755,59.26119791064156,61.48905843425303,10795557
2022-01-07,62.118099212646484,62.48504197080008,61.305584390813124,61.67252714896672,11303518
2022-01-10,62.74715805053711,62.983046013714976,62.013272389251775,62.380215219894446,9923601
2022-01-11,62.1705322265625,63.14031186870181,61.96085403304013,63.14031186870181,8919054
2022-01-12,62.45884704589844,62.9044192154703,62.039484651064164,62.485056820636025,10748385
2022-01-13,63.507240295410156,63.6907146894726,62.301572845256835,62.720935175787034,12559629
2022-01-14,64.63427734375,65.21090428790275,63.61208430489209,63.690713615722416,22431007
2022-01-17,64.87017822265625,65.52543454781512,64.58186471970244,65.52543454781512,14548522
2022-01-18,64.97502136230469,65.81374615129427,64.66049806667537,65.10607623491943,21395779
2022-01-19,65.57784271240234,65.83994039775065,64.47701443684504,64.79153765829449,14870110
2022-01-20,65.78752899169922,66.02342293669952,65.1846982418597,65.57785081750538,10007508
2022-01-21,63.795555114746094,65.78752772643801,63.297563461581134,65.00122259026931,14728332
2022-01-24,63.08788299560547,64.18871145066599,62.85199504032765,63.428616041150335,19665838
2022-01-25,63.664512634277344,63.79556150375239,62.537474359693796,63.00925628883668,9651480
2022-01-27,64.31976318359375,64.8701743848218,62.79957243854313,63.376193411304314,12890338
2022-01-28,65.05364227294922,66.60004277734777,64.63427993269131,64.63427993269131,14995069
2022-01-31,65.63026428222656,67.09803536176399,65.10606289626249,66.41656936068851,19787082
2022-02-01,63.8217658996582,66.04963248719743,62.642308176672536,66.04963248719743,34627617
2022-02-02,65.23712158203125,65.4992253140595,64.05766378645298,64.21492242625038,14749194
2022-02-03,65.34195709228516,65.97100361504695,65.07985337462904,65.73510966925322,13117138
2022-02-04,65.0798568725586,65.70890342913056,64.84396891311853,65.47300947065793,10723602
2022-02-07,64.42459869384766,65.31574287457582,64.21491453418888,65.26332333441908,13452373
2022-02-08,63.61207962036133,64.76532742470732,62.904403876939476,64.52943351055622,23545662
2022-02-09,65.61774444580078,65.9700917041851,63.82891119932763,64.23546477384564,17581473
2022-02-10,65.02146911621094,65.83457626964123,64.85884396341571,65.6448479586327,18120168
2022-02-11,66.15982055664062,66.4850584561096,64.53360624523457,64.7775346698363,26486850
2022-02-14,63.17843246459961,65.59065111505905,62.961607167578265,65.59065111505905,16463770
2022-02-15,64.37097930908203,64.50650130028913,62.06717990074267,63.42235638820789,12978223
2022-02-16,65.86167907714844,66.24112949362973,64.64201835349755,64.64201835349755,17673190
2022-02-17,65.80747985839844,67.18975967954331,65.31961675702472,66.59348393420119,16774602
2022-02-18,65.67195892333984,66.2953440433793,65.37382414755368,65.80748093403139,7978566
2022-02-21,64.61492156982422,65.6719572458246,64.28967743739493,65.04857834522466,8595442
2022-02-22,63.47657012939453,64.31678051841111,63.15132599736841,63.422363807976154,11409610
2022-02-23,63.503665924072266,64.12705095510653,63.151318672207054,63.856013175937484,8525215
2022-02-24,59.627864837646484,62.98870635767388,59.2484143882709,62.31111494017838,19848141
2022-02-25,60.9017333984375,64.2354718352605,60.169935643155405,61.2540806955554,28048713
2022-02-28,62.33822250366211,62.98871080668426,59.953106997269195,61.145664750465656,24781798
2022-03-02,60.8475227355957,63.0971159595369,60.41386598627515,61.66062991601117,22390246
2022-03-03,62.148494720458984,63.15132404269085,61.25407803770827,62.33821683955099,28291584
2022-03-04,61.38959503173828,62.55504953938796,61.14566038464295,62.31111489229262,25005861
2022-03-07,60.8475227355957,61.76904255246243,60.27834398719559,61.76904255246243,25392553
2022-03-08,63.449466705322266,63.82891715719177,60.49517877567217,60.71200406044571,33483859
2022-03-09,63.395259857177734,64.45229551869409,62.77187476160387,64.45229551869409,23476054
2022-03-10,65.56354522705078,65.80747987957409,63.801814947933686,64.5336127019877,27592384
2022-03-11,67.05423736572266,67.43368778629527,65.26539789630456,65.48222936670976,18598243
2022-03-14,65.48223876953125,67.67762592961112,65.07568513221896,67.67762592961112,22317814
2022-03-15,64.50651550292969,65.61775761370055,64.07285868332038,65.48224179617154,16501842
2022-03-16,66.1056137084961,66.45795476342093,64.7504309908781,65.21119088160273,15176752
2022-03-17,65.78036499023438,66.62057523848604,65.10277367899344,66.3495374732867,41700111
2022-03-21,63.96442794799805,66.02429900951661,63.856015314106365,66.02429900951661,18166521
2022-03-22,65.40092468261719,66.05140673445368,64.23547017716194,64.50650798414468,30929289
2022-03-23,65.9700927734375,66.6747873016279,65.40092024129315,66.05140224895592,25271163
2022-03-24,65.37381744384766,66.21402776920927,65.23829544705312,66.02429945510306,12377631
2022-03-25,64.39808654785156,65.5093346878966,64.28967391082732,65.07567793628411,12238471
2022-03-28,65.02146911621094,65.42802269292609,63.80180838606548,64.72332817234908,15342876
2022-03-29,64.12706756591797,65.75328225513978,63.964442374885756,65.21120655638803,14627074
2022-03-30,63.53076934814453,64.8859520461595,62.93449367568945,64.8859520461595,159640347
2022-03-31,64.47940063476562,65.56353938523179,63.96442821460307,63.96442821460307,31701618
2022-04-01,66.18692779541016,66.37664991513026,64.50650706382656,64.5607133837466,16052676
2022-04-04,66.29534149169922,66.67479194070182,65.97009736348045,66.18692885013155,14095200
2022-04-05,66.48506164550781,66.94582776555649,66.32244268797223,66.5663773277912,13071195
2022-04-06,68.32810974121094,68.51783186451674,65.86168491714088,66.37665116962954,23580340
2022-04-07,66.97293090820312,68.70755793553961,66.81030574719308,67.37948450545484,30238785
2022-04-08,68.81597137451172,69.11411233690254,67.24396328638008,67.70472320815735,21699732
2022-04-11,69.84590911865234,70.17115323655197,68.62624832916546,68.78886728635749,19137451
2022-04-12,68.32810974121094,69.8188083812482,67.86734980966679,69.62908005442661,14583673
2022-04-13,69.3309326171875,69.92721449897603,68.1112718991821,68.32810336624571,17675811
2022-04-18,69.43934631347656,69.65617156097836,68.57203291643982,69.22251486246,17471850
2022-04-19,70.63191223144531,72.09550143764278,69.65617989046484,70.08983664083989,30183165
2022-04-20,72.31232452392578,72.80018753604975,70.82162612800526,71.01135442375694,28690066
2022-04-21,73.20674896240234,73.39647107506704,72.31233230995215,72.8815048514617,22154311
2022-04-22,72.8272933959961,73.74881314239029,72.55625562207986,73.12543432695244,13678113
2022-04-25,69.24962615966797,72.06839813318113,69.05990404579937,71.98708865580888,16604310
2022-04-26,69.9543228149414,70.46928905735467,69.24962824941863,70.14404493453526,14133414
2022-04-27,69.03280639648438,69.92722312599743,67.81314552800768,69.1683222029209,14967738
2022-04-28,70.44219207763672,70.60481725507212,69.16832483805437,70.19826361675793,15773589
2022-04-29,68.3010025024414,71.22818708327152,68.08417102809472,71.22818708327152,13013304
2022-05-02,68.65335083007812,69.00569810412954,67.21685857460048,68.27390039675471,8623737
2022-05-04,68.21969604492188,69.76460098202568,67.81314244060592,68.7617654495046,8118435
2022-05-05,68.13838195800781,69.46645532137967,67.86734417228314,68.84307027526751,8015140
2022-05-06,68.4365234375,69.2496306712268,66.45796167496269,67.75893821173827,13680673
2022-05-09,67.21685791015625,68.11127456432163,65.7803718723939,68.11127456432163,12361746
2022-05-10,66.13272094726562,68.46362370278753,65.72616734759703,67.43369122550206,15563373
2022-05-11,65.29251098632812,67.43369163670188,64.42519125869944,66.8916160314945,14615373
2022-05-12,66.18692779541016,67.21686028092206,64.80464182338673,65.29251110969834,30617643
2022-05-13,65.7532730102539,67.89445372907562,65.42802887743541,67.75893792519952,22601469
2022-05-16,66.18692779541016,67.21686028092206,65.40092374953839,67.21686028092206,12566889
2022-05-17,67.4336929321289,68.30100647290335,65.91589113401574,68.30100647290335,27391533
2022-05-18,63.991539001464844,67.43369638384185,63.82892003056411,67.21686488579145,64902469
2022-05-19,63.55788040161133,64.1812655127037,62.60925735796564,63.42236459638078,21865050
2022-05-20,63.395259857177734,64.61492068443829,62.961603087719475,64.50650804295267,24237945
2022-05-23,63.80180740356445,64.28967044740685,63.259738044130145,63.74760108797254,17487906
2022-05-24,64.34387969970703,64.8317427658159,63.53077252168709,63.80181031553222,18454173
2022-05-25,62.22979736328125,64.75042817538616,61.90455327705465,64.66911870470825,17317285
2022-05-26,61.904563903808594,62.77187748028894,60.630696700633315,62.33822069204877,23782918
2022-05-27,61.8774528503418,62.63635368385003,61.33538348505674,62.55504420958456,11616970
2022-05-30,62.93449020385742,63.01579967240918,61.82324218977228,62.47373034521598,12222628
2022-05-31,62.88029861450195,63.693405897432946,62.6092607856862,62.717673435806,19925845
2022-06-01,64.0728530883789,64.53361303125975,63.286849008312785,63.42236481400834,16686021
2022-06-02,63.77471160888672,64.64202516552349,62.88029489132479,64.42519367460635,16274652
2022-06-03,64.12706756591797,64.50651807363751,63.883132881128006,63.991545539471666,13564659
2022-06-06,63.72050476074219,64.28967733898533,63.12422281828192,64.12705837477752,12162841
2022-06-07,64.0728530883789,64.77754148151175,63.23263648251862,63.61208694198213,14801011
2022-06-08,63.96442794799805,64.58781299990586,63.7747058386876,64.31677521166134,12953038
2022-06-09,64.12706756591797,65.42803807659207,63.3681665504789,63.964442374885756,32112393
2022-06-10,63.55788040161133,63.9644340208189,63.151326782403764,63.91022769872668,16173466
2022-06-13,61.579315185546875,63.042910614289426,61.281180430704595,63.042910614289426,15123129
2022-06-14,59.76337432861328,61.79614216291986,59.65496169838763,61.55220754139702,23524399
2022-06-15,59.19419860839844,60.16992463458031,58.706329391792714,60.16992463458031,14386729
2022-06-16,58.625022888183594,60.00730873261037,58.27267563771236,59.92599305672078,14897512
2022-06-17,56.48384475708008,58.54371582628923,56.13149749210129,58.54371582628923,23651413
2022-06-20,55.86046600341797,57.16144257577549,55.04735874745255,56.971714240841656,19163382
2022-06-21,57.32405090332031,57.59508867282916,56.131493402402256,56.4025311719111,14169558
2022-06-22,57.215641021728516,57.78481354113561,56.15859925309797,57.43246628492543,18641673
2022-06-23,58.164268493652344,58.32688745373876,56.99881400248594,57.459573926246485,16579252
2022-06-24,58.81475830078125,58.896067782980765,58.164270036153425,58.32688900055246,11807979
2022-06-27,59.38393020629883,60.08862478440198,58.97737659639559,59.62786485364708,17830735
2022-06-28,58.706336975097656,59.98020408630744,58.29978337775344,59.35682521225463,22631172
2022-06-29,59.51944351196289,59.65496551192353,58.543717370526984,58.868961485510795,18903900
2022-06-30,60.37320327758789,61.79614072857481,59.92599188301458,60.129268661727004,34424950
2022-07-01,60.61715316772461,61.105016318862894,59.2348670020635,60.983048980199186,22029311
2022-07-04,60.45451354980469,60.73909980307179,59.60075479000339,60.73909980307179,12798384
2022-07-05,59.84469223022461,60.57648999434948,59.68207326198175,60.57648999434948,17464685
2022-07-06,59.031585693359375,60.65780020944925,58.74699939374686,60.1699370953255,21856830
2022-07-07,59.11289596557617,59.6007652897122,58.665690689806354,59.6007652897122,17846046
2022-07-08,59.11289596557617,59.56010744486215,58.706342331140256,59.356830627644186,11692575
2022-07-11,58.990928649902344,59.234857082866085,58.584375058113956,59.112889764626466,11548617
2022-07-12,57.446022033691406,58.950269037390726,57.2427452439073,58.90961119802778,16729806
2022-07-13,57.24274444580078,57.68994965498147,57.120777132927785,57.4460212327507,13704386
2022-07-14,57.5273323059082,57.73060909850859,57.0801208807812,57.24274603697074,8917897
2022-07-15,57.20209503173828,57.81192548240397,56.91750872879752,57.48668133467904,7310057
2022-07-18,57.85258102416992,57.93389050698532,57.20209275461496,57.4866790462268,6697658
2022-07-19,58.54372024536133,58.665687569909,57.73061301973131,57.93388982613882,7585011
2022-07-20,58.828304290771484,59.43813468674392,58.70633697087388,59.356825207984045,10590222
2022-07-21,58.990928649902344,59.15354760521151,58.0151963075009,58.82830349107769,9537111
2022-07-22,58.665687561035156,59.31616961933129,58.54372023650594,59.27551798016543,8740051
2022-07-25,58.625022888183594,58.82829967087738,57.933883067727756,58.706332360558086,10124538
2022-07-26,58.25913619995117,58.66568982841766,58.09651102645494,58.62503198416459,8202210
2022-07-27,58.625022888183594,58.78764803644768,58.05585037804705,58.34043663311532,8726504
2022-07-28,58.584373474121094,59.072236530373324,58.4624061591792,58.584373474121094,11715079
2022-07-29,59.31616973876953,59.56010438831915,58.74699716117486,58.95027396796093,16983013
2022-08-01,57.811920166015625,58.95027147661194,57.567991730290714,58.95027147661194,30168751
2022-08-02,58.5030632019043,58.6250305281182,57.933890617593946,58.05585794380785,15655719
2022-08-03,57.730613708496094,58.868965078662576,57.52733689966336,58.78765559583266,18893830
2022-08-04,57.89323043823242,58.21847456050656,57.364715718492064,58.137165080816935,25024630
2022-08-05,59.43812942504883,59.60075457168795,57.649296236623734,58.09650143197249,48935830
2022-08-08,59.64141082763672,59.9666549426048,58.86896148266361,59.438134031221104,16091607
2022-08-10,58.95027542114258,59.926001636361995,58.86896593712696,59.885349996112176,29085499
2022-08-11,59.665077209472656,60.00145667320797,59.37074758466849,60.00145667320797,16670568
2022-08-12,60.16965103149414,60.29578771945194,59.53894192808605,59.66507861604384,12294928
2022-08-16,61.51515579223633,61.59924904700364,59.91735828804108,60.33783097778172,26772067
2022-08-17,61.683345794677734,62.06177508641585,61.5572026974317,61.64130237286535,18542371
2022-08-18,61.094688415527344,61.935633868140506,60.92649547546193,61.8094907670676,18850835
2022-08-19,60.67421340942383,61.178779378852035,60.379883795249405,61.094686119931396,13357442
2022-08-22,59.959415435791016,60.67421781234377,59.62303595979417,60.632167971879845,13714233
2022-08-23,59.74917984008789,60.21169601166455,59.49689362584248,59.5389434668517,11581331
2022-08-24,59.32870101928711,60.08554675272431,59.07641483087185,59.917360237717,19584234
2022-08-25,60.085548400878906,60.506021115835104,59.53893900415942,59.62303226396977,13090152
2022-08-26,60.4639778137207,60.80035726953325,60.29578487786219,60.42192797577996,10546886
2022-08-29,59.74917984008789,60.08555290454184,59.16051414548358,59.83327310620138,14387511
2022-08-30,60.127601623535156,60.42193125739247,60.00145851876635,60.08555178331061,14284488
2022-09-01,59.83326721191406,60.12759682226878,59.53893760155934,59.70712411721795,17854146
2022-09-02,59.959415435791016,60.16965180630094,59.58098611933025,60.08555212537308,13349456
2022-09-05,59.665077209472656,60.25374287498561,59.58098394751499,60.127599774096794,11658725
2022-09-06,59.454833984375,59.87530666153721,59.37074073212334,59.83326324336332,10545363
2022-09-07,60.04350662231445,60.16964972343474,59.454840955721345,59.53894063373796,19254652
2022-09-08,61.431060791015625,62.01971997355561,60.37987909654858,60.46397234892516,24401527
2022-09-09,61.01059341430664,61.725395745471076,60.84240047903566,61.64130248578781,9906299
2022-09-12,61.094688415527344,61.346968201768505,60.50602274915534,61.26287493968812,21463828
2022-09-13,60.75830841064453,61.47311075582414,60.54807204936203,61.431067333110384,11555561
2022-09-14,60.3798828125,60.758305679435814,60.211689881491864,60.506019490875744,9024753
2022-09-15,60.16965103149414,60.71626045505734,59.95941466369145,60.548073927177086,9985561
2022-09-16,58.824119567871094,60.2957738028233,58.44569675953041,60.169637143978605,25993505
2022-09-19,58.57185363769531,59.20256274416891,58.52980379756848,59.07641963969323,13595148
2022-09-20,58.10932922363281,58.99232451115463,58.067285800739384,58.86618141066514,20693245
2022-09-21,57.562713623046875,58.27752238997069,57.35247726004684,58.27752238997069,24710729
2022-09-22,57.01610565185547,57.39452854845037,56.763819443522344,57.35247870842658,15775504
2022-09-23,56.72176742553711,57.142240146010785,56.511531065300275,57.016103462592326,13578280
2022-09-26,55.5444450378418,56.67972002016436,55.41830194738283,56.51152709425103,19194238
2022-09-27,56.13311004638672,56.427439677306666,55.58649420844694,55.838780415466765,14140070
2022-09-28,55.29215621948242,55.838771974794945,55.123969717495704,55.838771974794945,15974881
2022-09-29,55.418304443359375,56.59562931416165,54.829638800006045,55.586490960943536,24560255
2022-09-30,56.30128860473633,56.51152494219375,55.08192041384481,55.46034325490663,16041026
2022-10-03,56.0910530090332,57.22633437903946,55.964916337613786,56.55357552391752,13288633
2022-10-04,56.59562683105469,57.18428603267648,56.42743390494553,57.18428603267648,10513995
2022-10-06,56.974056243896484,57.26838587858066,56.63767676886963,57.14224277345749,13000167
2022-10-07,56.72176742553711,57.05814688509696,56.38539438188181,56.88996036326931,14879891
2022-10-10,56.805870056152344,56.93200674612967,56.217204367336976,56.34334747321919,9042660
2022-10-11,55.46034622192383,56.932000662856346,55.33420954542439,56.932000662856346,14905741
2022-10-12,56.5535774230957,57.05814337342948,55.46034585078572,55.50239568660693,14459865
2022-10-13,56.21719741821289,56.974049544045236,55.880817982742506,56.59562668908111,9890714
2022-10-14,55.75468063354492,57.184285197111095,55.67058096376714,57.184285197111095,10119406
2022-10-17,55.5444450378418,56.09105440332385,55.12397234691462,55.92286789331462,10841451
2022-10-18,56.0910530090332,56.1751526778514,55.586487075643724,55.83877325029044,8153819
2022-10-19,56.34333801269531,56.55357434856358,55.880815507423605,56.17515151036222,7157066
2022-10-20,57.058143615722656,57.35247322000853,55.96491845467453,56.049011710769896,19426605
2022-10-21,56.763816833496094,57.226339388871565,56.5115306367632,56.67972357321996,9542021
2022-10-24,57.226341247558594,57.56271429958837,57.14224156864644,57.39452777357348,3745316
2022-10-25,57.100196838378906,57.394526460121696,56.51153117898877,57.058146999885125,12609170
2022-10-27,57.43657684326172,57.604763367022564,57.05814754094288,57.10019737983541,10404151
2022-10-28,57.562713623046875,58.19342271204697,57.22634057497053,57.604763462008734,9586976
2022-10-31,57.39452362060547,57.857046157536146,57.26838052726944,57.604759970864094,10549071
2022-11-01,57.60475540161133,57.730898484941584,57.31042581777654,57.52066215135906,7840600
2022-11-02,57.68885803222656,58.06728734375096,57.47862166445904,57.64681460821593,6785578
2022-11-03,57.772953033447266,58.15138235635144,57.60476650053761,57.60476650053761,6466688
2022-11-04,57.60475540161133,58.02522806877637,57.4365689011068,57.730898484941584,8971834
2022-11-07,58.95027160644531,59.11846453698538,57.772946756281904,57.89908985021089,13032194
2022-11-09,58.487754821777344,59.28665038111868,58.361611729274976,59.160507288616316,10410493
2022-11-10,58.52980041503906,58.740036771713704,58.36161389606113,58.403657317853394,5974147
2022-11-11,58.655941009521484,58.86617735722586,58.361611405916186,58.82412752132332,8792244
2022-11-14,58.403648376464844,58.99231393457392,57.899082480873815,58.8661708567003,10222979
2022-11-15,58.52980041503906,58.69799334992144,58.15137753938649,58.69799334992144,6477425
2022-11-16,58.27751922607422,58.613892255888814,58.06728287448795,58.57184883511413,5638631
2022-11-17,58.10932922363281,58.61389520968616,58.025235961941355,58.40365884750521,5264089
2022-11-18,58.235469818115234,58.44570617124923,57.814997111847255,58.31956307618797,6231903
2022-11-21,58.90822982788086,59.20255944465046,58.151377659113,58.31956417843721,14820946
2022-11-22,58.86617660522461,59.034363114877905,58.403654079821926,58.90822644058997,13456815
2022-11-23,58.78208541870117,59.118464865747676,58.61389248722577,58.90822851333165,7949141
2022-11-24,60.59011459350586,61.13672393431014,58.99231715693753,58.99231715693753,29444796
2022-11-25,61.683345794677734,62.18791176775745,60.253741134967804,60.71625727033069,22422462
2022-11-28,64.08003234863281,64.29026868365575,62.14586191596396,62.14586191596396,40695313
2022-11-29,63.32319641113281,64.5005149355495,63.07091020395509,64.29027856820298,17421133
2022-11-30,64.45846557617188,64.75279518017365,62.608381864338696,62.65043170029788,29122442
2022-12-01,64.08003234863281,64.87893427126228,63.911845846975964,64.75279118706776,15072561
2022-12-02,64.75279235839844,64.92097886309766,63.911847003094564,64.08003350779379,18220281
2022-12-05,64.79483795166016,65.34144726410862,64.50050196384517,64.79483795166016,10947250
2022-12-06,63.7436637878418,65.08917514258138,63.61752069485591,64.75279569992043,10369691
2022-12-07,64.5005111694336,65.42555626446969,64.03799503781994,64.54256100680956,20909569
2022-12-08,64.54256439208984,65.17327349038388,64.33232802599183,65.13122365080238,11996025
2022-12-09,64.75279235839844,65.8880673048779,64.50050618544572,65.17326503605038,24702723
2022-12-12,66.35059356689453,66.47673666050069,64.58460950412103,64.7527960183264,20455051
2022-12-13,65.38351440429688,66.64493268862414,65.13122818106935,66.60288284611784,16409283
2022-12-14,65.71988677978516,66.18240291774256,65.21532080387504,65.50965042183057,16268873
2022-12-15,65.6778335571289,66.01421299570185,65.42555379012731,65.71988339291458,9555282
2022-12-16,64.71074676513672,66.39263758596839,64.45846699155456,65.80397836503903,18672807
2022-12-19,65.55169677734375,65.7198897207768,64.41642167676585,64.9209876752555,12681354
2022-12-20,65.42555236816406,65.71988196455435,64.79484334051172,65.55168904097133,9368946
2022-12-21,64.24822998046875,65.71988443361344,64.03799363001951,65.42555482616535,8618706
2022-12-22,63.15500259399414,64.54256388246587,62.77657970436761,64.24823425543362,15215404
2022-12-23,61.389015197753906,63.154999283275544,61.220828681382066,62.73452657644162,15286836
2022-12-26,62.56633758544922,62.73452409516895,60.84239698925357,61.38901276969883,9571856
2022-12-27,63.15500259399414,63.239095856588406,62.524293500680145,62.98681606880561,5815217
2022-12-28,62.9027214050293,63.19705102550525,62.6083853686488,62.94476482743755,6599386
2022-12-29,62.86067581176758,63.197055293272406,62.31405995631034,62.90272565292004,10191269
2022-12-30,64.33232116699219,65.1732665417241,63.23908961347907,63.23908961347907,15567911
2023-01-02,65.59375,66.05627259841332,64.29028188876616,64.75280448717949,16878293
2023-01-03,66.01421356201172,66.35059300347032,65.34145467909451,65.59374086416452,11509540
2023-01-04,65.6778335571289,66.85515838418213,65.08917435155438,66.35059243427479,11974831
2023-01-05,66.5187759399414,66.64491902569448,65.88806692707995,66.2244463504535,14449439
2023-01-06,67.31768035888672,67.94838939504405,66.43468514190482,66.68697132272939,19075518
2023-01-09,67.35972595214844,68.11657810314199,66.98130308460381,67.990435008659,16438468
2023-01-10,67.78020477294922,67.94839771940562,67.0233525536576,67.73816134826379,11953196
2023-01-11,70.26099395751953,70.68146667679636,67.78020106424354,67.99043742388194,44099830
2023-01-12,68.62114715576172,70.5553242492016,68.28476769395854,70.42918114903733,16440461
2023-01-13,69.20980072021484,69.33593738242618,68.20066251119981,68.57909174554425,8018070
2023-01-16,69.16775512695312,69.54617796858099,68.74728245140933,69.33594163080909,9367702
2023-01-17,68.62114715576172,69.54618586379205,68.11658117100924,69.20981281789345,8776414
2023-01-18,69.08366394042969,69.71437297260178,68.32681181864238,68.49499832752664,7980164
2023-01-19,70.00870513916016,70.13484823340256,68.87343012278706,69.08366647455631,9857262
2023-01-20,69.7143783569336,70.26099417688096,69.5882352575758,69.96665813974461,9411562
2023-01-23,70.17689514160156,70.30303824211255,69.4620927932454,69.92461535648418,6972772
2023-01-24,69.92460632324219,70.47122207757195,69.54617707059676,70.47122207757195,7069973
2023-01-25,69.37799835205078,70.13485052634496,69.20981183149851,69.7143778090598,8188678
2023-01-27,68.11656951904297,69.84050995594805,67.27562421633874,69.42003730459592,10838959
2023-01-30,68.7472915649414,69.37800066186747,67.61201647365542,68.11658246801534,10783051
2023-01-31,68.7472915649414,70.05075959828383,68.24272557058148,69.37800066186747,21752061
2023-02-01,67.10745239257812,68.91548005592394,65.88807758754629,68.70524368428792,20031377
2023-02-02,66.05625915527344,67.27562733434696,65.71987973542095,66.93924791449447,10817457
2023-02-03,65.97216796875,66.35059727069303,64.66870637113632,66.35059727069303,11116563
2023-02-06,66.6449203491211,66.93924994445376,65.67783189368176,66.01421132373508,9507602
2023-02-07,66.47673797607422,67.06539720334686,66.14035852510226,66.644924493608,6876198
2023-02-08,66.6449203491211,66.7710634373791,65.84602481666042,66.43468400732576,6093832
2023-02-09,66.93926239013672,67.86430118284323,66.35060309002489,66.60288289754203,8609974
2023-02-10,67.10745239257812,67.65406182610785,66.85516618025295,66.98130928641554,6286269
2023-02-13,66.85515594482422,67.48586496317161,66.64491960537508,67.27562862372248,6470826
2023-02-14,66.56082916259766,67.14948837154353,66.14035646594941,66.8131089310441,5013825
2023-02-15,66.85515594482422,67.06539228427334,65.97216075277629,65.97216075277629,3686045
2023-02-16,67.10745239257812,67.31768876421414,66.60287996792776,67.14949581736239,8603036
2023-02-17,67.7381591796875,68.15863190851013,66.9392571453817,67.19154334903715,9145422
2023-02-20,66.897216796875,68.07453535896835,66.68698042280047,67.86429898489382,6867570
2023-02-21,66.60286712646484,67.4858622834509,66.43468062794543,67.2756259523498,4633296
2023-02-22,65.00507354736328,66.26649148360524,64.83688063965565,66.14034840680036,9878001
2023-02-23,64.92098236083984,65.50964799081038,64.5425594969264,65.34145506114555,6290065
2023-02-24,65.047119140625,65.29940530268317,64.83688281087773,65.17326222165408,6103178
2023-02-27,64.62665557861328,65.08917813552794,64.08003976114264,65.04712829729769,6945215
2023-02-28,63.95390319824219,64.79484863718868,63.74366683850557,64.6687055381658,10000095
2023-03-01,64.71074676513672,64.92098311774068,63.78570809686016,63.911851191603404,6694749
2023-03-02,65.50965118408203,65.71988754448287,64.58461248149926,64.75279900345811,5273986
2023-03-03,65.76193237304688,65.97216873794268,65.34145964325526,65.71988894961052,5522499
2023-03-06,66.6449203491211,67.10744286743243,65.63578847486508,65.84602481666042,8582554
2023-03-08,66.60286712646484,66.72901020830624,66.01420796574324,66.22444429684434,5969771
2023-03-09,66.18241119384766,66.81312034658156,66.05627449602511,66.686983648759,6135751
2023-03-10,66.35059356689453,66.64492317470608,65.17326871974412,66.01421412257952,6305111
2023-03-13,65.42555236816406,66.35059099220669,65.29940927945279,66.01421156094464,7151999
2023-03-14,65.34146118164062,65.6778406565745,64.96303828228054,65.46760428672894,8316642
2023-03-15,66.09831237792969,66.47674168736438,65.59374638125483,65.80398274786141,8183051
2023-03-16,67.19153594970703,67.65405205093548,66.22444749673268,66.43468383799215,27348566
2023-03-17,66.68697357177734,67.99043510758652,66.30854428777779,67.78019875511042,22904016
2023-03-20,67.78020477294922,67.86429803822499,66.18240706909023,66.60287981137392,18090005
2023-03-21,66.897216796875,68.24272830777095,66.68698042280047,67.9483986672476,9942587
2023-03-22,66.93926239013672,67.23359204019263,66.51878962836965,67.10745534438665,8162089
2023-03-23,66.43468475341797,66.93925069621248,66.26649824445448,66.7290143520561,7065528
2023-03-24,65.93012237548828,66.60287486362225,65.5937429234691,66.30854524906961,10269895
2023-03-27,64.83688354492188,65.93011503834605,64.5425539631242,65.5937356237614,4845906
2023-03-28,64.668701171875,65.08917386295884,63.701612699201355,64.668701171875,7446988
2023-03-29,64.668701171875,65.21531695346481,64.45846482633308,64.62665133640498,9921198
2023-03-31,65.50965118408203,65.88807406644172,64.92098552541695,65.00508520230093,9748505
2023-04-03,65.17326354980469,65.80397255189958,64.66869763130953,64.96302721577307,11416090
2023-04-05,64.87893676757812,65.8039753940906,64.75279367853005,65.63578888596253,6867318
2023-04-06,65.34146118164062,65.46760428672894,64.66870864767772,64.87894501752328,5063531
2023-04-10,65.42555236816406,65.7619253835221,65.08917293690202,65.34145269842054,5706517
2023-04-11,65.50965118408203,65.67783770604089,65.2994148236812,65.42555792310262,2998570
2023-04-12,65.59375,65.76193653620206,65.2153270855928,65.50965673189897,4182972
2023-04-13,64.92098236083984,65.71988434096323,64.75279584707926,65.59374124769067,6411454
2023-04-17,64.96302795410156,65.13121445687686,64.58460511490522,64.92097812045583,7736935
2023-04-18,65.59375,65.67784326810103,64.92099102338155,64.92099102338155,5096362
2023-04-19,66.05625915527344,66.22444565724778,65.34145048212297,65.5516868175428,7940271
2023-04-20,65.76193237304688,66.51878456985271,65.67783911026949,66.35059804429795,7789377
2023-04-21,65.8039779663086,66.22445066896871,65.46759852099964,66.22445066896871,5001767
2023-04-24,65.8039779663086,66.09830757498982,65.55169177835081,65.84602780293632,7060879
2023-04-25,65.97216796875,66.30854743184227,65.63579492156235,65.80398144515618,4656411
2023-04-26,65.97216796875,66.30854743184227,65.71988818335927,65.88807470695309,5090493
2023-04-27,67.654052734375,67.90633891279654,66.05626165738536,66.05626165738536,17036886
2023-04-28,68.45295715332031,68.57910024707267,67.61201174951024,68.07452787206323,11996476
2023-05-02,69.08366394042969,69.54618004781345,68.45295490825761,68.7472845067571,11768608
2023-05-03,69.54618835449219,70.30304056667882,69.33595198532394,69.33595198532394,12067736
2023-05-04,70.05075073242188,71.05988259342253,69.71437130678703,69.8825578116525,15811123
2023-05-05,69.63027954101562,70.17688890145091,69.2939001081988,70.05075222806063,5895640
2023-05-08,70.00870513916016,70.17689165421383,69.29390282632556,69.7984687873909,6051050
2023-05-09,70.63941192626953,70.89169810665355,70.21893923623222,70.42917558125087,7286472
2023-05-10,70.84964752197266,71.1439771187051,70.51326809031958,71.05988386476783,7349573
2023-05-11,70.59736633300781,71.01783904831079,70.47122965114049,70.89170236644347,4455253
2023-05-12,70.26099395751953,70.76555993747081,70.09280102026608,70.51327373954291,4700410
2023-05-15,70.8075942993164,71.10193029787057,70.26098496692428,70.47122129966085,7167177
2023-05-16,73.1622543334961,73.70887016054797,71.48036342927779,71.81674289330238,44298431
2023-05-17,73.62476348876953,74.50775220311698,73.41452716403393,73.83499981350514,20861152
2023-05-18,72.32130432128906,73.79295876968739,72.1531178078338,73.66681567664382,16119484
2023-05-19,72.36335754394531,72.53154406527109,71.3121757458979,72.32130770566161,11201198
2023-05-22,73.28839111328125,73.41453420339856,71.73264344424537,72.36335247892781,9226502
2023-05-23,74.84414672851562,75.60099893367033,72.95201942358123,73.54067868542114,27392800
2023-05-24,75.39075469970703,75.60099104498458,74.63390257352707,74.92823217373481,19866440
2023-05-25,74.97029113769531,75.5589504097872,74.50776855540535,75.5589504097872,9684940
2023-05-26,75.853271484375,75.93737115595722,74.84413958442974,75.0123260957859,9846321
2023-05-29,75.72714233398438,76.06351539012283,75.18052649390219,75.9373787020233,6891927
2023-05-30,75.93737030029297,76.48397966399335,75.51689761073631,75.68508412019735,9269698
2023-05-31,75.68508911132812,76.86241400290746,75.30666623213328,76.02146856833714,17157711
2023-06-01,76.10555267333984,76.65216842323518,75.60098675647635,76.10555267333984,11770478
2023-06-02,75.51690673828125,76.44194548393226,75.43280705748174,76.10556600844875,7123634
2023-06-05,75.05437469482422,75.68508372587316,74.54980875316588,75.60099047158077,9227005
2023-06-06,75.1805191040039,75.5168985429826,74.71799657342018,75.1805191040039,5740801
2023-06-07,76.39989471435547,76.61013108198766,75.26461961232262,75.30666945221097,11403972
2023-06-08,75.72714233398438,76.39989486216608,75.43280628600604,76.31580159813146,10809055
2023-06-09,75.93737030029297,77.0726452789151,75.81122721024515,75.85327062965837,9921823
2023-06-12,77.24083709716797,77.36698019588565,75.8532758430826,76.2737485615385,10813997
2023-06-13,77.28289031982422,78.29202232194947,77.11469737553348,78.08178595351465,19796495
2023-06-14,78.33406829833984,78.62839791645048,77.36697976805823,77.53516628814873,19246845
2023-06-15,78.12383270263672,78.7965852054682,77.87154650413457,78.46021216200474,8742159
2023-06-16,77.49312591552734,78.37611480460592,77.28288954918891,78.20792827789707,15146569
2023-06-19,77.28289031982422,78.08178595351465,77.07265395138938,77.49312668825905,6800507
2023-06-20,77.28289031982422,77.87154958507982,76.77832431876159,77.28289031982422,9394894
2023-06-21,77.36698150634766,78.0817838566493,77.11469530463901,77.324931667428,9499893
2023-06-22,77.36698150634766,78.0817838566493,77.15674514355867,77.36698150634766,9694937
2023-06-23,75.09642791748047,77.70335741356577,74.71799863223795,77.61926415547998,18134295
2023-06-26,75.3066635131836,75.64303654214336,74.59185478688342,75.0964271621316,10963542
2023-06-27,75.13846588134766,76.10555431885645,74.7600430394939,75.47484530516427,10668117
2023-06-28,76.23169708251953,76.65216975653684,74.84413597508163,75.43279515234433,14388441
2023-06-30,76.77831268310547,77.32492202547424,76.23169692483287,76.48397667917912,12595671
2023-07-03,80.10005187988281,80.81485420927831,76.7783200113308,77.03059978975628,32972732
2023-07-04,79.5954818725586,81.06713629444356,79.34319569101667,80.73075685768902,11918401
2023-07-05,80.31028747558594,80.4784739929427,78.54430337972252,80.01595786225943,14283796
2023-07-06,82.9172134399414,83.08540636600137,80.73075672839487,80.73075672839487,32778334
2023-07-07,83.42179107666016,85.14573191891122,83.08541800921068,83.63202745176858,37546405
2023-07-10,81.90808868408203,85.31391393077793,81.65580248096174,84.93549104200217,24042759
2023-07-11,82.49673461914062,83.16949344158624,81.48760280137581,82.24445487265123,17508261
2023-07-12,82.32855224609375,83.54792045497449,82.16035932410416,82.62288183969558,14979586
2023-07-13,80.89894104003906,83.0013044393738,80.73075453445385,82.74902468099599,11491737
2023-07-14,81.23532104492188,82.11831624528457,80.56256860189198,81.15122779153113,24048036
2023-07-17,81.86603546142578,82.3285580093955,81.48761258829013,81.9080852988428,19126927
2023-07-18,82.07626342773438,82.74902226221813,81.7398840104925,82.45469267809538,9527821
2023-07-19,82.62288665771484,83.29564555309614,82.16036411515216,82.41265030489623,15283446
2023-07-20,83.0433578491211,83.50588038325003,82.79107166397728,83.0013080129624,8940131
2023-07-21,83.54792785644531,83.96840057481283,82.91721877889404,83.12745513807779,18598910
2023-07-24,83.96839904785156,84.6832013728968,83.67406943352758,83.92635562632208,19073238
2023-07-25,83.25359344482422,84.30477518023866,83.00130726196309,84.05248899737754,11983867
2023-07-26,83.75816345214844,84.2627294264093,83.12745438034626,83.96839980941583,14912431
2023-07-27,82.9172134399414,84.47296111454736,82.49674074864768,84.43091769496046,16349608
2023-07-28,82.61365509033203,83.7845559650146,81.74632012875374,83.43762065693517,27278447
2023-07-31,81.3126449584961,83.43761276651547,80.66214379882813,83.26414843750001,25418124
2023-08-01,81.52947998046875,82.17998115052568,80.92234820197831,81.35601564868293,16132927
2023-08-02,81.39937591552734,82.09324645577631,80.66214260228774,81.87641273910349,16780965
2023-08-03,81.09580993652344,81.70294169556938,80.79224405700047,81.44274520622392,8703991
2023-08-04,80.05500793457031,81.44274234742011,79.8381742257738,81.13917647855291,10743670
2023-08-07,80.53204345703125,80.66214501437342,79.79481012174574,80.18510817653217,6947500
2023-08-08,80.09837341308594,81.05244044058747,79.75143814383814,80.66214239845863,14652588
2023-08-09,81.4427490234375,81.57285058282801,79.96827571241201,80.18510943898279,9339961
2023-08-10,81.39937591552734,81.78968057588234,81.09581003563338,81.44274530575785,6480305
2023-08-11,81.09580993652344,81.7896804759244,80.96570838323078,81.52947736933908,9294868
2023-08-14,80.3152084350586,81.1391805400741,79.36114139204486,81.09581114924802,6762888
2023-08-16,80.92234802246094,81.05244296239165,79.8381794081045,80.31520962807728,7026509
2023-08-17,80.01165008544922,81.09581878579407,79.79481634538026,80.92235444063513,6856243
2023-08-18,79.27440643310547,80.09837189183511,79.01420333180151,79.92490756912564,7603578
2023-08-21,79.79481506347656,79.92491662887599,78.7106463805489,79.18768324793326,7450923
2023-08-22,79.66471099853516,80.14174785095213,79.49124666160552,80.14174785095213,5274379
2023-08-23,79.18767547607422,79.79480723203069,79.10093669616057,79.66470567940006,6805550
2023-08-24,80.01165008544922,80.87898504572509,79.40451826015236,79.53461321040125,9936618
2023-08-25,79.62135314941406,80.83561681753353,79.49125158004678,79.75144810154065,7021529
2023-08-28,79.70808410644531,80.2284837587295,79.53461314419019,80.01165001884104,6866040
2023-08-29,79.70808410644531,80.14175158622223,79.44788097168292,79.8381856738265,6510089
2023-08-30,78.71063995361328,79.36114111025472,78.580538398837,79.36114111025472,10926964
2023-08-31,77.279541015625,79.40451556656102,77.14943945254885,78.71064497498183,15918998
2023-09-01,77.2361831665039,78.06014875648155,76.97598002375265,77.49637969201437,14735373
2023-09-04,78.103515625,78.49381370925475,77.45301440641501,77.45301440641501,13063008
2023-09-05,79.23103332519531,79.53459918430927,78.4070679051375,78.53716944968332,12849665
2023-09-06,79.23103332519531,79.53459918430927,78.49380006242156,79.31776548247939,8805552
2023-09-07,79.53461456298828,79.7080855283379,78.97085212301396,79.31778081923177,7697172
2023-09-08,81.52947998046875,82.35344548231149,79.40451213851215,79.96827452543607,29294769
2023-09-11,82.57028198242188,83.2641525673795,81.61621489103538,82.83048510609106,23997873
2023-09-12,79.40451049804688,83.17741588298236,79.23103955260481,83.17741588298236,21373206
2023-09-13,80.7488784790039,81.0958137650833,79.23104239249164,79.70807923800587,11716054
2023-09-14,82.09324645996094,82.48354450309594,80.79224415985772,81.18254220299274,16430876
2023-09-15,79.75144958496094,82.00652584996435,79.57798523407182,81.83305488183441,35184771
2023-09-18,80.3152084350586,81.00907898483585,79.62134450252132,80.4886793811229,17302409
2023-09-20,79.66471099853516,80.61877808612881,79.2744129318233,80.1851106265644,18228395
2023-09-21,80.44532012939453,80.7922554480099,79.62135453776875,79.7080867131124,15173388
2023-09-22,80.01165008544922,80.96571721830456,79.79481634538026,80.48868696049719,10983768
2023-09-25,79.75144958496094,80.31521865121178,79.6213546304145,80.22848647576723,10885789
2023-09-26,79.79481506347656,80.48868566744648,79.70808289229045,79.96827940584879,8786944
2023-09-27,78.40706634521484,80.14173592534243,78.14686326129998,79.83817007226797,17576586
2023-09-28,77.88668060302734,79.27441518971077,77.62647747298149,78.75401554685953,17116633
2023-09-29,78.88410186767578,79.05757280781529,78.2769701202869,78.58053599398134,7353379
2023-10-03,78.06014251708984,79.27441272413708,77.88667818061464,79.27441272413708,12491467
2023-10-04,77.279541015625,78.19024533991764,76.93260571983541,78.06014377684149,10554372
2023-10-05,77.75657653808594,78.71064362217946,77.36627185556569,78.45044050049928,9293183
2023-10-06,77.84330749511719,78.06014122073033,77.49637221068814,78.06014122073033,8500414
2023-10-09,75.84843444824219,76.84587090787556,75.45813638967441,76.71576934927293,10345543
2023-10-10,76.62903594970703,76.80250689746623,75.71833828862137,75.84843322789072,9460129
2023-10-11,77.79993438720703,78.2769712076677,76.8892367534728,77.19280263138421,12124613
2023-10-12,78.32034301757812,78.66727167891646,77.93003834771243,77.93003834771243,9922340
2023-10-13,78.79737854003906,79.14431384197252,78.10351455341264,78.32034828996599,12881848
2023-10-16,78.84074401855469,79.05757774433881,78.23360561601505,78.9274761854203,8631278
2023-10-17,79.66471099853516,80.05501568248731,78.7106439109415,78.92747764072371,13355267
2023-10-18,78.71063995361328,80.22847598577663,78.4938062347328,80.22847598577663,11466227
2023-10-19,78.62390899658203,78.84074271879145,78.1468721608253,78.1902415521632,6724121
2023-10-20,78.32034301757812,78.79737323553836,77.62647246042135,78.53717673953462,8772287
2023-10-23,76.2821044921875,78.32034687269778,76.02190798337624,78.32034687269778,9592121
2023-10-25,75.97853088378906,77.3662653084185,75.28466698009419,76.71576417650724,9057651
2023-10-26,74.7642593383789,76.15200035347496,74.15712760720406,75.93516664702115,10108394
2023-10-27,75.37140655517578,75.8918061884485,75.06784065387005,75.06784065387005,6454064
2023-10-30,76.54230499267578,76.84587088449615,75.24130264152548,75.84843442516623,10175983
2023-10-31,77.79993438720703,78.060137492411,76.02190189244602,77.19280263138421,29025469
2023-11-01,80.18511199951172,80.66214886009662,78.45044213155265,79.79481392611709,54027867
2023-11-02,82.440185546875,83.6978185149707,80.92234945981595,81.39937968826182,63995437
2023-11-03,83.17742156982422,83.91465494094777,82.74375410242915,83.69782120725024,34490201
2023-11-06,85.86615753173828,87.1671599185828,83.78455238933898,84.13148768261226,63500708
2023-11-07,90.24620056152344,90.46303429029477,85.64932286467516,86.7334915085318,79534919
2023-11-08,89.72579956054688,92.71810916274896,89.37887086803704,91.41710671411518,69412828
2023-11-09,89.29212951660156,90.63650132186027,88.90183144010217,90.28956602206055,32091128
2023-11-10,89.38329315185547,90.11257640664022,88.79074572576188,89.20096712188912,28403392
2023-11-13,90.24932098388672,90.4772233096036,88.92749027673959,89.61119725389025,23502134
2023-11-15,92.71066284179688,92.98414841325844,90.38606330448161,91.16092981692003,35721107
2023-11-16,94.89852905273438,95.85572162308267,92.71066528838624,92.98415086706494,43421272
2023-11-17,93.62227630615234,96.90407548962295,92.52834788168035,95.71898056725553,50796419
2023-11-20,93.75901794433594,94.76178681360153,92.98415140695013,93.89576073446925,16980763
2023-11-21,92.11812591552734,94.0780804181761,91.93579987584395,93.89576133351997,20429383
2023-11-22,92.3004379272461,93.62226857727991,91.47998819910967,92.07253561137635,16652996
2023-11-23,94.62504577636719,94.98968392330663,91.8446346982795,92.98414629503235,18589035
2023-11-24,94.30598449707031,95.99246735897816,93.8957630714874,94.89853196571138,26009963
2023-11-28,98.63612365722656,99.00076876889459,94.89852691144016,95.44549110142869,61127565
2023-11-29,98.95518493652344,100.04911323314403,97.95240921709032,99.09192075733115,36828919
2023-11-30,101.8723373413086,102.5560443033308,97.63335278576554,98.95519041869126,46269884
2023-12-01,101.41653442382812,103.87787674693494,100.8239869889981,102.87510790992947,24131009
2023-12-04,105.65550994873047,107.7066306929486,103.1030013516929,104.37925565021168,50645500
2023-12-05,107.2964096069336,109.39311373554223,105.38203150756698,109.39311373554223,47272168
2023-12-06,108.75498962402344,109.34753009057454,107.02293060519054,108.29918498512146,31094949
2023-12-07,110.62378692626953,111.67213901002208,108.98289436281193,109.66660133634268,38173544
2023-12-08,108.29918670654297,111.62655505939466,106.97734905970043,111.35307644472262,22610433
2023-12-11,107.11409759521484,110.30473028954039,106.2936477970971,109.3019614051864,28917089
2023-12-12,107.15967559814453,108.39034675755836,106.5671281643447,107.56989699960681,15735665
2023-12-13,109.07405853271484,109.25637761805322,107.61548498492603,108.025706404451,23660687
2023-12-14,109.48428344726562,109.84892858461009,108.80057642288008,109.84892858461009,20038925
2023-12-15,112.85723114013672,113.9055762434161,109.07405125408916,109.66659867443849,43200717
2023-12-18,113.3586196899414,114.68045740189926,112.31026756115477,113.44977923265606,19345644
2023-12-19,113.67767333984375,114.81718492887597,113.22186870423087,113.95115890322221,22074723
2023-12-20,109.43870544433594,115.22742343613565,108.48151284312097,114.4981331728264,27660494
2023-12-21,113.17630004882812,113.49536192427647,106.97735380428645,107.56990126156323,20805929
2023-12-22,112.76607513427734,113.95117008517416,111.30750154819262,113.2674630646631,12915880
2023-12-26,116.73157501220703,117.14179641999384,112.67490940674742,112.94839498195668,30770511
2023-12-27,115.40973663330078,117.50643386198995,114.36138454144266,117.0506292094453,16455934
2023-12-28,121.4719467163086,122.11007048365158,115.31858356182391,115.77438823993388,54672874
2023-12-29,118.37248229980469,120.3780201324931,116.95948499380088,118.23573254822394,30650133
2024-01-01,118.78269958496094,120.78823734758923,118.50921400140831,120.42359917622213,18629028
2024-01-02,119.0105972290039,119.83104003727102,117.2329618710558,119.42081863313746,17271309
2024-01-03,120.97055053710938,122.01890957128784,118.78269379543472,119.01059611894475,24221613
2024-01-04,119.60313415527344,120.33242435763346,117.415277458247,120.33242435763346,23880980
2024-01-05,120.97055053710938,122.7026165418179,119.92220541298484,121.06171703053495,21903222
2024-01-08,120.92496490478516,124.0700280352207,120.56032675838428,122.155642991482,26199907
2024-01-09,120.24125671386719,122.97608451397079,119.92220181655387,122.97608451397079,15051378
2024-01-10,119.0105972290039,119.42081863313746,117.14179537677988,119.3752353859995,17547639
2024-01-11,121.4719467163086,122.06448723382961,119.51199216445764,119.73989450351263,21653666
2024-01-12,123.34075164794922,123.84213958795188,121.0161449516134,121.65426873431896,24471509
2024-01-15,125.48301696777344,125.802085792864,123.2495769223023,124.38908856897679,22824583
2024-01-16,130.90711975097656,131.59082682368,125.34629666229942,126.03000373500286,54350562
2024-01-17,131.36289978027344,132.54798068887976,129.03829338791272,130.3601240313952,43031636
2024-01-18,131.72755432128906,132.77589953560252,127.53414564392493,131.08943054257412,26958686
2024-01-19,135.51071166992188,136.10326603816765,131.089415080975,132.27450990741303,23970656
2024-01-23,126.66812133789062,138.38230750602025,125.6653593598368,138.10882190834909,38167576
2024-01-24,130.7703399658203,132.4112393455729,125.84765573661531,126.66809847146521,40122151
2024-01-25,130.9982452392578,133.00378278881846,129.44851231050882,133.00378278881846,38252600
2024-01-29,133.7330780029297,135.2828109900696,130.81593110183334,130.9982501750168,28420760
2024-01-30,134.64468383789062,138.74692547492214,133.55075551669287,135.28280753275155,41378967
2024-01-31,133.9609832763672,136.83256090503917,133.1861237207349,134.73585674205341,27393172
2024-02-01,136.51348876953125,137.3795147977446,134.05214651195777,135.37397717713117,27883335
2024-02-02,148.50115966796875,152.05644452968477,137.69859706250332,138.47345667501665,94675914
2024-02-05,158.57443237304688,161.53716254984445,150.1420464852384,153.10477666203596,101043319
2024-02-06,168.19192504882812,169.55933907361535,156.20426766221541,160.94463349946682,97077698
2024-02-07,169.96954345703125,175.62151807744513,168.6932960592148,171.5648596593285,82890137
2024-02-08,175.3936309814453,179.40472041271744,170.24304378828478,171.2913889624505,83103687
2024-02-09,166.3686981201172,176.71546929325294,162.0385539224703,176.3052339780642,84137345
2024-02-12,159.89627075195312,168.05518537502505,157.84514976158286,166.36870255225438,54071070
2024-02-13,159.03024291992188,161.76507087696285,157.11587169602578,159.4860475794287,37121416
2024-02-14,167.3258819580078,168.0551721458523,155.79401650722852,157.70840151156364,52764452
2024-02-15,173.06903076171875,174.43644470850066,167.2803061563204,168.6477201031023,70678699
2024-02-16,170.47093200683594,176.94336333154467,169.6960585700562,173.20575979304186,54056644
2024-02-19,171.83834838867188,174.02620508530194,169.92396334658034,171.92951488022047,30664067
2024-02-20,172.06625366210938,172.93227970647743,167.553790454041,170.92674204845304,34936800
2024-02-21,166.18637084960938,173.84388306818718,165.09244251982017,172.84112122840267,22131487
2024-02-22,163.81619262695312,165.45709219102375,159.8962697544662,165.45709219102375,39618423
2024-02-23,160.30650329589844,164.72780011904194,159.57721306330185,163.81619080580975,31342100
2024-02-26,161.81065368652344,162.99574858004124,157.29819035164252,160.35207321603167,36264939
2024-02-27,157.9363250732422,162.58553847491817,156.88797985034233,161.81066493795376,27603342
2024-02-28,152.6033935546875,158.11863268477595,151.96526981708607,157.25260661874154,35971734
2024-02-29,150.9169158935547,153.5605771856099,149.8229875627061,152.60338467984735,52797150
2024-03-01,154.4265899658203,156.61446035005483,152.603371600651,153.10475943308302,33401242
2024-03-04,159.75953674316406,160.8534651685243,155.42939238065318,156.97912547575143,28643745
2024-03-05,160.30650329589844,161.62833401807424,159.1214084066858,160.8534605378052,21719198
2024-03-06,161.6739044189453,162.44876392758886,156.8879559047736,160.62554544599965,37730619
2024-03-07,159.16697692871094,162.5855115370591,158.62000582735408,161.67390230816625,17880714
2024-03-11,158.84793090820312,161.81066132686402,156.88797634911097,158.57444531831575,22843402
2024-03-12,157.61724853515625,160.35207654150406,156.29541778076572,159.53163370362154,20208400
2024-03-13,148.91139221191406,158.52885968280057,147.4528116944999,157.7084168355393,26725350
2024-03-14,155.2926483154297,156.2498269431188,146.40445772648792,146.99699820172916,25912125
2024-03-15,146.7690887451172,153.78847716395998,140.02318588234428,151.3271349794376,108719847
2024-03-18,146.58676147460938,148.82020122243017,145.99420715127576,148.182077567346,22670787
2024-03-19,141.52735900878906,144.85472774674483,140.61574961098688,144.85472774674483,50547948
2024-03-20,144.2621612548828,144.53564680704486,141.29943124490893,142.21104047874704,23956154
2024-03-21,149.95973205566406,150.18763438401615,145.67517106465593,146.76909945873504,26756447
2024-03-22,150.55226135253906,152.37547984380834,149.09369490555554,151.05364921964875,25141774
2024-03-26,152.64898681640625,153.83408178401262,149.09371582364224,149.82300610448118,21189137
2024-03-27,151.50946044921875,156.29540919749766,150.73460090267253,154.0619692303116,31466480
2024-03-28,152.92245483398438,154.51777105430912,151.96526231977884,152.01084556522738,17007401
2024-04-01,154.2898712158203,156.11308978262468,153.83406657411922,154.9279949321911,14548989
2024-04-02,158.80233764648438,159.0758232191298,154.33545763014075,154.42661021431985,29081495
2024-04-03,158.34652709960938,159.71394100186862,157.84513922010362,158.80233173369578,18996701
2024-04-04,154.65451049804688,159.48604251748154,154.10755327003122,158.62001647391634,17913673
2024-04-05,153.15036010742188,153.92523356484404,150.05089409784082,153.8796503185156,26551221
2024-04-08,155.2470703125,156.66006754355524,153.83407308144476,154.06197541193578,14541348
2024-04-09,153.97079467773438,155.74844381922514,153.15035192785638,155.4293750220209,10074537
2024-04-10,157.75399780273438,158.80234297129755,153.9708107260689,154.06197722335895,26458888
2024-04-12,155.1103057861328,158.11861904393248,154.74566765611897,157.66281442638868,23635268
2024-04-15,151.69178771972656,154.92800363970207,148.2732527148344,152.05643979961445,30165832
2024-04-16,154.0619659423828,155.70286540306978,150.8713335116234,151.69177628694013,19347109
2024-04-18,154.0619659423828,159.6227880285849,153.19593992175882,157.07027930196668,29756025
2024-04-19,151.91969299316406,152.69456650662258,147.8630341575364,149.0481290975092,28613815
2024-04-22,155.7940216064453,156.9791164617247,153.60616488135554,154.92799556568283,19022799
2024-04-23,153.2415313720703,158.34653518859025,153.10478162882654,158.34653518859025,19730937
2024-04-24,153.8340606689453,155.52054334252244,152.7401323528657,154.42660111638958,17496649
2024-04-25,155.15591430664062,155.88520459553138,153.83408348243228,154.47220726894093,14757776
2024-04-26,156.38656616210938,157.34375863545839,154.8368332533816,155.61169275271902,17306072
2024-04-29,161.12693786621094,162.26644944942316,156.9791129213077,157.7084031165742,40527426
2024-04-30,153.92523193359375,163.90735073136872,153.013622656901,163.63386516635018,67530236
2024-05-02,158.0730438232422,159.1669860889133,153.37826158827633,156.79679639336422,60555113
2024-05-03,155.65728759765625,159.4404606194635,154.42660948161804,159.34930803571686,30968452
2024-05-06,151.5550537109375,156.79680744830827,150.50670852748522,156.6600716104857,28686100
2024-05-07,145.85748291015625,153.33267612729105,145.401678276062,152.69455242156982,40995072
2024-05-08,148.7290496826172,149.77740870921113,145.53841717655996,147.22489992235458,28458714
2024-05-09,142.75802612304688,148.5923202498154,142.2566382113587,148.5923202498154,27225782
2024-05-10,144.90029907226562,145.99422747757865,141.8008329388697,144.49007765903002,24021566
2024-05-13,144.2165985107422,146.49562191928757,141.07154898896053,145.72076230641514,28720880
2024-05-14,145.26495361328125,146.49561787387856,143.168249353308,144.21659452826734,17592865
2024-05-15,147.49838256835938,148.22767276587737,145.62958078411123,146.40445422710914,17906679
2024-05-16,148.45558166503906,149.86856496718656,146.90583471033483,148.63790074498834,23017120
2024-05-17,149.54949951171875,150.0508873787726,148.27323822194046,148.45557119908963,13305287
2024-05-21,152.1475830078125,153.5149969254743,149.09370027106675,150.41553094279573,26148240
2024-05-22,152.19317626953125,153.33268794257364,149.7318338377706,153.33268794257364,20053145
2024-05-23,153.1047821044922,154.38104349512795,151.96527045752507,152.6945606935949,17423296
2024-05-24,153.87965393066406,155.38380372443433,152.51223996903502,153.05919720765417,17579600
2024-05-27,153.97079467773438,155.383791778127,152.056423624668,154.15312765330998,14367479
2024-05-28,152.2843475341797,154.7912732933444,151.14483582546845,154.1531495184771,12934677
2024-05-29,150.46112060546875,152.14758949647586,149.95973269893258,151.3271466749107,12374782
2024-05-30,147.6351318359375,150.6434454808026,147.08817457054235,150.1420575549826,13980050
2024-05-31,148.0453338623047,149.27601189076887,146.81466974389352,148.95694309522543,34520338
2024-06-03,159.80511474609375,160.80787664056606,153.15036400436927,155.70287285311957,62214295
2024-06-04,140.84364318847656,161.35485336155568,135.829791812835,161.35485336155568,88989411
2024-06-05,145.1737823486328,145.76632283501374,134.73585855047506,144.49007536739904,36919071
2024-06-06,149.13929748535156,153.24153962255195,147.81745277976523,149.5039356668585,35722401
2024-06-07,149.68624877929688,150.0053176079134,147.133739880528,149.2304441155901,33444357
2024-06-10,150.60699462890625,151.69179812710652,149.59510764163173,151.05367433109004,19825323
2024-06-11,152.858642578125,154.0619735453645,149.77741256605455,151.23597911749295,28559865
2024-06-12,153.91610717773438,156.10397779123136,153.61527444675153,154.0619680006449,28047986
2024-06-13,154.01638793945312,155.15589956065367,153.19594513621033,154.97358048327237,17279580
2024-06-14,155.30177307128906,156.8879783851774,154.20784460759768,154.24430286203017,22000973
2024-06-18,154.59982299804688,156.7056383255794,154.06197683154508,156.7056383255794,17723479
2024-06-19,152.01084899902344,155.2470647582248,151.37272527848958,154.9735791894092,18053095
2024-06-20,154.0346221923828,154.71832915699002,151.41830799236968,152.5578196000484,15794096
2024-06-21,151.892333984375,154.5177731654836,151.5641540867364,154.23517651391637,19269862
2024-06-24,151.6006317138672,152.8677681040392,150.15117624288965,151.89233946114527,13445384
2024-06-25,149.84121704101562,152.36637871117594,149.54950929658656,152.22051788393435,14775324
2024-06-26,149.7500762939453,150.63433850267202,149.5039378672752,150.5522830870785,10441389
2024-06-27,149.1210479736328,150.30614282188486,147.84478663318686,149.95972684361251,24654739
2024-06-28,150.98985290527344,151.91057329123362,149.3216062160167,149.41275880004167,15335579
2024-07-01,152.8404083251953,153.1047688840405,150.9807176882971,151.3271336502798,19014104
2024-07-02,153.42384338378906,154.70921579676227,152.24785963232722,153.15035781995698,31012683
2024-07-03,154.3445587158203,154.79125225253577,152.922450522265,154.42660020928238,20184032
2024-07-04,155.12855529785156,156.15867827391332,154.22605706935065,155.06474987909823,26156046
2024-07-05,156.14044189453125,156.74210737904912,154.70922250747967,155.79402590464747,26431264
2024-07-08,155.0373992919922,157.53519985486935,154.7456776411153,156.98824262455608,30322381
2024-07-09,156.4959716796875,157.43492817478995,155.42939043505814,156.14955568380543,28600182
2024-07-10,156.70562744140625,157.2434874806048,152.42106666829474,157.07027949425728,34673112
2024-07-11,159.02113342285156,160.26092266549688,157.0247067686602,157.61724726791635,55143055
2024-07-12,158.6412353515625,160.74012309889721,157.75800263554387,160.01834105704614,35355791
2024-07-15,161.16749572753906,161.75633203524805,158.0334165448078,159.07811443624436,32915517
2024-07-16,162.15521240234375,163.63677341512604,160.74012425983838,160.97755428090167,33837471
2024-07-18,161.08201599121094,163.02894496460266,160.17978485473506,161.4524062258306,22673600
2024-07-19,157.16917419433594,162.30714858267996,156.84625836804543,162.30714858267996,26361146
2024-07-22,159.73342895507812,160.50269993195735,155.64013756540686,157.16918753495435,17140562
2024-07-23,157.4825897216797,160.8351004255967,152.58203065890336,160.8351004255967,21714840
2024-07-24,160.30323791503906,160.74011550629865,157.23564626759753,157.48258275066596,16076455
2024-07-25,167.95799255371094,168.63228565752576,158.16636690345757,158.49877470950324,75894556
2024-07-26,167.67308044433594,169.92391236202425,166.7233603789379,169.37307298510402,27261949
2024-07-29,171.32000732421875,172.56413832977532,169.05017687727135,169.05017687727135,42913186
2024-07-30,173.75128173828125,176.619440371504,169.34458124817772,170.94961046508573,75819147
2024-07-31,172.53562927246094,175.55574638377544,171.0255779625922,174.27361859746304,32726809
2024-08-01,170.6931915283203,173.31442830984255,168.9267115418253,172.84906023838622,26184112
2024-08-02,168.37586975097656,170.27530994644468,165.85911728861277,169.05017739666235,27097002
2024-08-05,162.0127410888672,166.0870482497677,158.593757577702,163.3518498475731,37579908
2024-08-06,158.61273193359375,165.63116215174307,157.91944039145145,163.35183994908436,18084781
2024-08-07,163.560791015625,163.8267114749247,160.56917860271417,162.63006940807603,15591095
2024-08-08,161.6708526611328,163.4658231159435,160.6926420926771,163.3423693540894,14932165
2024-08-09,160.58816528320312,164.30157428401725,160.3127528355533,163.4468320063387,14137851
2024-08-12,160.65464782714844,162.40212924868777,159.35352149877772,159.55296908643007,11563339
2024-08-13,155.86805725097656,160.20828503821292,154.81386736656086,159.8473867650465,16620160
2024-08-14,155.5071563720703,157.3116185563525,154.8993361581627,156.7132903253767,14369897
2024-08-16,158.7646942138672,159.0306146604918,156.5613513001806,156.94123351205081,10622879
2024-08-19,161.5283966064453,162.2216882229169,160.80661454625428,161.45241725933383,11457875
2024-08-20,163.57028198242188,164.68145271435438,162.4306208079971,163.34235844248374,15526789
2024-08-21,165.14682006835938,166.058557699022,163.45631952687776,164.30156979761855,15640289
2024-08-22,165.0518341064453,166.66636971616757,164.6814438823322,166.08703993059808,11809546
2024-08-23,164.42503356933594,166.66637342168195,163.98815597887477,164.87140314313714,13815705
2024-08-26,164.7384490966797,165.60268334351815,163.7317336533539,165.25129155624953,8952470
2024-08-27,164.53900146484375,165.84961979347045,163.11442136558102,164.11163033338056,11132430
2024-08-28,165.0138702392578,167.6256005595914,164.52001172104355,164.53901018101533,14449023
2024-08-29,167.948486328125,168.38536391744114,164.45352357990637,165.14681514292997,21375638
2024-08-30,168.07196044921875,169.79095144194505,167.26469260028256,169.0501709532738,22288432
2024-09-02,169.7434539794922,172.0892635724989,168.10993439671236,170.23731244422447,26940504
2024-09-03,167.27420043945312,169.9144210727231,166.7708499620614,169.62001016989905,11874065
2024-09-04,168.1289520263672,170.66470301293722,167.25521125317886,168.10046158203554,23923887
2024-09-05,172.22222900390625,174.74848779456724,168.96469621456268,169.6674797713006,46162315
2024-09-06,167.758544921875,172.1747372490107,165.9160857515866,171.98479614200292,31875186
2024-09-09,166.52391052246094,168.29989687485656,164.9188813151308,166.67586920883517,15121584
2024-09-10,166.72335815429688,167.85352733569283,165.77363810157127,167.25519906517076,14875095
2024-09-11,161.2054901123047,168.94570289642627,160.58816337104005,168.09096062892536,29731172
2024-09-12,164.54849243164062,164.96637157682773,161.51889761219022,162.8674983588353,18368650
2024-09-13,164.48202514648438,167.15073628788267,163.77922706103294,164.53900603338448,15061240
2024-09-16,163.180908203125,165.3557607714006,162.96246215466863,165.0613498704825,8492383
2024-09-17,161.936767578125,163.30436682848207,161.4999044513367,162.70605302513476,6417946
2024-09-18,159.9803466796875,162.45911670071953,159.1730932960279,162.02225357346342,10726650
2024-09-19,156.74179077148438,161.39542771427477,154.03509732227718,160.39821876284984,19197503
2024-09-20,158.65074157714844,159.31554273196167,156.703812523241,157.08369475696904,20652037
2024-09-23,161.19598388671875,161.64235348022783,158.6032521458094,159.12560108412623,9393577
2024-09-24,161.3479461669922,162.3546471478361,160.31275474265863,160.66414654008338,10027795
2024-09-25,161.28147888183594,162.3451607864985,160.0278413585587,161.07253929462308,8749024
2024-09-26,162.7440185546875,163.2568609745334,160.132288574346,161.65184635953915,11349547
2024-09-27,170.9591064453125,171.66190452173345,162.8769937785742,162.9719715832397,52095985
2024-09-30,171.09207153320312,173.28593715398895,167.31218956379692,170.67420685891793,33375167
2024-10-01,170.05686950683594,172.22223005733946,168.35687699690422,170.9496086707691,17390545
2024-10-03,162.71554565429688,167.3406778807491,162.145707800529,164.5105160546135,25392543
2024-10-04,160.17027282714844,161.91776864755266,157.2736384091293,160.97754062692317,25223563
2024-10-07,154.5574493408203,162.20268430769667,153.94962907595067,162.20268430769667,19798152
2024-10-08,155.98204040527344,156.703822491904,152.67700389696168,153.90215098809185,14948163
2024-10-09,156.45689392089844,160.73063435532654,156.19097345319364,159.35352862208126,20278252
2024-10-10,156.12448120117188,158.79319227022023,155.76358293848384,156.86526169394764,10145184
2024-10-11,154.9468231201172,156.45688904010723,154.42448867657794,156.12448122005662,8750905
2024-10-14,157.1501922607422,157.66303475853184,154.66193013860047,155.89655472368867,14345120
2024-10-15,159.4864959716797,161.12001576993617,158.12840312899235,159.55298333736164,22551022
2024-10-16,159.92335510253906,163.01943718008968,159.1825746392504,159.79039487814308,21433632
2024-10-17,156.02000427246094,160.122801729181,155.75408382525623,159.55296391855515,13215492
2024-10-18,157.0362091064453,157.6250308740519,153.60771929818574,155.08928019189085,11701011
2024-10-21,152.0691680908203,158.29932923142655,151.71777631350236,156.7987843215716,20627025
2024-10-22,147.50100708007812,152.6579940827968,147.0736359894074,151.95519608394093,15190259
2024-10-23,145.2501983642578,147.71946199648818,142.60047109788658,147.11164169561528,16503290
2024-10-24,145.5635986328125,146.5797915682262,144.85130858302207,145.25018927191533,8648491
2024-10-25,138.95355224609375,146.20941358205263,138.13679234085006,145.78204241465778,20505003
2024-10-28,139.62783813476562,142.2015712135309,137.70939968156023,141.128397470285,21349891
2024-10-29,136.8736572265625,137.8043933656518,133.49265596323224,133.92002711320083,35275184
2024-10-30,136.18984985351562,138.1272868776298,135.09767758879627,136.37980545744765,17388536
2024-10-31,135.44908142089844,137.1395821069206,134.48037731424253,136.18986196908438,18657930
2024-11-01,137.6999053955078,138.1842573693192,135.80995741451989,137.0445962893309,4076745
2024-11-04,131.94459533691406,137.31052214137412,129.5038224227202,137.31052214137412,46651179
2024-11-05,133.7205810546875,134.00549995759752,130.74795276944633,131.05187013030434,18594095
2024-11-06,137.33901977539062,137.842370252699,134.2619215344673,134.4898595680247,18107864
2024-11-07,136.90213012695312,138.41219591764835,135.92391970111598,137.38649659421603,14637973
2024-11-08,133.28370666503906,137.13007571754602,132.96080533007324,136.57923635647495,15316464
2024-11-11,132.41946411132812,133.62561267342,130.74796198354684,131.82115031378768,17669364
2024-11-12,131.8116455078125,134.82227095924608,131.536233056768,132.58093095709938,10561738
2024-11-13,129.15243530273438,132.29600636141765,128.6870672595142,131.2893054232798,12503679
2024-11-14,127.9842758178711,129.95969537039917,127.02506373115,128.68707391080991,17425507
2024-11-18,127.39544677734375,128.9909839950857,126.62617585640194,128.33567484270478,12693551
2024-11-19,126.4267349243164,129.80773615764227,125.98036531852104,128.07925311331914,12696762
2024-11-21,124.1379165649414,126.69265137700127,122.9887489054379,126.42673091707253,15787410
2024-11-22,125.94237518310547,126.40774322003944,124.15689686919647,124.87869337477386,12070416
2024-11-25,129.54180908203125,131.02338453362762,128.38314946118032,128.9434953045333,22201129
2024-11-26,130.0736541748047,130.82392657889076,129.29487683921306,130.39655548838215,9265539
2024-11-27,132.01107788085938,132.72336786942518,128.44962793803043,131.19431811430752,18242345
2024-11-28,130.82394409179688,134.00551223113268,130.34908404064697,132.20103534181584,17331637
2024-11-29,131.65969848632812,132.25801227863127,129.98818188159987,130.11165012851592,14012364
2024-12-02,130.7289581298828,131.67867817293777,129.99768413066653,131.2703055103815,16069119
2024-12-03,132.49545288085938,132.72339093377866,130.9854013206652,131.06138067163832,13089770
2024-12-04,132.82785034179688,134.00550845240903,132.1535427118837,132.4954425187338,12745610
2024-12-05,132.42897033691406,133.33120151502803,131.1183519885849,133.33120151502803,14056789
2024-12-06,134.822265625,136.3228105619926,133.24572685290426,133.5781201778014,20687458
2024-12-09,135.1736602783203,135.9524232057239,134.20494174228227,134.82226848718756,16119047
2024-12-10,136.32281494140625,137.17757171483967,134.79376502133974,134.955230188754,13694082
2024-12-11,135.99041748046875,137.17756755346457,135.75298746586958,136.27533639630335,9714837
2024-12-12,134.36639404296875,135.9904217703521,133.78706420940844,135.09768256864487,14929334
2024-12-13,136.9876251220703,137.80438494409609,133.79656517689733,137.46248514669978,36825429
2024-12-16,135.96192932128906,137.66192187807317,135.0501916736229,137.06360808550872,12428446
2024-12-17,133.2647247314453,135.9999086285506,132.96080735866806,135.80996751635382,11896291
2024-12-18,129.8362274169922,133.61610895471287,129.4753291801303,132.15353204122417,12013629
2024-12-19,132.59991455078125,133.2457317486847,126.82561465491197,127.26249227333889,18879012
2024-12-20,130.1876220703125,134.5278350257496,129.73176051839016,132.6568854271711,19545043
2024-12-23,130.8524169921875,132.77085539927054,130.36806502191988,131.13733588299417,12517478
2024-12-24,131.3177947998047,132.44796397304,130.50103498069512,130.97589500362912,7802858
2024-12-26,130.91891479492188,132.59990885084412,130.21611674038593,131.34628591945165,8620779
2024-12-27,129.3993682861328,131.81165105073174,129.25691606263297,131.10886742602693,6146307
2024-12-30,127.8418197631836,129.95019948715895,127.35746774232697,129.39936010515314,29229520
2024-12-31,129.5513153076172,130.33958468694522,127.47142608252892,127.75634499542475,8243910
2025-01-01,130.14962768554688,130.45354505379103,128.87700631207437,128.9719841125451,4144374
2025-01-02,131.0233917236328,131.26082174926947,128.82952611382387,129.55132266636974,10625223
2025-01-03,131.1943359375,132.79936524843586,130.23512383955358,130.7954552287031,14567050
2025-01-06,126.19881439208984,131.51723837795817,125.41054495219375,131.19433701460187,19711596
2025-01-07,127.57588958740234,129.427840692693,126.50270134800796,126.77812826382747,13658286
2025-01-08,127.83232879638672,128.687071073305,126.39824219837661,127.40494316634918,14259056
2025-01-09,125.55298614501953,128.02226404083876,125.36304503570521,127.87030535675622,9734279
2025-01-10,123.72953033447266,126.31277010036273,123.22617985354935,125.552991141293,12948066
2025-01-13,115.8563461303711,121.93455586068985,115.0680840007076,121.59265606521144,30291583
2025-01-14,120.26305389404297,120.80439406228957,116.54965206345746,116.8155725326608,17430438
2025-01-15,120.56695556640625,122.39041629494166,119.87366399837452,121.81108649382539,11472116
2025-01-16,120.70941925048828,121.82059723737127,120.18707756031574,121.51667985951062,11843193
2025-01-17,121.63066101074219,122.029541716533,119.94965236438327,120.6144535407013,24617689
2025-01-20,123.93846893310547,124.58427162369591,120.4339995618617,122.37143661678944,8234561
2025-01-21,124.48931121826172,126.93959079106655,124.08092404367166,125.0781330371448,20272605
2025-01-22,123.95746612548828,125.9328855866744,121.98204666430216,125.5529888682282,9202153
2025-01-23,123.30216217041016,124.11892203506923,122.36193405559769,123.84349509112377,7058477
2025-01-24,121.81108856201172,126.07533680929022,121.46919600967169,124.40383473598068,12630632
2025-01-27,117.9267349243164,121.53567395310276,116.34070420596724,121.53567395310276,18934026
2025-01-28,116.41668701171875,119.5222684282528,115.71388894843133,117.9267384332639,19861475
2025-01-29,117.42339324951172,118.13568332854666,116.7206024003516,116.99602210040649,12017314
2025-01-30,120.7284164428711,122.03902751509389,117.63232702339486,118.14517672447049,17776744
2025-01-31,122.02953338623047,122.37143318093705,119.80718472063774,120.72841432049773,9686000
2025-02-01,119.1138916015625,123.22618131826351,118.34462064955768,122.37143903638672,10535114
2025-02-03,114.87813568115234,117.95522659565235,114.06137586344727,117.8697552696499,26047332
2025-02-04,118.20216369628906,118.4111032792412,116.340713155299,116.53065427846128,14405748
2025-02-05,120.07311248779297,122.02003434458909,119.15188283181222,119.18037327547525,11469878
2025-02-06,119.68372344970703,121.77311201082354,119.01892228004547,121.6116613333042,9804040
2025-02-07,118.81947326660156,120.37701353264687,118.17366335781774,119.69321395325356,8892600
2025-02-10,116.98651885986328,120.2535582290184,116.68260872639227,118.71500910256506,12773729
2025-02-11,114.41277313232422,117.51835444116149,113.96640355905836,116.98651354320496,14532810
2025-02-12,114.36528778076172,115.10606826755244,111.38316737477446,114.62171625436714,14799271
2025-02-13,114.04238891601562,115.86584973015655,113.91892066834235,114.91612965040117,10136689
2025-02-14,111.35467529296875,115.14405624426678,110.1675252365405,114.44126543968217,12351973
2025-02-17,112.49433898925781,112.82674680919554,108.64797706704218,111.35467780766557,12518983
2025-02-18,113.01668548583984,113.25411549736471,110.46193624317975,112.49433656216955,8678689
2025-02-19,113.84294128417969,114.12785294240187,111.97199168745364,112.17143202194579,9158990
2025-02-20,116.61612701416016,116.76807845592023,112.99769590491806,113.81444849023292,9940851
2025-02-21,115.22953796386719,117.48986912456805,114.75467792832413,115.86584867250549,9657933
2025-02-24,114.17534637451172,115.2105377583243,113.39657621785807,114.20383681688615,8764985
2025-02-25,112.68428802490234,114.6407090551418,112.44685800683293,114.1753482485467,7607411
2025-02-27,110.56640625,113.01668571284772,110.25299689516831,112.31389490614336,10709253
2025-02-28,107.78372955322266,110.366969323027,107.24238939894668,110.16752897627157,24161878
2025-03-03,108.7999267578125,109.55020646783098,105.15300523881473,108.93288698533081,18881646
2025-03-04,112.1049575805664,112.4943390402344,106.28317617821627,107.41333813083381,14145658
2025-03-05,116.10327911376953,116.41668847736051,111.82953877829334,112.10495846940762,19577861
2025-03-06,119.51276397705078,120.50047366848783,117.7177937168378,118.33511317970955,19384187
2025-03-07,118.56304931640625,119.94964698619472,117.48036902306714,119.42729805265871,14763396
2025-03-10,115.47645568847656,119.13288362336614,115.0110948997009,117.76528445300144,12727300
2025-03-11,118.54405212402344,118.95243202079264,114.28930326359577,115.09657107394068,18090217
2025-03-12,118.99042510986328,121.37422444767392,117.93623528200152,118.71500542777618,14079943
2025-03-13,119.351318359375,120.11109730669747,118.07869695526725,118.71500765732112,10882226
2025-03-17,117.86975860595703,119.66472896070447,116.95802820717968,119.12338880999951,13126112
2025-03-18,117.86975860595703,117.86975860595703,117.86975860595703,117.86975860595703,0
2025-03-19,121.32673645019531,121.46919590692673,119.00941720834538,119.00941720834538,11273526
2025-03-20,122.71334075927734,124.41333336561208,121.01333366136392,121.9440553037089,13947925
2025-03-21,124.8976821899414,126.74014145916351,122.27645999269723,122.76081201531174,42928510
2025-03-24,126.9490737915039,127.57589248493942,124.7647148393234,126.3127631148021,13965745
2025-03-25,124.44181823730469,127.48091952939751,123.89097886380378,127.26248797335377,12380949
2025-03-26,122.599365234375,126.59769326439195,122.4189160952456,124.31835631079065,16379725
2025-03-27,123.80551147460938,124.36584284956102,122.05802998751687,122.56138047573832,13141045
2025-03-28,121.27925109863281,124.66975873406659,121.08930998129156,123.46361017700316,15396398
2025-04-01,124.64127349853516,124.88819551223732,120.85188501089124,121.56417509936408,12740476
2025-04-02,124.70773315429688,124.88818227623813,121.56416221565384,124.24237962042461,8531198
2025-04-03,124.47030639648438,126.50270670687462,123.34964370278612,123.55858327137017,9909642
2025-04-04,123.59656524658203,127.49991518498086,122.39992321488651,126.22729381120627,21497796
2025-04-07,121.6496353149414,123.09321381996574,116.19824436483057,116.29321491879008,24739154
2025-04-08,124.39432525634766,125.09712329429858,121.75410473684587,122.96974521381456,12634136
2025-04-09,125.00214385986328,125.83790211118952,122.3049424925907,125.36304210322277,14769184
2025-04-11,125.20159912109375,125.93288763587152,124.47031060631598,125.83790983181997,10020795
2025-04-15,126.18929290771484,126.692643352956,125.36304113752227,126.692643352956,10142685
2025-04-16,127.10103607177734,127.40493895225555,125.65745753766659,126.30327470749688,9200167
2025-04-17,127.54740905761719,128.02226909544035,126.21779225676535,126.78763009878446,10404917
2025-04-21,131.70716857910156,132.67588708039605,127.55689662938448,128.37365644585282,20249817
2025-04-22,131.35577392578125,132.41945571312954,130.3015841216852,132.15353526629247,12648948
2025-04-23,130.7289581298828,132.18202863643066,128.94349430321242,131.9635970841698,12689457
2025-04-24,131.4317626953125,132.32450189870005,130.40606325896798,130.72896461163793,8177419
2025-04-25,127.87979888916016,132.4859469266089,126.14182395088352,131.4412490753593,14663542
2025-04-28,129.62730407714844,130.44406395800402,126.93008792937809,127.08204662618354,10943944
2025-04-29,128.95298767089844,131.29879736175107,128.71555765758603,130.39656620947957,15222917
2025-04-30,130.92840576171875,132.86582827394471,129.589297022557,129.63678592304217,39902398
2025-05-02,135.7909698486328,136.84515969278024,131.1658378030202,132.7613605446606,45858781
2025-05-05,141.0904083251953,142.2110855199417,137.47197725294134,137.709407265468,47549493
2025-05-06,136.83566284179688,142.2680625401851,136.40829172917216,141.79320252802933,18018626
2025-05-07,137.2250518798828,137.84236410062942,132.96080374287553,132.96080374287553,19316740
2025-05-08,133.9010467529297,139.02952967389635,132.4859585379572,137.2725416314208,12047287
2025-05-09,132.95130920410156,133.76806899105756,130.69097094661413,131.0613611702583,15348575
2025-05-12,135.19265747070312,137.1870609184717,134.584837206872,136.75968978620546,13526883
2025-05-13,134.5658416748047,135.79097421282617,133.91053249500635,135.1926604112708,9484801
2025-05-14,136.25633239746094,136.67421152481745,134.81275390975048,134.85075082582514,9987794
2025-05-15,137.70941162109375,138.65913170123923,136.35131886244335,136.75969154094827,10181275
2025-05-16,137.4434814453125,139.46638971037532,137.1680545262499,137.70940188963525,14529013
2025-05-19,137.4149932861328,138.48818155598482,136.85466194711776,137.70940417640927,6802870
2025-05-20,134.78427124023438,138.47868175054575,134.28092076005254,137.70941080881798,11330045
2025-05-21,136.18035888671875,136.40829691819226,133.48315739305005,134.48036635482686,8705960
2025-05-22,136.08538818359375,136.9496369616599,134.73678736640315,135.42058700491935,7157328
2025-05-23,136.81666564941406,138.11777745745317,135.80996473298285,136.075885182924,9699995
2025-05-26,136.36080932617188,137.44348962580523,135.71499214325155,136.81667090191797,5996548
2025-05-27,136.19935607910156,136.8736492004597,135.33510735415945,136.3608067488856,4970656
2025-05-28,136.9496307373047,137.18706075401,135.5345571123511,136.180359801832,6390053
2025-05-29,136.4747772216797,137.5479655857462,135.44907776153786,136.99712618169343,7054326
2025-05-30,134.83175659179688,137.1395693562093,134.10997457111839,136.47476821985046,28315951
2025-06-02,136.17086791992188,136.2848296907206,134.34740712925145,134.83175914672418,7051525
2025-06-03,133.94850158691406,136.75967914564626,133.5306369624493,136.66470134960872,7002799
2025-06-04,133.5971221923828,134.29041379458235,132.1060691993034,133.91053155842386,11904779
2025-06-05,132.23902893066406,134.53734978135537,132.03958133790968,133.5876297029749,9478214
2025-06-06,133.7015838623047,133.98650276791165,132.2390214011694,132.2390214011694,5702365
2025-06-09,136.1138916015625,136.27534227947058,133.7490833370952,133.91053401500326,9972191
2025-06-10,135.0406951904297,136.18984832681537,134.86024606366388,135.9524183161399,7906157
2025-06-11,137.8518524169922,139.7987813183247,135.04068932791904,135.2401224129449,28652440
2025-06-12,135.80047607421875,137.49097661519258,134.3853879732916,137.40549079652192,30425949
2025-06-13,133.28370666503906,135.9904145701752,130.12113719927012,132.0110852920013,23705826
2025-06-16,134.71778869628906,135.05018200356253,131.9161030843174,132.96080088792488,15176810
2025-06-17,134.55633544921875,136.25634252628467,134.10047386347787,134.1954516691474,9983651
2025-06-18,133.73959350585938,134.94572761757215,132.48595599851768,133.92953463048053,9045315
2025-06-19,131.6976776123047,134.09097619626988,131.37477627323975,133.68258903909418,5943647
2025-06-20,131.67868041992188,132.16304692475498,130.11164811877225,131.33678061892473,33690253
2025-06-23,132.8848419189453,133.12227195692762,129.54182292651225,130.11166081430156,14001242
2025-06-24,135.6580047607422,137.99432239625818,135.01220210032912,137.13956567964513,25393037
2025-06-25,134.84124755859375,136.75968610183065,134.54683666411032,136.10437695394026,15297425
2025-06-26,138.925048828125,139.5613595275523,134.86974012564846,134.95522594440823,24194161
2025-06-27,139.8177947998047,140.84349425059767,138.6591351141818,138.9250555838416,19189378
2025-06-30,139.5708770751953,141.98315983591195,139.05802008826285,139.85578152173647,10645295
2025-07-01,139.74180603027344,140.7485069534759,138.8395748910775,139.1434777680925,9899904
2025-07-02,140.4730987548828,141.46080124944217,139.62784847391148,140.55857008303562,7881728
2025-07-03,140.4351043701172,141.27086268245125,140.08371257587604,140.54908063462176,8006482
2025-07-04,143.99655151367188,144.34795779174044,140.4256092888271,142.17309072918232,22612766
2025-07-07,146.0194549560547,147.11162719649332,144.17699577486735,144.37644335793075,24354631
2025-07-08,146.0859375,147.17810970444606,145.14570948210516,147.01665904327612,13876094
2025-07-09,142.69544982910156,146.0004718307291,142.54349113000671,145.74405782903312,12440150
2025-07-10,144.6708526611328,144.97475553249137,142.45800327132886,143.17029328768552,14545796
2025-07-11,143.07533264160156,147.2066210283847,142.7049423683546,147.2066210283847,12767735
2025-07-14,142.55299377441406,143.97757393408546,142.09711768938251,143.07532823969723,8021902
2025-07-15,143.78761291503906,144.26247295041446,142.97085307453025,142.9803595498478,4853043
2025-07-16,144.3954315185547,145.0032517771756,143.05633724780952,143.59767014628565,7218210
2025-07-17,143.36973571777344,144.8038076822156,143.0468199083608,144.70882988681595,6727858
2025-07-18,142.51498413085938,143.98705306273973,141.12840101452682,142.9423552422885,9017783
2025-07-21,143.47422790527344,143.59768166868284,141.5747876332232,142.00215879611864,5030900
2025-07-22,144.3384552001953,144.77533281782823,143.07532574168408,143.69265249504411,11381024
2025-07-23,144.68984985351562,144.9272798568909,143.14180159420417,144.3669340353265,7597121
2025-07-24,143.61666870117188,145.06973923434018,143.13231668730847,144.37644764785065,5879844
2025-07-25,139.5708770751953,144.11053815008742,139.20997878747093,143.40774003493448,11646131
2025-07-28,140.14068603515625,141.1663854118666,139.32392622545603,139.57086270914675,6023438
2025-07-29,140.5015869140625,140.7485089107946,139.13398771953203,139.13398771953203,4240012
2025-07-30,141.54627990722656,142.63846673707764,138.89656715623315,140.08371730286763,9331773
2025-07-31,138.29823303222656,139.79879249349216,137.06360852488223,139.18148023982,11960546
2025-08-01,133.9390106201172,138.9345326098421,133.5876188569511,138.02280952390385,8981850
2025-08-04,135.2211456298828,135.71498962294586,132.694886813793,134.59432691763595,8163596
2025-08-05,134.16696166992188,135.80997337407817,132.39097524075666,135.35411178682816,11034758
2025-08-06,135.11666870117188,136.07588068593296,134.58482781886565,135.32560826087465,7574568
2025-08-07,134.54684448242188,135.8099739511669,132.9608136584851,133.920025740053,8365458
2025-08-08,135.74996948242188,137.77782261415518,135.1678037465234,135.82759256754767,9551412
2025-08-11,137.2053680419922,138.69957170604786,135.20662173074945,137.38972101721953,11260944
2025-08-12,138.4084930419922,139.5728245408615,136.67172273782583,136.91428933257527,12858483
2025-08-13,138.19503784179688,139.13619744507508,137.48674750704097,138.4084976366697,4990372
2025-08-14,135.96343994140625,138.90334604785352,135.701463859172,138.7480998654117,11453732
2025-08-18,136.13807678222656,138.35999513833187,135.1095967627572,137.7778293738709,11766741
2025-08-19,137.7875213623047,137.90396339373348,134.67297461701838,136.2253919202008,8913748
2025-08-20,137.23448181152344,138.45701214414717,137.01132468523053,137.78752596017813,5531826
2025-08-21,137.23448181152344,138.65106246288408,137.0792356344978,137.43822946441557,8746473
2025-08-22,135.7887725830078,137.58377125071314,135.30363940850253,137.19565582805518,5874783
2025-08-25,135.79849243164062,136.19629040545166,135.0513831550607,135.7887802923418,8282860
2025-08-26,134.82823181152344,136.244812531424,134.43041901555628,135.3521691779723,10846493
2025-08-28,134.3721923828125,135.76936349304813,133.99378909783607,134.8670228923695,8420916
2025-08-29,132.5577850341797,135.3424595478791,132.40255366883596,134.37219319030473,10577763
2025-09-01,135.41036987304688,135.58502551525564,132.69362112328423,132.92649037786606,6229505
2025-09-02,135.46859741210938,136.47768281394542,134.96406951628248,135.41038379375175,3714758
2025-09-03,136.31272888183594,137.19566003463922,135.36185717098624,135.44919239694306,4902101
2025-09-04,135.5268096923828,137.48675205325523,135.206634794577,136.98220935731865,4768126
2025-09-05,135.49769592285156,136.51647859698906,134.3527886850273,135.30364560518018,4533550
2025-09-08,136.7105255126953,137.6710945481372,135.83729170235895,135.83729170235895,5069174
2025-09-09,136.7493438720703,137.87485640885777,136.32242430259302,136.94339418408094,3636766
2025-09-10,136.9434051513672,137.49646413023424,136.6232154486164,137.05983238687983,4302236
2025-09-11,139.6504364013672,141.06703186524499,136.68142357436494,136.85607922570702,15031791
2025-09-12,138.36968994140625,140.88267632868272,138.1853369591962,140.6692165392911,9001678
2025-09-15,139.7086639404297,139.90271425895966,138.07860869357935,138.49583094325456,8158591
2025-09-16,140.66921997070312,140.82446614951857,139.54372218701727,139.76687931588293,6389632
2025-09-17,141.60067749023438,142.862026741905,140.61100163983556,140.7274288674978,9549049
2025-09-18,142.77468872070312,142.89113075117552,141.18345248508413,141.7074046094857,8002633
2025-09-19,144.08456420898438,145.49144756515832,142.36718849015895,142.61946723608594,14995288
2025-09-22,143.8905029296875,144.66671897212777,142.88141763298827,144.08455323902518,9720233
2025-09-23,143.83229064941406,144.70552445206533,143.1628044916729,143.68674181224569,7296186
2025-09-24,142.406005859375,144.4629659213207,142.15372711624468,143.62853621230846,6288775
2025-09-25,141.8723602294922,143.7255726855735,141.40663648309956,141.67830990225283,8605676
2025-09-26,140.72743225097656,141.8723543025121,139.52431138930064,141.67830398337955,11925305
2025-09-29,144.87046813964844,145.4914380191173,140.72742662853355,140.72742662853355,16918652
2025-09-30,145.33619689941406,146.75279235139286,144.56969296104154,145.578763498342,13201863
2025-10-01,145.24887084960938,147.46107696171677,144.57938469369194,145.92805433927575,7658596
2025-10-03,145.91836547851562,146.35498240400477,144.2203992532097,145.53996216907964,5989839
2025-10-06,150.23605346679688,150.6726704079939,146.0445101041779,146.4908243800358,18473741
2025-10-07,149.78001403808594,151.11898635951002,149.22696990864324,150.15841732825928,11389659
2025-10-08,149.00381469726562,151.63322828940753,148.8194617167285,149.42102213314223,9953844
2025-10-09,150.6338653564453,152.52588196029066,148.77095556149825,149.44044177634146,13999206
2025-10-10,149.5277557373047,152.32212771143926,149.12994295944156,150.8861227774588,7992863
2025-10-13,150.6435546875,151.07047426878142,147.59691880891637,149.13965362401797,11375913
2025-10-14,148.2664031982422,152.11836191226928,148.06265554923866,151.10929139104172,5976061
2025-10-15,149.1202392578125,150.34276954174908,148.28580959589365,148.68362235677014,19147599
2025-10-16,149.100830078125,149.90615293522924,147.57751958836838,149.32398719596915,7119984
2025-10-17,148.36343383789062,150.00318636811426,147.50959469668783,149.17845403353522,7126668
2025-10-20,149.27549743652344,149.76063065561505,148.1693942891982,148.74184793450448,5564426
2025-10-21,149.5471649169922,150.39129194706615,149.12994266649207,149.32399298540568,1188949
2025-10-23,145.65638732910156,149.42102570128225,145.35560711371213,149.42102570128225,13612250
2025-10-24,145.89895629882812,146.79159962531986,144.7152300863935,145.53996246238322,8519673
2025-10-27,150.58534240722656,150.75028591871236,146.63636585555938,146.8013093670452,16809115
2025-10-28,149.92556762695312,152.7975478677187,148.8873754769864,151.7496583836263,22709449
2025-10-29,158.24073791503906,158.8617077964371,150.39128657539024,150.39128657539024,58449093
2025-10-30,158.64825439453125,162.1315220368988,157.32869149283505,158.24074428144584,33405636
2025-10-31,160.96719360351562,161.94717216569836,158.24074732454955,158.6482574454717,25385134
2025-11-03,162.74278259277344,163.68394220522606,160.96719326634496,162.0344922511131,19190570
2025-11-04,164.21759033203125,165.0908241813323,162.1606302749547,163.0047573162851,23469790
2025-11-06,163.36375427246094,164.97440010136575,162.3740931723693,164.9647027668871,19729771
2025-11-07,164.13026428222656,164.5086675779652,161.16125153026326,162.23824780353328,12104934
2025-11-10,164.35342407226562,166.2939568624477,163.4898875728382,164.11085747349287,12402893
2025-11-11,167.312744140625,168.33152684451255,162.3449847987384,163.87799271667166,20113006
2025-11-12,167.17691040039062,169.31149360516827,166.41039162273123,167.5650110539535,16003745
2025-11-13,167.3224334716797,169.2629662224213,166.35216709630885,167.55530273160105,11618468
2025-11-14,166.1581268310547,169.03012199008253,165.3333944400759,167.2739273081758,11051895
2025-11-17,167.97251892089844,169.21445876169287,166.07080501690916,166.07080501690916,13233156
2025-11-18,166.48800659179688,168.82635214892025,164.75123626496435,168.34121895309002,17543851
2025-11-19,164.2952117919922,167.1089784385771,163.82948806399057,166.4103854440295,10315121
2025-11-20,163.68394470214844,165.62447757308104,163.14059786710183,165.04232659485578,9529662
2025-11-21,162.37408447265625,163.59661478055185,161.25826925358064,163.00475169706723,9261908
2025-11-24,160.76344299316406,162.82040303387794,160.1424730862453,162.03448961474066,16397744
2025-11-25,159.2401123046875,160.48205207698373,158.2407391254974,159.99691889077147,9625540
2025-11-26,160.66641235351562,161.06422513749865,158.7064848518691,159.24011953686667,5855993
2025-11-27,158.9393310546875,161.06421676516277,157.71680076329028,160.66640400185858,4631417
2025-11-28,156.9405975341797,158.8326141415797,156.698030922844,158.63856381352937,5937318
2025-12-01,158.1243133544922,159.55060611949722,157.21226058720026,157.21226058720026,10208196
2025-12-02,157.51304626464844,160.2103857140571,156.92118315926936,158.64825619363637,13247668
2025-12-03,159.2304229736328,159.66703990215,156.21289381152945,157.37721055593886,11250522
2025-12-04,157.92054748535156,159.80286659329997,157.19284771506778,159.12368310205304,6382061
2025-12-05,158.79380798339844,158.96844883490076,157.08612958600227,157.87205783303529,6124074
2025-12-08,157.2801971435547,159.5312076042776,156.2128981287134,158.79381043362702,8744916
2025-12-09,158.16311645507812,158.47360880151376,155.56280967658444,157.3772030601616,10272407
2025-12-10,158.22134399414062,161.53965320149945,157.6197687775388,158.3959848342222,12155035
2025-12-11,156.9405975341797,159.12369703620072,155.72776447750132,158.41540667652606,8829634
2025-12-12,158.80349731445312,159.99692082151162,157.24136784379525,157.5227533860443,13492656
2025-12-15,163.5384063720703,163.97502329556704,157.61977534883317,160.25890116853,33661881
2025-12-16,162.7524871826172,164.6639131270696,161.07391569306498,164.46984800786615,26675256
2025-12-17,163.16000366210938,164.36312453970004,162.27705767252294,163.62572739520607,17416464
2025-12-18,161.75,163.8000030517578,161.27999877929688,162.0,10014354
2025-12-19,162.60000610351562,162.89999389648438,160.41000366210938,161.1999969482422,14335462
2025-12-22,163.66000366210938,164.39999389648438,162.1199951171875,162.60000610351562,9224512
2025-12-23,163.27000427246094,165.5,162.66000366210938,163.64999389648438,8439146
2025-12-24,161.1699981689453,163.41000366210938,161.0,163.3000030517578,7879339
2025-12-26,160.3000030517578,161.94000244140625,159.61000061035156,161.10000610351562,7762050
2025-12-29,161.97999572753906,162.8000030517578,159.52999877929688,159.55999755859375,8219066
2025-12-30,161.57000732421875,162.88999938964844,160.97999572753906,162.0,8132881
2025-12-31,166.4600067138672,167.3300018310547,161.42999267578125,161.57000732421875,24383706
2026-01-01,165.8800048828125,168.1999969482422,164.9199981689453,167.0,9679405
2026-01-02,166.7899932861328,167.35000610351562,164.91000366210938,166.6999969482422,9638213
2026-01-05,165.00999450683594,168.7899932861328,163.60000610351562,166.8000030517578,9692902
2026-01-06,164.0,164.88999938964844,161.3000030517578,164.6999969482422,11514726
2026-01-07,162.6699981689453,165.0,162.0,164.10000610351562,10582454
2026-01-08,156.3699951171875,162.6999969482422,155.8000030517578,162.6699981689453,13567688
2026-01-09,157.61000061035156,158.4199981689453,155.11000061035156,155.1999969482422,10896400
2026-01-12,158.24000549316406,158.61000061035156,154.77000427246094,157.0,6011542
2026-01-13,157.39999389648438,159.39999389648438,155.75,158.6999969482422,7763679
2026-01-14,159.16000366210938,159.58999633789062,156.08999633789062,157.0,10309941
2026-01-15,159.16000366210938,159.16000366210938,159.16000366210938,159.16000366210938,0
2026-01-16,161.32000732421875,162.14999389648438,159.85000610351562,160.0,15011308
2026-01-19,160.89999389648438,162.25,159.33999633789062,161.0,8651736
2026-01-20,158.42999267578125,161.35000610351562,158.0,160.89999389648438,10243937
2026-01-21,158.82000732421875,160.44000244140625,156.61000061035156,158.42999267578125,11797545
2026-01-22,159.0500030517578,161.9499969482422,158.05999755859375,159.8000030517578,8809678
2026-01-23,156.02999877929688,160.39999389648438,155.61000061035156,159.08999633789062,9542103
2026-01-27,158.89999389648438,159.89999389648438,155.63999938964844,156.6999969482422,11148012
2026-01-28,162.85000610351562,164.0,158.5399932861328,159.0,15795631
2026-01-29,163.08999633789062,164.64999389648438,161.77000427246094,162.72000122070312,16100725
2026-01-30,163.24000549316406,163.82000732421875,160.8300018310547,163.0,11627532
2026-02-02,164.61000061035156,165.39999389648438,159.0500030517578,160.5,14590517
2026-02-03,167.5800018310547,168.69000244140625,164.39999389648438,168.5,14585846
2026-02-04,172.77999877929688,173.6999969482422,166.32000732421875,167.0,28164545
2026-02-05,175.77000427246094,177.89999389648438,172.4199981689453,174.24000549316406,34830200
2026-02-06,175.1999969482422,180.89999389648438,173.27999877929688,176.99000549316406,34240417
2026-02-09,176.16000366210938,177.2899932861328,175.0,175.9499969482422,12380924
2026-02-10,178.2100067138672,178.89999389648438,175.1999969482422,176.7899932861328,21506950
2026-02-11,181.30999755859375,181.60000610351562,176.82000732421875,178.0,25578553
2026-02-12,178.11000061035156,182.25,175.3000030517578,182.25,24014261
2026-02-13,176.77000427246094,177.89999389648438,176.0399932861328,177.27999877929688,9835632
2026-02-16,175.14999389648438,175.89999389648438,173.4499969482422,175.89999389648438,6184219
2026-02-17,175.80999755859375,176.14999389648438,172.1699981689453,174.9499969482422,5249228
2026-02-18,178.74000549316406,179.0,175.86000061035156,175.86000061035156,8191312
2026-02-19,174.3000030517578,177.99000549316406,173.38999938964844,177.7100067138672,13677449
2026-02-20,173.7899932861328,174.44000244140625,172.3000030517578,173.60000610351562,8935995
2026-02-23,176.4600067138672,177.3000030517578,173.6699981689453,174.88999938964844,11422407
2026-02-24,180.19000244140625,181.0,176.50999450683594,176.99000549316406,22691029
2026-02-25,183.02999877929688,183.8000030517578,180.50999450683594,181.0,24353791
2026-02-26,186.47000122070312,186.8000030517578,182.42999267578125,183.5,17206460
2026-02-27,187.47000122070312,188.9600067138672,185.77000427246094,187.11000061035156,24422609
2026-03-02,179.11000061035156,182.39999389648438,176.85000610351562,181.30999755859375,31464579
2026-03-04,170.44000244140625,176.1699981689453,169.2100067138672,175.0,27718538
2026-03-05,171.5399932861328,175.4199981689453,169.27999877929688,171.0,32355154
2026-03-06,168.67999267578125,172.94000244140625,168.0500030517578,172.05999755859375,20965857
