Date,Close,High,Low,Open,Volume
2021-03-08,796.662841796875,798.9106667206547,785.0597072270305,790.6402890796211,1836840
2021-03-09,799.4212036132812,801.2719530283701,787.5652008358715,799.392869927736,1854340
2021-03-10,800.3974609375,803.6380037726806,793.4743466661438,801.2601668885284,1275760
2021-03-12,790.5173950195312,804.103599361182,787.092481395217,802.5506710104563,1698280
2021-03-15,795.7457885742188,797.9581242917601,786.147016835471,797.9581242917601,1379660
2021-03-16,791.4392700195312,804.5835047818065,789.2198362122361,795.8380319037434,1689400
2021-03-17,777.9096069335938,793.7105685227976,772.4401675965657,793.7105685227976,3143460
2021-03-18,765.8788452148438,785.9083385762265,764.8742976977808,778.4841622890177,1927300
2021-03-19,777.6780395507812,784.4924349068633,759.6742048179146,765.8196713161304,3988320
2021-03-22,784.1639404296875,788.2742868074023,772.9578813276196,777.6851634074242,2175720
2021-03-23,788.5745239257812,791.8197986632188,780.3041457100766,783.5470544980806,2007160
2021-03-24,777.5481567382812,792.7557871425521,776.1843311623654,784.7288709366671,1511100
2021-03-25,764.4063110351562,783.9961419876906,761.8488350486789,776.4561494936114,2174080
2021-03-26,783.3934326171875,785.601036533441,768.372481472147,770.4997585206822,2531560
2021-03-30,811.43798828125,815.6239874294191,785.2015721148595,785.2015721148595,2978040
2021-03-31,811.447509765625,817.772616096616,801.3476752605868,817.772616096616,2206620
2021-04-01,807.5687866210938,812.5513611747268,802.1064436430315,811.4475591032234,1663520
2021-04-05,797.9913330078125,810.7289706575825,790.5860263055084,810.7289706575825,1631140
2021-04-06,807.500244140625,809.3107725831359,794.1834684227034,799.3834792278521,1283860
2021-04-07,823.0127563476562,844.5738841442785,804.8198172133807,808.3652789632193,3569300
2021-04-08,836.2515258789062,839.5180941797668,819.0891594161205,823.7313253490038,2360120
2021-04-09,831.6424560546875,843.7726793136526,827.2744515669011,832.5264555889755,1478880
2021-04-12,827.3548583984375,832.947213067257,819.7628146712179,821.3724682825938,1150640
2021-04-13,811.6199951171875,831.9993017693631,805.533619280893,831.3870979498921,2210540
2021-04-15,797.7596435546875,822.547177727246,793.0016612858938,819.0017157542837,2366280
2021-04-16,815.5554809570312,819.4744165926079,797.1522026073391,802.1725742847972,1883800
2021-04-19,807.8901977539062,814.9834873169003,801.2743683307111,813.1422015856093,1018760
2021-04-20,808.1596069335938,823.4925747367537,798.4403445546559,823.4925747367537,2073740
2021-04-22,793.7320556640625,812.6198928412808,782.4243747172338,812.6198928412808,4088620
2021-04-23,785.9437866210938,794.1503998789309,784.9652645275365,793.4743730861006,1372000
2021-04-26,797.5209350585938,798.6743642693017,787.7377917822199,794.1385506401209,3047240
2021-04-27,793.1907958984375,800.3289814153245,791.819872339438,798.8635352823619,893020
2021-04-28,786.3267211914062,795.6536403593781,785.2488869286585,793.0016417935202,1737520
2021-04-29,784.3660888671875,794.4448030028838,783.2942852034661,792.7527654212723,1604140
2021-04-30,775.1785888671875,787.534008662248,772.6000634480438,784.244912143508,1955660
2021-05-03,784.565673828125,787.8071935685176,773.4388870910473,777.590624692638,1280960
2021-05-04,786.4597778320312,789.9484629813039,778.5412649599133,784.7320579901074,2115920
2021-05-05,786.5857543945312,789.4731782412022,782.222475538662,787.146575816826,706440
2021-05-06,794.5873413085938,797.0683927863632,785.4354396915292,785.4354396915292,1406380
2021-05-07,796.6668701171875,798.4136206058845,792.0873505505613,797.9596720300668,753320
2021-05-10,797.900146484375,800.8802859711598,792.3248882575213,799.9296862251999,953160
2021-05-11,801.835693359375,805.5858165534422,794.2427890190334,796.0798185010563,1201260
2021-05-12,794.6017456054688,801.2321568971277,789.948540390195,797.0899339553067,1211520
2021-05-14,818.6638793945312,820.3678113517029,789.235660920917,794.55899778657,1931640
2021-05-17,809.8136596679688,822.2688733625369,808.0384214037753,818.4664739481436,1214060
2021-05-18,816.59375,819.8424061544449,810.0060425223605,813.7229201221257,1108780
2021-05-19,829.367431640625,830.1112481101134,816.8978881157034,816.8978881157034,1768740
2021-05-20,821.5726928710938,831.7583392698589,818.5616279500056,829.873791035821,985060
2021-05-21,831.636962890625,834.1513179081577,821.3301148109781,826.3255213621028,1345200
2021-05-24,825.1349487304688,835.9599162051638,822.3045005236783,827.024254342098,1144120
2021-05-25,832.5400390625,844.075576755007,828.0698296416325,831.6322000207806,1439040
2021-05-26,833.73779296875,837.3524393255973,825.5008668155793,832.5400279705036,916060
2021-05-27,843.50048828125,850.7868148080178,828.6996425405689,834.1513184290901,2393260
2021-05-28,832.2216796875,846.7160075898413,831.7749255770826,844.6080244288434,1063240
2021-05-31,841.0693359375,843.4315625040824,827.74666588121,832.2026024217987,1140460
2021-06-01,844.0613403320312,846.5091464921445,830.7838674102079,836.4803299147964,1155020
2021-06-02,839.07080078125,846.6613274709374,832.2550153730157,832.5449413958886,1485240
2021-06-03,846.00537109375,848.6456878633453,834.6267180604594,838.904417640496,1007980
2021-06-04,828.2957153320312,841.5850829334255,826.0712861099038,840.8554812884099,4036440
2021-06-07,833.3219604492188,836.0525561586237,824.8117014885892,830.5651977155071,988720
2021-06-08,830.9478759765625,837.143426926873,827.1834795725741,833.2031718662595,948940
2021-06-09,834.4912109375,837.7446830948194,828.9230884325373,829.8736883045929,837560
2021-06-10,834.4412231445312,840.0925457328234,831.2994978708391,832.9630474663497,841060
2021-06-11,833.5050048828125,836.9556871349278,825.3583568399407,836.9556871349278,979940
2021-06-14,835.4584350585938,837.9537596406205,827.8583939732215,829.9402099453127,730460
2021-06-15,840.5584716796875,841.756236873065,832.2977559783934,838.7143054971887,943920
2021-06-16,853.8859252929688,858.7957531758186,837.1482528224534,838.9139759941535,2339240
2021-06-17,858.346435546875,864.5372280289549,850.786777102623,851.4997269158374,1515740
2021-06-18,839.8858032226562,860.2429353943113,836.5278372256697,858.3441145845908,2953400
2021-06-21,838.8639526367188,841.7585128202862,832.3927490544858,838.020283699092,803600
2021-06-22,828.7590942382812,843.5599406792271,827.4971590284586,839.8549569231972,1410640
2021-06-23,827.7252807617188,834.6266447612834,825.5959464409733,831.7724664713534,741680
2021-06-24,837.4664916992188,839.854885192349,823.3334567763932,827.737117112482,1300900
2021-06-25,832.0933837890625,838.9044111807359,828.6854622626703,835.1139056860607,780000
2021-06-28,832.0671997070312,837.4784941647878,829.564738560874,832.109960456022,809000
2021-06-29,836.4922485351562,843.6573717378268,831.2829218735227,836.0525728939929,1421920
2021-06-30,838.0963745117188,843.4197104227538,835.3396117599267,838.4290612486546,1031340
2021-07-01,838.7237548828125,842.4691206284662,835.0781835554279,837.9537713218538,534000
2021-07-02,836.6228637695312,840.3302262108173,831.1093965137785,840.2827078246485,614460
2021-07-05,838.4932861328125,841.8512524467678,832.8823446661651,836.7703238054364,686440
2021-07-06,830.3536987304688,838.3268663085867,827.8298283638718,838.2175566127092,1251020
2021-07-07,842.0866088867188,846.034000919819,825.1326950010988,827.0220008991489,1090380
2021-07-08,837.42626953125,841.2738088563624,833.585866668076,837.288413973804,597360
2021-07-09,838.2388305664062,840.3301615770466,834.1512633301566,834.3912920828551,538820
2021-07-12,838.4955444335938,843.9115958956944,835.1779605260338,843.9092170754739,666020
2021-07-13,840.8958129882812,842.8493466598776,836.5801107282766,842.7067334800503,500080
2021-07-14,833.661865234375,840.8959167729503,832.7255382286362,840.8959167729503,1017220
2021-07-15,837.56640625,839.2750955149023,829.3983493836859,832.9630987363378,556780
2021-07-16,839.1039428710938,841.9937452812726,833.5785817145063,839.1419459746468,733700
2021-07-19,843.7738037109375,848.1727067889989,834.1513591564544,834.1513591564544,1028040
2021-07-20,848.7002563476562,851.1195166183415,841.3283501800006,843.6549524980206,891880
2021-07-22,855.2926635742188,857.7476061493952,841.2808316611652,848.7002562141488,2266340
2021-07-23,862.3818359375,866.1866142427843,849.9432157356246,852.2294362754697,1504620
2021-07-26,860.3570556640625,864.4636540800484,856.0531892079185,858.9549440586327,1069900
2021-07-27,866.2863159179688,876.8807689146674,854.2327178039975,856.1101291406195,2783140
2021-07-28,856.6116943359375,871.4149202271175,850.8344096495365,871.4149202271175,1752740
2021-07-29,851.4879760742188,865.0459189072486,845.0833207786198,853.16342002116,2710720
2021-07-30,841.4067993164062,853.4461251091222,839.144367110794,851.4878918072907,1667400
2021-08-02,841.9773559570312,850.8250614217832,840.0928075734843,845.8344110797625,639480
2021-08-03,869.043212890625,873.6013232445396,839.0945578803413,839.8645414918891,1262560
2021-08-04,858.2657470703125,872.1730282297842,856.3526531701913,869.5184965790899,816440
2021-08-05,865.461669921875,869.0430707671119,855.6348216843489,862.6692831238845,759280
2021-08-06,856.5213623046875,865.426157777478,854.5892958896708,865.0458946157958,767480
2021-08-09,865.1552734375,866.7095136555279,856.521430733144,858.867063984392,612720
2021-08-10,868.52978515625,873.1592017526649,859.5846661573895,865.5211575386652,1229340
2021-08-11,863.5154418945312,870.5118431106448,856.7447965466934,870.5118431106448,699700
2021-08-12,861.9017333984375,867.3249216263357,859.3422387371468,864.1332409508676,489880
2021-08-13,868.3515625,869.3259505642508,861.7995947410627,865.0315994522151,822460
2021-08-16,869.5731201171875,879.2573562363748,863.9598000679451,868.35156680015,899420
2021-08-17,890.3579711914062,893.4426630903032,869.8654193856169,872.1753700791198,1504020
2021-08-18,898.8396606445312,901.5964233687115,891.1897224119435,891.2348619792166,799760
2021-08-20,930.221435546875,933.5413988098267,881.9309711457364,881.9309711457364,2862140
2021-08-23,951.6004028320312,955.1152552666127,929.5750192622309,936.340907128752,2974840
2021-08-24,940.1360473632812,960.0582608487857,934.6772350808795,955.3527803267572,1661680
2021-08-25,946.3150024414062,966.0470855447121,940.4284083019106,940.4284083019106,2003180
2021-08-26,953.1046752929688,956.2891615337002,941.3576540720799,949.4092068286807,1264080
2021-08-27,948.5726318359375,955.352791820888,945.6566623297493,955.352791820888,702080
2021-08-30,938.3489990234375,956.422290587479,935.5922942228676,952.9763660717581,2679160
2021-08-31,925.3019409179688,942.9925886305246,919.7052731941428,938.4796185642558,4547400
2021-09-01,942.3701171875,945.3716085475352,929.3112045347651,938.5653387347622,2096860
2021-09-02,962.03564453125,964.383598434362,939.2402194783742,944.6111321207355,1571540
2021-09-03,963.273681640625,966.902600985727,955.4026875185943,962.482288747919,939560
2021-09-06,961.2085571289062,967.1403491662669,958.2046870119204,962.9648229130246,681380
2021-09-07,968.1122436523438,969.2648691568523,958.4969356331557,958.4969356331557,683060
2021-09-08,942.97607421875,975.7908014717646,940.3809550471924,964.8589025755879,3447460
2021-09-09,972.3304443359375,975.5529914065296,943.0139805981728,946.3220491548846,2207220
2021-09-13,972.0952758789062,974.364844620989,961.5317466674442,964.8588461368817,750060
2021-09-14,961.5531616210938,979.5527675342141,959.1552526023839,971.9883506302651,1183700
2021-09-15,956.265380859375,968.1858812792336,954.7776898746553,968.1787448184435,752120
2021-09-16,951.9237060546875,962.088000975359,949.1740793688476,955.6405264450905,1025300
2021-09-17,958.950927734375,964.811413453224,955.3553113379656,957.9670823326788,1902580
2021-09-20,965.9330444335938,968.9464297568259,955.4003816950268,956.5411131358121,1830260
2021-09-21,959.609130859375,966.2847391352428,950.7020149838118,960.105840163891,2168220
2021-09-22,947.0446166992188,958.8629447034128,941.5739099159288,958.8629447034128,2150460
2021-09-23,942.9475708007812,956.351006017772,942.044489302896,950.5998882975741,1074480
2021-09-24,944.1477661132812,949.6493400580134,941.0939405980313,947.1302270090123,837880
2021-09-27,933.59375,945.8469978975681,931.6402739667445,945.8469978975681,919480
2021-09-28,928.9619140625,937.2273876526873,924.8886187747394,935.865657855611,1153720
2021-09-29,927.1557006835938,936.3408484893238,923.1108936964883,928.9618055793336,925900
2021-09-30,924.246826171875,931.1101289049939,918.0964152715245,925.8033869344297,887460
2021-10-01,929.2088623046875,933.7242110467264,915.049660682988,924.2205925152037,797380
2021-10-04,926.4998168945312,933.9643815607167,920.2780989091149,929.209003342962,655920
2021-10-05,921.8703002929688,930.9722467370447,919.4604973683132,926.8347820969882,546560
2021-10-06,910.5391845703125,932.7404836424494,906.7772250969093,924.2159515912102,1452160
2021-10-07,905.2396240234375,917.5285530028121,900.9477095578144,912.6139097312798,953900
2021-10-08,902.42578125,911.6228226430347,900.1015577937745,905.6839527572217,1744920
2021-10-11,907.09326171875,912.3620008793129,903.1958255133998,904.0679823157164,776040
2021-10-12,922.8280029296875,924.4583071183447,901.6462906987106,906.344634860036,1444980
2021-10-13,918.310302734375,931.8278624919357,913.8139841033626,926.8348345623775,1078500
2021-10-14,918.5361938476562,923.4484003174899,913.7641637317761,921.7967445774262,843800
2021-10-18,923.9093627929688,931.5878469563322,913.5264499235053,931.5878469563322,1126060
2021-10-19,920.582275390625,937.8641738153399,916.5707718467412,925.6466100497433,1186040
2021-10-20,916.2666015625,960.1058848418759,905.4678007825469,917.3288899726834,4355380
2021-10-21,914.1514282226562,935.390232775291,905.7648099587932,924.9336346446729,1519240
2021-10-22,903.3882446289062,923.8879307927616,895.9402746153266,923.8879307927616,910300
2021-10-25,888.6326293945312,903.1150043004575,884.2646508984063,903.0698647320235,1082920
2021-10-26,918.8182983398438,921.8017183192744,891.1522986362261,893.110157054591,2133160
2021-10-27,908.6343383789062,928.49516506592,904.1855309434844,917.8475824394064,1057640
2021-10-28,908.0033569335938,914.0801533302413,901.410161242694,908.8926399406598,629000
2021-10-29,908.4217529296875,917.9768329082001,896.8513849135367,908.414574232073,985500
2021-11-01,905.5267944335938,913.143159493856,895.790028764864,913.143159493856,851420
2021-11-02,897.6067504882812,910.042471315814,891.180882954785,903.6811536909657,698980
2021-11-03,895.8473510742188,903.0573314013807,887.4253964928,901.720984753027,889580
2021-11-04,903.1194458007812,905.976158746164,899.4211911069874,903.6333938302221,138100
2021-11-08,910.769287109375,913.0020371168185,893.1149440062912,905.9761933630008,866240
2021-11-09,905.5816650390625,910.5660153521512,898.9024418530657,909.2248829917327,872960
2021-11-10,906.16259765625,910.451256270878,898.8522328943511,905.9235412113313,761180
2021-11-11,901.4341430664062,906.0240155887944,892.6392462524024,906.0240155887944,839120
2021-11-12,915.2252197265625,920.8072111416085,901.761544212011,906.0239393629242,1330240
2021-11-15,931.2012939453125,932.2722620650405,911.7540303390684,917.9766761133073,1016660
2021-11-16,930.508056640625,937.053452366956,923.761890855724,929.936737424537,922400
2021-11-17,931.2229614257812,935.427985828047,925.7701275921503,927.730379012696,1085520
2021-11-18,927.802001953125,931.7846613585796,921.8040546731362,927.5390165154578,832140
2021-11-22,908.1922607421875,935.4685683780343,900.4061753361337,928.1845248937904,882760
2021-11-23,917.0947265625,920.1952819278988,903.858142004364,908.2233154150796,739200
2021-11-24,912.5693359375,922.2798375133059,906.0239979718583,917.9768211640992,687100
2021-11-25,916.9273681640625,918.4549132534797,903.9059115140847,912.4785017929547,594900
2021-11-26,919.04052734375,929.1693768119936,907.5777826154244,915.5311951147643,1128820
2021-11-29,908.4337158203125,916.1743361905283,898.8523139674791,910.8051372915147,962140
2021-11-30,915.7081298828125,928.7295277854855,905.3283174404879,908.4336584092857,3395600
2021-12-01,927.433837890625,929.924787376932,916.1551127681121,918.4548637886942,1096240
2021-12-02,932.4730834960938,939.4918062322131,919.2557019954929,927.4338134439167,972000
2021-12-03,923.7786865234375,932.2627977262612,914.9646470657173,927.6442107014519,1508960
2021-12-06,909.203369140625,928.2848705067189,905.0270601410331,927.5389864001355,698540
2021-12-07,924.8736572265625,929.6260718867145,907.2671130041483,919.2199366323738,1408580
2021-12-08,931.3209838867188,933.5131130181819,919.1745107615365,919.1745107615365,671560
2021-12-09,922.0286254882812,934.6627803297533,916.1813149324759,932.3200157968693,810440
2021-12-10,921.3355102539062,923.2359973328585,909.8703724061129,918.9807809081025,788980
2021-12-13,907.5538330078125,925.1244811065266,904.7808133599258,918.942514336517,1089800
2021-12-14,919.8319091796875,923.8552481753816,904.2740957091618,906.172248403791,1381340
2021-12-15,918.1250610351562,922.906190295644,910.8051241229202,915.6364459025001,1298180
2021-12-16,920.7091674804688,923.4918172437772,914.4100650369072,918.2158250470968,808340
2021-12-17,912.22265625,919.5569501041211,908.4145033710387,913.9151945799342,1085560
2021-12-20,902.7369384765625,911.6752336519202,889.2900128785998,908.4145292845913,1426200
2021-12-21,918.9569091796875,922.0861207112704,903.6357605152881,907.7929264393243,693560
2021-12-22,917.5274658203125,924.6680523794316,909.0026745694345,919.4112028288384,732240
2021-12-23,918.385498046875,922.755456732154,915.8252129369474,922.5187931933386,951380
2021-12-24,919.1337890625,929.166980903352,916.5949816406834,918.3855120520377,684400
2021-12-27,922.8702392578125,927.5390186931403,913.1693099169482,917.3073910410635,531760
2021-12-28,925.3875732421875,930.816536207927,919.6502180993788,925.1485167779038,420980
2021-12-29,927.5222778320312,929.977392248228,920.4414561157699,925.3875200703893,585380
2021-12-30,927.8522338867188,936.3841448552213,923.8671230495639,927.06094300448,797360
2021-12-31,942.1549682617188,947.3783753533085,925.1580886638706,926.3437993889453,797740
2022-01-03,940.8281860351562,947.3329026390738,938.9205202515395,941.6433475110106,517380
2022-01-04,950.9212036132812,953.7301170550674,938.4424679105357,940.830639642676,700680
2022-01-05,953.1539306640625,957.4211117735038,948.0548961154321,950.2016184335582,648640
2022-01-06,939.3746948242188,953.1538826531629,933.9935319052992,944.2777448524778,614180
2022-01-07,951.5809326171875,954.3133314504078,936.4820901507883,939.5157608035844,979660
2022-01-10,942.2649536132812,954.7389031892754,940.8808073900534,951.5881554299165,412340
2022-01-11,944.84423828125,947.8587656091433,934.7106616725727,934.7106616725727,635760
2022-01-12,942.2218627929688,949.0541148705133,939.9699696903925,949.0541148705133,474220
2022-01-13,942.57080078125,944.2729105990848,937.101217607193,944.2729105990848,707660
2022-01-14,927.546142578125,942.8075263348709,921.3234965977567,942.5708044363689,743800
2022-01-17,924.34521484375,933.0373331274119,913.7263459111397,927.5390347256874,728060
2022-01-18,926.5638427734375,929.9297769405549,917.4032397944803,921.8974552648075,724160
2022-01-19,905.40234375,929.6881086677793,887.956009307644,926.1046549420203,1647660
2022-01-20,895.7015380859375,912.2394475784316,889.5314768717002,898.8522858739262,1581120
2022-01-21,907.1834106445312,911.3907692300548,889.7705174698901,892.1586891182836,1104820
2022-01-24,894.9197998046875,910.3269765881826,889.2900086418169,907.1834075642813,1068740
2022-01-25,898.4100341796875,902.8708651869621,875.5658426493029,888.0062921122976,1157600
2022-01-27,879.0321044921875,898.3741408893924,871.0141418050747,886.8994312665369,1085180
2022-01-28,878.9818725585938,891.6327798775854,876.2972732309519,879.7277567145845,748460
2022-01-31,885.5391845703125,891.1976318882963,881.0664478690478,881.0664478690478,595220
2022-02-01,892.7180786132812,897.80993427397,880.7317556058731,889.2899881320805,535820
2022-02-02,884.5399169921875,901.2428192184976,881.6712395835344,899.8084805141712,1208320
2022-02-03,875.26220703125,888.3170475174137,873.0867699183788,880.6839911562272,687080
2022-02-04,876.4598999023438,879.7277830724163,870.2994101871374,879.7277830724163,898480
2022-02-07,864.0814819335938,880.683940308258,856.3479826194615,876.459831616126,969380
2022-02-08,864.7699584960938,870.8468131486248,860.1251080094321,870.4045353703008,787700
2022-02-09,867.0601196289062,871.9416335635465,861.6287641976347,864.9062187231447,964860
2022-02-10,867.2896728515625,870.7823134711288,861.0813834839654,865.4321994568745,1008440
2022-02-11,851.7677612304688,867.0578034805853,842.434987445708,867.0578034805853,1919600
2022-02-14,844.8374633789062,851.0529311126287,833.3412176252117,847.0248065629173,858340
2022-02-15,869.5487060546875,876.0582086117337,840.113712961813,844.8374708155584,1003400
2022-02-16,871.3034057617188,879.6034388614358,862.2049030928538,868.5876987576971,808200
2022-02-17,866.6275024414062,879.7278086560284,858.6980180163015,879.7278086560284,2276800
2022-02-18,861.0478515625,871.7145195279871,851.5716216314729,860.029468797226,1926560
2022-02-21,865.676025390625,868.2530610280103,852.2362782392227,859.5035712637033,740720
2022-02-22,865.9102172851562,869.8474698119278,848.1554909815266,859.8860067255614,1261740
2022-02-23,857.0962524414062,870.622026251645,852.7143291803513,865.9102331148379,1184960
2022-02-24,848.3992919921875,859.106638658595,839.566168717791,847.6940872076557,2242100
2022-02-25,846.9818725585938,855.5807269184518,841.4787878620831,851.0410468150612,1619780
2022-02-28,843.3505859375,849.573232712811,828.5697060593528,846.2598844345381,3157460
2022-03-02,853.1734619140625,855.315398706986,834.6441912068652,841.4788372051024,1732620
2022-03-03,833.66162109375,854.8659178418118,831.4168482065201,854.8659178418118,1339280
2022-03-04,831.5267944335938,838.8036586106444,813.7959382245805,827.1352995254434,1034100
2022-03-07,829.145751953125,832.2869863563587,814.7043729723783,817.5730503419993,1330840
2022-03-08,825.3807373046875,838.1320311453148,811.118648509998,827.1354329043894,1954480
2022-03-09,819.7532958984375,830.9602344522257,815.9307271685192,830.9602344522257,1422440
2022-03-10,843.8262329101562,845.5546063299932,823.358192174801,827.1352956600305,1329780
2022-03-11,828.4476928710938,842.3416810600844,823.7884852296785,841.4786616391376,1465580
2022-03-14,830.34814453125,835.6193504366685,820.3460609451366,835.6193504366685,773300
2022-03-15,834.8616943359375,839.5663092487471,824.5081447781637,832.8727281955111,1244220
2022-03-16,852.1598510742188,855.1289722927178,835.3111547503607,841.9569366784812,967800
2022-03-17,874.1912231445312,878.5252886356117,850.3692125156888,850.3692125156888,2017800
2022-03-21,854.6961669921875,878.2934204556722,851.6864251965167,877.3371946304618,806700
2022-03-22,833.3148803710938,854.3852884443052,824.9191905299276,847.5506440956013,2804480
2022-03-23,829.2485961914062,839.088138652649,825.2706641839244,838.3709693033733,1185580
2022-03-24,832.3037109375,836.6975402918058,825.222831167804,828.4740220982933,863620
2022-03-25,820.4992065429688,835.6458507211271,816.3778751825859,835.6458507211271,1064340
2022-03-28,806.1007690429688,829.4757165030842,802.7515857328175,824.7447798624837,1602220
2022-03-29,809.0579223632812,812.7896196064744,804.1859794321626,808.010883020425,1675180
2022-03-30,827.0397338867188,829.4087623415771,813.8724856877665,817.9555886096429,1499400
2022-03-31,830.986572265625,833.5325002052208,822.4928892850807,824.7447824495702,1245620
2022-04-01,839.432373046875,841.8468665552548,824.7447586564506,830.9865482924356,623180
2022-04-04,852.0044555664062,854.2205137586462,834.8832028131076,841.9569049189195,795680
2022-04-05,861.71240234375,863.4718834672516,847.1395307250365,852.2840301150975,795640
2022-04-06,870.9663696289062,873.0341846453184,854.0531252248383,859.4079665388608,941160
2022-04-07,869.61083984375,872.5560316127511,859.88603992084,867.7749026724073,749740
2022-04-08,882.252197265625,884.3176193398275,863.9332709217196,867.870523699356,685620
2022-04-11,880.9876098632812,885.477097210404,870.7870893352114,880.5884042491696,753380
2022-04-12,880.578857421875,884.4611321283143,871.2412977730046,873.7657480827254,1098000
2022-04-13,878.8863525390625,886.8517307003192,872.5561416925129,883.3136831654344,546600
2022-04-18,887.44921875,893.4017006591301,874.9465554785444,874.9465554785444,1075460
2022-04-19,858.1458129882812,895.2665098864603,852.5829640775383,886.445349195822,1318840
2022-04-20,875.1952514648438,880.6337858043709,860.1227303369043,870.1129089079631,1763540
2022-04-21,874.606689453125,892.1416308172845,852.8915783512853,867.3058354086055,3706820
2022-04-22,873.876220703125,876.8407149026731,856.7880911418683,866.7819979287829,2174140
2022-04-25,873.2493286132812,881.672073726448,857.6531209441558,860.0506877222573,1690140
2022-04-26,884.8312377929688,891.0029873223884,874.4650071171088,879.2697599034666,1411860
2022-04-27,875.570068359375,887.2311533670901,872.0625755863937,872.1586471753395,1348600
2022-04-28,885.4052734375,890.5511439432423,873.2660607489343,876.3146617467855,1579160
2022-04-29,880.7254638671875,896.8358112886633,877.6263636574752,884.554837108394,1267960
2022-05-02,886.022705078125,887.9181539018406,874.9453237311968,877.7801390914295,831940
2022-05-04,869.071533203125,887.5385668375645,863.4451287823584,878.3615023366932,1217140
2022-05-05,845.8165283203125,883.036523183105,841.1198715203984,879.7573034110957,1266260
2022-05-06,816.5892944335938,845.6219749636848,815.6067014753561,840.822032116657,1799940
2022-05-09,792.9931640625,819.4649327723987,790.3817530356432,816.4931653231852,2302940
2022-05-10,793.77392578125,801.4326726899624,788.0274022257673,799.5107717962214,1343540
2022-05-11,793.3798828125,799.4675248512169,780.0466957056871,793.7739053305513,1235740
2022-05-12,779.3308715820312,792.0394187460753,774.8504632440305,792.0394187460753,1435520
2022-05-13,788.1210327148438,795.7773739782365,783.4099479103065,792.3035479159239,1108780
2022-05-16,779.2754516601562,793.7449562645703,775.2202108519999,792.8800775246465,1049660
2022-05-17,784.2989501953125,787.4989317707001,776.6714056304194,787.4989317707001,1726100
2022-05-18,785.26953125,788.8610720531797,778.9464604674672,784.2989618499671,1920180
2022-05-19,773.288818359375,780.5295537804458,768.7603161612844,776.928394520498,1410040
2022-05-20,810.17724609375,814.8859264407258,780.7745924969026,784.1835499111041,3049540
2022-05-23,816.5340576171875,834.5854864599812,812.5460896903813,819.6883493944566,2063460
2022-05-24,825.7975463867188,830.1794780459292,809.7497209642258,823.9669662979016,1848200
2022-05-25,830.44140625,844.9637588814936,826.5831759345155,830.261228032111,1630020
2022-05-26,848.158935546875,851.8826187365016,832.2528117708234,837.708598853407,2111620
2022-05-27,847.6087036132812,856.5407212673459,840.2165878792993,852.8434903651844,850540
2022-05-30,850.772705078125,864.2260122806659,847.3109019643922,850.4412053034808,1041160
2022-05-31,850.0327758789062,872.427719600644,838.7655963986232,850.6838104396946,7190740
2022-06-01,828.4136962890625,857.5737067484591,825.4611669299553,844.6753646451875,1164940
2022-06-02,835.7289428710938,839.695267932174,817.7711825472296,828.3392320626548,1377980
2022-06-03,825.02392578125,844.0675643696529,822.8426083315555,843.8585881637628,1053720
2022-06-06,816.6588745117188,828.1855286601492,814.554449415698,825.0239642684015,720020
2022-06-07,804.64697265625,816.7861854432512,798.0692954181992,809.6031047699972,1015240
2022-06-08,803.5347290039062,805.276451639463,790.2159702644299,799.0543211331433,1632720
2022-06-09,805.6680297851562,808.3971548480133,792.0658067735623,801.4422877523455,574960
2022-06-10,805.992431640625,810.6818748263535,794.5523463063137,800.5198114423764,896200
2022-06-13,809.8145141601562,815.356812127593,794.7059969950384,801.91312514191,2369280
2022-06-14,810.63134765625,821.6125990623607,805.2764421219395,809.913039572146,1321620
2022-06-15,807.3088989257812,819.9309927992733,800.4717456803922,819.9309927992733,1295060
2022-06-16,810.7538452148438,814.3574091304143,798.3071213740417,814.3574091304143,1615080
2022-06-17,799.6260986328125,809.8386020761837,789.6610469731295,809.5046975953738,2912380
2022-06-20,815.22705078125,817.9105446332645,794.5882598581672,802.3935770686721,978040
2022-06-21,815.4529418945312,826.4173603689311,810.0812032453592,815.8469057595611,1112620
2022-06-22,806.00439453125,814.4054967023847,796.8946031420096,814.4054967023847,1047280
2022-06-23,815.6690673828125,818.9675247415769,802.3935360540046,808.1592381094824,633500
2022-06-24,827.9381103515625,828.8197636214021,813.0625574934558,814.4079115849659,607600
2022-06-27,834.0208129882812,836.3727483987559,825.5861039763021,833.624444422097,1276840
2022-06-28,836.2142333984375,840.8243788276015,819.2582449631611,831.2220890738238,1044480
2022-06-29,840.7860107421875,842.0328298717662,828.9302611319335,833.6245134536459,1939440
2022-06-30,839.39013671875,844.1372338277173,828.0605531259816,840.7859311885129,2056840
2022-07-01,855.008056640625,856.6584585184111,832.7139947562879,836.0268807744429,770940
2022-07-04,864.5935668945312,865.9821474004576,850.6573799702379,855.2459420526303,974580
2022-07-05,864.1347045898438,871.7333922296522,860.0506651186101,864.5935373216834,828760
2022-07-06,883.529052734375,885.4389299862323,855.3059432592258,864.1346753467974,1567820
2022-07-07,874.7026977539062,891.2814968925795,873.1964033082571,883.5938936848806,1037580
2022-07-08,884.9945068359375,886.4767540762231,875.5218959310005,879.2696259943026,1176500
2022-07-11,888.3698120117188,890.0803319225358,881.2876120655123,884.0743917611153,787640
2022-07-12,870.8684692382812,887.4376486172697,869.7105076435281,884.8791417699657,523780
2022-07-13,876.8505249023438,880.4661129990761,871.1016547834788,871.1016547834788,455020
2022-07-14,882.31103515625,886.0419322588523,871.2313071381194,876.8480342786079,1045880
2022-07-15,901.924072265625,905.0399470336473,882.9356821593158,884.0744060863021,990020
2022-07-18,894.9043579101562,911.5575872319137,891.4040794204609,905.1528735001782,879540
2022-07-19,883.0029296875,896.0141771656783,875.7357421887455,893.6790747001573,874560
2022-07-20,894.50537109375,896.5666282520217,876.8671471382313,891.2814016117366,1093260
2022-07-21,905.2128295898438,907.6152054770831,893.3835330671473,893.6838300530521,1013120
2022-07-22,912.3719482421875,916.9388672839384,905.001475226306,908.4704920328736,1264000
2022-07-25,901.2537231445312,913.3833167113372,899.0675376159509,912.371925842237,719180
2022-07-26,889.3355712890625,902.3324492504179,876.879286593634,902.3324492504179,2789420
2022-07-27,890.892333984375,896.999214009502,881.6720425208848,890.9932736653543,899460
2022-07-28,918.3034057617188,929.4792634744935,886.9572087743163,892.4826735093676,2609140
2022-07-29,930.1568603515625,933.229508968519,912.9534181685704,918.3035147850004,2276500
2022-08-01,925.1646118164062,936.9266352687293,917.947864964568,934.1398556620989,1171340
2022-08-02,934.9470825195312,936.9746737827664,927.326752902064,931.016769585176,1124380
2022-08-03,930.4834594726562,939.1488462046973,915.3052641913147,929.2414498381037,1026500
2022-08-04,953.7433471679688,957.2892567695051,931.934569082929,932.0739256704748,1765600
2022-08-05,957.1787109375,961.9113800731424,947.9319677743258,953.2628262063508,1251200
2022-08-08,944.275634765625,960.3402943729872,939.3291209145116,956.3859924196089,1149180
2022-08-10,949.8755493164062,968.1576565648508,937.1670020494995,953.7722553194096,1444140
2022-08-11,945.555908203125,960.1047106028367,941.1355600464468,951.3408480883451,1009220
2022-08-12,939.004638671875,949.2484024196848,932.7801037899725,946.5361106270335,978060
2022-08-16,945.7169799804688,953.9642971240047,936.100261559208,939.3290409124182,1321660
2022-08-17,948.2322998046875,953.4526585143888,945.05636555563,945.671329277977,792000
2022-08-18,939.6966552734375,948.1097813327156,935.9657580344368,947.4971636775716,978420
2022-08-19,934.0870361328125,945.0899301903798,929.7195328891745,941.7314131590605,733960
2022-08-22,934.6300048828125,943.1728684760482,929.7195621503582,932.1699740721853,795880
2022-08-23,942.9638061523438,946.0052517809988,924.9700329261966,927.3171590286249,857620
2022-08-24,945.1451416015625,947.3505063066794,930.5867784992508,942.6370751799191,675360
2022-08-25,938.207275390625,950.6683711988263,935.1994954649161,945.1429055141576,518180
2022-08-26,938.2769165039062,944.9050351493049,933.4673544803329,938.8486539079427,559780
2022-08-29,943.9583740234375,949.3709340450355,926.6012078871867,932.121863095545,969240
2022-08-30,957.3876342773438,960.7101389728863,944.6142201653886,944.6142201653886,2195020
2022-09-01,948.119384765625,963.3528307324738,940.5110196581637,946.5361977770441,1581240
2022-09-02,939.89599609375,953.6471938773269,938.3680591614603,949.0490133998926,624820
2022-09-05,925.3807983398438,940.8977658954818,923.8096350660413,936.9266313658663,994480
2022-09-06,914.9160766601562,927.7015738169932,910.2627046755409,925.4288767697421,1187400
2022-09-07,921.5178833007812,927.6559074400916,913.6236494683606,914.9160996836822,1114720
2022-09-08,918.8488159179688,926.2120753405601,913.1431725744687,922.5604753310723,1092940
2022-09-09,915.3652954101562,930.6804420757024,912.4608017749521,930.6804420757024,968680
2022-09-12,911.375,920.5881359963405,907.6225189524588,915.3798009254156,871200
2022-09-13,915.9611206054688,925.707576679687,911.4614749481685,911.4855221694138,1022920
2022-09-14,918.1281127929688,924.1629098850071,906.702397651737,906.7048023739775,1232020
2022-09-15,913.3352661132812,925.253419908821,911.8337812008995,922.2240567945819,669100
2022-09-16,884.2762451171875,913.3353776829358,881.2180249662077,913.3305682384884,2323260
2022-09-19,901.6237182617188,905.2152585790736,877.6984350446739,888.6989239115283,1072620
2022-09-20,894.48388671875,909.0590832194592,892.487498175744,903.7738559914391,1676000
2022-09-21,896.0813598632812,907.5887164320186,893.2537588674564,894.4525420401108,925980
2022-09-22,895.5241088867188,904.9750775862323,892.749411410431,896.0814765648528,1558620
2022-09-23,888.6821899414062,896.3842221775369,886.4792297166917,893.2515142030306,716840
2022-09-26,886.6353149414062,907.6128794296687,883.9566890556451,888.677334622568,2261700
2022-09-27,897.174560546875,903.0531677718661,891.0748948394986,891.1878581287195,1386280
2022-09-28,905.260986328125,911.8939728457909,890.1139926049572,896.3265632861849,2110340
2022-09-29,911.9011840820312,919.1491343103684,902.8730355519973,909.7894860175119,1743900
2022-09-30,919.8602294921875,922.2722245849438,907.8099315692652,910.5005811870116,1619460
2022-10-03,912.54736328125,919.819360366347,901.8519802827195,918.5484940359559,1040920
2022-10-04,925.0037841796875,929.7196206660327,915.3630176659565,924.9148681044512,745780
2022-10-06,927.3244018554688,938.135094458059,924.3021939104477,929.3399696250434,1340720
2022-10-07,928.3261108398438,931.1609262155366,920.9556377844481,926.1255555653808,792260
2022-10-10,918.6231079101562,922.7527788816296,913.1408685212257,917.7077884217197,692380
2022-10-11,886.4744873046875,923.2164179075678,884.5670145185926,922.7527756846393,1098520
2022-10-12,899.7091674804688,901.7007468292971,886.4744552504127,890.8011373385186,774960
2022-10-13,901.5469360351562,909.1384684312189,893.9242009007505,902.8129930086054,605540
2022-10-14,909.4435424804688,913.5635941336665,905.6958122106167,910.925789802446,441300
2022-10-17,909.06640625,915.7858457240922,902.9187041825629,905.6958652622842,348500
2022-10-18,931.5382080078125,933.5177636577713,912.4224840921096,913.8639098173736,1070220
2022-10-19,948.4148559570312,953.6472381301428,925.1309869611373,931.5381638896873,2609600
2022-10-20,963.8861694335938,967.8548995783057,946.536215685808,947.4491303652991,2257080
2022-10-21,975.1220703125,977.7670887881916,960.1096241626555,963.8861524157833,1143860
2022-10-24,1002.994384765625,1011.4003551872305,977.7694939412202,978.0073268330679,903960
2022-10-25,974.5189819335938,1011.3425484002543,971.3766554635113,999.3883821350172,1427060
2022-10-27,967.3527221679688,983.7729858193319,956.6261366379925,983.460665204593,2029480
2022-10-28,974.521484375,978.821714239783,963.3600541222901,967.3527728004468,1298600
2022-10-31,984.2340698242188,989.3864358344358,973.9197206675076,980.3214883820356,1591100
2022-11-01,995.18408203125,1002.187599188559,984.5530755151628,985.9813087363974,794120
2022-11-02,985.3916015625,1000.5030717038662,977.4286722485016,995.1863887141355,866340
2022-11-03,987.136474609375,989.6280798570787,973.9221166713461,977.4432274830372,706560
2022-11-04,987.2258911132812,992.528059966391,981.396844822005,987.1364458505421,377460
2022-11-07,989.8817749023438,1001.4697747329446,984.5627317019593,988.4922462572526,1354440
2022-11-09,982.1315307617188,1007.3834154485455,976.5780183174855,996.4164585385612,1044900
2022-11-10,975.142578125,986.0030980893422,968.8422918088861,981.1503972949486,779820
2022-11-11,982.2572021484375,990.8363953274926,976.3411885861586,980.0193595394451,716740
2022-11-14,969.8209838867188,985.6381039311213,961.4834583154792,982.281369596284,969520
2022-11-15,969.3545532226562,975.6571989100104,959.4195804231983,974.5963049816961,786820
2022-11-16,971.4015502929688,973.6418120041131,958.2113235838972,966.2902489419508,895520
2022-11-17,966.234619140625,973.4218054965587,960.9977052880398,972.9529848851049,555640
2022-11-18,963.0494995117188,968.8809059919772,956.0363063160976,966.4280052977942,733720
2022-11-21,955.15185546875,959.8836635480307,950.5070146223383,959.5163243405393,996880
2022-11-22,947.9887084960938,959.385780964651,944.9219633169199,955.1517633505089,948440
2022-11-23,945.6494750976562,957.6313649474872,942.9862953456291,952.1696575248023,1034440
2022-11-24,953.8829345703125,960.5988216012446,942.5438608089054,948.5444808251925,1193920
2022-11-25,943.9215087890625,958.1629526461637,939.6028838804574,957.002937285651,1157160
2022-11-28,957.7496948242188,959.1900231141299,940.5695378072703,943.7112140640778,1060000
2022-11-29,972.5276489257812,984.7946889324927,953.6195932583107,954.5862628916187,1474460
2022-11-30,975.5558471679688,983.0547946858843,958.9557253734966,972.5277471556792,6267780
2022-12-01,969.0620727539062,983.5814688627715,963.5279129565195,975.8529502178143,1058520
2022-12-02,954.644287109375,973.3251900898208,951.1667189677469,969.0621438485762,1392340
2022-12-05,954.692626953125,959.4196558408436,945.0501205111291,955.0599661509949,1699980
2022-12-06,962.372802734375,966.1863216091203,946.1279262380456,954.1512725863088,1362180
2022-12-07,962.3606567382812,970.4952192281237,958.3683065479767,962.8029269630105,1139120
2022-12-08,957.2615356445312,971.4546577861889,953.6679129697332,961.8362831544778,812480
2022-12-09,978.3541870117188,980.9255020418071,959.1392107653271,965.1228976106606,1535100
2022-12-12,990.2250366210938,991.8030729231152,973.6780167658945,978.7530324899163,1621200
2022-12-13,985.4375,997.4072937781159,982.6196792677805,993.7847606991818,982680
2022-12-14,969.73876953125,988.4510598962796,966.9910418585185,985.2852523393075,1633600
2022-12-15,953.9990844726562,973.917294573924,949.0013596899659,969.7388553947616,791080
2022-12-16,954.0401000976562,959.9029538323048,945.8910821014155,953.3779337533842,1386420
2022-12-19,970.6160888671875,972.4696590238776,957.0005257309124,957.0029447650486,1308960
2022-12-20,973.2213134765625,974.7824755756604,959.4704018249355,973.9197063626933,933520
2022-12-21,981.8561401367188,983.4898143528283,969.6736470115682,974.6447626559868,1407560
2022-12-22,981.48876953125,987.9364399527819,974.2822303497163,985.7614331133556,753760
2022-12-23,973.0859375,988.6613905298625,969.3304164468542,976.3363524176594,1488080
2022-12-26,961.7155151367188,978.5427895726863,959.9030094542146,975.1256381529729,667640
2022-12-27,955.8429565429688,967.5251807286845,954.3446303567563,961.8363202886528,805820
2022-12-28,959.1102905273438,961.6381222332155,952.6529443166924,956.5196229339087,706920
2022-12-29,957.3895874023438,962.6844988515903,948.8128138083853,958.9362351490265,797020
2022-12-30,947.6262817382812,961.3530030847566,945.4923985262101,958.9145575606134,852880
2023-01-02,945.4778442382812,952.894602932251,942.563321097264,948.1410238313667,503280
2023-01-03,953.4891967773438,955.1156139086814,941.3405699963375,947.2880315827205,628300
2023-01-04,943.4647216796875,956.9062912176018,942.5028901170192,956.0362649494688,639680
2023-01-05,955.8429565429688,961.553588290845,943.4454062425989,944.4362662532802,1027860
2023-01-06,961.1233520507812,963.1146890814183,955.8695050961093,957.0029110502599,787720
2023-01-09,970.8118286132812,974.6108923568294,961.6671712481622,963.5255795381804,722880
2023-01-10,967.8271484375,975.8045912771345,964.4969647500421,969.7170039322993,633360
2023-01-11,954.9873657226562,970.7730966303661,953.0105429334952,970.0529325066682,650200
2023-01-12,960.5432739257812,964.2528919852538,954.1028615433037,954.9873429558041,661240
2023-01-13,956.24658203125,964.2529952478322,953.3803805010485,964.2529952478322,695420
2023-01-16,953.890380859375,958.9363685103681,952.21800211227,958.9363685103681,485300
2023-01-17,964.0475463867188,965.0359873558451,952.7834611972128,953.9047720441206,803740
2023-01-18,958.1315307617188,968.694804024774,955.714856613197,964.2505662260094,727980
2023-01-19,951.256103515625,961.5946425912144,947.8993690875545,958.1315296600977,619980
2023-01-20,928.0052490234375,950.6156654684821,925.5788988507283,950.2410691926691,1440440
2023-01-23,936.079345703125,939.6028753660137,925.6369065206846,930.4195139298232,758000
2023-01-24,932.3866577148438,939.3128833156646,925.528165068481,937.6695331584166,754240
2023-01-25,929.7186889648438,935.2770392295585,925.5861527763975,935.2045272085481,823200
2023-01-27,928.7931518554688,937.3796023854751,919.5952756715299,930.9053227504925,895540
2023-01-30,926.3546752929688,928.6626108814303,917.2728540560357,928.2928526603783,996600
2023-01-31,919.1941528320312,928.0029187370634,914.9045560071398,928.0029187370634,2350000
2023-02-01,922.678955078125,926.8936207346961,914.2399476280216,923.1695470222187,1376100
2023-02-02,916.141845703125,924.5712360737319,911.1103724512325,924.5712360737319,1418440
2023-02-03,918.5440673828125,920.9776158519232,907.2243440487151,918.5972271357745,1111560
2023-02-06,919.3753662109375,921.236193521504,906.4606736078142,918.3361845177636,1382680
2023-02-07,917.2728271484375,923.1646501691974,912.5361224042692,919.4961554770105,797460
2023-02-08,918.0896606445312,921.4705853803107,913.0267401604036,915.9194920035973,465340
2023-02-09,918.3506469726562,922.4130901833385,915.9605233129599,918.2878110877494,694680
2023-02-10,919.4888916015625,921.7267341181682,912.2968673128468,918.8194681737524,527660
2023-02-13,919.6314697265625,927.9544807002031,915.9170135226826,922.9277870538159,649780
2023-02-14,922.343017578125,930.9028583140276,919.6653238094581,923.8848273252343,771780
2023-02-15,930.9487915039062,932.7782303680215,914.955258391632,921.9611944396736,639960
2023-02-16,948.730712890625,956.9957268610541,925.1028844983015,939.1195948694879,3480140
2023-02-17,919.36572265625,946.1303900351373,909.7352521480269,946.1303900351373,3768700
2023-02-20,909.7836303710938,925.3445698993174,907.702847882433,919.7862191268745,1306220
2023-02-21,911.0233154296875,915.1364995384603,906.736137862832,912.5893155532646,899080
2023-02-22,902.5867309570312,912.6715074706387,900.5083675865181,912.6715074706387,841600
2023-02-23,901.3228759765625,909.8368148668598,896.6344924057202,901.9004351773852,985360
2023-02-24,902.9129028320312,911.0377892557931,899.7277429750383,905.8298449116807,777500
2023-02-27,900.102294921875,910.8443986752018,893.7826572328783,903.8360443208423,1032500
2023-02-28,902.3861083984375,905.0444499068421,892.2433342869246,900.4624452561252,2183640
2023-03-01,907.6471557617188,909.6554259719836,897.8016284611398,903.8360562270267,1278520
2023-03-02,893.287353515625,908.6694605439144,892.0814355011598,908.667041509784,781400
2023-03-03,891.7479248046875,899.7108543423709,889.6019464762225,896.5377894984017,920360
2023-03-06,894.88720703125,896.7819008610217,890.5444505357391,895.2327749246568,1058980
2023-03-08,895.0514526367188,897.7364034417628,889.2176274944254,889.5777095645066,914920
2023-03-09,895.8948974609375,897.9877749946725,890.7860743675518,894.1694181117584,1132300
2023-03-10,893.480712890625,895.619493240874,887.1635522472923,895.619493240874,472680
2023-03-13,885.3461303710938,894.1645717309448,882.5717932467024,890.783647052305,729520
2023-03-14,882.794189453125,891.0278153218859,880.2978050192396,886.9194690076814,877580
2023-03-15,869.6812744140625,887.9392597734574,864.2026928894627,884.5027561452555,1559160
2023-03-16,891.7841186523438,894.1694042754996,868.4439206472532,869.519328806283,1660860
2023-03-17,911.4800415039062,912.2944890105224,892.9586768317521,894.116273186418,2668600
2023-03-20,915.332275390625,917.8528500304276,901.5209471045955,913.5028365231744,1512900
2023-03-21,914.8270263671875,930.8544234842534,909.6384348131785,917.8527066764027,1955240
2023-03-22,909.62158203125,918.7711357821244,903.7732427344716,918.7711357821244,564960
2023-03-23,920.484619140625,926.5480761182628,904.3267680281112,909.621680108059,1133700
2023-03-24,916.0693969726562,923.1695575530163,912.922882399359,918.5802955418634,525980
2023-03-27,913.06787109375,924.5132665247277,909.3969569968025,918.3362328613854,717080
2023-03-28,915.7261352539062,919.3004056765502,911.0861327968579,913.5028068891573,709620
2023-03-29,920.8955078125,924.3779142176566,912.3525406127942,914.9528845040649,972120
2023-03-31,952.3870849609375,954.6780873177215,925.8278598538985,925.8278598538985,2968880
2023-04-03,952.4329833984375,956.5195578436203,936.995239389292,956.2295687672292,1274800
2023-04-05,958.06884765625,960.5314838469418,947.3847389819828,950.188105041652,943020
2023-04-06,952.5682983398438,958.9362580286477,947.577890053006,956.7612513950141,819560
2023-04-10,943.962646484375,952.9647581447518,942.5512874696685,952.1696628693793,448280
2023-04-11,950.94189453125,951.9279164323449,941.2945505214478,949.6562664062586,882520
2023-04-12,939.617431640625,951.9279557042313,935.9754871456611,951.9279557042313,1137640
2023-04-13,940.828125,951.2028900010442,938.4549346027833,942.5028635681078,923020
2023-04-17,978.482421875,986.4864756914588,942.6069027304355,946.8530161095383,3887020
2023-04-18,998.6301879882812,1000.5031104777021,976.3363686787238,976.3363686787238,2797200
2023-04-19,996.5736083984375,998.7461370239201,985.4230412122454,998.5625264356169,1797480
2023-04-20,989.5362548828125,1001.5036299423418,985.0363793144157,995.4280781148377,1044260
2023-04-21,995.6445922851562,1000.023620667009,990.3279715299268,994.4909243610217,886100
2023-04-24,1004.992919921875,1005.9498429083989,990.99105770228,995.8437447372992,1157360
2023-04-25,1003.8223266601562,1016.6171547096797,986.4711741135785,1005.9498764122945,3369280
2023-04-26,1021.3605346679688,1024.4085996404683,994.4618534446223,1000.6066063231956,2497880
2023-04-27,1027.2406005859375,1029.7981669206886,1020.0878111992092,1023.3035660324242,2044640
2023-04-28,1057.07080078125,1061.3551929544683,1026.400283211845,1028.923813564598,3330320
2023-05-02,1056.3153076171875,1073.4697135682632,1052.7523143756105,1058.9456893938543,1783400
2023-05-03,1062.6229248046875,1066.0304433918056,1048.1814405034406,1056.2740747868902,1140260
2023-05-04,1053.78466796875,1068.4156643108345,1051.0692550448716,1062.7759970358625,1270680
2023-05-05,1069.6251220703125,1072.483794578008,1056.5121108062224,1058.9433758997823,1101520
2023-05-08,1067.8472900390625,1083.2336027108709,1057.0222830299444,1071.089728241018,1513120
2023-05-09,1067.2691650390625,1075.701922821712,1061.214187130998,1068.6608481726414,865740
2023-05-10,1071.0897216796875,1074.970899192776,1067.1793704058443,1067.2692635385763,1208820
2023-05-11,1069.6226806640625,1080.0761367277541,1066.2467074631786,1073.4698219377012,1378740
2023-05-12,1058.66162109375,1072.0319783746727,1056.0312391199438,1069.5837545032905,1339220
2023-05-15,1058.2947998046875,1069.627500342983,1056.5776988095643,1059.9172639744702,1451400
2023-05-16,1057.9937744140625,1068.1265566820096,1055.0597954188493,1062.5889974579802,1545140
2023-05-17,1055.6669921875,1063.3807242132505,1049.230738812838,1057.9937774766154,1335760
2023-05-18,1053.0972900390625,1066.2321229568047,1051.6691989379442,1061.374573421694,1023500
2023-05-19,1053.6097412109375,1058.9458116213066,1044.6695255435059,1058.9458116213066,1464400
2023-05-22,1044.1204833984375,1054.0395609859543,1040.5890356174586,1054.0395609859543,1021900
2023-05-23,1039.6954345703125,1049.7165027975502,1037.674617971589,1041.9444231840562,1109180
2023-05-24,1038.5733642578125,1044.2761232168327,1033.4437629931576,1039.695486770555,887280
2023-05-25,1043.15380859375,1050.7849992672038,1035.1849850514063,1044.3730581634923,1630040
2023-05-26,1048.3441162109375,1050.6392369824216,1038.058232375195,1043.6420419346719,1263180
2023-05-29,1055.5189208984375,1061.3746641577109,1046.9040038807289,1055.300354869176,1068740
2023-05-30,1047.989501953125,1055.4774326293773,1044.909773227569,1053.1166116605436,939620
2023-05-31,1052.7816162109375,1061.7801794540098,1045.1018017918057,1048.2592090479743,8495880
2023-06-01,1062.5546875,1065.0151259204677,1047.9092263587643,1058.26555286111,1197320
2023-06-02,1070.917236328125,1073.2755671342002,1059.9173059456098,1068.6608950872326,1164960
2023-06-05,1060.6044921875,1074.9609442149626,1058.4598654541046,1068.614585278283,1630180
2023-06-06,1054.3507080078125,1065.3360529155718,1050.083274306775,1062.5478238764128,1570460
2023-06-07,1086.5245361328125,1089.2934343627107,1056.5122077133083,1056.5122077133083,3136240
2023-06-08,1075.8936767578125,1096.7155569343336,1072.9088218401826,1091.0055646988835,1458580
2023-06-09,1072.228759765625,1082.262042618942,1070.6476843073028,1073.562214045056,1418300
2023-06-12,1082.7161865234375,1085.6136387633796,1070.0768338372652,1071.0896138851167,1247040
2023-06-13,1092.589111328125,1101.5950264803694,1082.861916534638,1085.6136185267046,1666940
2023-06-14,1104.0604248046875,1105.1412771452656,1092.948778886013,1094.1631664181086,1447540
2023-06-15,1115.5946044921875,1117.2363993198226,1099.3849046785167,1104.060296132192,1475140
2023-06-16,1115.708740234375,1125.749257677576,1111.2762260612074,1115.5946542263864,1470820
2023-06-19,1107.2711181640625,1124.5226521567251,1105.638929434223,1118.4507155900042,866620
2023-06-20,1115.0770263671875,1117.233868195664,1103.6351032103591,1107.2710307200782,1377540
2023-06-21,1111.970703125,1120.6220268147201,1105.821088458373,1115.103917270064,1292840
2023-06-22,1094.546875,1111.9295745382105,1092.5941304624173,1107.5213717441814,998060
2023-06-23,1094.73876953125,1098.7754219840692,1090.697254784801,1094.5468868216706,870300
2023-06-26,1099.30224609375,1102.6636320798275,1093.191411451829,1093.9224156579462,700300
2023-06-27,1099.61572265625,1110.9216222051725,1093.1964280007899,1099.3290845291417,882660
2023-06-28,1104.8057861328125,1107.5211987827802,1096.8345907243497,1101.2063849300712,1112480
2023-06-30,1112.101806640625,1114.6253365500738,1099.0204603996478,1105.0923966449498,737240
2023-07-03,1099.38720703125,1114.8075540662583,1096.9803720182106,1114.8075540662583,1105380
2023-07-04,1098.974365234375,1109.7071058749336,1094.1872600234183,1104.9953069070766,602980
2023-07-05,1112.3740234375,1114.5161601704249,1096.8347266290034,1097.1262270491734,777760
2023-07-06,1122.0672607421875,1136.2999046169343,1112.6217224530692,1114.0789873154831,1807340
2023-07-07,1112.6800537109375,1129.227267519618,1109.9500539841704,1124.767951719188,1129280
2023-07-10,1096.8468017578125,1119.2960100429705,1095.3774404332637,1110.8729762999458,727760
2023-07-11,1110.0616455078125,1115.2860010541992,1095.3918714462843,1098.2918139286533,1370520
2023-07-12,1120.1533203125,1122.0939683206507,1108.347079102807,1114.2732659529227,961800
2023-07-13,1108.5291748046875,1123.140721268069,1106.3967628106768,1120.1532572482079,864320
2023-07-14,1123.942138671875,1126.9514236318294,1107.5212266726599,1108.5291444214147,909140
2023-07-17,1120.6729736328125,1136.4405588728825,1115.0503843264482,1126.9513794978698,835900
2023-07-18,1116.1265869140625,1126.465839343837,1108.5172159024658,1126.465839343837,651680
2023-07-19,1114.3677978515625,1118.4505817415275,1107.5939130224774,1114.8074202374835,557620
2023-07-20,1117.62255859375,1121.34102708807,1105.1411701340721,1114.370514484318,755840
2023-07-21,1116.388671875,1128.5034903084188,1113.00060229618,1117.9626317423422,736860
2023-07-24,1108.49755859375,1119.597105640953,1103.0400500401543,1116.2720089455509,841620
2023-07-25,1106.2049560546875,1124.0370020519351,1101.4614923546135,1124.0370020519351,1251520
2023-07-26,1107.516357421875,1112.37876892406,1102.7607977711928,1107.0792254300443,689240
2023-07-27,1084.4625244140625,1112.3788474595992,1072.3550584366371,1110.3969292926854,3587480
2023-07-28,1092.02099609375,1099.353453557098,1077.7591771724544,1084.4626198630324,1344220
2023-07-31,1095.5377197265625,1100.4291865542598,1089.5337365261105,1100.2349320165163,972180
2023-08-01,1097.500244140625,1102.1780074948294,1089.3055010168157,1098.2094274095161,1300380
2023-08-02,1111.51904296875,1114.2319653975508,1093.4635693745881,1102.1779847406106,2093220
2023-08-03,1091.7730712890625,1111.7933842387904,1088.185766493212,1111.7933842387904,899420
2023-08-04,1090.73828125,1102.6077303102563,1088.6738229916928,1092.751744732855,820200
2023-08-07,1090.9715576171875,1095.4550662195297,1075.9471905505281,1090.7384047337246,824920
2023-08-08,1079.7967529296875,1092.897548571536,1073.5183470232785,1091.4912786250256,1160640
2023-08-09,1079.269775390625,1085.9658644013284,1076.5592249340668,1082.2619830634205,745700
2023-08-10,1068.1630859375,1080.5401131244544,1063.560510145329,1076.5787671005976,1411580
2023-08-11,1061.00537109375,1069.1466286755249,1056.5170001677723,1068.1630223537543,767260
2023-08-14,1063.7791748046875,1070.604056505911,1054.5377330515805,1061.0954257751876,815760
2023-08-16,1066.130126953125,1074.9757056283413,1058.2341185633763,1074.9757056283413,578600
2023-08-17,1052.507080078125,1070.0355270420946,1049.3471827184123,1063.8032535931316,1399840
2023-08-18,1060.4029541015625,1062.8317286185152,1041.9442677727218,1052.507065071352,1313340
2023-08-21,1070.3294677734375,1077.215067786334,1055.8053238699663,1060.4030370836551,741920
2023-08-22,1069.9212646484375,1073.1516057830079,1064.097068332131,1070.3293414443572,810440
2023-08-23,1077.5574951171875,1081.7665808574482,1066.232146587282,1073.518471051432,1227560
2023-08-24,1080.5570068359375,1082.747766369376,1075.621779315554,1082.4077616282746,920400
2023-08-25,1077.8175048828125,1082.2839366204757,1074.0650001554177,1077.8903206941588,839280
2023-08-28,1070.334228515625,1079.0826789239675,1068.66076969536,1077.9629285036613,830140
2023-08-29,1071.72119140625,1077.3947761301786,1066.2321366426156,1072.0830171831508,1048560
2023-08-30,1078.3031005859375,1082.2619557248574,1069.1538071010496,1071.7210977381394,1296640
2023-08-31,1068.0001220703125,1082.6990703758672,1052.6332607641777,1080.8046736657707,4661300
2023-09-01,1064.55859375,1073.9895445254404,1061.8602583670515,1071.0896018752737,716980
2023-09-04,1055.94384765625,1067.6869971691322,1050.809384682131,1067.4562161332703,1481820
2023-09-05,1066.448486328125,1068.5931137629627,1056.7382480104366,1056.7382480104366,1246260
2023-09-06,1068.8599853515625,1073.5184179217317,1057.7119331916474,1066.4482879724999,1125840
2023-09-07,1063.6234130859375,1072.7945269929073,1060.0313648125198,1067.6066980213118,823180
2023-09-08,1062.9896240234375,1067.6577810399415,1060.403002762686,1066.0378073375955,609540
2023-09-11,1074.8323974609375,1078.3735698659696,1062.5112284381373,1064.2890487838786,939540
2023-09-12,1084.095703125,1087.8482075404618,1069.4915090555212,1075.1845428228,987580
2023-09-13,1077.394775390625,1096.3076731975605,1075.9496069493646,1082.0458554084971,1016500
2023-09-14,1091.865478515625,1093.4344576102226,1076.2872831348805,1079.8333181997002,1621120
2023-09-15,1098.889404296875,1102.7123526542857,1084.1540469539973,1092.9486307822908,2322820
2023-09-18,1108.4635009765625,1109.4641845263836,1090.6484164141452,1098.7775767945184,1150640
2023-09-20,1101.704345703125,1108.8110024359457,1095.671307049607,1095.671307049607,1149000
2023-09-21,1094.5760498046875,1101.2041861043056,1085.6623983365914,1100.7184311162357,923660
2023-09-22,1094.52734375,1099.7468376248548,1087.1195807444801,1093.920150061023,766020
2023-09-25,1099.688232421875,1103.086144433583,1090.5682327874908,1096.3486679150449,688540
2023-09-26,1117.506103515625,1120.291960727777,1097.6144592241312,1102.663892129457,1320020
2023-09-27,1111.067138671875,1117.505762553976,1104.6770191213107,1117.479079242006,833060
2023-09-28,1094.8162841796875,1112.7649047673729,1090.4129442890999,1112.3787675553137,1039620
2023-09-29,1093.2838134765625,1102.9066477933306,1089.5483862587275,1095.423578328026,904580
2023-10-03,1083.9742431640625,1097.5486981446932,1081.0548512360317,1093.283755547798,1000260
2023-10-04,1116.5660400390625,1134.6651546537878,1095.4259762646764,1107.7664757442794,4269760
2023-10-05,1113.2872314453125,1122.4436409103096,1106.3068760319572,1117.4792396537948,1360000
2023-10-06,1112.973876953125,1120.5200370297512,1108.2450005712442,1116.7482022128052,776240
2023-10-09,1111.4970703125,1116.3036243883441,1107.5211381154422,1108.1065107016343,475100
2023-10-10,1115.6842041015625,1118.06198372688,1108.7524724756363,1115.2932046290102,793260
2023-10-11,1127.0511474609375,1130.5412067880347,1113.83614556019,1115.6844100140556,1346760
2023-10-12,1120.8868408203125,1131.80909363206,1115.3930421742446,1128.068804036845,1084440
2023-10-13,1144.164306640625,1146.3745155120685,1115.0700027059145,1120.8819851264595,1815820
2023-10-16,1122.50927734375,1143.9529397073213,1116.024401140248,1143.9529397073213,1732160
2023-10-17,1133.0379638671875,1134.8303711010558,1123.5511558300502,1123.5511558300502,763320
2023-10-18,1130.0093994140625,1138.9570872333038,1126.9516096125897,1133.0381340456097,713420
2023-10-19,1172.2408447265625,1176.838439216458,1122.1181940668348,1129.7153489527507,5848240
2023-10-20,1179.3983154296875,1202.0005052556746,1165.899167725424,1170.666942219876,4158680
2023-10-23,1175.417724609375,1198.5980569184596,1172.0466134664518,1180.3846167816084,1584600
2023-10-25,1178.5726318359375,1191.5422648401845,1173.2487767402774,1179.4129783833812,2227000
2023-10-26,1143.7392578125,1178.4707383857476,1137.6867698230706,1178.4415646251591,2538800
2023-10-27,1168.578125,1176.8869527759014,1138.626403052558,1143.9770594938975,2608740
2023-10-30,1174.152099609375,1177.9555983155988,1159.256407058349,1170.6692750270486,1452280
2023-10-31,1177.217529296875,1181.8419264289976,1171.740689055923,1180.384661414905,1032780
2023-11-01,1166.3660888671875,1182.3596020192736,1161.8369671775893,1182.3572163876224,1273800
2023-11-02,1178.0478515625,1179.9044692703121,1161.4997994441262,1172.1067941790757,2141360
2023-11-03,1172.539306640625,1182.3572547375582,1171.454679175276,1179.567496994285,954280
2023-11-06,1186.7325439453125,1191.6647184311496,1175.4537538734164,1179.9167938637931,1485520
2023-11-07,1190.638671875,1196.0374760049517,1178.4510752249519,1186.6079083222871,1059300
2023-11-08,1186.3416748046875,1192.7493626549153,1183.336852216123,1190.616727068359,726100
2023-11-09,1183.6640625,1192.8615065366007,1181.9833851752992,1189.6857540104947,844460
2023-11-10,1179.2889404296875,1184.7756546835287,1175.3045777134594,1183.664188893336,566340
2023-11-13,1176.7801513671875,1187.14536361591,1174.1491573562312,1187.14536361591,570560
2023-11-15,1181.08935546875,1184.7511807189558,1172.9765380295014,1184.55579748954,1533940
2023-11-16,1176.635986328125,1185.899393964492,1174.8331645020105,1182.11530506601,1388360
2023-11-17,1190.81201171875,1196.2767781303332,1175.741857329135,1177.4714402725137,1401020
2023-11-20,1187.367431640625,1192.3142770642821,1180.6960132247025,1190.9096172526263,1082300
2023-11-21,1190.83154296875,1193.098608663099,1181.392195198451,1187.4872453326109,906580
2023-11-22,1189.727294921875,1197.991599449294,1185.2885890146767,1190.6653252146355,736420
2023-11-23,1191.801513671875,1201.4069021433768,1189.7421170476314,1192.8152878919416,736280
2023-11-24,1179.37451171875,1195.6880580565335,1177.864764663602,1194.5717016775234,808240
2023-11-28,1183.2659912109375,1185.2886489523776,1166.8765829234094,1179.3280291494937,1753940
2023-11-29,1175.883544921875,1188.9529891211728,1173.1255162202817,1183.3832550068146,1254300
2023-11-30,1184.1234130859375,1189.207074828384,1170.8927000126089,1176.494282384017,2944060
2023-12-01,1189.1290283203125,1190.4188201562208,1180.2270432362616,1189.1949910397482,1273000
2023-12-04,1192.265625,1198.7246036596682,1179.3598344025474,1191.5913261881456,1987840
2023-12-05,1202.335205078125,1205.5085725982208,1192.2656914970305,1194.620668002415,1343740
2023-12-06,1219.9044189453125,1226.1776758556473,1206.8837608399876,1208.193114755122,1592160
2023-12-07,1220.234130859375,1229.7516083484427,1212.321706348035,1219.9044365646039,1201700
2023-12-08,1211.1636962890625,1230.0277203782257,1209.539200446142,1221.1990942078942,1401520
2023-12-11,1223.56640625,1227.3064807190083,1203.8058590722196,1215.5806226229668,1078740
2023-12-12,1218.861328125,1233.2058928114673,1211.7818468538453,1223.566270910453,1282460
2023-12-13,1223.61279296875,1225.3521571942642,1212.8934331079588,1219.411098767424,891440
2023-12-14,1211.344482421875,1228.4788036813559,1209.2337949353698,1228.4788036813559,2094520
2023-12-15,1190.487060546875,1219.105574222589,1183.3343406332183,1214.1170992870593,3190820
2023-12-18,1189.8934326171875,1200.9523849262732,1187.193971379746,1194.571536557412,1326480
2023-12-19,1245.369140625,1255.8882265268571,1197.5472412131942,1200.4249096607239,7057320
2023-12-20,1226.21923828125,1259.4767337225496,1224.1403987978974,1255.350664376173,2889760
2023-12-21,1227.1033935546875,1233.55998548724,1216.9336857273572,1226.219040017989,2212760
2023-12-22,1239.4451904296875,1241.4728583238796,1226.3293436950753,1233.1694276838127,1776560
2023-12-26,1248.9039306640625,1250.7580435780885,1239.2764755999303,1245.1883093779127,1235700
2023-12-27,1256.6429443359375,1258.9636868450707,1249.8053660643993,1250.758068080253,1428320
2023-12-28,1282.5107421875,1288.5739445803042,1259.317988087646,1263.9424159676134,3155440
2023-12-29,1298.6533203125,1302.0586902655582,1277.4172619968735,1282.5155954773322,2068160
2024-01-01,1337.353515625,1340.9127588244455,1301.5701138137854,1302.0586911838357,2632200
2024-01-02,1330.0614013671875,1353.01726032032,1320.3338694058732,1343.5876937406608,2831540
2024-01-03,1301.335693359375,1339.5473129446946,1298.296756227958,1336.0149078652196,2026920
2024-01-04,1324.8458251953125,1326.4898831972753,1302.158826733488,1311.8814682295333,2647800
2024-01-05,1302.7425537109375,1345.5419758177713,1291.041150435504,1345.5419758177713,5154128
2024-01-08,1279.730712890625,1313.7845312920456,1275.6754969146639,1310.85306710917,2064756
2024-01-09,1266.685791015625,1289.9909086989016,1263.9252571888367,1289.8443116253536,1626054
2024-01-10,1259.6015625,1281.2454479540784,1255.8638734654148,1265.4155864005504,2052936
2024-01-11,1249.3900146484375,1265.390923361495,1245.9211869238698,1260.529602433234,1551334
2024-01-12,1245.677001953125,1250.733706535875,1236.1008370836344,1249.3901186694795,2214110
2024-01-15,1244.67529296875,1258.6485340714316,1236.4182639120174,1252.7123667854523,1787668
2024-01-16,1241.988037109375,1249.2433389582648,1236.7602834861725,1249.2433389582648,1386740
2024-01-17,1242.5010986328125,1249.3655149315982,1233.8531841672886,1241.988068562244,1603238
2024-01-18,1222.4205322265625,1245.8722450750338,1219.5623070105232,1238.5435848098864,1269820
2024-01-19,1228.3568115234375,1232.1432863396099,1221.2968920128278,1226.3292630441879,1882782
2024-01-23,1203.317138671875,1220.5639434285015,1195.0602289563144,1211.6718592852249,1381076
2024-01-24,1228.259033203125,1230.9217559650683,1199.4574216197334,1210.6457954774028,1318076
2024-01-25,1212.722412109375,1235.1237348387697,1205.6624921490727,1233.6824552861597,1571546
2024-01-29,1220.73486328125,1223.8861630783713,1210.0106151696716,1212.722123818302,1265438
2024-01-30,1217.559326171875,1236.66263082753,1215.5805638575089,1227.306421386681,1336068
2024-01-31,1224.3748779296875,1227.184197781282,1212.50242409185,1225.8406100261716,1432188
2024-02-01,1205.7113037109375,1226.7689175953167,1203.219511315889,1226.3292456581146,1641132
2024-02-02,1212.3558349609375,1219.4891122564818,1203.3905118143807,1205.8089459330918,1508122
2024-02-05,1203.21923828125,1223.8860809902114,1200.2877746142076,1223.8860809902114,1065954
2024-02-06,1200.2635498046875,1210.670271655069,1194.9381041776355,1203.0485362424513,1540366
2024-02-07,1221.2479248046875,1227.086399960715,1195.402112838012,1206.7859883250856,3094808
2024-02-08,1183.847412109375,1228.2102608572036,1177.0317817009716,1223.373273358452,3308894
2024-02-09,1197.0635986328125,1204.783026534965,1182.3818231316004,1193.5214122958585,1677638
2024-02-12,1201.436279296875,1205.7845704441318,1191.7868756471114,1201.7782596205482,890538
2024-02-13,1200.605712890625,1210.0108277723782,1194.547281605632,1208.7404788289596,621970
2024-02-14,1215.091796875,1220.148619858098,1189.7102289148063,1197.0144360047245,1018616
2024-02-15,1202.132568359375,1222.4412375403506,1194.5137222939377,1222.4412375403506,1680952
2024-02-16,1218.8399658203125,1220.2363893792126,1199.7072644840996,1203.8473720562333,1493232
2024-02-19,1231.3829345703125,1237.38490053012,1215.7777752275076,1222.4412301812115,955040
2024-02-20,1244.1951904296875,1245.3711575191678,1223.4701311352737,1234.20012806952,1262888
2024-02-21,1246.2532958984375,1249.8789258446395,1233.7838083328852,1244.195383077769,1786364
2024-02-22,1255.831787109375,1257.2036890494849,1237.1399969824727,1254.2884721881703,1504742
2024-02-23,1263.5975341796875,1265.5573597464647,1250.3441898607039,1256.7381446959669,1211238
2024-02-26,1265.9984130859375,1268.0072823620274,1257.595707883591,1268.0072823620274,1323894
2024-02-27,1273.249755859375,1274.5971360473163,1257.5956717813096,1266.5373766649209,1261744
2024-02-28,1259.6287841796875,1276.336344249215,1254.4107966848571,1274.3765187686022,985574
2024-02-29,1272.0247802734375,1276.9243442677257,1247.9434710888158,1259.8983593875744,2774576
2024-03-01,1274.5970458984375,1281.995435345355,1265.312396092774,1272.0247748124793,1511456
2024-03-04,1268.546142578125,1274.4256192830687,1262.813557096197,1271.3877939575732,1268620
2024-03-05,1243.8277587890625,1271.5348169495282,1240.5695965979087,1268.9870676100252,678604
2024-03-06,1241.0841064453125,1257.5956135143285,1228.933163571565,1244.489279566142,1983280
2024-03-07,1254.75390625,1257.228210166382,1234.200257758814,1239.5897785350533,1297304
2024-03-11,1279.521240234375,1289.075390793276,1248.6785063281407,1254.7539183234155,2990598
2024-03-12,1269.060546875,1281.2605332488135,1257.3751582733441,1276.8509255610345,1726470
2024-03-13,1265.5328369140625,1300.1727298533876,1250.7852213077113,1271.4123136093344,3627604
2024-03-14,1280.133544921875,1283.6612069702594,1261.0986915171266,1268.9870371630107,2245994
2024-03-15,1275.675048828125,1288.5364054957763,1266.6353763510876,1282.1914934633896,2533984
2024-03-18,1264.259033203125,1279.1781815251313,1253.6759272111171,1275.6749215257198,1285192
2024-03-19,1222.9556884765625,1266.4147969604514,1209.285833231306,1264.087504075042,3497728
2024-03-20,1249.5113525390625,1251.8386455199704,1223.9356514935796,1231.750432421607,1399290
2024-03-21,1251.1771240234375,1255.292829590614,1237.2133665005522,1249.8787873993165,1807754
2024-03-22,1260.853759765625,1269.9669967096893,1243.0193945418525,1244.5872311079652,2027126
2024-03-26,1267.0762939453125,1272.1717926582412,1240.6430504694931,1258.2080352576018,1941704
2024-03-27,1257.448486328125,1269.2564825465488,1250.2461517017546,1267.0762006506352,1801192
2024-03-28,1284.8372802734375,1292.8479960595027,1257.742666019292,1257.742666019292,4365832
2024-04-01,1266.831298828125,1294.7588132564615,1265.3123861610343,1284.8371962884999,1486064
2024-04-02,1285.3028564453125,1288.5855409339215,1265.5575864001212,1272.416977112317,1445766
2024-04-03,1251.3240966796875,1285.6210439348154,1246.9390109185765,1285.3026201290356,3850278
2024-04-04,1249.1929931640625,1259.1880567399032,1231.7995394620132,1259.0900893750952,2782752
2024-04-05,1243.337890625,1262.1277676214863,1241.549597497223,1261.6378111899562,1532454
2024-04-08,1223.9356689453125,1248.0415010834133,1221.3879194640651,1240.079709193098,2436980
2024-04-09,1226.262939453125,1235.768046057342,1223.4211683223157,1227.8307760575583,867882
2024-04-10,1238.4139404296875,1241.0596573473517,1221.9758780125458,1231.7504850261516,989760
2024-04-12,1242.6275634765625,1253.7985948100143,1232.8284341697238,1241.8926287785496,2479930
2024-04-15,1251.1771240234375,1262.6176539114224,1229.790574822534,1229.790574822534,2293646
2024-04-16,1247.4781494140625,1265.8759181842463,1245.6162910039566,1249.4623773168466,1537722
2024-04-18,1206.542236328125,1245.787674785828,1181.0890235928634,1244.5383815780328,6077666
2024-04-19,1194.36669921875,1210.8538039444359,1180.7949307844237,1190.5940588407261,3702024
2024-04-22,1204.65576171875,1216.0717696198974,1189.540678738387,1193.778753698179,2504706
2024-04-23,1225.50341796875,1229.7905363724387,1188.609677953925,1199.9031966438656,2248818
2024-04-24,1224.9644775390625,1242.431495425264,1219.134044074408,1232.264899860291,1447036
2024-04-25,1255.5867919921875,1263.0586275169576,1210.8048223336593,1234.6656764464847,6481728
2024-04-26,1216.4393310546875,1265.4594959800618,1210.706864726266,1261.6132901431138,2643128
2024-04-29,1229.6927490234375,1236.8460415788948,1219.9915871776468,1225.8710647062137,1243124
2024-04-30,1228.5166015625,1243.3133802004654,1225.1604720698128,1233.563176291337,1625278
2024-05-02,1230.9176025390625,1244.9793286079496,1227.3408965615558,1228.5167441840063,2223826
2024-05-03,1203.3819580078125,1236.1845149584105,1193.6562756518617,1232.2893855146199,2257460
2024-05-06,1204.01904296875,1215.0675858546851,1198.8990215196438,1212.3483033837713,1431992
2024-05-07,1229.129150390625,1238.7813877571703,1205.0723614462684,1209.7024257865608,2146918
2024-05-08,1243.9993896484375,1248.4089975676325,1217.8601659690128,1226.0914580084973,1398140
2024-05-09,1231.48095703125,1249.3398448646658,1225.870979867978,1243.9993676597903,1404310
2024-05-10,1241.1575927734375,1248.898928217624,1226.5813891192695,1231.4809533727714,1394832
2024-05-13,1232.8529052734375,1245.4202402459055,1227.8553734558943,1240.9371866194929,680762
2024-05-14,1218.693115234375,1234.1756659047428,1216.0718006129846,1227.8797978538325,1113494
2024-05-15,1207.7425537109375,1224.4010716931573,1205.2927716547288,1219.011551169498,868812
2024-05-16,1209.3839111328125,1215.0673335235888,1185.841482513364,1210.1922913343756,1944988
2024-05-17,1198.1884765625,1209.384029087565,1192.4560101259904,1209.384029087565,1442356
2024-05-21,1205.6849365234375,1219.7957071485218,1191.5741658983534,1208.2326863097612,2574902
2024-05-22,1209.7757568359375,1218.7665043231723,1206.223573054493,1211.172180376636,1574654
2024-05-23,1212.2255859375,1218.7665517610906,1203.112468617902,1215.5818351434234,1563326
2024-05-24,1209.0899658203125,1217.541714137768,1204.3374124292231,1213.5975409993018,907544
2024-05-27,1205.24365234375,1214.601867057043,1202.8429139270029,1213.6219542962062,1071662
2024-05-28,1201.2261962890625,1209.040977689221,1198.4334684669032,1205.8562607860997,1043344
2024-05-29,1213.22998046875,1223.421097232787,1197.9433651318238,1199.266223451876,1739200
2024-05-30,1178.2471923828125,1211.7112389302845,1176.1648776514621,1207.7670659272503,2548428
2024-05-31,1153.79833984375,1188.4383548596766,1148.9478190732214,1188.4383548596766,5065946
2024-06-03,1153.871826171875,1170.4813000316324,1151.3975224659027,1163.548464924514,2145030
2024-06-04,1189.49169921875,1194.5137525261302,1140.349046345806,1158.2324556842816,3117062
2024-06-05,1229.71728515625,1261.1724663784134,1190.5942134632435,1190.5942134632435,4057558
2024-06-06,1210.8782958984375,1233.71031381071,1201.691612664144,1233.71031381071,1944280
2024-06-07,1226.09130859375,1232.8527305028715,1208.7223789967547,1213.3524428240235,2022404
2024-06-10,1248.5068359375,1256.738127126542,1228.3451785484456,1229.790525960086,1590348
2024-06-11,1245.4447021484375,1261.6377858083888,1241.5495725197893,1254.2884394832915,1138822
2024-06-12,1243.16650390625,1251.716219893405,1235.1801899799486,1246.449188143193,960816
2024-06-13,1250.246337890625,1280.9665825613638,1247.0125775596964,1271.0204429683927,2162544
2024-06-14,1245.714111328125,1256.54219530536,1241.5985255332823,1256.54219530536,858944
2024-06-18,1249.560546875,1251.8387966419286,1241.549710642132,1248.8990577848438,519108
2024-06-19,1237.6544189453125,1254.092480498061,1233.6368002889778,1249.3888510936965,1568614
2024-06-20,1244.36669921875,1249.9521540276517,1224.890933378039,1237.1398427118195,1314826
2024-06-21,1224.1070556640625,1248.4089416214244,1219.2565350176276,1240.8636607006888,2543088
2024-06-24,1239.6142578125,1240.5696489028123,1217.2967190754491,1224.1070654302553,1448402
2024-06-25,1232.4608154296875,1243.6563671348408,1227.3407949194445,1242.0394870741684,625460
2024-06-26,1241.672119140625,1247.9190638063221,1228.5412625078973,1235.964174411042,958712
2024-06-27,1241.42724609375,1251.3488649327824,1228.8353883303382,1240.1778331311043,1732622
2024-06-28,1250.197265625,1261.000828733912,1238.7568548573765,1241.4270934534354,2364066
2024-07-01,1258.257080078125,1269.5260772905813,1252.8185161848087,1254.1904180299775,1849028
2024-07-02,1246.6695556640625,1268.0071811090831,1241.1330243422133,1266.7332466037858,1162200
2024-07-03,1250.1239013671875,1258.9676393491134,1244.8323477022957,1249.438010173967,631912
2024-07-04,1247.0125732421875,1256.7382563285294,1245.4937800639807,1254.2884741524504,627352
2024-07-05,1261.2213134765625,1263.8916717507548,1240.8146757386721,1249.6829350887917,1583026
2024-07-08,1275.552490234375,1283.6858146170412,1254.9988424316216,1261.2212650139365,1448552
2024-07-09,1290.1043701171875,1293.5340652506382,1270.7510904355727,1287.2625987972451,1665146
2024-07-10,1281.9464111328125,1298.3599506899955,1272.9312611337843,1292.455952089804,1069980
2024-07-11,1270.554931640625,1289.3693294541824,1256.101217623524,1283.6857872815085,2107598
2024-07-12,1278.2962646484375,1283.6123395066418,1266.9538216844699,1276.3364390222996,1451786
2024-07-15,1276.3856201171875,1283.440945284612,1272.4169249490885,1278.3209242079909,695922
2024-07-16,1283.0040283203125,1288.6875932711287,1264.1819122752838,1281.6754323916082,1514138
2024-07-18,1292.72265625,1296.5854237265537,1267.10979158111,1267.10979158111,1733594
2024-07-19,1278.3538818359375,1301.8015155870887,1272.7440810529952,1296.5608960399527,1077872
2024-07-22,1273.162353515625,1294.1742073025912,1262.3365616674664,1278.3538368156792,1490342
2024-07-23,1270.3330078125,1282.6104170888884,1254.807812613338,1277.7388583418112,1936998
2024-07-24,1250.57568359375,1270.0621560498057,1239.4054592901557,1270.0621560498057,2622088
2024-07-25,1220.681884765625,1258.080077535405,1210.249781336208,1252.2489840344708,6938362
2024-07-26,1218.83642578125,1226.5622002143014,1206.337605720514,1226.5622002143014,3239386
2024-07-29,1215.5888671875,1223.7819755260691,1210.0283226048043,1222.1335747003338,1605802
2024-07-30,1209.3638916015625,1220.5587442564088,1206.0915981111275,1215.6134219405167,3429516
2024-07-31,1208.7242431640625,1218.885676424605,1206.583640933844,1215.441106487192,1644722
2024-08-01,1222.330322265625,1226.4146223295954,1208.7243182227712,1212.9807747120635,2653524
2024-08-02,1227.79248046875,1237.0927718683006,1212.9807806902788,1220.362002479469,2310948
2024-08-05,1235.5672607421875,1244.4247268134552,1217.9262128991559,1224.2986436285703,2651820
2024-08-06,1234.3863525390625,1243.9819410878015,1230.6957415587783,1237.0435443900367,1898862
2024-08-07,1241.423095703125,1244.4493485404819,1235.2474495298686,1239.3317495581189,1299940
2024-08-08,1224.8399658203125,1242.5056415402546,1219.377813757129,1239.3317402655164,2850012
2024-08-09,1232.5164794921875,1236.059442179883,1225.3812979131424,1233.4515064020356,540012
2024-08-12,1216.9666748046875,1235.0998040469894,1214.6292879311031,1231.0893883081942,950040
2024-08-13,1222.6746826171875,1226.2669010175653,1217.163394729915,1217.409435440392,623692
2024-08-14,1217.7047119140625,1226.242252342112,1210.8155721363087,1223.757217180581,1123752
2024-08-16,1242.7271728515625,1246.6638247650953,1216.1056363685452,1225.2829080871359,1719668
2024-08-19,1231.753662109375,1252.839400786236,1230.4743223919172,1244.9660974034473,955402
2024-08-20,1239.30712890625,1242.9977397725581,1229.7361687537054,1235.4197335152344,969464
2024-08-21,1255.6689453125,1257.268210159082,1240.8572443708613,1244.916916673723,1249546
2024-08-22,1255.2998046875,1262.2135732291679,1252.347315926965,1262.1889451287484,1269810
2024-08-23,1244.5723876953125,1255.4720639684701,1240.0452623522349,1255.2751593049002,1023074
2024-08-26,1239.823974609375,1252.3474248302605,1234.1157811211297,1244.5725130573353,1266798
2024-08-27,1240.7587890625,1246.3439617593306,1235.8626025006731,1244.3017515921242,782130
2024-08-28,1226.5130615234375,1239.553220452373,1225.2828578508966,1239.553220452373,1130322
2024-08-29,1232.442626953125,1239.7745925468923,1225.6026226752101,1229.6622946618493,1799588
2024-08-30,1230.57275390625,1238.7167263799913,1226.1686487134475,1232.4426875467195,3808974
2024-09-02,1235.0751953125,1238.0769402415242,1228.7520207007447,1230.2036369649484,1751182
2024-09-03,1245.335205078125,1259.2365068833042,1231.1878625330312,1231.1878625330312,1975054
2024-09-04,1247.3035888671875,1250.6005109075918,1236.9452492087794,1242.5304223188036,1005886
2024-09-05,1232.6148681640625,1247.426568970777,1226.3408292077006,1247.3035485990836,2238592
2024-09-06,1231.7783203125,1239.6762519887875,1224.3233340445647,1234.4356323513769,1673400
2024-09-09,1238.446044921875,1240.0453097062184,1224.667763702917,1227.8170370695618,1167196
2024-09-10,1247.672607421875,1253.7743697918231,1237.0928554756829,1244.474077763724,3044078
2024-09-11,1243.4161376953125,1260.5159691514762,1239.7746626554929,1253.3315314776514,1959876
2024-09-12,1243.9080810546875,1249.8868223271343,1224.298588169256,1244.9167518685656,3109758
2024-09-13,1245.655029296875,1260.2206893804707,1244.1050206662144,1244.9661632692662,1465434
2024-09-16,1254.6109619140625,1257.5634507292316,1230.203672987166,1244.966117063012,788794
2024-09-17,1253.2576904296875,1272.1781981765482,1249.2471545253281,1255.3735445574644,1390374
2024-09-18,1278.00927734375,1279.9530951619433,1252.8393594766499,1254.7830571577715,2354058
2024-09-19,1296.2410888671875,1317.3022015104614,1278.0094449047822,1280.8881697914571,5068578
2024-09-20,1328.3984375,1330.7111961746373,1294.7399958815315,1301.0632902600503,4645516
2024-09-23,1340.9957275390625,1343.3086064846357,1323.6991124699812,1331.1540984500664,2144494
2024-09-24,1326.848388671875,1361.4909952243613,1315.8258121225367,1340.9219663552403,3080066
2024-09-25,1327.3160400390625,1330.8836308010643,1308.4692951585882,1321.36180602282,1437914
2024-09-26,1355.9305419921875,1359.3504843109317,1332.5320431791683,1332.5320431791683,2317212
2024-09-27,1351.108154296875,1367.0024108186924,1343.8745802540852,1353.224128780203,2194334
2024-09-30,1323.674560546875,1348.3032627868763,1321.1403889654473,1338.4616331314976,1766384
2024-10-01,1332.089111328125,1333.5407275761163,1315.2844577526253,1323.6990985903146,1105518
2024-10-03,1316.244140625,1326.1595339838152,1304.1881448615106,1321.2387193864727,1624730
2024-10-04,1278.5013427734375,1317.9663702936846,1274.6385755592564,1310.4128721496722,2066068
2024-10-07,1266.5439453125,1289.2534572003387,1263.123882970951,1281.8476070161043,2205716
2024-10-08,1270.431396484375,1276.4593947827902,1255.5951875027006,1264.944735883916,2404340
2024-10-09,1238.076904296875,1269.5701164888465,1214.924448493957,1269.078035048347,4733190
2024-10-10,1236.330078125,1245.8026465209616,1233.1561766379248,1244.4740505655673,2060004
2024-10-11,1236.0103759765625,1241.0295834125898,1228.2847202024032,1240.0454203805418,1256928
2024-10-14,1231.2125244140625,1239.897714716506,1226.8329270411743,1239.897714716506,1340768
2024-10-15,1222.453369140625,1231.212443171342,1216.425371245094,1231.212443171342,1590308
2024-10-16,1211.6275634765625,1226.7836963292705,1196.4714306238545,1225.2828238629875,2473286
2024-10-17,1170.51416015625,1217.8770012995963,1163.7726680936514,1217.8770012995963,5255508
2024-10-18,1156.514404296875,1172.9498763371498,1144.6306855763517,1171.153827136076,3278370
2024-10-21,1158.6796875,1168.2015128393516,1148.0261707894722,1161.312371651588,1497408
2024-10-22,1156.514404296875,1173.6142343359415,1151.495197636563,1158.6057504167609,1934262
2024-10-23,1145.147216796875,1168.64410436178,1141.678138930975,1156.4159532819685,1414522
2024-10-24,1111.439697265625,1151.4705704955882,1090.4524718881296,1150.9784890552055,5910994
2024-10-25,1112.448486328125,1125.144211495528,1110.6278090292615,1116.532786303675,2683018
2024-10-28,1118.03369140625,1141.1368916403771,1110.1603881435308,1117.4923537521086,1751130
2024-10-29,1115.7454833984375,1124.79985458042,1112.473189659071,1121.9457580106964,1859662
2024-10-30,1120.1251220703125,1130.4342052800785,1112.2025620098163,1121.3306976959316,1787546
2024-10-31,1113.5557861328125,1125.3903700198607,1112.1041697616463,1125.3903700198607,1319530
2024-11-01,1123.0775146484375,1128.3181340234441,1116.2130024649405,1128.2935059235892,243228
2024-11-04,1105.3133544921875,1125.3903021433225,1097.7844841058775,1123.4219762978598,1926320
2024-11-05,1113.309814453125,1115.9916347182743,1100.4419307188537,1110.1359126664038,1451860
2024-11-06,1119.7806396484375,1121.7981015904193,1111.1445858343864,1116.0407724267443,1613946
2024-11-07,1113.506591796875,1124.3323840333578,1103.098996723647,1118.5011706147852,1783914
2024-11-08,1129.646728515625,1130.8031679737342,1111.5135992315359,1117.0248874240108,1669990
2024-11-11,1121.478271484375,1129.2531825523638,1109.2499991916804,1121.945724842311,1547190
2024-11-12,1110.2342529296875,1127.088044253941,1102.7546381796255,1127.088044253941,2210678
2024-11-13,1099.9251708984375,1108.1429079062532,1093.405091035154,1102.877659893132,1526776
2024-11-14,1074.115478515625,1104.6982944412046,1071.9502479214893,1101.7950617641873,2318476
2024-11-18,1089.07470703125,1091.9041755400099,1067.1770811808476,1078.0028737361026,1383330
2024-11-19,1089.542236328125,1104.0586409932548,1084.498400808885,1094.8813688106436,1612040
2024-11-21,1088.0904541015625,1107.1832379658995,1076.1821073028543,1085.3102420254984,1655768
2024-11-22,1105.854736328125,1108.5858125752131,1084.6459764412452,1089.566791251465,1543916
2024-11-25,1110.6031494140625,1123.741699449383,1105.337902187871,1111.3905277498022,4059604
2024-11-26,1114.6876220703125,1125.8578481349366,1107.4294199179951,1117.0250092041097,634244
2024-11-27,1118.9686279296875,1120.371108165559,1107.4047134544387,1120.272715899568,874722
2024-11-28,1100.417236328125,1126.6205757733894,1096.3575640197037,1119.01794075049,2492756
2024-11-29,1099.6297607421875,1113.580317860805,1095.8653857163115,1095.8653857163115,2698320
2024-12-02,1108.0936279296875,1110.627799266185,1093.9462866674355,1103.6402669136344,936544
2024-12-03,1112.9405517578125,1115.474843217201,1107.1832230254936,1113.0882002149629,1532464
2024-12-04,1111.0216064453125,1119.485384002442,1102.9760260702865,1112.5962431778116,1937738
2024-12-05,1114.810546875,1120.4694836611675,1092.91292191983,1111.021543662981,2375568
2024-12-06,1115.9422607421875,1127.8259788998414,1109.6928507779444,1115.2779027748627,1291202
2024-12-09,1096.7757568359375,1120.2726454082049,1089.2960228980419,1117.0248598753255,1939702
2024-12-10,1089.6898193359375,1102.2625252924709,1087.500080757304,1096.8496289629097,1830596
2024-12-11,1102.779052734375,1109.151482878782,1093.8969593786744,1094.8811221851329,1469722
2024-12-12,1094.413818359375,1109.1516343716357,1090.009713226353,1107.1586803889384,1931220
2024-12-13,1108.905517578125,1111.046119882549,1086.6388325679586,1094.8811966324952,1109322
2024-12-16,1101.6473388671875,1110.8738659933783,1096.628132137954,1108.9055402064575,1331372
2024-12-17,1084.0308837890625,1099.285409830194,1082.5792674351453,1095.373386050288,2997812
2024-12-18,1076.6988525390625,1089.4437141793733,1072.983613523296,1084.0308181698542,1932332
2024-12-19,1063.0927734375,1079.7497794665567,1056.6957142450356,1075.19802581038,3107980
2024-12-20,1064.6182861328125,1070.2772231748866,1055.7115632552375,1062.8960009460943,3303524
2024-12-23,1058.7625732421875,1072.7376393885636,1056.843383364702,1067.816824528983,877434
2024-12-24,1066.19287109375,1070.277171222843,1058.8116492232477,1058.8116492232477,645132
2024-12-26,1057.9259033203125,1070.7692777302723,1056.2036181769045,1062.010203544953,1047852
2024-12-27,1065.6517333984375,1067.349390528407,1058.4672955181438,1062.4039474773,925334
2024-12-30,1062.8466796875,1071.2613205681055,1057.4830399177117,1069.7850762127061,2470980
2024-12-31,1067.8414306640625,1070.055797305322,1056.867989725517,1060.4355804253237,1271114
2025-01-01,1067.44775390625,1072.3685687219986,1061.5674042288465,1067.816815017431,908580
2025-01-02,1082.677490234375,1086.3927288934922,1064.4458500341602,1067.3245743267962,1258328
2025-01-03,1098.6702880859375,1101.2537158364617,1081.6197129873103,1082.6776401065028,2022900
2025-01-06,1075.1978759765625,1104.6735042471362,1067.8166548600186,1103.9846383310837,2276932
2025-01-07,1088.8040771484375,1090.600246696167,1072.6884081088663,1077.7568715594155,1191638
2025-01-08,1092.3717041015625,1094.8567397729234,1079.8975098127337,1093.8972048487194,899000
2025-01-09,1110.160400390625,1117.910683375364,1084.5721645045023,1090.1818450862454,2294636
2025-01-10,1106.14990234375,1120.9616028328523,1102.8776085817078,1118.0337420767496,1619708
2025-01-13,1100.95849609375,1112.6699386630303,1093.1835850441817,1104.7228711857224,1609062
2025-01-14,1091.953369140625,1110.4310516746082,1082.2101323720638,1107.7737397538697,1405098
2025-01-15,1082.4068603515625,1092.470021620178,1068.8992492389511,1091.9533120956053,1447250
2025-01-16,1067.4722900390625,1091.559652459475,1061.1736235901535,1085.0888295890952,2651618
2025-01-17,1091.04296875,1095.5455861073265,1069.0715800253274,1073.057367694796,911802
2025-01-20,1089.46826171875,1094.881157328012,1083.7355612419485,1092.0270610702607,802216
2025-01-21,1080.832275390625,1102.2624465370977,1078.4211243436541,1094.881224796894,1528828
2025-01-22,1086.41748046875,1088.9516519540375,1079.700496401531,1080.8323077963776,896072
2025-01-23,1082.0626220703125,1087.3033622809635,1065.356478683729,1079.7006067737577,992014
2025-01-24,1086.466552734375,1093.7740101019974,1077.7075992973807,1083.563320321493,1327200
2025-01-27,1070.154052734375,1098.2764574275755,1067.1278000997804,1073.7462710760587,1099972
2025-01-28,1061.0753173828125,1073.6480232009026,1054.333825146736,1070.1541966445525,1442066
2025-01-29,1073.08203125,1075.1487493843515,1048.7486267299453,1061.075291507899,794290
2025-01-30,1091.1168212890625,1098.6701992571716,1073.0819645589147,1077.1662645093195,1149120
2025-01-31,1138.2828369140625,1174.5984735722411,1087.2540122990645,1091.116899908794,6279774
2025-02-01,1145.171875,1168.2013098535062,1110.7508031452514,1138.1843427511203,2493130
2025-02-03,1140.201904296875,1168.2012889899547,1137.54459255139,1145.1718545477438,2281742
2025-02-04,1131.5166015625,1143.0067508187112,1123.7663191675615,1142.8098461677114,2487034
2025-02-05,1106.6666259765625,1130.7539905161198,1095.0043188694071,1123.815713695522,2950590
2025-02-06,1101.9918212890625,1116.5328527196805,1095.8654310298496,1116.5328527196805,1973914
2025-02-07,1101.9422607421875,1108.3307138131295,1093.2509032153193,1106.3497831360728,1585116
2025-02-10,1099.9366455078125,1115.5116902086866,1092.5823913296604,1106.8451176987412,1520362
2025-02-11,1087.283447265625,1105.4090133553293,1078.5920887643615,1099.936667565169,953674
2025-02-12,1086.416748046875,1096.4452103365384,1075.4968427057347,1096.4452103365384,1006516
2025-02-13,1078.39404296875,1094.5633430543944,1075.967330075851,1086.4167889210353,1022294
2025-02-14,1087.456787109375,1101.8927721436544,1074.6797590982899,1078.3940043976506,1921722
2025-02-17,1097.683349609375,1099.4166641700035,1074.655027589598,1087.456842064239,1603030
2025-02-18,1100.605224609375,1104.1214255268897,1089.4872734584894,1097.683399722068,906118
2025-02-19,1091.96337890625,1101.397586551477,1088.298705083353,1092.4833974516898,852958
2025-02-20,1092.854736328125,1096.9156201961857,1082.9748683649673,1091.9632933067414,1316934
2025-02-21,1096.9156494140625,1098.4757049696427,1084.2129789668518,1097.906114818334,1188490
2025-02-24,1099.6146240234375,1108.2565312480936,1087.5557804834307,1089.0166927476246,968084
2025-02-25,1114.4715576171875,1117.4429536516163,1096.3709001659236,1100.6298286047563,1285668
2025-02-27,1128.2391357421875,1130.0220218607592,1114.2735975014539,1119.3249469621758,1502006
2025-02-28,1084.38623046875,1124.1782261763717,1082.0834467821023,1119.7211318875668,3687132
2025-03-03,1082.35595703125,1089.5120460615954,1065.1466190309588,1083.6930612701299,1043550
2025-03-04,1063.0169677734375,1071.7331114692508,1048.9028361258518,1069.7026090801887,2085044
2025-03-05,1088.0262451171875,1094.1424173428409,1044.9410000897888,1044.9410000897888,1693328
2025-03-06,1090.106201171875,1097.633714072804,1074.8035590186282,1083.0739209737233,2514922
2025-03-07,1108.5535888671875,1112.2926198516234,1085.1786301201555,1090.007148839458,1051212
2025-03-10,1113.481201171875,1126.1592071879243,1067.2760850427355,1108.9250843214413,1013160
2025-03-11,1114.966796875,1125.3914688719758,1106.2259885179944,1109.7174030603528,957110
2025-03-12,1087.283447265625,1116.304133300601,1085.3767529126317,1113.7783980416264,717178
2025-03-13,1085.525390625,1095.3310231518985,1081.6378861227452,1090.5520755278471,584340
2025-03-17,1076.809326171875,1091.1710752262911,1067.7217572869406,1077.4035812618067,820010
2025-03-18,1076.809326171875,1076.809326171875,1076.809326171875,1076.809326171875,0
2025-03-19,1081.5882568359375,1096.1480503923126,1079.681562507791,1092.7309929983955,845086
2025-03-20,1100.1842041015625,1103.7498552800168,1080.1767309280706,1091.4928462309174,953748
2025-03-21,1123.6087646484375,1126.6543974041263,1105.3346053950409,1109.7669138980498,1585274
2025-03-24,1120.9840087890625,1133.3896121775324,1119.2506943289768,1125.7135052828667,861902
2025-03-25,1116.675537109375,1129.130591543879,1104.467978126241,1119.2259372320905,1484284
2025-03-26,1111.02978515625,1124.1040010803927,1109.370828142377,1116.7001754334624,1066938
2025-03-27,1110.3365478515625,1123.1878127981931,1102.0166139458463,1109.4203189538612,1731172
2025-03-28,1114.64501953125,1133.067652120625,1110.8317518540916,1110.8317518540916,1432302
2025-04-01,1106.349853515625,1133.018182814548,1098.475701935983,1120.1667975044827,2040110
2025-04-02,1094.8109130859375,1104.3689284416268,1063.7598467679886,1104.3689284416268,2601704
2025-04-03,1112.1192626953125,1113.8031264165954,1087.0357748411589,1088.546258755138,635716
2025-04-04,1120.2906494140625,1130.517277628005,1098.0547486440948,1106.3498967057878,1183470
2025-04-07,1113.7783203125,1117.913561638433,1069.7026108826144,1069.7026108826144,1474570
2025-04-08,1126.8525390625,1130.5915704667184,1104.9880617439544,1116.7498394319853,1747016
2025-04-09,1161.2464599609375,1170.0368404995097,1125.2677312972378,1130.7152910676207,3706748
2025-04-11,1169.4425048828125,1174.6920201143596,1149.955169757402,1161.6673753053308,2236634
2025-04-15,1172.6614990234375,1179.3471406847032,1161.6179061895975,1179.3471406847032,1561748
2025-04-16,1180.2880859375,1183.6556923870428,1162.3111152359502,1162.3111152359502,1354424
2025-04-17,1196.7794189453125,1200.0478822972814,1168.0559216789884,1174.6919916503628,1815842
2025-04-21,1188.2613525390625,1198.9584277664642,1183.853829647143,1189.0537732619912,953130
2025-04-22,1192.173828125,1198.4632598943988,1183.6062773337244,1191.0347686140617,975908
2025-04-23,1205.0992431640625,1209.3087212515024,1188.5585188065743,1198.1165344099288,1165112
2025-04-24,1205.0001220703125,1245.5101791150594,1178.1585352344837,1205.891565067662,4674476
2025-04-25,1195.244140625,1205.9906662061196,1182.2690678581284,1201.8802105488924,2256568
2025-04-28,1191.5299072265625,1197.6707445038971,1181.6252529686526,1188.5585109491894,1961052
2025-04-29,1182.3680419921875,1191.5298467154778,1168.3529327477086,1191.5298467154778,1952120
2025-04-30,1182.7147216796875,1191.7279327277263,1170.8787083949583,1176.177674156188,2040862
2025-05-02,1154.7835693359375,1181.0309009652353,1152.4064283278503,1176.1775965958936,1265148
2025-05-05,1153.000732421875,1164.7872947043336,1150.772185301905,1163.2520249924532,1827594
2025-05-06,1167.015869140625,1175.7814638363993,1153.8922024602828,1157.3588313947128,1742026
2025-05-07,1158.0521240234375,1166.76826810701,1152.5551134705227,1154.3874503214943,1353304
2025-05-08,1159.191162109375,1163.8464220549163,1146.5132774741614,1152.9017309713568,2693092
2025-05-09,1151.614013671875,1163.3015531602741,1134.9246967116078,1140.0256174435722,1816458
2025-05-12,1180.5357666015625,1183.1109525304319,1161.815945850311,1168.6501814777741,801500
2025-05-13,1173.800537109375,1183.5071465221918,1159.8349989632625,1178.6538418157834,2333552
2025-05-14,1173.8995361328125,1178.257608045939,1165.4311295613797,1171.225327932659,1203066
2025-05-15,1187.6175537109375,1195.9373661179718,1159.5873352959466,1173.7014668594463,1928224
2025-05-16,1192.9166259765625,1195.7889999961133,1177.019606957387,1195.7889999961133,1369102
2025-05-19,1192.42138671875,1199.5032389107862,1186.6766387110943,1190.5394781709713,845862
2025-05-20,1168.00634765625,1198.3641369896773,1165.926394453538,1198.3641369896773,1555350
2025-05-21,1184.893798828125,1187.5680070285068,1168.006315503225,1168.006315503225,1350296
2025-05-22,1169.591064453125,1181.130010752029,1158.8445388510472,1181.130010752029,2161612
2025-05-23,1195.6898193359375,1200.444101764903,1164.8369179010303,1166.7682771279337,1154460
2025-05-26,1215.3011474609375,1220.6991359799154,1191.232787865031,1195.6898825378707,1248708
2025-05-27,1218.718017578125,1229.1674751776961,1204.504864266418,1213.3696015184366,1584098
2025-05-28,1197.9678955078125,1216.6381440262576,1196.4821974149959,1214.3601461611242,1447242
2025-05-29,1205.8917236328125,1208.2688649695144,1191.7775905225312,1199.1565099965621,1862596
2025-05-30,1186.6766357421875,1216.786809712033,1183.8538333807955,1205.8916897227514,2134920
2025-06-02,1191.678466796875,1196.383177433474,1184.1013823271737,1188.558476614478,2052718
2025-06-03,1184.2994384765625,1201.632583094514,1179.6442994274528,1196.333617349739,1468888
2025-06-04,1187.3204345703125,1190.4404248570377,1181.0804539968622,1182.8137684998844,1174082
2025-06-05,1189.202392578125,1193.0156604622434,1178.9015274928895,1191.0347295191764,1467916
2025-06-06,1197.0765380859375,1199.8993404828923,1183.6062319289524,1190.4899185554236,1004606
2025-06-09,1196.135498046875,1202.0782901167574,1189.0536466489823,1200.9392307887472,678874
2025-06-10,1204.1087646484375,1207.823009979351,1192.9660286556978,1196.1355905485977,1351562
2025-06-11,1198.0670166015625,1213.3202091261487,1192.5204341125575,1209.6059635880074,1751374
2025-06-12,1181.42724609375,1202.4746370660737,1171.8692302473858,1201.9298327018657,2717158
2025-06-13,1177.0692138671875,1178.6539344717455,1162.2122314998967,1169.7397450513708,829756
2025-06-16,1183.5072021484375,1186.0823881627452,1171.2749779006544,1173.7511415502634,532308
2025-06-17,1169.73974609375,1182.0709931070173,1165.282651379591,1178.7035071592427,1531068
2025-06-18,1159.24072265625,1170.779668690946,1151.6140665697994,1170.6805254262956,1308554
2025-06-19,1148.3951416015625,1159.240811049217,1143.9876186196689,1159.240811049217,1474774
2025-06-20,1168.947265625,1187.5680642866437,1148.3951077151185,1157.903672678084,22941194
2025-06-23,1168.303466796875,1188.0136307871358,1164.2424620851532,1175.1871527042574,1297744
2025-06-24,1171.62158203125,1180.436748544824,1167.6101486747734,1176.1776988306988,1100860
2025-06-25,1190.7374267578125,1202.870627614762,1174.691936027924,1174.691936027924,2300288
2025-06-26,1204.1087646484375,1210.1507004451953,1190.1432263854883,1198.4631601080187,3115098
2025-06-27,1217.628662109375,1220.1048257045486,1201.4841480126986,1212.8249289160235,2375672
2025-06-30,1220.897216796875,1225.998137860462,1209.8535032490518,1222.2343209245437,1658010
2025-07-01,1193.5604248046875,1223.9180937639178,1191.1337119369591,1223.224816319667,1077220
2025-07-02,1182.61572265625,1195.4422016038968,1178.6538609388087,1193.7584587365538,1475052
2025-07-03,1182.813720703125,1193.0651342176009,1181.1299779022265,1188.5088966972028,1263638
2025-07-04,1189.9752197265625,1192.0639182039135,1177.1942499762101,1186.0463588285445,790114
2025-07-07,1204.5465087890625,1206.485988399062,1187.5880215568675,1193.257363043616,868414
2025-07-08,1202.457763671875,1211.3099940253194,1197.0370793069835,1204.5465835843777,711576
2025-07-09,1207.3812255859375,1211.7078412450428,1200.7669126559226,1203.5021448032028,790360
2025-07-10,1194.2520751953125,1211.9067559621665,1192.3623755126587,1205.9887566090497,569850
2025-07-11,1195.29638671875,1207.8286981733916,1192.1136198592378,1195.545044173861,741064
2025-07-14,1190.02490234375,1200.8663926009767,1182.1176431577876,1196.1916806091774,942914
2025-07-15,1201.662109375,1203.5021503632606,1183.6593328963238,1190.0248669730329,1064608
2025-07-16,1223.394775390625,1238.3142238709984,1197.2359604891237,1201.5129176194105,2810630
2025-07-17,1217.9739990234375,1228.3678321138764,1216.4820542880764,1222.4000531724323,546708
2025-07-18,1229.4619140625,1231.799269890468,1208.972563756088,1222.897381438182,899652
2025-07-21,1229.660888671875,1232.5452180031384,1215.934948660959,1229.8099860122854,957974
2025-07-22,1215.1890869140625,1232.0977953057459,1212.4538546742315,1229.7604393110287,774548
2025-07-23,1219.6649169921875,1227.8706136814315,1210.2657129867848,1223.3947791236621,720228
2025-07-24,1154.8150634765625,1230.8544687583912,1148.7975041744985,1219.814101442787,5372012
2025-07-25,1131.192626953125,1151.2343221843544,1126.9156698432353,1151.2343221843544,3178714
2025-07-28,1108.6641845703125,1143.7745453626287,1105.083541399776,1131.2422335583633,1879938
2025-07-29,1105.879150390625,1122.9868562874594,1103.9893294337664,1109.0122586329464,1801922
2025-07-30,1109.75830078125,1113.7368203448843,1104.8845900328415,1109.0123283630685,929698
2025-07-31,1117.814697265625,1126.8658043312419,1104.5364134712797,1106.5256731083284,1346218
2025-08-01,1132.137451171875,1137.7073541690092,1115.527180884661,1117.814756740116,1410024
2025-08-04,1132.5849609375,1137.1603553765274,1122.937099964302,1136.861917855799,812794
2025-08-05,1127.5621337890625,1135.0715161748567,1119.008341513333,1133.7287901840648,1135934
2025-08-06,1110.6534423828125,1130.0983830331204,1107.0727992183497,1128.904875783225,1127544
2025-08-07,1111.300048828125,1117.1682681749041,1101.5526271282547,1111.996241200351,1014230
2025-08-08,1090.6116943359375,1120.351152873928,1087.5283659034894,1115.9747569949127,1242852
2025-08-11,1099.0660400390625,1102.9451209339215,1081.1627018302813,1091.1090008351598,1038967
2025-08-12,1085.2406005859375,1103.641252735213,1083.1519021924885,1102.0498692647172,758197
2025-08-13,1091.009521484375,1094.8886022347256,1080.7647853250874,1085.240619710543,813725
2025-08-14,1083.5498046875,1097.0767466368754,1078.874971449518,1093.9934183227558,941698
2025-08-18,1137.9560546875,1163.6175549074978,1114.482813116333,1114.482813116333,3478231
2025-08-19,1155.1630859375,1161.7276184023674,1124.1305630080258,1143.4264056103345,1851158
2025-08-20,1183.907958984375,1186.3945336092982,1150.488298893585,1158.743775214241,1652532
2025-08-21,1173.0665283203125,1183.90801851306,1162.5234756634727,1183.6095809771525,991563
2025-08-22,1156.655029296875,1184.6041026499095,1151.7813189492822,1168.6900257041507,921658
2025-08-25,1146.8082275390625,1160.5341681605148,1142.6308306967653,1156.6550874270804,931358
2025-08-26,1155.958740234375,1172.6685699496952,1142.8296750400336,1142.8296750400336,3619892
2025-08-28,1156.15771484375,1161.926494889977,1148.7974299705086,1159.340481668236,1065888
2025-08-29,1149.990966796875,1178.0396009960516,1143.8243103850568,1154.0690462526763,1593255
2025-09-01,1168.0933837890625,1169.6847673528443,1149.9910466835413,1151.681990369571,643866
2025-09-02,1194.4510498046875,1196.042433333235,1166.1040981622782,1168.0933579266577,1773623
2025-09-03,1188.3837890625,1200.0209096996446,1184.9025846000477,1200.0209096996446,827824
2025-09-04,1206.088134765625,1231.5506347047078,1201.512861727433,1223.394718480747,3346196
2025-09-05,1202.0101318359375,1209.867731660062,1184.6041100675232,1205.4913361896204,1434458
2025-09-08,1181.32177734375,1204.496700493893,1178.8352028175445,1202.0101259676876,1112974
2025-09-09,1195.7440185546875,1197.5344009426078,1181.520883817611,1188.7816092468818,1295618
2025-09-10,1210.9619140625,1212.652736341684,1195.2467129362683,1201.7118073439942,1015673
2025-09-11,1214.244140625,1218.3220986302517,1205.5907882865274,1205.5907882865274,783400
2025-09-12,1211.061279296875,1216.4323047619353,1203.0048018066727,1213.6472926201184,632659
2025-09-15,1205.9886474609375,1213.4483710534794,1203.1041967222002,1205.690209951327,523120
2025-09-16,1197.7332763671875,1208.4753278472988,1194.7493866687992,1205.4914381489104,1137133
2025-09-17,1197.832763671875,1206.088118486698,1189.1794112237224,1200.518215671261,1005661
2025-09-18,1202.60693359375,1206.784451834298,1193.5558261947288,1198.628414173101,1345158
2025-09-19,1188.0853271484375,1205.4913491033121,1184.6041227574626,1205.4913491033121,2395784
2025-09-22,1181.918701171875,1194.7493291251474,1177.6417442442664,1192.4617533154308,1107323
2025-09-23,1162.1256103515625,1188.0854267022848,1158.7438443768622,1183.4107146943174,2114020
2025-09-24,1172.270751953125,1178.8352848763102,1155.1631665878808,1161.6282608060503,1395188
2025-09-25,1167.1981201171875,1185.9966484224817,1165.3082991335739,1178.1390483841574,1273981
2025-09-26,1156.356689453125,1172.6686439831756,1153.9695534266914,1163.716974945136,1011036
2025-09-29,1146.3109130859375,1155.8593354542834,1143.0285859836415,1153.7706370322667,2130382
2025-09-30,1146.708740234375,1153.3727114419714,1140.2436464242578,1149.394192174207,1409305
2025-10-01,1160.1363525390625,1162.9212434411497,1138.8512481595,1151.6819982950838,727804
2025-10-03,1163.6175537109375,1165.0100598651647,1148.2007901361587,1153.7706933382833,1159975
2025-10-06,1175.35400390625,1177.3432635363968,1157.2517898378244,1157.2517898378244,639965
2025-10-07,1170.48046875,1185.7976714744277,1168.6900864346571,1175.3540579360754,922441
2025-10-08,1174.1605224609375,1176.1497821347384,1152.3781047498635,1163.7169091734831,893579
2025-10-09,1181.42138671875,1182.7143326774262,1166.6013776416564,1168.789514750048,922191
2025-10-10,1193.0584716796875,1195.5450462350848,1178.0395856480416,1180.0288452923596,1110822
2025-10-13,1181.7197265625,1194.3515987849366,1175.5530699224173,1192.5612164495426,1062394
2025-10-14,1169.1873779296875,1187.8864675037457,1164.7115436458223,1183.708949323273,1293553
2025-10-15,1214.8409423828125,1218.4215856167714,1169.1874072591957,1169.1874072591957,2283392
2025-10-16,1269.7445068359375,1279.5913671349344,1209.9672740922251,1214.8409848881713,6927367
2025-10-17,1282.5751953125,1304.5564907785995,1254.5266820266756,1257.112695361256,3171952
2025-10-20,1278.4971923828125,1298.5886661411737,1273.9219195028143,1282.575150353794,1246633
2025-10-21,1280.3870849609375,1285.0617968013464,1270.4407862240848,1273.1262383171234,245138
2025-10-23,1265.9649658203125,1296.7984922462133,1263.9757060508996,1280.0886616172322,1751448
2025-10-24,1275.115478515625,1277.6020531617164,1252.636867997915,1267.5563158744628,1433533
2025-10-27,1276.110107421875,1285.260653546752,1268.9488210123866,1275.1154775641805,1107997
2025-10-28,1264.174560546875,1281.9784594433547,1256.913713954219,1276.9058714062562,1343829
2025-10-29,1266.163818359375,1274.1208572807222,1259.6987242357804,1268.153078089712,836932
2025-10-30,1273.0267333984375,1274.5186781313644,1260.8921767217676,1271.1369124537753,728703
2025-10-31,1264.7713623046875,1277.1047974036921,1262.7821024956475,1273.0268390781168,943037
2025-11-03,1259.8975830078125,1263.0804713781406,1248.757777248606,1262.7820338570928,847050
2025-11-04,1258.206787109375,1262.1853065943058,1243.9835313848357,1259.2014169806077,770668
2025-11-06,1259.30078125,1272.0320914151678,1253.3330023753474,1258.2067127392681,1171263
2025-11-07,1255.9190673828125,1264.0751050299518,1249.6529721549566,1257.2121347582056,596683
2025-11-10,1256.1180419921875,1266.3626564363824,1253.4324685907732,1256.3169193931333,737986
2025-11-11,1261.2901611328125,1263.3788596551337,1248.2605336304632,1261.1907224250417,729912
2025-11-12,1271.3358154296875,1279.9891679036207,1254.8249843360766,1263.1798992915108,824792
2025-11-13,1268.3519287109375,1282.3763066454585,1263.4783396063588,1273.1262005288309,691337
2025-11-14,1264.7713623046875,1272.1316478810922,1255.6208157490166,1268.3520056780028,675047
2025-11-17,1263.4783935546875,1271.1369951158424,1257.3116154086997,1265.1692157960497,774802
2025-11-18,1258.30615234375,1263.080424012819,1245.87327967927,1255.3222629042748,810387
2025-11-19,1272.131591796875,1273.1262216575449,1256.2175140261556,1261.091224626394,726287
2025-11-20,1272.3304443359375,1281.6799891264577,1268.3519249710162,1281.0832355046746,796864
2025-11-21,1273.8223876953125,1281.9784252332868,1266.163786492181,1268.1530461724517,673231
2025-11-24,1262.3841552734375,1278.8951078919692,1252.7362943079568,1278.099355447181,2636542
2025-11-25,1256.4163818359375,1264.075104553466,1244.0830687896535,1260.5939000677104,1065974
2025-11-26,1269.9434814453125,1275.8117006151708,1250.3491999281139,1250.3491999281139,810809
2025-11-27,1259.5992431640625,1272.6288696765455,1253.730902874002,1269.1476652655506,708607
2025-11-28,1254.32763671875,1262.8814288536962,1251.443185969294,1259.4997846109952,626947
2025-12-01,1253.830322265625,1257.2120879243255,1244.8786539180626,1253.830322265625,644563
2025-12-02,1252.1395263671875,1255.023977178099,1244.2819263701444,1244.2819263701444,911551
2025-12-03,1235.2308349609375,1251.2443512625023,1229.4619332651996,1250.249721412532,642993
2025-12-04,1235.7281494140625,1238.3141627400423,1226.577481948965,1235.2308344892674,664641
2025-12-05,1240.2039794921875,1242.2926778862227,1227.5721075967606,1230.8544346550846,911699
2025-12-08,1208.2763671875,1241.29802900868,1206.287107525627,1240.2039604776048,1534927
2025-12-09,1209.27099609375,1214.9403375598429,1200.816642537255,1208.375804963637,810028
2025-12-10,1202.805908203125,1215.2387811423998,1198.5289513461046,1209.271002131548,514862
2025-12-11,1208.4752197265625,1213.8462449860792,1199.3246740361055,1202.9053170708594,339626
2025-12-12,1231.650146484375,1233.340968601226,1208.8730994748335,1212.453742520076,841766
2025-12-15,1236.822265625,1241.2981001206274,1218.918927642491,1231.3518012414556,857798
2025-12-16,1233.937744140625,1257.2121064705827,1227.77108775391,1229.859786116199,1086329
2025-12-17,1227.969970703125,1234.7335021508634,1217.725356245691,1230.3571065914311,526222
2025-12-18,1226.8759765625,1237.2201517625622,1220.9081971872467,1228.0694838716379,707432
2025-12-19,1237.7174072265625,1239.5076681042303,1223.096275611005,1224.1904655757078,754446
2025-12-22,1250.4486083984375,1253.1341818628018,1233.3410234137705,1239.308802559321,880387
2025-12-23,1249.75244140625,1254.7255907950532,1244.3814157833865,1253.2336459784121,663261
2025-12-24,1252.9351806640625,1257.3115763121143,1241.198621215625,1244.381388187966,598956
2025-12-26,1265.7659912109375,1270.1423870703306,1244.6798858176567,1257.2121983217683,1433973
2025-12-29,1273.126220703125,1279.591314792633,1263.9756745577324,1268.1530714035034,888206
2025-12-30,1267.2579345703125,1282.0779444014315,1260.892278910964,1277.1047948886253,2043408
2025-12-31,1281.083251953125,1287.3494685992414,1263.577790805665,1267.357311402002,738631
2026-01-01,1288.045654296875,1292.0241736923865,1277.104725959218,1286.0563945991191,932297
2026-01-02,1272.8277587890625,1292.0241632836676,1270.7390604062011,1285.0617543976125,736473
2026-01-05,1307.5404052734375,1312.9114308644753,1271.6342911819938,1272.1316061179273,2397082
2026-01-06,1312.81201171875,1316.3926550278604,1291.4274691550181,1311.916820537777,866154
2026-01-07,1307.7393798828125,1325.5431571277572,1297.196206304414,1305.4516826539652,676669
2026-01-08,1299.8818359375,1308.0377525223769,1292.024235472685,1302.0699731437503,555817
2026-01-09,1292.1236572265625,1303.760899711072,1283.1719882760692,1299.8818188829023,1194489
2026-01-12,1305.352294921875,1310.9221980357322,1284.6639445963697,1286.0564507285294,1032516
2026-01-13,1311.618408203125,1314.8012967505322,1301.9705466828477,1305.3523126455,1316337
2026-01-14,1300.0806884765625,1321.0673546069077,1295.206977794309,1313.9060680554846,904110
2026-01-15,1300.0806884765625,1300.0806884765625,1300.0806884765625,1300.0806884765625,0
2026-01-16,1308.83349609375,1313.8066455420774,1298.2904435462522,1311.1210719911116,1491989
2026-01-19,1308.5350341796875,1313.2098674228805,1298.4892967641995,1298.9866116997662,867546
2026-01-20,1288.7418212890625,1310.0269239195488,1284.6638632717893,1307.9382255609235,1173676
2026-01-21,1276.3089599609375,1304.655910352938,1264.4729620167993,1291.9247212713608,1046054
2026-01-22,1298.986572265625,1304.9543513112558,1265.4675951919091,1278.9945367457171,994359
2026-01-23,1286.8521728515625,1304.8549491943372,1283.3709683106754,1302.9651281606143,744221
2026-01-27,1296.3011474609375,1306.9436384163773,1283.3709592574269,1293.0188203510581,1159495
2026-01-28,1285.4595947265625,1298.9865359016962,1266.1637520695706,1290.2337449805539,940426
2026-01-29,1280.9837646484375,1287.4488584541489,1255.5212656350518,1279.5912586227143,1151521
2026-01-30,1325.244873046875,1332.4061595988705,1276.1101328160523,1279.094022448514,5292100
2026-02-02,1301.2742919921875,1303.9597440432992,1267.059000588645,1290.5322409581852,1254558
2026-02-03,1300.975830078125,1333.2018611611804,1284.1665615074633,1322.857686547329,1232271
2026-02-04,1296.2015380859375,1320.8684062873333,1288.1450607943987,1306.5457125386122,875783
2026-02-05,1296.5,1303.5618476004356,1280.0886075949368,1297.7930673614608,854891
2026-02-06,1303.300048828125,1305.199951171875,1278.699951171875,1291.0999755859375,835646
2026-02-09,1295.5999755859375,1307.0,1290.300048828125,1301.0,746303
2026-02-10,1308.5999755859375,1310.300048828125,1296.5,1296.9000244140625,936331
2026-02-11,1305.300048828125,1324.9000244140625,1296.699951171875,1315.0,911500
2026-02-12,1305.5,1312.0999755859375,1295.0999755859375,1312.0999755859375,534672
2026-02-13,1282.5999755859375,1310.4000244140625,1278.0,1305.0,522586
2026-02-16,1289.800048828125,1295.5,1274.199951171875,1276.699951171875,456222
2026-02-17,1285.300048828125,1289.5999755859375,1278.0,1281.0,396198
2026-02-18,1300.9000244140625,1303.4000244140625,1278.0,1286.5999755859375,446022
2026-02-19,1278.5,1300.0,1271.9000244140625,1299.800048828125,659360
2026-02-20,1293.800048828125,1301.0,1276.4000244140625,1278.5,754146
2026-02-23,1315.0999755859375,1318.5,1295.5,1299.0,933582
2026-02-24,1320.0,1323.9000244140625,1305.5999755859375,1305.5999755859375,1120203
2026-02-25,1323.4000244140625,1334.800048828125,1315.0,1328.0,991399
2026-02-26,1318.0,1329.199951171875,1310.5999755859375,1329.199951171875,438946
2026-02-27,1291.699951171875,1322.9000244140625,1286.0,1311.0999755859375,1640870
2026-03-02,1279.699951171875,1288.0,1261.300048828125,1261.9000244140625,1161869
2026-03-04,1245.300048828125,1270.0,1240.0,1259.699951171875,1112032
2026-03-05,1250.9000244140625,1254.4000244140625,1222.699951171875,1249.5,935711
2026-03-06,1252.4000244140625,1264.0999755859375,1234.199951171875,1250.0,830769
