Date,Close,High,Low,Open,Volume
2021-03-08,95.71540069580078,97.34580118899682,94.34586546091461,94.71542408543755,15749448
2021-03-09,93.91108703613281,96.5632062110581,92.71546007093627,95.86756752463623,12585004
2021-03-10,93.5415267944336,95.19366938290207,93.04153852440723,94.78063226153692,10661165
2021-03-12,95.67192840576172,96.0414870543723,93.6502328418241,93.78066842797702,18173078
2021-03-15,97.4544906616211,98.47620944260184,95.54148867209955,96.08495548145181,30092241
2021-03-16,97.58491516113281,98.78054200604043,97.17187807409535,97.8892530016416,14767699
2021-03-17,95.84583282470703,97.82404965980727,95.36758085117958,97.80231334614379,12571132
2021-03-18,96.10670471191406,97.17190216020558,95.71540973598825,96.08496839541549,14232655
2021-03-19,100.08486938476562,100.91093182415362,95.28061945217462,96.4762463829066,70334403
2021-03-22,97.1936264038086,101.91092543343046,96.60668696132304,101.91092543343046,29180881
2021-03-23,95.21540832519531,97.38927555663884,94.99802160205095,97.19362514701201,38455903
2021-03-24,96.10670471191406,97.34581038317337,94.30239584176114,94.36761068824993,24398959
2021-03-25,94.08499908447266,97.12841330226983,93.62848931060006,96.10669449261087,20272124
2021-03-26,93.30240631103516,96.51972863314249,92.23720900917215,95.36758018024496,25184863
2021-03-30,96.23713684082031,97.2588557223766,93.65023221485791,94.30239245027772,53328751
2021-03-31,93.75892639160156,96.12844429274747,93.32415289759263,95.60671374113957,20694060
2021-04-01,95.0849838256836,95.36758540175511,93.36762626056868,94.19369467408256,11229344
2021-04-05,93.10675811767578,95.21541056109088,92.75894171127413,93.56327378519441,14484908
2021-04-06,90.95463562011719,95.21541942881652,90.65029771041985,93.5632824990511,25301732
2021-04-07,91.54156494140625,93.99803948552142,91.10679152078295,91.69373681802278,22841720
2021-04-08,90.86767578125,92.82415633086607,90.65028905351487,92.15025393669177,20468881
2021-04-09,90.5633316040039,91.93286680329348,90.43290192673533,91.04158358230931,11773021
2021-04-12,87.45470428466797,89.84595832552569,86.30255578983501,89.84595832552569,18544315
2021-04-13,90.75898742675781,91.04158900901298,88.01991096791855,89.1938017212772,19831072
2021-04-15,90.34595489501953,91.91114068075616,90.01987476869911,90.38943342459419,10159348
2021-04-16,91.23724365234375,93.38936893702437,90.10683137406056,90.21552474895331,22020846
2021-04-19,87.4764404296875,89.99813004245304,86.95471581452365,89.49813584455637,18404990
2021-04-20,88.56336975097656,89.43291663071345,87.6720865580431,89.12857876100085,14467660
2021-04-22,88.45468139648438,89.08510527876494,87.47644110142369,88.69381034013917,11626459
2021-04-23,91.80244445800781,92.56329806249046,88.69381519623441,88.82424488392002,38318040
2021-04-26,93.82412719726562,94.10673464367882,90.51984795782312,90.51984795782312,19139358
2021-04-27,94.1937026977539,95.86758187906041,93.82414403741458,93.93283741416184,15270611
2021-04-28,96.04146575927734,96.38928801490357,94.04150695464922,95.12844044662194,16383579
2021-04-29,95.71540069580078,97.23710782278376,95.23714870506477,96.997984775912,14761969
2021-04-30,95.67192840576172,96.65016876544053,94.19369970831232,94.67195173022054,16897105
2021-05-03,95.99800872802734,96.8892979291427,94.23717843569067,94.56325855627101,15528063
2021-05-04,94.8023681640625,96.38929590991735,94.21542874791572,96.25886034200201,20857434
2021-05-05,94.86758422851562,95.80234588278256,94.25889673551224,94.80236349927112,23178237
2021-05-06,93.65022277832031,95.38931656420239,92.86763293347029,94.97628532825075,18823613
2021-05-07,93.28067016601562,94.25891048346095,92.82416037667154,94.06326595816748,12509591
2021-05-10,95.5849609375,95.71539060440732,93.45457236373187,93.65021686409284,17845577
2021-05-11,97.12842559814453,97.9110214628455,94.9545580245194,95.65019682747808,22995780
2021-05-12,98.23709106445312,102.17178859198076,96.97624328936277,97.12841518259704,55645370
2021-05-14,99.49793243408203,99.99792666707184,97.3240708728336,99.01968631086325,18820793
2021-05-17,99.30229187011719,100.43269820886199,98.737082803752,100.41096189349874,10996347
2021-05-18,101.345703125,104.28043550550775,99.34575010955501,100.38921103569038,52885042
2021-05-19,101.6283187866211,103.47610597205112,100.60660588403606,101.82396920034593,28081040
2021-05-20,99.54139709472656,102.15003752664522,99.30227408059737,101.73700043279474,10707136
2021-05-21,99.10663604736328,99.67183918595948,98.25882544247654,99.15010867572263,21702883
2021-05-24,100.43268585205078,101.91092023067421,99.30227965238636,99.5631389926215,22028927
2021-05-25,101.25875854492188,101.9326549919259,100.49790505450162,101.30223116963805,9165363
2021-05-26,98.08491516113281,101.65005391561859,97.80231359781874,101.38919456301628,18322114
2021-05-27,99.25879669189453,99.8239998000339,97.06319319836221,98.56316391172058,51194207
2021-05-28,98.01969909667969,100.43268935700907,97.73709163990893,100.43268935700907,15307498
2021-05-31,98.10665893554688,98.51969610356457,97.28059049650426,98.25883083413196,13102261
2021-06-01,97.56318664550781,99.12837227790529,97.34579991592463,98.38925503852545,15733731
2021-06-02,98.88923645019531,99.19358019106454,97.43274437087832,97.47622289057274,7995532
2021-06-03,98.3892593383789,100.62834746853342,98.10665775696886,99.58488640333832,10291328
2021-06-04,98.32405090332031,99.19360381331137,97.73710549014805,98.25883605674407,6142487
2021-06-07,102.71525573730469,103.38915225610117,98.65012261887432,98.82403082724187,18058790
2021-06-08,101.75874328613281,103.88913782675196,100.88919641959181,103.88913782675196,22511761
2021-06-09,105.25865936279297,106.73688168572097,101.65003109986243,102.60653483468761,39865778
2021-06-10,105.06304168701172,107.82384861838159,104.45435408618127,107.82384861838159,32690784
2021-06-11,107.0847396850586,108.1716734899295,106.08476294337467,108.1716734899295,29142097
2021-06-14,108.12818908691406,108.60643519141145,105.25868887195907,107.80210898094256,18732629
2021-06-15,107.64994812011719,109.34555767570241,107.41081326247023,108.93252049629551,15026686
2021-06-16,105.28042602539062,107.60645941558529,104.7586954928839,107.32386373121716,30706682
2021-06-17,104.28044891357422,106.10648807812198,102.93264406118735,106.10648807812198,22261167
2021-06-18,101.30223846435547,106.51951991721654,100.0413907289868,106.08474646281145,49278209
2021-06-21,102.1065673828125,102.36742671474454,99.3022764916162,100.82398344718185,11719831
2021-06-22,101.75874328613281,103.04132727307764,100.88919641959181,100.88919641959181,10961545
2021-06-23,100.97615814208984,102.60655859237166,100.86746477873771,102.49786522901952,10721151
2021-06-24,100.49791717529297,101.28050707245745,99.17184863972543,100.97616328078645,12964208
2021-06-25,100.36747741699219,101.21528806760607,99.73706530185534,100.62834858317329,7736431
2021-06-28,100.80224609375,101.08485356180847,100.30226368854996,100.86746683068195,9989595
2021-06-29,102.60655212402344,103.43262635101748,100.71529243851602,101.12831775802904,61089570
2021-06-30,101.04137420654297,103.30219841854593,100.86746011562575,103.1065480147601,17437744
2021-07-01,100.34574127197266,101.28050897956696,100.0848818993343,101.10659486848435,15924813
2021-07-02,99.10663604736328,100.47616536850197,98.95445826013571,100.34573568943898,9549992
2021-07-05,100.12834930419922,100.38922045720771,99.28053869639528,99.69357584317001,6849185
2021-07-06,99.47618865966797,100.21530589884887,99.25880193014329,99.73705981148852,5343938
2021-07-07,100.41094970703125,100.62833642225156,99.47618211399022,99.47618211399022,7228897
2021-07-08,100.49791717529297,101.36746412636136,99.80227253804706,100.0413955907938,8740010
2021-07-09,100.10661315917969,100.62834367209373,99.99791979373863,100.45442956979407,2990856
2021-07-12,99.5631332397461,100.75876010237664,99.21531687486844,100.30225038635075,5578309
2021-07-13,99.41098022460938,100.82399397373204,99.25880243677443,100.17183378182928,8264289
2021-07-14,99.97618865966797,100.62834888610567,99.32402843323027,99.41098548888574,9228746
2021-07-15,100.17181396484375,100.6283236500674,99.69355617567113,100.43267327240508,5376823
2021-07-16,101.6717758178711,102.82393001551932,100.21528968331924,100.71528379791745,15903784
2021-07-19,101.36744689941406,102.01960700188364,100.6500660691042,101.67177884537986,13725925
2021-07-20,100.5631103515625,102.73697738836302,100.41094437657985,102.12830169444896,14178067
2021-07-22,101.41092681884766,101.95439361000993,99.43271005781384,101.95439361000993,10378326
2021-07-23,101.30223846435547,101.71527560483725,100.88920132387368,101.62831855515928,6660369
2021-07-26,101.17180633544922,102.32396067930003,100.88919887933955,101.49788641835215,12963701
2021-07-27,100.80224609375,102.10657827449418,100.2805273742343,101.30224029293501,10832912
2021-07-28,99.17184448242188,101.04137978403587,98.86750660050144,100.86746568351857,13828088
2021-07-29,97.04144287109375,100.60658775767234,96.89651837809451,99.12835321148584,28609665
2021-07-30,99.2153091430664,100.40368289581781,97.50519896563344,97.99793987745647,34142169
2021-08-02,99.12836456298828,99.70806260136834,98.14287671834353,99.41821358217831,9575755
2021-08-03,101.12830352783203,101.56307699406345,99.18631773746209,100.0268868485672,20959435
2021-08-04,101.59205627441406,102.37464607522047,100.78047686121397,101.82393779161178,23323277
2021-08-05,101.5630874633789,101.8819260890758,100.43268105224685,101.59207708171002,6621382
2021-08-06,101.44713592529297,102.31668280465263,101.18627657907882,101.73698488507952,5340311
2021-08-09,102.28768920898438,102.60652776993084,100.89642369135888,102.60652776993084,16415005
2021-08-10,100.05587768554688,102.08482079189221,99.33125514756641,102.08482079189221,11925263
2021-08-11,102.22972869873047,102.60653471608931,100.02688361737474,100.25875335668661,31279965
2021-08-12,108.40351867675781,108.80930253175052,102.20075521338232,102.60653906837504,58107755
2021-08-13,107.09920501708984,108.5774396280189,106.43254996129859,106.78036640093309,26776843
2021-08-16,104.75142669677734,106.83834898803579,104.57752436849668,106.66443486576881,21308655
2021-08-17,106.22965240478516,106.51950138815428,104.92533197962409,104.95432159555513,15962459
2021-08-18,104.69345092773438,107.82382232167691,104.43259155906641,106.49051227429858,25227527
2021-08-20,103.53404235839844,104.37461138797991,102.63551769172244,102.78044216641057,18720467
2021-08-23,101.82393646240234,104.28765248825104,100.98336744778138,104.0557709740803,13112745
2021-08-24,102.3746566772461,103.93984823493567,101.70800166900712,102.7804523228627,11029463
2021-08-25,101.73698425292969,102.86739047147962,101.4761249083364,102.72246599248685,12001351
2021-08-26,100.34571838378906,101.6790284607591,99.47617141028311,101.6790284607591,12115246
2021-08-27,101.0703353881836,101.36018436365529,99.56312307452777,100.75150859155573,8051699
2021-08-30,101.73698425292969,102.22972512270827,100.1718045974014,101.56307016054464,14512401
2021-08-31,101.65003204345703,102.63552562389033,101.41815050723832,101.73698909378716,43248333
2021-09-01,101.82393646240234,103.07028928133431,101.24423857396737,103.07028928133431,11817591
2021-09-02,101.88191223144531,102.08480415020745,100.98337571323272,101.67902031268319,13545023
2021-09-03,101.76597595214844,102.49059836196442,101.09932097632084,102.02683530208837,12286475
2021-09-06,100.92540740966797,102.22972775417713,100.28774204448263,101.85292174029979,13950485
2021-09-07,100.28775024414062,100.95440527797103,99.96891163848699,100.92541566146232,12485031
2021-09-08,101.9690170288086,102.41146287533404,100.40571197171887,101.02513495664333,25370295
2021-09-09,102.35248565673828,102.7359411734542,101.40860346320831,101.7035673988185,5078350
2021-09-13,102.58845520019531,102.8244287398928,101.88053458110286,102.79492754663832,7522483
2021-09-14,102.7064437866211,103.29637167971153,102.35248945118958,102.58846300884849,8434427
2021-09-15,104.94818115234375,105.59709947495128,102.49997784230607,102.64745982481298,20064238
2021-09-16,105.86256408691406,107.1604127568542,105.18415655725487,105.56760011676148,16214883
2021-09-17,105.47911071777344,106.42299293405702,104.26975375177308,105.92155663185451,21219226
2021-09-20,104.417236328125,105.71507288277037,103.2963709388693,104.53521710505144,7833069
2021-09-21,103.76832580566406,105.24314563802963,103.50285103456955,103.8568173960289,9481007
2021-09-22,104.2697525024414,104.6826972164572,103.70932581883235,103.70932581883235,9165634
2021-09-23,105.15464782714844,105.44961177617269,104.41723795458779,104.41723795458779,10295913
2021-09-24,103.91580200195312,105.89205806684473,103.70932963734305,105.18414938757765,7093411
2021-09-27,103.82730102539062,104.50572044955862,103.29636356290641,104.12226494875821,5205649
2021-09-28,108.51724243164062,111.4373930077441,103.88631038914423,104.32875635502825,38873626
2021-09-29,115.06544494628906,115.8028548421199,107.6323435946229,108.25177270796647,53686662
2021-09-30,112.02730560302734,116.80571897901909,111.28989576098807,115.00643416359797,23618199
2021-10-01,113.17768096923828,114.15106454015887,111.8798442094212,112.55826378928194,16994903
2021-10-04,113.05967712402344,113.88557853103642,112.11579494548566,113.26614947524841,10757286
2021-10-05,112.05679321289062,115.09492411960828,111.70283889413325,113.05967778516852,17200858
2021-10-06,110.67048645019531,113.35466355525425,110.16905006851272,113.2366707581954,8929507
2021-10-07,111.08343505859375,113.00070084902222,110.6704783024635,112.67623568364235,6733699
2021-10-08,110.72944641113281,112.17477676354206,110.31650174022283,111.4963573738081,8165175
2021-10-11,114.12155151367188,115.09493498371971,111.6733602432762,112.08630498711989,12982042
2021-10-12,114.06255340576172,114.82946445200685,113.05968080877668,114.3870185411993,8539966
2021-10-13,117.63164520263672,120.64027559203947,114.53452321311003,115.09495001036852,33075614
2021-10-14,120.7287368774414,121.49563588101184,116.9531962378157,118.10355074422777,19185455
2021-10-18,120.22732543945312,123.85537286390137,119.25394188567529,123.7668932698341,38546365
2021-10-19,117.1891860961914,120.81724527853717,116.21580260793554,120.34529813207538,16174177
2021-10-20,114.65249633789062,118.13307369358017,114.06256837937087,117.98559170395023,21909934
2021-10-21,114.47550964355469,116.4222644416731,114.15104450947825,115.77334617563362,16946547
2021-10-22,114.71147918701172,116.21580018312117,112.82371464478133,115.56688187186163,7705870
2021-10-25,113.6496353149414,115.0359637598289,112.38128767306362,114.71149854837775,7862419
2021-10-26,112.32228088378906,113.82658991220828,111.90932412927268,113.62011753600736,8525850
2021-10-27,112.2337646484375,113.17764673388898,111.23089218304129,112.17477426849277,9862679
2021-10-28,109.66761016845703,112.73523075972383,109.28415459401991,112.49925717529214,11095238
2021-10-29,109.16615295410156,111.28989080416116,106.95392352651598,110.2575170712879,12988035
2021-11-01,110.75895690917969,111.20140280895005,108.87119253767142,108.90068172972155,5475153
2021-11-02,109.43162536621094,112.8237107886137,109.2251530017918,111.28990065021087,10946890
2021-11-03,108.51724243164062,110.49351068094786,107.95681567570018,109.43163556198024,13957727
2021-11-04,109.16615295410156,109.63808803071882,108.69420587537152,109.10715056767573,830214
2021-11-08,111.58485412597656,112.29276273814054,108.90067763413877,110.67046116666143,11947323
2021-11-09,110.05105590820312,112.29277475468578,109.3136460240745,112.29277475468578,10381150
2021-11-10,108.78272247314453,110.02156883710708,108.28128608798296,109.69710364558843,13857851
2021-11-11,107.45536804199219,109.28414210870568,106.59996539641831,109.13666013554953,8851354
2021-11-12,107.36688232421875,108.36975499563219,106.36400965280531,108.36975499563219,9590673
2021-11-15,111.08343505859375,111.34889782873033,107.36688426399428,107.48486505025174,24821341
2021-11-16,110.67048645019531,112.88271637124978,110.02156807377575,111.4963880211454,23206330
2021-11-17,112.70574188232422,114.32804377698041,110.31652883662088,110.31652883662088,18359498
2021-11-18,113.56111907958984,114.71147366682332,112.70572843801762,113.17766354980745,10742933
2021-11-22,114.56399536132812,116.21579831075297,113.26615875971864,114.68198814463793,25095721
2021-11-23,119.07695007324219,119.40141523505163,113.94458189157181,114.0035722840514,19671538
2021-11-24,119.9323501586914,122.38054140911545,119.16543906682163,119.28341984921043,18120478
2021-11-25,120.49276733398438,120.93521323606755,118.72298372565167,119.51938394897874,18537454
2021-11-26,119.1654281616211,120.90571055422528,118.45751952784285,120.37478507994813,12814537
2021-11-29,118.13304901123047,120.34527839346325,117.10067529952184,117.39563921715288,16066147
2021-11-30,121.96759033203125,123.5898920172215,118.16256027124861,118.16256027124861,37739647
2021-12-01,122.23304748535156,123.14744046690915,120.75822783904127,122.11506671449193,20332817
2021-12-02,126.53953552246094,127.42442737926136,121.820112286192,123.29493204752605,33758843
2021-12-03,121.58413696289062,127.68988828595303,121.23018262572003,125.7431334304579,47614182
2021-12-06,119.1654281616211,122.70499533473856,118.78197265077743,122.32153982389488,11322446
2021-12-07,121.40715789794922,122.08556533251573,119.253918817233,119.51938155231441,8049102
2021-12-08,120.81723022460938,122.49852222095302,120.07982040146629,121.02370257466684,8788449
2021-12-09,119.87335205078125,121.79061784688258,119.22443372021604,121.23019110732957,5755422
2021-12-10,119.54888153076172,120.49276369292757,119.07693444862237,120.49276369292757,6164402
2021-12-13,120.58126068115234,123.67838204110258,120.16830396522425,121.230178946624,21648126
2021-12-14,125.21218872070312,125.74312619697324,119.87333676828021,120.40427424455032,48042035
2021-12-15,123.7963638305664,127.2179503523541,122.5870188718463,125.71362945005993,15207306
2021-12-16,122.82295989990234,124.94670952523559,121.70210671133496,124.71073601107506,13410737
2021-12-17,123.8553466796875,124.17981179639017,120.96470983101044,122.82297294741348,15209414
2021-12-20,123.7963638305664,125.44816670359084,122.41003570612457,124.32730132561808,22539246
2021-12-21,121.87908935546875,124.9172201321877,120.81722644463274,124.74023697932537,17566511
2021-12-22,123.06983184814453,123.95522131690977,120.90213704802036,122.00125235403323,14750231
2021-12-23,127.22197723388672,127.98524805053233,123.37509977180935,123.64987229659073,15932489
2021-12-24,125.42069244384766,127.43572041780683,125.08484823667253,127.13041201965873,8975969
2021-12-27,125.84811401367188,126.55032578490098,125.17643805020361,125.42068724320026,8648187
2021-12-28,125.54277801513672,127.40516372619692,124.13836720460772,126.18393045285312,15736206
2021-12-29,124.93217468261719,125.72598136403482,123.77200046478701,123.95519044450756,17172943
2021-12-30,125.39013671875,129.0843727187883,123.13085990051357,124.93217419426733,87481206
2021-12-31,124.81005859375,125.90916122308563,124.29103687242244,124.56580942399914,9842223
2022-01-03,125.17644500732422,126.3671428076938,124.65742320775364,125.42069421389587,7410054
2022-01-04,128.5958709716797,130.06135349567322,125.48172837258612,125.97022668826003,14784090
2022-01-05,127.40518188476562,129.05384206954602,127.038814335151,128.22951197715582,9565107
2022-01-06,125.7564926147461,127.43568838243671,124.96269843292697,126.85560754099092,5615931
2022-01-07,125.29855346679688,127.31359373249428,124.87112670645124,126.36713279069072,11908249
2022-01-10,124.56583404541016,126.55033875446694,124.22998981774188,126.55033875446694,11085710
2022-01-11,124.47425079345703,125.66496118518292,124.2605373661316,124.90169007114035,7208789
2022-01-12,125.14588165283203,126.21446082623324,124.77951413512864,125.78703412608394,11018139
2022-01-13,127.00828552246094,129.14544417307928,126.12289619355953,126.76403633492718,20522807
2022-01-14,126.85564422607422,128.0158186675013,126.1229090120313,126.97776262073769,14183654
2022-01-17,126.00077819824219,127.9547594741355,125.6649464013917,127.71051026176995,7574539
2022-01-18,125.2680435180664,126.9167039682561,124.93219929675355,125.93971953766106,8475422
2022-01-19,124.96270751953125,126.6419034093238,122.76448993022666,125.78703756264193,13724367
2022-01-20,131.0688934326172,131.49632020653866,125.42068825549582,126.45873180532229,30170343
2022-01-21,131.34365844726562,133.8777204059174,130.06136577633023,130.61092332759665,29509593
2022-01-24,130.67201232910156,132.96182562926106,129.14547012899524,132.13749532581008,12850189
2022-01-25,133.63345336914062,134.45778337437997,129.4201959364389,130.36665672732377,27389035
2022-01-27,131.1909942626953,133.9082460056699,129.66445252721357,133.114439334008,28512473
2022-01-28,128.3516387939453,132.8091461393278,127.77155783749123,132.8091461393278,18932049
2022-01-31,131.52684020996094,132.35117027377316,128.96224260551008,129.450740936747,19907759
2022-02-01,130.0308074951172,132.53434563782986,129.0232999854707,132.50380983685932,8622355
2022-02-02,130.67201232910156,132.99236144247607,130.21404966906968,131.19103419253128,9921099
2022-02-03,129.02333068847656,131.28260780710775,128.84014068511505,130.67199102660956,4594389
2022-02-04,128.04632568359375,130.27507927398284,127.67995812341336,129.4507491578196,7329263
2022-02-07,130.45826721191406,130.85517057212368,128.22951365661,128.87066619410473,7869237
2022-02-08,128.2600555419922,131.5268527268191,127.3135945937857,130.67198677731483,9074237
2022-02-09,127.83262634277344,129.23704997118313,127.43572293274194,128.5958973532068,9833985
2022-02-10,129.48129272460938,131.71003402554956,128.26005916879333,128.26005916879333,19180334
2022-02-11,126.88617706298828,129.45076267507463,126.42821445918494,128.35164745673436,20071130
2022-02-14,123.25299072265625,126.36713371913545,122.88662315066397,126.36713371913545,12109375
2022-02-15,124.22998046875,124.47422966839753,121.5127407331259,123.34459109593685,19046061
2022-02-16,123.19445037841797,126.14408303361607,122.81789066226612,124.63788247360479,20270061
2022-02-17,123.63375854492188,124.79478367304905,123.00617601423698,124.41823670827797,16405551
2022-02-18,122.81791687011719,125.6106672637893,122.53550979093976,123.50826798490897,14600643
2022-02-21,124.35549926757812,124.88894194334415,122.72378700185808,122.8179141807218,10682638
2022-02-22,124.35549926757812,124.5437663935067,120.3703521662423,121.87654024647549,13606058
2022-02-23,124.292724609375,125.2027141664631,124.0103048112379,124.48099170660053,6493463
2022-02-24,119.9310302734375,123.00618751495138,119.1779362734833,121.7510223362274,13145037
2022-02-25,123.82206726074219,124.19861431324506,120.59001392103825,120.84104954544091,10920938
2022-02-28,131.25889587402344,131.94923414109786,123.03756683551892,123.91617221095913,31938385
2022-03-02,132.357177734375,133.76923863601868,129.4075317455764,130.38028991843362,20502615
2022-03-03,136.7188720703125,137.66024600621301,132.23165375554643,132.23165375554643,19805555
2022-03-04,134.961669921875,136.49924248860327,132.38857053856174,135.5264841589894,12794317
2022-03-07,133.54957580566406,135.05576375687528,131.07061699691218,132.10613078951994,17635653
2022-03-08,133.2671661376953,140.20195916133673,131.66683812560956,134.3026800091632,28410490
2022-03-09,130.59994506835938,135.55785048703476,129.65857110664385,135.02440779570293,22830958
2022-03-10,131.0706329345703,132.67097378757725,129.94099183380212,132.41993817578378,16516553
2022-03-11,133.32992553710938,133.6751010932222,130.38029226345967,131.35305045381295,12992850
2022-03-14,133.92611694335938,134.302663914714,131.5412981777809,133.329905867865,12598659
2022-03-15,131.57272338867188,134.9616727227045,130.7254892472146,133.80063444448894,14528285
2022-03-16,131.3844451904297,132.92203057751846,131.1334095386393,132.57685496028122,11933774
2022-03-17,132.76512145996094,133.51821557094146,130.38030216151864,133.04752855952805,28464621
2022-03-21,128.59169006347656,135.55785506161354,128.34065444490727,135.55785506161354,17797415
2022-03-22,130.9765167236328,131.47858803822024,128.05826710823067,128.6544656221248,13285297
2022-03-23,131.8551025390625,132.16889384104417,130.7254615128489,131.47855553032463,9408783
2022-03-24,132.26303100585938,132.545438064428,130.53717888122776,131.79234406277803,11188958
2022-03-25,131.57272338867188,132.29444608998864,129.7213466532764,132.26306184585175,9842670
2022-03-28,133.23580932617188,133.5182164275508,130.22340732651844,131.57271265486742,12823578
2022-03-29,132.6082000732422,134.58507492324821,131.60405776239483,134.20852794078039,10470515
2022-03-30,136.24815368652344,137.25228309964686,132.92197420753973,133.73782376961577,54218485
2022-03-31,136.05992126464844,136.34232834496385,134.77337174720822,135.27544296577062,10326026
2022-04-01,141.2375030517578,141.67680586965355,135.62062977606968,135.62062977606968,39663961
2022-04-04,142.7122802734375,143.1515829691647,140.60988119839976,141.83366211378288,9907530
2022-04-05,146.2581329345703,147.23087832291944,142.398497314473,144.3126166214702,17167487
2022-04-06,148.51742553710938,149.6470665614636,145.0657212209924,145.1912326342982,17153675
2022-04-07,145.1912384033203,150.5570749788611,144.34400440934053,148.07811593786687,11913911
2022-04-08,145.97569274902344,146.91706653644388,144.72052769912952,146.22672831264205,6746769
2022-04-11,144.90882873535156,147.8270904563584,143.3398721937566,145.91295836833214,12413822
2022-04-12,146.2895050048828,146.63468055041798,143.46538323734376,143.8733144907396,14769907
2022-04-13,144.03021240234375,147.7015682040574,142.80643139117294,147.45053260047843,11015439
2022-04-18,145.0343475341797,145.47366304910966,142.8064367926266,144.03021785008522,19069923
2022-04-19,142.99468994140625,146.4463941710431,142.14745600231728,146.03846293571866,15036942
2022-04-20,142.46124267578125,143.71640780948857,140.23331945617076,143.24572088434832,9814641
2022-04-21,142.6181640625,143.4967823683407,141.36299870221396,141.89644142669508,11134333
2022-04-22,141.48849487304688,144.4695122822576,141.01780791369782,141.23747204262148,12032249
2022-04-25,139.85678100585938,142.3984956640303,139.00954704253598,140.54711931789322,11042683
2022-04-26,145.3480987548828,145.7246456864984,140.79812580804867,142.4612219215656,15389155
2022-04-27,143.9047088623047,146.13261964155075,142.74367072821943,145.1912456527477,12680209
2022-04-28,147.8584747314453,148.2664060212288,144.3753985683758,146.47779796254963,18378146
2022-04-29,142.93194580078125,148.32915393380054,142.49264306147327,147.54467563632093,9026331
2022-05-02,145.31674194335938,146.38362715187031,141.7708980460622,141.7708980460622,12634353
2022-05-04,149.1136016845703,150.27462677335768,146.1639689975755,146.22672469487773,23124643
2022-05-05,146.6974334716797,151.0277559866229,146.1326065752609,149.61569512967625,16481935
2022-05-06,149.61570739746094,150.08639438837062,145.25400028744357,145.25400028744357,17715186
2022-05-09,153.8518829345703,154.66773268541877,147.8898480024111,149.99224724063754,54118806
2022-05-10,152.91050720214844,155.86014039508552,152.18878463888055,154.2598123824839,30997494
2022-05-11,150.11773681640625,155.6404682151928,149.80394554984335,153.1301380826897,15412618
2022-05-12,148.04673767089844,151.8122332652331,145.69330292443925,149.9922411743312,26538994
2022-05-13,148.2977752685547,150.52568586439475,146.289503263512,150.52568586439475,15074553
2022-05-16,147.607421875,149.30190254974758,146.22674526730995,147.7957017615944,7960529
2022-05-17,149.77259826660156,150.18052953263836,146.06985816966997,147.419163387391,15470937
2022-05-18,143.02609252929688,149.52157058666148,142.52402128783208,149.05088358586403,19181550
2022-05-19,143.27713012695312,144.1243641864382,139.103702775324,139.95093683480906,15085602
2022-05-20,143.74781799316406,146.2895201868064,142.30437272156297,144.81470344211976,15148281
2022-05-23,140.95504760742188,145.59916134179153,140.7040120169856,145.59916134179153,11572501
2022-05-24,142.46124267578125,144.12433903158345,140.95504196169247,141.20607754207393,16336858
2022-05-25,141.1119384765625,143.96744428069564,139.66850622478756,143.33986170995868,11062614
2022-05-26,142.5867462158203,143.7791555807009,140.51573152037446,142.46123481665364,14150454
2022-05-27,141.01780700683594,143.49676597105312,140.20195727679805,143.4653817333513,8430491
2022-05-30,143.24574279785156,144.28125674521138,140.7667963868344,140.89230781212564,9305758
2022-05-31,146.1639862060547,147.5760470184975,143.21434040358724,143.2457246400328,26351545
2022-06-01,143.84194946289062,146.22676882569812,143.18299529004835,145.69332608533932,10282009
2022-06-02,141.55125427246094,143.9674446218843,140.9236717002367,143.9674446218843,10071898
2022-06-03,141.8336944580078,143.15161561393276,141.20611173916708,141.8336944580078,16082518
2022-06-06,141.08058166503906,142.74366543570062,140.2961033701227,141.8336757208782,12693293
2022-06-07,141.20608520507812,141.99056345621744,140.39022271661295,140.5471183668408,9103195
2022-06-08,140.92367553710938,142.14745647898602,139.98230165314257,139.98230165314257,11240130
2022-06-09,141.1119384765625,141.6453811080489,138.69574813286528,141.01779853731193,9468041
2022-06-10,140.86093139648438,142.7436794896512,139.35474313651304,139.35474313651304,9019239
2022-06-13,139.54298400878906,141.51987168800434,139.00954136981358,139.2291927190152,10186775
2022-06-14,140.54713439941406,142.64954656685558,139.32335329531716,139.5430046770522,17023962
2022-06-15,139.48025512695312,142.02197017018094,139.26060373551186,140.73542052742064,5898563
2022-06-16,135.7775115966797,140.7668016125586,135.33820882364995,140.17059039978687,11883333
2022-06-17,132.63958740234375,136.12267613515405,131.9492490572304,134.42819535911062,19675226
2022-06-20,130.69407653808594,132.35717298284698,129.50166704364213,131.22751919480535,7402273
2022-06-21,132.01197814941406,133.76921428102708,130.09785915882722,131.19612854903568,9459619
2022-06-22,132.20025634765625,132.57680329449792,130.66267155977127,132.29439627641634,10257637
2022-06-23,130.88233947753906,132.8592141983254,129.3761388779217,131.8550847213135,13114525
2022-06-24,131.13339233398438,133.0475245635234,130.38029824562258,133.0475245635234,9499105
2022-06-27,132.76512145996094,133.89476262643174,131.5727118107398,133.89476262643174,17545390
2022-06-28,131.98065185546875,132.76513025982078,130.75685788375765,131.50996481285753,6770087
2022-06-29,132.48268127441406,134.93025591204,130.81958486883488,131.22751610313927,41502918
2022-06-30,132.98475646972656,134.7733643392145,132.04338256281702,132.73372087424386,22260722
2022-07-01,129.59580993652344,133.61234122427382,128.77994743012692,132.4513159407103,11133663
2022-07-04,132.23165893554688,133.14166143681956,128.68582718597924,128.68582718597924,20178279
2022-07-05,134.39682006835938,135.52646111874623,132.38854803178103,132.41993226993108,20083997
2022-07-06,132.0747528076172,134.39681608405252,130.66269196034457,134.30267614059423,19203527
2022-07-07,133.39268493652344,135.118537063225,133.1102651094156,133.83198764331271,14069302
2022-07-08,137.31507873535156,137.69162574376278,133.45544317068473,134.30267713166018,17142257
2022-07-11,136.216796875,138.85263846398567,135.68334149571993,138.0681602805733,10826079
2022-07-12,133.9888916015625,136.15404656934234,133.76924023454447,134.99302125664587,8503695
2022-07-13,134.5850830078125,135.99714385303963,133.95750040993377,134.6164672449867,10210005
2022-07-14,134.8361358642578,137.59750220211401,133.5809705077961,137.59750220211401,10898403
2022-07-15,131.35304260253906,136.18542349006765,131.03925130417485,136.18542349006765,22067479
2022-07-18,131.94923400878906,133.29853907429063,131.1020001014927,132.01198971151473,15155654
2022-07-19,131.7923583984375,132.73373238699776,131.54132278118104,131.72960268617385,14922395
2022-07-20,131.3216552734375,133.23578725567094,130.85096833697355,132.60820467371903,14181034
2022-07-21,133.23580932617188,133.80062352892978,131.44718845676377,131.76097979971925,12461554
2022-07-22,131.7923583984375,134.27130479436545,131.4785670689174,134.27130479436545,9272199
2022-07-25,130.47442626953125,132.4199297934248,130.1606349667032,131.79234718776877,6635194
2022-07-26,131.22752380371094,132.41993334003394,129.9723585587817,130.47442976403386,11451315
2022-07-27,132.20025634765625,132.41990766929734,131.4157782216533,131.7295694720545,9209354
2022-07-28,134.42819213867188,134.80475192535027,131.82373447941995,132.41993286132558,13192642
2022-07-29,134.2713165283203,136.68752019133825,133.5809780966879,135.8089018382593,15433067
2022-08-01,137.40921020507812,138.1623170136345,134.39682127545612,134.9616481898231,12136557
2022-08-02,139.69989013671875,140.2019613453123,136.4050813468518,138.036793622479,17748747
2022-08-03,140.32748413085938,141.0492067636017,137.84853766209477,140.17058846148942,12406038
2022-08-04,138.5702362060547,140.7040067239939,137.50333817888503,140.5784953175975,9712267
2022-08-05,140.35887145996094,141.04920986673605,137.3464694345027,139.1350775510299,14099223
2022-08-08,139.26058959960938,142.0219557539809,138.75851838310493,141.20609321921157,8392041
2022-08-10,140.2647247314453,141.14334301047282,138.4133609888032,138.53887241372058,8585266
2022-08-11,139.85678100585938,142.3984956640303,139.1350584562873,140.9864348024244,5040626
2022-08-12,143.12022399902344,143.46538678489264,139.32334397705296,139.95092660758021,13279062
2022-08-16,143.62228393554688,144.312622282663,142.49264284977542,143.84193530487454,11298246
2022-08-17,143.40261840820312,144.940190609895,142.90054724085056,143.6222697558448,11225465
2022-08-18,145.1912384033203,145.41088976943342,142.93194349664046,143.0574549149333,11360485
2022-08-19,144.5891876220703,145.57148642466726,143.03650180852262,144.77930373212206,9829530
2022-08-22,143.19491577148438,146.2685944488545,143.0047996914056,144.55747236656651,9190493
2022-08-23,144.20895385742188,145.03281618634665,142.0858937594399,142.56120341237326,8903751
2022-08-24,145.4130401611328,145.72991321695886,143.5434942891982,144.08217590538297,13007225
2022-08-25,143.41676330566406,146.39536514467463,142.65626016615582,146.0784920599459,12124365
2022-08-26,146.04681396484375,146.5221236387067,143.60689355106737,143.60689355106737,7966045
2022-08-29,143.89205932617188,145.06448705008242,142.97311973119514,144.65254950016853,7517013
2022-08-30,145.5081024169922,145.92003996194518,144.55748326414565,144.6208552956159,7214498
2022-09-01,143.29002380371094,145.82500879057395,142.59290551104368,142.62459798081963,13109081
2022-09-02,142.0858917236328,145.03281410831605,141.83240356057996,144.1772593240143,6897237
2022-09-05,141.57888793945312,142.9414446968906,140.50151178291273,142.59287916815148,18055474
2022-09-06,142.62457275390625,144.4941186935991,141.9591341551149,141.9591341551149,14103701
2022-09-07,142.21266174316406,143.82870695205423,141.35710688038682,141.35710688038682,7866745
2022-09-08,142.21266174316406,143.7970273755665,141.61059506669082,143.22665316918153,7187735
2022-09-09,141.26199340820312,143.32166801652895,141.0084924161515,143.25829599191505,9162027
2022-09-12,141.9274444580078,142.4027540682404,140.81838870079847,141.6739563140958,8778919
2022-09-13,143.73362731933594,144.1772444525199,141.83238893095105,142.14926199568188,11278383
2022-09-14,147.37767028808594,147.7895949649722,142.40275276497007,142.59288176476238,25072958
2022-09-15,150.57809448242188,150.99003209098075,147.2509269337224,147.94804517473003,23606369
2022-09-16,149.34226989746094,151.11675122768267,147.91634118340548,151.08507165908426,29399642
2022-09-19,147.75791931152344,150.89495763608005,146.80730007455495,149.53240081770548,13920046
2022-09-20,147.4727020263672,149.72250568188275,147.0924569716087,148.29657705634102,20162973
2022-09-21,143.89205932617188,148.51839818958058,142.149257524965,148.20152513481568,14468837
2022-09-22,139.487548828125,143.48015541156764,138.88549504037442,141.95916181341804,26264530
2022-09-23,128.3652801513672,139.26570812103532,125.54510221662562,138.34678141601478,87162722
2022-09-26,127.28792572021484,132.67476859071994,118.09860552935324,126.7492440118843,167547134
2022-09-27,129.82289123535156,131.75582207564608,127.54140776217632,130.42495779076035,54127095
2022-09-28,131.62908935546875,133.3402119456725,128.3653065228214,130.04472374987282,52877873
2022-09-29,131.8192138671875,134.41757079258036,130.58341389462257,132.4212676192371,36761869
2022-09-30,134.4809112548828,138.60026072085873,131.1854368395408,131.1854368395408,62897614
2022-10-03,133.59368896484375,136.03360897938083,132.45294077679105,134.98792528926552,11740863
2022-10-04,132.10435485839844,134.57596695528395,131.81917430220227,134.41753044770917,19179333
2022-10-06,130.7418212890625,133.65705067449952,130.29819129748918,132.3578660547736,20692745
2022-10-07,132.7064666748047,132.92827528249163,129.28423436294776,129.28423436294776,14282850
2022-10-10,132.42127990722656,134.32251874519739,131.53404543105435,131.78753362790295,16834226
2022-10-11,132.04100036621094,134.0056107422756,130.90026509636584,133.08668403376723,17807162
2022-10-12,136.60400390625,136.85749208127737,132.67476957652647,133.37188784505165,35288330
2022-10-13,135.58999633789062,137.71305645416953,135.14637914876946,136.22374254726353,16436903
2022-10-14,134.76609802246094,138.15663675869123,134.06897995698495,138.15663675869123,23365190
2022-10-17,134.2591094970703,136.22371983992244,133.72042788761695,134.3224815287241,9520537
2022-10-18,134.57598876953125,136.255418600772,134.0689995992686,134.95623387062773,13256574
2022-10-19,135.5583038330078,137.45954227977202,134.95623725537342,134.98792972025888,11595367
2022-10-20,137.83978271484375,138.15665577855603,134.57598757988762,134.70274454153133,16371066
2022-10-21,137.71302795410156,138.72701910053019,135.62166073854502,136.47721536541926,11634491
2022-10-24,138.6953125,139.5825594977742,138.5368759965973,139.29737894908763,1132859
2022-10-25,138.47352600097656,139.04390008267495,135.78010501468754,138.69533456230437,20622687
2022-10-27,141.895751953125,142.49780558043685,137.74470991135223,138.98052252147255,24298489
2022-10-28,143.73362731933594,145.1278636467123,141.45213093839567,141.83238893095105,11669879
2022-10-31,144.5891876220703,145.92005196682655,143.67024796255876,144.46243065510396,11755682
2022-11-01,149.025390625,149.50070017649782,145.6348517363683,146.17353331601313,15220278
2022-11-02,147.85301208496094,149.91268749222388,147.56781852317928,149.0254401226827,12884449
2022-11-03,144.5258026123047,148.0430857153241,143.67023506627544,147.66284063575407,9358215
2022-11-04,143.3217010498047,145.41305570566198,142.59289036477603,144.49412890297305,8059667
2022-11-07,144.49412536621094,146.96573798408954,143.48013408271166,144.05050820892959,14862038
2022-11-09,138.6319580078125,146.39534765625,138.1883408996264,146.39534765625,22831150
2022-11-10,136.19203186035156,139.51919869947938,135.30478479119813,136.88914995268757,16217631
2022-11-11,135.6533660888672,138.0615936787509,135.33649301965104,136.88916590137083,12123886
2022-11-14,137.14581298828125,138.67073425007277,136.432021461696,136.88624883261897,18460862
2022-11-15,140.1632537841797,140.48770576053195,136.0427163249028,136.26983006795248,15258103
2022-11-16,140.87701416015625,141.10412785269492,138.50851261915182,140.13077214011625,9825807
2022-11-17,141.65570068359375,143.0508332512622,140.32544265165265,140.74723274973016,9449665
2022-11-18,141.68817138671875,141.9801860782881,140.71481548545623,141.68817138671875,5828998
2022-11-21,142.14239501953125,142.43439647410648,140.4876849049843,141.13658876135835,4712051
2022-11-22,141.33128356933594,142.23973852475459,140.74726738229216,141.78551104704528,4366445
2022-11-23,139.61166381835938,141.98016547478915,139.02764772195468,141.62326308199115,13510578
2022-11-24,143.2455291748047,143.40775514216008,139.5792196721764,139.77389611379607,7622243
2022-11-25,143.148193359375,143.3428698042659,140.5525778380736,143.24553158182044,10989671
2022-11-28,143.60244750976562,144.18645049542644,142.2073013953864,142.2073013953864,4526153
2022-11-29,142.33705139160156,144.21887512473924,141.81793625272428,143.60242177170306,6476054
2022-11-30,145.35447692871094,145.97093036703464,141.2339397097447,142.33707108421368,17317951
2022-12-01,143.9917755126953,145.90603670316506,143.08330742830935,145.35447103828253,13241961
2022-12-02,142.62908935546875,143.73222075769118,141.8179594414863,141.8179594414863,12880949
2022-12-05,143.9917755126953,144.21888923329595,140.9419193152556,142.564179036665,16477957
2022-12-06,145.02999877929688,145.45178888817884,142.36949584924523,143.76464165463256,11299945
2022-12-07,143.44020080566406,145.4193496198324,143.050847935483,144.6082198102595,5813973
2022-12-08,141.33128356933594,143.95933660805616,140.74726738229216,143.9268993322109,11176439
2022-12-09,140.94192504882812,142.0775069000106,139.96856917638598,141.7206176679722,6020031
2022-12-12,139.87124633789062,141.46105567361232,139.25477968784722,140.1632478233957,8194429
2022-12-13,140.35792541503906,140.68237738021298,138.24898764140846,139.87124746727815,8235450
2022-12-14,142.23971557617188,143.11574631639326,140.35790501328148,140.35790501328148,10055353
2022-12-15,140.39035034179688,143.0184163093379,140.09834887961813,142.43440018299734,5385778
2022-12-16,138.3463134765625,141.59083314723222,137.95697375647902,139.51434583879734,11166617
2022-12-19,142.04507446289062,142.23973772281806,138.54099056236828,138.89789300854517,7758862
2022-12-20,141.00682067871094,142.04506426305733,138.80054481073523,142.04506426305733,6541929
2022-12-21,140.19566345214844,141.6232464517402,138.76806725057583,140.8445672159594,7005861
2022-12-22,139.51434326171875,140.8121511060138,138.11919718870473,140.2281349356842,6961415
2022-12-23,137.08094787597656,139.7090139326171,136.56181947896644,138.4760938912057,4554651
2022-12-26,137.4702911376953,139.02766316712876,136.88627497640977,137.24317740885758,6864331
2022-12-27,137.98941040039062,139.64410734535642,137.4378447520687,138.184073639925,13115851
2022-12-28,140.00099182128906,141.72058949448447,137.89205451691274,137.89205451691274,16815549
2022-12-29,140.00099182128906,140.48766966076053,138.54095830287469,138.8978606659463,22536873
2022-12-30,138.6707305908203,140.64989237328993,138.37872917464395,140.19566501435315,4643134
2023-01-02,139.5467987060547,139.8388002006218,138.21654033750553,139.22234673343144,5959394
2023-01-03,139.90365600585938,140.29299564369938,139.09252625953368,139.6765423172845,2873110
2023-01-04,136.95115661621094,139.77388559537894,136.59425423409388,139.77388559537894,9954542
2023-01-05,135.4911346435547,137.5027340195592,134.06353819459625,137.5027340195592,21273509
2023-01-06,135.03689575195312,136.46449221933807,134.6800065365944,135.06934622697815,11510471
2023-01-09,135.68582153320312,137.53519526246055,132.53863982524075,135.75070929174126,52485126
2023-01-10,137.43783569335938,137.85961261887547,135.62089969889706,136.20491578297296,17248326
2023-01-11,137.53518676757812,138.24899167336594,136.33471710182036,137.6974127548963,9164361
2023-01-12,138.5409698486328,138.80053402504547,137.1782744249444,138.5734203214278,21179555
2023-01-13,138.8654327392578,139.7414503521228,138.41120529613775,138.60586854233915,6560245
2023-01-16,139.93612670898438,140.09835268170474,138.02185230969397,139.51433653951472,8362194
2023-01-17,141.72061157226562,141.9152748171908,139.44944796758824,139.93612588287624,13000571
2023-01-18,142.33705139160156,142.85617973246096,140.422790388399,141.6557102964535,11171369
2023-01-19,143.2455291748047,143.56998110951545,141.88283368941606,141.9801719102259,11586815
2023-01-20,144.8677978515625,145.2895880332964,143.40776405462626,143.40776405462626,10112645
2023-01-23,146.06825256347656,148.1447527843213,145.06245952702056,145.35446097586657,14393610
2023-01-24,143.3752899169922,147.041599042419,143.08328848658772,146.81448535188423,6150893
2023-01-25,142.3695068359375,143.56997631387168,141.33126331993992,143.21307391681816,5790331
2023-01-27,142.27218627929688,143.69976964075838,140.8121524406268,142.30463675650546,10458603
2023-01-30,137.4702911376953,142.01261852238562,136.62672397315745,141.46105283749858,24288177
2023-01-31,140.58502197265625,142.88862272273147,137.66495464288394,137.9569560950681,20997546
2023-02-01,140.5201416015625,146.00337414995641,138.60586721929528,146.00337414995641,20246369
2023-02-02,138.02183532714844,140.87701473611529,137.1458178226425,140.16322318436903,12820663
2023-02-03,139.4169921875,139.61166862700094,136.52937528079426,138.34629817421057,10815686
2023-02-06,140.84458923339844,141.0392524717838,138.24897377239674,138.50852475691056,6948201
2023-02-07,140.71481323242188,141.59083088913505,139.5792313657978,141.46105538517168,10035526
2023-02-08,140.81442260742188,141.644696325626,139.78487779142088,141.37900603308677,12432719
2023-02-09,141.3790283203125,142.10966660479727,140.81444480564573,140.81444480564573,7011082
2023-02-10,142.20928955078125,142.441763505184,140.71479675502988,140.74801311147482,10892159
2023-02-13,143.4713134765625,143.80342299849897,142.14287538881655,142.20929459048963,7710133
2023-02-14,142.80709838867188,144.16875287175986,141.31260549855787,144.16875287175986,6010681
2023-02-15,142.4749755859375,142.9399234807899,141.47864708533655,141.6447018354367,8107497
2023-02-16,142.54141235351562,144.06912164817703,142.14288360686496,144.06912164817703,3963115
2023-02-17,142.01004028320312,143.4048976050133,141.4786596303367,142.14287868963405,6491149
2023-02-20,143.33847045898438,144.1355278805453,142.2757092121423,143.2056185463438,6841917
2023-02-21,144.26837158203125,145.29791651016026,143.504530488949,144.5008590593044,6701434
2023-02-22,142.57461547851562,144.33479858586927,141.4786513917807,143.47130845363674,9128659
2023-02-23,141.64471435546875,143.40489756482776,141.2129692643322,142.8070977089134,10345874
2023-02-24,142.84031677246094,143.07279074483827,141.08013352976693,141.08013352976693,9808830
2023-02-27,145.59678649902344,146.0949507049009,142.50817923343837,143.7701844108061,17763618
2023-02-28,147.62269592285156,148.12086025105015,145.29792905792476,146.52673169810018,36559278
2023-03-01,145.39755249023438,147.62268360107973,144.40122391699873,147.15773567233157,12896085
2023-03-02,146.3606414794922,146.79238649542785,143.33845339508068,144.79972966517317,79708558
2023-03-03,147.5230255126953,149.74815628373935,146.39385870755925,146.39385870755925,9951869
2023-03-06,150.87738037109375,151.9733446549346,148.12086823706164,148.78508737713815,15659957
2023-03-08,151.4751739501953,151.6744315757218,149.9142482255895,150.74452211588093,11591495
2023-03-09,149.9806671142578,153.0692748904073,149.7813959935386,152.10616267193055,13941653
2023-03-10,150.47882080078125,151.5415685047437,147.62267367741,147.62267367741,9605434
2023-03-13,150.179931640625,152.80360512097593,149.7149836889536,151.47516695783273,13209653
2023-03-14,149.58212280273438,151.27588676469392,148.78506535803047,149.54891995878813,9583405
2023-03-15,151.64120483398438,152.80358809723438,149.91422460344242,150.51202441297076,12228069
2023-03-16,154.19845581054688,154.69662010014787,151.67441800447327,152.4050562598405,18437817
2023-03-17,152.5711212158203,155.4272687391045,151.6412252906321,155.39405237881687,33711025
2023-03-20,151.1098175048828,152.3718362658793,149.64854115861513,149.64854115861513,9281411
2023-03-21,148.22048950195312,151.24267818940294,147.755528040642,150.9437850106521,11272787
2023-03-22,148.8514862060547,149.25001493281508,146.659571452087,148.1208479547321,7589846
2023-03-23,147.55625915527344,149.11717116182564,146.95845932986157,148.78506164921578,17091298
2023-03-24,147.72230529785156,148.95110772014212,146.65955762218326,148.12083398703095,10371666
2023-03-27,146.19459533691406,150.2795447817621,145.8292830047025,148.0544138932323,19983733
2023-03-28,147.5230255126953,148.1872444600857,145.26467838885412,146.95844211012727,8689166
2023-03-29,147.75552368164062,148.58579750208943,146.4935182854155,147.52304971462922,19743258
2023-03-31,149.9142303466797,150.61166573677667,148.12084436296007,148.78506339597783,10202058
2023-04-03,149.18360900878906,151.01021155645884,148.6854446776064,151.01021155645884,7643214
2023-04-05,149.8810272216797,150.51202989643315,148.58579200158516,150.51202989643315,12019382
2023-04-06,149.61534118652344,151.04341484839873,149.21681245877414,150.9105629301015,4282875
2023-04-10,152.1393585205078,152.37183245429372,149.44926632129673,149.5821047081546,4145643
2023-04-11,153.6670684814453,154.09881354970818,151.74083060935985,152.03973727826673,5106602
2023-04-12,150.9769744873047,153.79990505746736,150.81091974788336,153.70026951110071,9118795
2023-04-13,153.56744384765625,153.86635053782294,150.77772915419666,150.97700028097447,11428621
2023-04-17,157.1874237060547,159.3461353826271,154.29807385704865,154.4973314421289,21815047
2023-04-18,152.9696502685547,157.75202194959832,152.53790518997843,157.35349322843985,13482833
2023-04-19,152.73716735839844,153.7002931030168,151.87369068901148,152.1061646571706,8264190
2023-04-20,153.3681640625,154.69660201277966,152.5378903435752,153.33494770831516,7308750
2023-04-21,153.79989624023438,154.3312632677782,152.50466123886125,153.9659509701359,5030650
2023-04-24,154.06561279296875,154.29810028573814,152.73717461061568,153.43461006177984,5725067
2023-04-25,154.6966094970703,155.36082850434536,153.20211673070148,153.63386178814432,8338703
2023-04-26,158.28341674804688,159.08047426167442,154.09883101757188,155.46048557638878,13581018
2023-04-27,156.72250366210938,158.2834294816932,155.09517214354855,158.0841583304692,9794457
2023-04-28,157.58596801757812,158.05091594244394,154.82945628526247,157.38669689916648,10585487
2023-05-02,159.47898864746094,160.17642404421662,158.25018612736037,158.5490792896437,6732907
2023-05-03,159.2133026123047,160.74101184935935,158.61551627165585,159.41257373490186,4789217
2023-05-04,158.64869689941406,159.87749928049308,156.05824023627187,159.18007747621172,9189783
2023-05-05,160.11001586914062,160.40890905200754,158.2169806657439,158.61552292766228,3896441
2023-05-08,162.56759643554688,163.56392491216923,160.1431944397185,160.6413586780297,8758321
2023-05-09,161.67092895507812,163.99569576643094,161.2059674846644,162.1026740656152,9166941
2023-05-10,164.4938507080078,164.69310831519556,162.4679771967197,162.833303080254,9689409
2023-05-11,165.0916290283203,165.52336054438038,163.79639393943177,164.527032097652,12616726
2023-05-12,160.574951171875,165.7890678763965,160.17642245492783,165.29090360181985,13853807
2023-05-15,161.57127380371094,163.16540212668772,160.97347399339836,161.67090935769141,12187763
2023-05-16,159.8111114501953,162.4347849818797,159.41258269616932,161.7705658873123,11418509
2023-05-17,158.6155242919922,160.67460077080352,157.7188177085347,160.01038167998877,11560929
2023-05-18,156.52322387695312,160.07679313809277,155.82578845992708,160.07679313809277,14497723
2023-05-19,155.22796630859375,157.7520037744121,154.09879947647835,156.5232013950937,10071694
2023-05-22,155.6597137451172,158.74833467476694,154.53054689553622,155.89218768314038,12566129
2023-05-23,155.4936981201172,157.1210431228186,154.99553376464036,155.4604952712292,12458561
2023-05-24,156.6228485107422,157.98448937785818,155.99183234089492,157.95128653538438,8877971
2023-05-25,158.05091857910156,159.6118441677003,156.95496795026756,157.884863815512,12502747
2023-05-26,157.6191864013672,158.01771512974256,155.95863877182717,157.98449877172325,6811801
2023-05-29,155.75936889648438,158.3166095637124,155.49367857091897,158.21697400242894,13638297
2023-05-30,156.15789794921875,156.68927860144245,155.22798856461293,156.68927860144245,9469926
2023-05-31,155.32760620117188,156.2242991239454,152.7703658237919,156.0914607330048,48104157
2023-06-01,154.76304626464844,155.49368455288305,152.80360537616852,154.72982990508567,8804790
2023-06-02,155.8257598876953,156.1578693561318,154.8294314823858,155.42723122828528,6617781
2023-06-05,156.49000549316406,158.08413391604006,155.95863836125287,157.05458898300714,27428302
2023-06-06,156.290771484375,157.4199386345522,155.7261743957132,157.05461269642672,6898603
2023-06-07,158.88119506835938,159.44579208491356,156.85533502664836,157.2206474045447,11153571
2023-06-08,160.50852966308594,163.0325538431679,158.91440130465116,158.91440130465116,19300834
2023-06-09,162.66725158691406,163.06578032287075,160.60817518982836,161.7705585526187,11037141
2023-06-12,160.50852966308594,163.69677286638483,160.20962299449596,162.73366068814855,8188909
2023-06-13,160.90707397460938,161.704131474318,160.37569329908902,160.74101920270576,6443218
2023-06-14,163.72999572753906,164.19494365683383,160.8074292065645,160.8074292065645,10297426
2023-06-15,163.69677734375,164.02888686444217,161.9366076949382,164.02888686444217,9732749
2023-06-16,163.69677734375,164.29457718371012,162.40155561847885,163.66357449982337,9702361
2023-06-19,161.47164916992188,164.92559635555415,161.006701237996,163.69678029597492,10431647
2023-06-20,165.22450256347656,165.85550530854132,161.90340703456246,161.96982624242628,13426365
2023-06-21,171.5013427734375,172.06593974212504,165.22447854180027,165.25769489768905,31172093
2023-06-22,168.4127197265625,171.36848864071305,167.8481228097204,171.36848864071305,7430965
2023-06-23,166.1211700439453,169.14337191477645,165.75585770022553,168.44593655579382,5593393
2023-06-26,165.05844116210938,166.22082455057492,164.16174810800743,166.05476978079415,7305362
2023-06-27,165.75587463378906,166.08798416940988,164.49385569571555,164.79274887234567,11142907
2023-06-28,166.15438842773438,167.71530040202927,163.69676997706736,166.58613348791903,17808717
2023-06-30,169.47547912597656,172.49766744239204,166.85180598992198,170.37217206571367,17659979
2023-07-03,166.38687133789062,169.34264069275605,165.72265229063356,169.07696388471012,12467239
2023-07-04,165.78909301757812,167.7153312074275,165.52340266146567,167.7153312074275,8637967
2023-07-05,168.21347045898438,168.67841837762825,165.72264908002606,165.8554874814755,5340907
2023-07-06,174.49034118652344,175.08814104162735,168.9773311115174,172.663738776444,16705046
2023-07-07,169.67474365234375,174.39070951628372,169.17657938617296,174.39070951628372,13149183
2023-07-10,166.05479431152344,170.3057997486132,165.0584655456543,169.67478342208514,15319047
2023-07-11,168.37953186035156,169.64155077819274,166.0879815067339,167.38320326946192,7486045
2023-07-12,167.41641235351562,169.2097983337641,166.81861252224252,168.71163405996498,9390877
2023-07-13,161.47164916992188,167.51603985281432,160.5417397924989,167.2171466842293,30591450
2023-07-14,159.44578552246094,162.33513563586462,157.22064093367436,161.4052262796872,72085831
2023-07-17,160.07676696777344,162.7004264151371,158.88116745221305,161.07309539288406,11474161
2023-07-18,160.17642211914062,161.87017254100806,159.14687721507886,160.07678656172,14940593
2023-07-19,161.57127380371094,163.53071447318908,159.7778878863435,160.07678103471463,22954874
2023-07-20,162.2355194091797,163.29826729420188,160.9402975358046,162.03624826855005,10249082
2023-07-21,162.13584899902344,163.59713885130213,160.87383024455488,161.57126557332083,18466409
2023-07-24,164.3610076904297,164.8259691595229,161.30560259261486,162.1026736052439,14825562
2023-07-25,166.81861877441406,167.05109274151903,164.8259616045351,165.35732874169338,10500017
2023-07-26,166.71896362304688,169.80758457614792,166.054744644469,168.64520136363666,12898171
2023-07-27,166.51971435546875,168.31311394089295,165.855495289809,167.383204546255,10836773
2023-07-28,171.5013427734375,173.46079695875883,166.1211715015241,167.25035192532886,17518458
2023-07-31,176.71548461914062,177.34648731464438,172.13237044649736,174.0253920465799,24269734
2023-08-01,167.2503662109375,174.0253952781705,166.3868760197775,174.0253952781705,31395702
2023-08-02,165.0916290283203,168.57877859186962,163.79639393943177,167.98097882111873,20825405
2023-08-03,165.19126892089844,166.45328779257127,163.46430212924813,165.390540037215,10882019
2023-08-04,164.29457092285156,165.4237513583173,163.7964066607971,164.72631598601285,7406390
2023-08-07,164.69308471679688,165.35730367272436,163.39786315816593,165.25768164019064,6345966
2023-08-08,163.54188537597656,166.08135564578987,162.9662748703205,166.08135564578987,15171726
2023-08-09,162.7631072998047,164.8962650237864,162.35679482321476,164.55766899704352,18442141
2023-08-10,163.74505615234375,164.32066668486988,162.5599699711099,162.898566022891,9962450
2023-08-11,165.4380340576172,166.75855312977345,164.42224591672516,166.25065905932743,23866073
2023-08-14,165.57347106933594,166.11523026890987,163.03400065416207,165.81048555258374,9188486
2023-08-16,167.97747802734375,168.38379046438354,164.59151808950176,165.641157403729,9191471
2023-08-17,165.0316925048828,168.48538288626898,164.01590445800622,167.97748886283068,15301142
2023-08-18,163.20327758789062,164.99783920483563,162.59380201152157,164.99783920483563,12292241
2023-08-21,167.40187072753906,167.74046675552964,163.6773144196427,164.08364067523752,9129526
2023-08-22,167.80819702148438,169.39959559790228,167.06327473772876,167.94362992170852,11107830
2023-08-23,169.02716064453125,169.29804026445632,167.4018967024905,169.29804026445632,8487619
2023-08-24,166.79241943359375,171.09258650516654,166.4538233842178,169.29802468797234,18982087
2023-08-25,163.88046264648438,167.53730217178324,163.47415020534146,166.69081217877454,12851343
2023-08-28,168.28224182128906,168.62083788129166,164.25295421826178,164.55768516126054,11908665
2023-08-29,170.07679748535156,171.32960010611993,168.34995213138137,169.02714422666247,12363321
2023-08-30,167.3341522216797,170.3815164361569,166.89397463519816,170.1783670883629,6748007
2023-08-31,165.60733032226562,169.02714209377692,164.93013823552974,167.84205594198912,20715819
2023-09-01,170.78782653808594,171.05870610889127,166.04748227026826,167.26643345013858,13120723
2023-09-04,172.95486450195312,173.69977305389503,169.8397836081452,171.7359132151329,10240031
2023-09-05,172.20994567871094,174.03835872237877,171.32959049323668,172.88713773599645,10893186
2023-09-06,172.34539794921875,174.20767631605705,170.75399919124058,173.83521513168571,10018473
2023-09-07,174.03834533691406,174.51237422955282,170.75396686718568,172.00676932130807,13760453
2023-09-08,175.15574645996094,176.95030835258558,174.10609315177226,174.88486685357265,16781751
2023-09-11,179.11729431152344,179.45589033101592,174.44466648702573,176.30694459423438,17683806
2023-09-12,172.72914123535156,184.42198920287146,172.14223312560563,183.29333565817825,29826173
2023-09-13,174.44467163085938,175.70877174074343,172.72912392584752,174.44467163085938,10692151
2023-09-14,176.2053680419922,176.65682941414948,174.89613281823756,175.34759419039486,10941807
2023-09-15,175.25730895996094,177.15343844329055,173.54174749122546,177.1082895508882,20516593
2023-09-18,180.6748504638672,181.03601405821703,175.2573138835714,176.29566955045826,25627043
2023-09-20,184.78314208984375,185.9569444636259,179.1850235889308,179.41075428475395,33369524
2023-09-21,182.0292510986328,185.59579358157904,180.94573266241335,185.09918326123,20332556
2023-09-22,179.81704711914062,183.20300718624097,177.33400973660034,181.08114714402882,21193988
2023-09-25,179.59133911132812,181.1714540087091,177.60491171012228,180.5845597006853,11951847
2023-09-26,179.0947265625,180.6296924270517,178.41753452424126,179.77191860075874,7440011
2023-09-27,179.9976806640625,180.22341138283983,178.1466860145863,179.9525317648051,6736870
2023-09-28,181.2617645263672,184.60257635989424,178.59814483926493,180.67487017713617,50185120
2023-09-29,180.35882568359375,182.30010415366542,179.77193138636508,181.4423302663665,16293959
2023-10-03,180.17823791503906,180.58455039793284,177.78548435576175,179.45589695794575,10830728
2023-10-04,179.68162536621094,180.0427889514214,176.43109798928649,179.59132758115453,14120040
2023-10-05,177.51463317871094,180.13310386423,176.38597964572705,180.13310386423,14575590
2023-10-06,177.9209442138672,178.28210783041172,175.9345167678546,177.8757953174219,12857229
2023-10-09,177.1986083984375,177.78550273690632,174.9413012850816,177.4243391097731,7853369
2023-10-10,178.7335662841797,179.2753254775464,176.70198997531745,177.1986002729855,7440527
2023-10-11,179.2301788330078,179.81707315193606,178.19182310643976,178.19182310643976,10031916
2023-10-12,181.2617645263672,182.39041810374184,178.19183230691198,178.19183230691198,21872719
2023-10-13,182.20980834960938,182.7515537171806,179.95250154096087,180.99085716193622,13105921
2023-10-16,183.33847045898438,184.06081142755068,180.67485105380993,180.85543285157448,18336656
2023-10-17,187.04043579101562,188.71084833271482,182.9321484402279,183.78992226805698,19378328
2023-10-18,186.45355224609375,188.21424889436878,184.19624531817493,188.21424889436878,14923328
2023-10-19,185.82151794433594,187.2661861807565,182.5709903017493,184.19625412304262,13192888
2023-10-20,183.15789794921875,185.2797582911917,181.3971874435809,185.2797582911917,22081120
2023-10-23,180.35882568359375,185.23460319482527,179.68163359717224,182.39040194285826,6988219
2023-10-25,180.13308715820312,180.99086100821685,178.59812125120368,179.68162578687932,16817158
2023-10-26,179.63648986816406,180.58456157191836,177.2437499383396,179.45590806209387,11070090
2023-10-27,181.44232177734375,182.20981161705004,179.81705809047062,179.90735587543875,9995487
2023-10-30,181.35205078125,182.57098830072857,178.46268678505945,181.4423347951881,7679981
2023-10-31,182.5258331298828,183.24817410409682,181.08116495896292,181.93893883818225,7474770
2023-11-01,181.44232177734375,182.70642187935957,181.03600930000238,182.70642187935957,5598615
2023-11-02,183.3836212158203,183.88021772034085,181.39718008770546,182.16466995788693,12924797
2023-11-03,184.55743408203125,186.45357767104588,183.38364534146123,183.65451118774047,8684015
2023-11-06,187.988525390625,188.6657174948978,185.05402627210958,185.09917516789616,9804415
2023-11-07,187.80795288085938,188.80117352729073,185.77637646748468,187.98853469543525,10730361
2023-11-08,186.90501403808594,189.2526187592294,186.58898555648688,188.71085958434762,7435543
2023-11-09,189.43319702148438,190.06524019537358,186.09238557877748,187.17589013080297,13777877
2023-11-10,190.6521453857422,192.32255809143655,189.25262605544054,190.06525107158402,12066023
2023-11-13,191.69052124023438,194.21870794183724,190.24583918860156,191.41964163336456,11352269
2023-11-15,189.74923706054688,194.12841852430842,189.43322232015268,194.12841852430842,19182861
2023-11-16,190.71568298339844,192.23442153364775,189.33501923490158,190.2554617338995,27533260
2023-11-17,192.83270263671875,193.93723082137438,190.4395465326,191.17590333731636,16705395
2023-11-20,192.64862060546875,194.39745576065033,192.23442428396135,193.3849774241698,11156900
2023-11-21,192.32644653320312,193.43097466087414,191.40600408600443,193.29291391172922,9608081
2023-11-22,194.765625,195.68606743564303,191.6361122919115,191.6361122919115,13079580
2023-11-23,194.1212921142578,196.1462765839381,192.60256780683372,195.17980927701544,11382709
2023-11-24,193.70712280273438,195.22586136629346,192.8327052299908,194.48950455167432,7250200
2023-11-28,193.47702026367188,197.38890108221955,192.83271329076118,197.38890108221955,15629209
2023-11-29,194.25938415527344,194.627555521648,192.46452416573203,193.5690523096931,10062023
2023-11-30,192.32644653320312,195.870155572853,191.68213962913146,193.66108527267383,60354322
2023-12-01,193.47702026367188,195.5480159911383,192.7866883545164,194.67359838184242,20719909
2023-12-04,195.9622039794922,197.06674622295733,194.8576757808651,194.8576757808651,27914088
2023-12-05,204.61439514160156,205.48881281268763,194.71963707783272,196.69858307265065,40709207
2023-12-06,206.5472869873047,208.25011119400844,204.7984518924503,208.02000057390455,29544730
2023-12-07,211.7017822265625,213.91083868403476,206.40923767089845,207.0995695694633,24534268
2023-12-08,210.4131622314453,214.83127501895567,208.43420241906983,213.3585754380649,22206320
2023-12-11,212.57618713378906,214.37104715395503,208.5262458552178,209.8608846371444,19106395
2023-12-12,212.94436645507812,214.73922642386054,211.2415423044062,211.70176352947027,14355329
2023-12-13,218.09886169433594,218.60510791109783,212.25405986761623,212.62223127353096,26878281
2023-12-14,213.6347198486328,218.69715383514222,212.7142773056311,218.37499332715618,29972018
2023-12-15,218.467041015625,219.1573729159758,209.07851593498305,216.30399544325704,41341690
2023-12-18,213.4046173095703,218.05284109221424,213.0364318514973,218.05284109221424,29051897
2023-12-19,214.96932983398438,215.75169746347825,212.4841381108706,213.68070202007732,12612164
2023-12-20,209.07850646972656,216.67215702981113,208.20408891116924,216.25796071731955,20400245
2023-12-21,213.8648223876953,214.64719009272403,204.98254375709897,206.59331814636982,17755207
2023-12-22,213.3125457763672,215.56762705435582,212.16199267077727,214.46309888195708,9735375
2023-12-26,214.7852783203125,217.04035979727067,212.66825761027135,213.54267523870342,6772092
2023-12-27,215.4295654296875,217.08636470401413,214.00287677554962,216.30398297743727,10231881
2023-12-28,220.07778930664062,220.8601569405307,215.47557718433393,216.39601960879529,39164340
2023-12-29,218.32894897460938,219.295416367779,216.07386775377176,218.88122006923126,12665999
2024-01-01,219.29542541503906,220.44597853893748,217.5926011737342,218.97326492241234,5952776
2024-01-02,218.92726135253906,220.9982570447941,217.36249781585343,220.90620717386963,9128513
2024-01-03,218.19088745117188,219.7096118887511,215.93580623831522,217.22442006142265,8284439
2024-01-04,222.24082946777344,223.75956795579253,218.19088825606391,219.06530578531513,19663959
2024-01-05,222.05674743652344,225.50840672310153,220.26188741647036,222.74707929383905,16345257
2024-01-08,223.0692596435547,225.73853744494778,221.2743854188247,223.11527053560306,13585746
2024-01-09,223.023193359375,225.186224543672,222.28683664021244,223.2993288846655,8688409
2024-01-10,220.12384033203125,222.8391572152053,219.06533696881516,221.826664745733,16872195
2024-01-11,222.7010498046875,223.7595670578172,220.1698330463178,221.13630043575367,18812468
2024-01-12,220.44598388671875,223.34537221134363,219.80167693067304,223.2073114510618,11296498
2024-01-15,221.96470642089844,222.28686691842563,218.14487560938665,221.27437453605862,12597366
2024-01-16,220.03176879882812,223.1152425558457,218.78916588289573,222.42491072362483,7478450
2024-01-17,220.16983032226562,222.01071521466724,218.7891666529644,219.52552341889248,13620300
2024-01-18,214.87730407714844,216.9482997528553,208.06603502831462,209.1705632463906,25522629
2024-01-19,216.67214965820312,218.09883828143575,213.91082227575447,216.30397829181157,20931080
2024-01-23,219.019287109375,227.16520874234408,217.45453768946598,221.82663950544466,27492163
2024-01-24,226.61293029785156,227.34928707304752,216.30397757962012,217.36248078813864,28309825
2024-01-25,225.96864318847656,228.91405650253583,223.75958671414173,225.27831128464211,20651484
2024-01-29,233.7463836669922,234.71285115719547,225.6464863867173,225.92262196175236,26181011
2024-01-30,233.88442993164062,236.50769650704913,231.49127396653682,233.7923800695839,16031367
2024-01-31,238.67074584960938,239.31506688092918,232.31969776955106,233.79241149136928,34369455
2024-02-01,244.65357971191406,249.39388056356623,237.75026168291342,238.39458260148933,29929092
2024-02-02,255.05459594726562,259.0124870514041,242.950783944014,243.45701603070393,33900724
2024-02-05,260.3931579589844,266.37603375696943,253.02961851531043,255.42277445243923,27440927
2024-02-06,252.43136596679688,260.3931883000476,250.63649178239277,260.3931883000476,29668277
2024-02-07,246.632568359375,252.56940537176393,245.57403705877903,250.4523989499213,27335466
2024-02-08,254.22622680664062,265.13344783422536,249.25581489216967,249.25581489216967,69776717
2024-02-09,251.28079223632812,257.21765735470467,247.69107225088695,256.4352756437262,24496638
2024-02-12,248.79562377929688,254.04215784012763,245.06784248164485,251.46492979356313,19140023
2024-02-13,248.7495880126953,249.30185913593164,243.22693295968452,248.79559890226662,22031847
2024-02-14,251.8790740966797,253.121677038257,245.75813734259862,248.05924349749185,13546941
2024-02-15,263.5769958496094,265.1679211829919,253.93794064424642,254.54622554489833,25475670
2024-02-16,256.93255615234375,264.7467557788312,255.76276664416642,263.9045130448063,25129188
2024-02-19,258.61712646484375,260.4419813591712,255.76282230809505,257.4473367020747,11429901
2024-02-20,269.42596435546875,270.2214270821199,259.88049731361417,260.4887822601169,43053543
2024-02-21,262.1264343261719,270.8764654130571,261.3309717620344,269.09836254287427,24651085
2024-02-22,264.4660339355469,265.3082767212113,255.71600216603525,262.12645477574785,26793590
2024-02-23,263.8577575683594,266.89921057410527,261.09704264710945,264.4192337373513,14313526
2024-02-26,269.33233642578125,272.79492494138776,263.9513044586698,264.7935757879309,31012494
2024-02-27,273.7308044433594,274.57304736055175,265.8698229506962,265.8698229506962,36510093
2024-02-28,261.6116943359375,274.80692469888646,260.53549378193117,272.794892609342,18824161
2024-02-29,264.699951171875,266.7119832282256,256.7921634033135,261.6584987315531,35043015
2024-03-01,269.23876953125,270.8296661557682,266.33768578625074,266.7120127238247,15149735
2024-03-04,275.7428283691406,277.942038764834,269.5195527416572,269.5195527416572,23131460
2024-03-05,276.0703430175781,276.4914786933653,271.15722674353646,273.3096281636759,13220556
2024-03-06,274.853759765625,275.97674058036057,268.11576063995267,271.67190939225407,15969436
2024-03-07,273.87115478515625,279.7201031982995,272.3270381159501,275.13453335425885,14908694
2024-03-11,267.2267150878906,273.21606046966036,266.1505144068685,269.89384099081695,19020659
2024-03-12,266.8524169921875,270.1278281072644,264.6064265108556,266.61845905539633,17906155
2024-03-13,247.34030151367188,265.68260814711294,245.00072231449104,265.12110342744626,39389523
2024-03-14,249.25877380371094,251.17721732493757,243.97133052094708,247.10634380305163,26005940
2024-03-15,248.8844451904297,254.5462153959138,241.1170251585676,250.89647757820327,43817794
2024-03-18,247.9018096923828,249.53951515466076,242.84832426350278,248.88445010533965,12423655
2024-03-19,242.38040161132812,249.39913910972564,241.72530802108463,245.32826564879187,20031514
2024-03-20,247.66786193847656,248.13577780405438,242.3336382064802,243.26946993763585,11308487
2024-03-21,256.1839294433594,256.88580322265625,249.96065431212384,250.61571937054396,23559105
2024-03-22,258.0555725097656,260.39515158963655,253.93791904105572,256.18390924586885,22097588
2024-03-26,252.7213592529297,256.5114950748403,249.02484087964217,252.76816797724123,28477120
2024-03-27,252.90850830078125,255.29486763067922,251.92589647301526,253.61038205184724,18094214
2024-03-28,259.1317443847656,261.56491206936624,254.21862886289023,254.54617560954426,26646830
2024-04-01,262.1732177734375,263.53018502102066,259.8336387667866,262.7347224468965,8945400
2024-04-02,261.6116943359375,263.6237549847939,260.62908264734733,261.3309562990009,13229425
2024-04-03,262.1264343261719,264.93392909890633,260.67587822467084,262.173214481992,14499308
2024-04-04,259.8336486816406,268.3029421444806,257.4004807100149,264.6531759073845,23722104
2024-04-05,260.5355224609375,261.9860786362818,257.4940696356444,261.9860786362818,9308711
2024-04-08,263.6705322265625,265.9633308870399,261.1437756847838,262.5475229725916,14473340
2024-04-09,263.1558532714844,266.10371705400445,262.9686755306553,264.69996967572695,5780865
2024-04-10,264.4192199707031,267.0395657132801,262.03286069877964,262.03286069877964,8809693
2024-04-12,257.5876770019531,266.1973401183883,257.02617226665217,263.4366251627604,17731780
2024-04-15,256.46466064453125,258.47672160527304,251.17721736100808,252.9085116819802,13378690
2024-04-16,256.6518249511719,257.86839464845417,253.84433005653736,255.4820354117408,9662195
2024-04-18,262.1264343261719,271.29757249337905,259.88044421984705,269.42590931155604,51039603
2024-04-19,263.5769958496094,264.1385005884101,257.07298258984304,260.25480469729075,18755469
2024-04-22,265.44866943359375,266.431309903938,263.6238146617861,265.7762162570418,14965203
2024-04-23,267.03955078125,268.7240362249676,262.6879395855513,265.44862564938376,11464036
2024-04-24,271.7655334472656,273.1225009032958,266.1505429687712,266.7120477284843,19324163
2024-04-25,274.4794006347656,275.6024099939506,270.6892940263165,273.2628309617439,22022414
2024-04-26,273.49676513671875,277.1465023984516,272.74811133509064,275.36842820010094,15581578
2024-04-29,274.853759765625,275.69600251650536,271.01684439015366,273.54357264279474,9804396
2024-04-30,282.4808044433594,284.82038369407576,274.2454683452475,274.8537817978874,33288857
2024-05-02,293.4768371582031,296.89261727152814,282.4808142962947,282.57440318145115,44059506
2024-05-03,290.9032897949219,295.8164062222536,288.4701216619037,291.9794905385692,27074447
2024-05-06,287.1599426269531,290.8564604459498,283.6505739991819,290.2949843129584,16855909
2024-05-07,276.3043212890625,288.51691407472475,275.6024474839252,287.300344236214,13857464
2024-05-08,282.62115478515625,283.41661738962654,273.2628384015418,273.2628384015418,18754452
2024-05-09,277.14654541015625,284.82037658468664,276.30430261278497,283.3230401897397,11196567
2024-05-10,284.2588806152344,284.91397423297167,277.2401428222656,277.2401428222656,11786977
2024-05-13,286.87921142578125,287.9086320622395,278.5035344021713,284.68002966160225,11710605
2024-05-14,289.4059753417969,292.91534448498766,288.0022276845206,288.23618562739995,9957875
2024-05-15,294.6466064453125,296.00354522861596,289.03161643609957,290.1078171426688,11397656
2024-05-16,292.4473876953125,295.34847149311304,285.7093884590864,294.3190509765625,19843532
2024-05-17,293.0556945800781,295.72282066822146,290.80970418560065,294.693400074285,9069551
2024-05-21,304.7535705566406,306.4380846591677,291.0436426209263,291.0436426209263,21976662
2024-05-22,304.8471984863281,306.71886202269854,299.6533435966279,306.71886202269854,10287081
2024-05-23,299.3725280761719,300.12121050413447,289.17196917943966,298.95142098480017,35705284
2024-05-24,298.3431396484375,302.22686411743945,297.03298095785107,297.59448569933596,15058182
2024-05-27,297.5476989746094,300.86989006953536,294.3190682017694,300.86989006953536,12857918
2024-05-28,292.7281494140625,298.9982333365529,291.9794954648028,298.53031747843625,10935739
2024-05-29,297.313720703125,298.24955233447344,289.2655629616654,289.2655629616654,16812268
2024-05-30,287.0195617675781,297.26690060285773,284.3056272931392,294.4126256602685,22768893
2024-05-31,290.10784912109375,291.5115967781313,286.08378392798045,288.7508816288964,36929443
2024-06-03,315.98358154296875,326.3245394135394,304.70682049099423,313.5036331419187,55218939
2024-06-04,276.95941162109375,313.4568490520696,261.7989261875766,313.4568490520696,73262478
2024-06-05,279.62646484375,281.732085899981,261.28418871247743,277.28688589238226,45312613
2024-06-06,281.170654296875,291.46480331203435,278.9714440226819,283.9313407608043,36508044
2024-06-07,289.4995422363281,290.71611202314534,277.75483726048566,278.9246268860088,38016104
2024-06-10,295.53564453125,302.60119112364885,291.6051684590796,292.91532714980303,25478964
2024-06-11,296.2375183105469,299.18541106374397,294.9273596198579,295.91000005736277,12238518
2024-06-12,303.8177795410156,306.1105788097135,296.5650832967223,299.37257861709395,20346144
2024-06-13,300.8230895996094,306.9059952090144,300.0744071582475,306.0169437346831,11756503
2024-06-14,300.8699035644531,305.0811463826181,298.85787104097125,305.0811463826181,14159988
2024-06-18,310.5089416503906,311.1640352535985,301.3378025613796,301.3378025613796,21653702
2024-06-19,306.2977294921875,313.3632765511374,304.5196548259877,312.5678138280345,14235150
2024-06-20,303.72418212890625,307.23355118089324,301.61856069771403,306.48489720686337,11749507
2024-06-21,305.03436279296875,308.4501428841355,302.2736477750116,305.736236588112,17209541
2024-06-24,311.5851745605469,312.5677864174738,301.85250207614206,302.36722664445557,18044357
2024-06-25,306.3913269042969,313.5036543262489,304.8939903060985,313.5036543262489,13979671
2024-06-26,305.7362060546875,309.0116167715787,304.0985006962419,304.80037442129,12946277
2024-06-27,310.2749938964844,311.1640454500687,303.5370226794719,307.46749874956646,27061015
2024-06-28,309.7135009765625,315.7028179211071,308.4501225168633,311.63194446621674,21676594
2024-07-01,308.4501037597656,310.46213600543615,304.37923055242834,309.76026229931983,11959181
2024-07-02,309.5730895996094,312.94208915574075,306.99955263523765,308.87121588205343,12684459
2024-07-03,313.64398193359375,315.28168737408174,307.98221169163327,309.853875052191,9369793
2024-07-04,313.50360107421875,316.9661895844363,312.47418055285823,315.3752643642141,12878827
2024-07-05,317.6212463378906,318.0891621482173,311.4915606463369,313.5035929188787,10894118
2024-07-08,317.6212463378906,319.11858264279897,315.2348871289504,319.11858264279897,7828162
2024-07-09,319.25897216796875,320.38198160856706,316.4046969654796,318.1827714469966,9214579
2024-07-10,323.84454345703125,325.48224890723014,313.9715305952731,320.9902682389827,10662609
2024-07-11,320.8031005859375,326.37131071578324,320.05444663741326,326.13735278695475,12642065
2024-07-12,321.0838623046875,323.70417964359524,318.2763672018648,320.80309565881504,11380570
2024-07-15,321.78570556640625,323.2362331415886,318.36992589374364,323.2362331415886,5277531
2024-07-16,320.4755554199219,324.73357794329087,319.58650394130785,320.7562934872131,11363095
2024-07-18,319.3525695800781,322.5812003885706,315.32850466916955,320.054443359375,13908161
2024-07-19,310.88330078125,319.91407093422737,309.76029132251716,317.7616408982089,12937990
2024-07-22,316.8725891113281,317.6212429762013,308.3565157416533,308.8244315470276,10678640
2024-07-23,312.8017578125,318.6507061635191,300.4955761938195,317.3405474447544,15954324
2024-07-24,315.515625,317.05974146127835,309.10517269055066,309.66667737446494,12573882
2024-07-25,317.6680603027344,320.6159242446315,309.24557557770544,309.24557557770544,16271884
2024-07-26,322.11328125,323.37663119239386,316.7790291580287,318.5103235078311,11468068
2024-07-29,320.3819885253906,323.70417963996675,316.07715698924727,317.99560055242785,31849674
2024-07-30,327.3539123535156,334.0451317561641,321.27100639424725,322.8619316842441,25813219
2024-07-31,325.8565979003906,328.14936834914283,320.6159348528889,325.90337806001816,17976593
2024-08-01,337.9288330078125,339.2389916776005,327.6814644561692,328.6172961573488,26792459
2024-08-02,335.26165771484375,337.8819746696296,331.2843735688896,335.02769982390527,13771470
2024-08-05,320.8031005859375,332.0330811697064,319.58653077975623,330.11463757703956,13566586
2024-08-06,318.8846435546875,328.289740473513,317.48089604087374,320.8030870665064,12273667
2024-08-07,329.4595642089844,329.9274800954106,321.36462508567433,323.6574243528906,12441847
2024-08-08,320.6627502441406,332.2202783142611,319.35259147814537,332.2202783142611,15489731
2024-08-09,323.7977294921875,326.5584441008897,322.20680436864495,325.57580379776743,8720610
2024-08-12,319.25897216796875,321.7389204100306,317.71485560663336,320.990266489176,12521136
2024-08-13,315.3284912109375,320.4755653727706,313.6439770769298,315.3752713705005,10435954
2024-08-14,312.099853515625,316.63864270440195,311.1640218709005,315.3752642721608,12385993
2024-08-16,319.5072021484375,320.4036167562879,311.9583020565513,314.22296632476343,13013828
2024-08-19,321.1113586425781,323.94219646357095,320.16774603558054,323.3288540283768,5891370
2024-08-20,321.3000793457031,323.32884060718095,319.69592646168604,321.2529102360198,6393840
2024-08-21,317.6671447753906,321.7246958342311,317.1953385218116,320.82825243372366,10118601
2024-08-22,315.1666259765625,318.65800430998206,311.86398169237697,317.0538512818114,18370039
2024-08-23,317.2897644042969,317.95030480057665,314.55329338514616,315.77997835335293,7494822
2024-08-26,319.17694091796875,322.24368166588715,316.9122765865521,317.4784498685986,7993675
2024-08-27,316.44049072265625,322.1965333338851,316.1102205537682,319.8846709484401,9589690
2024-08-28,315.5912170410156,319.7902754531152,314.93067676205817,316.4404625448405,8790600
2024-08-29,314.5060729980469,316.95947155591176,310.25981623139404,313.75119442490615,17653536
2024-08-30,318.3748779296875,321.6303528411853,315.21377003530586,316.11021350275325,22713812
2024-09-02,316.6291809082031,320.73390127657825,315.3553269979917,319.31848244588133,9789776
2024-09-03,315.7799987792969,318.89393811018624,315.16665625552,317.05388174208,8434423
2024-09-04,314.1286315917969,315.82715156505975,312.33577339510674,312.52450743550423,9025610
2024-09-05,312.5716552734375,315.4496620146059,311.01470033482565,313.6096348314353,13912371
2024-09-06,311.2034606933594,314.3173999189676,306.6741311974606,314.270202005334,23755639
2024-09-09,310.0238952636719,310.63726646547246,305.30583246071376,309.22184762458505,18597200
2024-09-10,315.30816650390625,316.3933153101741,308.5613417030864,308.5613417030864,15472387
2024-09-11,314.4117431640625,318.23336283732135,313.27939647736304,317.9030926539696,10134008
2024-09-12,319.1297912597656,319.8846698173223,314.4588973941671,315.96868330605145,18410837
2024-09-13,318.2333679199219,322.007818540173,317.14821912595426,320.6395686716228,10417461
2024-09-16,319.17694091796875,322.24368166588715,318.04459435387577,318.2333283801477,7748570
2024-09-17,317.903076171875,320.8282809635439,315.638411712663,317.71437093172375,11451846
2024-09-18,315.4496765136719,319.7903001759544,314.31735868662264,319.4128609002713,6583254
2024-09-19,316.0158386230469,319.27131345354724,314.3173475442979,317.24255222149435,10589610
2024-09-20,321.63037109375,323.61196337856205,315.87432828425676,319.08260547088133,31236123
2024-09-23,321.9134521484375,323.18733499463224,321.0642065165653,322.71552866617293,6542941
2024-09-24,330.3116149902344,331.2080585763159,323.04581445907496,325.1217451265029,26145769
2024-09-25,343.2390441894531,345.59807542099577,332.48186753297233,333.8972862718979,40770462
2024-09-26,344.84326171875,345.4566041948038,337.0584571924117,343.52218094352844,18733959
2024-09-27,334.27471923828125,342.8144006175459,333.42547377021214,341.77644993255444,33148043
2024-09-30,332.9537048339844,337.2943284642278,329.9813309643599,334.2747566875096,16356171
2024-10-01,331.019287109375,335.9260841265613,330.2172394403099,331.302388166196,9856291
2024-10-03,324.7442626953125,330.17003501440104,323.2816747193099,323.6591139908489,19350466
2024-10-04,319.7431335449219,327.85820762051003,318.7051539311656,323.659120054448,20121706
2024-10-07,310.4013671875,320.8282745930665,306.6740860080783,320.8282745930665,13851446
2024-10-08,308.7028503417969,312.3357645406724,304.17352146837453,308.8443864696968,21148292
2024-10-09,311.15625,313.09064428114004,307.14589651250947,308.5613153904473,9228363
2024-10-10,315.49688720703125,319.0354345539096,311.48653354723575,311.5809005691736,20773976
2024-10-11,311.4393005371094,316.4404641684378,310.9203251701005,315.59121866025566,6098468
2024-10-14,312.05267333984375,312.8075518406612,309.3161739816506,311.43930216156457,5944216
2024-10-15,311.2506103515625,314.6476213452107,309.0331150642664,314.6476213452107,12415489
2024-10-16,308.7500305175781,313.8927015144062,306.62690233069713,312.9962868913401,22085298
2024-10-17,312.4773254394531,313.1850349318255,306.2966740581104,309.9767576590921,17039729
2024-10-18,313.3265380859375,315.0250579668857,309.7408218874413,312.807562698208,10569021
2024-10-21,312.4773254394531,314.9307241056986,310.8732012014729,314.2230146133262,8745904
2024-10-22,304.55096435546875,316.7235610444044,302.94681142884616,314.12862641395503,11219831
2024-10-23,299.0307922363281,303.748854684982,296.1527856613564,301.20111824076963,12541589
2024-10-24,301.1539306640625,302.71088556614893,297.4738475872849,297.4738475872849,8327779
2024-10-25,297.9928283691406,303.3714313614416,295.58662791281984,303.3714313614416,12979410
2024-10-28,300.35186767578125,302.3806577262924,293.2276043345509,296.7661514504143,9610615
2024-10-29,302.4750061035156,303.08837732828067,296.4358912489805,298.27594732973336,15856332
2024-10-30,300.49346923828125,307.0515600812754,298.88931616478055,300.5878074687912,14498110
2024-10-31,302.7109069824219,304.50379393864205,299.92726712339487,302.3334677062385,9900390
2024-11-01,303.890380859375,304.503751995052,301.9559868374046,304.2678488803353,847672
2024-11-04,297.66259765625,306.3910139560511,294.02968349103276,306.24944903269204,9249409
2024-11-05,298.74774169921875,299.7857212726405,294.40711817194506,294.73738832668425,7518195
2024-11-06,300.54058837890625,302.2862773046681,296.1999650165918,299.50260884493144,11019250
2024-11-07,295.3035888671875,301.0124338525791,294.12407306055513,301.0124338525791,14504208
2024-11-08,298.4174499511719,299.6441346694181,291.29318717064945,294.26556075468307,15740539
2024-11-11,311.2034606933594,313.65685950229397,295.16204459995373,295.86975413348637,22838987
2024-11-12,304.5037841796875,313.7511757352826,303.6545098395294,312.8075631766802,12069181
2024-11-13,300.0688171386719,306.2966662726025,299.26674064168265,304.4566101204961,12918639
2024-11-14,298.7287902832031,305.14172647630943,297.29305437592416,301.60026209776106,12500377
2024-11-18,298.680908203125,302.03095857840174,296.8144690915435,300.54737652482765,9408101
2024-11-19,301.5523681640625,304.6152829286182,298.87233965266626,299.63805373874516,13157158
2024-11-21,311.93756103515625,312.7511505895024,299.59023759606504,302.4617095219059,25406386
2024-11-22,322.5141296386719,323.13627597551874,310.1189322371218,311.8418035099469,31523269
2024-11-25,328.0656433105469,330.60210414911484,321.7483996979914,327.20420763840764,29419152
2024-11-26,324.2848815917969,329.8364114584841,323.4234458637262,327.3477966361845,13997179
2024-11-27,324.715576171875,326.67773672409066,322.08339390371685,322.8012617950327,12177260
2024-11-28,319.35552978515625,327.10850981744056,317.96766921544275,324.7156165488419,16920231
2024-11-29,315.2875671386719,318.25476021882605,312.5118171772833,317.1540353112208,13890537
2024-12-02,313.8040466308594,317.7283976527965,312.22474282730985,314.09118215509585,16003524
2024-12-03,315.5268859863281,317.15406501789136,310.35824260683535,310.35824260683535,23174488
2024-12-04,311.1239318847656,317.0583181269633,307.3431785229836,314.95256063195916,17880011
2024-12-05,314.2826232910156,316.2926595781231,305.85962104269,311.0761403104066,19785053
2024-12-06,314.80902099609375,318.4940823362232,312.7032925232497,313.08614959011936,8802058
2024-12-09,315.00042724609375,316.48400916027276,312.7032559037669,313.7082592378729,9376929
2024-12-10,313.85186767578125,317.632650632765,311.41112828489753,317.632650632765,14994365
2024-12-11,313.516845703125,314.90473540033605,312.8468531538778,313.22971021203637,5013051
2024-12-12,315.0961608886719,315.7661534003986,311.88967843718416,313.9475605683982,10414162
2024-12-13,319.5469665527344,319.9776698064118,311.12396488931114,316.4840515460128,14973536
2024-12-16,320.6476745605469,321.8441211074146,317.39334579509085,319.54694957945276,12695136
2024-12-17,315.67047119140625,321.17412575942893,313.9475997063354,318.2548076291357,17360248
2024-12-18,307.7738952636719,315.00044986782,306.9124595997002,313.94757107402324,15037099
2024-12-19,307.8695983886719,309.97535585014055,303.2752556492549,304.3759805545195,10234715
2024-12-20,302.270263671875,311.6504227384428,300.1645351378377,307.53462882215234,13973399
2024-12-23,301.7916564941406,304.6631281228579,298.20231695824396,304.37599264403417,5984169
2024-12-24,296.8144836425781,303.08385225389713,295.5223154495999,300.64311283058913,4833589
2024-12-26,297.0058898925781,299.68594778092825,295.5223078046521,296.81447596420287,3775101
2024-12-27,296.1444091796875,298.9201590052883,295.57010906160383,297.43657714284643,3981693
2024-12-30,294.3736877441406,298.6330490053482,293.17724123370255,295.7615773802968,12489142
2024-12-31,295.4744567871094,296.479460222459,292.0765310002142,294.18228864871605,8402716
2025-01-01,297.10162353515625,298.01093466478636,292.79441563503605,295.47447363229577,4239498
2025-01-02,301.6481018066406,303.6102916972374,295.5223012423458,296.57518006045615,10766571
2025-01-03,302.509521484375,304.3759897090918,300.2123500455756,302.7966861705497,7636948
2025-01-06,292.89013671875,302.9402884689032,291.7415362632547,302.2702666681771,6722495
2025-01-07,291.9808044433594,297.3887662186675,290.01864378496816,292.8901155056114,10137739
2025-01-08,293.51226806640625,294.66086846296133,290.01864990788994,293.03368943619523,6907996
2025-01-09,292.1722412109375,293.75154478086444,290.64078381793064,293.51225547602337,8244909
2025-01-10,286.86004638671875,292.17225756753425,285.71144597513177,291.0236571559473,6540783
2025-01-13,275.2784729003906,285.75932885932605,274.4648832718578,282.3614317879618,19474228
2025-01-14,277.8149108886719,280.4949396886477,274.5127064653774,275.42201759936376,15954608
2025-01-15,285.8550109863281,289.5400722939113,278.62848532882623,282.3613928155499,12198882
2025-01-16,284.8978576660156,288.67864059433373,283.8928542091827,286.1900258320308,11694289
2025-01-17,289.63580322265625,291.9329748879467,283.03142373115014,284.89786292977004,7593230
2025-01-20,293.1294250488281,295.57016449579777,289.01366031586514,289.6358067229238,9435937
2025-01-21,289.396484375,296.6708849147273,288.5828949154698,293.8472594993341,13911546
2025-01-22,284.8021545410156,289.34865190135525,283.1271291977326,289.06151638369914,9723333
2025-01-23,281.7392578125,286.76433365026116,281.021389835677,284.75429747313217,12228286
2025-01-24,283.17498779296875,289.5400778778457,281.73925186960753,282.64853376166303,11142914
2025-01-27,274.7041320800781,282.36139011715346,271.5933710025163,282.36139011715346,13477947
2025-01-28,271.7847900390625,276.42697894433195,267.3818612161158,274.84767545624203,11298068
2025-01-29,275.5177307128906,276.7620235010742,271.1626475340035,273.1248374970589,4800024
2025-01-30,282.6963806152344,284.3714056900714,275.5177017230757,275.5177017230757,10969499
2025-01-31,288.72650146484375,290.4494021772343,283.2228468418883,284.27572574221756,14141459
2025-02-01,277.4320373535156,292.2679748674991,276.28343695870706,288.7264813252738,6945157
2025-02-03,271.6412048339844,279.48990564927925,266.08970469349185,277.5755912270239,14978897
2025-02-04,273.4119873046875,274.12985530699814,260.4425170803248,268.9612115323863,19836427
2025-02-05,272.98126220703125,278.293473315418,272.3590866200002,273.36411926896625,15337191
2025-02-06,269.104736328125,278.48489425351164,267.7647221131038,275.18269028603163,21418561
2025-02-07,269.3468322753906,272.9781486269869,261.4547773149336,264.45667140926554,17193482
2025-02-10,260.1959228515625,267.2648732583572,259.61490634717717,266.29652226829074,16709670
2025-02-11,253.17539978027344,260.29275652329574,251.77127890415463,260.19594505740855,22083955
2025-02-12,248.9146270751953,253.80481763807177,245.96116817566727,251.2870989826207,17861265
2025-02-13,250.9481658935547,253.0785500004455,247.9947070447423,249.10830482945542,12257226
2025-02-14,249.2051544189453,253.2238054594861,246.6874357200921,252.1586133693871,11339563
2025-02-17,254.8699951171875,255.64466409678988,244.21811933729094,248.76936608384136,8332653
2025-02-18,258.5013427734375,259.4212586045084,251.96497272687063,255.4994483972606,10483635
2025-02-19,254.72471618652344,260.00224090453156,253.99845294377334,254.19213496253084,14602009
2025-02-20,257.33929443359375,258.01715199691387,253.03012039190682,254.4342412509003,15312926
2025-02-21,253.61114501953125,257.3393026331229,251.19026729015096,256.9035328211424,10757038
2025-02-24,250.9481658935547,253.5142902370401,249.10830482945542,249.83456810884158,14599185
2025-02-25,247.65579223632812,251.72287865093057,246.83268789626214,250.60925125169004,21287363
2025-02-27,248.13995361328125,249.30198668016166,245.42856775033403,245.96116377667684,13614799
2025-02-28,242.91087341308594,248.8662266223009,239.47322413686564,247.80103452796848,38512868
2025-03-03,244.50863647460938,245.76749577598812,240.63523233243734,244.99281199238087,9873539
2025-03-04,245.96116638183594,249.01146627504443,241.55516615486243,242.0877621868464,11947033
2025-03-05,256.0320129394531,258.7434136235141,247.65578222706532,248.81781531333843,14536637
2025-03-06,258.2108154296875,258.84023773562126,252.4491441040102,256.758288776734,11926868
2025-03-07,254.96682739257812,260.1475115778614,253.32064828858915,257.5813871277244,10043068
2025-03-10,262.7136535644531,265.5703012601409,252.7880543377751,252.7880543377751,30233763
2025-03-11,258.8402404785156,263.24625577020277,257.43614909681986,261.45480030223024,9255499
2025-03-12,258.64654541015625,263.77879363944345,255.25731707526543,262.13261475067486,11875548
2025-03-13,259.1791687011719,262.0842220313962,257.0972197248572,261.26111767748654,9270442
2025-03-17,258.888671875,262.0842186766507,256.5646351509149,261.454796373505,11987667
2025-03-18,258.888671875,258.888671875,258.888671875,258.888671875,0
2025-03-19,268.4269104003906,269.49207286448365,261.2610893221769,263.39147335381784,13089950
2025-03-20,271.47723388671875,274.57593964248076,268.2816575599182,274.52753390869157,13710249
2025-03-21,274.14019775390625,276.12530565514754,271.18670921706524,272.10665456743357,26003527
2025-03-24,282.61328125,284.64682451930895,275.44748884781086,275.98007014494203,19966817
2025-03-25,281.7901611328125,285.90565317684843,278.5461791406971,281.7901611328125,16983852
2025-03-26,281.6448974609375,287.35816251551717,280.3860234155954,282.4680017306367,20367015
2025-03-27,286.14776611328125,287.84238063341064,279.8534836099434,279.8534836099434,37203166
2025-03-28,281.1607360839844,284.9372993063308,279.1755986806343,284.5983705251023,10834900
2025-04-01,280.1439208984375,287.55182938358377,277.9167255111985,280.43444391746397,11603556
2025-04-02,277.6746520996094,280.5797051294222,275.49586232724977,277.77149311094865,11679536
2025-04-03,289.6337890625,290.4568933201518,276.0768751068659,280.1923668433977,23478876
2025-04-04,284.598388671875,291.3768465217408,282.8553684740305,290.5053364228185,21020875
2025-04-07,280.24078369140625,284.59836335003746,273.3654854307757,274.62435950763955,22847548
2025-04-08,279.8050537109375,284.69521479748136,275.641126375719,282.71010692315673,20831596
2025-04-09,284.11419677734375,290.02114418869473,280.14395149746986,280.7734033315833,21342531
2025-04-11,294.4755554199219,295.3470654403839,283.9689407881724,283.9689407881724,19831004
2025-04-15,294.91131591796875,300.62461105387973,294.0882411237009,297.4774699763862,16563441
2025-04-16,296.0733337402344,297.2837725535632,293.21668632008675,294.8144891950639,7032401
2025-04-17,299.2204895019531,299.9951585602305,292.4420318109704,295.7828549222183,8528993
2025-04-21,309.8723449707031,311.80904712677,298.6879018401087,300.18883419036865,13369014
2025-04-22,302.6581115722656,309.63025101551136,302.22237132689344,309.63025101551136,10027268
2025-04-23,304.982177734375,306.095775541447,299.65624691194205,304.20747915643824,8225575
2025-04-24,304.4495544433594,305.85367524150877,302.9486221846986,304.9337299528277,8021180
2025-04-25,296.7995910644531,305.41790933183546,293.79769695737076,303.0938727672882,11475773
2025-04-28,298.78472900390625,301.10879535467075,293.9429733593657,294.57242523454096,7314824
2025-04-29,293.3619689941406,300.96350126565216,291.6673546186545,298.7847113543128,14678005
2025-04-30,297.71954345703125,300.18882682473674,292.3451773747768,294.8144902942112,17619987
2025-05-02,293.4587707519531,299.2204712586938,292.732507472199,295.83124261984125,5688285
2025-05-05,298.4458312988281,300.8667091336605,295.00816704232733,295.153413802071,4342960
2025-05-06,297.86480712890625,300.6246137007377,295.879669623817,297.86480712890625,9124804
2025-05-07,301.2540283203125,303.2391362229906,297.2837829632264,298.25213404779714,14679327
2025-05-08,298.4942321777344,307.3546389986981,294.3787399254866,303.4812345259943,19253478
2025-05-09,289.8274230957031,293.4587391028414,287.0192112938613,290.5052805710591,11981497
2025-05-12,299.2688903808594,301.2540278320499,294.4271349658529,294.4271349658529,7145884
2025-05-13,289.00439453125,298.97839893410884,288.5686247202087,295.3470823478646,17988336
2025-05-14,286.5835266113281,291.0379181347918,284.7436358366363,289.7306677604059,10359258
2025-05-15,290.1664123535156,290.89267570642033,281.8385866631953,286.5350955889921,22640626
2025-05-16,290.6990051269531,292.63570728089223,286.14774324450434,290.50532309086736,16763668
2025-05-19,294.4271545410156,294.8629243780306,289.5369930674257,292.4420465095738,12575289
2025-05-20,288.4718017578125,295.6375943595318,287.69713265828193,294.766084234627,21339095
2025-05-21,286.77716064453125,292.68410802367583,286.29298511430187,288.3265282516112,11997632
2025-05-22,281.69329833984375,286.97082307962546,277.48096560416894,286.53505331148676,26158839
2025-05-23,288.66546630859375,289.29488860777093,282.516430966752,282.7585187396455,9872024
2025-05-26,287.30975341796875,294.1850218741288,286.38980814760674,290.55370562542714,16469130
2025-05-27,285.227783203125,288.181271566729,282.9521819308902,287.6002550401406,17074710
2025-05-28,281.9353942871094,286.2929738883065,281.3059720328376,285.2277818532238,10099453
2025-05-29,283.8236999511719,284.59836897398986,282.12908560599465,282.12908560599465,9773818
2025-05-30,280.5797424316406,285.3246571008113,279.1272157236252,282.7585324936637,21788566
2025-06-02,283.7752685546875,284.3562851056245,279.2724420004522,281.1123031186449,7255782
2025-06-03,279.127197265625,286.0509015389711,278.6430217283039,283.2426893328545,10989055
2025-06-04,279.4176940917969,280.62813294950126,277.96516746255156,279.1272005866398,8580196
2025-06-05,284.93731689453125,285.9056680139689,280.9186656592112,281.79017575635885,13110486
2025-06-06,286.4382629394531,287.6002961587673,283.67848575911347,284.2594728170382,7935393
2025-06-09,290.989501953125,291.61892424999877,286.7771688098469,288.5686242330491,8666186
2025-06-10,291.5220642089844,292.2483274776183,288.81069316010877,291.0378886965617,7273892
2025-06-11,286.09930419921875,291.86097470528654,284.6951834804106,291.5704812367113,10941604
2025-06-12,279.8534240722656,286.4381987003345,279.36924859809216,285.8087764942542,14071159
2025-06-13,276.4642639160156,277.3842093644504,272.88135270306583,273.6076160933881,16028417
2025-06-16,279.5145263671875,281.30598173089703,277.2388954755418,278.8366983591143,11067299
2025-06-17,279.4176940917969,281.25758479689154,278.11044376686004,279.5145351107592,7286868
2025-06-18,278.2072448730469,279.1755959231469,276.46422480355835,278.4009269037584,11904855
2025-06-19,277.3841857910156,278.54618938573884,276.2705583791098,277.72308503631166,13573824
2025-06-20,283.8236999511719,285.17938551696784,276.02845623231923,276.5126317595127,33014151
2025-06-23,281.06390380859375,284.1626391165812,278.9819548759131,282.17750165149454,6833477
2025-06-24,276.8999938964844,285.3730655634303,276.318977357548,284.1626267538666,15007849
2025-06-25,281.257568359375,281.88699061825,277.43256997188115,277.43256997188115,10838516
2025-06-26,284.2110290527344,284.9372923297005,280.5797126679039,281.59646943496506,10232220
2025-06-27,289.779052734375,291.183173582518,284.8404564516138,285.6635607573622,15523628
2025-06-30,290.4084777832031,291.4736698624816,286.87400231481786,290.8926533145361,8415241
2025-07-01,288.13287353515625,291.95787240728777,287.6002922221044,291.4736968311563,12349270
2025-07-02,285.518310546875,289.294873699044,284.1141897157614,288.13284062834805,10826029
2025-07-03,284.4047546386719,289.48859835605145,283.82373801776765,288.9559874736672,10373094
2025-07-04,284.6951904296875,285.80878815537665,282.41955969788035,284.40469695402146,14193884
2025-07-07,286.5350646972656,287.2613279718709,284.2110281288743,285.3730611889341,6220756
2025-07-08,288.3265380859375,288.9559603863584,283.7752761258537,284.84046823903606,6254288
2025-07-09,290.1664123535156,290.50534116188413,287.0192711575952,288.8107266717731,5650646
2025-07-10,289.779052734375,293.1198756893476,288.5686139176065,290.5053160244361,9307817
2025-07-11,289.1011962890625,291.37682718369206,287.5518582390185,289.77905384975355,7073217
2025-07-14,288.7623291015625,290.941119221891,288.0360657281197,290.0211737948371,5484223
2025-07-15,288.6170349121094,290.5053313868159,287.4550313176004,288.6654701983788,6173407
2025-07-16,287.6486511230469,289.4885416541546,286.34140092172856,289.4885416541546,8144630
2025-07-17,287.21295166015625,288.762319381695,286.4382530235212,288.132867504513,8318287
2025-07-18,284.8404541015625,291.9578401957856,284.21103183238165,287.11608496865813,8702106
2025-07-21,287.6002502441406,287.8423379968714,283.00058294225624,284.6951972113715,5298012
2025-07-22,288.37493896484375,289.3917253269252,285.2277979639942,287.6971109418524,7775653
2025-07-23,289.779052734375,290.16638724539513,287.697103879879,289.39171822335487,5310964
2025-07-24,289.8758850097656,291.81258705820005,287.11607868040096,290.36006052187423,6294709
2025-07-25,282.8553771972656,288.32655529161315,281.6933439950449,287.7455386905028,8202572
2025-07-28,282.6616516113281,285.90563337880826,281.5480538692244,282.7584926218866,7037396
2025-07-29,283.8236999511719,284.59836897398986,280.62812374065743,281.3059812994199,6586034
2025-07-30,279.8050537109375,287.1160924743307,277.52942278435324,283.72686372674167,10515572
2025-07-31,281.7901611328125,284.98570784043096,275.93164898493546,275.93164898493546,14283621
2025-08-01,282.0322265625,283.5331587801675,277.23887732898726,282.4195610491503,6697683
2025-08-04,278.8367004394531,282.32274062521867,276.657910547485,281.98384139451815,10397121
2025-08-05,276.94842529296875,279.51454989670066,276.07691517966583,278.0136174544418,15561914
2025-08-06,275.7863464355469,279.2724158631761,275.06008320277937,278.4977469022481,12985269
2025-08-07,276.51263427734375,277.2388975747471,274.4306854018,275.49587748167073,8893659
2025-08-08,275.8348083496094,277.1904939379996,274.6243695114522,275.78637306504544,6172968
2025-08-11,275.8348083496094,277.33574068823253,274.3338464592568,275.8348083496094,8755499
2025-08-12,275.64111328125,278.4493253426438,275.0116910255161,275.39902552506555,13184438
2025-08-13,279.0787658691406,280.2407693208184,276.99678760873013,277.916732865736,9928283
2025-08-14,279.5629577636719,280.9670490441253,278.06199591690347,279.90185698713157,8464495
2025-08-18,281.1607360839844,282.08065185962835,279.3692807132589,280.3376317729236,9836105
2025-08-19,280.0909423828125,282.13327810692135,278.6807504191529,282.03601837158203,7196772
2025-08-20,280.4799499511719,281.0634786801803,279.06978767553085,280.2854601611717,3106073
2025-08-21,276.2007751464844,281.5983488453277,275.8117659061222,280.4799361494731,7389271
2025-08-22,275.5686340332031,276.73566176535235,274.0611824031939,276.2007777647218,6824793
2025-08-25,276.3466796875,276.78433367976874,274.4502483065157,275.5686611229176,7426789
2025-08-26,272.21337890625,276.00627115142953,271.2408409111012,275.22825262711217,22905910
2025-08-28,266.9130554199219,274.255705157843,266.0863922167015,274.255705157843,12455072
2025-08-29,267.6910705566406,268.5177337494827,264.77345670861183,266.0863888761254,12841075
2025-09-01,272.1647644042969,272.89416790206815,268.4204871798367,268.4204871798367,10820878
2025-09-02,278.8266296386719,279.9936573186593,272.164739043884,272.5051332470267,16983677
2025-09-03,278.1944580078125,281.25797617588785,277.7568337548744,281.0634567215809,30178885
2025-09-04,274.0611877441406,280.0423199960402,273.18590950809545,278.9725222944279,5946090
2025-09-05,277.5137023925781,278.7779898212633,274.5960886222258,274.5960886222258,9695914
2025-09-08,275.0337219238281,279.79918164903796,274.3529631627289,278.53486449927703,5186605
2025-09-09,276.0549011230469,276.54117009466415,273.963950480993,275.2768529607576,7093190
2025-09-10,275.17962646484375,278.5835093101367,274.74197251293344,276.88156788749023,7767863
2025-09-11,278.92388916015625,280.77173512119623,274.79060262115405,274.79060262115405,7406625
2025-09-12,279.7505187988281,280.6744416683619,277.27055904513384,279.361509577788,7618852
2025-09-15,278.3890075683594,280.86896764170785,277.90273855950636,280.38269863285484,5420800
2025-09-16,280.43133544921875,281.74426767207285,278.4862594685472,278.6807492589119,8626429
2025-09-17,279.2642517089844,281.25797220925705,278.0972240381065,281.06345275769337,19010126
2025-09-18,281.1607360839844,281.89013956932183,278.2431221426345,279.1184003891387,16842964
2025-09-19,278.34039306640625,282.2305451445978,277.076075833291,282.03602566888617,14993879
2025-09-22,278.7779846191406,281.06345463250244,278.04858119016353,279.1183788218969,9456933
2025-09-23,280.6744689941406,281.06347825305374,277.5623355638277,280.72308402169074,13619147
2025-09-24,285.245361328125,286.46103373351167,279.06976925236245,279.99366247275503,14032389
2025-09-25,276.58978271484375,286.75281600507043,275.81176423882266,285.926152824609,16242837
2025-09-26,274.49884033203125,276.3466565276837,272.407889645385,275.7145127870004,8959035
2025-09-29,272.8941650390625,278.24312396660133,272.2620212835269,276.1035285237842,14600560
2025-09-30,272.5537414550781,278.14583427708243,271.3380691024685,274.2556827487316,18772881
2025-10-01,272.9427795410156,275.08237497971265,272.21337605230127,273.2831737716498,11812449
2025-10-03,281.7442626953125,282.0360122154581,273.33178548390373,275.5686406298664,19597461
2025-10-06,279.0211181640625,280.7230594926611,276.7356481583298,280.43130999384476,11702722
2025-10-07,281.0634460449219,284.3214538640417,279.2156300172049,281.0148310229427,11371062
2025-10-08,277.4650573730469,282.37639168858715,276.8329136594234,282.37639168858715,9989251
2025-10-09,278.2917175292969,279.069765666448,274.4988256091278,277.1733048666126,10714949
2025-10-10,281.2093505859375,283.2516862769683,277.4164584051681,277.4164584051681,10773268
2025-10-13,278.2917175292969,280.2854380562139,277.076045139531,279.8477841240975,8950161
2025-10-14,279.60467529296875,279.9936845574755,277.5623395549279,278.63213729194973,7667654
2025-10-15,282.9599304199219,285.19675584889626,279.16700864456936,279.2642683761559,8125514
2025-10-16,283.8352355957031,285.1967829286857,282.61956303419976,284.37011965096224,7824732
2025-10-17,281.7928771972656,283.4948186471197,280.09093574741155,283.0085496614471,14275188
2025-10-20,280.2854309082031,284.0783227316436,279.2156332965915,282.18186198017287,13536721
2025-10-21,280.6744689941406,281.6470069811754,280.2854597352275,280.3826897903278,398291
2025-10-23,281.69561767578125,283.15442463389456,280.09093595775727,281.0148589030305,21031287
2025-10-24,280.5771789550781,282.7653891895631,278.6807182133908,281.6955915834703,16350189
2025-10-27,283.0571594238281,284.75910084202894,280.2854500006463,281.0634684914512,13396182
2025-10-28,280.3340759277344,284.564622124817,278.92388396887213,282.57090143540813,13543174
2025-10-29,287.23907470703125,288.5033621052577,280.820318630994,281.06345310599914,14608714
2025-10-30,283.49481201171875,288.30888672900187,282.95992801179966,288.1629822931123,10329750
2025-10-31,280.23681640625,283.98109361064735,279.1184036515609,283.98109361064735,10088802
2025-11-03,280.0909423828125,282.1818931348389,279.2642791516846,281.06348037719727,8578207
2025-11-04,271.38671875,277.124716730008,270.46282545184107,276.68706275542957,26098629
2025-11-06,262.7797546386719,270.8518074040475,262.4393604349388,270.36553845000077,21919591
2025-11-07,264.53033447265625,265.3083529963624,261.36958599090576,262.77977795456536,11379131
2025-11-10,265.2225646972656,267.54645180953463,263.590858183498,265.6181180241124,10717941
2025-11-11,264.67864990234375,266.16199749773756,261.71195471155613,265.2719949762581,11154806
2025-11-12,264.134765625,267.24978951326466,263.5414205560963,266.0136665275419,16444701
2025-11-13,266.854248046875,267.4475931421342,262.7008625588455,264.1347773574899,12573141
2025-11-14,268.2881164550781,269.27701482782635,266.50811145564467,267.3486811082373,10308317
2025-11-17,270.5131530761719,270.908736590646,267.00257572610195,269.0792684619509,9884392
2025-11-18,271.15594482421875,273.7270564403353,269.2770137802799,270.95815307892525,16434280
2025-11-19,272.09539794921875,272.9359676534738,269.47482313612903,272.8865348033116,15765235
2025-11-20,274.1226501464844,275.9520880541015,271.4526123794352,272.1942861837506,15337345
2025-11-21,274.5181884765625,275.90264013323076,272.342600031239,274.1226351716262,12941485
2025-11-24,272.7381591796875,275.9520788916759,269.4748066205665,274.91374767162375,49791096
2025-11-25,270.4142761230469,273.8259574525211,269.62313930580683,271.94705655209975,12114606
2025-11-26,271.9964904785156,273.8754215651714,270.46371004338476,270.9581592390765,8352869
2025-11-27,270.6614990234375,273.9248516100949,270.26591552790507,273.9248516100949,9865039
2025-11-28,266.953125,271.30427175878066,266.4586758188026,270.7603595521937,12580231
2025-12-01,266.65643310546875,269.42536658301617,265.7664306293502,269.42536658301617,10428760
2025-12-02,264.48089599609375,267.64535285071713,263.9369837547472,266.01367648424736,11029817
2025-12-03,265.46978759765625,266.0136696462371,261.5636268454636,264.4808891974844,9063557
2025-12-04,266.1125793457031,267.20037367815644,262.6514347653062,263.5908701869996,5103204
2025-12-05,266.8047790527344,268.48591842191763,264.8269822319468,265.2225657391319,5535798
2025-12-08,262.255859375,266.4092144150703,261.81084303770024,265.8158693582651,10203843
2025-12-09,261.6130676269531,262.79975781465754,259.98139125294836,261.16808144065277,10686557
2025-12-10,262.5525207519531,264.2830929226346,261.3658306205438,261.9591756862485,7157092
2025-12-11,261.86029052734375,263.3931011913678,259.5858362243208,261.31640846581627,8336183
2025-12-12,260.6736145019531,263.7886383094003,260.37692688580677,262.0580661742871,5522827
2025-12-15,259.2891845703125,260.9208609701886,257.6080451408732,260.67363635872897,6400400
2025-12-16,257.459716796875,260.42641213885065,256.81693884187075,259.2397219305461,9241981
2025-12-17,258.2013854980469,259.83306186793055,256.421350220986,257.45971167730113,10944698
2025-12-18,255.0863494873047,258.7947184165903,252.96020891421256,257.8552528829912,10930748
2025-12-19,260.5252990722656,261.01974827894765,255.0863577987635,255.18522349707223,16657897
2025-12-22,262.0580749511719,262.651420024554,256.1741174232074,256.22358045027994,10054250
2025-12-23,264.0358581542969,266.31031227662237,261.46471642115773,262.05806146400255,10526826
2025-12-24,265.0741882324219,267.0519849144136,263.34361613567916,264.82696364717293,6131188
2025-12-26,262.5030822753906,266.3103168262234,261.9097372224092,265.02476102708283,6029003
2025-12-29,257.7069396972656,263.49200161145643,257.1135945970538,262.9975523910775,7270521
2025-12-30,257.459716796875,258.5475111246899,256.07526500637687,257.11359630455405,10929200
2025-12-31,261.66253662109375,262.255881728473,257.65747978037325,258.49804950092835,5145868
2026-01-01,263.83807373046875,264.5797475098971,261.1680662317967,261.1680662317967,4298196
2026-01-02,267.9420471191406,269.0792743009689,263.29421233227725,264.53033539487006,13348375
2026-01-05,268.6342468261719,269.7714739610066,265.7170146262727,268.2386934982447,11526602
2026-01-06,265.56866455078125,270.2659321506915,263.0469855949752,263.0469855949752,11777253
2026-01-07,261.1680603027344,265.96422333657813,260.5252824109122,265.5192070075106,14877056
2026-01-08,256.4213562011719,262.3547469055148,255.0863674357233,261.06919099108813,11762204
2026-01-09,255.1357879638672,260.87138662952566,253.4052157586859,257.41024221916314,14100782
2026-01-12,255.67967224121094,256.61913780372106,251.47686908140932,255.1357901863585,9698555
2026-01-13,255.92689514160156,257.0641524503751,253.2568875553814,256.17411974285073,9734559
2026-01-14,255.48190307617188,256.8169219278936,253.89965962890105,254.24578009842648,15435341
2026-01-15,255.48190307617188,255.48190307617188,255.48190307617188,255.48190307617188,0
2026-01-16,254.44354248046875,258.64636061822983,253.35577839960462,255.43244086582428,9648251
2026-01-19,254.7896728515625,255.92690000315432,253.80077442778094,254.0479990337263,10588722
2026-01-20,251.22964477539062,254.9874617616948,250.58685175347193,254.78967000763222,12452441
2026-01-21,252.96022033691406,255.97636355347535,249.25185124017293,249.25185124017293,14263346
2026-01-22,256.3719177246094,256.9652628177811,252.61410067643763,253.75134292345138,15520530
2026-01-23,251.32852172851562,257.0641505421909,249.79574128366247,256.37190959231805,18022018
2026-01-27,251.52630615234375,255.48189962773728,249.25183688611412,253.6524316096111,17375059
2026-01-28,256.9158020019531,257.8552675891323,251.1802031357224,251.1802031357224,16046343
2026-01-29,257.6080322265625,260.12971106552004,255.8774600331019,259.684724894472,26914029
2026-01-30,253.65243530273438,259.48692972813217,251.22963728165874,258.39913547080425,23292764
2026-02-02,267.39813232421875,268.1892691840343,247.224610170096,248.46073322094648,37109237
2026-02-03,280.0560302734375,281.3415860820884,270.2164794268213,272.9853827895078,52651170
2026-02-04,286.18719482421875,288.7583367350135,279.75935513662427,285.5938497403762,27775044
2026-02-05,286.13775634765625,287.76943266204506,282.97326941525415,287.76943266204506,9870342
2026-02-06,289.5,290.24167378309136,286.1871843997685,288.9561179639131,19951107
2026-02-09,289.75,292.54998779296875,288.0,292.5,13114576
2026-02-10,294.3500061035156,295.29998779296875,286.5,290.0,21823214
2026-02-11,294.45001220703125,297.6499938964844,292.20001220703125,297.6499938964844,10508852
2026-02-12,293.8999938964844,296.0,291.75,294.45001220703125,10482579
2026-02-13,287.20001220703125,294.29998779296875,286.8500061035156,292.0,10914157
2026-02-16,300.5,300.95001220703125,287.25,288.0,22196951
2026-02-17,300.75,301.6000061035156,297.0,299.29998779296875,11190989
2026-02-18,300.54998779296875,302.25,298.45001220703125,299.45001220703125,9147320
2026-02-19,294.6499938964844,301.6000061035156,293.1000061035156,300.1000061035156,7552362
2026-02-20,298.95001220703125,302.04998779296875,294.25,295.54998779296875,11762183
2026-02-23,303.3500061035156,304.29998779296875,299.0,302.0,11774742
2026-02-24,304.79998779296875,306.20001220703125,300.79998779296875,304.0,15863867
2026-02-25,307.25,311.70001220703125,305.1499938964844,307.0,14240500
2026-02-26,303.25,307.70001220703125,301.3999938964844,307.1000061035156,14249515
2026-02-27,298.6499938964844,305.79998779296875,297.8999938964844,305.79998779296875,21400679
2026-03-02,296.79998779296875,298.6000061035156,289.5,290.0,15690227
2026-03-04,291.95001220703125,296.0,288.8999938964844,296.0,28191826
2026-03-05,299.45001220703125,300.1000061035156,291.8999938964844,292.0,19467441
2026-03-06,299.1499938964844,302.75,297.0,299.95001220703125,15886919
