Date,Close,High,Low,Open,Volume
2021-03-08,231.14028930664062,244.13205512835833,229.17737816063158,238.6176208249849,19094895
2021-03-09,231.9437255859375,237.6863922230993,229.15911994777477,233.72404265589776,10348870
2021-03-10,240.18798828125,242.81738851824937,235.5408997790577,235.76003504019448,15206235
2021-03-12,242.0230712890625,245.04504792400525,239.3023672966456,244.86246773104568,12544700
2021-03-15,233.10324096679688,245.01767916926516,226.08238697685442,244.3055522767833,18506180
2021-03-16,241.5666046142578,243.18257741049018,233.8244847706833,235.36743105440814,12723425
2021-03-17,241.3200225830078,242.66211065030268,235.5499549833407,242.47950264114638,11266530
2021-03-18,242.07786560058594,249.73781991023728,237.93290763844402,244.31468905684085,14562505
2021-03-19,250.8790283203125,251.9015665421764,237.48553292473926,239.7040786591844,14402385
2021-03-22,252.23931884765625,253.80051430795007,245.96712072798567,249.95685793877632,9335185
2021-03-23,256.7860412597656,261.84395556295124,254.08358695410834,255.45306376743358,14529820
2021-03-24,255.9642791748047,260.56572810346717,250.66898108585562,258.009383066472,10501700
2021-03-25,250.52293395996094,257.0233789534521,246.78883080673566,256.89557561543904,10425355
2021-03-26,260.9583435058594,268.6913232206678,251.98371826326007,251.98371826326007,18748345
2021-03-30,259.39715576171875,263.8525246497224,257.6624907568521,263.5695016792372,11173995
2021-03-31,259.70758056640625,263.54212686958897,258.28332687941327,259.85366143969753,8632980
2021-04-01,268.91046142578125,270.06080294526794,260.29188554904465,263.85251951331435,12254460
2021-04-05,260.37579345703125,271.0372438752473,254.94880264568258,268.58959092388613,10865445
2021-04-06,263.8685302734375,267.49873156040604,259.431611372463,262.5484519916202,9011680
2021-04-07,272.37567138671875,275.47418752287894,259.101592002439,264.015194697468,14184300
2021-04-08,273.952392578125,276.84922892666947,270.1113364685085,273.16402740770013,11186950
2021-04-09,269.4421691894531,274.429096817797,266.7653363230702,272.99901684054123,10218235
2021-04-12,238.51202392578125,259.59656810565974,237.0544435765595,258.51484603155353,24289800
2021-04-13,253.43621826171875,256.4247322313089,240.36381963327986,241.09718390721488,21252365
2021-04-15,253.13372802734375,254.53630756608337,240.36383372009317,252.0978306470615,17951785
2021-04-16,252.64781188964844,255.75547536582616,250.37433824929317,252.15277569859342,12006190
2021-04-19,246.16664123535156,248.12843403539281,236.01855151039913,238.7137085860134,14272335
2021-04-20,246.606689453125,254.11462341605775,242.4906004117555,252.83119390276082,12498725
2021-04-22,243.15982055664062,244.2140422701576,236.73360861805563,241.66556346027443,19593930
2021-04-23,253.13372802734375,254.4538061786346,240.45548327766596,241.0971980370079,17606370
2021-04-26,245.51577758789062,252.93203360783733,243.22397926370238,252.83117993402507,13382655
2021-04-27,242.93064880371094,248.9535021694377,241.84892659121599,248.33928784224258,8343800
2021-04-28,257.56146240234375,259.3949011141578,242.93062931536284,243.48066652411796,17059815
2021-04-29,259.669921875,263.0067656309138,254.84796933029833,260.5316402683738,14470055
2021-04-30,246.606689453125,264.9319009134513,244.9015768581748,262.1817427724812,20775365
2021-05-03,238.1361846923828,244.6540740706294,233.8826212913469,244.5807208532007,14320405
2021-05-04,236.73358154296875,247.3675309491518,235.69768426452455,242.93061292307925,13762810
2021-05-05,235.9727783203125,240.18051761918554,233.23178188125772,240.18051761918554,12337230
2021-05-06,240.43714904785156,241.46387023962143,233.39675118195458,237.61366577048446,11816670
2021-05-07,237.91615295410156,242.5639264049581,236.97193321738385,241.09716996584896,6920815
2021-05-10,244.35153198242188,245.86414129342933,237.67781622171054,238.16367635902404,9092755
2021-05-11,246.1392059326172,247.23928061324335,240.6205641614877,242.74733231407097,7293410
2021-05-12,246.40501403808594,248.6143111373665,243.5998549272115,246.59751727775807,7632385
2021-05-14,243.20567321777344,251.54782629928224,242.7473134657791,246.78090166417655,9702620
2021-05-17,254.673828125,256.3147637735292,242.05975954271292,243.75569612014863,9550025
2021-05-18,265.88531494140625,268.59879665796547,257.5981633477416,257.5981633477416,15594255
2021-05-19,258.76239013671875,267.6454038815752,257.5981665018456,263.6485204917624,6901040
2021-05-20,259.6058044433594,261.92510372185694,255.94810249206824,259.4316254955779,6123645
2021-05-21,271.1197814941406,272.81571809785316,260.35750393847843,262.73180399325287,11258915
2021-05-24,267.5262145996094,271.89898411431966,265.3077692816553,270.6155825283888,6487950
2021-05-25,262.9700622558594,270.72552700675107,261.66833662888354,268.59873170019705,5680010
2021-05-26,262.6858825683594,266.9027965959212,261.9066936084392,263.6484545396352,6131915
2021-05-27,264.2810974121094,265.7936791345461,259.4316429664707,263.17184656973575,8648350
2021-05-28,266.77447509765625,277.655928004894,265.115215510638,265.3810439475938,17020950
2021-05-31,262.1450500488281,268.7821169780788,260.164932951929,268.7821169780788,7634365
2021-06-01,258.75323486328125,263.13515261285056,254.54549604322662,263.0984760024115,9322935
2021-06-02,262.1908874511719,263.3642869981153,254.84795714372294,256.68139568432525,6900620
2021-06-03,259.9266357421875,265.1152710876205,258.5148799827447,263.0984771455593,5219995
2021-06-04,260.93505859375,263.09850324066986,258.10237064724373,261.28338851278477,6313570
2021-06-07,272.71490478515625,277.66521300479866,258.83578459209303,260.8067261364,23267725
2021-06-08,273.01739501953125,280.4428282061495,269.7997007775832,276.11591125606526,20367070
2021-06-09,263.4742736816406,272.9989718047451,261.09079812072395,272.2472833081282,16223270
2021-06-10,269.5155029296875,270.41389801083324,262.75928544465984,264.01518654336735,9991650
2021-06-11,270.4964294433594,273.9157752719638,267.6820938655191,269.882215069202,8790865
2021-06-14,270.79888916015625,272.0639663335572,261.6408718477471,269.51548767121847,8612805
2021-06-15,265.9678039550781,270.43222295618585,264.4735468571513,270.43222295618585,11778790
2021-06-16,263.97943115234375,269.53020601927807,262.5986411049248,268.1494159718591,9827690
2021-06-17,259.8463134765625,264.5594063700458,256.4587814709026,258.115718534557,12356210
2021-06-18,254.06536865234375,262.1568061937308,247.43756518973228,262.1568061937308,14779290
2021-06-21,254.59925842285156,255.88801825689353,246.39739037274785,249.46273187617354,7416025
2021-06-22,252.53732299804688,258.10652708286756,250.56741022236866,255.9064545112432,7917570
2021-06-23,251.63516235351562,255.1700095623162,250.5949907918828,253.1264391879683,4924915
2021-06-24,251.10125732421875,253.32894416770043,249.1681457495393,252.4084175218763,4667625
2021-06-25,251.87452697753906,253.69718007121423,249.5824243401083,251.10128787204732,6516880
2021-06-28,252.69378662109375,255.7222991563543,250.84351901425924,254.42438126538246,4102820
2021-06-29,249.98745727539062,257.0110809017505,248.21084738266904,252.66619350005885,5875000
2021-06-30,247.18902587890625,252.73980058222148,246.13964008176802,251.30378122261467,6968565
2021-07-01,249.57322692871094,251.34983694906487,244.86013410535276,248.4870120233157,5444075
2021-07-02,250.78829956054688,252.70298276012386,247.80580200442373,250.2912072704444,4228550
2021-07-05,253.06207275390625,253.69723861073746,250.8435993846086,251.303862869718,2911235
2021-07-06,260.2605285644531,264.15433859464275,253.236905225627,253.236905225627,12255020
2021-07-07,265.91265869140625,266.95285880842096,260.0028904453117,261.42048195186885,7910955
2021-07-08,263.5559997558594,266.41885242826805,261.83461930511885,266.0966624617307,6176635
2021-07-09,268.002197265625,268.79383686251555,261.06141703697534,263.10498774229126,5637260
2021-07-12,267.3946533203125,270.2022490160124,266.4004685764529,269.5118538686517,4330990
2021-07-13,263.60205078125,269.7143624451747,261.9911288212532,269.7143624451747,5529040
2021-07-14,261.5953063964844,264.53178921572794,260.50909148508214,264.1911987852247,6477460
2021-07-15,268.4071960449219,269.7143564812911,260.7392200454802,262.3501419698565,7322970
2021-07-16,266.8331298828125,270.7269688103783,265.84815935075244,268.7938566883474,3058730
2021-07-19,255.8788299560547,265.1117124283953,254.41519574809266,262.3501320905996,8523350
2021-07-20,256.9926452636719,259.5701369582498,248.72633322260717,257.3792788501448,6350305
2021-07-22,256.8821105957031,258.2168851939632,252.224248975147,257.5448907677945,8748020
2021-07-23,255.0963592529297,259.02702631251935,252.04020381115754,257.1951590434457,5276030
2021-07-26,252.29798889160156,258.66804710984337,244.07769079142525,254.949110737523,4858020
2021-07-27,251.43270874023438,259.9567679785394,248.9932901969166,253.89971387217366,8150250
2021-07-28,252.7674560546875,253.69719713212018,248.56064174644658,253.23693372226228,6667670
2021-07-29,252.4084930419922,254.70981034510206,249.27867903596098,251.11973287844887,3888435
2021-07-30,255.92481994628906,259.6069267020548,250.40165981264047,253.69716109070808,7132000
2021-08-02,253.30137634277344,263.27066940038736,245.90954713329867,257.0110982879071,16937480
2021-08-03,246.3974151611328,255.53823932947788,245.4124447660005,253.62352789854333,10852865
2021-08-04,243.29519653320312,250.14391745560945,242.1169234762432,248.54220998080729,12098915
2021-08-05,245.2191619873047,246.28694841618088,241.21486455614337,243.42412338608577,7443930
2021-08-06,242.27346801757812,247.4560387659429,241.62908797472352,245.41246800051178,6201995
2021-08-09,239.84326171875,243.09272040520563,238.4164563251329,243.0190906171239,5444400
2021-08-10,234.82638549804688,241.57383438605626,233.8782440451943,241.57383438605626,6656495
2021-08-11,238.4164276123047,238.95953502228238,228.99022866091258,235.10252570271902,7777460
2021-08-12,241.0675811767578,242.92703534068838,236.98965388536638,239.61313299070017,4144010
2021-08-13,238.4256134033203,242.06167676663182,237.18289682406456,241.36209562475497,4393670
2021-08-16,238.72019958496094,240.25749168159714,235.99544815815622,237.68002791195053,4215450
2021-08-17,235.7193145751953,238.78465659069036,232.89329043528335,238.72021296977388,5186305
2021-08-18,238.20472717285156,240.22989751640765,235.00129760978373,237.12772647051762,4998005
2021-08-20,230.96018981933594,236.7595260499678,230.13172124131742,235.65488255110904,4362450
2021-08-23,229.3400421142578,234.80797345169165,223.87211077682397,234.80797345169165,5190075
2021-08-24,235.57200622558594,236.02305534789795,226.68891457511435,228.2906361920989,4803725
2021-08-25,233.325927734375,238.4624548872888,231.8622935021348,235.8389759966639,5152555
2021-08-26,232.9761199951172,238.81225642467814,231.4112272742044,234.9184320678976,6567660
2021-08-27,235.91261291503906,237.6800367745922,231.5401105087492,233.804612672091,3930010
2021-08-30,245.77145385742188,246.56312155370367,236.2440234660739,238.23233673414222,7071320
2021-08-31,249.03932189941406,249.8309614426685,243.11112721329584,245.78064924583094,7881915
2021-09-01,244.84170532226562,249.508754408695,243.51614460770404,248.98407553220906,6179385
2021-09-02,247.26266479492188,248.35809382146925,244.23415216128672,245.22830864229627,3818570
2021-09-03,248.55149841308594,255.6487535503128,245.43089847220656,248.35816752121013,8012625
2021-09-06,247.888671875,253.51307718494255,246.7103986850068,249.64688144851894,3295350
2021-09-07,247.5848388671875,252.0309982994704,244.12367778060585,248.08193112190568,6181705
2021-09-08,251.31298828125,254.32310029647695,246.39737936918732,247.4191504606175,8546425
2021-09-09,248.2384796142578,250.93561645150487,245.86350468982766,250.93561645150487,3792220
2021-09-13,247.01416015625,248.23847654189802,241.31609697038118,247.8058278186782,3625345
2021-09-14,249.05770874023438,252.40843950716678,247.47440164781784,248.1740109490996,3353550
2021-09-15,251.63516235351562,253.94569333364302,247.06935783949552,249.278616275812,5161840
2021-09-16,258.92578125,259.9383663643651,250.9540156656332,251.63519651882018,10142820
2021-09-17,250.53057861328125,262.5158275008565,249.5732228702768,261.4296126131248,9870725
2021-09-20,243.03744506835938,252.50967251534973,241.3160646635294,248.54220475351582,4788450
2021-09-21,243.70948791503906,245.94636145857802,236.71347811092588,244.86014649820734,4585140
2021-09-22,247.8978271484375,249.26021676706836,244.30777866475952,244.30777866475952,3449740
2021-09-23,254.63612365722656,254.98592834249234,247.9070748714526,248.54224062264598,5925930
2021-09-24,249.59161376953125,258.9993693299848,248.73550261981904,256.82693988192756,5655830
2021-09-27,243.7830810546875,250.83431916336613,241.91441292023814,250.29121176482872,5489955
2021-09-28,241.76718139648438,247.74139156531893,237.97458723929978,245.7806649122701,4231635
2021-09-29,239.40139770507812,241.39892501333057,236.7594904373751,239.3369540906837,4532205
2021-09-30,239.125244140625,244.30781468015178,238.04824348287485,239.70518053737482,7981880
2021-10-01,238.33358764648438,239.2541144097435,234.42134890263318,238.20470041534935,4632325
2021-10-04,248.6802978515625,249.27863462532298,238.6097328799113,239.59470325230387,6773440
2021-10-05,245.82666015625,249.92301547740098,243.8107043033619,246.7011718156297,4110305
2021-10-06,239.92611694335938,247.5296491549798,239.0516052526305,247.2995174566036,3570155
2021-10-07,247.29031372070312,247.87943621871818,242.24581713751377,243.60820680830847,3739840
2021-10-08,245.03501892089844,249.1681750572823,243.65422878975048,247.29032070533898,2327330
2021-10-11,245.76222229003906,247.0509540191351,244.10525741642005,245.94631077005576,2474965
2021-10-12,243.8751678466797,247.06021092471047,243.01908463159467,246.14887025461223,2928570
2021-10-13,251.56158447265625,253.1080628878706,244.13292581393773,246.33299853993097,7442435
2021-10-14,254.71896362304688,257.58181658644384,249.79413961181953,253.78003639782025,8878410
2021-10-18,256.8638000488281,260.8220539580976,254.1114058793451,258.4286787163833,5899405
2021-10-19,262.80120849609375,268.42564230907,254.74659834162557,257.78435388380404,14910045
2021-10-20,264.8724060058594,271.4909967839158,258.9994397829051,264.70671790300383,10061990
2021-10-21,274.4735107421875,276.1580625632328,265.3234713552123,267.23815489506035,11697925
2021-10-22,279.5823974609375,286.9834407098549,273.4608999329276,275.97392008769845,19446090
2021-10-25,279.2693786621094,283.56822237195036,272.2089269190197,283.56822237195036,8858895
2021-10-26,280.9263916015625,292.35934801952516,275.5321174710123,276.17646944337156,9988515
2021-10-27,281.3774108886719,286.83612751903115,279.28779728474916,283.33810917709127,4678970
2021-10-28,274.07763671875,281.3037776190224,270.55203148323966,281.3037776190224,5604320
2021-10-29,264.412109375,276.158040347291,262.35013832992644,276.158040347291,6972315
2021-11-01,263.3995056152344,267.8732515905103,255.7867323418565,267.8732515905103,8517215
2021-11-02,290.1868591308594,299.11598031817016,263.6849128137378,265.1117181153062,16632400
2021-11-03,295.0564270019531,302.6231577272178,286.9742035633769,290.7023255243347,15816895
2021-11-04,297.7259826660156,299.34611885882,296.0414309459172,296.40963605548666,1071505
2021-11-08,306.4801330566406,307.45588901992323,298.4439256046789,299.20797842581555,8351745
2021-11-09,298.9601745605469,313.8244804974054,292.4853709429282,310.18008877439917,12628955
2021-11-10,301.7627868652344,303.94573496183784,295.89846912091735,298.9601234787439,6427920
2021-11-11,302.7063293457031,303.9457883711736,296.2130081917934,301.76283989098255,5065025
2021-11-12,300.1348876953125,305.0557166750367,298.94166605870316,304.6672442905883,5511415
2021-11-15,299.0618896484375,300.80084115179557,291.85635141063324,299.6908636987885,3522305
2021-11-16,303.1965026855469,307.6456146159729,297.4894144764944,299.2838619584261,5549900
2021-11-17,301.69805908203125,305.2221993193731,297.9426476708869,301.1708183906749,3780655
2021-11-18,296.2499694824219,304.20473267533293,293.25306985798306,301.9293099318849,4825755
2021-11-22,288.896484375,297.8039690058903,286.39907698059534,297.7299836682083,5279665
2021-11-23,293.7618713378906,296.5737942867775,285.5851217652246,286.0013704808225,3311240
2021-11-24,293.56756591796875,296.16673451970973,290.4411565948468,293.9190597322227,2310765
2021-11-25,290.6169738769531,294.14111516837943,283.0507091985774,294.14111516837943,4290100
2021-11-26,267.63134765625,288.0362241013489,265.3651835946601,285.26130859318965,6705735
2021-11-29,259.59332275390625,267.31684271317096,256.87390347983796,265.1986494466841,4893890
2021-11-30,260.2315979003906,267.58513599270884,258.14115231769875,259.54712770906093,8840830
2021-12-01,267.0856018066406,268.0475803628467,258.9458614236929,264.54192940848213,5539860
2021-12-02,268.047607421875,270.08252860908505,263.8389684560538,266.39189986266615,3870920
2021-12-03,267.714599609375,273.5881765866722,266.1791429290111,267.6313555290295,3863635
2021-12-06,268.2695617675781,272.86667260119555,266.7433639901341,268.24181374354816,2886375
2021-12-07,270.7485046386719,273.1071998132018,266.72487141098037,270.6467712836891,3802710
2021-12-08,276.07635498046875,276.90882401732296,270.8502695640993,271.94172959526145,4314475
2021-12-09,276.3908386230469,279.24899827683913,275.04961813782387,277.4915573922683,2145005
2021-12-10,278.2962951660156,280.6457317306902,272.96844791003,277.4915741175392,2745385
2021-12-13,272.9869384765625,283.36512345358386,260.6755657779656,281.1914340252429,9169260
2021-12-14,256.0506896972656,270.7669938045689,253.45152130665554,270.27675990027336,9079580
2021-12-15,251.1946258544922,257.26243926501377,249.74241319565795,256.4022221720364,4271675
2021-12-16,246.37545776367188,255.80092200072968,245.3025153917152,253.70124632450623,6199315
2021-12-17,235.6273651123047,246.74553216217788,234.15664895094503,245.11757245932992,5310545
2021-12-20,222.10426330566406,233.72190890619376,214.37149712810833,231.24299081930778,8903280
2021-12-21,217.1371307373047,226.6180917173148,215.71268037093367,226.6180917173148,6125145
2021-12-22,216.89666748046875,220.51329690901886,214.0755003422778,218.672611847637,4092265
2021-12-23,223.89869689941406,225.67464126201804,218.043623051448,218.6633525336626,6141175
2021-12-24,217.84011840820312,225.69313460732445,215.66644299818324,225.69313460732445,5577935
2021-12-27,225.45262145996094,227.17306949504007,216.65613100517544,217.84009372674075,8997655
2021-12-28,224.1761932373047,230.6602412617285,222.89972748182234,226.61811852130273,4005800
2021-12-29,224.1484375,226.60886608953047,222.40948584815882,224.999409936404,5363660
2021-12-30,221.66026306152344,224.76816917517024,219.23684122721016,224.213180395824,4008980
2021-12-31,225.13816833496094,227.82059547442321,222.34476319124943,222.86274522812437,5290815
2022-01-03,231.38169860839844,232.75991172195467,225.2398861957571,226.02611790016536,2860025
2022-01-04,231.7886962890625,236.08982393016643,227.77432178185927,232.53792124156465,6387390
2022-01-05,231.2059783935547,236.19157628502407,230.31799917455058,231.78870108313623,4206620
2022-01-06,225.00865173339844,231.0579756594352,223.65820070870197,231.0579756594352,4892065
2022-01-07,224.86068725585938,227.79284665105632,222.71474555176778,224.99018276462684,4311580
2022-01-10,226.22962951660156,229.94802051507003,223.51020986610752,225.711647509641,4850740
2022-01-11,226.35911560058594,227.8760688924075,223.47320790247431,226.15562066146774,3000215
2022-01-12,230.36427307128906,231.05800205216187,226.43314217967645,226.82162871529096,6283615
2022-01-13,230.771240234375,232.5379258047899,228.28306361018625,231.94594436406456,3167295
2022-01-14,229.44854736328125,233.9809185388421,227.37661915863842,229.4855541463369,4270915
2022-01-17,229.21725463867188,232.14941348881453,228.8195235478025,229.76298460175047,2446195
2022-01-18,222.71473693847656,234.38787800890896,219.44958720216115,228.46806338855134,7134135
2022-01-19,221.123779296875,223.19572142584954,216.61917067783625,222.91822703413715,5312500
2022-01-20,225.86888122558594,228.3293097656969,221.44751685462435,221.62326376662523,6465015
2022-01-21,221.7157745361328,226.39613036482646,219.21835308329076,224.58319323892118,5834040
2022-01-24,213.59451293945312,222.54824841680184,211.0600848110776,221.08679109728175,9353860
2022-01-25,215.8329315185547,222.51122951070587,204.08579165982871,210.89358514847794,10473610
2022-01-27,229.59652709960938,230.80823803540403,216.46192888791003,218.2841246675856,14742195
2022-01-28,229.92025756835938,240.46493092285075,228.6622952985297,231.24296052788276,9290465
2022-01-31,227.24708557128906,235.3128415247986,226.61811146518414,232.9079230959876,4867125
2022-02-01,236.8390350341797,238.64274146431464,228.38480685616182,230.98397554178524,5528990
2022-02-02,237.4957733154297,241.29739394270507,235.12783360271226,238.8277349932239,4547020
2022-02-03,233.68487548828125,238.08773618469573,232.16792229758806,238.08773618469573,2367305
2022-02-04,228.13507080078125,234.49888204362227,227.36734242354711,233.09292079170248,2633985
2022-02-07,225.47113037109375,231.4279512718907,224.0281765606299,228.4680442101764,2030295
2022-02-08,229.4392852783203,230.38276057916696,223.22347290912697,226.7291102406391,3807905
2022-02-09,230.34573364257812,231.98293773320597,228.0980588708933,229.39301378701418,2220130
2022-02-10,234.1288604736328,235.86781199618628,227.93155215769943,230.31798112568777,3166790
2022-02-11,228.56979370117188,233.8328857693968,227.21008395682045,231.79795052856923,2919870
2022-02-14,214.75076293945312,223.1032595690358,213.40955626610724,223.1032595690358,6578230
2022-02-15,223.47323608398438,225.85965137285814,211.47634837048867,216.62843496145658,4886570
2022-02-16,225.8041534423828,235.7568609008292,224.9716843125952,226.44238636173102,9347585
2022-02-17,236.32107543945312,237.22754394811773,227.4320949299089,227.91307015510583,11096160
2022-02-18,232.74143981933594,239.00351804795332,231.31698921254005,234.75788602931686,6084335
2022-02-21,225.7301025390625,231.71467096701193,223.8616697422737,230.13297715814866,4546015
2022-02-22,222.77023315429688,224.95316744347826,217.61814691467364,221.99326013118605,4408165
2022-02-23,217.38690185546875,226.02613609223448,216.7301655903922,225.32316252290073,4670295
2022-02-24,197.6849822998047,213.56674706084115,196.09402960970428,210.89357901421027,7525505
2022-02-25,208.58116149902344,214.4824866822894,203.91005062492474,206.37972388115037,9287685
2022-02-28,207.97068786621094,208.67367557443228,199.97893085902575,205.15877937518079,6854355
2022-03-02,202.6705780029297,212.24404207800697,197.2039911065644,204.0487911090677,8430100
2022-03-03,204.50205993652344,210.15363952731005,202.38388022684876,206.63874303845265,5518095
2022-03-04,201.48660278320312,206.54619950502772,199.97889427841852,203.30879830311176,5340955
2022-03-07,188.93475341796875,196.06629290935274,188.0097815267566,195.1690690457609,4901560
2022-03-08,192.69015502929688,194.2071083968507,185.36436508321125,187.95428925350956,12217785
2022-03-09,196.436279296875,198.3787259464015,192.6161549199347,196.3160425464985,6415045
2022-03-10,199.701416015625,203.49380623189035,195.18756300214926,203.123823138867,8349665
2022-03-11,204.08831787109375,204.76178519935917,197.64362118548905,197.98035484962176,5890485
2022-03-14,208.1571502685547,208.77449764707669,201.5908657709917,204.8365995146845,6630425
2022-03-15,203.9386444091797,212.70305349517056,202.0398451543984,208.5874327288465,7772955
2022-03-16,207.55853271484375,211.393554230728,204.88337477624077,207.40888440858896,7527250
2022-03-17,211.30938720703125,214.087436553131,209.644430165797,210.45819729476824,5977670
2022-03-21,203.2371368408203,213.52620402513972,202.93782594448803,211.49645339330985,6308350
2022-03-22,205.43524169921875,206.7166935581136,199.42080740154088,202.4139874401684,8069535
2022-03-23,205.07046508789062,207.65208040888876,203.55515641737026,206.34256849373233,4335075
2022-03-24,204.35955810546875,206.08064911681848,203.27454015350196,204.64952041472748,3329035
2022-03-25,206.34255981445312,208.101045130467,203.1716571287059,205.75327234111492,3234280
2022-03-28,208.69033813476562,209.62570785178352,202.74138616362748,207.3714634083442,7168470
2022-03-29,210.1588592529297,210.832326584852,205.59426478086726,208.69033623235538,6632010
2022-03-30,210.35528564453125,213.0397920446063,209.3357361241846,210.83231904065278,2494090
2022-03-31,212.3008575439453,214.08741705928674,209.33573736920727,210.8323202945764,4371685
2022-04-01,220.9998321533203,224.30168648784857,211.0007264583587,212.32894989476685,4473460
2022-04-04,220.5601806640625,222.61799117332774,218.87651233007855,221.49555037487482,2766255
2022-04-05,218.97007751464844,222.1409805892844,218.04405626763403,221.4955731388753,7478890
2022-04-06,218.32464599609375,220.74725010358404,216.07975014333937,216.81870020202513,5148520
2022-04-07,219.64352416992188,221.6732747465469,216.63163253425654,217.1928458018444,10215730
2022-04-08,225.8356475830078,227.01420818823055,218.277859198579,222.49637112596469,12013760
2022-04-11,228.90367126464844,231.59754053421153,224.123931586488,227.29483425894924,5541150
2022-04-12,220.91561889648438,229.1562383155469,218.8952311001998,229.1562383155469,5301495
2022-04-13,221.48619079589844,223.9555662978022,220.45729266246065,222.99213662332593,2337810
2022-04-18,217.80084228515625,219.77447294055963,209.7285971353495,217.37991449833697,7199895
2022-04-19,209.26092529296875,222.43093331735875,206.15549081748765,220.6069651272948,7289265
2022-04-20,208.4471435546875,212.0950796791553,204.29409979907248,208.1197584503288,3195385
2022-04-21,215.29405212402344,215.87397679769194,209.16737745027822,210.2711211692388,3891400
2022-04-22,207.27792358398438,213.26428373414507,205.86550625460902,213.26428373414507,4432385
2022-04-25,205.14527893066406,206.52962201931516,201.35702898548385,204.8459537911675,5391300
2022-04-26,216.49131774902344,217.19284503548988,206.34256490170768,207.26857178537352,7799210
2022-04-27,213.49815368652344,218.25918247255112,212.14187035114207,213.6384534454004,5002305
2022-04-28,213.60104370117188,217.56701670965808,212.441180034912,214.76090736743177,12255960
2022-04-29,224.87225341796875,231.78463555762082,219.65288830540365,223.44113878885042,30651345
2022-05-02,230.14772033691406,231.410460883697,221.67327303552653,222.56187140680547,9994595
2022-05-04,214.92922973632812,235.23611042816665,211.59931617902723,230.47506822416648,9729470
2022-05-05,217.29574584960938,223.54402324480694,214.78896175303387,218.85781163025632,5106630
2022-05-06,221.4581298828125,223.17922101567956,211.95478436991414,211.95478436991414,9524820
2022-05-09,216.4445343017578,220.37309830431025,212.44115328606335,220.37309830431025,7602625
2022-05-10,217.07122802734375,220.36371871431575,214.19963652956747,216.44451784092178,4513380
2022-05-11,209.52284240722656,217.81956825138437,205.25755825612578,216.0704312324524,8918120
2022-05-12,199.18698120117188,209.5228195749021,195.88512719521543,209.5228195749021,9397425
2022-05-13,198.5977020263672,204.8272533959747,195.97866400562722,202.41399785153203,8482405
2022-05-16,204.01348876953125,205.31365210030995,196.76437349036314,198.2983792495021,6833390
2022-05-17,207.41824340820312,209.6724879457547,202.41400950419242,205.22011877239808,4101275
2022-05-18,205.35104370117188,210.79490183602712,203.38677602824058,209.5227985595825,4296340
2022-05-19,201.75926208496094,203.27457085942254,199.04669538638106,199.9820651821135,8110880
2022-05-20,205.0330352783203,207.46500220609286,202.7133224198632,205.22010636370075,3296315
2022-05-23,212.63758850097656,214.74217025557823,205.78132711660572,205.78132711660572,6070490
2022-05-24,210.97262573242188,214.18093675552785,206.3518974145912,212.11377783814555,8069565
2022-05-25,208.9990234375,214.45223090266188,206.29580537640155,212.5160086302707,5017540
2022-05-26,214.5083465576172,215.32211367317572,206.26774134076118,209.70989517115058,3514895
2022-05-27,213.72262573242188,217.28638196980853,211.61804392867933,217.28638196980853,2271910
2022-05-30,219.23194885253906,221.682612832226,213.6197308061536,216.44453694655613,4176795
2022-05-31,220.036376953125,223.6843131335493,214.19966479183697,219.2319584271072,13941420
2022-06-01,221.6732635498047,224.48872112240917,218.12820450275254,219.84928127259832,5176220
2022-06-02,223.1604766845703,223.74040125843146,219.85862320046448,221.77613369893052,2790370
2022-06-03,220.4666290283203,224.10521648467204,218.56782973431157,223.64689447946145,5396720
2022-06-06,221.832275390625,223.49723226913193,215.97685209482077,219.99894454898137,2524525
2022-06-07,220.6162872314453,221.36458580939794,213.7413145633798,219.16646141277613,4116090
2022-06-08,219.85865783691406,223.9555675479314,217.4173422713105,220.74725622567348,3753885
2022-06-09,218.4649658203125,219.37227565822002,216.07042144206142,218.50238860456597,4476645
2022-06-10,217.9972686767578,218.42754503583487,215.63078438335785,216.63163685305364,2121945
2022-06-13,212.1231231689453,216.98704238169563,208.6809697875739,214.19964488562772,4399480
2022-06-14,213.16139221191406,214.87312041017955,209.70987586726463,210.2523919852347,3860780
2022-06-15,215.13504028320312,215.696267836464,211.69288648952445,214.2183819339793,3345520
2022-06-16,213.77874755859375,219.81187926255484,210.2056284576012,216.6316279950338,6698850
2022-06-17,214.9573211669922,215.97687077477224,208.129119099253,212.60954821949124,6730740
2022-06-20,213.05848693847656,217.3518299889859,208.85867228466276,215.1350085980577,4386785
2022-06-21,219.61544799804688,221.36459906165547,211.16906065597516,214.57380583051096,4280930
2022-06-22,219.1758270263672,224.30164880061477,217.95048077470145,218.4088170492608,4890975
2022-06-23,224.07716369628906,227.70640271001767,217.02448241784455,217.2396134531361,3954310
2022-06-24,232.9631805419922,234.91809983440714,225.04996069114316,226.44365244164132,4996020
2022-06-27,234.30078125,237.39685293712077,232.9819064352258,237.39685293712077,4127285
2022-06-28,234.0388641357422,236.3585770471386,231.840739582683,232.532918314257,3527135
2022-06-29,228.99722290039062,235.67576216525825,227.85607069420627,231.97169177471392,2727410
2022-06-30,239.7071990966797,242.67233380787107,229.9419507514398,231.03633166239058,9956150
2022-07-01,236.7794647216797,238.48184427867227,231.69105171201497,236.87300739259865,5358285
2022-07-04,236.62046813964844,241.1570167784445,233.8424190594139,234.02949014013973,2008615
2022-07-05,238.96824645996094,245.1510407349364,235.90959782363535,237.3687722689666,6272225
2022-07-06,240.21229553222656,242.50396276453,237.60262029312864,238.1731963932868,3157810
2022-07-07,244.7394561767578,247.2275427996468,235.33900288262427,239.45462351524952,4945940
2022-07-08,239.53883361816406,247.6017162207355,237.7709853780552,246.90018891477789,3652815
2022-07-11,234.992919921875,239.4546372768403,231.9903912518067,238.64087022520454,3691540
2022-07-12,231.279541015625,235.2455142670545,230.79315897612418,233.65538839690873,3442455
2022-07-13,237.37814331054688,238.5005841999874,232.03718982151995,232.73871716149657,3151325
2022-07-14,242.2513885498047,243.09324411278632,237.59325145780093,238.33220151065953,3203265
2022-07-15,245.936767578125,246.56347788596776,238.68765183695976,243.19614099393084,2703045
2022-07-18,261.3610534667969,265.44861510370976,247.49886557578807,249.1825198710784,5420345
2022-07-19,260.32269287109375,261.7163843430735,253.92476868034228,258.5735564087589,4993150
2022-07-20,263.4094543457031,267.74958356795054,262.19348512225923,263.7742622398674,4629925
2022-07-21,273.4833984375,274.70873046529255,261.0429642555962,262.4647444736526,4855305
2022-07-22,279.8813171386719,280.5922072308234,272.4731767039846,274.43745874346524,4810415
2022-07-25,279.9561462402344,282.2945705440961,275.55992567610554,275.55992567610554,4721665
2022-07-26,276.560791015625,282.2758865788584,275.6908754396878,279.862645144722,4102640
2022-07-27,271.4068603515625,275.74696067257054,268.4510888399545,273.31502242517604,6702695
2022-07-28,273.3056945800781,281.77077955571673,269.94772054103174,276.49530891187,8557735
2022-07-29,258.1153259277344,276.86948032199666,256.3848859666773,276.86948032199666,9296570
2022-08-01,257.1985778808594,261.5293436595052,254.62631150259125,258.16200741891123,4709025
2022-08-02,257.99365234375,262.5302006553619,255.00982100813386,257.600784548169,4861880
2022-08-03,254.4673309326172,261.23942738295153,252.19438927432742,259.0974226471064,3733035
2022-08-04,254.40182495117188,257.60077288300835,249.47240906720197,257.60077288300835,4646770
2022-08-05,254.8788604736328,257.9375374222233,253.30744635145214,256.22579501984933,3153135
2022-08-08,260.4537353515625,262.65183157174624,253.67230422023664,256.2913282735567,4775785
2022-08-10,261.23004150390625,263.69943114583066,259.1348225678859,260.9681391369037,4003980
2022-08-11,263.0353088378906,266.6364879397639,260.2572596501847,262.9604918207928,5658525
2022-08-12,255.90782165527344,263.0353350057797,254.8976348252546,263.0260007184753,5225265
2022-08-16,255.29981994628906,259.4715610075425,253.07363539064204,255.35593984725335,6555990
2022-08-17,253.5880584716797,256.10420517692074,252.7368971886166,255.16883550345472,6599875
2022-08-18,252.25982666015625,255.40265477648575,248.25644596232826,252.59654601038534,4383855
2022-08-19,251.96051025390625,255.3372094293941,250.6790584403078,252.5591605130791,3815695
2022-08-22,245.6000518798828,255.32789195787421,244.1315144631024,255.32789195787421,4246725
2022-08-23,250.04299926757812,253.78447753208098,242.85936785058394,244.21563659433792,4383165
2022-08-24,251.24966430664062,252.4937221063087,248.26586095338692,251.80155759971535,2029850
2022-08-25,247.8168487548828,255.1127209424267,246.93759895981754,252.36273176130223,3292195
2022-08-26,249.43507385253906,252.0727949595561,247.71396832333085,249.74373332259128,2107620
2022-08-29,247.85426330566406,249.1450494612036,243.19611211276464,243.6170398787388,2128080
2022-08-30,253.419677734375,254.24280754589756,248.89249231621574,249.182454607291,5142225
2022-09-01,248.6680450439453,254.0464209182191,247.49883289736405,251.0532264048837,2217970
2022-09-02,244.8049774169922,250.67909843248185,244.430835217928,250.67909843248185,2321585
2022-09-05,247.08724975585938,250.30492363009105,245.07621072076864,247.1059468725502,2988435
2022-09-06,259.0506896972656,260.3227789833173,246.46059104527347,249.51926870389946,8058715
2022-09-07,255.65524291992188,260.1917914905743,254.60763346550664,257.41374245206896,3464835
2022-09-08,254.69178771972656,259.2657300647473,253.67223831580668,257.03954592518056,3184610
2022-09-09,247.70462036132812,257.226677423838,246.93761032688448,256.28194485592036,3022760
2022-09-12,248.5277557373047,249.6221223671623,245.0668762199278,249.04219768532738,4745365
2022-09-13,249.29473876953125,252.5498358185832,247.6204474475885,249.74372653171008,3598305
2022-09-14,249.67828369140625,253.38236909448048,246.02098391105392,247.5643671016137,3689160
2022-09-15,248.05068969726562,257.03957869191163,245.62808563220813,250.93161577470178,4760095
2022-09-16,240.21229553222656,250.30494280463915,237.2097667234047,248.77092276198965,5117185
2022-09-19,240.74545288085938,244.7488339707016,239.47333527214892,240.764149998187,1969205
2022-09-20,242.466552734375,246.65701957702524,241.32540047404552,242.29819302675753,3808500
2022-09-21,238.10768127441406,245.05747049850038,236.27436486507173,243.1493370816238,3779985
2022-09-22,235.1893768310547,238.70636202181407,232.2055449864829,236.27440918773715,4041540
2022-09-23,225.07803344726562,235.13325852502123,223.84333849384188,234.7778134434095,5578410
2022-09-26,219.80252075195312,224.900282526119,214.80763593831367,222.83310930499715,3960710
2022-09-27,217.9504852294922,222.4589739634051,214.38672901218396,220.76595711666153,3060765
2022-09-28,219.79318237304688,223.27275902466113,216.0704147217901,216.9590131399335,7037355
2022-09-29,226.21914672851562,226.8551912148285,222.05674053045576,222.61796800758515,8863220
2022-09-30,224.03038024902344,228.7446512885351,222.43090613650241,224.48871651671735,3689185
2022-10-03,218.81101989746094,227.66897180790352,216.56613840009237,224.4887206411966,3393565
2022-10-04,224.460693359375,225.19028066582928,219.88673558155293,220.76598548230822,2886230
2022-10-06,224.06781005859375,227.8560601232031,222.99212636129997,226.50912549822124,4285510
2022-10-07,224.32037353515625,226.29398994646894,218.98875470275587,223.9275056921002,5047815
2022-10-10,220.32632446289062,223.12307058891392,217.75405791895935,221.48617369732128,3026365
2022-10-11,219.59677124023438,223.4130817247461,218.86718394037587,219.81190229721562,2086380
2022-10-12,226.73361206054688,227.82800718145947,219.18518592041997,220.7004802838234,2322665
2022-10-13,222.430908203125,226.5278176122462,219.82121885671071,226.5278176122462,2016655
2022-10-14,221.47683715820312,227.44450043121583,220.81273266166318,224.48872874399376,3429520
2022-10-17,223.06698608398438,223.99300732485608,219.25067558425465,220.78468148656273,1567175
2022-10-18,229.00656127929688,230.25995322951601,224.7880491456748,226.3220548554109,4394830
2022-10-19,227.21066284179688,230.84925049340157,225.452163195303,229.16558213746163,1833905
2022-10-20,227.4445037841797,229.81098802610038,223.5533623364948,226.88327624500255,3339120
2022-10-21,224.05848693847656,230.61543870240905,221.38332860433968,229.16561258459652,5002910
2022-10-24,224.30165100097656,227.29483110754182,223.01083628177307,227.29483110754182,395760
2022-10-25,227.6876983642578,231.97169344790402,221.72003490912914,224.4887355947458,4718435
2022-10-27,233.2624969482422,234.53460029257732,226.5558980098532,229.16557315481117,4543535
2022-10-28,238.463134765625,240.17484862152236,232.72931439029955,234.4316939606824,2765695
2022-10-31,229.94195556640625,238.3228608330257,229.16559693346943,238.3228608330257,3104155
2022-11-01,225.92919921875,231.27951523781533,225.049963657983,230.38156828604195,6675575
2022-11-02,225.94790649414062,228.754015644386,224.48873201963048,225.9853292754717,2733960
2022-11-03,232.01846313476562,232.59838779701562,223.71237540974568,224.86287617513526,3636250
2022-11-04,235.6289825439453,236.5175808968492,232.04651491076888,232.90705331472066,3337760
2022-11-07,241.1663360595703,242.07364573087855,235.0957963729543,236.52691074674817,2258285
2022-11-09,238.5753936767578,243.00903692546137,236.46146329043046,236.46146329043046,1989790
2022-11-10,232.9351043701172,241.32537132906427,231.49464137934098,237.54648419750254,3089160
2022-11-11,238.84666442871094,240.76416094238508,234.2165728827114,234.2165728827114,2488040
2022-11-14,236.78883361816406,240.48355534769686,234.85262576278336,239.4359315793306,1655990
2022-11-15,234.34750366210938,237.60260029026057,233.10347459901837,237.57454034282893,1474635
2022-11-16,230.78375244140625,234.74037638335778,229.22168682039,234.21655738425395,2486780
2022-11-17,238.6409149169922,245.0294784464951,230.4751258324442,230.4751258324442,10895855
2022-11-18,234.0762481689453,240.2871161677189,232.34580865725465,238.61279654979415,5665580
2022-11-21,243.2241668701172,244.13147656467575,232.53289871279188,234.30074676528693,11427320
2022-11-22,251.8950653076172,253.47584248787953,241.5124837930491,244.12214487459678,9851655
2022-11-23,249.60336303710938,254.97237496714618,247.91968076780267,252.5497713268805,6956495
2022-11-24,245.3848876953125,250.85680623906046,244.13149570219105,250.85680623906046,3504165
2022-11-25,239.48269653320312,247.31173613868194,238.55667541764632,246.00222430390232,4325525
2022-11-28,236.6017608642578,242.22332757806512,233.28119560134837,238.33220050443296,22810780
2022-11-29,237.64004516601562,239.64175020654778,234.1230599144418,234.35690236056635,8742450
2022-11-30,252.5498046875,257.2266529224537,237.9580324854012,238.04222660081254,11378515
2022-12-01,240.73611450195312,251.88573478343653,238.89343490280157,251.88573478343653,8011285
2022-12-02,241.390869140625,242.8594064436607,237.20976537381034,240.69867614094937,5168550
2022-12-05,242.232666015625,243.19609556007364,239.2675461017016,242.44781129951318,4417660
2022-12-06,248.16293334960938,250.4919947730784,241.3628058924682,242.2607528137113,10171880
2022-12-07,249.78115844726562,255.68333957949784,248.24713827931654,248.4342236567028,6943485
2022-12-08,250.34237670898438,253.48520540641377,247.87298683653006,249.7250292408708,2846375
2022-12-09,251.43670654296875,253.31680862316682,246.2734764906769,252.25047354925877,3202765
2022-12-12,255.08465576171875,257.4043828291335,248.48094814798756,250.6790725905677,5938835
2022-12-13,255.51499938964844,256.4690663786841,250.67912461241383,254.60768947592146,1977965
2022-12-14,257.8907775878906,258.16204279943526,253.5600112157231,255.533656169044,4138030
2022-12-15,260.6314392089844,262.6892355189617,256.3006727263793,257.30149665824285,3778060
2022-12-16,256.3754577636719,262.65177997123345,250.32361513223043,257.60078969202044,9071230
2022-12-19,256.7122497558594,259.4435135517211,254.79472456316887,257.0302720583791,3297195
2022-12-20,259.8924865722656,261.71644042833844,252.9988161927238,256.27261026514157,2851545
2022-12-21,256.1790466308594,265.55144033251884,254.46730417052552,259.43411477342,4286630
2022-12-22,250.56683349609375,259.4715425396705,248.49967450378824,257.22666102522106,1549960
2022-12-23,243.4767303466797,248.23778741262169,241.437631177374,248.23778741262169,1564975
2022-12-26,252.76499938964844,255.73010576486664,242.2701487572131,243.4861181178957,1606850
2022-12-27,257.9562683105469,260.0327902957244,248.7241734525345,254.79471399079543,2420365
2022-12-28,259.7708435058594,261.342257565175,253.01747392868984,255.08463272857102,2201075
2022-12-29,245.48777770996094,252.36272184747895,234.09496787465906,252.36272184747895,19945730
2022-12-30,257.58209228515625,259.0599637349727,247.90101094287726,248.8083206222935,7329350
2023-01-02,259.2470703125,260.03277743760475,254.7947013916885,258.3491233902686,2184945
2023-01-03,255.2471466064453,260.4101706006072,252.5899989079173,258.86882985826077,2678225
2023-01-04,251.21888732910156,255.8617823787547,249.2331111027868,254.93510796869526,2709675
2023-01-05,249.6208038330078,253.42212532414376,247.98489688901753,252.6561876271057,2309935
2023-01-06,244.84547424316406,250.72713798145128,243.39869987439684,250.5664013057949,1599915
2023-01-09,249.37493896484375,250.5285781599811,245.7627211242823,245.85728739094725,2348255
2023-01-10,252.2685089111328,252.96824739935815,249.37495982608027,250.1408975922662,2849300
2023-01-11,252.38197326660156,254.1502500311853,249.46952251156515,252.28740699338627,1445245
2023-01-12,248.24964904785156,253.84764265858982,246.84070700508227,253.70577883992988,2259350
2023-01-13,242.68008422851562,248.31588202217196,239.72978677831853,247.74851324322975,4597480
2023-01-16,240.6942901611328,246.1504350468817,239.9945516961096,243.77695726433345,2549280
2023-01-17,240.49574279785156,242.19783483518208,238.8409339004891,241.64938215488732,3167635
2023-01-18,242.83135986328125,244.29706497252965,237.56434735560774,241.69665114321754,2375830
2023-01-19,244.87388610839844,245.35615393888486,240.61867763076003,242.8313756504042,2489795
2023-01-20,241.5642547607422,244.72255750513946,239.5028283994847,244.72255750513946,1984570
2023-01-23,242.94485473632812,245.28050029292103,241.11036425786477,242.47205222574314,1269830
2023-01-24,239.2947998046875,244.4956273223636,238.85982958333,243.56892403048718,1061495
2023-01-25,237.19557189941406,240.30662065463534,232.61884683117336,239.90946825735378,2130930
2023-01-27,234.7086181640625,242.83134704120866,232.62827566742968,237.34684970655678,2410525
2023-01-30,235.2381591796875,239.21914813754486,232.1271106589614,234.3209211781544,5905675
2023-01-31,243.3231201171875,244.98736553062977,233.26186763522114,235.94739718288045,6053500
2023-02-01,245.3561248779297,258.5094935892127,241.73445607952536,251.15268801221796,7936630
2023-02-02,239.1435089111328,245.78167476263127,236.96862886155694,244.5145386140115,2552580
2023-02-03,241.8952178955078,242.86918991195748,236.40125503705272,240.41062551684465,2600590
2023-02-06,244.65638732910156,245.4033944872681,238.29245541288017,238.29245541288017,2088355
2023-02-07,244.21194458007812,246.42465670885537,241.8857500452806,244.70364876728203,1940780
2023-02-08,247.30410766601562,247.8998435131322,243.97558800829592,245.44126441185387,1715770
2023-02-09,248.70361328125,249.15748527261994,245.58309905269016,247.4648728755057,1437655
2023-02-10,241.81011962890625,249.6397281295763,239.74869315880605,249.6397281295763,3358630
2023-02-13,237.55490112304688,242.96376314758803,236.9686306109675,241.81012383564678,1789390
2023-02-14,240.2214813232422,241.03470217829414,236.3823274361783,238.6706897425369,1050085
2023-02-15,240.6942901611328,241.67772744047653,237.72509104063062,239.3326310823901,1236070
2023-02-16,238.046630859375,242.50987361547203,235.71098512974586,242.4531396186047,3304915
2023-02-17,233.39425659179688,238.53833619101687,232.71341976874933,236.3823577276292,2077315
2023-02-20,233.98048400878906,238.06548976537735,233.4131152845584,238.06548976537735,2309105
2023-02-21,229.7725830078125,236.90243894448,229.02554691636286,235.83390058954515,2163550
2023-02-22,228.46762084960938,230.97346828666215,226.0185074030126,229.02552432747592,3253235
2023-02-23,227.001953125,229.8293175076771,226.01853019077535,228.8269784317976,1641205
2023-02-24,230.43447875976562,231.10585021216716,227.11539606174662,227.47473056960408,2464105
2023-02-27,227.49365234375,230.8410876908502,225.43222594338766,230.4344844671823,1437525
2023-02-28,227.57875061035156,229.33757646425443,225.053987025179,227.89080198768124,13260610
2023-03-01,231.03968811035156,232.8930659644283,227.89082150089703,228.2690577567691,2913235
2023-03-02,228.76075744628906,231.6543064070445,225.6213563825003,231.2949863224245,2720640
2023-03-03,230.141357421875,232.4297198690189,228.90261713793396,229.90495616375532,1836725
2023-03-06,235.8054962158203,236.22156469263612,230.72760237101406,230.72760237101406,3145920
2023-03-08,240.26878356933594,244.8928061131196,230.93566634779702,235.4556573301941,51702925
2023-03-09,244.041748046875,248.63740377358715,241.1292970775468,242.0654513076235,8022010
2023-03-10,240.1174774169922,243.02049177372595,237.99933139237677,243.0110264890383,1446625
2023-03-13,237.92367553710938,242.8029863898924,236.72275314245593,240.32550589762897,3683830
2023-03-14,234.32095336914062,237.91425573769448,231.29501984833337,236.59986518824434,3141790
2023-03-15,232.5337371826172,237.1671960738916,231.7488832735881,236.59037642647445,1987050
2023-03-16,236.43905639648438,238.45319956611638,232.3729666365055,232.9970549403918,3988570
2023-03-17,235.644775390625,239.79598097973883,233.90486556288988,237.63055176559286,4182610
2023-03-20,230.67091369628906,241.1103878006842,227.61661321973844,241.1103878006842,3402415
2023-03-21,238.3870086669922,243.7107690410524,230.36826847043733,233.26181724814714,5079360
2023-03-22,235.67311096191406,239.20022771406883,234.83152315744306,238.6612259820439,1814750
2023-03-23,238.396484375,239.07732115000212,233.37532398095016,234.88828336967555,2141185
2023-03-24,233.2239990234375,238.16005790525853,231.6732075176139,237.2144529766152,4290270
2023-03-27,228.7229461669922,233.1862030022732,228.01374240412494,232.99707045581195,1948390
2023-03-28,231.84344482421875,233.43206884949907,227.35182072840067,229.03501103247672,2605125
2023-03-29,236.74166870117188,238.2924603261429,231.01130470193488,231.84342729149844,1649135
2023-03-31,238.1790008544922,242.43422351237595,236.96862756388606,236.96862756388606,4489935
2023-04-03,243.2947235107422,244.15522754126698,239.4271880156894,239.4271880156894,2297460
2023-04-05,243.78640747070312,244.7603794053909,241.02524277511594,242.26399736770207,1710530
2023-04-06,246.58538818359375,247.18112390906379,242.10323003207222,243.20960050188413,1428390
2023-04-10,246.7556610107422,247.18116598882068,243.02997462893123,246.58543016193343,630385
2023-04-11,244.96844482421875,247.74852601250717,241.5075268376234,246.75565224136545,2316150
2023-04-12,247.55935668945312,248.12672541337201,243.69183602680468,245.66814684810493,2680600
2023-04-13,245.21432495117188,247.54997073574887,244.3443555494441,247.54997073574887,774615
2023-04-17,249.89501953125,250.9635577837953,245.0818936102232,245.85729662539802,2927410
2023-04-18,253.27085876464844,254.36776410996492,249.4506061975223,251.01087765080086,2602290
2023-04-19,258.44329833984375,259.0768663825149,252.95880092322685,254.8121786294694,2649705
2023-04-20,253.29920959472656,259.76714440489656,252.6373034017926,259.10523821196256,1972785
2023-04-21,256.987060546875,257.5355276072994,253.62070905435962,256.3345907880517,1533610
2023-04-24,263.3698425292969,267.00096155384085,256.48584063447134,257.393642033784,3484290
2023-04-25,270.9630432128906,277.875411974834,263.84264024116976,264.7126093523035,11463135
2023-04-26,265.9325256347656,272.3058946059318,261.3652369622076,272.3058946059318,4680385
2023-04-27,265.81903076171875,267.0388693976769,261.3652389054136,264.769422972287,5355815
2023-04-28,252.0226593017578,258.15019070052,247.55940210310874,255.31337541809668,15378245
2023-05-02,250.6420135498047,255.9374063612608,249.95171163623013,255.10526949491592,4445290
2023-05-03,249.4600372314453,252.60891784590825,248.9305007729747,250.21650964138257,2404405
2023-05-04,251.09596252441406,251.72006529414398,248.8832502631397,250.77446028380922,2605540
2023-05-05,249.42221069335938,254.81217052530664,248.93050650134236,251.152683935832,1867575
2023-05-08,254.91622924804688,256.2590012879238,249.42226551428115,251.3418428567104,3146345
2023-05-09,254.98236083984375,264.7693775308002,254.50012195391878,256.95867165921857,4717955
2023-05-10,255.89019775390625,257.39373534861596,251.6255381178273,257.39373534861596,2721495
2023-05-11,258.0177917480469,259.07689369225864,253.43163013441483,255.52140930920524,1675840
2023-05-12,255.26609802246094,259.97519276223426,253.61128916400935,258.14071663340184,1868500
2023-05-15,253.53562927246094,258.6418909297246,252.6751251872945,255.88074025810937,3314115
2023-05-16,251.2661895751953,257.2613224760842,250.58535274550817,255.31337826900835,5037130
2023-05-17,254.2164764404297,255.42684983707238,250.60425796413202,251.34182880181152,1876620
2023-05-18,254.57577514648438,256.6371870874037,251.4269232446268,255.7766830883798,3189190
2023-05-19,253.28973388671875,256.6182818561968,252.0982912454384,256.6182818561968,3457825
2023-05-22,249.50732421875,253.02497601211095,246.99204028548726,252.66567034848399,3724060
2023-05-23,257.8287048339844,261.05322187305234,249.70596002146831,250.38679688686653,3621815
2023-05-24,259.029541015625,262.87815985003795,256.4858615487581,257.7151652223118,4991420
2023-05-25,260.1075744628906,262.4999539603083,256.8925232320932,259.02957091047955,2376370
2023-05-26,261.6678161621094,262.1500839454418,258.1501644157674,260.10757368715537,2622815
2023-05-29,266.43365478515625,269.1948050254273,261.66779784935846,262.49993480645026,5878845
2023-05-30,267.9466247558594,268.7787617911071,265.84740931363234,266.9442857427406,3948785
2023-05-31,264.7221374511719,268.53292453551796,263.14296436710333,268.1073907325891,6080605
2023-06-01,266.7078552246094,268.26812642329446,264.7221079855046,264.7221079855046,2902875
2023-06-02,267.2941589355469,269.34610547858904,265.56368574903564,267.67239513698775,3680045
2023-06-05,264.9490661621094,269.90402710717933,264.3249634017833,268.7409514308404,2510040
2023-06-06,266.45257568359375,268.5045512304482,262.0744199174023,266.1783421535368,1777200
2023-06-07,266.3486022949219,269.6865871571611,262.87821886650823,264.769429074181,3799040
2023-06-08,266.84027099609375,274.0363110255731,264.7693937860895,267.2279724999037,4030580
2023-06-09,268.0222473144531,272.10726728862335,266.47144147224066,266.6605739897297,2435880
2023-06-12,274.6698913574219,276.3530671389868,267.98445693913976,269.4974307428956,2951100
2023-06-13,272.9772644042969,276.3058127161624,271.3886548141301,275.757345615877,3300860
2023-06-14,266.24456787109375,274.2254771704538,265.1949600687336,274.2254771704538,3617290
2023-06-15,267.4548645019531,268.5517695588341,265.52582258415765,267.4170322289382,2747890
2023-06-16,268.85528564453125,270.67773169812034,266.668379651764,269.8144554531404,6897545
2023-06-19,281.9671630859375,287.9235996818665,278.6963903719701,282.5714447772641,15970295
2023-06-20,299.19384765625,301.6972962141568,279.3198469694745,281.99593907715655,13814600
2023-06-21,332.7072448730469,344.06381251031314,321.32190331082336,329.1103578956869,67327115
2023-06-22,329.7146911621094,338.5870137606534,324.52557789188893,338.5870137606534,20695285
2023-06-23,321.6384582519531,327.7579674408682,314.96264335111164,324.7845346324917,26775580
2023-06-26,326.7603759765625,328.69788835968853,315.03932030414114,320.11330727390794,9027690
2023-06-27,325.37921142578125,331.59461356206606,318.4444026024369,326.8850859025594,9250910
2023-06-28,326.3095703125,329.63789061433,324.0363133496538,328.0360642049633,9058510
2023-06-30,332.8702697753906,338.96100338738864,325.6956696899955,326.3287252214895,13348225
2023-07-03,337.2344970703125,341.061575098755,334.3857616728484,336.2273805169977,7848930
2023-07-04,341.02325439453125,343.9966867640426,333.79110557765074,339.9297867224719,8948575
2023-07-05,345.7328186035156,350.6725379690951,339.3351421868219,341.0808385130014,13158105
2023-07-06,339.8050842285156,345.60807924743636,339.0185872163874,345.60807924743636,4616375
2023-07-07,329.68585205078125,341.2726106091875,328.4197408618694,340.50528646098996,6705130
2023-07-10,330.56829833984375,331.9494759404848,326.85628657614575,331.67133777027624,6425075
2023-07-11,337.7620849609375,340.99448267133636,331.1342177861949,331.8535951735492,6085610
2023-07-12,346.3562316894531,348.7445552007921,337.57023252843317,337.6469532354047,6537300
2023-07-13,343.1909484863281,350.90268200367666,342.03996226995093,348.65822814662425,6218315
2023-07-14,342.212646484375,347.47848003364027,340.05451414168687,345.301174830106,4492200
2023-07-17,339.4501953125,343.77606059140834,336.7069836625367,342.63464615760125,4223875
2023-07-18,342.2606201171875,345.53139334789824,339.54618188162516,341.23433045787476,7805875
2023-07-19,342.56756591796875,344.28448844543766,340.08331908506864,342.23185055751287,5968125
2023-07-20,342.01123046875,345.0134370462946,341.08083446169826,342.42366651529267,2878425
2023-07-21,351.34393310546875,358.3746650735287,340.5053246218961,341.1671542142931,15551270
2023-07-24,344.59136962890625,354.49958129851973,341.4644665514577,353.1279754383845,30150490
2023-07-25,349.8092346191406,351.2383882413808,344.5338007666375,351.22878717657466,7020285
2023-07-26,348.9747314453125,352.09203325949926,346.97007009892786,350.28881864430855,3995010
2023-07-27,347.5360107421875,354.72021306873387,342.72098846847024,352.5908547581374,11626560
2023-07-28,348.72540283203125,352.6484041571668,343.38281953642024,350.29842622546556,5905730
2023-07-31,363.17047119140625,364.10086708142035,348.76372185796004,351.33431920466916,7778860
2023-08-01,355.6026611328125,364.67643001791384,353.9337147715158,363.17052615753653,5345210
2023-08-02,351.6604309082031,358.0101303450085,345.6176435631668,356.81116808665286,7630985
2023-08-03,348.8404846191406,352.70593793858114,343.670545084253,350.86431894957957,3816705
2023-08-04,352.3990173339844,353.68430149443225,345.6944290631911,350.0970154156965,5455600
2023-08-07,355.8136291503906,356.8111739617989,351.66043669853866,353.1471382147635,4926185
2023-08-08,357.07977294921875,359.6407694885788,352.97452690498983,355.8328637747475,9859755
2023-08-09,354.68182373046875,359.8613350335709,352.9745025790729,359.3050294035492,6340300
2023-08-10,355.0271911621094,359.47772465706373,352.9745533504365,355.7849143723222,5397960
2023-08-11,346.8262023925781,354.902424939694,346.0876521887548,354.89282387485895,5133290
2023-08-14,347.90045166015625,349.00349101782143,340.4189393223479,346.8261862241159,4598320
2023-08-16,344.5338439941406,348.4951911413989,337.64698178170454,347.94848653809777,9040420
2023-08-17,353.8185729980469,358.7295178639681,347.59357014318266,347.59357014318266,6805160
2023-08-18,349.2241516113281,355.27651110000915,346.84539981534783,355.27651110000915,4286650
2023-08-21,353.5979919433594,355.8520471529496,348.11153872474864,349.137857584026,6865250
2023-08-22,353.9432373046875,355.65055828154357,351.19042481737534,355.65055828154357,4892080
2023-08-23,355.31494140625,356.11103963632485,349.3585038307929,354.7010585485403,2475480
2023-08-24,359.78460693359375,370.57526745649955,355.8520047998268,355.8520047998268,8085270
2023-08-25,357.6072998046875,360.5903334054398,352.39901428935656,357.77037156664954,4806385
2023-08-28,357.16607666015625,358.9117728333385,354.1542985161056,358.71992715241294,4670145
2023-08-29,359.16119384765625,360.26423341853086,354.27899311984316,358.15404785304105,2919905
2023-08-30,361.43438720703125,368.3212196535078,358.30748415245483,359.113183307862,3644915
2023-08-31,369.9134826660156,371.96609111692914,362.3935938471096,363.52540735142384,12639870
2023-09-01,366.796142578125,371.38097324935245,365.79859774699474,370.2395587963141,3756035
2023-09-04,363.3143310546875,373.117047456937,362.42231017719627,367.74569079090975,7899565
2023-09-05,367.0743713378906,370.2300195677877,360.68629561435415,365.2135791929771,6793595
2023-09-06,363.06494140625,369.66403430002794,361.031506117908,368.302029578911,6908360
2023-09-07,363.27593994140625,364.637973859109,358.8541814662354,363.525333442058,6035475
2023-09-08,374.8147888183594,375.9849771970785,365.02167292240335,366.4028798373354,7287555
2023-09-11,375.45745849609375,378.25821814115176,371.80302361129924,378.25821814115176,6565460
2023-09-12,366.62353515625,377.88418083741914,362.82520113437334,377.88418083741914,6903070
2023-09-13,366.4700012207031,368.32119185250093,360.11070095917864,364.8777758891728,6517920
2023-09-14,367.43878173828125,369.80793249331816,365.5588169849268,368.32123090012436,5225585
2023-09-15,368.7528381347656,370.9397440890221,365.63553631168077,369.84627647612433,6773145
2023-09-18,366.8824768066406,369.2036807812093,364.7627195811228,367.5826813524187,3166810
2023-09-20,367.9183654785156,373.11707904807236,363.1321171990081,364.48455022690877,4028295
2023-09-21,364.5421447753906,369.0886011700473,362.75810264081986,367.30455903547653,2504980
2023-09-22,362.7484436035156,370.18200985269965,360.83970499158585,364.54208651825934,2804785
2023-09-25,373.22259521484375,375.8699135729531,356.93590863310914,362.7484760329678,10327105
2023-09-26,361.5303039550781,372.7525733644148,358.92136085562254,372.54155483168165,5973300
2023-09-27,363.026611328125,367.05510709039504,360.6958063721775,364.10087686473037,3216495
2023-09-28,359.0076599121094,366.8632626373711,356.1109484850054,366.2685527943591,21636670
2023-09-29,368.1965026855469,370.42178362401,357.88542744075914,359.2474614223385,6908925
2023-10-03,368.6953125,372.1387287471234,360.8397090908642,371.77423952086656,11039535
2023-10-04,355.0079345703125,368.31161549545146,353.2622384458187,366.21103121553057,6700835
2023-10-05,352.49493408203125,359.2954450800356,349.71334725922975,355.27652090483275,7397385
2023-10-06,354.6722412109375,357.3867084033603,352.0153511419808,355.0751054459464,6311950
2023-10-09,349.3104553222656,353.13756277912927,346.001337031769,352.98409209653084,5354120
2023-10-10,363.1129150390625,363.8610663056652,348.21700934605275,352.9744833164611,8377560
2023-10-11,364.21600341796875,368.41717235360755,361.71255470402184,365.8370029254923,4561415
2023-10-12,360.28338623046875,366.1247272966222,359.6887055873444,366.1247272966222,3313985
2023-10-13,360.83013916015625,361.9427797941678,358.80627538187645,359.6599506719323,2983920
2023-10-16,358.259521484375,361.60701472059884,355.9670916112716,360.8300895240629,2463960
2023-10-17,362.2688903808594,363.1225363907058,359.1132131397143,360.35055053580584,3378270
2023-10-18,358.0005187988281,362.72924805370945,355.3820040370271,362.2592349575478,2524565
2023-10-19,360.4272766113281,362.56623610813443,349.79968659112967,352.3990289238093,3099700
2023-10-20,360.01483154296875,361.75092674334195,357.96222315086334,359.97645655042635,2206225
2023-10-23,360.6478271484375,367.553861079044,357.9621635485004,359.6502824092304,10365280
2023-10-25,348.3992614746094,361.9619073999196,343.76645488893706,359.0268501158773,6849205
2023-10-26,344.84075927734375,348.91723143943256,337.79088377896574,348.3993007578781,4792965
2023-10-27,371.23712158203125,389.36542660772335,355.0847041835471,355.0847041835471,25056665
2023-10-30,362.9882507324219,371.2371175320848,357.8183110430747,371.1987425409585,10187990
2023-10-31,360.619140625,365.817854825972,358.86387243098704,364.8682566356614,8455335
2023-11-01,364.9161682128906,365.82736197518443,359.909300602412,361.4151749671909,3794295
2023-11-02,375.00665283203125,376.9537665366643,365.02169077072693,367.0743283843965,4288760
2023-11-03,386.2673034667969,389.02971747106744,374.4695253677289,376.4741869525472,9322270
2023-11-06,385.8700866699219,389.9196622695633,384.0293866147418,389.2511930000982,5634155
2023-11-07,385.03692626953125,388.5633158951518,378.65258670008154,387.49766770679827,8807090
2023-11-08,383.5740051269531,386.0928715248738,381.94644083237074,385.0368912540364,3525375
2023-11-09,376.5503234863281,381.7043075262404,375.8915515740642,381.7043075262404,4975345
2023-11-10,378.2553405761719,380.9195199125107,373.3532529625245,375.89148454525883,2430100
2023-11-13,381.2779541015625,382.28550652740813,373.9926455240001,379.2628788150705,2779500
2023-11-15,394.44390869140625,395.499889097699,382.69244949909967,384.6590973319576,6346865
2023-11-16,394.44390869140625,397.39874391682037,390.52031041274034,394.64734686302484,3184495
2023-11-17,386.5094909667969,391.1887758242777,383.8550086792878,391.1887758242777,5468870
2023-11-20,385.3759765625,389.4158247279396,383.21555864565767,386.5482072083594,2862980
2023-11-21,387.4879455566406,391.3534182520689,383.6805980472187,387.5170081496438,5089455
2023-11-22,383.0799560546875,389.45459790726693,378.45879675480495,388.47610798897364,2639075
2023-11-23,382.6440124511719,387.30390246816637,381.70428245136117,383.25435651648866,1529325
2023-11-24,377.3446960449219,383.6418475835406,376.1046427706943,382.64399244541374,2379295
2023-11-28,380.8711242675781,381.7042716845262,374.83553592716447,378.1778525467017,3604165
2023-11-29,382.547119140625,383.9131202184167,379.7666891824006,380.87112690856526,3299720
2023-11-30,388.912109375,391.3922161019146,381.95618550131303,382.2952392640894,11002290
2023-12-01,388.146728515625,393.3104093539423,386.9357378303989,390.2296265811734,3034950
2023-12-04,405.81756591796875,408.4429857119481,388.9218197963649,392.36102186564835,9360830
2023-12-05,401.0704650878906,406.67008549733004,395.8583558306036,405.81757278867696,8296900
2023-12-06,398.3094177246094,403.81215278994966,396.23618729660024,402.43645424101214,3598450
2023-12-07,394.2598571777344,401.0801658609709,393.3298244916768,399.3266534913846,3904160
2023-12-08,393.63983154296875,398.65817030929315,390.3653076979663,397.2049813531232,4218365
2023-12-11,396.6430969238281,400.67324830151125,390.51062293684373,393.6398338173502,4948465
2023-12-12,386.5966491699219,400.11131685590544,385.2015855546512,400.11131685590544,7159045
2023-12-13,386.60638427734375,389.7840229187911,382.8765267415547,389.4449395855003,7973270
2023-12-14,410.4386901855469,412.70566139751145,388.5052107969724,388.67961594035796,11924520
2023-12-15,402.57208251953125,411.0780803065491,401.0994988559067,410.18677811197614,11228265
2023-12-18,396.8174133300781,402.7367213050857,395.82922605980133,402.3976380175437,4203410
2023-12-19,399.05535888671875,403.53117591751,395.2673763158673,398.910045911408,11070960
2023-12-20,387.27484130859375,409.20831993322884,385.57945426096387,399.3363209878135,9435625
2023-12-21,390.7818603515625,396.7980540272416,382.09178967993563,386.9938777957043,9405990
2023-12-22,398.26092529296875,400.8863448216608,390.7140230604204,393.3104095604622,6928875
2023-12-26,394.44390869140625,402.39768781067454,392.9616571677764,401.4676551752138,4822975
2023-12-27,397.18560791015625,400.2082361458976,394.45360563354217,395.47082605569204,3750095
2023-12-28,396.36212158203125,400.07258423521336,394.5117241662759,400.07258423521336,3288345
2023-12-29,397.8443603515625,400.6926128726327,394.87016006595746,397.6893499925352,5291010
2024-01-01,396.98211669921875,399.14253475166305,395.4805000571807,398.28029518189743,1523610
2024-01-02,393.3395080566406,399.09413868633055,390.6172031115589,397.20498121787085,5389635
2024-01-03,404.9649658203125,406.5053423605521,393.13598800804806,394.2985508439879,6787670
2024-01-04,416.22235107421875,417.0651958685381,404.9940488842583,406.89287401808593,7695105
2024-01-05,420.9210205078125,421.76386534141494,410.66151039686474,417.1621004803037,8114435
2024-01-08,425.5614929199219,431.1126848765239,419.2062161552729,423.16857413811147,7487975
2024-01-09,420.0394287109375,430.7348780853199,416.69708230319003,427.5475716117805,5463445
2024-01-10,416.580810546875,423.91457749331414,413.8100779517446,422.3935660428779,2470725
2024-01-11,441.72100830078125,443.6779587558467,427.04377640957455,429.746716106111,14663945
2024-01-12,444.2494812011719,446.24519136244476,437.9135700475577,444.2494812011719,5187280
2024-01-15,444.2494812011719,444.2494812011719,444.2494812011719,444.2494812011719,0
2024-01-16,447.5240478515625,452.4164385663004,444.68549268095376,450.488550788308,6647950
2024-01-17,443.3194580078125,449.1031504688423,434.019044008868,444.4819912794299,5308645
2024-01-18,437.0029296875,443.183830876214,425.6002520372463,440.0255872730283,7883550
2024-01-19,446.0030517578125,449.8976169946436,440.0256178754789,440.0256178754789,5296785
2024-01-23,441.6725158691406,448.3475107032962,435.49161469437763,443.1354020746666,10999270
2024-01-24,446.1192932128906,448.5509720904883,428.1191397821823,432.82745760894016,8501730
2024-01-25,447.0299072265625,455.9040498966618,444.0944671929594,449.09343994066774,5327820
2024-01-29,466.7642517089844,473.1582886293547,446.0611590717449,471.2207034756184,17895075
2024-01-30,475.27996826171875,483.72784109719225,466.76427284714424,466.76427284714424,14238795
2024-01-31,477.9634704589844,480.4436065464046,465.11730156043785,474.7083417355234,9573360
2024-02-01,464.4779357910156,472.56736007570976,462.8116113031088,467.15181288131373,10601720
2024-02-02,466.0860900878906,469.11841542415806,462.2302851916309,464.53601613352885,4405185
2024-02-05,456.70819091796875,471.298204163702,454.78997105074575,468.70181769432486,1993400
2024-02-06,466.3109130859375,467.7605546271619,452.1451978925641,459.2183167864505,7511415
2024-02-07,469.6577453613281,478.51129479738256,466.3108977365715,466.6027618993025,5230250
2024-02-08,456.87359619140625,471.86630013598676,455.4823274220403,471.86630013598676,4430985
2024-02-09,454.1786193847656,458.0605615200103,445.88932019638094,456.87359767661655,2903050
2024-02-12,440.1977844238281,457.8465425373186,438.75785174722904,454.35376235963565,2845040
2024-02-13,453.50732421875,456.0077364055219,434.94398908515683,441.12203865633194,8984610
2024-02-14,465.697998046875,467.89680725459164,443.6905473275531,444.6245424291943,3686385
2024-02-15,474.3180236816406,479.33829524866576,469.33667723437543,474.24020313328765,5721585
2024-02-16,476.6141662597656,478.63782727081065,473.588368909903,474.7850714797076,4596560
2024-02-19,474.7655944824219,479.0561759881665,470.22204423171024,476.6141368642176,3451410
2024-02-20,470.24151611328125,475.7288003970298,466.0871574693739,474.7656188819507,4396705
2024-02-21,458.43023681640625,469.9301598384086,456.30927806635145,469.6869298067647,3665875
2024-02-22,466.06768798828125,466.94331020574936,453.9742676725824,459.043203151562,2571220
2024-02-23,475.84552001953125,478.09296322577813,464.68612453739695,466.7098151080019,5723325
2024-02-26,483.5705261230469,493.2705417108055,476.3319974551925,476.7114505851923,5989015
2024-02-27,461.6311950683594,488.27946436203956,439.1761798418281,481.59550722448074,20513770
2024-02-28,457.0389709472656,474.3861238457373,449.080461698079,465.4449854527124,11119410
2024-02-29,474.51263427734375,477.7232590144992,457.4962697263178,466.80709334053574,20232355
2024-03-01,476.81842041015625,481.37167946843465,473.81210078740196,480.5252437104277,5500370
2024-03-04,476.0498352050781,479.6496517702878,470.6987741812717,478.6767315841411,2666695
2024-03-05,473.13104248046875,477.8691884054574,469.1420937413935,469.1420937413935,6190170
2024-03-06,462.0592346191406,477.31461491426404,457.0584109704451,475.5633408905209,6744720
2024-03-07,476.6433410644531,477.7816410769383,462.0592766966558,462.0592766966558,5963990
2024-03-11,482.7532958984375,486.4406719187964,471.01988018814063,475.95259292711773,11377355
2024-03-12,471.23388671875,483.34672492906765,468.9864435183171,483.34672492906765,7206710
2024-03-13,451.7073669433594,474.7266613006037,447.56271759502897,473.7926662682922,8118855
2024-03-14,445.8892822265625,452.98187826431126,440.95659974907676,450.4620186988924,10111785
2024-03-15,441.0830383300781,450.46200226175813,438.0086369698645,446.3757260019242,7257360
2024-03-18,449.2848205566406,453.94508686527394,440.68420968395174,440.73284381673596,5870405
2024-03-19,445.013671875,455.89091205553,443.1748682259349,452.018708850407,6619825
2024-03-20,450.3063659667969,452.9721577198613,443.6515955957999,445.59743592736044,4526425
2024-03-21,449.6448059082031,458.23567826192846,445.59745428884025,451.96036074876264,8698620
2024-03-22,453.5169982910156,458.9653272017031,448.5453610460562,455.1320195595057,6367775
2024-03-26,461.66033935546875,464.9390754356528,443.64183958580134,443.84617419028416,10693585
2024-03-27,464.3455810546875,472.8391845021572,456.2995422459089,468.94750397127524,77232200
2024-03-28,459.17938232421875,465.9411891937617,454.9860988836618,461.9522106696848,11625440
2024-04-01,473.17974853515625,474.2013028758715,460.39556276551,461.3587739602767,4228910
2024-04-02,479.8345031738281,480.87553488628635,472.8294660418826,472.83920474479993,4433110
2024-04-03,497.4443664550781,499.45828865959464,478.4432365537059,481.9846505645819,11588495
2024-04-04,486.32391357421875,501.0442020602661,483.73597177539494,501.0442020602661,7019985
2024-04-05,490.12799072265625,492.68677555882215,486.0903778946718,488.5129396532289,3253480
2024-04-08,499.92535400390625,502.0852083975583,491.7138752472859,494.8174931369874,3678905
2024-04-09,496.2671203613281,507.01790633857433,490.95498440630337,503.97266137542937,4766875
2024-04-10,491.9181213378906,499.35124521150266,490.25443626746824,498.1253563747886,3504425
2024-04-12,483.6580810546875,490.34203802256343,482.3543715604602,490.34203802256343,4144555
2024-04-15,469.85235595703125,485.098028908726,468.568094137366,485.098028908726,4750690
2024-04-16,467.14764404296875,471.6717171892139,460.8431399340431,467.0017119462194,4033025
2024-04-18,461.4463195800781,475.22287286477996,459.43236768555056,470.87391848106864,6791185
2024-04-19,460.49285888671875,462.84733884199096,452.4273420906705,457.2433089717795,4797160
2024-04-22,471.79815673828125,473.2867233660145,461.9424709616827,465.055827288617,3489700
2024-04-23,472.2457580566406,477.97624269142216,470.3291040428219,475.16451870563344,2892585
2024-04-24,478.8810119628906,482.8991768762972,470.504183841314,472.25542821014426,8459300
2024-04-25,484.87420654296875,487.29676819600013,471.33117478989016,478.48211408250074,14587660
2024-04-26,486.18768310546875,493.6499940970415,454.74289514315194,488.8924000714511,20810260
2024-04-29,484.94232177734375,501.4333301907351,472.8878268711591,500.07121822826224,11904615
2024-04-30,496.52008056640625,501.79332100047145,483.3467330297901,485.09800716661476,13426225
2024-05-02,502.4354553222656,505.7239304945806,493.2705632591796,495.51800664548114,9243475
2024-05-03,503.6905212402344,517.204337234791,501.08310231749317,505.9184870459309,7622145
2024-05-06,495.7125549316406,507.6599834901026,486.23629248439477,505.91847779993134,4326785
2024-05-07,483.697021484375,499.10807424912707,475.1061192908101,495.7125921730507,7825870
2024-05-08,476.3417053222656,486.0709066985735,473.374281087792,483.2494442376775,7324775
2024-05-09,459.3934326171875,481.4300682355225,458.0897231697168,476.34171481663964,4104015
2024-05-10,456.173095703125,468.305411951786,453.5948630758665,461.94250544266674,10984650
2024-05-13,447.8935241699219,458.1772976984375,443.4083763482531,456.2995688586521,8390345
2024-05-14,453.44891357421875,470.4750166549704,450.8122785195017,456.29956256414437,12376035
2024-05-15,451.4349670410156,455.715809928171,448.1367533533304,454.9374856545674,4269680
2024-05-16,455.07366943359375,456.45522913491465,440.7328356724881,454.7428801397377,12445545
2024-05-17,461.4754943847656,464.4039638571293,451.62954718084916,456.10495613450803,4729135
2024-05-21,461.7965393066406,464.9585297670764,457.00978883666494,461.16414715278677,3935580
2024-05-22,454.6942443847656,463.0808114441909,453.7894357585215,461.7965497023925,3465540
2024-05-23,467.0892333984375,468.8891416224476,453.08892781496473,456.49414835562345,5512760
2024-05-24,466.5152282714844,472.63490454294174,459.74371210374017,466.97250194565373,4877325
2024-05-27,463.1100158691406,471.574433497838,462.33169158448334,468.9475370775752,3398210
2024-05-28,465.77581787109375,473.42298626021545,462.1371057397068,465.0558664075365,6493910
2024-05-29,462.0689697265625,466.5444084517777,458.8291586209698,462.14681996730286,2197930
2024-05-30,448.06866455078125,463.1100021039064,445.9866011298983,460.3858374974092,6688165
2024-05-31,458.060546875,464.5401988269016,450.1993648966499,451.22091920763177,12916455
2024-06-03,488.2405090332031,495.595812731628,471.9149099960865,476.7308766468428,15161795
2024-06-04,439.89617919921875,494.24349049698816,426.722830607484,494.24349049698816,17788625
2024-06-05,464.5596618652344,466.59306154247884,433.9224139341517,436.23796878600166,7114095
2024-06-06,481.55657958984375,493.2705472503012,467.01144024203603,472.839222807981,10501485
2024-06-07,486.0611572265625,487.81243125019546,478.6864358108331,482.4418932071199,3706890
2024-06-10,490.1766357421875,496.67573520031954,483.58023833109144,488.4059139482084,4849020
2024-06-11,492.8813781738281,496.5882017523791,484.51425853400326,489.36912082014805,4681350
2024-06-12,499.487548828125,502.6981738244086,492.40466079925847,493.22193994964323,3510365
2024-06-13,522.3218994140625,524.9196389794752,502.2408131918398,504.3618313831581,10022455
2024-06-14,531.6328125,534.5224165616379,524.4137607713208,527.7119747166054,15318425
2024-06-18,550.6242065429688,552.8424337502734,531.6716804096383,534.9017826433777,12393205
2024-06-19,543.1326904296875,550.8674177363669,537.0519393053067,550.6339263943643,9175135
2024-06-20,545.84716796875,555.4402069802563,537.9762762231954,545.7206835828158,6948810
2024-06-21,549.048095703125,553.0078882060716,543.8624141965219,546.7811749167179,9672340
2024-06-24,560.83984375,562.3478581367024,540.9143982927812,548.5907526841585,5367855
2024-06-25,581.777099609375,583.7521562415154,556.8314692632327,561.0344919140525,15844875
2024-06-26,581.6214599609375,595.3201938889649,575.6963494319323,580.9890380371469,9032225
2024-06-27,574.2272338867188,583.1002610706685,568.9539638194656,581.2322115923273,12298175
2024-06-28,566.5313720703125,577.7783262439198,564.293667678399,574.2272034474114,6005455
2024-07-01,569.0123291015625,572.4662431589101,564.69256123653,564.69256123653,6673330
2024-07-02,549.680419921875,572.0770612896786,547.8805413561254,569.547492594733,12638725
2024-07-03,554.6521606445312,561.3750137976555,545.9152959596805,552.6187310867734,7945600
2024-07-04,551.402587890625,558.0670682877552,548.7270570274592,558.0573889657849,3958315
2024-07-05,557.6486206054688,558.8939868895033,547.6178163267723,551.6457199623845,6163345
2024-07-08,546.411376953125,555.7319680553056,544.0763449809543,555.7319680553056,4065755
2024-07-09,543.2786254882812,547.5496997373974,539.9998893938676,546.5671002851885,6359760
2024-07-10,537.4605712890625,545.7401318621858,526.3498390040537,543.6580683396877,8300735
2024-07-11,532.9656372070312,542.0041032511283,528.1302526474894,537.4605234728115,5689115
2024-07-12,543.7456665039062,556.5103752556873,535.1061300535456,535.1061300535456,9030805
2024-07-15,560.8495483398438,562.1532280339558,546.2362692761366,547.3648304762185,7400215
2024-07-16,547.462158203125,564.2936642428685,545.224453824835,561.7446183032545,4907090
2024-07-18,557.9308471679688,559.2247882970041,540.3599104825199,540.3599104825199,4119020
2024-07-19,546.9465942382812,559.5945582727359,542.7630487802763,556.5104175160058,3677715
2024-07-22,550.1668701171875,554.1656170838671,537.8399883833007,544.8158092659506,2717785
2024-07-23,535.847412109375,553.0230086104715,521.0192420515884,553.0230086104715,12227465
2024-07-24,532.9227905273438,539.9162954072569,521.3909041877488,535.8082246980439,5130575
2024-07-25,524.0709228515625,530.1352121256513,515.5613604588129,528.0812065855965,10445410
2024-07-26,572.1939697265625,595.4729603157975,526.2228302784455,529.3136295567339,32196680
2024-07-29,575.715087890625,593.8590624649156,568.2814813770178,580.9969017864864,12753435
2024-07-30,569.6605834960938,583.2270137517565,565.7384155406673,575.7150821571918,9486875
2024-07-31,573.5535278320312,576.5073773282226,570.4431474160758,573.9350047875207,4655790
2024-08-01,584.7625732421875,586.6698981608173,571.2059937820388,573.7393229291813,8859720
2024-08-02,585.3201904296875,591.3453775592579,571.2158700794215,576.1064169122933,8905205
2024-08-05,565.6307983398438,575.4901566729359,549.3257332340165,562.6084740731355,9480440
2024-08-06,554.9400634765625,575.216309325873,552.631739917247,571.2451880606245,5917390
2024-08-07,572.2037353515625,573.5828432071177,561.5423200235606,565.3667608461473,3986695
2024-08-08,561.8650512695312,571.215772834128,559.2045632018675,571.215772834128,4434050
2024-08-09,578.6690673828125,581.652289055935,563.4105849143134,569.2596599107283,4568775
2024-08-12,582.1901245117188,589.79984267978,572.7025131101044,577.0746325420885,5709795
2024-08-13,565.6112670898438,585.9755092703685,559.5762899061102,582.953125356224,7249815
2024-08-14,566.3448486328125,570.550706554104,560.260977929758,567.4990104075542,3626125
2024-08-16,583.24658203125,585.281066155102,567.7044104366643,569.8464722591337,4976095
2024-08-19,601.654541015625,603.4933911324388,589.4183850730692,592.3429221006152,9092170
2024-08-20,618.1356811523438,621.4906484534648,597.0966010908858,609.9489114119268,12149555
2024-08-21,617.979248046875,624.0337471350978,609.7240029852134,614.24286327475,5227030
2024-08-22,614.9568481445312,619.5246615417963,610.9857267893194,619.1431845884475,4610695
2024-08-23,611.6214599609375,618.6149646033696,609.8901875774968,618.1650128808182,2466965
2024-08-26,618.5856323242188,622.0285960241522,608.5795936951016,614.252615465,3366050
2024-08-27,631.7509765625,639.4682726132153,609.5576760384685,616.9717606198437,9915805
2024-08-28,626.351806640625,635.3797357846213,624.3760068803376,630.8804571789342,3352220
2024-08-29,626.0877075195312,638.1184990628832,621.0113181202247,625.7942866841192,5976425
2024-08-30,626.8702392578125,630.7630949508166,621.4906384081011,626.1366573237609,11026125
2024-09-02,630.9293823242188,637.4142516594337,628.7384270777547,629.8925888701223,3165735
2024-09-03,639.9963989257812,642.236247432191,624.0434407598299,628.1417205678343,7181415
2024-09-04,634.5875244140625,642.0211910676384,631.0761453857212,633.237728776149,3467420
2024-09-05,634.8906860351562,644.3783576363026,631.6923094044726,635.1743759231452,3368300
2024-09-06,632.9639282226562,639.086902496859,629.9415439691163,636.5340513413516,3058060
2024-09-09,648.6234130859375,650.0905770304097,629.139432920029,643.5959169751068,8095085
2024-09-10,637.7369995117188,652.9661671695774,631.8879255034068,651.0099487374679,6190070
2024-09-11,641.6200561523438,645.1608066927814,636.5730389303045,638.7151004737449,2946285
2024-09-12,665.2610473632812,667.5399989910301,644.6815900070291,645.5521215896725,9163615
2024-09-13,658.9033203125,670.0048364232503,658.2675254202152,665.0556060049325,4786700
2024-09-16,668.8213500976562,672.909839889331,657.7980986621102,660.8106323828883,4724820
2024-09-17,669.926513671875,678.1719667824267,666.5716063943229,668.048560787736,8030320
2024-09-18,699.2894897460938,702.2727112754441,672.9392218960954,673.8195441764541,10582475
2024-09-19,689.635498046875,708.8650996896554,684.6764769712116,698.6732179910468,6428925
2024-09-20,690.9559326171875,701.4999791853184,688.0020832221895,692.3057281834056,6407140
2024-09-23,697.9200439453125,706.5861371622217,692.5013402603571,694.6434018787854,2935070
2024-09-24,687.8651733398438,700.6196974441162,685.0677949985705,700.6196974441162,6681865
2024-09-25,689.3812255859375,692.4622938152676,676.4603800118509,687.8651680838286,3801635
2024-09-26,709.8041381835938,711.4767265732544,690.4571076318697,691.9340622223042,5359390
2024-09-27,708.3565063476562,714.4598983858186,703.4170069811164,707.7598143465858,4967200
2024-09-30,699.7296142578125,713.0318766263197,697.978760433937,706.9675871322153,4405700
2024-10-01,698.4483032226562,709.676978843779,695.9834486915595,699.7394146580377,3381135
2024-10-03,666.9727172851562,699.3285280895728,665.1240764864405,698.3700001342612,8036680
2024-10-04,652.6532592773438,667.9509039526683,648.5842909196688,666.4837399167778,8827525
2024-10-07,645.4249267578125,667.6573302430537,636.9447365291519,659.2065119465609,5480765
2024-10-08,651.2838134765625,659.8422694482201,641.2484029796622,641.2484029796622,9122180
2024-10-09,662.757080078125,680.7640452960308,653.3769860025122,656.213526737533,6569580
2024-10-10,652.9173583984375,668.2345244424696,650.618765622918,665.114353250289,3740385
2024-10-11,653.6117553710938,656.8786667321211,647.1268858737533,655.3332373075115,1799620
2024-10-14,664.19482421875,670.982904385775,656.0667392372574,658.8543265493287,3844085
2024-10-15,665.3392944335938,672.6653238073939,658.971793105246,669.026785733513,5209855
2024-10-16,663.2363891601562,669.4180472706108,658.6783662649183,668.4399379436222,1607350
2024-10-17,637.453369140625,662.3658442427297,634.9787836364989,661.0062579777189,8237815
2024-10-18,654.28662109375,660.0085960926275,615.3774657170204,623.5935476937178,9380205
2024-10-21,648.1538696289062,661.8865621362227,640.0747371181789,656.6928042440858,5627980
2024-10-22,636.6513671875,663.3537391350837,633.8148263381552,648.1538824071723,19691260
2024-10-23,625.5497436523438,637.8250025008718,620.131040031062,625.9899047439267,9660305
2024-10-24,634.8125,638.9009896006919,623.1631851173042,624.0337166987789,7501270
2024-10-25,604.9899291992188,636.612157544015,592.3429243512657,636.612157544015,15251890
2024-10-28,637.5902709960938,654.1888157418456,615.0350744462955,618.9475113825939,21602980
2024-10-29,638.86181640625,642.744941202306,618.6345241236072,634.2255880772207,10906400
2024-10-30,623.2120361328125,637.6685188693993,621.4808234315857,629.3252186772322,6964385
2024-10-31,614.0374755859375,623.0556145379906,604.0020647701019,623.0556145379906,8075010
2024-11-01,616.3947143554688,618.9475653512252,614.252652558108,617.9694560318652,286730
2024-11-04,615.7980346679688,620.0527860005411,608.178525448397,617.265198534242,4842960
2024-11-05,618.6150512695312,621.2950612945589,597.6248034567865,617.6956261070201,7606175
2024-11-06,623.38818359375,625.9899279642688,613.5288255125784,623.4468677615346,4294660
2024-11-07,604.7635498046875,629.1400414150502,602.3701686371159,629.1400414150502,5846920
2024-11-08,592.5112915039062,607.6887091509916,590.3641374917839,607.6887091509916,3851745
2024-11-11,590.8369140625,602.1830217851781,582.6326074875097,592.9150570610376,4101875
2024-11-12,577.3929443359375,595.9387944835097,575.7087887053947,593.7917004423869,5430660
2024-11-13,562.1564331054688,577.2550422132915,559.2804560347806,577.2550422132915,6755505
2024-11-14,556.000732421875,564.7467273342489,548.2002114800956,561.9495599050946,7172685
2024-11-18,561.0336303710938,564.7073211276518,551.5489533814974,556.0007605988633,4841895
2024-11-19,556.4242553710938,564.5497532162541,551.8838400934766,561.0040453608365,5942545
2024-11-21,551.9822998046875,558.8372868120784,545.2454970462117,558.6304343194453,4777400
2024-11-22,561.4078369140625,564.3527044095733,540.8232203341283,541.6998035344945,8194990
2024-11-25,580.662841796875,593.9000187486716,576.5557888474166,576.5557888474166,13791540
2024-11-26,600.0753784179688,606.5658934714222,580.8991736341721,584.0016602685033,10105100
2024-11-27,594.6879272460938,604.0839957631905,592.3930728876629,596.638087566771,4064750
2024-11-28,599.5534057617188,605.7189448018548,589.221721508471,598.8245828285003,12057145
2024-11-29,594.81591796875,604.054366601184,589.4087786968106,602.2716842168135,5600545
2024-12-02,609.5010375976562,613.5686559661017,593.0530472829374,594.8160125366343,5433440
2024-12-03,621.5858154296875,631.7008486457358,615.5778954368292,616.7499393833258,9872220
2024-12-04,617.0059814453125,625.1117615402768,614.5239920611469,619.6159536670796,5743725
2024-12-05,615.8240966796875,622.2752374097334,605.3249350241366,620.9751505573018,7117350
2024-12-06,615.8339233398438,620.1478285439541,609.3827228314366,615.9619662885458,3193785
2024-12-09,612.0026245117188,623.1222230329442,609.7570036312813,610.7616298266414,3963995
2024-12-10,627.682373046875,629.7802336228264,612.4162864807677,615.6566749410257,5630900
2024-12-11,639.8460083007812,643.657600442426,626.0079919515707,629.455172656401,7350105
2024-12-12,639.81640625,643.1454025762883,634.5865432829236,638.1223920841795,5108345
2024-12-13,622.9646606445312,641.1066634990879,614.1103403506432,638.624674142612,6003130
2024-12-16,618.0204467773438,629.750744884752,615.9620209376958,625.2201280908512,2943305
2024-12-17,586.39501953125,617.5378316886229,584.1001651429573,617.5378316886229,10413170
2024-12-18,577.432373046875,597.4456674105774,572.9904246411743,586.3950192819145,7447675
2024-12-19,580.199951171875,581.5886461290405,562.048029095957,565.3376509366118,7354675
2024-12-20,566.7658081054688,583.2039391686803,560.1471893934214,581.7364346047027,12499100
2024-12-23,567.8787231445312,581.8840971892321,565.8891881656343,572.4289969145527,4691250
2024-12-24,567.8886108398438,570.7743865087272,562.4026614227699,567.898409432366,2020780
2024-12-26,576.5459594726562,578.3286421238539,565.5642015199976,569.730406920141,4462340
2024-12-27,571.030517578125,579.0968638539998,569.3758177063837,578.5158012600796,1524915
2024-12-30,574.98974609375,584.8093181006167,570.3212879945069,573.7684687985629,3452720
2024-12-31,569.1098022460938,573.7486836791271,567.5142549856286,570.8333924447244,4075070
2025-01-01,574.9208374023438,577.3535935788257,567.8787750263529,571.0501527437781,1297175
2025-01-02,602.7740478515625,604.517355674316,577.4717382261804,578.5945486921594,7297085
2025-01-03,600.4692993164062,610.2494359663716,598.0661195677037,602.7641535302472,3652225
2025-01-06,584.9472045898438,606.9698127625262,582.0811462084486,597.0517731591274,5430225
2025-01-07,582.7508544921875,595.2789261802782,581.0962148567916,586.4245452241881,2781710
2025-01-08,571.0009155273438,585.0358668792448,559.5956540178603,585.0358668792448,4976035
2025-01-09,553.4891967773438,576.0042587423931,551.7459489929356,571.9858138082803,5408205
2025-01-10,523.9714965820312,557.4583967395295,521.0167700975461,557.4583967395295,5999299
2025-01-13,513.2359619140625,532.5402108491479,510.9214502333297,522.050907873431,5558523
2025-01-14,535.8888549804688,539.2375689520057,510.4782199184196,518.9977050990855,6987503
2025-01-15,525.1534423828125,537.7110309745042,521.1152797868466,536.7753554879956,4072535
2025-01-16,538.5481567382812,545.3932853903733,527.4679319786574,527.4679319786574,6194466
2025-01-17,518.554443359375,539.2867599836951,515.9444111942792,538.3018512593658,5347916
2025-01-20,508.9023742675781,513.6299243480655,485.90474844116284,503.2883822470978,12701612
2025-01-21,512.4480590820312,522.7403685160409,505.70145755189685,510.18278076553787,7753705
2025-01-22,510.82293701171875,520.3765036043073,505.307412053647,512.497233761969,5895189
2025-01-23,521.8046875,525.3996287846938,503.87936478051006,510.8229900847102,5150004
2025-01-24,519.490234375,533.6236536714017,501.46638267115117,523.9223246216296,7602501
2025-01-27,503.9285888671875,522.6418863974789,500.4814080168502,517.9635695291639,8523575
2025-01-28,522.1001586914062,533.6236042890605,500.9246484186028,512.2018367460867,16222471
2025-01-29,545.14697265625,547.2645504348646,522.2478450785484,523.1342869658888,9135552
2025-01-30,530.1764526367188,551.5489879422965,528.7483226986972,545.1470800465378,7172857
2025-01-31,538.04296875,545.1179487267856,530.5722232858066,540.6651793302339,4058608
2025-02-01,526.2183837890625,543.8810720871755,512.5632362911053,542.149439532138,3874882
2025-02-03,540.4177856445312,552.143387182249,510.5842075018646,519.4897460048041,7442129
2025-02-04,570.6965942382812,573.8135568821875,539.6756591774268,550.16438040136,12290382
2025-02-05,565.3038330078125,584.5991681718089,562.4343065791298,570.9440199808145,6953215
2025-02-06,560.40576171875,564.0174767363741,548.5317095769316,564.0174767363741,6345455
2025-02-07,553.6771240234375,573.0219211855263,549.0264416922157,561.9395212403384,5747620
2025-02-10,554.9140014648438,560.6531143476916,540.7641020001095,555.8045794960399,4253881
2025-02-11,532.8975219726562,560.059426744381,528.3952895432852,560.059426744381,6416783
2025-02-12,541.4072875976562,545.711607031107,521.4687523216561,532.8975146057734,5467745
2025-02-13,542.8915405273438,554.3697658726442,532.3532959205401,541.2588343281327,5723009
2025-02-14,533.4912719726562,549.1254279647366,521.2708575285383,545.1674107315745,6763071
2025-02-17,544.5736694335938,547.19587999646,519.5886857628693,531.363811135803,4397756
2025-02-18,547.5421752929688,548.6306662498497,533.4417391455507,545.1674012311856,2988732
2025-02-19,551.9454956054688,553.8750411013465,540.7641089091305,542.0504524415322,4066886
2025-02-20,574.7535400390625,576.1388701964958,551.1538869891766,551.1538869891766,7590778
2025-02-21,578.9589233398438,588.4582005541446,570.6471237211965,574.753530198731,9328402
2025-02-24,571.1419067382812,575.6441393244787,562.8300462756467,569.954489472969,4523171
2025-02-25,568.2228393554688,580.5916429983827,565.5017025540277,575.6935846768789,6222936
2025-02-27,600.4312133789062,602.4102220323599,574.2093487206463,575.1988530473731,17099035
2025-02-28,610.8209838867188,613.4926575387813,595.9289564560178,603.5481515398446,23771834
2025-03-03,614.779052734375,623.387752828537,608.446261005865,618.7370702126515,10284029
2025-03-04,626.25732421875,628.7310850816862,606.9619894878476,612.107363767113,5369562
2025-03-05,624.674072265625,630.8090111985447,614.9769418978753,620.0233898296431,9532495
2025-03-06,637.5870971679688,643.9694122383455,630.3142644285372,632.0953601611988,8075827
2025-03-07,624.2288208007812,640.8525428824624,620.8645421086734,637.587130077061,5829062
2025-03-10,619.0338745117188,634.7670172578472,616.312737648961,624.9214372573229,4906168
2025-03-11,631.5511474609375,633.2827800626713,609.0893867766791,617.6486235087846,6734891
2025-03-12,630.2647705078125,640.4566526306731,622.497125583326,632.2932422263425,5378060
2025-03-13,613.0474243164062,637.2408183981668,611.018952423708,631.3037921397987,5273706
2025-03-17,616.7085571289062,622.8929590255058,606.9619638976852,606.9619638976852,4548324
2025-03-18,616.7085571289062,616.7085571289062,616.7085571289062,616.7085571289062,0
2025-03-19,660.9393920898438,670.488072099998,630.957424657815,638.9229219869269,9823834
2025-03-20,660.8899536132812,687.7054962891833,658.0203669529595,682.7579747331459,8747482
2025-03-21,669.696533203125,671.8734548559429,660.6426046211056,662.0278744768606,6365496
2025-03-24,674.8419189453125,687.6065483148541,666.9258847054848,669.8943975454202,4983671
2025-03-25,671.230224609375,680.7789653598146,660.6920399433697,680.7789653598146,5257157
2025-03-26,664.9468994140625,673.7535119718606,662.2257625489008,671.6755166744614,4792266
2025-03-27,671.378662109375,677.2167615898849,659.2077713969137,662.9678756275332,4628163
2025-03-28,649.1148681640625,677.8104949579007,643.3262917445064,674.8419818412967,6806264
2025-04-01,630.7595825195312,647.0369417374307,627.2468540304538,645.156859247446,7600903
2025-04-02,632.6890869140625,637.2407826321863,623.882474300611,633.2827653487566,4387926
2025-04-03,647.2843017578125,653.617093430031,625.3667560088579,626.3562603696315,3704676
2025-04-04,646.739990234375,658.020363480431,642.683046737654,648.6200725735677,5191619
2025-04-07,607.5556640625,623.3382703462912,583.0654316756159,589.7445859629479,15188995
2025-04-08,634.717529296875,641.495609423011,616.5106264785046,617.1538284150932,10415072
2025-04-09,617.9949340820312,641.1493601935248,612.5031969796222,641.1493601935248,9235529
2025-04-11,632.0953369140625,641.8419905389902,620.4191982132024,620.4191982132024,7102851
2025-04-15,664.9468994140625,667.4701233373933,642.3367499831753,645.1073499851572,6085948
2025-04-16,668.954345703125,670.8838910971368,655.497111868435,665.5900674417262,6571065
2025-04-17,684.4896240234375,688.3487150893773,661.5331113628954,669.8944350760638,5771289
2025-04-21,695.62158203125,709.9693956008846,683.2527772298408,691.4161883987708,6740583
2025-04-22,696.1162719726562,702.4985867583516,692.6530069379664,695.6215198248434,3672514
2025-04-23,696.5121459960938,706.3082029632243,678.7010674436162,702.0533462768209,5442424
2025-04-24,689.3381958007812,698.0952847112743,687.2107373947272,696.6110282590179,5010172
2025-04-25,648.3232421875,698.1942236514303,628.3352428555472,691.5645930267052,9784886
2025-04-28,615.4716796875,623.7835400340258,589.8930174788861,616.1643447821356,32221482
2025-04-29,608.248291015625,624.1792857139651,603.7955217701146,618.4401729875502,10387632
2025-04-30,605.27978515625,615.2737543090094,600.1343507788243,608.2482980207784,7374108
2025-05-02,597.2648315429688,609.8315494989508,593.2078876617365,605.279853417834,7749204
2025-05-05,622.249755859375,624.2782879931514,600.8270239679783,603.7460737364021,8616953
2025-05-06,616.906494140625,625.218294377257,610.5736421935749,622.200318212863,5098276
2025-05-07,629.9679565429688,631.3037632321126,610.7715483621027,611.7115895555436,5983998
2025-05-08,609.3367309570312,634.0743382579383,600.6291052660218,628.3352254430376,10052396
2025-05-09,595.1373901367188,605.9229510748655,590.387781441371,593.7025967822514,5637324
2025-05-12,639.1703491210938,641.1988209665371,604.5871598928305,604.6366230315872,9560644
2025-05-13,626.949951171875,641.0009254504098,625.3173051811866,634.8659862139166,5748439
2025-05-14,645.1073608398438,648.4221761917235,630.9079374496204,632.7880198368233,9324793
2025-05-15,667.717529296875,672.8135009029555,637.3892569337731,647.9274421191694,9817422
2025-05-16,658.5150756835938,667.7174530920736,653.1222654642253,666.9258617742182,5415727
2025-05-19,670.6859741210938,676.7219863327704,659.0098359533818,662.9678529861347,4356035
2025-05-20,651.440185546875,674.8914514725259,649.3127873629119,674.8914514725259,7035801
2025-05-21,651.0938110351562,654.7055257861035,631.9963906627307,651.4401133725686,7986603
2025-05-22,642.930419921875,647.8284782933795,633.5795921934665,645.1568046003271,6840583
2025-05-23,652.9244384765625,656.6350798873058,639.3682768382905,644.16734890503,3128629
2025-05-26,657.525634765625,660.7909870128644,645.2557567762108,657.8719371272442,2963171
2025-05-27,654.9529418945312,662.9679028306332,650.1043465070537,660.7909812200402,2493252
2025-05-28,648.8179931640625,656.9319406477282,647.135823745142,654.952932012422,3244100
2025-05-29,645.4041748046875,652.7759938629686,641.2977078328556,648.8179766928364,4173868
2025-05-30,632.6395874023438,648.0758916305334,630.5616524074687,636.3502287464441,6693573
2025-06-02,635.8060302734375,641.0999149680102,618.4402404018641,631.6006366387048,4344402
2025-06-03,641.4462280273438,651.8360242391249,635.360751802621,641.1988519270633,5336167
2025-06-04,634.4701538085938,654.9033808699278,633.2827365985618,643.1283162230271,6290382
2025-06-05,644.612548828125,647.927363872256,631.4026309955697,640.20924288394,4542850
2025-06-06,681.0263671875,683.6485778662754,637.5376390346474,647.1358432845986,20115034
2025-06-09,690.6740112304688,708.3861626103884,684.9843614244871,692.6530198586363,11413586
2025-06-10,693.0488891601562,698.540626368457,683.4506846333262,697.6005851322757,6453133
2025-06-11,678.8494262695312,694.7309585175543,677.1672568475815,694.7309585175543,4586055
2025-06-12,661.0383911132812,682.7580244032821,659.6035976787402,681.768520020089,4970089
2025-06-13,660.1478271484375,663.314192637144,636.7460259678667,645.008362830764,4687026
2025-06-16,669.0533447265625,674.099792409164,661.5825390785359,661.9783649493295,6882573
2025-06-17,658.0203857421875,672.6650378873137,655.0518727238017,672.6650378873137,2390137
2025-06-18,655.1507568359375,666.4311297376456,652.2317675380258,656.0907979768378,3352972
2025-06-19,645.354736328125,661.9783969989645,641.1988060617772,653.8149862736409,3342726
2025-06-20,659.3561401367188,663.8584328397507,643.6725217582302,645.1567781496789,7441267
2025-06-23,654.70556640625,659.2077990446832,641.495647317533,654.8539558195413,4243520
2025-06-24,668.954345703125,674.8419081537571,666.3321956398424,666.9258740405165,4823566
2025-06-25,668.0143432617188,670.8839299517813,663.9573997015416,668.9543844460186,3211981
2025-06-26,695.8194580078125,700.1237776921289,667.1732955312319,668.0638735874257,19068571
2025-06-27,692.6035766601562,699.480643919922,689.2887008758184,695.6710159642996,7554681
2025-06-30,699.4310913085938,706.5060712216443,692.5540847292889,692.6530110016121,3721603
2025-07-01,689.1403198242188,703.0923070659364,686.716022076594,700.5690830406751,3524637
2025-07-02,669.7954711914062,691.5150418185764,667.9153889018631,688.4476027088464,3288839
2025-07-03,668.3112182617188,677.0683070263445,665.886920684505,674.4460965132166,6014549
2025-07-04,669.0533447265625,677.2167550566551,662.9678692317649,668.8554317911656,3843226
2025-07-07,664.2542114257812,672.8629107451062,661.9783636595237,669.0533434229717,1770086
2025-07-08,661.928955078125,670.2902790164324,660.2962487229067,664.9469313034936,2820100
2025-07-09,673.9019165039062,675.8314620395914,663.9574099979003,664.2047860821021,3560120
2025-07-10,664.6995239257812,680.1357670894976,663.957395689169,676.8209517904494,3035156
2025-07-11,664.2025756835938,672.6014082649151,658.388031947169,671.9056358580013,4931083
2025-07-14,665.6934814453125,668.8244269008333,658.4873929936836,665.9419672539893,2832157
2025-07-15,680.304443359375,683.8329296277011,666.6377241989376,670.8122978210398,3786182
2025-07-16,664.3019409179688,669.9177444963337,650.5358512950303,669.9177444963337,9358644
2025-07-17,661.4194946289062,667.929810259501,660.8230923276028,665.941923919443,2671888
2025-07-18,641.59033203125,666.4389118930335,640.5963888367787,665.9419402957978,6570609
2025-07-21,651.6788940429688,654.0146363351166,633.6388004006639,641.5903461311821,4980207
2025-07-22,636.2727661132812,655.903144386311,635.1297071628373,654.0146280330939,4671422
2025-07-23,650.0885620117188,650.7843344106989,634.1854702200866,638.111558139242,5191770
2025-07-24,629.7127075195312,656.0025175135884,627.92362187759,656.0025175135884,7248079
2025-07-25,612.1199340820312,626.134570485721,598.0556733137842,621.2145392021436,16922561
2025-07-28,629.6133422851562,634.9805992520713,607.3489899813827,612.1199052849115,11583112
2025-07-29,634.483642578125,639.4533587749161,622.7551244867942,628.1721272743927,6858651
2025-07-30,628.9672241210938,634.4835965663973,622.3077927672288,631.153911222203,6024759
2025-07-31,627.029052734375,635.5770007801791,619.2763077927235,621.2145091945063,6481051
2025-08-01,610.4799194335938,628.1720960825705,608.5417180799902,626.1842097025625,3528632
2025-08-04,621.1151123046875,623.0035679317626,612.1696237587657,612.1696237587657,2955463
2025-08-05,626.2835693359375,629.3648295729741,617.3878264657812,626.6811708715154,3996694
2025-08-06,626.7805786132812,635.924868492161,618.6302926331194,630.1600098724805,4763826
2025-08-07,623.5502319335938,625.9854048663856,614.5550582555662,623.053260341819,3482599
2025-08-08,605.95751953125,623.0532946986258,604.2678038929449,619.5248083355505,5493423
2025-08-11,613.8593139648438,619.723603282142,605.4605422121693,606.7526562767746,3348109
2025-08-12,608.19384765625,615.2508198699899,607.2992745404908,612.2689903714277,2787285
2025-08-13,615.4993286132812,617.5865850739173,606.6532098381545,608.3429254167771,5325700
2025-08-14,612.71630859375,619.1272544800639,607.7962775337659,610.5793064098189,4279172
2025-08-18,623.0036010742188,633.6388057110133,621.6618019871404,623.2024018522437,5265058
2025-08-19,622.5563354492188,626.7309092663652,611.3744737955134,622.2084795750741,4765094
2025-08-20,612.5671997070312,621.1648329013706,609.5853700209686,619.5744873361823,5710611
2025-08-21,616.0460205078125,618.2327078132388,612.0702474672129,614.2569347726392,3993795
2025-08-22,612.1199340820312,618.2327094139732,608.8399334481404,616.0460221028852,3496256
2025-08-25,617.089599609375,620.021744126191,612.666600986653,616.2447721717821,6850166
2025-08-26,591.0980224609375,616.6920593971103,589.5076769704714,616.1454027801127,18048586
2025-08-28,568.1876831054688,584.3889459467102,566.5476524768432,573.2567694140689,20025147
2025-08-29,576.7355346679688,585.0846817109128,563.0688158369742,567.044588587809,12236788
2025-09-01,585.0349731445312,586.6253187450726,575.0955406367038,576.4870854539923,3886326
2025-09-02,581.0592041015625,592.7877830731194,578.7234617124966,586.4265219585625,4136915
2025-09-03,582.7489013671875,585.3331901545034,576.4870711754468,581.4567873062696,6612194
2025-09-04,582.251953125,592.390186571911,580.3634973187751,592.390186571911,5054056
2025-09-05,588.911376953125,592.3901783359705,582.0531442464655,585.4325755702796,4166734
2025-09-08,593.1356201171875,600.341708505708,589.2592172695844,592.3901626976854,2968301
2025-09-09,591.396240234375,595.322328248019,587.2713514354549,594.3780700170694,3947645
2025-09-10,601.1368408203125,603.1247272388092,593.0859250915925,594.9743807898768,4708224
2025-09-11,616.2944946289062,619.127269265872,599.14897371665,601.1368601992303,8412580
2025-09-12,629.0169677734375,629.8618559436578,615.4993637047344,619.4254517145101,10816255
2025-09-15,619.8726806640625,627.7744803131341,616.4435646031669,626.9793379122467,3643666
2025-09-16,614.3562622070312,624.5939256086486,610.3804894422798,619.8726954505063,4759255
2025-09-17,619.47509765625,622.208441448556,614.0084100716381,616.2447822653429,4633747
2025-09-18,623.10302734375,627.1781702694835,616.2447948765131,616.2447948765131,4675034
2025-09-19,629.3648681640625,633.4400111589678,623.3017780348486,626.1842376808415,6415748
2025-09-22,624.0472412109375,634.135789399393,621.6618138256516,634.135789399393,2712596
2025-09-23,624.991455078125,630.5575732464678,620.7175115671233,624.1963126727837,3586451
2025-09-24,621.3636474609375,626.1842479607922,616.5429862956012,624.3951622425719,2129098
2025-09-25,608.989013671875,622.2084461617036,607.1004973166943,621.3636187038736,4280161
2025-09-26,602.3792724609375,613.6605643344307,600.0932152027847,606.3053602876996,3958021
2025-09-29,608.0944213867188,611.772023261598,599.4968493356185,605.2120225829851,4098133
2025-09-30,612.368408203125,616.940583523626,607.4484376789881,608.0944643881315,5882401
2025-10-01,644.77099609375,646.0134251517903,612.3187248315418,612.3187248315418,15107673
2025-10-03,641.8884887695312,646.0630622277909,632.1478578105769,641.0933463645001,7200543
2025-10-06,667.3831787109375,671.4086365676254,642.5842835543594,642.5842835543594,10343487
2025-10-07,662.7613525390625,668.9238128739696,659.4813519195823,666.1407838836676,3729360
2025-10-08,662.8607788085938,669.2219792200281,657.9904326091911,657.9904326091911,2870458
2025-10-09,664.9976806640625,667.9298252143939,656.002506906994,662.8607391999402,2274108
2025-10-10,661.0219116210938,667.3334873269579,658.9843401985228,664.9479993858397,2480723
2025-10-13,668.0789794921875,670.1165510207936,654.7601156812083,656.0025447432218,2469940
2025-10-14,670.364990234375,676.8256209077508,662.9601014064103,670.9613318764957,4731724
2025-10-15,673.0486450195312,678.2668466867468,668.4764700165895,671.4086145150727,4687947
2025-10-16,668.4268188476562,679.6086801294944,658.2389007908704,672.7504476104416,5309779
2025-10-17,671.4086303710938,675.5335189097352,666.0413128347263,668.1286299501929,3516617
2025-10-20,689.7468872070312,694.4184323221104,673.9928512833958,674.2910827720748,6170486
2025-10-21,691.0390014648438,693.2753736378692,686.1189705510924,691.2874872618465,674998
2025-10-23,705.351806640625,713.4027221859367,691.0390004873179,691.0390004873179,8911040
2025-10-24,711.11669921875,718.968814371599,706.7433247209876,706.7433247209876,6036751
2025-10-27,715.2415161132812,725.876720689485,713.8997170338473,716.6330608860479,8133230
2025-10-28,719.3167114257812,722.4475961302275,705.948163151347,715.1421378210407,7071903
2025-10-29,733.9773559570312,737.4064720730539,713.0548640783536,719.3166940010382,10246214
2025-10-30,733.778564453125,743.3203948686133,728.7094784196739,734.0270502521271,6357608
2025-10-31,744.3640747070312,765.1374508517607,722.5966947129,729.0076403823067,18363853
2025-11-03,791.6260986328125,795.055214913594,753.9059408751772,758.1798846362976,26222030
2025-11-04,791.67578125,809.2189034936717,787.4515225302102,787.6503233089435,8543137
2025-11-06,787.7000122070312,795.7509281286964,780.2454379590152,787.799382264146,10930939
2025-11-07,816.3499755859375,820.0,780.7999877929688,792.5,9765252
2025-11-10,821.0999755859375,830.7000122070312,816.6500244140625,822.0,8623863
2025-11-11,832.2999877929688,833.2999877929688,804.0499877929688,821.0999755859375,7336169
2025-11-12,822.5,838.6500244140625,821.4000244140625,832.2999877929688,4239741
2025-11-13,814.0,826.3499755859375,809.75,826.0,6048569
2025-11-14,809.2999877929688,817.9500122070312,803.9000244140625,809.5,5672058
2025-11-17,817.9000244140625,828.3499755859375,808.5999755859375,809.0,7386312
2025-11-18,820.2000122070312,827.7000122070312,810.0,820.0,6684086
2025-11-19,818.0499877929688,826.7000122070312,815.7999877929688,824.1500244140625,3711577
2025-11-20,826.5999755859375,828.7000122070312,816.5,822.0,3187958
2025-11-21,823.2999877929688,832.0,810.5999755859375,825.0,3831244
2025-11-24,828.2000122070312,839.5,821.0999755859375,825.0,8140579
2025-11-25,838.25,841.8499755859375,827.2000122070312,828.2000122070312,5418151
2025-11-26,856.5999755859375,858.8499755859375,838.2999877929688,841.9500122070312,7052927
2025-11-27,867.6500244140625,869.5,857.25,860.0,6752154
2025-11-28,851.6500244140625,872.0,848.75,870.0499877929688,8198342
2025-12-01,851.5499877929688,865.0,849.4500122070312,857.8499755859375,6330770
2025-12-02,843.4000244140625,855.9500122070312,840.7999877929688,855.75,5587375
2025-12-03,828.0999755859375,846.4500122070312,818.9500122070312,843.4000244140625,9931005
2025-12-04,828.1500244140625,836.0,821.0,830.4500122070312,11436899
2025-12-05,854.9000244140625,857.0,828.1500244140625,828.1500244140625,12137708
2025-12-08,834.25,858.8499755859375,831.0,858.5,4117973
2025-12-09,846.7000122070312,849.0,817.7999877929688,830.0,5737027
2025-12-10,837.25,855.7999877929688,833.2999877929688,846.0,3699625
2025-12-11,847.1500244140625,850.5999755859375,835.7000122070312,841.7999877929688,4213992
2025-12-12,848.0,854.75,841.5,852.0,6036788
2025-12-15,855.3499755859375,870.5999755859375,845.8499755859375,852.0,7193809
2025-12-16,848.4000244140625,856.6500244140625,843.0,855.3499755859375,5171831
2025-12-17,864.2000122070312,875.4500122070312,855.0,856.0,11621162
2025-12-18,869.4500122070312,876.9000244140625,861.7999877929688,868.5,12481529
2025-12-19,901.7000122070312,913.5,850.5,869.0,35297309
2025-12-22,934.8499755859375,949.7999877929688,915.0,919.0,31894463
2025-12-23,957.7999877929688,959.9500122070312,931.7000122070312,938.7000122070312,14632455
2025-12-24,973.7000122070312,983.7000122070312,958.0,958.0,10574513
2025-12-26,960.25,978.75,956.7000122070312,976.5499877929688,4739099
2025-12-29,955.5,966.0,949.2000122070312,963.0,4897735
2025-12-30,979.4000244140625,984.5999755859375,960.9500122070312,960.9500122070312,17757531
2025-12-31,996.2000122070312,1000.2000122070312,979.4000244140625,983.0,9795995
2026-01-01,1019.7000122070312,1025.5999755859375,996.0,996.2000122070312,4289057
2026-01-02,1010.3499755859375,1025.0,1007.2000122070312,1024.75,5264026
2026-01-05,1003.3499755859375,1014.7999877929688,994.6500244140625,1013.5,4603571
2026-01-06,1002.6500244140625,1011.75,992.4500122070312,1002.5,4352915
2026-01-07,995.8499755859375,1003.0999755859375,990.25,996.0499877929688,4191098
2026-01-08,992.9000244140625,1002.5499877929688,981.0999755859375,1001.4000244140625,3804564
2026-01-09,975.4000244140625,993.2000122070312,961.0,987.0,6949168
2026-01-12,972.7999877929688,985.6500244140625,962.4500122070312,979.0,5510203
2026-01-13,979.0499877929688,987.6500244140625,969.2000122070312,975.0,3860197
2026-01-14,981.0999755859375,990.5,970.4000244140625,980.0,3846614
2026-01-15,981.0999755859375,981.0999755859375,981.0999755859375,981.0999755859375,0
2026-01-16,995.4500122070312,1022.0,981.0,981.0,13316550
2026-01-19,1010.3499755859375,1014.5,991.2000122070312,1002.0,4908985
2026-01-20,987.5,1008.0499877929688,983.0,1005.0,6129218
2026-01-21,986.0,997.5,972.5499877929688,982.5499877929688,7042588
2026-01-22,1005.5,1009.7000122070312,986.0999755859375,995.0499877929688,7210572
2026-01-23,1003.5499877929688,1020.8499755859375,973.6500244140625,1010.0,9023942
2026-01-27,1001.0499877929688,1019.9500122070312,984.2000122070312,1011.2000122070312,7984660
2026-01-28,1018.7999877929688,1020.7000122070312,999.5,1002.0,5587231
2026-01-29,1022.7999877929688,1028.4000244140625,1006.1500244140625,1022.4000244140625,6653822
2026-01-30,1020.0,1029.300048828125,1010.1500244140625,1025.0,6464610
2026-02-02,962.0999755859375,992.7000122070312,939.0,990.2000122070312,13566710
2026-02-03,1000.4000244140625,1041.5,997.2000122070312,1013.0,9880727
2026-02-04,998.7999877929688,1011.2000122070312,995.5,1010.4000244140625,4402517
2026-02-05,992.0,998.0,972.4000244140625,995.5,5775866
2026-02-06,1002.5,1005.0,972.9000244140625,994.0,3270421
2026-02-09,1062.699951171875,1067.800048828125,1003.4000244140625,1005.0,8667620
2026-02-10,1048.5999755859375,1066.800048828125,1036.5,1064.9000244140625,4345362
2026-02-11,1056.800048828125,1059.300048828125,1041.5,1053.0,4898578
2026-02-12,1082.800048828125,1087.0999755859375,1049.699951171875,1053.5,8462756
2026-02-13,1065.800048828125,1086.0,1060.0,1081.800048828125,4555743
2026-02-16,1085.4000244140625,1088.300048828125,1052.800048828125,1065.800048828125,5096496
2026-02-17,1075.0,1081.9000244140625,1060.0,1080.0,2832145
2026-02-18,1076.199951171875,1087.0999755859375,1072.0999755859375,1076.199951171875,2470593
2026-02-19,1054.699951171875,1078.0,1048.0999755859375,1078.0,2576169
2026-02-20,1059.300048828125,1066.0,1044.5999755859375,1056.800048828125,2295049
2026-02-23,1064.699951171875,1077.5,1056.9000244140625,1072.800048828125,2423932
2026-02-24,1061.699951171875,1066.0,1050.199951171875,1064.699951171875,2464507
2026-02-25,1085.9000244140625,1095.0,1055.800048828125,1065.0,3115583
2026-02-26,1104.5999755859375,1108.0,1085.0999755859375,1089.0,5231414
2026-02-27,1079.4000244140625,1103.9000244140625,1073.300048828125,1099.0,5601117
2026-03-02,1052.5,1071.0,1038.0,1044.0,6717872
2026-03-04,1010.0,1042.5,987.4000244140625,1042.300048828125,9200897
2026-03-05,1039.5,1046.4000244140625,1018.2999877929688,1022.2999877929688,5051614
2026-03-06,1007.5,1052.0,1000.0,1043.9000244140625,8166542
