Date,Open,High,Low,Close,Volume
2021-02-23 00:00:00+05:30,585.0,601.0,584.2999877929688,597.0499877929688,2343076
2021-02-24 00:00:00+05:30,603.3499755859375,605.0,585.0,599.9500122070312,1181173
2021-02-25 00:00:00+05:30,602.0,609.7000122070312,592.8499755859375,596.0999755859375,2113293
2021-02-26 00:00:00+05:30,590.4000244140625,598.0,587.5499877929688,594.75,2088159
2021-03-01 00:00:00+05:30,610.0,620.8499755859375,595.5999755859375,616.5499877929688,5284375
2021-03-02 00:00:00+05:30,620.0,634.9000244140625,609.0,632.4000244140625,2775784
2021-03-03 00:00:00+05:30,632.6500244140625,635.7000122070312,623.0,626.7000122070312,2198525
2021-03-04 00:00:00+05:30,621.75,634.5999755859375,615.9000244140625,618.2999877929688,1548477
2021-03-05 00:00:00+05:30,613.0,628.5999755859375,612.7000122070312,618.9500122070312,2112801
2021-03-08 00:00:00+05:30,620.7999877929688,626.2000122070312,599.25,601.4000244140625,3408853
2021-03-09 00:00:00+05:30,607.0,610.0,595.0,597.7999877929688,1766755
2021-03-10 00:00:00+05:30,602.5499877929688,617.6500244140625,599.5999755859375,603.1500244140625,2342196
2021-03-12 00:00:00+05:30,609.0,609.0,580.5,584.2000122070312,1975870
2021-03-15 00:00:00+05:30,587.5999755859375,594.0,581.0,592.3499755859375,1440746
2021-03-16 00:00:00+05:30,596.0,598.5,587.0,594.2999877929688,1378743
2021-03-17 00:00:00+05:30,594.0,594.0,573.3499755859375,577.7000122070312,1292779
2021-03-18 00:00:00+05:30,582.0,586.9500122070312,565.0,571.0,1285083
2021-03-19 00:00:00+05:30,563.0,590.0999755859375,561.4500122070312,584.0499877929688,2357434
2021-03-22 00:00:00+05:30,585.7999877929688,590.4000244140625,576.0,580.2000122070312,1537729
2021-03-23 00:00:00+05:30,580.0,586.3499755859375,575.25,579.0499877929688,1240534
2021-03-24 00:00:00+05:30,576.4000244140625,579.8499755859375,562.0999755859375,566.7000122070312,1340156
2021-03-25 00:00:00+05:30,569.7000122070312,569.7000122070312,541.1500244140625,558.25,1982891
2021-03-26 00:00:00+05:30,562.0999755859375,573.5999755859375,559.0499877929688,570.6500244140625,801258
2021-03-30 00:00:00+05:30,578.0,581.8499755859375,563.7000122070312,575.2000122070312,2100267
2021-03-31 00:00:00+05:30,578.7000122070312,589.0,572.0999755859375,585.0499877929688,1575132
2021-04-01 00:00:00+05:30,592.7999877929688,593.0,582.25,589.2000122070312,1284339
2021-04-05 00:00:00+05:30,590.5999755859375,593.0499877929688,568.5,584.25,1782479
2021-04-06 00:00:00+05:30,589.0,590.5,568.0,570.7999877929688,1462689
2021-04-07 00:00:00+05:30,572.0499877929688,579.0,567.0499877929688,569.2000122070312,1971063
2021-04-08 00:00:00+05:30,574.4500122070312,574.4500122070312,562.1500244140625,564.0999755859375,1133942
2021-04-09 00:00:00+05:30,561.25,571.25,557.5,568.0,1638045
2021-04-12 00:00:00+05:30,559.7999877929688,559.7999877929688,532.7000122070312,538.9000244140625,1066608
2021-04-13 00:00:00+05:30,541.0,549.7999877929688,533.7999877929688,547.9500122070312,1372141
2021-04-15 00:00:00+05:30,546.2000122070312,552.25,532.1500244140625,542.5999755859375,980528
2021-04-16 00:00:00+05:30,540.0,559.4000244140625,537.0,551.0499877929688,1867109
2021-04-19 00:00:00+05:30,542.2000122070312,542.2000122070312,527.7999877929688,539.2000122070312,1029456
2021-04-20 00:00:00+05:30,544.0,547.5499877929688,532.7999877929688,536.9500122070312,1292480
2021-04-22 00:00:00+05:30,528.1500244140625,536.3499755859375,523.6500244140625,533.8499755859375,1465204
2021-04-23 00:00:00+05:30,533.0,538.0,528.0,532.7999877929688,1411440
2021-04-26 00:00:00+05:30,533.0,555.0999755859375,530.25,552.7000122070312,2031184
2021-04-27 00:00:00+05:30,552.0,571.5499877929688,546.2999877929688,566.2999877929688,2743217
2021-04-28 00:00:00+05:30,605.0,664.0,597.0,645.7999877929688,39663387
2021-04-29 00:00:00+05:30,652.0,652.25,631.0,633.75,7575455
2021-04-30 00:00:00+05:30,628.0,640.0,622.0499877929688,630.9000244140625,3096434
2021-05-03 00:00:00+05:30,618.0,637.3499755859375,613.7000122070312,616.0999755859375,3974544
2021-05-04 00:00:00+05:30,623.25,623.25,606.8499755859375,608.5,2206509
2021-05-05 00:00:00+05:30,610.0,617.7999877929688,602.5999755859375,603.8499755859375,1664630
2021-05-06 00:00:00+05:30,604.4500122070312,630.2999877929688,604.0,625.8499755859375,4754587
2021-05-07 00:00:00+05:30,632.0,632.0,613.4000244140625,618.1500244140625,1724619
2021-05-10 00:00:00+05:30,624.0,624.6500244140625,610.0499877929688,611.5499877929688,1429005
2021-05-11 00:00:00+05:30,610.9500122070312,629.7000122070312,605.5,624.2999877929688,2354770
2021-05-12 00:00:00+05:30,629.2999877929688,629.2999877929688,611.0,614.2000122070312,1330572
2021-05-14 00:00:00+05:30,618.0,619.9000244140625,600.0,602.5999755859375,850697
2021-05-17 00:00:00+05:30,608.0,631.2000122070312,595.0,619.9500122070312,3724394
2021-05-18 00:00:00+05:30,622.5,645.0,617.7999877929688,640.4500122070312,4020797
2021-05-19 00:00:00+05:30,638.0,650.0,633.2000122070312,637.7000122070312,2664926
2021-05-20 00:00:00+05:30,634.9000244140625,644.9000244140625,626.2999877929688,627.9000244140625,1230302
2021-05-21 00:00:00+05:30,629.9500122070312,635.7999877929688,623.4500122070312,625.0,1073140
2021-05-24 00:00:00+05:30,628.4500122070312,636.9000244140625,618.75,621.0499877929688,1806155
2021-05-25 00:00:00+05:30,628.4500122070312,642.0,624.0499877929688,633.9000244140625,3680651
2021-05-26 00:00:00+05:30,638.0,660.0499877929688,630.9000244140625,651.4500122070312,4272201
2021-05-27 00:00:00+05:30,655.0,666.0,644.9000244140625,650.3499755859375,4517344
2021-05-28 00:00:00+05:30,650.0,655.0999755859375,614.5,619.7000122070312,4857631
2021-05-31 00:00:00+05:30,624.0999755859375,629.0,613.4500122070312,615.2000122070312,2432413
2021-06-01 00:00:00+05:30,619.4500122070312,627.9500122070312,610.25,612.7000122070312,2654612
2021-06-02 00:00:00+05:30,609.9500122070312,619.5,607.2999877929688,616.6500244140625,1687313
2021-06-03 00:00:00+05:30,619.0,628.0,615.0999755859375,624.9000244140625,2252658
2021-06-04 00:00:00+05:30,625.0,630.8499755859375,620.2000122070312,623.4000244140625,2035626
2021-06-07 00:00:00+05:30,645.0,662.8499755859375,630.5999755859375,648.7999877929688,6743832
2021-06-08 00:00:00+05:30,648.7999877929688,652.4500122070312,636.6500244140625,647.0999755859375,1390321
2021-06-09 00:00:00+05:30,648.0,651.0,628.5,634.5,2266356
2021-06-10 00:00:00+05:30,637.3499755859375,641.9000244140625,633.0,637.8499755859375,802033
2021-06-11 00:00:00+05:30,644.0,644.0,632.1500244140625,636.5,726583
2021-06-14 00:00:00+05:30,635.7999877929688,638.9000244140625,616.5,629.4000244140625,1098798
2021-06-15 00:00:00+05:30,630.9000244140625,635.0,626.75,629.5,998942
2021-06-16 00:00:00+05:30,628.5,632.7000122070312,620.2000122070312,622.3499755859375,768101
2021-06-17 00:00:00+05:30,619.9000244140625,622.3499755859375,605.4500122070312,610.7000122070312,1120821
2021-06-18 00:00:00+05:30,614.9000244140625,615.0,592.9000244140625,610.4000244140625,2217548
2021-06-21 00:00:00+05:30,608.0,623.8499755859375,603.0,616.75,1519504
2021-06-22 00:00:00+05:30,622.4500122070312,628.1500244140625,615.2000122070312,617.6500244140625,1713686
2021-06-23 00:00:00+05:30,622.7999877929688,628.0,617.4500122070312,619.5499877929688,1351230
2021-06-24 00:00:00+05:30,620.0,621.8499755859375,610.4500122070312,614.6500244140625,999657
2021-06-25 00:00:00+05:30,615.0,626.8499755859375,615.0,622.3499755859375,814313
2021-06-28 00:00:00+05:30,626.4500122070312,630.75,619.0,621.5499877929688,684351
2021-06-29 00:00:00+05:30,623.9000244140625,624.6500244140625,611.0,612.2999877929688,560987
2021-06-30 00:00:00+05:30,617.5,622.2999877929688,612.5499877929688,620.5,1514826
2021-07-01 00:00:00+05:30,625.0,637.0,620.9000244140625,624.2999877929688,3533434
2021-07-02 00:00:00+05:30,625.4500122070312,628.75,608.2000122070312,612.0,2301039
2021-07-05 00:00:00+05:30,617.9000244140625,617.9000244140625,609.0999755859375,611.3499755859375,1711592
2021-07-06 00:00:00+05:30,612.0,619.0,607.0,608.25,1106888
2021-07-07 00:00:00+05:30,612.0,612.0,601.6500244140625,604.3499755859375,1209816
2021-07-08 00:00:00+05:30,603.0,611.2000122070312,596.0,598.9000244140625,1249216
2021-07-09 00:00:00+05:30,601.75,601.9000244140625,593.25,599.7000122070312,1568512
2021-07-12 00:00:00+05:30,602.9500122070312,607.9000244140625,598.7000122070312,600.6500244140625,1347493
2021-07-13 00:00:00+05:30,604.5999755859375,611.0,599.6500244140625,610.0,2005083
2021-07-14 00:00:00+05:30,612.0,613.9500122070312,606.0,613.0999755859375,1252814
2021-07-15 00:00:00+05:30,616.9500122070312,616.9500122070312,606.5,609.2999877929688,1115932
2021-07-16 00:00:00+05:30,611.4500122070312,615.4000244140625,607.2999877929688,611.6500244140625,1218379
2021-07-19 00:00:00+05:30,609.7999877929688,609.7999877929688,593.0,601.4000244140625,2316952
2021-07-20 00:00:00+05:30,603.5,603.5,581.9000244140625,583.0499877929688,1729971
2021-07-22 00:00:00+05:30,582.0,589.0499877929688,577.7000122070312,581.2999877929688,2264989
2021-07-23 00:00:00+05:30,583.5,584.75,574.5,582.3499755859375,1447539
2021-07-26 00:00:00+05:30,585.5999755859375,588.5,581.2999877929688,584.8499755859375,729372
2021-07-27 00:00:00+05:30,586.0,595.9000244140625,579.6500244140625,581.0499877929688,1280032
2021-07-28 00:00:00+05:30,584.0,584.0,572.0,575.6500244140625,1004507
2021-07-29 00:00:00+05:30,577.5499877929688,581.5,558.2999877929688,561.8499755859375,2236686
2021-07-30 00:00:00+05:30,564.0499877929688,605.0,564.0499877929688,579.2999877929688,9883338
2021-08-02 00:00:00+05:30,585.0,586.8499755859375,570.2000122070312,572.2000122070312,2139088
2021-08-03 00:00:00+05:30,574.0,574.0,566.2999877929688,571.7999877929688,1797756
2021-08-04 00:00:00+05:30,575.0,579.9000244140625,566.5999755859375,568.7000122070312,1226478
2021-08-05 00:00:00+05:30,572.2000122070312,572.25,564.0,567.5499877929688,489849
2021-08-06 00:00:00+05:30,569.5499877929688,578.9000244140625,567.7000122070312,569.9500122070312,1609275
2021-08-09 00:00:00+05:30,571.0,575.2000122070312,562.25,565.8499755859375,675406
2021-08-10 00:00:00+05:30,567.0,571.0,551.5,555.7999877929688,1311127
2021-08-11 00:00:00+05:30,557.5999755859375,562.5,544.0499877929688,560.8499755859375,1737537
2021-08-12 00:00:00+05:30,561.0,565.3499755859375,551.0999755859375,552.0,1066784
2021-08-13 00:00:00+05:30,554.0,556.9000244140625,547.5,553.3499755859375,1898186
2021-08-16 00:00:00+05:30,547.5,552.8499755859375,503.5,538.25,3196518
2021-08-17 00:00:00+05:30,540.25,541.7000122070312,523.5999755859375,529.7999877929688,1687108
2021-08-18 00:00:00+05:30,529.0,530.1500244140625,521.0,525.0,2265646
2021-08-20 00:00:00+05:30,523.0,524.5,509.0,510.5,1591038
2021-08-23 00:00:00+05:30,514.2000122070312,515.25,500.0,501.29998779296875,1343003
2021-08-24 00:00:00+05:30,503.0,510.1499938964844,495.0,508.04998779296875,1716068
2021-08-25 00:00:00+05:30,508.04998779296875,524.3499755859375,508.04998779296875,519.25,2806811
2021-08-26 00:00:00+05:30,521.2000122070312,522.75,506.5,509.20001220703125,1187899
2021-08-27 00:00:00+05:30,510.6000061035156,513.5,506.3999938964844,511.1000061035156,1162494
2021-08-30 00:00:00+05:30,513.0,523.25,505.04998779296875,519.7999877929688,1986619
2021-08-31 00:00:00+05:30,537.0,537.0,518.2000122070312,525.1500244140625,4309112
2021-09-01 00:00:00+05:30,529.0,533.9000244140625,523.0999755859375,529.8499755859375,1619926
2021-09-02 00:00:00+05:30,533.0,533.7999877929688,525.25,530.1500244140625,1142560
2021-09-03 00:00:00+05:30,530.7999877929688,545.75,529.5,540.4000244140625,2265705
2021-09-06 00:00:00+05:30,545.5999755859375,549.8499755859375,539.5499877929688,546.4500122070312,1460001
2021-09-07 00:00:00+05:30,548.0,558.2000122070312,541.5999755859375,553.7999877929688,1930617
2021-09-08 00:00:00+05:30,559.0,559.0,544.0,546.5999755859375,1941273
2021-09-09 00:00:00+05:30,544.7999877929688,548.0999755859375,538.5999755859375,544.75,1421480
2021-09-13 00:00:00+05:30,538.5999755859375,546.7000122070312,538.5999755859375,545.6500244140625,773914
2021-09-14 00:00:00+05:30,546.5,550.9000244140625,544.2999877929688,549.9500122070312,1274163
2021-09-15 00:00:00+05:30,550.0,554.75,545.2999877929688,548.3499755859375,866324
2021-09-16 00:00:00+05:30,550.0,554.0,543.7000122070312,544.7000122070312,1160127
2021-09-17 00:00:00+05:30,549.0,560.9500122070312,541.5,547.0999755859375,3038827
2021-09-20 00:00:00+05:30,544.7999877929688,549.75,535.1500244140625,545.4000244140625,1363420
2021-09-21 00:00:00+05:30,545.4000244140625,547.6500244140625,520.0,533.1500244140625,2119176
2021-09-22 00:00:00+05:30,535.0999755859375,541.0,531.0,540.0999755859375,789554
2021-09-23 00:00:00+05:30,543.0,544.9000244140625,537.4000244140625,539.7000122070312,1058373
2021-09-24 00:00:00+05:30,541.7000122070312,543.5499877929688,533.0499877929688,537.2000122070312,1374432
2021-09-27 00:00:00+05:30,539.5,557.0,538.0,555.2000122070312,2327317
2021-09-28 00:00:00+05:30,560.0499877929688,561.9500122070312,544.0499877929688,555.5999755859375,1555165
2021-09-29 00:00:00+05:30,550.2000122070312,557.3499755859375,543.0499877929688,550.75,966528
2021-09-30 00:00:00+05:30,550.0,558.75,548.2000122070312,549.4500122070312,1339499
2021-10-01 00:00:00+05:30,550.9000244140625,569.75,544.9500122070312,563.9500122070312,3518568
2021-10-04 00:00:00+05:30,574.0,575.0,557.7000122070312,560.5,2842764
2021-10-05 00:00:00+05:30,559.0,569.0,554.3499755859375,562.0,1910687
2021-10-06 00:00:00+05:30,565.5,566.0,540.0499877929688,544.0,2025110
2021-10-07 00:00:00+05:30,547.7999877929688,563.2000122070312,544.2000122070312,557.75,2873448
2021-10-08 00:00:00+05:30,568.0,568.75,555.0499877929688,559.75,1781059
2021-10-11 00:00:00+05:30,561.0,566.9000244140625,556.4000244140625,559.0499877929688,1680108
2021-10-12 00:00:00+05:30,559.0,580.0,558.5499877929688,573.8499755859375,4445077
2021-10-13 00:00:00+05:30,579.0499877929688,586.5999755859375,574.0,577.2000122070312,1587573
2021-10-14 00:00:00+05:30,579.0499877929688,588.7000122070312,571.0499877929688,583.7999877929688,2413386
2021-10-18 00:00:00+05:30,583.7999877929688,590.9000244140625,573.9000244140625,585.9000244140625,2022170
2021-10-19 00:00:00+05:30,592.0,598.7999877929688,577.2000122070312,583.25,2398150
2021-10-20 00:00:00+05:30,581.0,590.7999877929688,570.8499755859375,579.2999877929688,1094973
2021-10-21 00:00:00+05:30,582.9000244140625,588.25,566.0,577.0499877929688,1429062
2021-10-22 00:00:00+05:30,614.0,632.8499755859375,598.9500122070312,619.7999877929688,18455677
2021-10-25 00:00:00+05:30,619.0,620.0,592.0499877929688,599.5,2875675
2021-10-26 00:00:00+05:30,603.7999877929688,629.3499755859375,600.0,625.9000244140625,2525727
2021-10-27 00:00:00+05:30,627.7999877929688,628.7999877929688,620.7000122070312,625.8499755859375,1380261
2021-10-28 00:00:00+05:30,624.7999877929688,656.5,622.2999877929688,651.9500122070312,7408494
2021-10-29 00:00:00+05:30,653.0,681.7000122070312,638.25,662.5499877929688,6069828
2021-11-01 00:00:00+05:30,662.5499877929688,678.7000122070312,655.0999755859375,671.2999877929688,3395775
2021-11-02 00:00:00+05:30,677.0499877929688,706.7999877929688,677.0,698.0,6921074
2021-11-03 00:00:00+05:30,700.0,715.0,695.9500122070312,706.5499877929688,3662182
2021-11-04 00:00:00+05:30,712.0,713.9000244140625,705.0,708.75,273871
2021-11-08 00:00:00+05:30,709.0,719.5,705.5999755859375,712.25,1531643
2021-11-09 00:00:00+05:30,755.0,813.9500122070312,726.7000122070312,731.4500122070312,25844281
2021-11-10 00:00:00+05:30,731.4500122070312,756.8499755859375,721.6500244140625,753.5,3682913
2021-11-11 00:00:00+05:30,751.0,765.7999877929688,743.0499877929688,747.0499877929688,3344306
2021-11-12 00:00:00+05:30,752.0,752.0,718.7999877929688,729.0499877929688,4094224
2021-11-15 00:00:00+05:30,732.5,744.0,730.8499755859375,736.1500244140625,2138789
2021-11-16 00:00:00+05:30,740.0,750.75,733.4000244140625,738.0999755859375,2419607
2021-11-17 00:00:00+05:30,738.0,749.25,736.25,739.7000122070312,1754996
2021-11-18 00:00:00+05:30,741.0,742.0,719.5,723.8499755859375,1834193
2021-11-22 00:00:00+05:30,723.8499755859375,731.25,705.0,709.8499755859375,1714646
2021-11-23 00:00:00+05:30,696.1500244140625,720.0,696.1500244140625,712.75,1642526
2021-11-24 00:00:00+05:30,733.7000122070312,733.7000122070312,700.2999877929688,702.1500244140625,2966210
2021-11-25 00:00:00+05:30,702.0,713.0,699.3499755859375,701.5,2020161
2021-11-26 00:00:00+05:30,699.7999877929688,699.9000244140625,675.0,676.7999877929688,1323904
2021-11-29 00:00:00+05:30,674.2999877929688,694.5499877929688,654.0,684.2999877929688,1687675
2021-11-30 00:00:00+05:30,685.0,694.75,674.1500244140625,686.5,6521283
2021-12-01 00:00:00+05:30,689.7999877929688,698.0,675.5,678.2000122070312,1802639
2021-12-02 00:00:00+05:30,676.0,683.0,669.25,680.25,1032008
2021-12-03 00:00:00+05:30,678.0,685.7000122070312,669.7000122070312,672.2999877929688,784522
2021-12-06 00:00:00+05:30,671.5,673.5999755859375,658.5499877929688,661.1500244140625,1068384
2021-12-07 00:00:00+05:30,663.25,677.0,663.25,666.25,644440
2021-12-08 00:00:00+05:30,674.4500122070312,684.5499877929688,663.7000122070312,682.5499877929688,879154
2021-12-09 00:00:00+05:30,685.0,685.9500122070312,674.0,684.6500244140625,871861
2021-12-10 00:00:00+05:30,685.0,691.0,678.5499877929688,682.25,1066005
2021-12-13 00:00:00+05:30,684.0,691.9000244140625,673.0999755859375,675.2999877929688,780239
2021-12-14 00:00:00+05:30,676.6500244140625,676.6500244140625,657.7999877929688,660.1500244140625,1294853
2021-12-15 00:00:00+05:30,663.0,708.7999877929688,662.9000244140625,673.7999877929688,14240307
2021-12-16 00:00:00+05:30,678.5,678.5,633.0499877929688,636.5999755859375,6951407
2021-12-17 00:00:00+05:30,634.0,635.0499877929688,610.0,615.5499877929688,3261223
2021-12-20 00:00:00+05:30,605.0,614.0,590.0,607.0999755859375,2559927
2021-12-21 00:00:00+05:30,608.5,619.2999877929688,607.0999755859375,614.7000122070312,1412370
2021-12-22 00:00:00+05:30,619.0999755859375,624.7000122070312,613.5499877929688,617.25,1160140
2021-12-23 00:00:00+05:30,623.0,623.3499755859375,616.5999755859375,620.3499755859375,504198
2021-12-24 00:00:00+05:30,622.5499877929688,622.7999877929688,606.0,610.5,1040322
2021-12-27 00:00:00+05:30,607.7999877929688,607.7999877929688,600.0,605.6500244140625,868742
2021-12-28 00:00:00+05:30,608.0,614.7000122070312,606.6500244140625,610.5999755859375,713046
2021-12-29 00:00:00+05:30,610.0,624.6500244140625,602.8499755859375,623.25,1165031
2021-12-30 00:00:00+05:30,625.0,626.0,612.75,615.7000122070312,756389
2021-12-31 00:00:00+05:30,615.7000122070312,630.5,615.7000122070312,627.0,728420
2022-01-03 00:00:00+05:30,625.0,632.9500122070312,616.2999877929688,629.25,1188070
2022-01-04 00:00:00+05:30,631.0,635.5499877929688,626.5,630.4500122070312,574936
2022-01-05 00:00:00+05:30,632.7999877929688,644.2000122070312,629.4000244140625,638.7000122070312,1056096
2022-01-06 00:00:00+05:30,635.0,650.0,630.0,648.9000244140625,1042775
2022-01-07 00:00:00+05:30,650.8499755859375,654.0,637.25,641.0499877929688,715951
2022-01-10 00:00:00+05:30,645.0,653.0,642.5,649.7999877929688,771849
2022-01-11 00:00:00+05:30,647.0,652.7999877929688,641.1500244140625,642.7000122070312,389969
2022-01-12 00:00:00+05:30,645.0,658.1500244140625,642.5,654.7999877929688,810304
2022-01-13 00:00:00+05:30,657.4500122070312,663.0499877929688,643.0,660.4500122070312,1892618
2022-01-14 00:00:00+05:30,658.9500122070312,664.1500244140625,652.7000122070312,658.75,697133
2022-01-17 00:00:00+05:30,657.0,670.5999755859375,653.4000244140625,657.4500122070312,1356881
2022-01-18 00:00:00+05:30,660.0,660.7000122070312,640.2000122070312,643.2000122070312,900906
2022-01-19 00:00:00+05:30,640.0,648.9500122070312,631.0499877929688,642.7999877929688,519529
2022-01-20 00:00:00+05:30,639.0,647.6500244140625,629.6500244140625,636.1500244140625,545287
2022-01-21 00:00:00+05:30,630.0499877929688,652.0,627.2999877929688,631.0999755859375,3144751
2022-01-24 00:00:00+05:30,630.5,631.0999755859375,607.4000244140625,612.2000122070312,712987
2022-01-25 00:00:00+05:30,607.0,623.2999877929688,595.0,620.7000122070312,1227614
2022-01-27 00:00:00+05:30,609.0,636.0,600.0,629.8499755859375,2490371
2022-01-28 00:00:00+05:30,640.0,640.0,585.0499877929688,601.9500122070312,6413288
2022-01-31 00:00:00+05:30,608.0,613.5,597.25,606.2999877929688,2066796
2022-02-01 00:00:00+05:30,610.0,629.9000244140625,606.5999755859375,626.25,1547133
2022-02-02 00:00:00+05:30,626.0,640.5,621.5499877929688,626.1500244140625,2011120
2022-02-03 00:00:00+05:30,628.0,663.0,626.3499755859375,657.25,4972594
2022-02-04 00:00:00+05:30,655.0,655.0,643.5,653.0,1376064
2022-02-07 00:00:00+05:30,653.0,653.25,628.5999755859375,636.9500122070312,1305798
2022-02-08 00:00:00+05:30,669.0,669.0,638.5,656.5,10100060
2022-02-09 00:00:00+05:30,654.0,665.8499755859375,648.7999877929688,659.8499755859375,1943723
2022-02-10 00:00:00+05:30,668.0,677.0,665.0,668.4500122070312,3502156
2022-02-11 00:00:00+05:30,659.9000244140625,673.1500244140625,640.5999755859375,660.4500122070312,6277578
2022-02-14 00:00:00+05:30,654.0,668.4000244140625,637.1500244140625,641.7000122070312,2853430
2022-02-15 00:00:00+05:30,645.0999755859375,666.0,630.5499877929688,663.2999877929688,2567801
2022-02-16 00:00:00+05:30,665.0,676.75,657.0,665.0999755859375,2258102
2022-02-17 00:00:00+05:30,665.0,679.4000244140625,663.0999755859375,671.2000122070312,3282622
2022-02-18 00:00:00+05:30,671.0,681.5999755859375,661.8499755859375,663.5,1962790
2022-02-21 00:00:00+05:30,663.5,671.2999877929688,657.0,658.4000244140625,1757845
2022-02-22 00:00:00+05:30,640.0,666.5,638.0,663.5,1225239
2022-02-23 00:00:00+05:30,665.0,671.5499877929688,648.8499755859375,651.4500122070312,1558086
2022-02-24 00:00:00+05:30,637.0,644.9500122070312,615.7999877929688,619.0999755859375,2115554
2022-02-25 00:00:00+05:30,626.7999877929688,637.9000244140625,624.3499755859375,631.9500122070312,2854919
2022-02-28 00:00:00+05:30,625.0,629.9500122070312,610.0,617.5999755859375,1615551
2022-03-02 00:00:00+05:30,610.0,611.9000244140625,596.0,597.9500122070312,3546669
2022-03-03 00:00:00+05:30,610.7000122070312,611.0,583.2000122070312,585.5499877929688,2284162
2022-03-04 00:00:00+05:30,578.5499877929688,578.5499877929688,552.9500122070312,554.75,2215341
2022-03-07 00:00:00+05:30,544.0,544.0,513.0,530.0999755859375,2581507
2022-03-08 00:00:00+05:30,525.0,537.4500122070312,519.4500122070312,535.1500244140625,2002029
2022-03-09 00:00:00+05:30,539.0,558.9500122070312,535.0499877929688,555.4500122070312,1835596
2022-03-10 00:00:00+05:30,575.0,578.2000122070312,559.7000122070312,565.25,2099008
2022-03-11 00:00:00+05:30,565.0,584.0999755859375,557.5499877929688,581.5999755859375,1993394
2022-03-14 00:00:00+05:30,581.5499877929688,593.2999877929688,574.5,592.25,1892847
2022-03-15 00:00:00+05:30,592.25,600.0,586.2000122070312,594.7999877929688,1578493
2022-03-16 00:00:00+05:30,603.0,611.9000244140625,600.5,609.7000122070312,1238848
2022-03-17 00:00:00+05:30,617.9500122070312,623.5,610.0,611.7000122070312,1019241
2022-03-21 00:00:00+05:30,621.5999755859375,621.5999755859375,605.6500244140625,608.7000122070312,780297
2022-03-22 00:00:00+05:30,606.0,614.75,599.5499877929688,612.5499877929688,821505
2022-03-23 00:00:00+05:30,616.0,617.0,607.9500122070312,611.1500244140625,382090
2022-03-24 00:00:00+05:30,613.3499755859375,616.7999877929688,605.2999877929688,608.9500122070312,789555
2022-03-25 00:00:00+05:30,610.5,614.7999877929688,600.4500122070312,603.0,784429
2022-03-28 00:00:00+05:30,605.0,611.0,601.5,607.4000244140625,696633
2022-03-29 00:00:00+05:30,609.0,617.0,608.5499877929688,613.4500122070312,1488760
2022-03-30 00:00:00+05:30,619.0,627.0,616.0,621.7999877929688,1536320
2022-03-31 00:00:00+05:30,623.5,627.8499755859375,617.2000122070312,625.6500244140625,990282
2022-04-01 00:00:00+05:30,621.2999877929688,629.9000244140625,619.0,628.75,1025492
2022-04-04 00:00:00+05:30,634.7000122070312,634.8499755859375,626.7999877929688,633.5999755859375,750972
2022-04-05 00:00:00+05:30,633.6500244140625,642.0499877929688,632.0499877929688,637.0,747815
2022-04-06 00:00:00+05:30,645.3499755859375,650.0,630.0,647.9000244140625,1725636
2022-04-07 00:00:00+05:30,647.5,650.9000244140625,635.4000244140625,637.9500122070312,742601
2022-04-08 00:00:00+05:30,639.9000244140625,656.0,638.4500122070312,653.4000244140625,1370697
2022-04-11 00:00:00+05:30,655.0,661.1500244140625,649.0,650.9500122070312,975863
2022-04-12 00:00:00+05:30,648.0,652.4500122070312,639.5,650.25,1061190
2022-04-13 00:00:00+05:30,656.9500122070312,659.9000244140625,647.8499755859375,650.0499877929688,884084
2022-04-18 00:00:00+05:30,644.0499877929688,664.7000122070312,640.7999877929688,656.0,5207648
2022-04-19 00:00:00+05:30,656.6500244140625,660.0,634.0499877929688,640.5999755859375,690068
2022-04-20 00:00:00+05:30,642.0,657.3499755859375,637.0,651.7000122070312,605933
2022-04-21 00:00:00+05:30,652.5499877929688,663.0,652.0,658.2000122070312,634287
2022-04-22 00:00:00+05:30,650.9000244140625,661.6500244140625,629.0499877929688,645.5999755859375,1266650
2022-04-25 00:00:00+05:30,640.1500244140625,654.1500244140625,637.4000244140625,649.3499755859375,1120487
2022-04-26 00:00:00+05:30,655.0,685.0,653.0999755859375,681.5,7352944
2022-04-27 00:00:00+05:30,679.8499755859375,690.0,672.0,686.5999755859375,2798687
2022-04-28 00:00:00+05:30,689.9500122070312,693.7000122070312,677.8499755859375,681.3499755859375,1424197
2022-04-29 00:00:00+05:30,680.0,686.0,651.1500244140625,654.8499755859375,1769821
2022-05-02 00:00:00+05:30,654.8499755859375,659.7000122070312,643.0499877929688,649.0499877929688,853787
2022-05-04 00:00:00+05:30,649.0,654.5,624.2000122070312,627.5,2056479
2022-05-05 00:00:00+05:30,631.0,648.1500244140625,624.2000122070312,631.0499877929688,1563698
2022-05-06 00:00:00+05:30,620.7999877929688,636.9500122070312,619.2000122070312,629.0499877929688,3963203
2022-05-09 00:00:00+05:30,623.2999877929688,626.4500122070312,607.25,615.4500122070312,981633
2022-05-10 00:00:00+05:30,615.4500122070312,628.0999755859375,611.4000244140625,616.2000122070312,1204286
2022-05-11 00:00:00+05:30,617.0999755859375,623.9000244140625,608.7999877929688,620.1500244140625,1977793
2022-05-12 00:00:00+05:30,615.5,619.0,589.0499877929688,602.25,1947444
2022-05-13 00:00:00+05:30,610.0,641.5,606.0999755859375,634.6500244140625,2489259
2022-05-16 00:00:00+05:30,638.7999877929688,655.5499877929688,632.4000244140625,653.5,1247350
2022-05-17 00:00:00+05:30,655.0,682.2999877929688,653.5499877929688,676.1500244140625,2524634
2022-05-18 00:00:00+05:30,677.2000122070312,693.0,674.25,680.2000122070312,2014804
2022-05-19 00:00:00+05:30,671.1500244140625,689.5999755859375,665.7999877929688,679.0999755859375,2516859
2022-05-20 00:00:00+05:30,693.8499755859375,695.9000244140625,677.6500244140625,684.5499877929688,1957573
2022-05-23 00:00:00+05:30,685.3499755859375,710.0,685.3499755859375,695.9000244140625,2656671
2022-05-24 00:00:00+05:30,694.9500122070312,712.5,692.3499755859375,708.8499755859375,1995805
2022-05-25 00:00:00+05:30,712.0,714.9500122070312,697.1500244140625,702.1500244140625,1126056
2022-05-26 00:00:00+05:30,702.1500244140625,711.9500122070312,693.7999877929688,708.2999877929688,984399
2022-05-27 00:00:00+05:30,717.4000244140625,729.9000244140625,709.0499877929688,723.7000122070312,1809438
2022-05-30 00:00:00+05:30,734.0,742.5,730.0,739.6500244140625,1080849
2022-05-31 00:00:00+05:30,736.9500122070312,749.75,733.0,736.5499877929688,1712518
2022-06-01 00:00:00+05:30,737.0,744.8499755859375,728.0499877929688,737.2000122070312,1950546
2022-06-02 00:00:00+05:30,732.0,740.7000122070312,730.5,738.75,719240
2022-06-03 00:00:00+05:30,743.0,744.1500244140625,728.0999755859375,730.2999877929688,831010
2022-06-06 00:00:00+05:30,729.7999877929688,739.4000244140625,723.25,728.7000122070312,897590
2022-06-07 00:00:00+05:30,724.5,746.2000122070312,716.0499877929688,744.0499877929688,2341860
2022-06-08 00:00:00+05:30,747.0,755.0,736.2000122070312,751.0499877929688,3376027
2022-06-09 00:00:00+05:30,751.0499877929688,766.0,746.2000122070312,764.2000122070312,2206938
2022-06-10 00:00:00+05:30,762.0,766.2000122070312,754.0,763.6500244140625,1330054
2022-06-13 00:00:00+05:30,758.7999877929688,762.5499877929688,748.3499755859375,750.4500122070312,1450884
2022-06-14 00:00:00+05:30,743.5999755859375,760.7999877929688,743.0,749.9000244140625,1342735
2022-06-15 00:00:00+05:30,751.2000122070312,757.9000244140625,749.5999755859375,753.8499755859375,694564
2022-06-16 00:00:00+05:30,760.1500244140625,766.3499755859375,739.0999755859375,747.0999755859375,1719322
2022-06-17 00:00:00+05:30,741.0,750.6500244140625,731.9500122070312,740.1500244140625,1829920
2022-06-20 00:00:00+05:30,739.9000244140625,746.9000244140625,722.9500122070312,730.6500244140625,1866728
2022-06-21 00:00:00+05:30,731.25,749.0,730.0,744.4000244140625,1053612
2022-06-22 00:00:00+05:30,741.0,746.5499877929688,734.4000244140625,743.9000244140625,1294272
2022-06-23 00:00:00+05:30,745.9500122070312,775.7999877929688,744.7999877929688,772.0,2403326
2022-06-24 00:00:00+05:30,778.0,805.7000122070312,777.0,798.75,3909837
2022-06-27 00:00:00+05:30,810.8499755859375,810.8499755859375,796.0,801.5,2192974
2022-06-28 00:00:00+05:30,798.9000244140625,823.5999755859375,793.0999755859375,820.2000122070312,3330788
2022-06-29 00:00:00+05:30,813.9000244140625,841.0,808.5999755859375,833.3499755859375,2359911
2022-06-30 00:00:00+05:30,832.4000244140625,850.0,825.2000122070312,841.9500122070312,4098480
2022-07-01 00:00:00+05:30,837.5,886.2999877929688,827.2999877929688,860.4500122070312,3263584
2022-07-04 00:00:00+05:30,840.0,851.5,821.1500244140625,840.9000244140625,4102568
2022-07-05 00:00:00+05:30,839.9500122070312,846.75,810.2000122070312,812.4000244140625,2427183
2022-07-06 00:00:00+05:30,817.0,835.6500244140625,815.0999755859375,825.0999755859375,2184396
2022-07-07 00:00:00+05:30,836.0999755859375,840.4000244140625,820.5,825.9500122070312,1581958
2022-07-08 00:00:00+05:30,834.9000244140625,841.8499755859375,825.0,839.1500244140625,1066301
2022-07-11 00:00:00+05:30,837.75,857.5,829.8499755859375,854.9500122070312,1110345
2022-07-12 00:00:00+05:30,856.0,858.7000122070312,843.7999877929688,848.8499755859375,808629
2022-07-13 00:00:00+05:30,850.9000244140625,865.7000122070312,849.7999877929688,856.9500122070312,891323
2022-07-14 00:00:00+05:30,856.9500122070312,862.5499877929688,832.5499877929688,836.4500122070312,923118
2022-07-15 00:00:00+05:30,837.25,874.0,836.4500122070312,871.6500244140625,1584738
2022-07-18 00:00:00+05:30,876.0,881.75,871.0,878.2000122070312,1456093
2022-07-19 00:00:00+05:30,870.5,888.7000122070312,870.5,880.1500244140625,1289938
2022-07-20 00:00:00+05:30,882.0,890.0,873.1500244140625,877.4500122070312,679275
2022-07-21 00:00:00+05:30,876.0,887.25,873.0,879.5,815859
2022-07-22 00:00:00+05:30,875.2999877929688,898.7000122070312,875.2999877929688,885.75,2263170
2022-07-25 00:00:00+05:30,884.8499755859375,893.0,867.7000122070312,871.0,980576
2022-07-26 00:00:00+05:30,870.0,872.75,860.5,864.4500122070312,1080149
2022-07-27 00:00:00+05:30,864.4500122070312,867.9500122070312,837.0499877929688,849.8499755859375,1305629
2022-07-28 00:00:00+05:30,857.9500122070312,874.25,849.0,870.5999755859375,1418272
2022-07-29 00:00:00+05:30,898.9500122070312,953.2000122070312,897.0,908.0499877929688,9480378
2022-08-01 00:00:00+05:30,908.9000244140625,943.5999755859375,908.0499877929688,926.6500244140625,2767083
2022-08-02 00:00:00+05:30,931.0,940.8499755859375,917.4000244140625,938.3499755859375,1898797
2022-08-03 00:00:00+05:30,935.0,943.5499877929688,916.2999877929688,927.75,1237195
2022-08-04 00:00:00+05:30,935.0,944.6500244140625,924.2000122070312,934.0999755859375,1265730
2022-08-05 00:00:00+05:30,935.0,951.2000122070312,935.0,948.3499755859375,2153657
2022-08-08 00:00:00+05:30,949.9000244140625,960.9000244140625,942.0999755859375,956.7000122070312,1356911
2022-08-10 00:00:00+05:30,959.9500122070312,969.0,950.0999755859375,966.5999755859375,1247420
2022-08-11 00:00:00+05:30,971.0,974.9000244140625,955.0999755859375,958.25,1035579
2022-08-12 00:00:00+05:30,960.0,964.5,950.9500122070312,952.5499877929688,653263
2022-08-16 00:00:00+05:30,958.0,981.7000122070312,949.5499877929688,979.0999755859375,965828
2022-08-17 00:00:00+05:30,981.0,986.0,968.25,970.5499877929688,1182141
2022-08-18 00:00:00+05:30,971.0,990.9000244140625,971.0,974.0,2149414
2022-08-19 00:00:00+05:30,981.4000244140625,991.4500122070312,954.5499877929688,958.75,1831816
2022-08-22 00:00:00+05:30,953.0,959.7000122070312,933.5999755859375,936.9500122070312,1465242
2022-08-23 00:00:00+05:30,930.0,959.2000122070312,925.0,955.1500244140625,1292054
2022-08-24 00:00:00+05:30,959.0,966.7000122070312,950.5,959.9500122070312,1250754
2022-08-25 00:00:00+05:30,964.9500122070312,968.0,945.9000244140625,949.0999755859375,1538844
2022-08-26 00:00:00+05:30,958.7999877929688,967.25,951.5499877929688,954.4500122070312,1280541
2022-08-29 00:00:00+05:30,935.0,960.0,934.5,957.8499755859375,680203
2022-08-30 00:00:00+05:30,964.0,989.75,962.7000122070312,985.5999755859375,1055038
2022-09-01 00:00:00+05:30,983.9000244140625,1028.800048828125,978.0,1015.0999755859375,3390887
2022-09-02 00:00:00+05:30,1022.0,1037.449951171875,1019.9000244140625,1025.8499755859375,2684334
2022-09-05 00:00:00+05:30,1025.8499755859375,1042.949951171875,1022.0,1038.050048828125,1159599
2022-09-06 00:00:00+05:30,1042.8499755859375,1058.9000244140625,1041.75,1054.550048828125,2050061
2022-09-07 00:00:00+05:30,1048.0,1062.949951171875,1038.050048828125,1041.4000244140625,1263932
2022-09-08 00:00:00+05:30,1048.8499755859375,1062.699951171875,1037.199951171875,1044.800048828125,1430694
2022-09-09 00:00:00+05:30,1056.0,1058.699951171875,1044.3499755859375,1053.800048828125,1205966
2022-09-12 00:00:00+05:30,1059.050048828125,1071.3499755859375,1047.050048828125,1050.5,1677576
2022-09-13 00:00:00+05:30,1052.550048828125,1059.449951171875,1034.550048828125,1038.699951171875,903787
2022-09-14 00:00:00+05:30,1031.0,1049.5,1024.550048828125,1037.8499755859375,893907
2022-09-15 00:00:00+05:30,1041.800048828125,1061.75,1031.4000244140625,1041.550048828125,1604996
2022-09-16 00:00:00+05:30,1040.0,1043.5,1012.2999877929688,1024.9000244140625,1601671
2022-09-19 00:00:00+05:30,1019.5,1041.0,1016.1500244140625,1027.199951171875,1895834
2022-09-20 00:00:00+05:30,1033.5,1087.949951171875,1033.5,1082.1500244140625,3241244
2022-09-21 00:00:00+05:30,1076.0,1094.4000244140625,1066.6500244140625,1068.449951171875,2001040
2022-09-22 00:00:00+05:30,1060.0,1086.0,1060.0,1066.449951171875,2452415
2022-09-23 00:00:00+05:30,1068.0,1070.5999755859375,1027.0,1037.550048828125,1935689
2022-09-26 00:00:00+05:30,1034.800048828125,1034.800048828125,994.0499877929688,1024.8499755859375,1652899
2022-09-27 00:00:00+05:30,1035.0,1043.0,1020.75,1034.8499755859375,1417788
2022-09-28 00:00:00+05:30,1024.25,1041.25,1017.0999755859375,1021.25,1241220
2022-09-29 00:00:00+05:30,1026.3499755859375,1037.0,1009.7000122070312,1011.9000244140625,1056799
2022-09-30 00:00:00+05:30,1011.0,1036.1500244140625,984.25,1032.25,2086641
2022-10-03 00:00:00+05:30,1035.1500244140625,1035.949951171875,986.5499877929688,995.5,1747293
2022-10-04 00:00:00+05:30,1016.5999755859375,1038.800048828125,1007.0499877929688,1034.9000244140625,1378191
2022-10-06 00:00:00+05:30,1039.75,1082.800048828125,1037.550048828125,1074.800048828125,2710620
2022-10-07 00:00:00+05:30,1080.0,1087.199951171875,1069.300048828125,1084.8499755859375,1271663
2022-10-10 00:00:00+05:30,1066.4000244140625,1076.6500244140625,1055.4000244140625,1066.6500244140625,1019624
2022-10-11 00:00:00+05:30,1070.0,1070.3499755859375,1048.75,1055.199951171875,928746
2022-10-12 00:00:00+05:30,1050.4000244140625,1093.199951171875,1047.199951171875,1087.699951171875,1218634
2022-10-13 00:00:00+05:30,1087.699951171875,1096.3499755859375,1066.5999755859375,1077.5999755859375,1370021
2022-10-14 00:00:00+05:30,1091.0,1106.9000244140625,1072.6500244140625,1078.3499755859375,1723553
2022-10-17 00:00:00+05:30,1071.0,1080.800048828125,1060.0,1075.050048828125,966318
2022-10-18 00:00:00+05:30,1092.0,1135.0,1089.800048828125,1129.050048828125,3359533
2022-10-19 00:00:00+05:30,1135.0,1176.9000244140625,1131.8499755859375,1171.449951171875,3440709
2022-10-20 00:00:00+05:30,1156.25,1165.050048828125,1132.800048828125,1142.25,1988428
2022-10-21 00:00:00+05:30,1148.0,1156.3499755859375,1135.0,1141.800048828125,965954
2022-10-24 00:00:00+05:30,1154.9000244140625,1154.9000244140625,1142.199951171875,1146.0999755859375,110280
2022-10-25 00:00:00+05:30,1150.0999755859375,1161.449951171875,1145.550048828125,1156.949951171875,952625
2022-10-27 00:00:00+05:30,1159.9000244140625,1165.0,1119.0,1124.550048828125,1269462
2022-10-28 00:00:00+05:30,1120.0,1135.550048828125,1114.25,1127.1500244140625,885662
2022-10-31 00:00:00+05:30,1132.800048828125,1155.800048828125,1131.050048828125,1146.050048828125,1201542
2022-11-01 00:00:00+05:30,1150.0,1156.0,1128.75,1138.0,1150562
2022-11-02 00:00:00+05:30,1140.449951171875,1143.699951171875,1111.5999755859375,1115.0,1142831
2022-11-03 00:00:00+05:30,1111.6500244140625,1144.699951171875,1110.300048828125,1134.6500244140625,1493565
2022-11-04 00:00:00+05:30,1137.0,1141.550048828125,1112.0,1114.1500244140625,1182660
2022-11-07 00:00:00+05:30,1115.0,1122.8499755859375,1081.0999755859375,1112.75,2256933
2022-11-09 00:00:00+05:30,1120.0999755859375,1166.0,1115.050048828125,1144.75,3041336
2022-11-10 00:00:00+05:30,1144.699951171875,1144.699951171875,1098.050048828125,1105.949951171875,2235744
2022-11-11 00:00:00+05:30,1138.0,1142.550048828125,1100.0999755859375,1107.449951171875,2217061
2022-11-14 00:00:00+05:30,1109.949951171875,1124.699951171875,1091.199951171875,1100.75,1178046
2022-11-15 00:00:00+05:30,1103.0,1129.949951171875,1096.75,1103.199951171875,1691513
2022-11-16 00:00:00+05:30,1105.699951171875,1136.0,1104.75,1118.5,2034541
2022-11-17 00:00:00+05:30,1118.699951171875,1130.0,1100.25,1109.0999755859375,1597488
2022-11-18 00:00:00+05:30,1113.0,1121.1500244140625,1066.0,1081.8499755859375,2508863
2022-11-21 00:00:00+05:30,1070.0,1079.9000244140625,1045.1500244140625,1048.449951171875,2657824
2022-11-22 00:00:00+05:30,1048.0,1056.800048828125,1037.550048828125,1043.300048828125,1994682
2022-11-23 00:00:00+05:30,1049.4000244140625,1055.4000244140625,1045.6500244140625,1052.0,1095450
2022-11-24 00:00:00+05:30,1057.300048828125,1058.699951171875,1043.300048828125,1052.6500244140625,1035756
2022-11-25 00:00:00+05:30,1053.550048828125,1055.6500244140625,1035.0,1037.449951171875,1461816
2022-11-28 00:00:00+05:30,1034.5999755859375,1063.0,1029.0,1060.5,2723439
2022-11-29 00:00:00+05:30,1053.25,1059.5999755859375,1037.550048828125,1039.8499755859375,1325447
2022-11-30 00:00:00+05:30,1045.050048828125,1066.25,1032.25,1048.1500244140625,27363975
2022-12-01 00:00:00+05:30,1058.8499755859375,1062.949951171875,1044.0,1050.0,1621405
2022-12-02 00:00:00+05:30,1050.0,1053.9000244140625,1031.0,1048.4000244140625,1040471
2022-12-05 00:00:00+05:30,1050.0,1053.5,1010.4500122070312,1017.7999877929688,2896073
2022-12-06 00:00:00+05:30,1017.0,1046.4000244140625,1008.0999755859375,1040.949951171875,1970222
2022-12-07 00:00:00+05:30,1041.0,1047.1500244140625,1019.25,1025.25,1319008
2022-12-08 00:00:00+05:30,1030.4000244140625,1036.449951171875,1021.4000244140625,1025.949951171875,988773
2022-12-09 00:00:00+05:30,1034.550048828125,1041.25,1023.0,1036.1500244140625,1253296
2022-12-12 00:00:00+05:30,1035.0,1045.699951171875,1031.800048828125,1037.800048828125,903199
2022-12-13 00:00:00+05:30,1043.199951171875,1047.75,1032.0,1036.800048828125,1040540
2022-12-14 00:00:00+05:30,1046.0,1048.75,1027.050048828125,1028.75,747736
2022-12-15 00:00:00+05:30,1028.0,1052.4000244140625,1024.9000244140625,1039.050048828125,1711006
2022-12-16 00:00:00+05:30,1032.0,1051.5999755859375,1023.4500122070312,1039.8499755859375,1308612
2022-12-19 00:00:00+05:30,1040.0,1059.4000244140625,1033.9000244140625,1056.0999755859375,1806966
2022-12-20 00:00:00+05:30,1054.300048828125,1071.8499755859375,1046.5,1056.0,1747561
2022-12-21 00:00:00+05:30,1052.050048828125,1063.4000244140625,1029.199951171875,1033.3499755859375,1417265
2022-12-22 00:00:00+05:30,1033.300048828125,1046.4000244140625,1021.4000244140625,1039.0999755859375,1373045
2022-12-23 00:00:00+05:30,1027.0,1033.5999755859375,1006.0,1010.5,931666
2022-12-26 00:00:00+05:30,1005.5,1023.1500244140625,997.9000244140625,1015.5499877929688,1043410
2022-12-27 00:00:00+05:30,1020.6500244140625,1049.0,1018.1500244140625,1044.050048828125,1356572
2022-12-28 00:00:00+05:30,1044.949951171875,1085.4000244140625,1040.300048828125,1082.699951171875,2613737
2022-12-29 00:00:00+05:30,1077.9000244140625,1135.5,1071.699951171875,1101.0,2629509
2022-12-30 00:00:00+05:30,1103.0,1105.449951171875,1082.050048828125,1085.4000244140625,1035831
2023-01-02 00:00:00+05:30,1085.0,1092.800048828125,1060.0,1073.050048828125,913740
2023-01-03 00:00:00+05:30,1075.0,1077.800048828125,1034.699951171875,1041.550048828125,2199825
2023-01-04 00:00:00+05:30,1046.800048828125,1050.5,1018.0,1025.050048828125,1391583
2023-01-05 00:00:00+05:30,1029.949951171875,1031.949951171875,1014.0,1030.199951171875,987083
2023-01-06 00:00:00+05:30,1032.0,1038.949951171875,1018.5499877929688,1024.5,873454
2023-01-09 00:00:00+05:30,1029.5999755859375,1035.8499755859375,1017.5499877929688,1021.0999755859375,1045256
2023-01-10 00:00:00+05:30,1026.25,1030.6500244140625,1010.0,1016.2999877929688,1107876
2023-01-11 00:00:00+05:30,1022.0,1026.9000244140625,1011.0,1014.6500244140625,1194680
2023-01-12 00:00:00+05:30,1019.75,1021.2000122070312,1001.2999877929688,1005.5499877929688,834703
2023-01-13 00:00:00+05:30,1010.8499755859375,1010.8499755859375,988.5,1002.1500244140625,1944766
2023-01-16 00:00:00+05:30,1002.1500244140625,1009.4000244140625,979.2999877929688,988.7000122070312,1237660
2023-01-17 00:00:00+05:30,989.0499877929688,1009.0,977.5499877929688,986.6500244140625,3049007
2023-01-18 00:00:00+05:30,991.0,1007.9500122070312,990.7999877929688,1002.0499877929688,2202723
2023-01-19 00:00:00+05:30,994.1500244140625,1020.75,994.1500244140625,1014.0499877929688,1285537
2023-01-20 00:00:00+05:30,1005.0,1014.2999877929688,967.5499877929688,969.9000244140625,1697151
2023-01-23 00:00:00+05:30,968.5499877929688,985.0,968.5499877929688,981.7000122070312,948214
2023-01-24 00:00:00+05:30,984.0,992.9000244140625,970.9000244140625,983.8499755859375,1062016
2023-01-25 00:00:00+05:30,995.0,1043.6500244140625,992.0,1037.9000244140625,5461484
2023-01-27 00:00:00+05:30,1040.0,1074.9000244140625,1032.75,1050.800048828125,3629172
2023-01-30 00:00:00+05:30,1051.0,1056.949951171875,1018.5,1033.699951171875,1451127
2023-01-31 00:00:00+05:30,1037.6500244140625,1043.9000244140625,1020.0,1036.75,1311390
2023-02-01 00:00:00+05:30,1042.0,1057.949951171875,1000.0,1018.3499755859375,1354579
2023-02-02 00:00:00+05:30,1018.3499755859375,1022.0,990.0499877929688,1002.0499877929688,1224788
2023-02-03 00:00:00+05:30,1005.2999877929688,1039.800048828125,999.5999755859375,1035.5999755859375,1252136
2023-02-06 00:00:00+05:30,1035.5999755859375,1064.5,1026.199951171875,1057.1500244140625,2089402
2023-02-07 00:00:00+05:30,1051.050048828125,1077.199951171875,1040.0,1050.6500244140625,1669515
2023-02-08 00:00:00+05:30,1045.0,1055.6500244140625,1037.699951171875,1039.550048828125,582218
2023-02-09 00:00:00+05:30,1039.550048828125,1054.699951171875,1030.5999755859375,1049.800048828125,539534
2023-02-10 00:00:00+05:30,1045.0,1087.0,1045.0,1075.3499755859375,1989509
2023-02-13 00:00:00+05:30,1077.949951171875,1085.699951171875,1064.699951171875,1069.1500244140625,710879
2023-02-14 00:00:00+05:30,1071.050048828125,1088.0999755859375,1055.0,1078.3499755859375,1083378
2023-02-15 00:00:00+05:30,1084.449951171875,1123.0,1084.0,1106.5,3016998
2023-02-16 00:00:00+05:30,1110.449951171875,1133.0,1110.0,1123.9000244140625,2188324
2023-02-17 00:00:00+05:30,1119.9000244140625,1119.9000244140625,1092.0999755859375,1103.8499755859375,1382070
2023-02-20 00:00:00+05:30,1104.949951171875,1136.0,1104.550048828125,1130.699951171875,1635712
2023-02-21 00:00:00+05:30,1134.0,1138.949951171875,1114.5,1125.800048828125,1622529
2023-02-22 00:00:00+05:30,1120.0,1126.9000244140625,1108.050048828125,1114.300048828125,746146
2023-02-23 00:00:00+05:30,1119.9000244140625,1125.8499755859375,1109.9000244140625,1117.300048828125,871201
2023-02-24 00:00:00+05:30,1121.0,1127.5,1103.0,1105.300048828125,979359
2023-02-27 00:00:00+05:30,1098.0,1101.0,1058.9000244140625,1085.199951171875,1555124
2023-02-28 00:00:00+05:30,1090.6500244140625,1093.3499755859375,1072.699951171875,1080.300048828125,1418799
2023-03-01 00:00:00+05:30,1084.0,1085.199951171875,1060.0,1062.949951171875,1907551
2023-03-02 00:00:00+05:30,1060.199951171875,1072.9000244140625,1050.050048828125,1066.8499755859375,1068509
2023-03-03 00:00:00+05:30,1072.5,1079.0,1064.0,1070.3499755859375,847485
2023-03-06 00:00:00+05:30,1074.9000244140625,1102.0,1072.0,1098.5,950986
2023-03-08 00:00:00+05:30,1099.0,1113.0,1087.1500244140625,1109.800048828125,1206161
2023-03-09 00:00:00+05:30,1108.0,1110.9000244140625,1083.449951171875,1086.550048828125,906722
2023-03-10 00:00:00+05:30,1086.550048828125,1087.8499755859375,1068.1500244140625,1072.199951171875,1066823
2023-03-13 00:00:00+05:30,1067.0,1076.4000244140625,1046.0,1048.699951171875,972966
2023-03-14 00:00:00+05:30,1051.9000244140625,1057.4000244140625,1037.1500244140625,1046.0,1076802
2023-03-15 00:00:00+05:30,1047.0999755859375,1057.3499755859375,1030.3499755859375,1032.75,590578
2023-03-16 00:00:00+05:30,1034.949951171875,1057.75,1026.449951171875,1053.5999755859375,747118
2023-03-17 00:00:00+05:30,1060.0,1065.050048828125,1040.6500244140625,1046.8499755859375,1797251
2023-03-20 00:00:00+05:30,1005.0,1046.8499755859375,1005.0,1041.75,816115
2023-03-21 00:00:00+05:30,1043.1500244140625,1057.75,1043.1500244140625,1054.050048828125,972168
2023-03-22 00:00:00+05:30,1058.449951171875,1076.199951171875,1051.050048828125,1054.800048828125,658312
2023-03-23 00:00:00+05:30,1057.0,1073.199951171875,1042.8499755859375,1047.5,1063113
2023-03-24 00:00:00+05:30,1048.949951171875,1063.8499755859375,1040.3499755859375,1042.0,753161
2023-03-27 00:00:00+05:30,1042.300048828125,1055.9000244140625,1030.0,1046.6500244140625,521344
2023-03-28 00:00:00+05:30,1042.5,1050.0,1029.199951171875,1034.300048828125,435620
2023-03-29 00:00:00+05:30,1030.0,1081.5,1030.0,1079.199951171875,977216
2023-03-31 00:00:00+05:30,1079.199951171875,1085.0,1064.9000244140625,1077.199951171875,911502
2023-04-03 00:00:00+05:30,1077.199951171875,1097.449951171875,1073.0,1084.75,842497
2023-04-05 00:00:00+05:30,1090.5,1099.699951171875,1083.449951171875,1089.949951171875,739800
2023-04-06 00:00:00+05:30,1083.699951171875,1101.050048828125,1080.5,1098.699951171875,630530
2023-04-10 00:00:00+05:30,1099.699951171875,1111.0,1096.8499755859375,1107.6500244140625,1236292
2023-04-11 00:00:00+05:30,1107.6500244140625,1137.6500244140625,1105.5999755859375,1128.8499755859375,1112123
2023-04-12 00:00:00+05:30,1132.0,1144.0,1123.699951171875,1135.699951171875,1393983
2023-04-13 00:00:00+05:30,1135.699951171875,1169.5,1134.6500244140625,1162.949951171875,2035284
2023-04-17 00:00:00+05:30,1166.0,1173.0,1156.1500244140625,1169.6500244140625,2075441
2023-04-18 00:00:00+05:30,1172.6500244140625,1172.800048828125,1142.25,1144.949951171875,1071740
2023-04-19 00:00:00+05:30,1147.0,1184.4000244140625,1147.0,1170.1500244140625,2292305
2023-04-20 00:00:00+05:30,1168.0,1168.0,1124.5,1127.949951171875,2592124
2023-04-21 00:00:00+05:30,1128.300048828125,1130.5,1084.0,1092.949951171875,2877179
2023-04-24 00:00:00+05:30,1090.0,1117.5,1088.050048828125,1101.800048828125,1329750
2023-04-25 00:00:00+05:30,1103.0,1118.0,1102.1500244140625,1111.5,908834
2023-04-26 00:00:00+05:30,1113.0,1128.800048828125,1106.550048828125,1125.5,1009517
2023-04-27 00:00:00+05:30,1123.5,1135.699951171875,1122.4000244140625,1132.5,733407
2023-04-28 00:00:00+05:30,1138.949951171875,1141.5999755859375,1126.0,1138.3499755859375,713046
2023-05-02 00:00:00+05:30,1148.5,1167.0,1137.050048828125,1157.949951171875,932329
2023-05-03 00:00:00+05:30,1160.0,1166.699951171875,1143.1500244140625,1157.25,642953
2023-05-04 00:00:00+05:30,1160.0,1180.0,1147.5999755859375,1169.050048828125,632211
2023-05-05 00:00:00+05:30,1190.0,1234.949951171875,1190.0,1214.949951171875,5319185
2023-05-08 00:00:00+05:30,1224.0,1243.449951171875,1221.550048828125,1229.800048828125,2132720
2023-05-09 00:00:00+05:30,1230.0,1239.0999755859375,1220.25,1229.949951171875,848071
2023-05-10 00:00:00+05:30,1231.0,1245.5,1226.199951171875,1241.050048828125,801636
2023-05-11 00:00:00+05:30,1244.949951171875,1246.0,1231.199951171875,1239.800048828125,555502
2023-05-12 00:00:00+05:30,1238.4000244140625,1249.949951171875,1231.25,1237.449951171875,482504
2023-05-15 00:00:00+05:30,1237.0,1240.449951171875,1227.199951171875,1234.5,436418
2023-05-16 00:00:00+05:30,1239.3499755859375,1252.5999755859375,1235.0,1244.0999755859375,673132
2023-05-17 00:00:00+05:30,1235.0,1256.800048828125,1225.550048828125,1252.0,691664
2023-05-18 00:00:00+05:30,1252.0,1253.5,1220.0,1240.550048828125,516649
2023-05-19 00:00:00+05:30,1235.5,1244.699951171875,1221.199951171875,1240.1500244140625,615310
2023-05-22 00:00:00+05:30,1228.1500244140625,1247.050048828125,1225.0,1239.199951171875,418657
2023-05-23 00:00:00+05:30,1239.25,1265.9000244140625,1230.0,1261.1500244140625,793692
2023-05-24 00:00:00+05:30,1262.949951171875,1279.0,1247.0,1272.9000244140625,1070539
2023-05-25 00:00:00+05:30,1265.0,1287.5,1262.3499755859375,1283.0999755859375,1004944
2023-05-26 00:00:00+05:30,1278.050048828125,1301.0,1270.3499755859375,1293.199951171875,1409077
2023-05-29 00:00:00+05:30,1296.3499755859375,1304.8499755859375,1278.550048828125,1299.800048828125,875198
2023-05-30 00:00:00+05:30,1299.050048828125,1306.949951171875,1280.050048828125,1282.699951171875,531133
2023-05-31 00:00:00+05:30,1280.0,1317.0,1278.050048828125,1302.800048828125,3346979
2023-06-01 00:00:00+05:30,1286.050048828125,1290.5,1270.0,1272.0999755859375,727641
2023-06-02 00:00:00+05:30,1286.9000244140625,1310.0,1281.5999755859375,1305.550048828125,1923687
2023-06-05 00:00:00+05:30,1309.949951171875,1312.949951171875,1287.1500244140625,1294.699951171875,551021
2023-06-06 00:00:00+05:30,1296.0,1339.0,1286.0,1332.0,1703583
2023-06-07 00:00:00+05:30,1342.949951171875,1354.5,1327.949951171875,1347.5,1067501
2023-06-08 00:00:00+05:30,1349.949951171875,1351.4000244140625,1317.9000244140625,1326.0999755859375,511069
2023-06-09 00:00:00+05:30,1332.0,1351.0999755859375,1331.0,1336.0,805323
2023-06-12 00:00:00+05:30,1368.0,1384.800048828125,1335.1500244140625,1339.5999755859375,2237766
2023-06-13 00:00:00+05:30,1345.5999755859375,1353.0,1340.3499755859375,1346.0999755859375,651920
2023-06-14 00:00:00+05:30,1346.949951171875,1350.0,1333.0,1345.8499755859375,663045
2023-06-15 00:00:00+05:30,1348.6500244140625,1357.0,1330.0,1332.8499755859375,808772
2023-06-16 00:00:00+05:30,1339.0,1356.800048828125,1322.949951171875,1352.8499755859375,1182213
2023-06-19 00:00:00+05:30,1352.0999755859375,1360.800048828125,1336.0,1337.949951171875,445580
2023-06-20 00:00:00+05:30,1333.0,1349.050048828125,1327.0,1343.800048828125,1139873
2023-06-21 00:00:00+05:30,1343.800048828125,1356.550048828125,1336.550048828125,1350.9000244140625,846723
2023-06-22 00:00:00+05:30,1345.9000244140625,1348.949951171875,1323.0,1326.1500244140625,558699
2023-06-23 00:00:00+05:30,1327.6500244140625,1329.949951171875,1295.300048828125,1301.25,705445
2023-06-26 00:00:00+05:30,1301.25,1314.9000244140625,1289.1500244140625,1290.3499755859375,607694
2023-06-27 00:00:00+05:30,1291.0,1309.550048828125,1289.0,1304.199951171875,882785
2023-06-28 00:00:00+05:30,1309.9000244140625,1338.8499755859375,1297.0999755859375,1330.050048828125,1266056
2023-06-30 00:00:00+05:30,1330.050048828125,1340.050048828125,1318.4000244140625,1325.6500244140625,875476
2023-07-03 00:00:00+05:30,1335.0,1338.5,1313.0,1318.3499755859375,651040
2023-07-04 00:00:00+05:30,1321.9000244140625,1330.0,1300.050048828125,1303.75,576982
2023-07-05 00:00:00+05:30,1308.0,1323.8499755859375,1293.5,1319.800048828125,1700571
2023-07-06 00:00:00+05:30,1323.449951171875,1327.75,1304.050048828125,1314.449951171875,1151516
2023-07-07 00:00:00+05:30,1319.800048828125,1342.9000244140625,1310.9000244140625,1322.0,1205329
2023-07-10 00:00:00+05:30,1326.949951171875,1332.699951171875,1306.300048828125,1309.25,588008
2023-07-11 00:00:00+05:30,1316.0999755859375,1355.0,1311.050048828125,1342.9000244140625,1492542
2023-07-12 00:00:00+05:30,1344.800048828125,1354.4000244140625,1331.199951171875,1338.6500244140625,831708
2023-07-13 00:00:00+05:30,1339.0,1348.0,1325.3499755859375,1329.75,841814
2023-07-14 00:00:00+05:30,1336.0,1352.9000244140625,1322.6500244140625,1350.75,1109229
2023-07-17 00:00:00+05:30,1346.1500244140625,1363.0,1339.5,1342.949951171875,739899
2023-07-18 00:00:00+05:30,1346.4000244140625,1368.050048828125,1338.550048828125,1346.1500244140625,1011369
2023-07-19 00:00:00+05:30,1348.5999755859375,1353.199951171875,1327.4000244140625,1334.0999755859375,810110
2023-07-20 00:00:00+05:30,1334.0,1348.0,1331.0,1345.1500244140625,898508
2023-07-21 00:00:00+05:30,1331.5,1344.949951171875,1331.1500244140625,1342.949951171875,768440
2023-07-24 00:00:00+05:30,1344.9000244140625,1373.0,1295.0,1307.0999755859375,2508323
2023-07-25 00:00:00+05:30,1333.0,1388.449951171875,1313.6500244140625,1384.0,5467323
2023-07-26 00:00:00+05:30,1393.0,1400.9000244140625,1365.4000244140625,1372.050048828125,1745448
2023-07-27 00:00:00+05:30,1376.0,1377.949951171875,1346.199951171875,1355.800048828125,991461
2023-07-28 00:00:00+05:30,1355.800048828125,1370.699951171875,1345.449951171875,1357.8499755859375,722899
2023-07-31 00:00:00+05:30,1354.0,1379.449951171875,1347.300048828125,1376.699951171875,771838
2023-08-01 00:00:00+05:30,1375.0,1379.300048828125,1359.050048828125,1369.699951171875,325587
2023-08-02 00:00:00+05:30,1375.0,1396.0,1362.550048828125,1379.75,1941995
2023-08-03 00:00:00+05:30,1381.949951171875,1391.4000244140625,1354.4000244140625,1363.25,1042110
2023-08-04 00:00:00+05:30,1372.0,1384.949951171875,1346.449951171875,1358.800048828125,539333
2023-08-07 00:00:00+05:30,1357.4000244140625,1357.4000244140625,1331.6500244140625,1340.300048828125,866160
2023-08-08 00:00:00+05:30,1344.9000244140625,1345.25,1318.300048828125,1331.550048828125,1246119
2023-08-09 00:00:00+05:30,1331.0999755859375,1349.5999755859375,1317.0,1340.0,1333966
2023-08-10 00:00:00+05:30,1342.449951171875,1355.4000244140625,1331.300048828125,1349.5999755859375,960273
2023-08-11 00:00:00+05:30,1352.0,1362.050048828125,1342.25,1349.6500244140625,724490
2023-08-14 00:00:00+05:30,1352.5999755859375,1352.800048828125,1320.800048828125,1344.9000244140625,951927
2023-08-16 00:00:00+05:30,1334.0,1345.550048828125,1322.449951171875,1339.75,1426246
2023-08-17 00:00:00+05:30,1338.9000244140625,1340.949951171875,1324.0999755859375,1336.6500244140625,702360
2023-08-18 00:00:00+05:30,1342.0,1345.0,1329.3499755859375,1341.4000244140625,727872
2023-08-21 00:00:00+05:30,1340.050048828125,1360.449951171875,1329.1500244140625,1349.5,1480040
2023-08-22 00:00:00+05:30,1346.199951171875,1357.0,1335.6500244140625,1353.550048828125,819736
2023-08-23 00:00:00+05:30,1354.9000244140625,1366.800048828125,1349.300048828125,1355.300048828125,919117
2023-08-24 00:00:00+05:30,1365.0,1383.199951171875,1354.5999755859375,1362.5,1183583
2023-08-25 00:00:00+05:30,1355.0,1358.0,1321.0999755859375,1339.5999755859375,1437121
2023-08-28 00:00:00+05:30,1336.949951171875,1351.949951171875,1335.949951171875,1349.25,784438
2023-08-29 00:00:00+05:30,1355.0,1388.75,1343.050048828125,1380.5999755859375,1231116
2023-08-30 00:00:00+05:30,1391.5,1421.0999755859375,1385.0999755859375,1415.550048828125,2457022
2023-08-31 00:00:00+05:30,1421.0,1436.4000244140625,1409.300048828125,1419.9000244140625,2229952
2023-09-01 00:00:00+05:30,1419.6500244140625,1460.4000244140625,1414.050048828125,1454.0999755859375,1801951
2023-09-04 00:00:00+05:30,1461.0,1469.0,1443.6500244140625,1452.8499755859375,1530060
2023-09-05 00:00:00+05:30,1456.949951171875,1464.0,1452.0,1457.9000244140625,554308
2023-09-06 00:00:00+05:30,1459.9000244140625,1484.050048828125,1459.1500244140625,1478.050048828125,1249970
2023-09-07 00:00:00+05:30,1478.050048828125,1486.300048828125,1474.0,1479.800048828125,645256
2023-09-08 00:00:00+05:30,1484.0,1486.8499755859375,1474.0999755859375,1480.550048828125,515325
2023-09-11 00:00:00+05:30,1484.5999755859375,1495.8499755859375,1476.050048828125,1489.0,754214
2023-09-12 00:00:00+05:30,1498.550048828125,1498.550048828125,1462.0,1471.699951171875,623844
2023-09-13 00:00:00+05:30,1466.0,1475.550048828125,1439.199951171875,1454.4000244140625,801352
2023-09-14 00:00:00+05:30,1455.449951171875,1467.449951171875,1451.3499755859375,1463.949951171875,285610
2023-09-15 00:00:00+05:30,1463.0,1508.449951171875,1463.0,1502.9000244140625,1369061
2023-09-18 00:00:00+05:30,1507.75,1531.199951171875,1489.550048828125,1525.949951171875,1464894
2023-09-20 00:00:00+05:30,1524.5,1533.4000244140625,1508.949951171875,1512.0999755859375,537988
2023-09-21 00:00:00+05:30,1506.0,1510.0,1492.0999755859375,1498.9000244140625,542059
2023-09-22 00:00:00+05:30,1489.949951171875,1498.5,1483.0999755859375,1494.0999755859375,1048434
2023-09-25 00:00:00+05:30,1498.0,1521.1500244140625,1489.300048828125,1515.550048828125,1238681
2023-09-26 00:00:00+05:30,1522.800048828125,1544.0,1517.199951171875,1531.0,1247558
2023-09-27 00:00:00+05:30,1531.800048828125,1534.800048828125,1519.050048828125,1528.25,1087855
2023-09-28 00:00:00+05:30,1529.9000244140625,1546.5999755859375,1512.550048828125,1523.9000244140625,4734327
2023-09-29 00:00:00+05:30,1516.5,1535.050048828125,1499.949951171875,1521.800048828125,775781
2023-10-03 00:00:00+05:30,1537.050048828125,1544.5999755859375,1521.8499755859375,1530.0,791678
2023-10-04 00:00:00+05:30,1530.0,1530.0,1492.949951171875,1496.050048828125,797755
2023-10-05 00:00:00+05:30,1507.0,1514.3499755859375,1489.449951171875,1498.1500244140625,586529
2023-10-06 00:00:00+05:30,1504.0,1516.5999755859375,1495.0,1501.25,537906
2023-10-09 00:00:00+05:30,1499.0,1533.8499755859375,1495.050048828125,1522.5,1131037
2023-10-10 00:00:00+05:30,1530.0999755859375,1558.949951171875,1522.5,1528.0999755859375,1691714
2023-10-11 00:00:00+05:30,1567.0,1570.0999755859375,1542.6500244140625,1550.25,1007780
2023-10-12 00:00:00+05:30,1566.0,1600.9000244140625,1553.0999755859375,1597.8499755859375,1822514
2023-10-13 00:00:00+05:30,1579.199951171875,1605.949951171875,1579.199951171875,1600.9000244140625,810988
2023-10-16 00:00:00+05:30,1606.9000244140625,1617.300048828125,1594.300048828125,1601.699951171875,582454
2023-10-17 00:00:00+05:30,1611.0,1615.949951171875,1601.25,1609.4000244140625,456174
2023-10-18 00:00:00+05:30,1607.0,1607.0,1583.6500244140625,1600.5999755859375,359998
2023-10-19 00:00:00+05:30,1589.0,1615.949951171875,1584.5999755859375,1599.050048828125,830994
2023-10-20 00:00:00+05:30,1599.050048828125,1609.800048828125,1590.699951171875,1596.449951171875,597980
2023-10-23 00:00:00+05:30,1584.0,1608.449951171875,1580.1500244140625,1585.25,950311
2023-10-25 00:00:00+05:30,1585.3499755859375,1608.449951171875,1570.0,1574.8499755859375,890501
2023-10-26 00:00:00+05:30,1565.8499755859375,1583.1500244140625,1548.5,1577.0,988912
2023-10-27 00:00:00+05:30,1585.0,1600.0,1579.0,1591.8499755859375,737466
2023-10-30 00:00:00+05:30,1584.449951171875,1615.6500244140625,1563.1500244140625,1608.800048828125,912901
2023-10-31 00:00:00+05:30,1634.0,1634.0,1585.449951171875,1590.800048828125,2389756
2023-11-01 00:00:00+05:30,1592.0,1598.449951171875,1558.0,1560.8499755859375,1697994
2023-11-02 00:00:00+05:30,1570.0,1574.5,1554.5,1570.050048828125,802352
2023-11-03 00:00:00+05:30,1577.9000244140625,1601.300048828125,1572.5,1599.0999755859375,552856
2023-11-06 00:00:00+05:30,1606.949951171875,1617.0,1600.199951171875,1615.25,505748
2023-11-07 00:00:00+05:30,1617.0999755859375,1622.0999755859375,1604.5999755859375,1610.5,342837
2023-11-08 00:00:00+05:30,1614.800048828125,1648.949951171875,1612.0,1646.949951171875,589975
2023-11-09 00:00:00+05:30,1653.0,1653.8499755859375,1634.550048828125,1646.9000244140625,442148
2023-11-10 00:00:00+05:30,1645.0,1645.0,1628.800048828125,1631.949951171875,390701
2023-11-13 00:00:00+05:30,1649.300048828125,1652.0,1635.699951171875,1648.050048828125,364986
2023-11-15 00:00:00+05:30,1653.25,1676.699951171875,1647.050048828125,1673.1500244140625,1011532
2023-11-16 00:00:00+05:30,1674.5,1688.5,1668.25,1684.1500244140625,468330
2023-11-17 00:00:00+05:30,1696.800048828125,1754.6500244140625,1690.0,1747.5999755859375,1721816
2023-11-20 00:00:00+05:30,1754.949951171875,1764.9000244140625,1706.0,1719.25,1110928
2023-11-21 00:00:00+05:30,1731.9000244140625,1738.25,1715.550048828125,1724.6500244140625,521686
2023-11-22 00:00:00+05:30,1729.9000244140625,1744.0,1724.550048828125,1739.300048828125,2016499
2023-11-23 00:00:00+05:30,1754.0,1784.949951171875,1748.550048828125,1776.050048828125,1599755
2023-11-24 00:00:00+05:30,1783.0,1818.4000244140625,1778.75,1799.949951171875,1298959
2023-11-28 00:00:00+05:30,1800.0,1829.949951171875,1799.0,1824.0999755859375,957141
2023-11-29 00:00:00+05:30,1830.0,1875.699951171875,1822.550048828125,1863.6500244140625,1212566
2023-11-30 00:00:00+05:30,1853.25,1898.0,1850.050048828125,1864.5,2171737
2023-12-01 00:00:00+05:30,1883.0,1924.0,1867.699951171875,1909.800048828125,1269657
2023-12-04 00:00:00+05:30,1958.0,1958.0,1890.0,1903.949951171875,818769
2023-12-05 00:00:00+05:30,1918.0,1923.550048828125,1895.25,1903.0,970173
2023-12-06 00:00:00+05:30,1889.0999755859375,1900.550048828125,1871.75,1888.75,1053331
2023-12-07 00:00:00+05:30,1894.3499755859375,1929.0,1893.800048828125,1920.199951171875,720562
2023-12-08 00:00:00+05:30,1924.5,1930.0,1886.5999755859375,1902.699951171875,493461
2023-12-11 00:00:00+05:30,1907.1500244140625,1940.0,1903.0,1932.4000244140625,674733
2023-12-12 00:00:00+05:30,1936.0,1951.3499755859375,1926.1500244140625,1937.800048828125,716644
2023-12-13 00:00:00+05:30,1940.0,2027.0,1932.050048828125,2022.300048828125,2224533
2023-12-14 00:00:00+05:30,2026.0,2058.5,2006.0999755859375,2048.75,1066303
2023-12-15 00:00:00+05:30,2052.0,2054.199951171875,2003.800048828125,2018.550048828125,902030
2023-12-18 00:00:00+05:30,2024.0,2035.300048828125,1996.550048828125,1999.6500244140625,936244
2023-12-19 00:00:00+05:30,2005.0,2009.5999755859375,1958.0999755859375,1968.699951171875,1139789
2023-12-20 00:00:00+05:30,1984.0,1998.75,1943.1500244140625,1949.199951171875,743248
2023-12-21 00:00:00+05:30,1936.0,1971.949951171875,1924.699951171875,1945.699951171875,733570
2023-12-22 00:00:00+05:30,1950.0,1988.800048828125,1934.4000244140625,1967.5,1070784
2023-12-26 00:00:00+05:30,1967.5,2010.9000244140625,1967.5,1996.199951171875,890867
2023-12-27 00:00:00+05:30,2008.699951171875,2026.0,1990.550048828125,2013.5999755859375,477198
2023-12-28 00:00:00+05:30,2015.449951171875,2022.0,1995.3499755859375,2004.550048828125,1261169
2023-12-29 00:00:00+05:30,2013.0,2030.0,2000.0,2025.800048828125,476136
2024-01-01 00:00:00+05:30,2032.0,2046.550048828125,2012.0,2019.050048828125,474552
2024-01-02 00:00:00+05:30,2025.0,2039.800048828125,1952.1500244140625,1969.1500244140625,1407673
2024-01-03 00:00:00+05:30,1977.0,2015.9000244140625,1960.3499755859375,1997.9000244140625,837553
2024-01-04 00:00:00+05:30,2008.0,2014.0999755859375,1979.300048828125,1982.5999755859375,982876
2024-01-05 00:00:00+05:30,1989.800048828125,2011.25,1969.25,1979.300048828125,2259906
2024-01-08 00:00:00+05:30,1994.800048828125,2062.89990234375,1980.0,2037.800048828125,2195125
2024-01-09 00:00:00+05:30,2039.0,2049.0,2005.0,2018.9000244140625,1424396
2024-01-10 00:00:00+05:30,2015.0999755859375,2022.949951171875,1992.800048828125,2020.25,650058
2024-01-11 00:00:00+05:30,2024.550048828125,2095.5,2023.300048828125,2087.35009765625,1305313
2024-01-12 00:00:00+05:30,2100.0,2100.0,2062.800048828125,2085.800048828125,765951
2024-01-15 00:00:00+05:30,2098.300048828125,2108.949951171875,2011.0,2021.5999755859375,1349721
2024-01-16 00:00:00+05:30,2030.0,2043.9000244140625,2013.3499755859375,2033.6500244140625,1347953
2024-01-17 00:00:00+05:30,2023.6500244140625,2047.5,2003.449951171875,2016.800048828125,727553
2024-01-18 00:00:00+05:30,2016.0,2026.050048828125,1980.0,2011.5,815604
2024-01-19 00:00:00+05:30,2015.800048828125,2045.0,2011.0,2037.0,747716
2024-01-23 00:00:00+05:30,2015.449951171875,2045.949951171875,1978.5999755859375,1987.3499755859375,910575
2024-01-24 00:00:00+05:30,1975.0,2015.0,1959.800048828125,2000.949951171875,903005
2024-01-25 00:00:00+05:30,2055.0,2055.0,1923.050048828125,1941.0999755859375,2078701
2024-01-29 00:00:00+05:30,1941.0,1974.0,1927.949951171875,1964.699951171875,1563040
2024-01-30 00:00:00+05:30,1973.0999755859375,1996.8499755859375,1953.5,1957.5999755859375,1011435
2024-01-31 00:00:00+05:30,1960.050048828125,2006.8499755859375,1952.050048828125,2001.3499755859375,1064182
2024-02-01 00:00:00+05:30,2017.0,2024.8499755859375,1985.0,1995.25,588605
2024-02-02 00:00:00+05:30,1997.550048828125,2048.60009765625,1997.550048828125,2045.300048828125,830770
2024-02-05 00:00:00+05:30,2049.25,2077.64990234375,2010.199951171875,2024.1500244140625,829877
2024-02-06 00:00:00+05:30,2034.0,2068.0,2024.1500244140625,2047.5,707510
2024-02-07 00:00:00+05:30,2054.10009765625,2074.89990234375,2039.949951171875,2063.949951171875,413546
2024-02-08 00:00:00+05:30,2068.0,2073.550048828125,2026.5,2033.75,223855
2024-02-09 00:00:00+05:30,2044.800048828125,2046.0,2005.699951171875,2037.5999755859375,235265
2024-02-12 00:00:00+05:30,2044.0,2054.449951171875,2015.550048828125,2035.75,309481
2024-02-13 00:00:00+05:30,2035.0,2060.199951171875,2021.0,2044.25,436456
2024-02-14 00:00:00+05:30,2031.0,2105.0,2021.199951171875,2087.949951171875,597383
2024-02-15 00:00:00+05:30,2105.0,2118.199951171875,2051.449951171875,2093.0,754820
2024-02-16 00:00:00+05:30,2098.75,2186.0,2097.10009765625,2138.75,2287490
2024-02-19 00:00:00+05:30,2153.0,2160.0,2092.89990234375,2120.39990234375,981429
2024-02-20 00:00:00+05:30,2133.89990234375,2138.5,2093.85009765625,2118.199951171875,611276
2024-02-21 00:00:00+05:30,2122.0,2139.0,2081.0,2093.5,407855
2024-02-22 00:00:00+05:30,2104.449951171875,2133.75,2090.85009765625,2128.64990234375,482482
2024-02-23 00:00:00+05:30,2135.0,2139.0,2104.35009765625,2115.949951171875,345944
2024-02-26 00:00:00+05:30,2107.050048828125,2167.0,2088.0,2162.10009765625,661221
2024-02-27 00:00:00+05:30,2167.0,2168.14990234375,2127.39990234375,2133.14990234375,626537
2024-02-28 00:00:00+05:30,2135.0,2142.14990234375,2071.85009765625,2094.550048828125,808633
2024-02-29 00:00:00+05:30,2092.0,2159.39990234375,2084.85009765625,2139.199951171875,1749636
2024-03-01 00:00:00+05:30,2139.949951171875,2275.0,2121.64990234375,2242.60009765625,1643917
2024-03-04 00:00:00+05:30,2263.39990234375,2267.699951171875,2220.0,2232.35009765625,794390
2024-03-05 00:00:00+05:30,2239.0,2289.89990234375,2232.050048828125,2280.89990234375,942601
2024-03-06 00:00:00+05:30,2295.199951171875,2295.199951171875,2231.10009765625,2280.0,1248715
2024-03-07 00:00:00+05:30,2284.0,2313.449951171875,2255.10009765625,2259.699951171875,873474
2024-03-11 00:00:00+05:30,2276.0,2304.35009765625,2255.050048828125,2268.35009765625,715668
2024-03-12 00:00:00+05:30,2271.699951171875,2279.85009765625,2232.39990234375,2242.60009765625,471203
2024-03-13 00:00:00+05:30,2242.60009765625,2257.5,2125.75,2146.25,999329
2024-03-14 00:00:00+05:30,2139.85009765625,2200.60009765625,2108.89990234375,2149.800048828125,970661
2024-03-15 00:00:00+05:30,2153.0,2159.0,2054.949951171875,2066.449951171875,1517532
2024-03-18 00:00:00+05:30,2061.0,2067.75,2012.050048828125,2031.449951171875,1291028
2024-03-19 00:00:00+05:30,2031.6500244140625,2056.0,2010.0,2041.800048828125,895151
2024-03-20 00:00:00+05:30,2055.64990234375,2105.0,2005.800048828125,2034.949951171875,1492834
2024-03-21 00:00:00+05:30,2080.14990234375,2080.949951171875,2023.300048828125,2055.050048828125,1087462
2024-03-22 00:00:00+05:30,2062.0,2085.0,2034.5,2050.800048828125,833468
2024-03-26 00:00:00+05:30,2053.300048828125,2088.0,2028.3499755859375,2082.949951171875,1066097
2024-03-27 00:00:00+05:30,2100.0,2134.0,2084.14990234375,2123.14990234375,1315796
2024-03-28 00:00:00+05:30,2140.0,2165.0,2104.39990234375,2151.85009765625,934714
2024-04-01 00:00:00+05:30,2174.0,2195.0,2128.199951171875,2139.10009765625,591922
2024-04-02 00:00:00+05:30,2175.300048828125,2175.300048828125,2116.89990234375,2150.550048828125,899959
2024-04-03 00:00:00+05:30,2150.0,2150.0,2101.199951171875,2104.39990234375,718065
2024-04-04 00:00:00+05:30,2118.85009765625,2118.85009765625,2067.75,2086.699951171875,797799
2024-04-05 00:00:00+05:30,2086.0,2094.0,2060.0,2069.39990234375,586351
2024-04-08 00:00:00+05:30,2080.0,2139.0,2066.300048828125,2132.949951171875,935056
2024-04-09 00:00:00+05:30,2144.0,2144.0,2096.0,2099.050048828125,546070
2024-04-10 00:00:00+05:30,2100.949951171875,2142.39990234375,2089.10009765625,2097.39990234375,592948
2024-04-12 00:00:00+05:30,2097.89990234375,2109.14990234375,2038.4000244140625,2046.8499755859375,770726
2024-04-15 00:00:00+05:30,2011.0999755859375,2046.6500244140625,1988.800048828125,2000.1500244140625,1014530
2024-04-16 00:00:00+05:30,1990.0999755859375,2001.4000244140625,1960.699951171875,1975.5999755859375,1225387
2024-04-18 00:00:00+05:30,1980.0,1988.5,1927.449951171875,1940.699951171875,2514361
2024-04-19 00:00:00+05:30,1918.0,1921.449951171875,1873.0,1899.050048828125,2046537
2024-04-22 00:00:00+05:30,1898.949951171875,1950.0,1890.0999755859375,1943.25,1222136
2024-04-23 00:00:00+05:30,1950.550048828125,1972.0,1918.5,1953.0999755859375,1278413
2024-04-24 00:00:00+05:30,1959.0,1971.0999755859375,1940.949951171875,1964.300048828125,1129487
2024-04-25 00:00:00+05:30,1968.0,2014.0999755859375,1951.300048828125,2005.75,1052042
2024-04-26 00:00:00+05:30,2007.0,2038.800048828125,1995.6500244140625,2016.5,809102
2024-04-29 00:00:00+05:30,2020.0,2042.0,2012.25,2036.5999755859375,420629
2024-04-30 00:00:00+05:30,2049.0,2105.39990234375,2043.699951171875,2060.0,1223892
2024-05-02 00:00:00+05:30,2117.85009765625,2117.85009765625,2066.550048828125,2072.949951171875,1595338
2024-05-03 00:00:00+05:30,2083.89990234375,2085.85009765625,2035.8499755859375,2052.75,527068
2024-05-06 00:00:00+05:30,2060.0,2070.0,2030.5,2056.85009765625,304143
2024-05-07 00:00:00+05:30,2063.050048828125,2065.0,1973.0,1979.5999755859375,725249
2024-05-08 00:00:00+05:30,1979.5999755859375,2025.0,1918.5,1996.6500244140625,2130967
2024-05-09 00:00:00+05:30,2023.9000244140625,2123.0,2023.9000244140625,2063.60009765625,5353261
2024-05-10 00:00:00+05:30,2080.0,2087.35009765625,2022.75,2063.550048828125,1125560
2024-05-13 00:00:00+05:30,2063.550048828125,2085.39990234375,1975.449951171875,2068.60009765625,1593052
2024-05-14 00:00:00+05:30,2074.800048828125,2139.949951171875,2065.0,2134.800048828125,1387841
2024-05-15 00:00:00+05:30,2140.0,2149.89990234375,2085.0,2099.949951171875,724319
2024-05-16 00:00:00+05:30,2120.0,2133.949951171875,2090.5,2127.89990234375,535364
2024-05-17 00:00:00+05:30,2127.89990234375,2192.64990234375,2115.050048828125,2184.449951171875,1090700
2024-05-21 00:00:00+05:30,2199.0,2199.449951171875,2142.10009765625,2155.89990234375,772583
2024-05-22 00:00:00+05:30,2167.0,2170.0,2121.10009765625,2142.300048828125,609077
2024-05-23 00:00:00+05:30,2143.75,2181.0,2137.050048828125,2175.14990234375,457984
2024-05-24 00:00:00+05:30,2165.050048828125,2254.0,2160.0,2238.5,1224582
2024-05-27 00:00:00+05:30,2260.0,2264.39990234375,2208.449951171875,2249.550048828125,809083
2024-05-28 00:00:00+05:30,2250.0,2270.949951171875,2226.64990234375,2251.64990234375,678357
2024-05-29 00:00:00+05:30,2230.60009765625,2265.10009765625,2215.050048828125,2253.85009765625,518041
2024-05-30 00:00:00+05:30,2244.949951171875,2259.25,2222.699951171875,2230.85009765625,741013
2024-05-31 00:00:00+05:30,2227.14990234375,2238.800048828125,2145.75,2179.25,2814422
2024-06-03 00:00:00+05:30,2234.550048828125,2255.0,2207.300048828125,2250.0,895334
2024-06-04 00:00:00+05:30,2251.0,2253.0,2069.0,2211.449951171875,1169349
2024-06-05 00:00:00+05:30,2223.10009765625,2370.10009765625,2201.89990234375,2351.800048828125,1794260
2024-06-06 00:00:00+05:30,2360.0,2409.949951171875,2335.5,2398.199951171875,1606531
2024-06-07 00:00:00+05:30,2400.0,2429.64990234375,2387.14990234375,2407.64990234375,747356
2024-06-10 00:00:00+05:30,2419.64990234375,2444.949951171875,2412.0,2436.85009765625,1482253
2024-06-11 00:00:00+05:30,2440.0,2452.0,2418.0,2442.449951171875,937870
2024-06-12 00:00:00+05:30,2448.10009765625,2448.10009765625,2415.60009765625,2420.5,630482
2024-06-13 00:00:00+05:30,2440.75,2461.0,2411.0,2441.64990234375,990069
2024-06-14 00:00:00+05:30,2446.39990234375,2519.0,2441.64990234375,2503.85009765625,813619
2024-06-18 00:00:00+05:30,2510.0,2510.550048828125,2453.300048828125,2471.14990234375,1090211
2024-06-19 00:00:00+05:30,2470.050048828125,2474.050048828125,2430.14990234375,2437.75,674896
2024-06-20 00:00:00+05:30,2431.64990234375,2449.300048828125,2388.5,2427.949951171875,759638
2024-06-21 00:00:00+05:30,2440.0,2468.949951171875,2425.0,2435.39990234375,1274845
2024-06-24 00:00:00+05:30,2435.39990234375,2463.0,2427.050048828125,2439.699951171875,838611
2024-06-25 00:00:00+05:30,2440.699951171875,2483.550048828125,2406.85009765625,2414.699951171875,709617
2024-06-26 00:00:00+05:30,2419.949951171875,2419.949951171875,2353.0,2376.75,1328074
2024-06-27 00:00:00+05:30,2368.85009765625,2403.199951171875,2334.550048828125,2344.14990234375,2892926
2024-06-28 00:00:00+05:30,2363.0,2376.0,2327.10009765625,2364.85009765625,531757
2024-07-01 00:00:00+05:30,2364.85009765625,2388.64990234375,2340.35009765625,2354.60009765625,531888
2024-07-02 00:00:00+05:30,2354.60009765625,2369.39990234375,2314.75,2338.35009765625,879900
2024-07-03 00:00:00+05:30,2350.0,2373.199951171875,2301.199951171875,2314.60009765625,745901
2024-07-04 00:00:00+05:30,2320.0,2393.949951171875,2317.75,2365.949951171875,1348615
2024-07-05 00:00:00+05:30,2369.050048828125,2439.0,2369.050048828125,2430.14990234375,1253460
2024-07-08 00:00:00+05:30,2445.949951171875,2445.949951171875,2381.39990234375,2398.25,752377
2024-07-09 00:00:00+05:30,2403.10009765625,2447.5,2397.5,2438.199951171875,761404
2024-07-10 00:00:00+05:30,2452.0,2476.449951171875,2406.449951171875,2440.25,1400944
2024-07-11 00:00:00+05:30,2444.199951171875,2491.89990234375,2444.199951171875,2475.699951171875,2112524
2024-07-12 00:00:00+05:30,2480.0,2491.0,2425.10009765625,2439.449951171875,742628
2024-07-15 00:00:00+05:30,2445.0,2455.550048828125,2424.300048828125,2450.85009765625,320518
2024-07-16 00:00:00+05:30,2459.0,2472.85009765625,2436.89990234375,2455.39990234375,424872
2024-07-18 00:00:00+05:30,2460.0,2464.949951171875,2383.0,2407.60009765625,894461
2024-07-19 00:00:00+05:30,2410.550048828125,2417.699951171875,2370.0,2404.550048828125,858204
2024-07-22 00:00:00+05:30,2404.800048828125,2440.949951171875,2371.0,2426.10009765625,510664
2024-07-23 00:00:00+05:30,2425.89990234375,2490.0,2359.949951171875,2472.199951171875,836325
2024-07-24 00:00:00+05:30,2485.0,2485.0,2421.14990234375,2449.550048828125,542901
2024-07-25 00:00:00+05:30,2445.550048828125,2458.5,2421.0,2449.300048828125,395417
2024-07-26 00:00:00+05:30,2449.5,2528.800048828125,2438.75,2508.0,1328315
2024-07-29 00:00:00+05:30,2529.0,2539.949951171875,2465.75,2484.60009765625,715525
2024-07-30 00:00:00+05:30,2484.550048828125,2511.949951171875,2470.60009765625,2496.699951171875,635216
2024-07-31 00:00:00+05:30,2492.10009765625,2557.050048828125,2492.10009765625,2531.0,1913288
2024-08-01 00:00:00+05:30,2532.0,2602.14990234375,2520.0,2584.199951171875,2477455
2024-08-02 00:00:00+05:30,2574.800048828125,2584.89990234375,2525.0,2569.39990234375,907741
2024-08-05 00:00:00+05:30,2515.39990234375,2561.0,2461.5,2493.35009765625,1605272
2024-08-06 00:00:00+05:30,2514.89990234375,2529.949951171875,2427.0,2478.800048828125,2149602
2024-08-07 00:00:00+05:30,2535.0,2618.64990234375,2535.0,2574.550048828125,2338106
2024-08-08 00:00:00+05:30,2579.0,2590.64990234375,2504.14990234375,2529.050048828125,608596
2024-08-09 00:00:00+05:30,2541.60009765625,2589.60009765625,2534.050048828125,2581.449951171875,554497
2024-08-12 00:00:00+05:30,2578.39990234375,2583.10009765625,2535.0,2578.0,788200
2024-08-13 00:00:00+05:30,2588.89990234375,2655.0,2555.5,2635.800048828125,2005430
2024-08-14 00:00:00+05:30,2635.800048828125,2653.14990234375,2594.5,2605.5,1364898
2024-08-16 00:00:00+05:30,2625.0,2635.14990234375,2572.85009765625,2600.25,1089926
2024-08-19 00:00:00+05:30,2622.550048828125,2625.0,2585.25,2607.60009765625,464963
2024-08-20 00:00:00+05:30,2624.0,2647.39990234375,2612.050048828125,2636.199951171875,546115
2024-08-21 00:00:00+05:30,2636.199951171875,2636.199951171875,2605.60009765625,2631.5,968366
2024-08-22 00:00:00+05:30,2647.0,2715.199951171875,2629.35009765625,2706.25,1415927
2024-08-23 00:00:00+05:30,2760.0,2818.0,2751.199951171875,2767.0,2526589
2024-08-26 00:00:00+05:30,2781.699951171875,2789.0,2740.699951171875,2775.199951171875,694903
2024-08-27 00:00:00+05:30,2785.0,2786.85009765625,2722.14990234375,2741.10009765625,917102
2024-08-28 00:00:00+05:30,2756.39990234375,2762.199951171875,2721.949951171875,2737.25,615924
2024-08-29 00:00:00+05:30,2750.0,2765.5,2725.550048828125,2751.550048828125,545401
2024-08-30 00:00:00+05:30,2779.0,2824.0,2757.85009765625,2813.300048828125,1691050
2024-09-02 00:00:00+05:30,2859.5,2860.0,2780.35009765625,2790.699951171875,1086763
2024-09-03 00:00:00+05:30,2806.0,2806.0,2777.35009765625,2782.60009765625,732254
2024-09-04 00:00:00+05:30,2756.699951171875,2783.60009765625,2746.050048828125,2774.89990234375,512770
2024-09-05 00:00:00+05:30,2771.0,2802.5,2752.300048828125,2761.699951171875,472195
2024-09-06 00:00:00+05:30,2761.64990234375,2783.050048828125,2732.85009765625,2752.300048828125,638798
2024-09-09 00:00:00+05:30,2753.85009765625,2771.60009765625,2716.050048828125,2765.10009765625,420546
2024-09-10 00:00:00+05:30,2778.800048828125,2789.10009765625,2747.64990234375,2755.0,361187
2024-09-11 00:00:00+05:30,2764.800048828125,2780.0,2726.39990234375,2759.64990234375,451598
2024-09-12 00:00:00+05:30,2780.050048828125,2828.0,2765.35009765625,2822.85009765625,640298
2024-09-13 00:00:00+05:30,2834.85009765625,2843.60009765625,2818.35009765625,2828.64990234375,372568
2024-09-16 00:00:00+05:30,2840.800048828125,2849.949951171875,2805.0,2841.75,237258
2024-09-17 00:00:00+05:30,2850.0,2850.0,2783.10009765625,2818.75,998069
2024-09-18 00:00:00+05:30,2819.949951171875,2835.0,2772.199951171875,2784.75,537825
2024-09-19 00:00:00+05:30,2809.800048828125,2816.89990234375,2728.10009765625,2770.60009765625,541355
2024-09-20 00:00:00+05:30,2785.0,2824.89990234375,2766.949951171875,2815.60009765625,1029376
2024-09-23 00:00:00+05:30,2832.89990234375,2879.0,2813.449951171875,2845.199951171875,1352527
2024-09-24 00:00:00+05:30,2832.5,2885.89990234375,2828.050048828125,2868.699951171875,716361
2024-09-25 00:00:00+05:30,2865.0,2898.89990234375,2846.10009765625,2871.5,901475
2024-09-26 00:00:00+05:30,2870.0,2902.0,2831.39990234375,2891.10009765625,717570
2024-09-27 00:00:00+05:30,2887.449951171875,2958.0,2869.14990234375,2949.699951171875,1294096
2024-09-30 00:00:00+05:30,2947.39990234375,2947.39990234375,2806.35009765625,2839.85009765625,1318103
2024-10-01 00:00:00+05:30,2857.0,2875.25,2811.0,2838.64990234375,853088
2024-10-03 00:00:00+05:30,2761.0,2800.0,2716.25,2725.60009765625,1164231
2024-10-04 00:00:00+05:30,2729.0,2751.300048828125,2658.0,2687.5,1039593
2024-10-07 00:00:00+05:30,2688.0,2700.0,2621.14990234375,2637.85009765625,658074
2024-10-08 00:00:00+05:30,2624.5,2747.35009765625,2621.449951171875,2740.550048828125,1114457
2024-10-09 00:00:00+05:30,2760.0,2804.60009765625,2721.0,2782.550048828125,884279
2024-10-10 00:00:00+05:30,2780.0,2828.0,2762.0,2793.5,498243
2024-10-11 00:00:00+05:30,2791.550048828125,2800.0,2764.64990234375,2794.35009765625,272568
2024-10-14 00:00:00+05:30,2794.300048828125,2845.0,2789.0,2830.39990234375,446302
2024-10-15 00:00:00+05:30,2846.10009765625,2848.0,2800.64990234375,2833.60009765625,671968
2024-10-16 00:00:00+05:30,2824.050048828125,2829.89990234375,2754.5,2774.14990234375,336618
2024-10-17 00:00:00+05:30,2744.0,2749.85009765625,2594.60009765625,2679.25,2812222
2024-10-18 00:00:00+05:30,2678.949951171875,2753.800048828125,2651.10009765625,2715.89990234375,570397
2024-10-21 00:00:00+05:30,2715.35009765625,2756.35009765625,2666.10009765625,2737.699951171875,685233
2024-10-22 00:00:00+05:30,2749.0,2749.0,2658.050048828125,2662.5,453367
2024-10-23 00:00:00+05:30,2689.85009765625,2771.89990234375,2485.89990234375,2562.949951171875,2474437
2024-10-24 00:00:00+05:30,2625.0,2649.0,2475.14990234375,2482.35009765625,2651875
2024-10-25 00:00:00+05:30,2502.10009765625,2502.10009765625,2375.0,2449.800048828125,2013642
2024-10-28 00:00:00+05:30,2449.75,2481.699951171875,2408.5,2462.35009765625,887553
2024-10-29 00:00:00+05:30,2460.0,2474.39990234375,2410.199951171875,2447.199951171875,817875
2024-10-30 00:00:00+05:30,2425.0,2496.050048828125,2425.0,2458.89990234375,844370
2024-10-31 00:00:00+05:30,2460.050048828125,2500.699951171875,2448.35009765625,2493.699951171875,1006395
2024-11-01 00:00:00+05:30,2525.0,2525.0,2501.75,2509.699951171875,84638
2024-11-04 00:00:00+05:30,2523.85009765625,2523.85009765625,2404.699951171875,2412.14990234375,791508
2024-11-05 00:00:00+05:30,2412.14990234375,2468.14990234375,2395.0,2458.39990234375,496975
2024-11-06 00:00:00+05:30,2478.0,2513.0,2462.39990234375,2485.89990234375,606094
2024-11-07 00:00:00+05:30,2497.0,2514.0,2443.199951171875,2479.449951171875,626252
2024-11-08 00:00:00+05:30,2486.0,2490.300048828125,2445.0,2467.89990234375,229547
2024-11-11 00:00:00+05:30,2455.0,2493.60009765625,2441.050048828125,2460.5,304447
2024-11-12 00:00:00+05:30,2460.0,2485.0,2430.0,2440.300048828125,488274
2024-11-13 00:00:00+05:30,2421.800048828125,2425.949951171875,2356.949951171875,2385.75,1158274
2024-11-14 00:00:00+05:30,2375.0,2415.0,2360.0,2396.14990234375,308515
2024-11-18 00:00:00+05:30,2409.0,2443.300048828125,2395.050048828125,2416.0,369073
2024-11-19 00:00:00+05:30,2419.800048828125,2469.89990234375,2413.60009765625,2429.25,349283
2024-11-21 00:00:00+05:30,2415.0,2429.25,2381.550048828125,2388.449951171875,526062
2024-11-22 00:00:00+05:30,2378.75,2425.300048828125,2361.0,2414.25,483482
2024-11-25 00:00:00+05:30,2465.0,2488.85009765625,2446.050048828125,2458.35009765625,1152942
2024-11-26 00:00:00+05:30,2463.199951171875,2468.75,2413.050048828125,2424.60009765625,522817
2024-11-27 00:00:00+05:30,2430.0,2446.0,2405.0,2440.64990234375,560953
2024-11-28 00:00:00+05:30,2441.5,2459.199951171875,2410.0,2415.449951171875,920475
2024-11-29 00:00:00+05:30,2402.0,2445.0,2396.89990234375,2434.449951171875,598013
2024-12-02 00:00:00+05:30,2457.050048828125,2496.5,2451.0,2493.39990234375,886621
2024-12-03 00:00:00+05:30,2500.14990234375,2572.800048828125,2500.0,2556.199951171875,1504046
2024-12-04 00:00:00+05:30,2569.75,2569.75,2503.5,2518.699951171875,565355
2024-12-05 00:00:00+05:30,2533.800048828125,2533.800048828125,2472.64990234375,2512.199951171875,518320
2024-12-06 00:00:00+05:30,2519.89990234375,2537.89990234375,2505.25,2521.550048828125,328425
2024-12-09 00:00:00+05:30,2527.449951171875,2532.0,2481.050048828125,2488.85009765625,343525
2024-12-10 00:00:00+05:30,2497.800048828125,2524.0,2483.949951171875,2520.199951171875,549109
2024-12-11 00:00:00+05:30,2520.199951171875,2543.449951171875,2513.050048828125,2531.449951171875,394565
2024-12-12 00:00:00+05:30,2530.0,2537.60009765625,2496.60009765625,2523.75,282735
2024-12-13 00:00:00+05:30,2518.050048828125,2530.0,2465.0,2521.89990234375,286975
2024-12-16 00:00:00+05:30,2521.89990234375,2547.10009765625,2511.85009765625,2527.89990234375,311223
2024-12-17 00:00:00+05:30,2514.0,2527.89990234375,2433.050048828125,2453.050048828125,934501
2024-12-18 00:00:00+05:30,2438.050048828125,2492.0,2428.449951171875,2479.25,671227
2024-12-19 00:00:00+05:30,2449.0,2466.25,2423.0,2459.64990234375,622765
2024-12-20 00:00:00+05:30,2470.0,2470.0,2381.75,2391.64990234375,575609
2024-12-23 00:00:00+05:30,2395.449951171875,2419.85009765625,2380.0,2388.300048828125,624465
2024-12-24 00:00:00+05:30,2389.0,2433.64990234375,2372.550048828125,2427.14990234375,377743
2024-12-26 00:00:00+05:30,2431.10009765625,2448.0,2416.800048828125,2438.550048828125,384423
2024-12-27 00:00:00+05:30,2439.5,2489.800048828125,2417.75,2420.449951171875,456684
2024-12-30 00:00:00+05:30,2418.800048828125,2428.89990234375,2333.449951171875,2353.60009765625,2546678
2024-12-31 00:00:00+05:30,2359.89990234375,2374.89990234375,2346.050048828125,2368.5,649708
2025-01-01 00:00:00+05:30,2365.0,2420.25,2347.0,2406.60009765625,330907
2025-01-02 00:00:00+05:30,2419.300048828125,2508.0,2402.050048828125,2501.449951171875,1247379
2025-01-03 00:00:00+05:30,2514.0,2514.0,2467.5,2482.949951171875,766578
2025-01-06 00:00:00+05:30,2488.0,2495.0,2401.75,2413.85009765625,592677
2025-01-07 00:00:00+05:30,2420.050048828125,2450.85009765625,2366.75,2384.5,529516
2025-01-08 00:00:00+05:30,2381.10009765625,2395.0,2343.0,2361.800048828125,678020
2025-01-09 00:00:00+05:30,2360.0,2366.39990234375,2311.0,2326.449951171875,956229
2025-01-10 00:00:00+05:30,2332.5,2349.949951171875,2272.64990234375,2283.25,638304
2025-01-13 00:00:00+05:30,2277.10009765625,2278.25,2171.39990234375,2176.60009765625,896851
2025-01-14 00:00:00+05:30,2178.449951171875,2264.0,2178.449951171875,2235.0,707155
2025-01-15 00:00:00+05:30,2237.050048828125,2261.85009765625,2225.39990234375,2250.5,1051263
2025-01-16 00:00:00+05:30,2269.85009765625,2306.14990234375,2263.0,2278.050048828125,661212
2025-01-17 00:00:00+05:30,2288.0,2307.14990234375,2254.10009765625,2301.25,569486
2025-01-20 00:00:00+05:30,2314.0,2314.800048828125,2245.0,2292.949951171875,684192
2025-01-21 00:00:00+05:30,2303.0,2326.5,2282.199951171875,2291.89990234375,687145
2025-01-22 00:00:00+05:30,2304.0,2309.0,2244.10009765625,2273.25,600777
2025-01-23 00:00:00+05:30,2262.449951171875,2306.5,2248.60009765625,2300.10009765625,336213
2025-01-24 00:00:00+05:30,2301.0,2307.300048828125,2258.0,2270.699951171875,576285
2025-01-27 00:00:00+05:30,2264.800048828125,2274.75,2218.14990234375,2231.39990234375,663070
2025-01-28 00:00:00+05:30,2254.0,2374.89990234375,2217.050048828125,2335.800048828125,1446186
2025-01-29 00:00:00+05:30,2359.0,2539.199951171875,2356.800048828125,2464.75,3167978
2025-01-30 00:00:00+05:30,2459.050048828125,2505.10009765625,2429.85009765625,2455.25,879247
2025-01-31 00:00:00+05:30,2457.550048828125,2492.5,2440.550048828125,2457.89990234375,681021
2025-02-01 00:00:00+05:30,2466.0,2688.0,2435.550048828125,2555.10009765625,2148989
2025-02-03 00:00:00+05:30,2549.89990234375,2661.199951171875,2527.64990234375,2653.75,3036331
2025-02-04 00:00:00+05:30,2659.89990234375,2720.0,2637.449951171875,2644.39990234375,1473984
2025-02-05 00:00:00+05:30,2655.0,2660.0,2597.39990234375,2617.050048828125,594760
2025-02-06 00:00:00+05:30,2617.0,2627.949951171875,2585.699951171875,2591.35009765625,306299
2025-02-07 00:00:00+05:30,2610.60009765625,2630.550048828125,2576.800048828125,2605.64990234375,493929
2025-02-10 00:00:00+05:30,2616.0,2650.0,2535.60009765625,2558.39990234375,440811
2025-02-11 00:00:00+05:30,2545.75,2558.39990234375,2470.699951171875,2485.0,366437
2025-02-12 00:00:00+05:30,2500.0,2502.5,2420.0,2493.449951171875,527642
2025-02-13 00:00:00+05:30,2490.0,2524.199951171875,2461.0,2475.39990234375,396181
2025-02-14 00:00:00+05:30,2476.0,2485.60009765625,2368.5,2401.39990234375,483107
2025-02-17 00:00:00+05:30,2401.39990234375,2403.0,2356.050048828125,2365.699951171875,459708
2025-02-18 00:00:00+05:30,2360.5,2371.949951171875,2337.10009765625,2353.64990234375,514133
2025-02-19 00:00:00+05:30,2342.800048828125,2397.0,2330.050048828125,2381.89990234375,631536
2025-02-20 00:00:00+05:30,2375.0,2425.0,2345.0,2419.25,645674
2025-02-21 00:00:00+05:30,2414.60009765625,2417.300048828125,2302.550048828125,2324.949951171875,1384743
2025-02-24 00:00:00+05:30,2309.550048828125,2375.85009765625,2274.550048828125,2362.449951171875,505656
2025-02-25 00:00:00+05:30,2367.0,2396.0,2347.550048828125,2360.64990234375,455790
2025-02-27 00:00:00+05:30,2360.64990234375,2384.25,2304.10009765625,2338.949951171875,558324
2025-02-28 00:00:00+05:30,2318.0,2318.0,2192.75,2225.5,1399849
2025-03-03 00:00:00+05:30,2268.949951171875,2335.0,2248.10009765625,2323.85009765625,1316845
2025-03-04 00:00:00+05:30,2289.949951171875,2335.0,2252.300048828125,2293.89990234375,1208564
2025-03-05 00:00:00+05:30,2308.60009765625,2347.39990234375,2280.5,2330.699951171875,695924
2025-03-06 00:00:00+05:30,2358.0,2358.0,2292.550048828125,2319.5,651917
2025-03-07 00:00:00+05:30,2332.0,2359.10009765625,2307.699951171875,2332.89990234375,683846
2025-03-10 00:00:00+05:30,2332.89990234375,2341.39990234375,2245.0,2257.25,480419
2025-03-11 00:00:00+05:30,2247.0,2299.14990234375,2218.800048828125,2288.85009765625,574902
2025-03-12 00:00:00+05:30,2291.0,2299.949951171875,2242.199951171875,2259.0,519721
2025-03-13 00:00:00+05:30,2255.050048828125,2287.949951171875,2246.050048828125,2250.89990234375,413139
2025-03-17 00:00:00+05:30,2258.550048828125,2313.449951171875,2256.050048828125,2266.800048828125,582066
2025-03-18 00:00:00+05:30,2266.800048828125,2266.800048828125,2266.800048828125,2266.800048828125,0
2025-03-19 00:00:00+05:30,2324.0,2342.5,2303.699951171875,2319.75,610676
2025-03-20 00:00:00+05:30,2348.14990234375,2353.050048828125,2308.5,2346.800048828125,597377
2025-03-21 00:00:00+05:30,2355.85009765625,2450.0,2350.050048828125,2413.85009765625,1871573
2025-03-24 00:00:00+05:30,2434.0,2457.75,2395.050048828125,2444.699951171875,703461
2025-03-25 00:00:00+05:30,2464.0,2464.0,2410.0,2421.5,767700
2025-03-26 00:00:00+05:30,2415.0,2450.0,2407.0,2429.199951171875,512282
2025-03-27 00:00:00+05:30,2411.949951171875,2460.949951171875,2370.0,2455.64990234375,636174
2025-03-28 00:00:00+05:30,2463.0,2468.0,2401.5,2419.85009765625,582409
2025-04-01 00:00:00+05:30,2425.0,2459.199951171875,2392.89990234375,2440.85009765625,463333
2025-04-02 00:00:00+05:30,2450.0,2518.449951171875,2443.550048828125,2496.10009765625,832671
2025-04-03 00:00:00+05:30,2470.0,2501.0,2441.25,2476.050048828125,529522
2025-04-04 00:00:00+05:30,2473.050048828125,2550.949951171875,2450.39990234375,2464.949951171875,567198
2025-04-07 00:00:00+05:30,2245.25,2394.89990234375,2221.10009765625,2368.14990234375,1050483
2025-04-08 00:00:00+05:30,2395.050048828125,2449.0,2360.5,2437.64990234375,692612
2025-04-09 00:00:00+05:30,2450.0,2488.699951171875,2417.10009765625,2475.25,898839
2025-04-11 00:00:00+05:30,2511.64990234375,2530.0,2496.050048828125,2513.300048828125,912929
2025-04-15 00:00:00+05:30,2586.0,2600.5,2545.800048828125,2586.5,1045478
2025-04-16 00:00:00+05:30,2589.0,2624.800048828125,2567.39990234375,2614.199951171875,591510
2025-04-17 00:00:00+05:30,2600.0,2690.0,2600.0,2679.300048828125,891895
2025-04-21 00:00:00+05:30,2695.0,2745.10009765625,2668.199951171875,2735.60009765625,454985
2025-04-22 00:00:00+05:30,2755.0,2771.5,2723.300048828125,2738.5,1128946
2025-04-23 00:00:00+05:30,2738.5,2816.10009765625,2720.5,2806.699951171875,465708
2025-04-24 00:00:00+05:30,2798.0,2820.0,2750.5,2773.89990234375,605270
2025-04-25 00:00:00+05:30,2791.0,2809.699951171875,2695.0,2737.89990234375,711996
2025-04-28 00:00:00+05:30,2745.0,2848.89990234375,2710.0,2793.10009765625,859499
2025-04-29 00:00:00+05:30,2774.0,2797.800048828125,2680.10009765625,2702.60009765625,2948364
2025-04-30 00:00:00+05:30,2702.89990234375,2708.89990234375,2655.0,2672.0,1551074
2025-05-02 00:00:00+05:30,2700.5,2752.0,2700.0,2720.0,1412488
2025-05-05 00:00:00+05:30,2731.800048828125,2796.199951171875,2727.300048828125,2782.60009765625,833618
2025-05-06 00:00:00+05:30,2794.0,2829.89990234375,2758.0,2773.5,961359
2025-05-07 00:00:00+05:30,2755.0,2811.0,2755.0,2792.300048828125,779782
2025-05-08 00:00:00+05:30,2800.0,2808.199951171875,2680.199951171875,2695.60009765625,888115
2025-05-09 00:00:00+05:30,2645.0,2686.10009765625,2640.0,2663.699951171875,964332
2025-05-12 00:00:00+05:30,2725.0,2774.0,2719.699951171875,2760.699951171875,701314
2025-05-13 00:00:00+05:30,2764.0,2780.800048828125,2700.0,2712.39990234375,657860
2025-05-14 00:00:00+05:30,2720.39990234375,2738.0,2689.0,2727.300048828125,609489
2025-05-15 00:00:00+05:30,2727.300048828125,2794.800048828125,2709.0,2789.800048828125,1126642
2025-05-16 00:00:00+05:30,2799.89990234375,2853.89990234375,2777.0,2841.5,823478
2025-05-19 00:00:00+05:30,2854.5,2878.89990234375,2815.199951171875,2825.10009765625,841294
2025-05-20 00:00:00+05:30,2840.0,2840.0,2744.300048828125,2751.199951171875,680986
2025-05-21 00:00:00+05:30,2761.10009765625,2808.0,2741.10009765625,2767.300048828125,486324
2025-05-22 00:00:00+05:30,2767.10009765625,2810.0,2717.0,2802.800048828125,785085
2025-05-23 00:00:00+05:30,2822.0,2824.199951171875,2777.5,2780.60009765625,537902
2025-05-26 00:00:00+05:30,2794.0,2815.0,2769.699951171875,2776.800048828125,656043
2025-05-27 00:00:00+05:30,2790.0,2805.5,2745.800048828125,2799.699951171875,457064
2025-05-28 00:00:00+05:30,2799.699951171875,2812.89990234375,2779.10009765625,2801.5,479024
2025-05-29 00:00:00+05:30,2817.800048828125,2832.89990234375,2790.800048828125,2808.60009765625,601733
2025-05-30 00:00:00+05:30,2795.10009765625,2809.0,2733.10009765625,2780.800048828125,1690693
2025-06-02 00:00:00+05:30,2785.0,2796.89990234375,2722.10009765625,2763.39990234375,673513
2025-06-03 00:00:00+05:30,2764.10009765625,2778.5,2735.5,2744.800048828125,453177
2025-06-04 00:00:00+05:30,2750.0,2780.39990234375,2745.699951171875,2760.39990234375,440642
2025-06-05 00:00:00+05:30,2769.699951171875,2769.699951171875,2704.199951171875,2717.60009765625,969443
2025-06-06 00:00:00+05:30,2739.0,2759.0,2708.0,2747.800048828125,825448
2025-06-09 00:00:00+05:30,2765.0,2769.0,2718.0,2743.199951171875,645071
2025-06-10 00:00:00+05:30,2745.0,2764.0,2732.10009765625,2745.0,570176
2025-06-11 00:00:00+05:30,2750.0,2809.0,2745.0,2771.0,1303148
2025-06-12 00:00:00+05:30,2782.0,2790.0,2727.0,2739.39990234375,418847
2025-06-13 00:00:00+05:30,2705.0,2747.800048828125,2655.10009765625,2740.89990234375,554368
2025-06-16 00:00:00+05:30,2740.89990234375,2799.60009765625,2719.5,2796.5,568490
2025-06-17 00:00:00+05:30,2807.0,2808.0,2769.10009765625,2777.199951171875,480492
2025-06-18 00:00:00+05:30,2777.199951171875,2825.0,2760.5,2775.89990234375,792908
2025-06-19 00:00:00+05:30,2762.199951171875,2817.0,2762.199951171875,2779.89990234375,597873
2025-06-20 00:00:00+05:30,2791.60009765625,2833.699951171875,2756.10009765625,2812.10009765625,1007979
2025-06-23 00:00:00+05:30,2800.0,2809.89990234375,2767.10009765625,2778.60009765625,414211
2025-06-24 00:00:00+05:30,2800.89990234375,2873.699951171875,2800.89990234375,2837.10009765625,1407004
2025-06-25 00:00:00+05:30,2850.0,2925.0,2849.0,2916.800048828125,1137136
2025-06-26 00:00:00+05:30,2929.0,2936.89990234375,2896.60009765625,2928.89990234375,949146
2025-06-27 00:00:00+05:30,2927.0,2960.300048828125,2911.60009765625,2939.300048828125,2231250
2025-06-30 00:00:00+05:30,2948.0,2951.10009765625,2882.0,2918.0,1372365
2025-07-01 00:00:00+05:30,2935.0,2936.0,2884.89990234375,2893.60009765625,840834
2025-07-02 00:00:00+05:30,2904.60009765625,2915.89990234375,2880.0,2898.300048828125,606782
2025-07-03 00:00:00+05:30,2918.0,2946.60009765625,2893.199951171875,2899.199951171875,787076
2025-07-04 00:00:00+05:30,2900.0,2912.5,2849.300048828125,2880.10009765625,494247
2025-07-07 00:00:00+05:30,2876.10009765625,2892.5,2862.10009765625,2876.89990234375,256130
2025-07-08 00:00:00+05:30,2889.0,2889.0,2800.0,2830.699951171875,495704
2025-07-09 00:00:00+05:30,2810.0,2844.0,2810.0,2840.10009765625,316919
2025-07-10 00:00:00+05:30,2840.0,2844.0,2822.0,2830.10009765625,307147
2025-07-11 00:00:00+05:30,2810.0,2828.800048828125,2746.0,2754.5,553847
2025-07-14 00:00:00+05:30,2754.5,2807.699951171875,2750.5,2802.199951171875,1072824
2025-07-15 00:00:00+05:30,2800.0,2901.699951171875,2799.0,2885.0,916986
2025-07-16 00:00:00+05:30,2884.0,2902.0,2865.0,2897.300048828125,451252
2025-07-17 00:00:00+05:30,2897.300048828125,2909.800048828125,2872.0,2878.800048828125,586027
2025-07-18 00:00:00+05:30,2890.199951171875,2898.199951171875,2845.0,2849.300048828125,410749
2025-07-21 00:00:00+05:30,2850.39990234375,2885.300048828125,2831.10009765625,2835.5,485377
2025-07-22 00:00:00+05:30,2835.5,2843.800048828125,2787.5,2795.39990234375,355925
2025-07-23 00:00:00+05:30,2809.39990234375,2835.60009765625,2793.10009765625,2802.60009765625,545414
2025-07-24 00:00:00+05:30,2818.800048828125,2828.0,2782.0,2797.699951171875,395856
2025-07-25 00:00:00+05:30,2797.699951171875,2799.89990234375,2728.699951171875,2774.39990234375,909208
2025-07-28 00:00:00+05:30,2774.39990234375,2832.800048828125,2750.0,2798.89990234375,601547
2025-07-29 00:00:00+05:30,2790.0,2825.0,2784.89990234375,2801.800048828125,820647
2025-07-30 00:00:00+05:30,2814.89990234375,2825.0,2754.5,2793.60009765625,624411
2025-07-31 00:00:00+05:30,2760.0,2846.0,2755.0,2801.800048828125,1287444
2025-08-01 00:00:00+05:30,2825.0,2884.10009765625,2799.10009765625,2858.199951171875,2512045
2025-08-04 00:00:00+05:30,2890.0,2968.0,2882.60009765625,2942.5,1942925
2025-08-05 00:00:00+05:30,2951.0,2988.89990234375,2913.0,2983.199951171875,1159503
2025-08-06 00:00:00+05:30,2980.0,3001.800048828125,2939.89990234375,2952.699951171875,700188
2025-08-07 00:00:00+05:30,2952.0,3020.10009765625,2931.300048828125,3013.39990234375,830216
2025-08-08 00:00:00+05:30,3014.89990234375,3024.199951171875,2960.0,2968.89990234375,387198
2025-08-11 00:00:00+05:30,2985.0,2999.0,2957.300048828125,2981.199951171875,569270
2025-08-12 00:00:00+05:30,2994.39990234375,3000.0,2955.5,2963.800048828125,612973
2025-08-13 00:00:00+05:30,2977.800048828125,3044.800048828125,2963.800048828125,3019.199951171875,1546062
2025-08-14 00:00:00+05:30,3034.0,3039.89990234375,2985.60009765625,3020.300048828125,1075908
2025-08-18 00:00:00+05:30,3155.89990234375,3255.800048828125,3132.39990234375,3219.699951171875,3748828
2025-08-19 00:00:00+05:30,3220.0,3257.800048828125,3209.800048828125,3251.89990234375,1233895
2025-08-20 00:00:00+05:30,3252.10009765625,3272.39990234375,3221.199951171875,3229.800048828125,886979
2025-08-21 00:00:00+05:30,3247.800048828125,3308.0,3228.0,3280.89990234375,1427568
2025-08-22 00:00:00+05:30,3281.0,3305.0,3273.5,3294.60009765625,1323997
2025-08-25 00:00:00+05:30,3310.0,3318.0,3259.800048828125,3284.699951171875,733843
2025-08-26 00:00:00+05:30,3274.10009765625,3297.300048828125,3253.199951171875,3272.300048828125,1060760
2025-08-28 00:00:00+05:30,3349.0,3349.0,3246.0,3256.0,856511
2025-08-29 00:00:00+05:30,3239.10009765625,3313.89990234375,3238.0,3276.60009765625,1023381
2025-09-01 00:00:00+05:30,3295.10009765625,3373.699951171875,3280.60009765625,3356.199951171875,803428
2025-09-02 00:00:00+05:30,3361.0,3394.0,3333.10009765625,3369.60009765625,641932
2025-09-03 00:00:00+05:30,3367.10009765625,3413.60009765625,3351.199951171875,3400.300048828125,752456
2025-09-04 00:00:00+05:30,3500.0,3500.0,3422.39990234375,3433.199951171875,1331870
2025-09-05 00:00:00+05:30,3450.300048828125,3481.300048828125,3446.10009765625,3476.60009765625,786141
2025-09-08 00:00:00+05:30,3488.39990234375,3602.699951171875,3488.39990234375,3591.300048828125,1406946
2025-09-09 00:00:00+05:30,3591.300048828125,3597.300048828125,3544.39990234375,3566.300048828125,675896
2025-09-10 00:00:00+05:30,3583.300048828125,3592.39990234375,3479.5,3495.300048828125,916961
2025-09-11 00:00:00+05:30,3495.300048828125,3525.0,3455.5,3512.10009765625,545731
2025-09-12 00:00:00+05:30,3520.0,3556.800048828125,3479.89990234375,3492.39990234375,437676
2025-09-15 00:00:00+05:30,3508.300048828125,3529.0,3469.699951171875,3477.39990234375,561079
2025-09-16 00:00:00+05:30,3489.39990234375,3522.10009765625,3482.0,3499.89990234375,771880
2025-09-17 00:00:00+05:30,3504.89990234375,3524.60009765625,3491.10009765625,3500.10009765625,335818
2025-09-18 00:00:00+05:30,3518.800048828125,3552.5,3491.10009765625,3546.60009765625,637171
2025-09-19 00:00:00+05:30,3544.10009765625,3546.0,3515.699951171875,3529.39990234375,469027
2025-09-22 00:00:00+05:30,3537.0,3569.5,3520.89990234375,3525.60009765625,364825
2025-09-23 00:00:00+05:30,3538.800048828125,3599.89990234375,3496.39990234375,3512.699951171875,491046
2025-09-24 00:00:00+05:30,3500.0,3515.39990234375,3443.300048828125,3453.0,693587
2025-09-25 00:00:00+05:30,3453.0,3462.300048828125,3399.300048828125,3408.39990234375,786698
2025-09-26 00:00:00+05:30,3404.0,3453.800048828125,3392.199951171875,3414.39990234375,610742
2025-09-29 00:00:00+05:30,3415.89990234375,3451.0,3387.800048828125,3439.60009765625,743356
2025-09-30 00:00:00+05:30,3453.39990234375,3459.60009765625,3403.300048828125,3438.699951171875,499575
2025-10-01 00:00:00+05:30,3448.300048828125,3480.800048828125,3430.0,3457.800048828125,287239
2025-10-03 00:00:00+05:30,3460.0,3465.0,3367.199951171875,3456.10009765625,515537
2025-10-06 00:00:00+05:30,3460.0,3521.10009765625,3427.60009765625,3510.89990234375,806627
2025-10-07 00:00:00+05:30,3509.0,3541.89990234375,3494.5,3513.5,403033
2025-10-08 00:00:00+05:30,3522.800048828125,3535.0,3474.199951171875,3483.0,281210
2025-10-09 00:00:00+05:30,3487.10009765625,3494.60009765625,3447.199951171875,3486.60009765625,454868
2025-10-10 00:00:00+05:30,3484.699951171875,3523.0,3466.0,3490.300048828125,315926
2025-10-13 00:00:00+05:30,3475.10009765625,3535.0,3438.699951171875,3503.199951171875,610644
2025-10-14 00:00:00+05:30,3504.0,3518.0,3474.199951171875,3505.0,509821
2025-10-15 00:00:00+05:30,3522.89990234375,3578.699951171875,3505.10009765625,3574.89990234375,1116729
2025-10-16 00:00:00+05:30,3585.0,3629.699951171875,3556.39990234375,3576.5,757797
2025-10-17 00:00:00+05:30,3576.5,3658.0,3575.5,3654.0,1173044
2025-10-20 00:00:00+05:30,3699.0,3700.0,3638.800048828125,3652.0,607833
2025-10-21 00:00:00+05:30,3668.0,3681.0,3640.0,3658.300048828125,60230
2025-10-23 00:00:00+05:30,3720.0,3720.0,3584.199951171875,3597.199951171875,870969
2025-10-24 00:00:00+05:30,3596.0,3639.199951171875,3584.10009765625,3599.800048828125,450646
2025-10-27 00:00:00+05:30,3619.800048828125,3645.0,3603.300048828125,3639.89990234375,363802
2025-10-28 00:00:00+05:30,3650.0,3680.0,3523.800048828125,3562.0,1390930
2025-10-29 00:00:00+05:30,3600.0,3613.800048828125,3490.0,3498.89990234375,2288619
2025-10-30 00:00:00+05:30,3505.89990234375,3535.0,3480.5,3491.699951171875,1453161
2025-10-31 00:00:00+05:30,3497.0,3547.0,3493.699951171875,3508.699951171875,838519
2025-11-03 00:00:00+05:30,3511.89990234375,3535.0,3486.5,3510.5,932956
2025-11-04 00:00:00+05:30,3510.10009765625,3531.300048828125,3455.10009765625,3473.10009765625,3540359
2025-11-06 00:00:00+05:30,3475.0,3517.199951171875,3412.10009765625,3446.800048828125,972150
2025-11-07 00:00:00+05:30,3430.0,3469.0,3341.0,3456.800048828125,1074925
2025-11-10 00:00:00+05:30,3451.10009765625,3503.89990234375,3451.10009765625,3490.800048828125,782233
2025-11-11 00:00:00+05:30,3501.300048828125,3505.0,3446.10009765625,3474.199951171875,633478
2025-11-12 00:00:00+05:30,3481.699951171875,3491.89990234375,3444.300048828125,3454.5,641642
2025-11-13 00:00:00+05:30,3455.0,3475.0,3442.199951171875,3450.60009765625,415874
2025-11-14 00:00:00+05:30,3445.0,3470.699951171875,3369.0,3386.5,1156532
2025-11-17 00:00:00+05:30,3407.5,3481.0,3385.0,3475.39990234375,1333551
2025-11-18 00:00:00+05:30,3485.0,3497.699951171875,3461.0,3479.89990234375,727156
2025-11-19 00:00:00+05:30,3475.0,3504.89990234375,3441.199951171875,3477.699951171875,652297
2025-11-20 00:00:00+05:30,3498.0,3501.5,3464.0,3486.39990234375,517982
2025-11-21 00:00:00+05:30,3480.10009765625,3485.0,3429.10009765625,3441.89990234375,535665
2025-11-24 00:00:00+05:30,3451.800048828125,3469.0,3423.800048828125,3441.5,1480534
2025-11-25 00:00:00+05:30,3441.199951171875,3474.800048828125,3437.300048828125,3447.800048828125,361442
2025-11-26 00:00:00+05:30,3457.800048828125,3543.39990234375,3434.300048828125,3538.60009765625,689565
2025-11-27 00:00:00+05:30,3542.0,3574.800048828125,3503.10009765625,3518.0,565331
2025-11-28 00:00:00+05:30,3519.89990234375,3570.0,3506.39990234375,3531.5,542882
2025-12-01 00:00:00+05:30,3550.0,3665.89990234375,3549.10009765625,3661.800048828125,1616247
2025-12-02 00:00:00+05:30,3659.800048828125,3683.89990234375,3646.0,3670.699951171875,939558
2025-12-03 00:00:00+05:30,3670.0,3675.0,3607.5,3631.800048828125,506439
2025-12-04 00:00:00+05:30,3640.0,3675.0,3623.5,3646.39990234375,602960
2025-12-05 00:00:00+05:30,3646.199951171875,3687.199951171875,3626.699951171875,3665.39990234375,331003
2025-12-08 00:00:00+05:30,3670.10009765625,3673.800048828125,3590.199951171875,3612.699951171875,472896
2025-12-09 00:00:00+05:30,3588.0,3622.39990234375,3543.0,3614.5,606495
2025-12-10 00:00:00+05:30,3632.0,3653.699951171875,3594.5,3606.60009765625,400339
2025-12-11 00:00:00+05:30,3595.10009765625,3642.5,3589.0,3637.39990234375,446958
2025-12-12 00:00:00+05:30,3631.0,3660.0,3623.0,3655.199951171875,290853
2025-12-15 00:00:00+05:30,3651.89990234375,3653.89990234375,3591.5,3639.300048828125,327503
2025-12-16 00:00:00+05:30,3639.0,3651.39990234375,3597.89990234375,3619.60009765625,266040
2025-12-17 00:00:00+05:30,3617.800048828125,3659.199951171875,3611.0,3638.89990234375,423064
2025-12-18 00:00:00+05:30,3638.89990234375,3652.300048828125,3561.39990234375,3592.199951171875,835779
2025-12-19 00:00:00+05:30,3592.300048828125,3674.699951171875,3592.300048828125,3666.0,602861
2025-12-22 00:00:00+05:30,3677.60009765625,3734.89990234375,3670.0,3709.60009765625,592689
2025-12-23 00:00:00+05:30,3714.0,3714.0,3675.5,3686.5,261018
2025-12-24 00:00:00+05:30,3686.5,3716.10009765625,3651.10009765625,3665.199951171875,644417
2025-12-26 00:00:00+05:30,3664.89990234375,3675.10009765625,3626.39990234375,3634.10009765625,223878
2025-12-29 00:00:00+05:30,3634.10009765625,3663.89990234375,3568.89990234375,3574.199951171875,462957
2025-12-30 00:00:00+05:30,3575.0,3654.0,3549.10009765625,3634.60009765625,1497535
2025-12-31 00:00:00+05:30,3649.0,3725.0,3641.0,3719.800048828125,602873
2026-01-01 00:00:00+05:30,3737.0,3799.89990234375,3722.39990234375,3794.39990234375,611579
2026-01-02 00:00:00+05:30,3843.0,3897.5,3825.699951171875,3847.800048828125,1002294
2026-01-05 00:00:00+05:30,3863.0,3909.0,3842.5,3864.199951171875,528557
2026-01-06 00:00:00+05:30,3869.0,3882.0,3835.10009765625,3866.10009765625,382299
2026-01-07 00:00:00+05:30,3850.800048828125,3882.39990234375,3820.60009765625,3840.199951171875,341204
2026-01-08 00:00:00+05:30,3840.199951171875,3854.0,3791.89990234375,3801.699951171875,367668
2026-01-09 00:00:00+05:30,3800.0,3848.699951171875,3751.300048828125,3759.199951171875,567897
2026-01-12 00:00:00+05:30,3746.0,3771.199951171875,3654.300048828125,3754.800048828125,588225
2026-01-13 00:00:00+05:30,3758.300048828125,3771.0,3699.5,3755.39990234375,1075385
2026-01-14 00:00:00+05:30,3770.0,3770.10009765625,3682.0,3690.39990234375,601520
2026-01-15 00:00:00+05:30,3690.39990234375,3690.39990234375,3690.39990234375,3690.39990234375,0
2026-01-16 00:00:00+05:30,3709.39990234375,3720.39990234375,3640.800048828125,3667.800048828125,1324087
2026-01-19 00:00:00+05:30,3660.0,3710.89990234375,3631.0,3701.89990234375,589483
2026-01-20 00:00:00+05:30,3701.0,3719.39990234375,3597.199951171875,3615.699951171875,533454
2026-01-21 00:00:00+05:30,3599.89990234375,3609.89990234375,3525.199951171875,3602.0,965963
2026-01-22 00:00:00+05:30,3627.60009765625,3664.89990234375,3547.10009765625,3570.10009765625,436109
2026-01-23 00:00:00+05:30,3570.10009765625,3613.0,3536.199951171875,3549.800048828125,618661
2026-01-27 00:00:00+05:30,3600.0,3600.0,3507.5,3568.0,963692
2026-01-28 00:00:00+05:30,3578.10009765625,3749.0,3496.0,3728.39990234375,2151909
2026-01-29 00:00:00+05:30,3716.89990234375,3757.39990234375,3602.39990234375,3655.0,950498
2026-01-30 00:00:00+05:30,3665.0,3709.89990234375,3627.10009765625,3677.39990234375,994421
2026-02-02 00:00:00+05:30,3610.0,3655.0,3558.800048828125,3645.800048828125,594725
2026-02-03 00:00:00+05:30,3816.699951171875,3820.0,3696.10009765625,3726.300048828125,895529
2026-02-04 00:00:00+05:30,3718.800048828125,3775.0,3705.89990234375,3727.39990234375,889710
2026-02-05 00:00:00+05:30,3727.39990234375,3739.0,3691.800048828125,3712.699951171875,593814
2026-02-06 00:00:00+05:30,3700.0,3773.0,3667.10009765625,3758.5,735378
2026-02-09 00:00:00+05:30,3780.0,3785.0,3715.800048828125,3764.699951171875,545338
2026-02-10 00:00:00+05:30,3752.0,3779.0,3745.0,3762.39990234375,816771
2026-02-11 00:00:00+05:30,3780.0,3889.0,3759.60009765625,3865.10009765625,1125178
2026-02-12 00:00:00+05:30,3875.0,3903.89990234375,3853.5,3881.199951171875,445270
2026-02-13 00:00:00+05:30,3861.60009765625,3894.0,3832.199951171875,3864.60009765625,260604
2026-02-16 00:00:00+05:30,3860.0,3889.800048828125,3793.60009765625,3807.39990234375,333076
2026-02-17 00:00:00+05:30,3807.39990234375,3883.60009765625,3787.0,3877.800048828125,377690
2026-02-18 00:00:00+05:30,3885.0,3898.300048828125,3854.10009765625,3885.199951171875,245619
2026-02-19 00:00:00+05:30,3888.0,3896.89990234375,3820.0,3830.10009765625,309698
2026-02-20 00:00:00+05:30,3830.10009765625,3867.89990234375,3791.699951171875,3816.199951171875,386586
2026-02-23 00:00:00+05:30,3835.0,3894.800048828125,3814.199951171875,3829.10009765625,605924
