{
  "ticker": "ETERNAL.NS",
  "mode": "FULL",
  "features": [
    "Close",
    "RSI",
    "MA50"
  ],
  "window": 30,
  "X_mean": [
    82.03994200538621,
    50.44719079005189,
    83.13905614945138
  ],
  "X_std": [
    29.573646213499423,
    16.459468519807096,
    29.886422313152078
  ],
  "y_mean": [
    0.0024980940425829963,
    0.011970108660028643,
    0.10299845844730532,
    1.5515668851230504
  ],
  "y_std": [
    0.09329540482606208,
    0.18171595445911626,
    0.41755668920031375,
    1.4365988914444527
  ],
  "horizons": [
    7,
    30,
    90,
    365
  ],
  "trained_until": "2023-11-29"
}