{
  "ticker": "ETERNAL.NS",
  "trained_until": "2026-02-09",
  "features": [
    "Close",
    "RSI",
    "MA50"
  ],
  "window": 30,
  "mode": "FULL",
  "X_mean": [
    105.31618298224683,
    53.08491296954733,
    101.99667820768536
  ],
  "X_std": [
    51.228473126767,
    16.350708281852693,
    44.51514190893486
  ],
  "y_mean": [
    0.010421671598778678,
    0.045388855469527735,
    0.17364301991507422,
    1.3536658033165774
  ],
  "y_std": [
    0.08665909037622559,
    0.174612607639468,
    0.38703473276245753,
    1.3009156242485167
  ],
  "horizons": [
    7,
    30,
    90,
    365
  ]
}