{
  "ticker": "RELIANCE.NS",
  "mode": "FULL",
  "features": [
    "Close",
    "RSI",
    "MA50"
  ],
  "window": 30,
  "X_mean": [
    949.2433611084193,
    52.472731294621944,
    936.3719283637315
  ],
  "X_std": [
    229.72864331610072,
    16.897950515779588,
    229.79373567161065
  ],
  "y_mean": [
    0.0054923458092097505,
    0.025354953365972356,
    0.08482170853383975,
    0.2888132317769326
  ],
  "y_std": [
    0.0500583224503614,
    0.1121298315090904,
    0.20542128614593552,
    0.267664076186287
  ],
  "horizons": [
    7,
    30,
    90,
    365
  ],
  "trained_until": "2023-12-05"
}