{
  "ticker": "RELIANCE.NS",
  "trained_until": "2026-02-09",
  "features": [
    "Close",
    "RSI",
    "MA50"
  ],
  "window": 30,
  "mode": "FULL",
  "X_mean": [
    1185.4340172000047,
    53.09952024125315,
    1167.9592059385718
  ],
  "X_std": [
    152.5538981638928,
    16.71379115884212,
    142.04592126427085
  ],
  "y_mean": [
    0.005157820882536781,
    0.02026708125718777,
    0.04496536080923801,
    0.11732624400222337
  ],
  "y_std": [
    0.03727126583831275,
    0.07420886239625156,
    0.11431106464914331,
    0.13799434962654894
  ],
  "horizons": [
    7,
    30,
    90,
    365
  ]
}