{
  "ticker": "SBIN.NS",
  "mode": "FULL",
  "features": [
    "Close",
    "RSI",
    "MA50"
  ],
  "window": 30,
  "X_mean": [
    384.74819619967656,
    53.734538464628685,
    378.5603944523585
  ],
  "X_std": [
    132.88631549282402,
    17.805228135825253,
    129.834223302998
  ],
  "y_mean": [
    0.006468337769845698,
    0.0292250524803786,
    0.09330068449006093,
    0.5033245637748157
  ],
  "y_std": [
    0.06147520353801215,
    0.13716078000132012,
    0.25867576775415085,
    0.5227097088849978
  ],
  "horizons": [
    7,
    30,
    90,
    365
  ],
  "trained_until": "2023-12-05"
}