{
  "ticker": "SBIN.NS",
  "trained_until": "2026-02-09",
  "features": [
    "Close",
    "RSI",
    "MA50"
  ],
  "window": 30,
  "mode": "FULL",
  "X_mean": [
    542.1282839147055,
    55.252502697812425,
    527.4646852335117
  ],
  "X_std": [
    123.35377433641986,
    17.18276116530429,
    115.54027709443496
  ],
  "y_mean": [
    0.008519932520803105,
    0.03194225495256358,
    0.0907137126432823,
    0.3290755477092585
  ],
  "y_std": [
    0.042447640008524516,
    0.08182418099844352,
    0.12619902395096946,
    0.13945786973035126
  ],
  "horizons": [
    7,
    30,
    90,
    365
  ]
}