{
  "ticker": "ADANIPORTS.NS",
  "trained_until": "2026-02-09",
  "features": [
    "Close",
    "RSI",
    "MA50"
  ],
  "window": 30,
  "mode": "FULL",
  "X_mean": [
    863.1260720229731,
    54.54802081678232,
    839.6947415280226
  ],
  "X_std": [
    250.9742532459632,
    16.828631793874905,
    218.73255530363645
  ],
  "y_mean": [
    0.008351923351239368,
    0.03241133589808461,
    0.09275669489324477,
    0.35946553509490115
  ],
  "y_std": [
    0.06652590853085981,
    0.12807522155016404,
    0.21658356604604195,
    0.424680529648896
  ],
  "horizons": [
    7,
    30,
    90,
    365
  ]
}