{
  "ticker": "ADANIPORTS.NS",
  "mode": "FULL",
  "features": [
    "Close",
    "RSI",
    "MA50"
  ],
  "window": 30,
  "X_mean": [
    586.6634649402367,
    53.68482610327615,
    576.692704766945
  ],
  "X_std": [
    197.83099827803332,
    17.599800692096547,
    193.8732394557588
  ],
  "y_mean": [
    0.0087876918452512,
    0.03866856416297718,
    0.12573738351755986,
    0.591788228906016
  ],
  "y_std": [
    0.06693182625599285,
    0.14495927876991138,
    0.28410218992099734,
    0.5319271033765114
  ],
  "horizons": [
    7,
    30,
    90,
    365
  ],
  "trained_until": "2023-12-05"
}