{
  "ticker": "HINDALCO.NS",
  "mode": "FULL",
  "features": [
    "Close",
    "RSI",
    "MA50"
  ],
  "window": 30,
  "X_mean": [
    326.8605800723295,
    52.990386586533695,
    320.67857981738115
  ],
  "X_std": [
    131.91036767006065,
    16.768283063253957,
    128.90307899161732
  ],
  "y_mean": [
    0.008325656863696077,
    0.03999575040235954,
    0.12169914372138967,
    0.665238918842471
  ],
  "y_std": [
    0.06890647678887503,
    0.15551127717563978,
    0.28503640144879705,
    0.8516208336180063
  ],
  "horizons": [
    7,
    30,
    90,
    365
  ],
  "trained_until": "2023-12-05"
}