{
  "ticker": "HINDALCO.NS",
  "trained_until": "2026-02-09",
  "features": [
    "Close",
    "RSI",
    "MA50"
  ],
  "window": 30,
  "mode": "FULL",
  "X_mean": [
    470.14128935278916,
    53.20557030156769,
    460.59672670838887
  ],
  "X_std": [
    87.04812969748974,
    16.994927128043958,
    78.41479553220968
  ],
  "y_mean": [
    0.007288177435520574,
    0.03028453818132806,
    0.07724264709608612,
    0.274219683001515
  ],
  "y_std": [
    0.05610662634472597,
    0.12251981478714842,
    0.16625538429187336,
    0.2608485323632222
  ],
  "horizons": [
    7,
    30,
    90,
    365
  ]
}