{
  "ticker": "ADANIENT.NS",
  "trained_until": "2026-02-09",
  "features": [
    "Close",
    "RSI",
    "MA50"
  ],
  "window": 30,
  "mode": "FULL",
  "X_mean": [
    2417.9832571634433,
    54.649317804572796,
    2356.3846663699264
  ],
  "X_std": [
    755.5511763271502,
    18.390888771032525,
    735.2244146344595
  ],
  "y_mean": [
    0.01219739372499261,
    0.04834252690173639,
    0.1271844307382607,
    0.22221981948913747
  ],
  "y_std": [
    0.09157644108229908,
    0.17628325426658972,
    0.30531440751885736,
    0.5449651064962354
  ],
  "horizons": [
    7,
    30,
    90,
    365
  ]
}