{
  "ticker": "ADANIENT.NS",
  "mode": "FULL",
  "features": [
    "Close",
    "RSI",
    "MA50"
  ],
  "window": 30,
  "X_mean": [
    1368.277880535664,
    57.27533958663686,
    1322.3397195801356
  ],
  "X_std": [
    1127.2861291184374,
    18.98491065254674,
    1112.0093116237629
  ],
  "y_mean": [
    0.02338833760145351,
    0.10850844836040538,
    0.38685406967844366,
    2.481445155743321
  ],
  "y_std": [
    0.10086539324077315,
    0.23161629099605488,
    0.5766936076760446,
    3.070249011993135
  ],
  "horizons": [
    7,
    30,
    90,
    365
  ],
  "trained_until": "2023-12-05"
}