{
  "ticker": "ONGC.NS",
  "mode": "FULL",
  "features": [
    "Close",
    "RSI",
    "MA50"
  ],
  "window": 30,
  "X_mean": [
    103.19565202763593,
    52.22042917494005,
    101.62675112278059
  ],
  "X_std": [
    32.12594735974509,
    17.1064722886867,
    29.92646805312831
  ],
  "y_mean": [
    0.005180972119681333,
    0.023781160119220504,
    0.08513042726861648,
    0.5388171199330296
  ],
  "y_std": [
    0.061076521769689904,
    0.13611552337627503,
    0.24262033578624365,
    0.5576628660764772
  ],
  "horizons": [
    7,
    30,
    90,
    365
  ],
  "trained_until": "2023-12-05"
}