{
  "ticker": "ONGC.NS",
  "trained_until": "2026-02-09",
  "features": [
    "Close",
    "RSI",
    "MA50"
  ],
  "window": 30,
  "mode": "FULL",
  "X_mean": [
    149.91974172824766,
    56.61734657458552,
    143.52785221285936
  ],
  "X_std": [
    56.29220348997143,
    15.086981323579614,
    50.684977330773364
  ],
  "y_mean": [
    0.01260596902923598,
    0.050245073165214614,
    0.14171786901394653,
    0.48906263784840104
  ],
  "y_std": [
    0.04993349314730056,
    0.1091998994945687,
    0.18539929296487415,
    0.4506908233632294
  ],
  "horizons": [
    7,
    30,
    90,
    365
  ]
}