{
  "ticker": "TCS.NS",
  "mode": "FULL",
  "features": [
    "Close",
    "RSI",
    "MA50"
  ],
  "window": 30,
  "X_mean": [
    2601.3318642778618,
    53.038822125788265,
    2568.5487068942475
  ],
  "X_std": [
    594.0264390647455,
    16.52040487620926,
    593.347079377849
  ],
  "y_mean": [
    0.004967361719059763,
    0.021307143731452215,
    0.06416943145123956,
    0.2879997139083257
  ],
  "y_std": [
    0.03887803663815623,
    0.07794273805852668,
    0.12455679332114881,
    0.2884898257413323
  ],
  "horizons": [
    7,
    30,
    90,
    365
  ],
  "trained_until": "2023-12-05"
}