{
  "ticker": "TCS.NS",
  "trained_until": "2026-02-09",
  "features": [
    "Close",
    "RSI",
    "MA50"
  ],
  "window": 30,
  "mode": "FULL",
  "X_mean": [
    3205.139145567359,
    53.14198987986346,
    3167.811081882384
  ],
  "X_std": [
    332.089609265708,
    16.93436003283986,
    286.78550262349904
  ],
  "y_mean": [
    0.004470413146788975,
    0.017864593690352374,
    0.041650056848512855,
    0.07254234401945778
  ],
  "y_std": [
    0.03420475380257392,
    0.0686506937233954,
    0.09192875182148817,
    0.19061155299176
  ],
  "horizons": [
    7,
    30,
    90,
    365
  ]
}