{
  "ticker": "POWERGRID.NS",
  "trained_until": "2026-02-09",
  "features": [
    "Close",
    "RSI",
    "MA50"
  ],
  "window": 30,
  "mode": "FULL",
  "X_mean": [
    166.5886554811059,
    56.42758353891575,
    159.8287464562393
  ],
  "X_std": [
    61.02133854800442,
    13.77677868785459,
    55.49156088944051
  ],
  "y_mean": [
    0.011073368411583105,
    0.046289072461012916,
    0.13885994575430502,
    0.5101058685862085
  ],
  "y_std": [
    0.03927611790183627,
    0.06646236506358658,
    0.12380544220771607,
    0.38756313904697187
  ],
  "horizons": [
    7,
    30,
    90,
    365
  ]
}