{
  "ticker": "POWERGRID.NS",
  "mode": "FULL",
  "features": [
    "Close",
    "RSI",
    "MA50"
  ],
  "window": 30,
  "X_mean": [
    110.7009456200514,
    53.9392064651527,
    108.20199073837189
  ],
  "X_std": [
    36.20762604785455,
    14.671622825582043,
    34.54019371490864
  ],
  "y_mean": [
    0.007070107342309467,
    0.02984006505393353,
    0.10073894075209933,
    0.5575467782377584
  ],
  "y_std": [
    0.04130041183724877,
    0.07230673516129463,
    0.13250111655708896,
    0.33481944245536066
  ],
  "horizons": [
    7,
    30,
    90,
    365
  ],
  "trained_until": "2023-12-05"
}