{
  "ticker": "TATASTEEL.NS",
  "mode": "FULL",
  "features": [
    "Close",
    "RSI",
    "MA50"
  ],
  "window": 30,
  "X_mean": [
    76.012219819786,
    53.984061158501774,
    74.35757969199541
  ],
  "X_std": [
    35.051105913059175,
    17.53935485179085,
    34.40472617254916
  ],
  "y_mean": [
    0.008638847713937503,
    0.0414690292697046,
    0.14222729264130216,
    0.813678148946735
  ],
  "y_std": [
    0.0654415950639712,
    0.16540209698667158,
    0.3275884547249143,
    1.0627032093963085
  ],
  "horizons": [
    7,
    30,
    90,
    365
  ],
  "trained_until": "2023-12-05"
}