{
  "ticker": "TATASTEEL.NS",
  "trained_until": "2026-02-09",
  "features": [
    "Close",
    "RSI",
    "MA50"
  ],
  "window": 30,
  "mode": "FULL",
  "X_mean": [
    114.78843421936035,
    53.44220454087253,
    112.23904866055744
  ],
  "X_std": [
    21.36862535316146,
    16.497734909683174,
    20.287600670625732
  ],
  "y_mean": [
    0.005739333505229785,
    0.02267491557991142,
    0.046729867561624415,
    0.21710179608807964
  ],
  "y_std": [
    0.052203865996980535,
    0.10688728812196437,
    0.15292845811874944,
    0.23760034710928202
  ],
  "horizons": [
    7,
    30,
    90,
    365
  ]
}