{
  "ticker": "INFY.NS",
  "trained_until": "2026-02-09",
  "features": [
    "Close",
    "RSI",
    "MA50"
  ],
  "window": 30,
  "mode": "FULL",
  "X_mean": [
    1418.2424879120617,
    53.514680961350415,
    1403.2845179234948
  ],
  "X_std": [
    142.93371624837607,
    18.326323220268485,
    120.9519374073923
  ],
  "y_mean": [
    0.004548874865447561,
    0.01975961847027846,
    0.04412947982737351,
    0.0769376130881272
  ],
  "y_std": [
    0.04123702088754782,
    0.09094558340238683,
    0.14364214550754123,
    0.21457729883150492
  ],
  "horizons": [
    7,
    30,
    90,
    365
  ]
}