{
  "ticker": "INFY.NS",
  "mode": "FULL",
  "features": [
    "Close",
    "RSI",
    "MA50"
  ],
  "window": 30,
  "X_mean": [
    1116.7031225721687,
    54.16867861498801,
    1101.5348169665829
  ],
  "X_std": [
    356.1460279797038,
    16.866096727221098,
    357.5178821107498
  ],
  "y_mean": [
    0.006183754469168959,
    0.027134143235217727,
    0.08455853934302615,
    0.41994843235437096
  ],
  "y_std": [
    0.04774859103036504,
    0.10001958049145217,
    0.18562498640655606,
    0.5242542925325235
  ],
  "horizons": [
    7,
    30,
    90,
    365
  ],
  "trained_until": "2023-12-05"
}