{
  "ticker": "KOTAKBANK.NS",
  "mode": "FULL",
  "features": [
    "Close",
    "RSI",
    "MA50"
  ],
  "window": 30,
  "X_mean": [
    338.7677229203354,
    51.22349938905966,
    336.6754849052592
  ],
  "X_std": [
    43.52576062561973,
    16.019751208133943,
    42.434995156506055
  ],
  "y_mean": [
    0.0030775885007379095,
    0.012757248908371542,
    0.028120247739829858,
    0.09142957370911067
  ],
  "y_std": [
    0.046477250791578446,
    0.09563945508511842,
    0.150365658107839,
    0.18855359248161058
  ],
  "horizons": [
    7,
    30,
    90,
    365
  ],
  "trained_until": "2023-12-05"
}