{
  "ticker": "KOTAKBANK.NS",
  "trained_until": "2026-02-09",
  "features": [
    "Close",
    "RSI",
    "MA50"
  ],
  "window": 30,
  "mode": "FULL",
  "X_mean": [
    361.93716482767246,
    50.41076604695332,
    361.9707546401605
  ],
  "X_std": [
    18.861145088680296,
    16.02305432019159,
    13.991519901577611
  ],
  "y_mean": [
    0.0007889145045087117,
    0.0033762480985981883,
    0.0064794449442021765,
    0.045927112220742694
  ],
  "y_std": [
    0.034892863715356305,
    0.06457411356459271,
    0.08324980227246026,
    0.11411912662409168
  ],
  "horizons": [
    7,
    30,
    90,
    365
  ]
}