{
  "ticker": "TITAN.NS",
  "mode": "FULL",
  "features": [
    "Close",
    "RSI",
    "MA50"
  ],
  "window": 30,
  "X_mean": [
    1882.9981736443408,
    55.597162744570554,
    1834.697871632572
  ],
  "X_std": [
    725.9300687859939,
    17.83882476826191,
    699.0203564691574
  ],
  "y_mean": [
    0.008591165392640446,
    0.037208695537490524,
    0.10795208528765175,
    0.4811699886810137
  ],
  "y_std": [
    0.05139330872366558,
    0.10594509261860768,
    0.17649568860275267,
    0.4189343487663235
  ],
  "horizons": [
    7,
    30,
    90,
    365
  ],
  "trained_until": "2023-12-05"
}