{
  "ticker": "TITAN.NS",
  "trained_until": "2026-02-09",
  "features": [
    "Close",
    "RSI",
    "MA50"
  ],
  "window": 30,
  "mode": "FULL",
  "X_mean": [
    2675.3922492794873,
    55.58081894407078,
    2618.926689018436
  ],
  "X_std": [
    596.0315586633195,
    17.94688843187034,
    605.7762174195971
  ],
  "y_mean": [
    0.008702683977231269,
    0.036858500417179973,
    0.0948634557224251,
    0.2629314186527555
  ],
  "y_std": [
    0.04308860933248716,
    0.08860391887427652,
    0.16346635747591792,
    0.22585311413073947
  ],
  "horizons": [
    7,
    30,
    90,
    365
  ]
}