{
  "ticker": "DMART.NS",
  "trained_until": "2026-02-09",
  "features": [
    "Close",
    "RSI",
    "MA50"
  ],
  "window": 30,
  "mode": "FULL",
  "X_mean": [
    3993.8117127953506,
    53.26745424034387,
    3932.47981071956
  ],
  "X_std": [
    505.4300684649434,
    18.15061671646942,
    468.3587219106196
  ],
  "y_mean": [
    0.0056929395790182085,
    0.024168738929975505,
    0.044743897532694595,
    0.03214639010527289
  ],
  "y_std": [
    0.04597360768155755,
    0.0932333985256097,
    0.190154570951493,
    0.19970396711847357
  ],
  "horizons": [
    7,
    30,
    90,
    365
  ]
}