{
  "ticker": "DMART.NS",
  "mode": "FULL",
  "features": [
    "Close",
    "RSI",
    "MA50"
  ],
  "window": 30,
  "X_mean": [
    3085.225066955932,
    53.00473232911421,
    3035.988403696235
  ],
  "X_std": [
    1012.6618319710435,
    17.71454155991038,
    1019.3449186874886
  ],
  "y_mean": [
    0.007489793164039695,
    0.0317983728069552,
    0.10231256217855197,
    0.3587045804157099
  ],
  "y_std": [
    0.05358789447464338,
    0.10588668663559644,
    0.18918682298980538,
    0.41301266237990203
  ],
  "horizons": [
    7,
    30,
    90,
    365
  ],
  "trained_until": "2023-12-05"
}