{
  "ticker": "JSWSTEEL.NS",
  "mode": "FULL",
  "features": [
    "Close",
    "RSI",
    "MA50"
  ],
  "window": 30,
  "X_mean": [
    494.79702080040533,
    53.831928198733195,
    484.22280461816325
  ],
  "X_std": [
    219.34248357760023,
    16.631296988756617,
    215.85728781314458
  ],
  "y_mean": [
    0.008869141152925612,
    0.04133706228206799,
    0.13212642261431173,
    0.7060449482594099
  ],
  "y_std": [
    0.06308776667953768,
    0.15545119208184832,
    0.30727404646997303,
    0.8205429444241753
  ],
  "horizons": [
    7,
    30,
    90,
    365
  ],
  "trained_until": "2023-12-05"
}