{
  "ticker": "JSWSTEEL.NS",
  "trained_until": "2026-02-09",
  "features": [
    "Close",
    "RSI",
    "MA50"
  ],
  "window": 30,
  "mode": "FULL",
  "X_mean": [
    717.4925959517316,
    52.522399941725794,
    705.2622227224954
  ],
  "X_std": [
    95.84876493093262,
    15.810565304797608,
    90.8346201397849
  ],
  "y_mean": [
    0.0037901675975220927,
    0.016906990377857877,
    0.04535981014385656,
    0.24628468551799415
  ],
  "y_std": [
    0.04317883850813614,
    0.08654572805478697,
    0.09956541953242934,
    0.13091916666850875
  ],
  "horizons": [
    7,
    30,
    90,
    365
  ]
}