{
  "ticker": "HAL.NS",
  "trained_until": "2026-02-09",
  "features": [
    "Close",
    "RSI",
    "MA50"
  ],
  "window": 30,
  "mode": "FULL",
  "X_mean": [
    1667.191549273235,
    58.42060318617299,
    1535.1494686897088
  ],
  "X_std": [
    1283.6933571859583,
    17.22026063228897,
    1152.9768280009712
  ],
  "y_mean": [
    0.02210820845554995,
    0.09405085657419032,
    0.2919733286010714,
    1.439992354442637
  ],
  "y_std": [
    0.062025110512062484,
    0.12995341010557598,
    0.2371911389690183,
    0.8206564176677952
  ],
  "horizons": [
    7,
    30,
    90,
    365
  ]
}