{
  "ticker": "HAL.NS",
  "mode": "FULL",
  "features": [
    "Close",
    "RSI",
    "MA50"
  ],
  "window": 30,
  "X_mean": [
    753.9874662949144,
    54.49288179945095,
    716.7595927605413
  ],
  "X_std": [
    528.183824988226,
    20.14388624836777,
    492.6897970494281
  ],
  "y_mean": [
    0.015815354502993855,
    0.07078945445577925,
    0.22581339394478891,
    1.3332405425522438
  ],
  "y_std": [
    0.06916829248724768,
    0.1581409796181262,
    0.26676886709070413,
    0.7291821930903988
  ],
  "horizons": [
    7,
    30,
    90,
    365
  ],
  "trained_until": "2023-12-05"
}