{
  "ticker": "ADANIPOWER.NS",
  "trained_until": "2026-02-09",
  "features": [
    "Close",
    "RSI",
    "MA50"
  ],
  "window": 30,
  "mode": "FULL",
  "X_mean": [
    61.95252447011994,
    52.960880535325494,
    58.25750058418367
  ],
  "X_std": [
    37.816611714348355,
    18.40172812957297,
    35.23342702062311
  ],
  "y_mean": [
    0.02266985725206572,
    0.1000209048622866,
    0.3144196742824151,
    0.9691017358479872
  ],
  "y_std": [
    0.11744865755685412,
    0.26848585388280066,
    0.5373375723073732,
    0.79266017009291
  ],
  "horizons": [
    7,
    30,
    90,
    365
  ]
}