{
  "ticker": "ADANIPOWER.NS",
  "mode": "FULL",
  "features": [
    "Close",
    "RSI",
    "MA50"
  ],
  "window": 30,
  "X_mean": [
    29.7020702235611,
    52.31208128856085,
    28.244210509087306
  ],
  "X_std": [
    23.591499461180014,
    18.809757225343656,
    22.189733572694752
  ],
  "y_mean": [
    0.020846074727448975,
    0.09541494187947758,
    0.31674750058786805,
    1.5296922311985914
  ],
  "y_std": [
    0.11950205871628203,
    0.27375945270474233,
    0.5600697315234144,
    1.478055302927686
  ],
  "horizons": [
    7,
    30,
    90,
    365
  ],
  "trained_until": "2023-12-05"
}