{
  "ticker": "IOC.NS",
  "mode": "FULL",
  "features": [
    "Close",
    "RSI",
    "MA50"
  ],
  "window": 30,
  "X_mean": [
    58.04564339773996,
    51.40932066817807,
    57.397317974394056
  ],
  "X_std": [
    13.441875847765035,
    17.96810013330731,
    12.187708597179173
  ],
  "y_mean": [
    0.004202123031287871,
    0.021439164837939718,
    0.08711697073508201,
    0.48920752198216544
  ],
  "y_std": [
    0.049377907596257944,
    0.11852419446743413,
    0.25671727545762,
    0.5739012571491408
  ],
  "horizons": [
    7,
    30,
    90,
    365
  ],
  "trained_until": "2023-12-05"
}