{
  "ticker": "IOC.NS",
  "trained_until": "2026-02-09",
  "features": [
    "Close",
    "RSI",
    "MA50"
  ],
  "window": 30,
  "mode": "FULL",
  "X_mean": [
    83.13670423089005,
    55.090110544805974,
    79.69891189193726
  ],
  "X_std": [
    35.629911126135845,
    17.8903572337964,
    32.880474584725285
  ],
  "y_mean": [
    0.01231294897631833,
    0.04954825289618083,
    0.1406667608450488,
    0.5575086447200124
  ],
  "y_std": [
    0.04963806276352834,
    0.11684555258328451,
    0.2539442592913738,
    0.579944600698941
  ],
  "horizons": [
    7,
    30,
    90,
    365
  ]
}