{
  "ticker": "SUNPHARMA.NS",
  "mode": "FULL",
  "features": [
    "Close",
    "RSI",
    "MA50"
  ],
  "window": 30,
  "X_mean": [
    690.4656797332372,
    53.41000468764605,
    674.966389766853
  ],
  "X_std": [
    245.65274111815637,
    15.973749557851823,
    238.11441990653435
  ],
  "y_mean": [
    0.007161514670244307,
    0.030801867697932327,
    0.10884849554120427,
    0.5504800336892997
  ],
  "y_std": [
    0.04659722796339855,
    0.0846937262613884,
    0.12125262046827827,
    0.2295549130542958
  ],
  "horizons": [
    7,
    30,
    90,
    365
  ],
  "trained_until": "2023-12-05"
}