{
  "ticker": "SUNPHARMA.NS",
  "trained_until": "2026-02-09",
  "features": [
    "Close",
    "RSI",
    "MA50"
  ],
  "window": 30,
  "mode": "FULL",
  "X_mean": [
    1009.8704112727468,
    56.239600754522314,
    978.3770887332079
  ],
  "X_std": [
    278.09559811840506,
    16.517582993451626,
    260.56767187289313
  ],
  "y_mean": [
    0.009428575656103774,
    0.04090144311584694,
    0.12000573400975642,
    0.4428059582106253
  ],
  "y_std": [
    0.0341007962759934,
    0.07152752437955945,
    0.1099233195509264,
    0.2524225428740044
  ],
  "horizons": [
    7,
    30,
    90,
    365
  ]
}